gene_symbol,log2_fold_change_reference,adjusted_p_value_reference,log2_fold_change_adjusted,adjusted_p_value_adjusted,reference_significant,adjusted_significant,sign_agreement,lost_significance,gained_significance,changed_direction,adjusted_model
GLG1,0.507187815609203,9.6856962751251e-26,0.491142012930786,3.2218436147326e-22,True,False,True,True,False,False,U1_age_sex_adjusted
INIP,-0.521455025732394,4.61572219159364e-20,-0.488594419444892,2.05994365949239e-16,True,False,True,True,False,False,U1_age_sex_adjusted
ACTR6,-0.500829228249828,1.0026258545643e-18,-0.493886658608448,2.6537449523204e-16,True,False,True,True,False,False,U1_age_sex_adjusted
ADGRD1,0.505996948843651,1.3059499142650599e-18,0.459272275642147,1.1939792468589301e-14,True,False,True,True,False,False,U1_age_sex_adjusted
SDR42E1,-0.510749972073475,3.16735599091904e-16,-0.494284787075026,8.490753338218391e-14,True,False,True,True,False,False,U1_age_sex_adjusted
PIGF,-0.506086942596147,8.98975531088994e-16,-0.489965645678216,3.32826895731039e-13,True,False,True,True,False,False,U1_age_sex_adjusted
SOWAHD,-0.509669605070167,4.60051119405789e-14,-0.49022017524926,1.11531097390439e-11,True,False,True,True,False,False,U1_age_sex_adjusted
NR2F6,-0.510282713326335,1.36377189822897e-13,-0.49192686039081,2.3241625801934698e-11,True,False,True,True,False,False,U1_age_sex_adjusted
CDK5RAP2,0.501089884601692,2.3526373082266598e-12,0.440432966489236,3.91867297524295e-09,True,False,True,True,False,False,U1_age_sex_adjusted
SLC39A2,-0.503182533834341,5.394816086677419e-12,-0.461341474256459,2.3682357637389604e-09,True,False,True,True,False,False,U1_age_sex_adjusted
CEP43,-0.508866937842715,7.48752346305443e-12,-0.479865643885937,1.6349278607377602e-09,True,False,True,True,False,False,U1_age_sex_adjusted
RAVER2,-0.519969045241792,7.66162267851379e-12,-0.461579281003185,7.941494551535311e-09,True,False,True,True,False,False,U1_age_sex_adjusted
HSPE1,-0.501628278627102,1.9921499547872897e-11,-0.43928460914864,2.22065623894199e-08,True,False,True,True,False,False,U1_age_sex_adjusted
NUPR2,-0.663990248085821,1.6773781334066701e-09,-0.481529587179484,8.79868637391517e-06,True,False,True,True,False,False,U1_age_sex_adjusted
CPEB1,0.531602680846704,2.01208529137999e-09,0.497047779125648,1.82885516139257e-07,True,False,True,True,False,False,U1_age_sex_adjusted
IMPA2,-0.502047538259837,2.7191198958285e-09,-0.477854674338652,1.56784797806999e-07,True,False,True,True,False,False,U1_age_sex_adjusted
NDFIP2,-0.500989485549321,3.0865221619300302e-09,-0.4732517510966,2.08429758596134e-07,True,False,True,True,False,False,U1_age_sex_adjusted
ATXN7,0.500315787048235,3.9415235610852105e-09,0.497897977039952,5.72511124806456e-08,True,False,True,True,False,False,U1_age_sex_adjusted
SLC22A5,-0.530405070549572,5.59116124944095e-09,-0.472325629455535,1.15774995462456e-06,True,False,True,True,False,False,U1_age_sex_adjusted
PRDM6,0.533989413238346,1.22446936311631e-08,0.496720522971898,8.77054752824775e-07,True,False,True,True,False,False,U1_age_sex_adjusted
POLD4,-0.501455227753808,1.40787524123955e-08,-0.474824761814686,6.61281826364202e-07,True,False,True,True,False,False,U1_age_sex_adjusted
SLC16A4,0.506073046834249,3.2606738073262e-08,0.441034133059131,6.34398828836123e-06,True,False,True,True,False,False,U1_age_sex_adjusted
SHTN1,-0.504631599627423,3.62185732302721e-08,-0.471986582844284,1.84305803437233e-06,True,False,True,True,False,False,U1_age_sex_adjusted
PCDH18,0.528733120176347,4.41145148781385e-08,0.481666059216299,3.61028596756311e-06,True,False,True,True,False,False,U1_age_sex_adjusted
ADAM28,-0.511283184699829,5.46820138604905e-08,-0.498040119151784,1.07231687272089e-06,True,False,True,True,False,False,U1_age_sex_adjusted
C1orf198,0.524248004280714,6.10826468652376e-08,0.492570155638311,2.53958965901776e-06,True,False,True,True,False,False,U1_age_sex_adjusted
PYCARD,-0.501140831213258,7.82853890383296e-08,-0.489751613971,1.159317969396e-06,True,False,True,True,False,False,U1_age_sex_adjusted
CMTM8,-0.500356723530451,8.06501643128571e-08,-0.455748871695197,5.75076348794926e-06,True,False,True,True,False,False,U1_age_sex_adjusted
DEPP1,0.523525250510915,9.29207750405345e-08,0.499660694895246,1.91419868185923e-06,True,False,True,True,False,False,U1_age_sex_adjusted
COPRS,0.507535583033999,1.02122128190598e-07,0.461844938455853,6.8995713668498e-06,True,False,True,True,False,False,U1_age_sex_adjusted
SLC16A14,0.530957941511377,1.03428113214654e-07,0.496635571327149,4.17073289438249e-06,True,False,True,True,False,False,U1_age_sex_adjusted
RPP25,-0.532932438043491,1.48671837463587e-07,-0.470362880270125,1.49871245172489e-05,True,False,True,True,False,False,U1_age_sex_adjusted
SCN9A,0.514243327741477,2.78422775132848e-07,0.4968573053564,4.9190393765223e-06,True,False,True,True,False,False,U1_age_sex_adjusted
CRYM,-0.503550349018981,2.84446020326998e-07,-0.45405115044255,1.76591746125449e-05,True,False,True,True,False,False,U1_age_sex_adjusted
SLC8A1,0.52408544551145,4.66935713021369e-07,0.476716893274906,2.22371018295264e-05,True,False,True,True,False,False,U1_age_sex_adjusted
NEK2,-0.501302907218526,5.85171727814843e-07,-0.497396770055843,5.32170624483401e-06,True,False,True,True,False,False,U1_age_sex_adjusted
SYNGR3,0.545179072932509,7.29444566697739e-07,0.474550284306749,5.90832298954116e-05,True,False,True,True,False,False,U1_age_sex_adjusted
PLCD1,-0.515220169358,8.04653683858735e-07,-0.486988030367694,1.49514114544142e-05,True,False,True,True,False,False,U1_age_sex_adjusted
OCLN,-0.588095914774079,8.67406943301281e-07,-0.483617174435825,0.0001447219567413,True,False,True,True,False,False,U1_age_sex_adjusted
FHOD3,0.562453467347762,1.06893881919218e-06,0.489142821102545,7.98221441487969e-05,True,False,True,True,False,False,U1_age_sex_adjusted
ABHD3,-0.581173989921207,1.19360879545639e-06,-0.49855145490902,0.0001048440160135,True,False,True,True,False,False,U1_age_sex_adjusted
CCDC88A,0.517178909015991,1.22902056256262e-06,0.452226598453131,8.15818966015172e-05,True,False,True,True,False,False,U1_age_sex_adjusted
POF1B,-0.583868483652557,1.4547736962429e-06,-0.429312833994548,0.0003049173928168,True,False,True,True,False,False,U1_age_sex_adjusted
AGPAT2,-0.531584606781899,1.67937448452019e-06,-0.473746197260167,7.62924566331386e-05,True,False,True,True,False,False,U1_age_sex_adjusted
STX3,-0.541488515494711,2.10682520295777e-06,-0.487630427010559,7.95656649978797e-05,True,False,True,True,False,False,U1_age_sex_adjusted
BCL6,0.50738444568108,2.13573482147417e-06,0.450465807373882,9.69740845778015e-05,True,False,True,True,False,False,U1_age_sex_adjusted
DNM3,0.529414413006404,2.67914659452897e-06,0.480314045753427,8.46865953904392e-05,True,False,True,True,False,False,U1_age_sex_adjusted
FGF2,0.566625585782075,2.93143854867698e-06,0.496135220181066,0.0001509520845919,True,False,True,True,False,False,U1_age_sex_adjusted
DHRS11,-0.521483597063618,3.74238914881439e-06,-0.476510605645518,9.6154220792558e-05,True,False,True,True,False,False,U1_age_sex_adjusted
SLC40A1,-0.508019482785167,4.03850574966934e-06,-0.494025034663121,3.91024037700365e-05,True,False,True,True,False,False,U1_age_sex_adjusted
FAM83F,-0.513534441817249,4.70082581708352e-06,-0.486027610147539,6.78274650118844e-05,True,False,True,True,False,False,U1_age_sex_adjusted
SAMSN1,-0.52131817184905,5.31610997631179e-06,-0.493917056047224,7.39160737716789e-05,True,False,True,True,False,False,U1_age_sex_adjusted
SLC35G1,-0.503210614079617,6.26697752204363e-06,-0.450427505263751,0.0001726529306253,True,False,True,True,False,False,U1_age_sex_adjusted
CD2AP,-0.556983939675661,7.68499471209495e-06,-0.464285565683637,0.0005230784153861,True,False,True,True,False,False,U1_age_sex_adjusted
ANK3,-0.51891305854097,8.30757306349222e-06,-0.449801426580636,0.0003490826592456,True,False,True,True,False,False,U1_age_sex_adjusted
DIXDC1,0.52248590351769,1.03936759580927e-05,0.474799536239814,0.0002296266637982,True,False,True,True,False,False,U1_age_sex_adjusted
MAPK13,-0.507010710571187,1.05930703714096e-05,-0.455077663674477,0.0002679792899603,True,False,True,True,False,False,U1_age_sex_adjusted
SBSPON,0.519650528828457,1.30691728599059e-05,0.464446351062776,0.0003310780603774,True,False,True,True,False,False,U1_age_sex_adjusted
KCTD9,-0.53298540584226,1.36791271970531e-05,-0.495269306654343,0.0001959468504055,True,False,True,True,False,False,U1_age_sex_adjusted
EDN1,-0.524977855278119,1.64620267181752e-05,-0.489767706051385,0.0002262089752848,True,False,True,True,False,False,U1_age_sex_adjusted
GSTA1,-0.547254297264212,1.75808058621378e-05,-0.498489002696945,0.0003062656552616,True,False,True,True,False,False,U1_age_sex_adjusted
PTGS1,0.518902224908192,2.41944530816178e-05,0.450929796035223,0.0007035252876523,True,False,True,True,False,False,U1_age_sex_adjusted
CAB39L,0.508391681168932,2.46155109050218e-05,0.483409361723278,0.000238815674086,True,False,True,True,False,False,U1_age_sex_adjusted
AGMAT,-0.52857507556903,2.49738381378574e-05,-0.484513349976878,0.0003605808773733,True,False,True,True,False,False,U1_age_sex_adjusted
TMEM54,-0.517545322109981,2.54205877416333e-05,-0.487692949247451,0.0002568344297801,True,False,True,True,False,False,U1_age_sex_adjusted
FLRT1,0.509623149965373,2.68434814337181e-05,0.487984853443888,0.0002341535491721,True,False,True,True,False,False,U1_age_sex_adjusted
PLCL1,0.508718247672246,4.22003214894676e-05,0.457677584168497,0.0007131248694294,True,False,True,True,False,False,U1_age_sex_adjusted
DNAJC22,-0.507752113900591,4.5106901063057e-05,-0.451871447976513,0.0008476277603228,True,False,True,True,False,False,U1_age_sex_adjusted
UBE2T,-0.501822934943327,5.54005918022094e-05,-0.435010544667932,0.0012824873773121,True,False,True,True,False,False,U1_age_sex_adjusted
BTG2,0.572412426042466,7.11782881800303e-05,0.479336965678445,0.002157769259038,True,False,True,True,False,False,U1_age_sex_adjusted
NXPE1,-0.585098702425199,7.6530546671969e-05,-0.471920474849968,0.0031311933585001,True,False,True,True,False,False,U1_age_sex_adjusted
CENPK,-0.56387253666792,8.01014208040725e-05,-0.496789710130176,0.0014280638157184,True,False,True,True,False,False,U1_age_sex_adjusted
ANOS1,0.605881122525542,9.47059355380647e-05,0.335970808194369,0.0001765310953372,True,False,True,True,False,False,U1_age_sex_adjusted
PAPSS2,-0.508213346471392,0.0001027843384014,-0.488819910699351,0.0006232565168965,True,False,True,True,False,False,U1_age_sex_adjusted
IL17RB,-0.512262970470234,0.0001491103671644,-0.475253237541264,0.0012428061750725,True,False,True,True,False,False,U1_age_sex_adjusted
FBXL22,0.550467546216825,0.0001596573633821,0.489580746017964,0.0020943971910073,True,False,True,True,False,False,U1_age_sex_adjusted
CHI3L1,0.540249110337893,0.0001622952522057,0.493589133134881,0.0014983900490244,True,False,True,True,False,False,U1_age_sex_adjusted
DNAJB5,0.506990533114597,0.0002334403252848,0.44171907711679,0.0033132300362842,True,False,True,True,False,False,U1_age_sex_adjusted
TOP2A,-0.532601618020989,0.0002654660640073,-0.491282809793139,0.0020997989746712,True,False,True,True,False,False,U1_age_sex_adjusted
VGLL3,0.500863085580549,0.0002909742593372,0.436858558361563,0.0038086932692987,True,False,True,True,False,False,U1_age_sex_adjusted
BEND5,0.510556086305956,0.0002928888886682,0.466354413842174,0.0025170641143338,True,False,True,True,False,False,U1_age_sex_adjusted
AGR3,-0.565605652733499,0.000355889349441,-0.486731814476301,0.004892483051783,True,False,True,True,False,False,U1_age_sex_adjusted
CDKN2B-AS1,-0.551502423085227,0.0004037220078942,-0.484553584753214,0.0042704401325635,True,False,True,True,False,False,U1_age_sex_adjusted
KLF5,-0.502530580478342,0.0004596779343677,-0.455561788271726,0.0037323042166722,True,False,True,True,False,False,U1_age_sex_adjusted
ITGA1,0.555048053875069,0.0004833867657152,0.456047845081097,0.0083219540412142,True,False,True,True,False,False,U1_age_sex_adjusted
SERINC2,-0.500421204542119,0.000500222097672,-0.433162821275919,0.0057777388983742,True,False,True,True,False,False,U1_age_sex_adjusted
BLVRA,0.527533164134364,0.0005216682304866,0.432045401574133,0.0091325940962738,True,False,True,True,False,False,U1_age_sex_adjusted
ARHGEF26,0.559126613524976,0.0006013804576591,0.499110856545959,0.0051848913909765,True,False,True,True,False,False,U1_age_sex_adjusted
DDX3Y,1.11986320987612,0.000683192048825,0.452562952500839,1.65187688574551e-06,True,False,True,True,False,False,U1_age_sex_adjusted
FUT2,-0.520877205985724,0.0007255435155201,-0.451136877675925,0.0074421577180418,True,False,True,True,False,False,U1_age_sex_adjusted
PLAC8,-0.503090376179961,0.0007300555182464,-0.438250062296603,0.00721138616222,True,False,True,True,False,False,U1_age_sex_adjusted
DPP6,0.530697528303765,0.0008039767690718,0.460401587554171,0.0079330027356959,True,False,True,True,False,False,U1_age_sex_adjusted
KCNMB1,0.558525034077952,0.0008279530370633,0.497450555864736,0.0066299648741256,True,False,True,True,False,False,U1_age_sex_adjusted
MORN5,0.562351095111621,0.0008890612925987,0.467938122607464,0.0114664055472701,True,False,True,True,False,False,U1_age_sex_adjusted
CCNA2,-0.514290414420157,0.0010127343799319,-0.463696288017421,0.0068745550579527,True,False,True,True,False,False,U1_age_sex_adjusted
CD52,-0.540745576182792,0.0012834413728614,-0.492201145046757,0.0075166345537591,True,False,True,True,False,False,U1_age_sex_adjusted
RPRM,0.549605524742751,0.0019966161805325,0.447722948601726,0.0216812496184405,True,False,True,True,False,False,U1_age_sex_adjusted
AKR1B10,-0.515493404980351,0.0021487467229203,-0.44850746465204,0.0151112455389902,True,False,True,True,False,False,U1_age_sex_adjusted
GUCA2B,-0.582704397032506,0.0024656146341975,-0.442513631311217,0.035765910657457,True,False,True,True,False,False,U1_age_sex_adjusted
HLA-DPA1,-0.508700896801036,0.0027733629140624,-0.436683717000657,0.0195792074270743,True,False,True,True,False,False,U1_age_sex_adjusted
NWD2,-0.508075810829725,0.0036214571741733,-0.407863995700464,0.0334483239922527,True,False,True,True,False,False,U1_age_sex_adjusted
ADGRG7,-0.534503880664618,0.0060490887532295,-0.419745231299439,0.0501887290222969,True,False,True,True,False,False,U1_age_sex_adjusted
ZNF726,-0.510571497657009,0.007698798600029,-0.367703380857413,0.0794230778659353,True,False,True,True,False,False,U1_age_sex_adjusted
ECHDC3,0.649216775848948,0.0126536169078762,0.542372439963591,0.0601440576043923,True,False,True,True,False,False,U1_age_sex_adjusted
CARTPT,0.528950404176235,0.0135744272418994,0.444865719250944,0.0595473378607196,True,False,True,True,False,False,U1_age_sex_adjusted
GCG,-0.753269060171181,0.0164624931940192,-0.56930037523711,0.102107774673097,True,False,True,True,False,False,U1_age_sex_adjusted
PLA2G2A,0.723440419402818,0.0175926836665273,0.651811984940807,0.0532638933203306,True,False,True,True,False,False,U1_age_sex_adjusted
TMED6,-0.513315018652058,0.0186532015477562,-0.362363807219699,0.132363196775228,True,False,True,True,False,False,U1_age_sex_adjusted
MT1JP,0.581334528852961,0.0229351641682019,0.537677090334595,0.0575550041827562,True,False,True,True,False,False,U1_age_sex_adjusted
SST,-0.601580413370945,0.030371580224668,-0.230994607487213,0.457333771142383,True,False,True,True,False,False,U1_age_sex_adjusted
GBP3,-0.540881952502819,0.0325241876769329,-0.407113670487991,0.14538154565676,True,False,True,True,False,False,U1_age_sex_adjusted
CCL18,0.638967163004985,0.0393039988308349,0.47542565511507,0.170223467879488,True,False,True,True,False,False,U1_age_sex_adjusted
BTNL8,-0.856739908276206,0.044423073795912,-0.647008171220775,0.174036293945727,True,False,True,True,False,False,U1_age_sex_adjusted
RPS4Y1,1.09120729389606,0.0534615746344836,-0.0592550396231363,0.399324065560583,False,False,False,False,False,True,U1_age_sex_adjusted
KDM5D,0.458204469217891,0.0828464244411113,-0.08522905626413,0.255188365765177,False,False,False,False,False,True,U1_age_sex_adjusted
XIST,-0.692172538149336,0.104969885749684,0.250209115544437,0.0252925342545722,False,False,False,False,False,True,U1_age_sex_adjusted
EIF1AY,0.65863898634215,0.156434048291342,-0.291798272224848,1.2576990861045e-06,False,False,False,False,False,True,U1_age_sex_adjusted
MRPS21,-0.105846932192962,0.159402319402263,0.0053468693802024,0.952148336751005,False,False,False,False,False,True,U1_age_sex_adjusted
KCNJ15,0.0250018402529138,0.430740039965219,-0.0044573341840203,0.905253393674645,False,False,False,False,False,True,U1_age_sex_adjusted
HSP90AA1,-0.049035898233662,0.4320515266691,0.0040720429316716,0.957185303099257,False,False,False,False,False,True,U1_age_sex_adjusted
OR52A5,-0.0382122387084451,0.441839393791286,0.0150789267275823,0.788544562359921,False,False,False,False,False,True,U1_age_sex_adjusted
NCCRP1,-0.0841659233217943,0.456607431666,0.0087508600691839,0.948449160909509,False,False,False,False,False,True,U1_age_sex_adjusted
LHX9,0.0162792101715113,0.526266362096874,-0.0036524141610706,0.902912252386273,False,False,False,False,False,True,U1_age_sex_adjusted
PGAM4,-0.0266950276155672,0.533789052499984,0.0202484244266497,0.663241199126375,False,False,False,False,False,True,U1_age_sex_adjusted
PCMTD1-DT,-0.02839351421264,0.534475916455946,0.0101552970672166,0.847511561227735,False,False,False,False,False,True,U1_age_sex_adjusted
CDH22,-0.0234985554466812,0.536099395010413,0.0011364207396833,0.980609249085761,False,False,False,False,False,True,U1_age_sex_adjusted
LOC100134391,-0.0246880815792938,0.543467148634236,0.0011360560458325,0.981846076442462,False,False,False,False,False,True,U1_age_sex_adjusted
IL2RG,-0.108229221952341,0.54356799491617,0.0455697668189781,0.820141243023766,False,False,False,False,False,True,U1_age_sex_adjusted
DDX3X,-0.0414963611616327,0.544797851881122,0.0212458796569165,0.778875450512628,False,False,False,False,False,True,U1_age_sex_adjusted
DIPK1C,0.0365532652353044,0.546802353728916,-0.002381889618601,0.974797438123013,False,False,False,False,False,True,U1_age_sex_adjusted
CYP3A4,-0.112911722899284,0.549256329461814,0.0022410450470334,0.99230350315189,False,False,False,False,False,True,U1_age_sex_adjusted
ZNF326,-0.0432924186077609,0.550092880998959,0.0030463619245761,0.973163946896759,False,False,False,False,False,True,U1_age_sex_adjusted
GRM8,-0.0534770912642474,0.550092880998959,0.0111980132941698,0.914382534447662,False,False,False,False,False,True,U1_age_sex_adjusted
ATXN1,0.0347198914841928,0.55090683447188,-0.0006342949028887,0.99282751062063,False,False,False,False,False,True,U1_age_sex_adjusted
DIP2C-AS1,0.0426241412507549,0.554443311528516,-0.0018377840500692,0.983190420114316,False,False,False,False,False,True,U1_age_sex_adjusted
ABCC2,0.0211395548759233,0.554588271362797,-0.0028525269468476,0.946152160197851,False,False,False,False,False,True,U1_age_sex_adjusted
STXBP5L,-0.0154387123296257,0.555619833864937,4.39671177554128e-05,0.998920219902104,False,False,False,False,False,True,U1_age_sex_adjusted
MT1X,0.105178341180186,0.556957614035259,-0.0100254531236193,0.963322004629949,False,False,False,False,False,True,U1_age_sex_adjusted
ZBED10P,0.0511349446000442,0.559336098707285,-0.0020068860933819,0.984826474880559,False,False,False,False,False,True,U1_age_sex_adjusted
GEMIN6,-0.042383292882109,0.562385101709111,0.0134617802309116,0.874334181878905,False,False,False,False,False,True,U1_age_sex_adjusted
HSP90AA4P,-0.0370192994582317,0.562601175502492,0.0049757446717236,0.947794748895267,False,False,False,False,False,True,U1_age_sex_adjusted
FBLN7,-0.020634356403758,0.562914115484206,0.0011142060384237,0.97984095946155,False,False,False,False,False,True,U1_age_sex_adjusted
EXOG,0.0193215427356283,0.565832221222211,-0.0042548035546049,0.913753923012779,False,False,False,False,False,True,U1_age_sex_adjusted
CREB3L3,-0.107123326060519,0.566217854394936,0.0454870100692468,0.829356846865236,False,False,False,False,False,True,U1_age_sex_adjusted
RD3,-0.0221463175560911,0.586536617141405,0.0002956985307887,0.995485482670996,False,False,False,False,False,True,U1_age_sex_adjusted
ZNF432,-0.0244948820056555,0.589383639559348,0.0037868130449488,0.944107253590436,False,False,False,False,False,True,U1_age_sex_adjusted
MEOX1,-0.0206128048823814,0.601231260135988,0.0095005843692736,0.832662807663411,False,False,False,False,False,True,U1_age_sex_adjusted
DRC3,0.0150301389978933,0.608136418791393,-0.0037759936781767,0.911892431679146,False,False,False,False,False,True,U1_age_sex_adjusted
AP1B1,-0.0297570514402905,0.609947742263075,0.00673831777471,0.920726794677536,False,False,False,False,False,True,U1_age_sex_adjusted
PAXX,-0.0290304996765583,0.61085073732132,0.0007334826107217,0.991484028452818,False,False,False,False,False,True,U1_age_sex_adjusted
FBXL21P,0.015286425191093,0.611035680188245,-0.0044871092704237,0.897738126355215,False,False,False,False,False,True,U1_age_sex_adjusted
C5orf58,0.0186886933529173,0.611229489306834,-0.0007951685381886,0.985522270476974,False,False,False,False,False,True,U1_age_sex_adjusted
C4orf36,-0.0187304096417086,0.611355356707429,0.0150127429113077,0.708655551526009,False,False,False,False,False,True,U1_age_sex_adjusted
PSG7,-0.0242575420631783,0.611429079753818,0.0018620853905412,0.974797438123013,False,False,False,False,False,True,U1_age_sex_adjusted
TMEM207,0.0187827785542949,0.611776264431397,-0.0003616800717978,0.993620576731313,False,False,False,False,False,True,U1_age_sex_adjusted
HMSD,0.0209576028915348,0.611982417020026,-0.0017400992594502,0.972735951877301,False,False,False,False,False,True,U1_age_sex_adjusted
MAGEA11,-0.017576303424666,0.613814042103777,0.0022319967359685,0.957185303099257,False,False,False,False,False,True,U1_age_sex_adjusted
EFL1,-0.0336048494989858,0.61467205749522,0.0241766341743645,0.744210219814384,False,False,False,False,False,True,U1_age_sex_adjusted
HYOU1,-0.0359891659038616,0.61481730356791,0.0027426489465764,0.974992253397417,False,False,False,False,False,True,U1_age_sex_adjusted
LRRN2,-0.0723947513629686,0.616030589295853,0.0174038100884536,0.917082249604282,False,False,False,False,False,True,U1_age_sex_adjusted
H1-5,-0.0285181306718414,0.618441292141279,0.022360403976154,0.722597401757668,False,False,False,False,False,True,U1_age_sex_adjusted
CHRNE,-0.0225491972364444,0.621463299338172,0.0069163482780519,0.895581872846638,False,False,False,False,False,True,U1_age_sex_adjusted
MED12L,-0.0134270843458839,0.626501039543384,0.00120412384913,0.971714872514257,False,False,False,False,False,True,U1_age_sex_adjusted
GPRC5A,-0.0788240608687273,0.627637477781045,0.0119434117584881,0.950533179299454,False,False,False,False,False,True,U1_age_sex_adjusted
SLC7A5,0.0242373853981033,0.633115694277333,-0.0088335476001957,0.87979390426116,False,False,False,False,False,True,U1_age_sex_adjusted
SLC16A9,-0.0941556519099142,0.640657583693263,0.0433150386629066,0.85117133619859,False,False,False,False,False,True,U1_age_sex_adjusted
SEPTIN14,0.0113617516980248,0.641243101453031,-0.0032223556679081,0.908728395987704,False,False,False,False,False,True,U1_age_sex_adjusted
ACACA,-0.0211953260438077,0.64231526076057,0.0003097491098984,0.995501742891558,False,False,False,False,False,True,U1_age_sex_adjusted
NRP2,0.0231146575042844,0.645618289242491,-0.0130831524092068,0.817847960769906,False,False,False,False,False,True,U1_age_sex_adjusted
TMEM92,-0.0277137220292523,0.646587906822044,0.0040810960617379,0.953396822961883,False,False,False,False,False,True,U1_age_sex_adjusted
SMYD3,0.016667749200688,0.648813335220446,-0.0077559459126795,0.852754897988518,False,False,False,False,False,True,U1_age_sex_adjusted
SEMA7A,-0.0156629065161142,0.648955645950355,0.0121176688322027,0.750619744412247,False,False,False,False,False,True,U1_age_sex_adjusted
IFT22,0.0535916773949532,0.651834503317008,-0.0005533123694987,0.997004767510901,False,False,False,False,False,True,U1_age_sex_adjusted
CFAP95,-0.0249254995411275,0.652266779372191,0.0315783594636077,0.589483837634769,False,False,False,False,False,True,U1_age_sex_adjusted
UCA1,-0.102911877675836,0.652548132775621,0.0050977030431579,0.985043365905071,False,False,False,False,False,True,U1_age_sex_adjusted
CSF1R,0.0324270394035324,0.652756672101773,-0.0103195918227008,0.90168908785767,False,False,False,False,False,True,U1_age_sex_adjusted
PSPC1,0.0231319872075957,0.655981081901448,-0.0076356027210863,0.898900961120632,False,False,False,False,False,True,U1_age_sex_adjusted
ANKFN1,-0.0167710556177683,0.656276923011189,0.0032914737142783,0.941299140150392,False,False,False,False,False,True,U1_age_sex_adjusted
DBP,0.0437717158827419,0.657031053526695,-0.0169719314738623,0.881219785443245,False,False,False,False,False,True,U1_age_sex_adjusted
ALPK3,0.0167507825543525,0.658910814886006,-0.004798713924353,0.913235475895231,False,False,False,False,False,True,U1_age_sex_adjusted
HASPIN,-0.0253240829185878,0.659894722658024,0.0140038937910683,0.829386714522192,False,False,False,False,False,True,U1_age_sex_adjusted
HK1,0.0399585493195369,0.663874678885275,-0.0002741375966888,0.997964373425789,False,False,False,False,False,True,U1_age_sex_adjusted
DNAJC27,0.0262219685239157,0.665313637727674,-0.0022867793139757,0.975106036238446,False,False,False,False,False,True,U1_age_sex_adjusted
SIGIRR,-0.0227193144182648,0.6682244410176,0.0015387245023094,0.980939775207899,False,False,False,False,False,True,U1_age_sex_adjusted
DCTN3,0.0262668755438439,0.670347575731116,-0.0008353126336636,0.991102287634685,False,False,False,False,False,True,U1_age_sex_adjusted
TRIAP1,-0.0240338865273737,0.673081533042254,0.0059746597411548,0.927642135807354,False,False,False,False,False,True,U1_age_sex_adjusted
LEFTY1,-0.0945989927270139,0.673239070853968,0.0391427374470781,0.87974797731857,False,False,False,False,False,True,U1_age_sex_adjusted
RNF180,0.0113943637198615,0.676206266309501,-0.0040793546166693,0.895581872846638,False,False,False,False,False,True,U1_age_sex_adjusted
CABS1,-0.014976670766954,0.679451171264294,0.0056749617136088,0.891739792786542,False,False,False,False,False,True,U1_age_sex_adjusted
NFE2L3,-0.0468233637122547,0.68048760623056,0.0237173775296561,0.854788555937049,False,False,False,False,False,True,U1_age_sex_adjusted
PLA2G2D,-0.0189657852037357,0.68186082143817,0.0017962275078838,0.974644219629646,False,False,False,False,False,True,U1_age_sex_adjusted
ZFTRAF1,0.0165346295148711,0.68322447803739,-0.0096607592027031,0.832683692276485,False,False,False,False,False,True,U1_age_sex_adjusted
C19orf12,0.0288305410316531,0.684074371676483,-0.0060571782404836,0.941964349926787,False,False,False,False,False,True,U1_age_sex_adjusted
KMO,-0.016043118254619,0.684228431123054,0.0018404500011171,0.969400868846809,False,False,False,False,False,True,U1_age_sex_adjusted
TENT5D,0.0104771829716446,0.690850440580434,-0.0001799873569557,0.995501742891558,False,False,False,False,False,True,U1_age_sex_adjusted
TFIP11,0.0208218360027575,0.692533290263785,-0.0010764860622451,0.986106008842534,False,False,False,False,False,True,U1_age_sex_adjusted
CDR2L,0.0135267893017325,0.696096658994387,-0.0047389462625392,0.904718236595557,False,False,False,False,False,True,U1_age_sex_adjusted
PHF6,-0.0309295421431489,0.699310956533659,0.0326798141824457,0.707466537457352,False,False,False,False,False,True,U1_age_sex_adjusted
SLCO1B3,0.0182720378581157,0.701694645445776,-0.008116338594554,0.882267252356123,False,False,False,False,False,True,U1_age_sex_adjusted
GOLIM4,-0.0393966249116707,0.701771357516444,0.0028538968818274,0.98170474889965,False,False,False,False,False,True,U1_age_sex_adjusted
DEFB129,-0.0156651376601373,0.703149020826393,0.0027179888303825,0.955456108213542,False,False,False,False,False,True,U1_age_sex_adjusted
HMGN3,0.0269652570218071,0.706836392648156,-0.00313913020767,0.971229658405702,False,False,False,False,False,True,U1_age_sex_adjusted
CD300LG,0.0137722321003449,0.706837639485311,-0.0057807176724981,0.889093007820694,False,False,False,False,False,True,U1_age_sex_adjusted
FARP2,-0.0177480463116508,0.707706291914506,0.0030765049751517,0.956000680661861,False,False,False,False,False,True,U1_age_sex_adjusted
RIN3,0.0150725530363601,0.708259411800356,-0.0078039315535097,0.865691458912136,False,False,False,False,False,True,U1_age_sex_adjusted
MGAM,-0.0270828400985293,0.708896591267327,0.014316400326091,0.862941482546697,False,False,False,False,False,True,U1_age_sex_adjusted
TAS2R42,-0.0139236142916043,0.709105306019937,0.0012575963070184,0.977859041084458,False,False,False,False,False,True,U1_age_sex_adjusted
SENP2,0.0176038881038998,0.709360381180923,-0.0062730039913916,0.908049097673914,False,False,False,False,False,True,U1_age_sex_adjusted
NFATC2,-0.0249620010418886,0.710138353541735,0.0044629280640878,0.955149012720121,False,False,False,False,False,True,U1_age_sex_adjusted
ALPI,-0.0339612816580739,0.710424534014043,0.0134441165603107,0.897936238738361,False,False,False,False,False,True,U1_age_sex_adjusted
PPTC7,-0.0224452008010886,0.710693163183501,0.0023226164702167,0.974797438123013,False,False,False,False,False,True,U1_age_sex_adjusted
ADIPOR2,-0.0288793044253808,0.711511574119296,0.0043591632791261,0.962678134449623,False,False,False,False,False,True,U1_age_sex_adjusted
TAFA1,0.0184797117743157,0.712588365873201,-0.0043943232924205,0.940558994648938,False,False,False,False,False,True,U1_age_sex_adjusted
CLDN7,-0.0514699111137184,0.713037600634685,0.0137032108115654,0.932538977176622,False,False,False,False,False,True,U1_age_sex_adjusted
ATP1B3,-0.034192356102251,0.713470369195726,0.0380143564916652,0.707587536593178,False,False,False,False,False,True,U1_age_sex_adjusted
RFPL2,-0.0098161553688883,0.718355072299511,0.0078932442216248,0.793749591868484,False,False,False,False,False,True,U1_age_sex_adjusted
SRRD,0.0166130917003987,0.719656999015672,-0.0084127172919536,0.873793025985611,False,False,False,False,False,True,U1_age_sex_adjusted
MARVELD2,-0.0416314858818457,0.724100852398881,0.0237077492601633,0.860073147963333,False,False,False,False,False,True,U1_age_sex_adjusted
MFSD5,-0.0214259594616941,0.72464140720528,0.0156185039434351,0.818638322625373,False,False,False,False,False,True,U1_age_sex_adjusted
CDCA5,-0.0320737717080717,0.726245709016331,0.0003853471258973,0.997080052135008,False,False,False,False,False,True,U1_age_sex_adjusted
SLC22A4,-0.0707492880525713,0.726351206654806,0.0693808524435489,0.754801180420548,False,False,False,False,False,True,U1_age_sex_adjusted
FANCD2,-0.0185860570208614,0.727344798160597,0.0128502113588939,0.830381766357195,False,False,False,False,False,True,U1_age_sex_adjusted
OGFOD1,0.0261623773675387,0.730931060519259,-0.0166878593191031,0.846222981702664,False,False,False,False,False,True,U1_age_sex_adjusted
KRTAP3-3,-0.0099641051927718,0.731040965755837,0.0113413237905206,0.719380554476518,False,False,False,False,False,True,U1_age_sex_adjusted
LENG1,0.0168537849299054,0.733983259199888,-0.0019131312921969,0.974797438123013,False,False,False,False,False,True,U1_age_sex_adjusted
SNORA77,0.0257022751862797,0.733983259199888,-0.0007711918552358,0.993131583771707,False,False,False,False,False,True,U1_age_sex_adjusted
KRTAP4-3,-0.0130516064383413,0.734547427596473,0.0008644936064198,0.984798812603091,False,False,False,False,False,True,U1_age_sex_adjusted
RBM19,0.0186127589673924,0.734889648102419,-0.0014703722861143,0.982262713808701,False,False,False,False,False,True,U1_age_sex_adjusted
CEP97,0.0136304791561345,0.736741016458509,-0.0077784588474412,0.866654177992038,False,False,False,False,False,True,U1_age_sex_adjusted
BST1,-0.0429184059442263,0.738562360380428,0.0027375248257973,0.985522270476974,False,False,False,False,False,True,U1_age_sex_adjusted
LRRC24,0.0169863281660308,0.74065160952656,-0.0165484145839057,0.769379623659575,False,False,False,False,False,True,U1_age_sex_adjusted
GPR107,-0.0190473501139712,0.742774124200341,0.0029197895822548,0.966628292083015,False,False,False,False,False,True,U1_age_sex_adjusted
PKIG,0.0443031253451084,0.74277493892826,-0.0443702684417545,0.76490924678265,False,False,False,False,False,True,U1_age_sex_adjusted
IFTAP,0.0392653742237412,0.744164922833786,-0.0069790910717977,0.960982548168059,False,False,False,False,False,True,U1_age_sex_adjusted
LIMA1,-0.0277681506695439,0.744671303124932,0.0233346324135212,0.804492778202434,False,False,False,False,False,True,U1_age_sex_adjusted
EBI3,-0.0245344563484524,0.746727761697936,0.0102005325190277,0.906587767793484,False,False,False,False,False,True,U1_age_sex_adjusted
LINGO4,-0.0169578302737189,0.747478724764007,0.0011953010844513,0.984652058811311,False,False,False,False,False,True,U1_age_sex_adjusted
LY6S-AS1,-0.0087794952578574,0.748616643487712,0.0008505925423039,0.979678355802251,False,False,False,False,False,True,U1_age_sex_adjusted
ARF4,-0.0243337332920516,0.748665936323823,0.0002780938363435,0.9974333137148,False,False,False,False,False,True,U1_age_sex_adjusted
CATSPERD,-0.0128651775822151,0.750801209711982,0.0015417478924801,0.974841687430729,False,False,False,False,False,True,U1_age_sex_adjusted
ATP2B4,0.0181086693647288,0.752188703059707,-0.0130321379387484,0.840140278577584,False,False,False,False,False,True,U1_age_sex_adjusted
ORAI3,0.0186341960185148,0.753762295271504,-0.0102145054549324,0.879972108820735,False,False,False,False,False,True,U1_age_sex_adjusted
FBXO11,0.0168557750692056,0.754095118248902,-0.003734815577189,0.952722883346748,False,False,False,False,False,True,U1_age_sex_adjusted
ZNF546,0.012755915246278,0.756422440788174,-0.0044087477103272,0.925250619712135,False,False,False,False,False,True,U1_age_sex_adjusted
OR52N5,-0.0139787189120528,0.756568270773596,0.0071381107455673,0.889425560451285,False,False,False,False,False,True,U1_age_sex_adjusted
OR2L13,0.012736558174727,0.757283378555078,-0.0109662696838866,0.810466887310592,False,False,False,False,False,True,U1_age_sex_adjusted
OR10T2,0.0121515486778035,0.757323838834227,-0.0024276137232968,0.958123240721906,False,False,False,False,False,True,U1_age_sex_adjusted
ATP6V1E1,0.0123211453754547,0.757703828417225,-0.0046970720000982,0.917027002664587,False,False,False,False,False,True,U1_age_sex_adjusted
FAM135A,-0.02844158223267,0.761523155492514,0.0082236586963484,0.939928358228498,False,False,False,False,False,True,U1_age_sex_adjusted
KCNAB3,-0.0143370232935391,0.762120503509229,0.0047213599552939,0.930335329008994,False,False,False,False,False,True,U1_age_sex_adjusted
OXGR1,-0.0223349913831804,0.762744165890198,0.0120782111762859,0.885829682008602,False,False,False,False,False,True,U1_age_sex_adjusted
ASB12,-0.0159195290791998,0.764356696790196,0.0074959886676393,0.901666930488006,False,False,False,False,False,True,U1_age_sex_adjusted
C19orf18,0.0201920845951555,0.765555491017239,-0.0102593791138604,0.894073866552993,False,False,False,False,False,True,U1_age_sex_adjusted
OR8D2,-0.0135696650503751,0.766383992592686,0.000654972352979,0.990511494567947,False,False,False,False,False,True,U1_age_sex_adjusted
DOCK3,0.0163195180626135,0.768302377884116,-0.010963637735048,0.860548132158351,False,False,False,False,False,True,U1_age_sex_adjusted
NINJ1,0.0299121321398006,0.768429020437875,-0.0065638946870669,0.955990898628441,False,False,False,False,False,True,U1_age_sex_adjusted
LATS1,0.0102281059245114,0.769418927523622,-0.0008627971846928,0.983190420114316,False,False,False,False,False,True,U1_age_sex_adjusted
EMILIN3,-0.0122312703809812,0.770188027733305,0.0088011993515811,0.85212138004476,False,False,False,False,False,True,U1_age_sex_adjusted
NOX4,0.0059767225169469,0.770466280231976,-0.0009321630983781,0.96975597948948,False,False,False,False,False,True,U1_age_sex_adjusted
GBP7,-0.01082723026973,0.772191322484359,0.0097623273025398,0.814161421837926,False,False,False,False,False,True,U1_age_sex_adjusted
LINC02860,-0.0100941651773556,0.772500188097325,0.0174360556974404,0.632433012703686,False,False,False,False,False,True,U1_age_sex_adjusted
ZNF582,-0.0061943569159367,0.772830892558949,0.0072060645745148,0.754858738359794,False,False,False,False,False,True,U1_age_sex_adjusted
REDIC1,0.0066995284303458,0.77381011694059,-9.7345439770424e-05,0.997080052135008,False,False,False,False,False,True,U1_age_sex_adjusted
CLPP,0.0173890379059002,0.777157991457672,-0.0035683205412445,0.960655076752622,False,False,False,False,False,True,U1_age_sex_adjusted
SCRN2,0.0177928240522004,0.777201600436929,-0.009797652888942,0.890268774408328,False,False,False,False,False,True,U1_age_sex_adjusted
POLR3F,0.017704896064052,0.77744099964137,-0.0182214747822916,0.791041650098989,False,False,False,False,False,True,U1_age_sex_adjusted
SNORA37,0.0176996116936322,0.778217139984021,-0.0264402231780231,0.69378419174833,False,False,False,False,False,True,U1_age_sex_adjusted
ATP2A1,-0.013416991738449,0.778316811341887,0.0053378733124188,0.921631061115991,False,False,False,False,False,True,U1_age_sex_adjusted
FAM24A,-0.0157750147469234,0.779262895253619,0.028989987388449,0.625626493264465,False,False,False,False,False,True,U1_age_sex_adjusted
AURKAIP1,-0.0145477849493285,0.779630654117738,0.0067627315914257,0.907820918574625,False,False,False,False,False,True,U1_age_sex_adjusted
GPER1,0.0150064158675281,0.780951448009479,-0.0047491086631939,0.939651005059027,False,False,False,False,False,True,U1_age_sex_adjusted
BRI3BP,-0.03217034623763,0.785772977966061,0.0242036223678243,0.855901199701111,False,False,False,False,False,True,U1_age_sex_adjusted
F2RL3,-0.0163759582520895,0.787037791742847,0.002592124962252,0.971229658405702,False,False,False,False,False,True,U1_age_sex_adjusted
GPRC6A,0.0101671006025046,0.787037791742847,-0.0005355723525833,0.990511494567947,False,False,False,False,False,True,U1_age_sex_adjusted
AOC1,-0.0417962782391081,0.789212570293308,0.0120523330476887,0.947128423529059,False,False,False,False,False,True,U1_age_sex_adjusted
LEO1,-0.0153098301364706,0.789371838115878,0.0096492703235659,0.881101717420543,False,False,False,False,False,True,U1_age_sex_adjusted
CLBA1,0.013916025304209,0.792938332629872,-0.0029840644221983,0.961922824176202,False,False,False,False,False,True,U1_age_sex_adjusted
SDSL,-0.0248369631885605,0.79746771969027,0.0177086143751768,0.871165215899887,False,False,False,False,False,True,U1_age_sex_adjusted
GEMIN7,-0.0104108779071079,0.799820003083312,0.0022218005580639,0.962678134449623,False,False,False,False,False,True,U1_age_sex_adjusted
MSANTD1,-0.0078826948183843,0.801107230289587,0.0180542030731417,0.580120858972355,False,False,False,False,False,True,U1_age_sex_adjusted
VPS45,0.0168741765262415,0.802004265286855,-0.0081789324770522,0.914309106126822,False,False,False,False,False,True,U1_age_sex_adjusted
PGRMC2,0.0092651580666642,0.802218413602665,-0.0050402839384578,0.904012987848909,False,False,False,False,False,True,U1_age_sex_adjusted
KDM2B,0.016066353018714,0.803286081638022,-0.010601154937366,0.884478553182943,False,False,False,False,False,True,U1_age_sex_adjusted
SPATA3,-0.0088810429515191,0.805353921173287,0.006681406033993,0.869793461774486,False,False,False,False,False,True,U1_age_sex_adjusted
KIF2A,-0.0221612462382221,0.805561225915604,0.0211869368349094,0.832478479419389,False,False,False,False,False,True,U1_age_sex_adjusted
C9,-0.0060904285274839,0.806775857897717,0.0002515006759579,0.993127261275978,False,False,False,False,False,True,U1_age_sex_adjusted
ZSCAN4,0.0096304032874315,0.807389783768403,-0.0069629266095736,0.876115105840443,False,False,False,False,False,True,U1_age_sex_adjusted
PRH2,-0.0074524388289565,0.809177588237786,0.0003321730625187,0.992799604106095,False,False,False,False,False,True,U1_age_sex_adjusted
OR8K3,-0.0099126597876571,0.80970061251524,0.0128947545473566,0.773226621944222,False,False,False,False,False,True,U1_age_sex_adjusted
ZNF644,-0.0219268172553787,0.811537843302761,0.0229650521567173,0.820246654371554,False,False,False,False,False,True,U1_age_sex_adjusted
TTF2,-0.0174592828769711,0.811574929188144,0.0121404277765001,0.882751709790252,False,False,False,False,False,True,U1_age_sex_adjusted
EHMT1,-0.017227289980446,0.81267769503138,0.0203868503185558,0.79752708221643,False,False,False,False,False,True,U1_age_sex_adjusted
TAF9B,0.0234594996056725,0.813388112409628,-0.0033394487547918,0.977649531451285,False,False,False,False,False,True,U1_age_sex_adjusted
ERAP2,-0.0942972308350504,0.814257644507879,0.0188231866495659,0.968557046010379,False,False,False,False,False,True,U1_age_sex_adjusted
EHBP1-AS1,0.0085137181178039,0.814583811786019,-0.0008581862807736,0.983855343764007,False,False,False,False,False,True,U1_age_sex_adjusted
THG1L,-0.0131352836414855,0.815549629870078,0.0052477012952589,0.934939239605924,False,False,False,False,False,True,U1_age_sex_adjusted
SNX31,0.0061556294269796,0.816040294364925,-0.0013475525970044,0.965692683957383,False,False,False,False,False,True,U1_age_sex_adjusted
SRPRB,-0.0264712267024021,0.816224874593586,0.0049025082265182,0.971229658405702,False,False,False,False,False,True,U1_age_sex_adjusted
MR1,0.0128898435338234,0.817091545875924,-0.0195745608112465,0.744256555072291,False,False,False,False,False,True,U1_age_sex_adjusted
RNF38,0.0109263799139711,0.817144482672289,-0.0246433909679833,0.618660081663654,False,False,False,False,False,True,U1_age_sex_adjusted
C3orf22,-0.0082513219412542,0.817161537921627,0.0008938520605584,0.982947458031449,False,False,False,False,False,True,U1_age_sex_adjusted
FAM86C1P,-0.0117806894869384,0.817695953026007,0.0065245950485171,0.910246351358145,False,False,False,False,False,True,U1_age_sex_adjusted
ASB14,0.006764288665692,0.819643175800777,-0.0007636685408722,0.982585802167269,False,False,False,False,False,True,U1_age_sex_adjusted
NKX2-4,0.0084950042443232,0.819814532893877,-0.0039065274754229,0.92619402747276,False,False,False,False,False,True,U1_age_sex_adjusted
WNK3,0.0102765291270496,0.82016960891574,-0.0020836473847927,0.969218476573405,False,False,False,False,False,True,U1_age_sex_adjusted
MIB1,0.0157793364957901,0.820652880367122,-0.002039630867847,0.980395575763438,False,False,False,False,False,True,U1_age_sex_adjusted
KXD1,0.00713259548702,0.821199375863599,-0.0007202539352687,0.984358652507721,False,False,False,False,False,True,U1_age_sex_adjusted
DSC1,-0.0077873256628206,0.823038965328048,0.0042805923776948,0.913188267232988,False,False,False,False,False,True,U1_age_sex_adjusted
MEIOC,-0.0053460158250562,0.824417444854701,0.0018234253097629,0.947747878524338,False,False,False,False,False,True,U1_age_sex_adjusted
INCENP,-0.009804820252635,0.824853954448353,0.0089582009090758,0.856943540513805,False,False,False,False,False,True,U1_age_sex_adjusted
ZNF716,-0.0082703436069673,0.825150119694847,0.0050542307643909,0.904886449205727,False,False,False,False,False,True,U1_age_sex_adjusted
PHPT1,0.01570116009532,0.826732300455879,-0.001809692978219,0.982763168771923,False,False,False,False,False,True,U1_age_sex_adjusted
COPS2,0.0162755101088643,0.826974137464235,-0.0101597161207502,0.90393925033003,False,False,False,False,False,True,U1_age_sex_adjusted
ADAM33,0.0084345234308385,0.827414023052366,-0.0070537680108645,0.871165215899887,False,False,False,False,False,True,U1_age_sex_adjusted
RARB,0.0101361025859422,0.82792649646809,-0.0164123847304357,0.742637647836841,False,False,False,False,False,True,U1_age_sex_adjusted
SLC35D3,0.012965697747462,0.828065392785496,-0.0247821494390634,0.696072132470601,False,False,False,False,False,True,U1_age_sex_adjusted
CUX2,0.0083209321959688,0.828065392785496,-0.0146244672443754,0.7224872397798,False,False,False,False,False,True,U1_age_sex_adjusted
KCTD3,0.0120743549959402,0.828378271025183,-0.0273914919183861,0.639204909132317,False,False,False,False,False,True,U1_age_sex_adjusted
NCKAP5L,0.0080710713933654,0.830278393392857,-0.0009330154591552,0.983092245522157,False,False,False,False,False,True,U1_age_sex_adjusted
LINC00839,0.0094204198853565,0.83061377075652,-0.0089731180510724,0.854539059503932,False,False,False,False,False,True,U1_age_sex_adjusted
ZNF445,0.0066450231627852,0.831991367623946,-0.0019794897405474,0.955990898628441,False,False,False,False,False,True,U1_age_sex_adjusted
SGO1,-0.0100549516911933,0.83359261939261,0.00996659082155,0.851961145741321,False,False,False,False,False,True,U1_age_sex_adjusted
ZNF35,0.0090459615772987,0.834126420486975,-0.0002773370873085,0.995560319199706,False,False,False,False,False,True,U1_age_sex_adjusted
FAM151B,-0.0088003074674416,0.834380977588255,0.0097670292094759,0.8336760907953,False,False,False,False,False,True,U1_age_sex_adjusted
DSCAM,0.0119098016261573,0.835910359076826,-0.0115880246193033,0.856670603411361,False,False,False,False,False,True,U1_age_sex_adjusted
UCP2,-0.0159253454102491,0.838376238826298,0.0094526943343875,0.91419552888891,False,False,False,False,False,True,U1_age_sex_adjusted
DHX32,-0.016621309798471,0.839197707493506,0.0320499341940958,0.71382596368528,False,False,False,False,False,True,U1_age_sex_adjusted
FRYL,-0.020493712201091,0.839197707493506,0.0307918324911872,0.778205029644058,False,False,False,False,False,True,U1_age_sex_adjusted
CASQ1,0.0081266854187878,0.839392333734519,-0.012827828207621,0.766957734225193,False,False,False,False,False,True,U1_age_sex_adjusted
OR10H5,-0.0070747656161775,0.840140737912104,0.0033790241463058,0.932125777605976,False,False,False,False,False,True,U1_age_sex_adjusted
KCNF1,0.0099196544981021,0.840162620277946,-0.0044805732242248,0.936297168927066,False,False,False,False,False,True,U1_age_sex_adjusted
RESF1,-0.0172081249295488,0.840162620277946,0.0164321256447698,0.862638934554197,False,False,False,False,False,True,U1_age_sex_adjusted
ANXA7,0.0078263614181562,0.840288918999207,-0.0101260088323236,0.811837152150694,False,False,False,False,False,True,U1_age_sex_adjusted
PCNX3,-0.0124514631532667,0.841320271410578,0.0091216492204231,0.895581872846638,False,False,False,False,False,True,U1_age_sex_adjusted
SIAH3,-0.0081794992910999,0.841331636325535,0.0002076583607626,0.996503984435945,False,False,False,False,False,True,U1_age_sex_adjusted
OR4K5,-0.0065390647338724,0.842473505913237,0.0023955481323488,0.948789976118993,False,False,False,False,False,True,U1_age_sex_adjusted
RAP1GDS1,0.0106371639703368,0.843068289034953,-0.0078175867153035,0.895395578829024,False,False,False,False,False,True,U1_age_sex_adjusted
CAMK4,0.0090504890957921,0.843075391643881,-0.0110189269031822,0.826902916533135,False,False,False,False,False,True,U1_age_sex_adjusted
IL18R1,-0.0110185235170145,0.843746230214379,0.0056757681098415,0.927876446367709,False,False,False,False,False,True,U1_age_sex_adjusted
WDR31,-0.0070139922058194,0.84377151943781,0.0051887121379318,0.896344345373698,False,False,False,False,False,True,U1_age_sex_adjusted
ARHGAP26,-0.0142103276526766,0.844269531588997,0.0168746675079825,0.832596254125816,False,False,False,False,False,True,U1_age_sex_adjusted
CPAP,-0.0093739645894772,0.844690271520447,0.0009682139773727,0.985900379263826,False,False,False,False,False,True,U1_age_sex_adjusted
THOC6,-0.0121847250931286,0.845306696266409,0.0116847364162728,0.866584246145814,False,False,False,False,False,True,U1_age_sex_adjusted
GYS2,0.008314450937649,0.84537749581949,-0.0002725802061682,0.995560319199706,False,False,False,False,False,True,U1_age_sex_adjusted
PARN,0.0112083226594675,0.845983683308092,-0.0059529942026535,0.926980748107358,False,False,False,False,False,True,U1_age_sex_adjusted
BACH1,-0.0117761943222384,0.846194179991515,0.0029022593465631,0.967822979083693,False,False,False,False,False,True,U1_age_sex_adjusted
MSS51,0.0113347453492277,0.846457814544398,-0.0104453567521291,0.873082774328296,False,False,False,False,False,True,U1_age_sex_adjusted
LINC00474,0.0057973593756754,0.846489064026871,-0.0037079677845377,0.911961227870017,False,False,False,False,False,True,U1_age_sex_adjusted
EDA2R,0.0057519804982003,0.849117515484371,-0.0142497664371105,0.651394216101165,False,False,False,False,False,True,U1_age_sex_adjusted
ARC,0.0091903544011784,0.849938769446608,-0.0327745384340331,0.506021645396521,False,False,False,False,False,True,U1_age_sex_adjusted
DBIL5P,0.0061890478230212,0.85032822791294,-0.0097263551543517,0.784127869550328,False,False,False,False,False,True,U1_age_sex_adjusted
CTNNA3,0.0051635311354787,0.850348729715656,-0.0092903369994429,0.753016801330307,False,False,False,False,False,True,U1_age_sex_adjusted
BEX4,0.0255560717544716,0.851298262152422,-0.0061383680076941,0.96975597948948,False,False,False,False,False,True,U1_age_sex_adjusted
PARP6,0.0176395377772109,0.853062822787445,-0.0085702113885703,0.936660506530621,False,False,False,False,False,True,U1_age_sex_adjusted
DIP2A,0.0082342719416141,0.854009241923135,-0.0136984696291837,0.777054294028886,False,False,False,False,False,True,U1_age_sex_adjusted
APOH,-0.0134850296730692,0.854818491289509,0.0344216459133929,0.65749733418381,False,False,False,False,False,True,U1_age_sex_adjusted
ZNF264,-0.009346300387032,0.854972858090755,0.0047951690358541,0.934117207737286,False,False,False,False,False,True,U1_age_sex_adjusted
CCDC82,0.017404227075628,0.855557037605167,-0.0108677116299892,0.918511365184294,False,False,False,False,False,True,U1_age_sex_adjusted
EIF4ENIF1,0.0085616025366793,0.855763363942436,-0.0101159163357161,0.846471083244462,False,False,False,False,False,True,U1_age_sex_adjusted
DTD1,0.0130248290747933,0.856653303430192,-0.0238113752688256,0.759315427490073,False,False,False,False,False,True,U1_age_sex_adjusted
EPS8L1,-0.0206790083419315,0.856912604925301,0.0038003582001141,0.977710892560015,False,False,False,False,False,True,U1_age_sex_adjusted
GRK5,-0.0062563035727335,0.858051818637763,0.004109864298609,0.916635321409173,False,False,False,False,False,True,U1_age_sex_adjusted
B9D1,0.0148040135760144,0.859629650766848,-0.0155424472076006,0.867914105634046,False,False,False,False,False,True,U1_age_sex_adjusted
ACE2,-0.0323491982780922,0.860475550456536,0.0554928610338922,0.780787080898762,False,False,False,False,False,True,U1_age_sex_adjusted
GALNT13,-0.0056429652551758,0.860475550456536,0.0138803077140534,0.68225233003505,False,False,False,False,False,True,U1_age_sex_adjusted
PABPC1,0.0056928490689307,0.860482184456916,-0.0046379087188449,0.898848205387807,False,False,False,False,False,True,U1_age_sex_adjusted
PLEKHH1,-0.0128443871789416,0.862667081513399,0.0091953092065781,0.912223560707888,False,False,False,False,False,True,U1_age_sex_adjusted
FCMR,-0.0218356022076729,0.863704801150445,0.0008600416376427,0.995501742891558,False,False,False,False,False,True,U1_age_sex_adjusted
SYDE2,0.0104977057299961,0.864122471888048,-0.0402364276087287,0.51922719900449,False,False,False,False,False,True,U1_age_sex_adjusted
CPA3,-0.0353321208185539,0.865519012824761,0.0447363555305139,0.846332946866575,False,False,False,False,False,True,U1_age_sex_adjusted
LURAP1L,0.01496009920525,0.865834947581815,-0.015465358496171,0.876027312021577,False,False,False,False,False,True,U1_age_sex_adjusted
ZNF229,-0.0055988443965459,0.866910943130994,0.0037262625667073,0.920726794677536,False,False,False,False,False,True,U1_age_sex_adjusted
FKBP1A,-0.0151594887822764,0.868496308379406,0.044233277827937,0.644562994267658,False,False,False,False,False,True,U1_age_sex_adjusted
CCDC87,0.0081873183791576,0.869870166265463,-0.0037353457064945,0.947747878524338,False,False,False,False,False,True,U1_age_sex_adjusted
LRRN1,0.0062310999419783,0.87076430601131,-0.0001367703018047,0.9974333137148,False,False,False,False,False,True,U1_age_sex_adjusted
IL18RAP,-0.0068500133855531,0.87076430601131,0.0066125057451518,0.888222970681501,False,False,False,False,False,True,U1_age_sex_adjusted
ELOVL6,-0.0250229845208131,0.872172178480657,0.0727730340139741,0.651361888434579,False,False,False,False,False,True,U1_age_sex_adjusted
LRRC59,-0.0158261049359296,0.872172178480657,0.0054268828132228,0.961949631064845,False,False,False,False,False,True,U1_age_sex_adjusted
F2,-0.0065077840551812,0.872195757160744,0.0019302827845706,0.967715094899937,False,False,False,False,False,True,U1_age_sex_adjusted
CCDC9,0.0110121424139537,0.872968549418102,-0.011549466482885,0.879972108820735,False,False,False,False,False,True,U1_age_sex_adjusted
KCND1,0.0075444720013943,0.874284762741613,-0.0041695843292217,0.938813457743328,False,False,False,False,False,True,U1_age_sex_adjusted
ACSM2A,-0.0048326565828662,0.874661374066792,0.0040588308889537,0.90551464614036,False,False,False,False,False,True,U1_age_sex_adjusted
DSCC1,-0.0121885721382249,0.875498236804675,0.0318185698667788,0.698313148515932,False,False,False,False,False,True,U1_age_sex_adjusted
SRARP,-0.0062383105045232,0.87639130106233,0.0004146500811711,0.99282751062063,False,False,False,False,False,True,U1_age_sex_adjusted
DDA1,-0.0100947392866502,0.877271523633431,0.0066984422288309,0.92697242652784,False,False,False,False,False,True,U1_age_sex_adjusted
VRK1,-0.0160264684322628,0.878314757891093,0.0015517780240138,0.989913772760512,False,False,False,False,False,True,U1_age_sex_adjusted
MARCHF10,0.0049108817791401,0.878457309522575,-0.0027375886549728,0.940334125250375,False,False,False,False,False,True,U1_age_sex_adjusted
IZUMO2,-0.0070338182186942,0.879258939856174,0.0035869235901504,0.945919628334231,False,False,False,False,False,True,U1_age_sex_adjusted
DEFB110,-0.0046327427451305,0.879258939856174,0.0037016408469143,0.9132917993188,False,False,False,False,False,True,U1_age_sex_adjusted
CTSL,0.0169404214833325,0.880165050756788,-0.0360804346704643,0.764650665448719,False,False,False,False,False,True,U1_age_sex_adjusted
ASXL3,-0.0081156137718844,0.880769589636658,0.00338972672892,0.955990898628441,False,False,False,False,False,True,U1_age_sex_adjusted
SCAI,0.0146919640944377,0.880781746860932,-0.0120207236689481,0.912286891880089,False,False,False,False,False,True,U1_age_sex_adjusted
LINC03009,-0.0082979302093212,0.881401149325076,0.0117591102615589,0.847921676784496,False,False,False,False,False,True,U1_age_sex_adjusted
PSG9,-0.0038416811951622,0.881401149325076,0.0024573469212471,0.932296706784489,False,False,False,False,False,True,U1_age_sex_adjusted
IL7R,-0.017995018154691,0.881401149325076,0.0473944528229759,0.703732983248109,False,False,False,False,False,True,U1_age_sex_adjusted
SYNDIG1,-0.0078049838179962,0.882267027414447,0.0142854425182802,0.802354979078474,False,False,False,False,False,True,U1_age_sex_adjusted
ARPC1B,0.0109950007119771,0.882891016553034,-0.0055436922517052,0.947794748895267,False,False,False,False,False,True,U1_age_sex_adjusted
TXNRD2,0.0103698694108102,0.883359881424894,-0.0142026045341885,0.853312361542746,False,False,False,False,False,True,U1_age_sex_adjusted
NEDD4L,-0.0139397498700605,0.883702064290118,0.026034571326624,0.800368770926703,False,False,False,False,False,True,U1_age_sex_adjusted
LRRC10B,-0.0100715362740878,0.88387792586032,0.0236715884161977,0.747871890614187,False,False,False,False,False,True,U1_age_sex_adjusted
CCL11,0.0355534466556111,0.884602699904484,-0.136390844884931,0.584112190698441,False,False,False,False,False,True,U1_age_sex_adjusted
SPECC1L,-0.0091321917989958,0.885207407887903,0.0143867599471423,0.835020463487459,False,False,False,False,False,True,U1_age_sex_adjusted
SPATS1,0.0054938869082799,0.885207407887903,-0.0035838733276981,0.933008923278647,False,False,False,False,False,True,U1_age_sex_adjusted
PRB4,0.0064419731146133,0.886365409049186,-0.0025890087117418,0.959990555485835,False,False,False,False,False,True,U1_age_sex_adjusted
MRPL35,-0.0125092910142534,0.886872666004409,0.0048673655861511,0.961647209955812,False,False,False,False,False,True,U1_age_sex_adjusted
NDUFA4L2,0.0066569552151363,0.886872666004409,-0.0246632589518465,0.609084058054807,False,False,False,False,False,True,U1_age_sex_adjusted
P2RY10,-0.0159176751974974,0.88859839178853,0.0154268256481354,0.90282387125958,False,False,False,False,False,True,U1_age_sex_adjusted
TCF3,-0.0067379955775933,0.889532602428004,0.0010417901194314,0.984989482062113,False,False,False,False,False,True,U1_age_sex_adjusted
TIGD6,0.0052322876879168,0.889676085350758,-0.0059839160649763,0.885829682008602,False,False,False,False,False,True,U1_age_sex_adjusted
NPBWR2,0.0046936078746621,0.890034150790962,-0.0012525319484622,0.974841687430729,False,False,False,False,False,True,U1_age_sex_adjusted
PPIL6,0.0052806328218813,0.890282956630533,-0.014356801396053,0.722243446629608,False,False,False,False,False,True,U1_age_sex_adjusted
KRT1,-0.0109869800110401,0.890758700738508,0.0255108383916607,0.763933587989215,False,False,False,False,False,True,U1_age_sex_adjusted
OR52I1,-0.0047319718895113,0.890758700738508,0.0083299590110415,0.824176744993949,False,False,False,False,False,True,U1_age_sex_adjusted
LOC162137,0.0047795553284793,0.890945798085728,-0.003978221532497,0.916856577491183,False,False,False,False,False,True,U1_age_sex_adjusted
REXO2,0.019483585367211,0.891022635315531,-0.0117460562448027,0.942114351171019,False,False,False,False,False,True,U1_age_sex_adjusted
RBP3,0.0051324601519153,0.891022635315531,-0.0051264308946134,0.9023113197388,False,False,False,False,False,True,U1_age_sex_adjusted
POTEB3,-0.0055116747017559,0.891222435173314,0.0075188520248366,0.866584246145814,False,False,False,False,False,True,U1_age_sex_adjusted
RNF113B,-0.0059310978806354,0.891222435173314,0.0064730151686951,0.893363180243611,False,False,False,False,False,True,U1_age_sex_adjusted
ZMYM5,0.0071695067923935,0.891841934847171,-0.0302027614108254,0.573869399719913,False,False,False,False,False,True,U1_age_sex_adjusted
FOXL1,-0.0079559599080508,0.892115515387351,0.0208137335762025,0.739596290389807,False,False,False,False,False,True,U1_age_sex_adjusted
ATP2B2,0.0031696357125988,0.892271858132054,-0.001373003711022,0.959056803586262,False,False,False,False,False,True,U1_age_sex_adjusted
ZNF80,0.0037010411566596,0.892787238505211,-0.0103375508261815,0.721973722598367,False,False,False,False,False,True,U1_age_sex_adjusted
NEK6,0.0100485332501078,0.894290676559666,-0.0124090842061363,0.882365090984796,False,False,False,False,False,True,U1_age_sex_adjusted
PRSS23,0.0208300427377333,0.894359472736794,-0.0160046225694359,0.927097164596442,False,False,False,False,False,True,U1_age_sex_adjusted
ABCF3,0.0051417278000239,0.894655939445081,-0.0049301564098786,0.909438693123351,False,False,False,False,False,True,U1_age_sex_adjusted
PSMB4,0.0046739528834142,0.895387371571161,-0.0034789988668297,0.930491533896251,False,False,False,False,False,True,U1_age_sex_adjusted
LOC100132686,0.0062671733189132,0.89605113621003,-0.0093170730252066,0.860977528677481,False,False,False,False,False,True,U1_age_sex_adjusted
ERAL1,-0.0083436597048059,0.896159217880089,0.005627255711114,0.937921918122766,False,False,False,False,False,True,U1_age_sex_adjusted
SCARA5,-0.0058857581571159,0.896159217880089,0.0188796508350167,0.692186948981799,False,False,False,False,False,True,U1_age_sex_adjusted
RHOH,-0.0235548296220457,0.896159217880089,0.0064623337614736,0.975531494157221,False,False,False,False,False,True,U1_age_sex_adjusted
TLE2,0.0139999296298992,0.896448764997066,-0.0196399122867981,0.869735911243632,False,False,False,False,False,True,U1_age_sex_adjusted
NECTIN4,0.0074562156342153,0.896812393469774,-0.0151392369496813,0.80786799802851,False,False,False,False,False,True,U1_age_sex_adjusted
MFSD2B,-0.0074284718001606,0.897081505809497,0.0105168464021153,0.869710411768468,False,False,False,False,False,True,U1_age_sex_adjusted
MED10,0.0080184550264005,0.89762767205596,-0.0022483980936847,0.975413977013478,False,False,False,False,False,True,U1_age_sex_adjusted
ZIK1,0.0035584393976762,0.900904158914251,-0.001959627998777,0.951932677237241,False,False,False,False,False,True,U1_age_sex_adjusted
NUP153,0.0067241620507738,0.900979857411049,-0.0181248841785236,0.753859558930799,False,False,False,False,False,True,U1_age_sex_adjusted
ATP7B,-0.0057724829792597,0.901682173095284,0.0063246257457456,0.903104038269844,False,False,False,False,False,True,U1_age_sex_adjusted
NOSTRIN,-0.0131125117215369,0.901700895705643,0.0008209141356191,0.994849314128653,False,False,False,False,False,True,U1_age_sex_adjusted
IRX2,0.0079363771228272,0.90211347969456,-0.0537736061567097,0.394844459814561,False,False,False,False,False,True,U1_age_sex_adjusted
CLEC5A,0.0042029407481075,0.902182742130479,-0.006325206259446,0.867736490995554,False,False,False,False,False,True,U1_age_sex_adjusted
TSC2,0.0052023529277568,0.902315401755161,-0.0053401388483007,0.909438693123351,False,False,False,False,False,True,U1_age_sex_adjusted
TTC24,-0.0047133662053975,0.902320622073922,0.0012592214177243,0.977702348024875,False,False,False,False,False,True,U1_age_sex_adjusted
OGFRL1,0.0066451629005133,0.902320622073922,-0.0326846729517282,0.554009882313383,False,False,False,False,False,True,U1_age_sex_adjusted
DNAJC7,-0.0063290190434337,0.903035933988282,0.0072701078456586,0.8997679128929,False,False,False,False,False,True,U1_age_sex_adjusted
MIR7-3HG,-0.0056138128694854,0.903583670966222,0.0233135599826074,0.627506736920555,False,False,False,False,False,True,U1_age_sex_adjusted
PHRF1,-0.0076853508835192,0.903883070527854,0.0014467091372735,0.984241241740612,False,False,False,False,False,True,U1_age_sex_adjusted
OR6C76,-0.00504155607941,0.906214313475748,0.0074302583628961,0.876081894882011,False,False,False,False,False,True,U1_age_sex_adjusted
MPEG1,-0.0108233626343844,0.906518656829231,0.0015945112377902,0.988086104516036,False,False,False,False,False,True,U1_age_sex_adjusted
SCN3A,-0.0043531817291503,0.907099393591486,0.0228342798531329,0.548541972326859,False,False,False,False,False,True,U1_age_sex_adjusted
MME,-0.0042864215452802,0.907519896485346,0.0027312569630021,0.947747878524338,False,False,False,False,False,True,U1_age_sex_adjusted
LIPI,-0.0035759970757764,0.908302999444816,0.001056668760801,0.97706421952359,False,False,False,False,False,True,U1_age_sex_adjusted
C2orf80,0.0034820729676818,0.90850766067849,-0.0083806106377526,0.797034248641875,False,False,False,False,False,True,U1_age_sex_adjusted
PLAAT2,-0.0367041013050271,0.908607742633418,0.0802841723952161,0.817847960769906,False,False,False,False,False,True,U1_age_sex_adjusted
ABHD2,-0.010124099016355,0.910154280197922,0.011082802671011,0.911335041767481,False,False,False,False,False,True,U1_age_sex_adjusted
FAM169BP,0.0049452714217376,0.91018873399034,-0.0021486486515723,0.966648697182152,False,False,False,False,False,True,U1_age_sex_adjusted
ADGRV1,-0.0113854991800845,0.910376325756899,0.0846394923842872,0.393912366128419,False,False,False,False,False,True,U1_age_sex_adjusted
HEXA,0.0061785064341016,0.910942709497122,-0.0088447182411899,0.885780904992159,False,False,False,False,False,True,U1_age_sex_adjusted
FBXO7,0.0033399893326584,0.912309894167747,-0.0089470555204465,0.783959229513827,False,False,False,False,False,True,U1_age_sex_adjusted
RCBTB1,0.0048290739443224,0.913158292531316,-0.0154130251053961,0.744939658244838,False,False,False,False,False,True,U1_age_sex_adjusted
OR10A3,-0.004410123443891,0.913527956448403,0.0166353026491375,0.698649040836063,False,False,False,False,False,True,U1_age_sex_adjusted
ARL14,-0.0202700358121586,0.915012220531684,0.0473572941682745,0.819251189194855,False,False,False,False,False,True,U1_age_sex_adjusted
MON1A,0.0076143663913512,0.917143890089702,-0.0231632389514648,0.766896913597289,False,False,False,False,False,True,U1_age_sex_adjusted
MALRD1,0.0055945890232464,0.917219061320726,-0.0001490976714718,0.998015353802689,False,False,False,False,False,True,U1_age_sex_adjusted
CLK2,0.0080248142014561,0.917507875564305,-0.0059306715008049,0.946190113169619,False,False,False,False,False,True,U1_age_sex_adjusted
SLX4IP,-0.0103587721062292,0.917659478364443,0.0515587428294214,0.618990292191624,False,False,False,False,False,True,U1_age_sex_adjusted
NRDE2,-0.0063553086979421,0.917813202890801,0.0074931161248506,0.912971023933309,False,False,False,False,False,True,U1_age_sex_adjusted
TBC1D10A,-0.0058775085461822,0.918027254019985,0.0096963857271504,0.878384045523746,False,False,False,False,False,True,U1_age_sex_adjusted
MFSD6L,-0.0087153772932649,0.918491138240758,0.0251968091951961,0.782349599495817,False,False,False,False,False,True,U1_age_sex_adjusted
CCDC15,0.0054640977633466,0.91973815469787,-0.0080032490387402,0.894292267663069,False,False,False,False,False,True,U1_age_sex_adjusted
TBR1,-0.0038357575196944,0.920770080236824,0.0006936776950036,0.98746291531257,False,False,False,False,False,True,U1_age_sex_adjusted
LIPG,0.0060509267625874,0.921053357157108,-0.0046170400296046,0.946190113169619,False,False,False,False,False,True,U1_age_sex_adjusted
TMEM268,0.0038329113349763,0.921804564688938,-7.52688095581668e-06,0.999816584001702,False,False,False,False,False,True,U1_age_sex_adjusted
C20orf202,0.0065319273867472,0.922720815970004,-0.0007739691865482,0.992106146674122,False,False,False,False,False,True,U1_age_sex_adjusted
ARHGEF4,-0.0035232149317336,0.923625372596187,0.0044340472493877,0.9132917993188,False,False,False,False,False,True,U1_age_sex_adjusted
CCDC177,0.0048898946371525,0.92438701761696,-0.0120421665972063,0.830158456831316,False,False,False,False,False,True,U1_age_sex_adjusted
RGS7BP,-0.0025871760309772,0.924806812568577,0.0129129968436608,0.651182751069355,False,False,False,False,False,True,U1_age_sex_adjusted
MAP3K8,0.0056045661212091,0.92484239227096,-0.0311309062320205,0.61187966773388,False,False,False,False,False,True,U1_age_sex_adjusted
KLF1,-0.0039273849541613,0.924985927437985,0.0067796769227157,0.883481508018716,False,False,False,False,False,True,U1_age_sex_adjusted
ADCK1,-0.0061649499306416,0.925172893886116,0.004211922128589,0.955076909582198,False,False,False,False,False,True,U1_age_sex_adjusted
PPP3CB,0.0071555076245749,0.925385884234493,-0.0130644499734447,0.877767448920828,False,False,False,False,False,True,U1_age_sex_adjusted
DCAF8L1,-0.0027736731338881,0.92552847963243,0.0029622868210368,0.927468057043061,False,False,False,False,False,True,U1_age_sex_adjusted
FGF5,0.0030679709411342,0.926493995887639,-0.004405994561784,0.904751652193879,False,False,False,False,False,True,U1_age_sex_adjusted
MOV10,-0.0075094842513997,0.926557470278936,0.0015069224405405,0.987035677564256,False,False,False,False,False,True,U1_age_sex_adjusted
ABTB3,-0.0032187810282116,0.927678290289405,0.0014523564430053,0.972264280063696,False,False,False,False,False,True,U1_age_sex_adjusted
DUXAP10,0.0043761257145033,0.927678290289405,-0.0057389614345104,0.914309106126822,False,False,False,False,False,True,U1_age_sex_adjusted
ZFYVE26,-0.0056117511248973,0.929953308806179,0.0300467528734764,0.649460625467676,False,False,False,False,False,True,U1_age_sex_adjusted
KIF20B,-0.0075808359549296,0.930067935215698,0.0057284932694602,0.953295058938524,False,False,False,False,False,True,U1_age_sex_adjusted
ZNF48,0.0041872666105342,0.930067935215698,-0.0013230742317885,0.980963047103209,False,False,False,False,False,True,U1_age_sex_adjusted
GRHL2,-0.0053545078328732,0.930672548176271,0.0213299317945472,0.741005439817468,False,False,False,False,False,True,U1_age_sex_adjusted
OTX2,0.0024821905377547,0.930672548176271,-0.0016351191802883,0.959912310697206,False,False,False,False,False,True,U1_age_sex_adjusted
KLHL9,-0.0050305600030929,0.930672548176271,0.0040977977081999,0.950074357544615,False,False,False,False,False,True,U1_age_sex_adjusted
SLC49A4,-0.0078895022939012,0.930961075734667,0.0011825782709939,0.991102287634685,False,False,False,False,False,True,U1_age_sex_adjusted
SPATA4,0.0046669217618066,0.931834439158045,-0.0185324535164665,0.749712522363463,False,False,False,False,False,True,U1_age_sex_adjusted
GNS,0.0054586252275708,0.932196337489587,-0.0055276932427113,0.939345234666782,False,False,False,False,False,True,U1_age_sex_adjusted
SLC6A1,0.0029150206889009,0.932196337489587,-0.0034188728810896,0.928330734126658,False,False,False,False,False,True,U1_age_sex_adjusted
IL17C,-0.0033644063034027,0.932478791193168,0.0060996744546484,0.888914259387693,False,False,False,False,False,True,U1_age_sex_adjusted
BTN1A1,-0.0036963042766833,0.933556165023576,0.0011891239629323,0.981574553289781,False,False,False,False,False,True,U1_age_sex_adjusted
ARPP19,0.005593577158219,0.933975611455815,-0.0266318503959772,0.707466537457352,False,False,False,False,False,True,U1_age_sex_adjusted
H2BC10,0.0026830438774615,0.934026291292104,-0.0044380876251085,0.901720195250036,False,False,False,False,False,True,U1_age_sex_adjusted
LTO1,-0.0037529704272702,0.934251498024677,0.006384892318872,0.899033647889991,False,False,False,False,False,True,U1_age_sex_adjusted
LRRIQ1,-0.0035592795566249,0.934381254399298,0.0129787198676694,0.777847962440773,False,False,False,False,False,True,U1_age_sex_adjusted
MARK2,-0.0066534489242938,0.934922318872439,0.0190500204235842,0.828575065403912,False,False,False,False,False,True,U1_age_sex_adjusted
SLC14A1,-0.0036623295313568,0.935534648051135,0.0123704531070839,0.799757685436393,False,False,False,False,False,True,U1_age_sex_adjusted
BEND3,-0.0054774301917101,0.935593012599336,0.0140886799993079,0.850028181744569,False,False,False,False,False,True,U1_age_sex_adjusted
BLID,0.0027387352864282,0.935593012599336,-0.0109368180488208,0.762730166838223,False,False,False,False,False,True,U1_age_sex_adjusted
ANKRD18A,-0.0024544192324929,0.936561972975852,0.006718399955559,0.842388582533604,False,False,False,False,False,True,U1_age_sex_adjusted
BEND4,-0.0034303144821603,0.936657325746757,0.0032412293112915,0.947198141943071,False,False,False,False,False,True,U1_age_sex_adjusted
DGKE,-0.0021172233339747,0.938546820203842,0.003246293609422,0.914260643057127,False,False,False,False,False,True,U1_age_sex_adjusted
IGFBP1,-0.0028385460289262,0.939361693245011,0.0064008170445903,0.876140704442489,False,False,False,False,False,True,U1_age_sex_adjusted
KRT18,-0.0119704452568572,0.939765918939208,0.0249973040183602,0.886119274475521,False,False,False,False,False,True,U1_age_sex_adjusted
ZNF718,-0.0034500060671162,0.941225996323055,0.0138099861661548,0.78160469417585,False,False,False,False,False,True,U1_age_sex_adjusted
CCDC183,0.007935247178848,0.941339350014224,-0.0496807706517139,0.657217535816488,False,False,False,False,False,True,U1_age_sex_adjusted
KRTAP9-8,-0.0032319343908243,0.941437457343001,0.0003698500580695,0.994336052456547,False,False,False,False,False,True,U1_age_sex_adjusted
DOCK10,-0.0092097874740208,0.941720048640671,0.0916372575654904,0.463533858870545,False,False,False,False,False,True,U1_age_sex_adjusted
TEX28,0.0020569588017916,0.942355435846703,-0.0025310900088634,0.936781511619234,False,False,False,False,False,True,U1_age_sex_adjusted
GLDC,0.0059778802191362,0.942767462568099,-0.0162229425339393,0.858922377009951,False,False,False,False,False,True,U1_age_sex_adjusted
CPLANE2,-0.003715007128772,0.943280261215853,0.0065072276332867,0.909953894328314,False,False,False,False,False,True,U1_age_sex_adjusted
ACSL6,0.0023727649691811,0.943280261215853,-0.0039909053494446,0.913550610373127,False,False,False,False,False,True,U1_age_sex_adjusted
OR5K4,0.0022782787586464,0.94356073131102,-0.0069783889164983,0.841077995144665,False,False,False,False,False,True,U1_age_sex_adjusted
KCNK17,0.002546424408783,0.943734101083931,-0.0026497247812608,0.948008262695104,False,False,False,False,False,True,U1_age_sex_adjusted
FAM83D,0.017074592823703,0.943817916469699,-0.0903494136032024,0.723339034951751,False,False,False,False,False,True,U1_age_sex_adjusted
SLC16A7,0.0039310385393728,0.944033270529256,-0.0009541673172152,0.988161584341302,False,False,False,False,False,True,U1_age_sex_adjusted
PPP1R8,-0.0027919798715085,0.944763594583421,0.0052776529699277,0.90551464614036,False,False,False,False,False,True,U1_age_sex_adjusted
ARID3A,0.0055518061701415,0.94516345334492,-0.0609958993387447,0.445196798327551,False,False,False,False,False,True,U1_age_sex_adjusted
CAPZA3,0.0025649096156789,0.94516345334492,-0.0087634646094858,0.828889584618733,False,False,False,False,False,True,U1_age_sex_adjusted
RCOR3,0.0035040316474765,0.945837884822135,-0.0196544012090219,0.718593293355408,False,False,False,False,False,True,U1_age_sex_adjusted
RAPGEF3,0.0021569116369254,0.945837884822135,-0.0033185280806432,0.92495911682529,False,False,False,False,False,True,U1_age_sex_adjusted
RRN3P1,-0.002759451828652,0.945837884822135,0.0008313239017816,0.985522270476974,False,False,False,False,False,True,U1_age_sex_adjusted
RIN1,-0.0041340378298335,0.945837884822135,0.0216833293742253,0.737515318275387,False,False,False,False,False,True,U1_age_sex_adjusted
GUCY1A2,-0.0026925195157044,0.946186487517261,0.0190365335005846,0.646549379472326,False,False,False,False,False,True,U1_age_sex_adjusted
AMPD2,0.00291519033189,0.946555179830343,-0.001820418627556,0.971504275101198,False,False,False,False,False,True,U1_age_sex_adjusted
OR4Q3,-0.0030498569681609,0.946570700864813,0.0020573896097858,0.969152701079054,False,False,False,False,False,True,U1_age_sex_adjusted
TOE1,-0.0039007704849474,0.946713220110434,0.0163920147428449,0.793764763548071,False,False,False,False,False,True,U1_age_sex_adjusted
INSL4,-0.0029226526520338,0.947112282596803,0.0217171394375207,0.634374449252597,False,False,False,False,False,True,U1_age_sex_adjusted
EIF4E,-0.0054342431172731,0.947842296782397,0.0226230095290855,0.799254077984734,False,False,False,False,False,True,U1_age_sex_adjusted
OR5H14,0.0020841959692353,0.948813420696795,-0.0117169342180119,0.732348576131341,False,False,False,False,False,True,U1_age_sex_adjusted
CKM,0.0028502286901883,0.948853892780725,-0.0005572829098847,0.991377018375924,False,False,False,False,False,True,U1_age_sex_adjusted
TMEM154,0.0052303772731923,0.949202022915805,-0.0071451086638535,0.938419557107649,False,False,False,False,False,True,U1_age_sex_adjusted
COMP,-0.0030775469342062,0.952025658704333,0.0056824070254427,0.917744662201118,False,False,False,False,False,True,U1_age_sex_adjusted
KRT75,-0.0021929816275312,0.952045918554527,0.0185696585484587,0.615290855017923,False,False,False,False,False,True,U1_age_sex_adjusted
HIPK3,0.001949665657642,0.952393217650073,-0.0044966295764204,0.899726979301787,False,False,False,False,False,True,U1_age_sex_adjusted
SYNGR2,-0.0055029628527951,0.952816461606827,0.0193083621249963,0.847661684277449,False,False,False,False,False,True,U1_age_sex_adjusted
PHACTR3,-0.003027062963233,0.953197041168819,0.0216594521892673,0.682971031900535,False,False,False,False,False,True,U1_age_sex_adjusted
MYLK4,0.0023145487687247,0.953272954031839,-0.0073259482025548,0.864389240807642,False,False,False,False,False,True,U1_age_sex_adjusted
CACNG1,0.0024259293126824,0.954136576871266,-0.0023884340850368,0.9598839505329,False,False,False,False,False,True,U1_age_sex_adjusted
SHPRH,-0.0043333369876272,0.954168957901442,0.0121004481467038,0.882741350818491,False,False,False,False,False,True,U1_age_sex_adjusted
PICK1,-0.002212917845759,0.954169037953591,0.0081762786053255,0.84360762510477,False,False,False,False,False,True,U1_age_sex_adjusted
CSPP1,0.003418864664882,0.954708801542295,-0.0116164030863416,0.858299561932517,False,False,False,False,False,True,U1_age_sex_adjusted
PPDPF,-0.0030390294863546,0.956694199940672,0.0095554603462812,0.873422965936274,False,False,False,False,False,True,U1_age_sex_adjusted
NDUFAF8,-0.003591063002155,0.957314016061978,0.0265880532407154,0.700259060330645,False,False,False,False,False,True,U1_age_sex_adjusted
PPARGC1B,-0.003232258420629,0.957314016061978,0.0085691832101907,0.895581872846638,False,False,False,False,False,True,U1_age_sex_adjusted
CCDC152,-0.0053602417021681,0.960356960403464,0.0449842228988462,0.681331995644195,False,False,False,False,False,True,U1_age_sex_adjusted
REST,-0.00263070212902,0.960427211599499,0.0170485777532534,0.755851671700595,False,False,False,False,False,True,U1_age_sex_adjusted
TIMM10B,-0.0025713897797432,0.961390981604051,0.0060225796077083,0.915144372759915,False,False,False,False,False,True,U1_age_sex_adjusted
ODAD4,0.0020358936753616,0.961395009749706,-0.0147732327749025,0.730444477645304,False,False,False,False,False,True,U1_age_sex_adjusted
SPANXN1,0.003484610231594,0.961395009749706,-0.0070728794669081,0.927097164596442,False,False,False,False,False,True,U1_age_sex_adjusted
IFI27,-0.0064772899697836,0.961660294896191,0.0103492784137255,0.94401273083351,False,False,False,False,False,True,U1_age_sex_adjusted
CLDN23,-0.0091807981234185,0.962158383650624,0.0920683832588005,0.634107705249865,False,False,False,False,False,True,U1_age_sex_adjusted
CA6,-0.0011586197531702,0.962283627171116,0.0039680981359436,0.879560531334712,False,False,False,False,False,True,U1_age_sex_adjusted
TBC1D10C,-0.0073899617178074,0.962405878804647,0.0036545508347186,0.983178057231761,False,False,False,False,False,True,U1_age_sex_adjusted
CD5,-0.0028186583356861,0.963245399369999,0.0371796358452887,0.532826774037509,False,False,False,False,False,True,U1_age_sex_adjusted
ZUP1,-0.0031779425360062,0.96426859488678,0.0137414405512346,0.853753288290838,False,False,False,False,False,True,U1_age_sex_adjusted
OR13C4,0.0020734958231019,0.964865819266922,-0.0149757780668657,0.755612287050788,False,False,False,False,False,True,U1_age_sex_adjusted
ABCD1,0.003303415585115,0.965063352138918,-0.0042752796359644,0.958669740116694,False,False,False,False,False,True,U1_age_sex_adjusted
THUMPD2,-0.0022624823265997,0.965070401633474,0.0034833178632675,0.950533179299454,False,False,False,False,False,True,U1_age_sex_adjusted
FAU,0.001058625107474,0.965187617820779,-0.0008318630122687,0.975474870255185,False,False,False,False,False,True,U1_age_sex_adjusted
THSD7B,0.0014348773832274,0.967729813629704,-0.0056756909058807,0.879125066282262,False,False,False,False,False,True,U1_age_sex_adjusted
POLR3GL,0.0028796477660374,0.967842375526179,-0.0216177921711543,0.765551505908193,False,False,False,False,False,True,U1_age_sex_adjusted
LAMA3,-0.0069468511585067,0.968054382100051,0.0749193749047862,0.664338337339956,False,False,False,False,False,True,U1_age_sex_adjusted
LINC00260,0.0029065074932323,0.96824572823616,-0.0014596573794379,0.98518715699413,False,False,False,False,False,True,U1_age_sex_adjusted
ZBED2,-0.0020817819542857,0.968677599271733,0.0054428791072867,0.923009785570611,False,False,False,False,False,True,U1_age_sex_adjusted
TDRD9,0.0017036584015581,0.968762029084372,-0.0010533343542396,0.982493107992391,False,False,False,False,False,True,U1_age_sex_adjusted
TIE1,0.0012406366088884,0.970203754404,-0.0017267309844442,0.962324154463928,False,False,False,False,False,True,U1_age_sex_adjusted
C10orf120,-0.0018042091040356,0.970240364025493,0.0133818437628453,0.785230009392303,False,False,False,False,False,True,U1_age_sex_adjusted
NLRC4,-0.001187015900901,0.970977080104369,0.0185736656006935,0.559824688878452,False,False,False,False,False,True,U1_age_sex_adjusted
CLTCL1,-0.0013501422751626,0.971076251014212,0.0038021476010204,0.923385291047822,False,False,False,False,False,True,U1_age_sex_adjusted
PAH,0.0013343461623776,0.971076251014212,-0.008898565651851,0.81512792743876,False,False,False,False,False,True,U1_age_sex_adjusted
DNAI3,0.0014913085415826,0.971076251014212,-0.0021161703891384,0.962631981777166,False,False,False,False,False,True,U1_age_sex_adjusted
IL27RA,-0.0027455404490562,0.9713060035562,0.0338740181123564,0.657153395659881,False,False,False,False,False,True,U1_age_sex_adjusted
CLXN,-0.0010359648338778,0.971477442270185,0.0030042476334518,0.922463286614059,False,False,False,False,False,True,U1_age_sex_adjusted
SPATC1L,-0.0028233987381549,0.971832783156305,0.0174242969667251,0.834587033731075,False,False,False,False,False,True,U1_age_sex_adjusted
LAIR1,0.0028962283014946,0.971832783156305,-0.0162620565947363,0.851751349078191,False,False,False,False,False,True,U1_age_sex_adjusted
WNT10B,-0.0027502187813779,0.971832783156305,0.0211888049033061,0.79137031766077,False,False,False,False,False,True,U1_age_sex_adjusted
CTDSP1,-0.0014613024404605,0.972127918683432,0.0049257224073379,0.912218609207074,False,False,False,False,False,True,U1_age_sex_adjusted
OR2T11,0.0016724951976448,0.97216766696828,-0.002046096474235,0.96975597948948,False,False,False,False,False,True,U1_age_sex_adjusted
RAB8B,0.0022222691001143,0.972244203653156,-0.0090004770436152,0.894793425948837,False,False,False,False,False,True,U1_age_sex_adjusted
LCE1B,0.0014678568091776,0.972296047924412,-0.0155611607840693,0.719201425724697,False,False,False,False,False,True,U1_age_sex_adjusted
C1orf185,0.001168891921084,0.97325807655162,-0.0136112227583287,0.696025471818917,False,False,False,False,False,True,U1_age_sex_adjusted
OR52E6,-0.0013112142329049,0.975367018840717,0.0014521970167064,0.975177258830232,False,False,False,False,False,True,U1_age_sex_adjusted
KLHL26,0.0010545166383623,0.975717087347355,-0.0009495234570318,0.980175646596726,False,False,False,False,False,True,U1_age_sex_adjusted
TSPAN14,0.0022852375492183,0.975917110688788,-0.0132348715132765,0.867625593254633,False,False,False,False,False,True,U1_age_sex_adjusted
TYW1,-0.0021744637676641,0.976036915544499,0.0050530768393755,0.948008262695104,False,False,False,False,False,True,U1_age_sex_adjusted
TACR3,-0.0013189107573467,0.978756541442792,0.0070341623521486,0.890307909913568,False,False,False,False,False,True,U1_age_sex_adjusted
DVL3,-0.0013151479783237,0.978846357281744,0.0185220096306431,0.703904057327612,False,False,False,False,False,True,U1_age_sex_adjusted
PRSS57,0.0013338701154954,0.979300748377333,-0.0244274100292855,0.618340065759671,False,False,False,False,False,True,U1_age_sex_adjusted
LAPTM4A,0.0013375269030511,0.979300748377333,-0.0047268479388684,0.929289570114096,False,False,False,False,False,True,U1_age_sex_adjusted
CHIC1,0.0015459344536325,0.979353431033934,-0.0039533931259736,0.949786613598034,False,False,False,False,False,True,U1_age_sex_adjusted
P2RY12,0.0012370740021246,0.979789207739802,-0.0241934411127805,0.604832851959178,False,False,False,False,False,True,U1_age_sex_adjusted
ZC4H2,0.001443478558416,0.980961988894433,-0.0089051626959261,0.885294858957706,False,False,False,False,False,True,U1_age_sex_adjusted
ZNF683,-0.0014715857910026,0.981047599561189,0.0076756235528997,0.904028078854396,False,False,False,False,False,True,U1_age_sex_adjusted
RSL1D1,0.0020534522733436,0.981400702615961,-0.0181813049145768,0.83710142833195,False,False,False,False,False,True,U1_age_sex_adjusted
BBS4,0.0016788229902595,0.982660625914106,-0.0146051038940536,0.850258527407971,False,False,False,False,False,True,U1_age_sex_adjusted
SPOCK2,-0.0010325206077123,0.983006610458299,0.0139860592146979,0.765748202957442,False,False,False,False,False,True,U1_age_sex_adjusted
RPP40,-0.001912198365406,0.984080687409547,0.024647656933564,0.788985287337056,False,False,False,False,False,True,U1_age_sex_adjusted
KIF5A,-0.0007398826598127,0.984221279528429,0.0036395085466573,0.923155050485206,False,False,False,False,False,True,U1_age_sex_adjusted
ZFP69,-0.0017642550388591,0.984304336050578,0.0047216648180695,0.959628305189211,False,False,False,False,False,True,U1_age_sex_adjusted
LRP6,0.0016262996408168,0.984404513069761,-0.0003802054520312,0.996503984435945,False,False,False,False,False,True,U1_age_sex_adjusted
SLC35F4,0.000940132583472,0.984404513069761,-0.0054386035305342,0.911156814075714,False,False,False,False,False,True,U1_age_sex_adjusted
RBBP7,0.0014546703149296,0.984622169475977,-0.0139134833490494,0.85451025189267,False,False,False,False,False,True,U1_age_sex_adjusted
ANP32E,0.0019221993409662,0.984622169475977,-0.0134350201411706,0.894654370595793,False,False,False,False,False,True,U1_age_sex_adjusted
CXCR1,0.0009924221056582,0.985099461141797,-0.0152074718875251,0.770139586569512,False,False,False,False,False,True,U1_age_sex_adjusted
FBN2,-0.0006518585019477,0.985209697070991,0.0098980527442025,0.774197137241875,False,False,False,False,False,True,U1_age_sex_adjusted
SDHAP3,0.0008804686791142,0.985425027247178,-0.0141685433284702,0.76512523130588,False,False,False,False,False,True,U1_age_sex_adjusted
FNTA,0.0008196470719662,0.985550274193581,-0.0023803785980454,0.96016150694236,False,False,False,False,False,True,U1_age_sex_adjusted
F13B,-0.0006606894846762,0.985863980544113,0.0154188145644763,0.669061132435768,False,False,False,False,False,True,U1_age_sex_adjusted
TAOK3,-0.0010336728315309,0.986034332449469,0.0041282394327475,0.94670531447755,False,False,False,False,False,True,U1_age_sex_adjusted
LINC01549,-0.0005837169451112,0.986083118438576,0.0041088681384751,0.904718236595557,False,False,False,False,False,True,U1_age_sex_adjusted
RAPGEF4,-0.0006827047660757,0.98633305130803,0.000209195834355,0.995968344811982,False,False,False,False,False,True,U1_age_sex_adjusted
HOXC6,0.0027127879565466,0.986425061613153,-0.0236993544624415,0.88438488861122,False,False,False,False,False,True,U1_age_sex_adjusted
CCDC191,-0.0010905840203404,0.986459892752584,0.0106002914166539,0.872639750824291,False,False,False,False,False,True,U1_age_sex_adjusted
HROB,0.0009663885719452,0.986475851247521,-0.0177737231291546,0.752757501472931,False,False,False,False,False,True,U1_age_sex_adjusted
BBOF1,0.0010994741338434,0.986524118663653,-0.0224610671994627,0.726279283569788,False,False,False,False,False,True,U1_age_sex_adjusted
SEPTIN8,-0.0011092506502357,0.986912947712968,0.0228129536201367,0.733218991078535,False,False,False,False,False,True,U1_age_sex_adjusted
ISG20,-0.003368586266752,0.987100239699867,0.0343310242311872,0.873820668991288,False,False,False,False,False,True,U1_age_sex_adjusted
ATP8B4,-0.0018943444478572,0.987743659108299,0.0036111056337605,0.978744888201574,False,False,False,False,False,True,U1_age_sex_adjusted
CFHR2,-0.0005808673185611,0.988194454643973,0.0027852792259345,0.946353293259671,False,False,False,False,False,True,U1_age_sex_adjusted
ZNF613,-0.0015587890352545,0.988438750167545,0.0586565939824003,0.564400610174965,False,False,False,False,False,True,U1_age_sex_adjusted
MYO10,-0.0013594697489115,0.988438750167545,0.0105073656355899,0.913606573524018,False,False,False,False,False,True,U1_age_sex_adjusted
CIMIP5,-0.0005724027539857,0.988464360144358,0.0085985612511996,0.831273315917362,False,False,False,False,False,True,U1_age_sex_adjusted
DGKH,-0.0004629222164635,0.989102181188199,0.0293156339654806,0.334621791977716,False,False,False,False,False,True,U1_age_sex_adjusted
LCE2C,-0.0005264428873689,0.98932102596766,0.0125411748641887,0.746711593874976,False,False,False,False,False,True,U1_age_sex_adjusted
STXBP6,0.0010306352072017,0.989599758536975,-0.0020305875423528,0.980985964037488,False,False,False,False,False,True,U1_age_sex_adjusted
TEDC1,-0.0009001632462394,0.989935131193483,0.0308202072214259,0.656704564196425,False,False,False,False,False,True,U1_age_sex_adjusted
CTXN2,-0.0005962873642269,0.989935131193483,0.0141140272340966,0.762809180012539,False,False,False,False,False,True,U1_age_sex_adjusted
SEPTIN1,-0.000914540536794,0.991405468541895,0.0188783857635651,0.822323906499115,False,False,False,False,False,True,U1_age_sex_adjusted
BPIFA4P,-0.0004081285286328,0.991963277034856,0.0009129601582803,0.982763168771923,False,False,False,False,False,True,U1_age_sex_adjusted
DPYD,0.0007485891492291,0.992364830289266,-0.0164474035473503,0.830708461871013,False,False,False,False,False,True,U1_age_sex_adjusted
PNPLA6,-0.0008218530138835,0.992364830289266,0.0040808447482705,0.963187051873543,False,False,False,False,False,True,U1_age_sex_adjusted
LINC00856,0.0005424901486062,0.992373962962057,-0.0091459401148429,0.873082774328296,False,False,False,False,False,True,U1_age_sex_adjusted
TFRC,0.0016268779302736,0.992702922452108,-0.0633283234860257,0.712163760516815,False,False,False,False,False,True,U1_age_sex_adjusted
OR2B2,-0.0003146988443528,0.993644652379966,0.0005121165605643,0.989913772760512,False,False,False,False,False,True,U1_age_sex_adjusted
UBQLNL,-0.0004639552732733,0.99394316537578,0.0091252589592492,0.877124566081711,False,False,False,False,False,True,U1_age_sex_adjusted
RAD9A,-0.0005451065438235,0.994907376187201,0.0137198697169583,0.860506062661939,False,False,False,False,False,True,U1_age_sex_adjusted
NLRX1,0.0004123275319298,0.995428589268444,-0.0060080702059386,0.924886380383615,False,False,False,False,False,True,U1_age_sex_adjusted
SLC25A37,0.0007142092792264,0.995758429709179,-0.0515904161271101,0.647965267381111,False,False,False,False,False,True,U1_age_sex_adjusted
PCDHGA8,-0.0001778842275561,0.996547610592019,0.0016253318160801,0.965951674976624,False,False,False,False,False,True,U1_age_sex_adjusted
ATP6V1G3,0.0003138379763914,0.996547610592019,-0.0011564555893744,0.985926742950824,False,False,False,False,False,True,U1_age_sex_adjusted
NCAPG,-0.0005214870197199,0.996559938174255,0.021652825782385,0.839569806715832,False,False,False,False,False,True,U1_age_sex_adjusted
GIPC1,-0.0004689213325445,0.996571606796447,0.0445115052326066,0.631162169510877,False,False,False,False,False,True,U1_age_sex_adjusted
LINC02842,0.0002185063213354,0.996685942127934,-0.0055660877251431,0.910782194587978,False,False,False,False,False,True,U1_age_sex_adjusted
PIGM,0.0002771389858871,0.996685942127934,-0.0042114510065049,0.947794748895267,False,False,False,False,False,True,U1_age_sex_adjusted
ODF2,-0.0001723494537304,0.997145018430106,0.0020622610700414,0.965906740393788,False,False,False,False,False,True,U1_age_sex_adjusted
DHH,0.0002114650725968,0.997145018430106,-0.0253806211989007,0.63237670840718,False,False,False,False,False,True,U1_age_sex_adjusted
ADAM23,0.0001651320493698,0.997255288724977,-0.0094538876796142,0.83490253570245,False,False,False,False,False,True,U1_age_sex_adjusted
CLPTM1,-0.0003474140664634,0.99736066899374,0.0050115921007473,0.96224371983625,False,False,False,False,False,True,U1_age_sex_adjusted
FBXO45,0.0002637666588737,0.99736066899374,-0.026485230531789,0.72391367823728,False,False,False,False,False,True,U1_age_sex_adjusted
ERCC2,8.54851000201047e-05,0.99871422539661,-0.0015752273012456,0.973703610761001,False,False,False,False,False,True,U1_age_sex_adjusted
PTPN4,-0.0001441021929092,0.998823204108168,0.0092085943066792,0.91552619972051,False,False,False,False,False,True,U1_age_sex_adjusted
SLC39A10,7.13472584695318e-05,0.998973146501907,-0.0119478977119174,0.806949595227479,False,False,False,False,False,True,U1_age_sex_adjusted
CDC6,-0.0002095735314499,0.998973146501907,0.0599394186336295,0.678790730568763,False,False,False,False,False,True,U1_age_sex_adjusted
MTMR1,5.86126590536984e-05,0.998973146501907,-0.0220320697653336,0.59281873262302,False,False,False,False,False,True,U1_age_sex_adjusted
FBL,-9.37969792189017e-05,0.999059472181171,0.011615641942655,0.881219785443245,False,False,False,False,False,True,U1_age_sex_adjusted
IRF3,-6.93410221593842e-05,0.999209031035136,0.0203774045305413,0.774443048171696,False,False,False,False,False,True,U1_age_sex_adjusted
ABRA,-2.77446100956964e-05,0.999209031035136,0.0146265422302656,0.594721038611115,False,False,False,False,False,True,U1_age_sex_adjusted
SMCO3,1.58628649291334e-05,0.99954490844011,-0.0150382365836322,0.617402127183405,False,False,False,False,False,True,U1_age_sex_adjusted
PTPN20,8.66975958137124e-06,0.999686801990019,-0.0049807318952613,0.874378148039821,False,False,False,False,False,True,U1_age_sex_adjusted
GLG1,0.507187815609203,9.6856962751251e-26,0.48976492303528,9.06512641366185e-22,True,False,True,True,False,False,U2_age_sex_location_adjusted
MAD2L1BP,-0.546518974694369,2.6003950219925103e-19,-0.487259795772324,6.33577983813201e-15,True,False,True,True,False,False,U2_age_sex_location_adjusted
ACTR6,-0.500829228249828,1.0026258545643e-18,-0.499647985630395,2.41879231856119e-16,True,False,True,True,False,False,U2_age_sex_location_adjusted
ADGRD1,0.505996948843651,1.3059499142650599e-18,0.458684096287085,2.3118001913762203e-14,True,False,True,True,False,False,U2_age_sex_location_adjusted
ZSWIM3,-0.542918568605696,3.95556686472422e-18,-0.480100051575637,7.57321177104248e-15,True,False,True,True,False,False,U2_age_sex_location_adjusted
RANBP2,0.509711530396719,2.33788779391489e-17,0.49240788919875,2.1462532924183802e-14,True,False,True,True,False,False,U2_age_sex_location_adjusted
SDR42E1,-0.510749972073475,3.16735599091904e-16,-0.471172359248635,2.6490950080869e-13,True,False,True,True,False,False,U2_age_sex_location_adjusted
PIGF,-0.506086942596147,8.98975531088994e-16,-0.494304515764552,3.76159175000123e-13,True,False,True,True,False,False,U2_age_sex_location_adjusted
FDX1,-0.556584693876515,9.60149644591665e-16,-0.493710325117843,4.28870324027795e-12,True,False,True,True,False,False,U2_age_sex_location_adjusted
ARHGEF3,0.511463824424842,9.74811398685956e-16,0.490428333195616,2.52452280715365e-13,True,False,True,True,False,False,U2_age_sex_location_adjusted
THAP2,-0.509221396495894,2.30159271535372e-14,-0.494906394054356,7.14788849835918e-12,True,False,True,True,False,False,U2_age_sex_location_adjusted
SOWAHD,-0.509669605070167,4.60051119405789e-14,-0.469938111727068,4.0600232643909195e-11,True,False,True,True,False,False,U2_age_sex_location_adjusted
NR2F6,-0.510282713326335,1.36377189822897e-13,-0.495495915318771,2.81116999996848e-11,True,False,True,True,False,False,U2_age_sex_location_adjusted
SLC25A16,-0.500184939122474,3.1893757041474997e-13,-0.488728521178123,8.83553402972002e-12,True,False,True,True,False,False,U2_age_sex_location_adjusted
CSNK1G3,-0.528036426892283,3.36836201290344e-13,-0.488332922017464,2.25148123748902e-10,True,False,True,True,False,False,U2_age_sex_location_adjusted
TCEAL9,-0.519177590590711,4.17354842643341e-13,-0.499879618706769,6.671618174421869e-11,True,False,True,True,False,False,U2_age_sex_location_adjusted
TRAF3IP2,-0.53492189423632,4.85970605687508e-13,-0.46933240377621,3.29556238095406e-10,True,False,True,True,False,False,U2_age_sex_location_adjusted
NPY6R,-0.541357740740213,5.16982051275626e-13,-0.478316188561166,1.65745226068229e-10,True,False,True,True,False,False,U2_age_sex_location_adjusted
SUGCT,-0.523140356553605,1.3634323210663999e-12,-0.486104989224848,1.0773169354742001e-10,True,False,True,True,False,False,U2_age_sex_location_adjusted
CDK5RAP2,0.501089884601692,2.3526373082266598e-12,0.424237533707581,1.2626071565612e-08,True,False,True,True,False,False,U2_age_sex_location_adjusted
TMEM41B,-0.51302634039343,4.3759976116591295e-12,-0.499239244307935,5.064546875800801e-10,True,False,True,True,False,False,U2_age_sex_location_adjusted
SLC39A2,-0.503182533834341,5.394816086677419e-12,-0.449283590874386,6.70713083872845e-09,True,False,True,True,False,False,U2_age_sex_location_adjusted
APMAP,-0.510145031259701,6.80985719809463e-12,-0.498176267042208,1.10030090637976e-10,True,False,True,True,False,False,U2_age_sex_location_adjusted
CEP43,-0.508866937842715,7.48752346305443e-12,-0.463758850833833,5.2156214641273e-09,True,False,True,True,False,False,U2_age_sex_location_adjusted
RAVER2,-0.519969045241792,7.66162267851379e-12,-0.449907867034312,2.1302936226101e-08,True,False,True,True,False,False,U2_age_sex_location_adjusted
FMO4,-0.554822259932609,1.0114607235317699e-11,-0.483658042660467,1.0201089966569e-08,True,False,True,True,False,False,U2_age_sex_location_adjusted
NR1H3,-0.514309198296135,1.8924684391172597e-11,-0.497982553451364,5.97639934047513e-10,True,False,True,True,False,False,U2_age_sex_location_adjusted
HSPE1,-0.501628278627102,1.9921499547872897e-11,-0.460657702655827,3.971144599625181e-09,True,False,True,True,False,False,U2_age_sex_location_adjusted
SYNE1,0.524733761795196,2.0473989662977597e-11,0.490730906939534,5.8400188593749606e-09,True,False,True,True,False,False,U2_age_sex_location_adjusted
ATP5MJ,-0.557545618138476,2.62936539035181e-11,-0.491352475427745,3.28212705221272e-08,True,False,True,True,False,False,U2_age_sex_location_adjusted
ABAT,-0.524070177490798,1.41458353432911e-10,-0.493194320090318,3.7645243834503906e-09,True,False,True,True,False,False,U2_age_sex_location_adjusted
PLCXD3,0.547317858267442,2.05280735991351e-10,0.495293709176003,8.05048214764435e-08,True,False,True,True,False,False,U2_age_sex_location_adjusted
TBC1D2,-0.516261952796906,9.03861616830021e-10,-0.494981822077971,2.9921362024552e-08,True,False,True,True,False,False,U2_age_sex_location_adjusted
TMEM170A,-0.562925739522399,1.0727022152609501e-09,-0.499002646101189,1.48847765963527e-07,True,False,True,True,False,False,U2_age_sex_location_adjusted
PDE8A,-0.56624592519175,1.5956305519231302e-09,-0.469304501890323,1.06303130268909e-06,True,False,True,True,False,False,U2_age_sex_location_adjusted
NUPR2,-0.663990248085821,1.6773781334066701e-09,-0.472230228133459,1.59311971739356e-05,True,False,True,True,False,False,U2_age_sex_location_adjusted
CEBPA,-0.552173801774219,2.6252381517932504e-09,-0.483765323648178,6.24862183509648e-07,True,False,True,True,False,False,U2_age_sex_location_adjusted
IMPA2,-0.502047538259837,2.7191198958285e-09,-0.485840962743325,1.32181000651125e-07,True,False,True,True,False,False,U2_age_sex_location_adjusted
CHRDL1,0.544863757934433,2.90195325412439e-09,0.499292023553112,5.4994767205358e-07,True,False,True,True,False,False,U2_age_sex_location_adjusted
NDFIP2,-0.500989485549321,3.0865221619300302e-09,-0.480666230796538,1.84050024968372e-07,True,False,True,True,False,False,U2_age_sex_location_adjusted
CHP1,-0.546823705176717,4.313593962182361e-09,-0.492791076632931,3.22974426305605e-07,True,False,True,True,False,False,U2_age_sex_location_adjusted
SLC22A5,-0.530405070549572,5.59116124944095e-09,-0.448849146744231,3.41431411083658e-06,True,False,True,True,False,False,U2_age_sex_location_adjusted
TLCD4,-0.563116064382257,6.50614894037654e-09,-0.472630789692951,2.99061401703817e-06,True,False,True,True,False,False,U2_age_sex_location_adjusted
PRDM6,0.533989413238346,1.22446936311631e-08,0.486224262424998,1.81463526480435e-06,True,False,True,True,False,False,U2_age_sex_location_adjusted
ACOT4,-0.529122091613801,1.32801096305548e-08,-0.458017007242622,1.84876030007131e-06,True,False,True,True,False,False,U2_age_sex_location_adjusted
POLD4,-0.501455227753808,1.40787524123955e-08,-0.460149235046766,1.61387612282293e-06,True,False,True,True,False,False,U2_age_sex_location_adjusted
LRRC49,0.515466866993347,1.45252632108495e-08,0.489210113037556,4.86988364084493e-07,True,False,True,True,False,False,U2_age_sex_location_adjusted
NALF1,0.504123729090637,1.6822045446391e-08,0.477021761700899,6.44755410691614e-07,True,False,True,True,False,False,U2_age_sex_location_adjusted
CRIP2,0.508960129279406,1.80800942028416e-08,0.49661148946706,5.18416746187669e-07,True,False,True,True,False,False,U2_age_sex_location_adjusted
LRP12,-0.513737760123167,2.92603818654846e-08,-0.468981741022348,1.26033458377241e-06,True,False,True,True,False,False,U2_age_sex_location_adjusted
CYS1,0.512405673588904,3.02377233105328e-08,0.485599646641725,1.43678475828421e-06,True,False,True,True,False,False,U2_age_sex_location_adjusted
TMEM141,-0.519473318022612,3.04881074053252e-08,-0.499579269226734,9.8642204423618e-07,True,False,True,True,False,False,U2_age_sex_location_adjusted
SLC16A4,0.506073046834249,3.2606738073262e-08,0.433964819120084,1.09456830199774e-05,True,False,True,True,False,False,U2_age_sex_location_adjusted
SHTN1,-0.504631599627423,3.62185732302721e-08,-0.483055424988422,1.33181870722111e-06,True,False,True,True,False,False,U2_age_sex_location_adjusted
PCDH18,0.528733120176347,4.41145148781385e-08,0.487533874159108,3.55925030045536e-06,True,False,True,True,False,False,U2_age_sex_location_adjusted
ADAM28,-0.511283184699829,5.46820138604905e-08,-0.480576359204228,2.70493091944888e-06,True,False,True,True,False,False,U2_age_sex_location_adjusted
C1orf198,0.524248004280714,6.10826468652376e-08,0.465981899995932,7.48453953338229e-06,True,False,True,True,False,False,U2_age_sex_location_adjusted
SH3BGRL2,-0.54900611980451,6.56235298955582e-08,-0.498720331036999,5.44187205615709e-06,True,False,True,True,False,False,U2_age_sex_location_adjusted
PYCARD,-0.501140831213258,7.82853890383296e-08,-0.465385190172854,3.41964629622536e-06,True,False,True,True,False,False,U2_age_sex_location_adjusted
CMTM8,-0.500356723530451,8.06501643128571e-08,-0.49886761820355,2.90172755960536e-07,True,False,True,True,False,False,U2_age_sex_location_adjusted
BDH1,-0.556845187499874,8.37490177807718e-08,-0.491988793964666,8.89733129846845e-06,True,False,True,True,False,False,U2_age_sex_location_adjusted
FAM107B,-0.538663805064043,9.05490312104415e-08,-0.464984822983769,5.18818601589735e-07,True,False,True,True,False,False,U2_age_sex_location_adjusted
DEPP1,0.523525250510915,9.29207750405345e-08,0.488114733502603,3.93031756561378e-06,True,False,True,True,False,False,U2_age_sex_location_adjusted
COPRS,0.507535583033999,1.02122128190598e-07,0.44566509119385,1.58032423396911e-05,True,False,True,True,False,False,U2_age_sex_location_adjusted
SLC16A14,0.530957941511377,1.03428113214654e-07,0.442587215349416,1.34966371808006e-05,True,False,True,True,False,False,U2_age_sex_location_adjusted
GPR161,0.545896042657818,1.17618025060294e-07,0.49111477161353,8.50305547452295e-07,True,False,True,True,False,False,U2_age_sex_location_adjusted
RPP25,-0.532932438043491,1.48671837463587e-07,-0.418928885975452,5.01648946114822e-05,True,False,True,True,False,False,U2_age_sex_location_adjusted
USH1C,-0.535687740509976,1.69566671774262e-07,-0.497141537546351,7.77799773068678e-06,True,False,True,True,False,False,U2_age_sex_location_adjusted
FAT4,0.54927717569771,1.79956786426557e-07,0.49780769590999,1.28000818283933e-05,True,False,True,True,False,False,U2_age_sex_location_adjusted
SLC25A33,-0.552576899917538,2.63365899885578e-07,-0.446208154740436,4.48000304948695e-05,True,False,True,True,False,False,U2_age_sex_location_adjusted
SCN9A,0.514243327741477,2.78422775132848e-07,0.467637991887926,1.46415461954061e-05,True,False,True,True,False,False,U2_age_sex_location_adjusted
SLC8A1,0.52408544551145,4.66935713021369e-07,0.466749705852772,3.97391957329683e-05,True,False,True,True,False,False,U2_age_sex_location_adjusted
SLC1A1,-0.548784530729047,5.44967688352382e-07,-0.493146548759995,3.28912417905493e-05,True,False,True,True,False,False,U2_age_sex_location_adjusted
SYNGR3,0.545179072932509,7.29444566697739e-07,0.46836860397374,9.02410887684779e-05,True,False,True,True,False,False,U2_age_sex_location_adjusted
PLCD1,-0.515220169358,8.04653683858735e-07,-0.474443281635305,2.91736478679068e-05,True,False,True,True,False,False,U2_age_sex_location_adjusted
BARX2,-0.529240718853586,8.5555674805926e-07,-0.49004240019249,2.73549840400572e-05,True,False,True,True,False,False,U2_age_sex_location_adjusted
OCLN,-0.588095914774079,8.67406943301281e-07,-0.484925732970305,0.0001689920141307,True,False,True,True,False,False,U2_age_sex_location_adjusted
FHOD3,0.562453467347762,1.06893881919218e-06,0.488821001259561,9.997828087214e-05,True,False,True,True,False,False,U2_age_sex_location_adjusted
ABHD3,-0.581173989921207,1.19360879545639e-06,-0.488043670032553,0.0001738572253707,True,False,True,True,False,False,U2_age_sex_location_adjusted
CCDC88A,0.517178909015991,1.22902056256262e-06,0.436858594227534,0.0001612771761168,True,False,True,True,False,False,U2_age_sex_location_adjusted
POF1B,-0.583868483652557,1.4547736962429e-06,-0.44352819393381,0.0002204890104093,True,False,True,True,False,False,U2_age_sex_location_adjusted
PROM1,-0.564895033986387,1.56671152534074e-06,-0.472205709492256,6.32453479676591e-05,True,False,True,True,False,False,U2_age_sex_location_adjusted
GXYLT2,-0.535568399851369,1.58434812717294e-06,-0.463983155713203,7.04158332804809e-05,True,False,True,True,False,False,U2_age_sex_location_adjusted
MIER3,-0.548323321849843,1.61581450700651e-06,-0.451318788116527,0.0001060776640029,True,False,True,True,False,False,U2_age_sex_location_adjusted
AGPAT2,-0.531584606781899,1.67937448452019e-06,-0.4333952115881,0.0002328089632134,True,False,True,True,False,False,U2_age_sex_location_adjusted
ACOX1,-0.536484016906058,1.77215269687058e-06,-0.457826893749903,9.82429197298744e-05,True,False,True,True,False,False,U2_age_sex_location_adjusted
STX3,-0.541488515494711,2.10682520295777e-06,-0.484187583008748,0.0001099725726148,True,False,True,True,False,False,U2_age_sex_location_adjusted
BCL6,0.50738444568108,2.13573482147417e-06,0.463828317082446,7.01111598635973e-05,True,False,True,True,False,False,U2_age_sex_location_adjusted
GALNT5,0.501823218461342,2.62683037294071e-06,0.489571866088443,6.28430735731365e-06,True,False,True,True,False,False,U2_age_sex_location_adjusted
FGF2,0.566625585782075,2.93143854867698e-06,0.485356485448273,0.0002471951342274,True,False,True,True,False,False,U2_age_sex_location_adjusted
SMIM5,-0.525863194078629,3.46600208109374e-06,-0.459326013734209,0.0001348719969876,True,False,True,True,False,False,U2_age_sex_location_adjusted
CPQ,0.545743011466806,3.50124358313562e-06,0.497607802777175,0.0001189436870654,True,False,True,True,False,False,U2_age_sex_location_adjusted
DHRS11,-0.521483597063618,3.74238914881439e-06,-0.44823241877838,0.0002411986813338,True,False,True,True,False,False,U2_age_sex_location_adjusted
FKBP1B,-0.50127910062622,3.89319889349623e-06,-0.492407924681554,3.36486850826377e-05,True,False,True,True,False,False,U2_age_sex_location_adjusted
BICDL2,-0.512695721550176,4.0408242029891e-06,-0.483691855505629,7.01671112450377e-05,True,False,True,True,False,False,U2_age_sex_location_adjusted
FAM83F,-0.513534441817249,4.70082581708352e-06,-0.480689623463046,0.0001001212928307,True,False,True,True,False,False,U2_age_sex_location_adjusted
MARVELD3,-0.60339283616473,4.75744697669331e-06,-0.485389283275091,0.0005495654093731,True,False,True,True,False,False,U2_age_sex_location_adjusted
SAMSN1,-0.52131817184905,5.31610997631179e-06,-0.471533252767984,0.0001661271028376,True,False,True,True,False,False,U2_age_sex_location_adjusted
CBLC,-0.56161263527097,5.57999167742793e-06,-0.485993508132817,0.0002023951422659,True,False,True,True,False,False,U2_age_sex_location_adjusted
SLC35G1,-0.503210614079617,6.26697752204363e-06,-0.433564617700771,0.0003359700922328,True,False,True,True,False,False,U2_age_sex_location_adjusted
CD2AP,-0.556983939675661,7.68499471209495e-06,-0.429541724134355,0.0012904212357861,True,False,True,True,False,False,U2_age_sex_location_adjusted
ANK3,-0.51891305854097,8.30757306349222e-06,-0.401101256287123,0.0010658111358096,True,False,True,True,False,False,U2_age_sex_location_adjusted
DIXDC1,0.52248590351769,1.03936759580927e-05,0.45902891895597,0.0004192322477587,True,False,True,True,False,False,U2_age_sex_location_adjusted
MAPK13,-0.507010710571187,1.05930703714096e-05,-0.449388768836389,0.0003819531837349,True,False,True,True,False,False,U2_age_sex_location_adjusted
SBSPON,0.519650528828457,1.30691728599059e-05,0.445658152911532,0.0006398303982062,True,False,True,True,False,False,U2_age_sex_location_adjusted
DPEP1,-0.51807706027206,1.44139970222302e-05,-0.474036931764286,0.0001068367321426,True,False,True,True,False,False,U2_age_sex_location_adjusted
EDN1,-0.524977855278119,1.64620267181752e-05,-0.47020192700405,0.0004434073063099,True,False,True,True,False,False,U2_age_sex_location_adjusted
PKP2,-0.546466293515824,2.09017434207262e-05,-0.467979607616,0.0007857333026865,True,False,True,True,False,False,U2_age_sex_location_adjusted
PTGS1,0.518902224908192,2.41944530816178e-05,0.449425847872469,0.00087486698291,True,False,True,True,False,False,U2_age_sex_location_adjusted
CAB39L,0.508391681168932,2.46155109050218e-05,0.45643009994056,0.0005418078437583,True,False,True,True,False,False,U2_age_sex_location_adjusted
AGMAT,-0.52857507556903,2.49738381378574e-05,-0.45196316749114,0.0008675818801752,True,False,True,True,False,False,U2_age_sex_location_adjusted
TMEM54,-0.517545322109981,2.54205877416333e-05,-0.459996656350593,0.0005848914586393,True,False,True,True,False,False,U2_age_sex_location_adjusted
RHOF,-0.57652995911332,2.56041203805499e-05,-0.465596637509912,0.0014248623328411,True,False,True,True,False,False,U2_age_sex_location_adjusted
FLRT1,0.509623149965373,2.68434814337181e-05,0.488141073417256,0.0002818200701525,True,False,True,True,False,False,U2_age_sex_location_adjusted
GULP1,-0.564988060183689,3.6070030933616e-05,-0.497121674661865,0.0004892242857846,True,False,True,True,False,False,U2_age_sex_location_adjusted
PLCL1,0.508718247672246,4.22003214894676e-05,0.463272593354711,0.0007309719612869,True,False,True,True,False,False,U2_age_sex_location_adjusted
DNAJC22,-0.507752113900591,4.5106901063057e-05,-0.467911262570191,0.0006280643952521,True,False,True,True,False,False,U2_age_sex_location_adjusted
SLC67A1-AS,-0.508962873459394,4.67460506463197e-05,-0.488204221021322,0.0003921966243403,True,False,True,True,False,False,U2_age_sex_location_adjusted
PARP8,0.537940642649603,5.07900567474782e-05,0.498217331019185,0.0001846560261316,True,False,True,True,False,False,U2_age_sex_location_adjusted
SGK2,-0.608766927172034,5.22901369043407e-05,-0.439294979292236,0.0057217463354655,True,False,True,True,False,False,U2_age_sex_location_adjusted
UBE2T,-0.501822934943327,5.54005918022094e-05,-0.482158417476962,0.0002704204695052,True,False,True,True,False,False,U2_age_sex_location_adjusted
BTG2,0.572412426042466,7.11782881800303e-05,0.462233005645871,0.0034756593911792,True,False,True,True,False,False,U2_age_sex_location_adjusted
NXPE1,-0.585098702425199,7.6530546671969e-05,-0.487421405146373,0.0025502192981541,True,False,True,True,False,False,U2_age_sex_location_adjusted
CXCL3,0.583204871548561,8.73339043439297e-05,0.478155340303307,0.0031149015033336,True,False,True,True,False,False,U2_age_sex_location_adjusted
ANOS1,0.605881122525542,9.47059355380647e-05,0.349625577126344,0.0001061049633385,True,False,True,True,False,False,U2_age_sex_location_adjusted
PAPSS2,-0.508213346471392,0.0001027843384014,-0.440975385609162,0.0017423389154195,True,False,True,True,False,False,U2_age_sex_location_adjusted
AKR1B15,-0.590977738888712,0.0001079373461581,-0.481381957740622,0.0033859424556984,True,False,True,True,False,False,U2_age_sex_location_adjusted
PNMA1,0.554575232165271,0.0001310399776413,0.488805357455657,0.0022443644053392,True,False,True,True,False,False,U2_age_sex_location_adjusted
IL17RB,-0.512262970470234,0.0001491103671644,-0.464839253833836,0.0018318092385663,True,False,True,True,False,False,U2_age_sex_location_adjusted
FBXL22,0.550467546216825,0.0001596573633821,0.463165582790111,0.0039112903910459,True,False,True,True,False,False,U2_age_sex_location_adjusted
CHP2,-0.57067102429674,0.0001780860911333,-0.486085785505907,0.0034096650232652,True,False,True,True,False,False,U2_age_sex_location_adjusted
ADTRP,-0.511640251243744,0.0002209424338345,-0.460140817230067,0.0022354898389505,True,False,True,True,False,False,U2_age_sex_location_adjusted
DNAJB5,0.506990533114597,0.0002334403252848,0.433328035136863,0.0045249375272918,True,False,True,True,False,False,U2_age_sex_location_adjusted
VGLL3,0.500863085580549,0.0002909742593372,0.419774570635044,0.0060612094785373,True,False,True,True,False,False,U2_age_sex_location_adjusted
BEND5,0.510556086305956,0.0002928888886682,0.449374132247172,0.0040454216138997,True,False,True,True,False,False,U2_age_sex_location_adjusted
CCL5,-0.601503130607331,0.0004315393071302,-0.489365934088622,0.0085887163817525,True,False,True,True,False,False,U2_age_sex_location_adjusted
KLF5,-0.502530580478342,0.0004596779343677,-0.454544547786681,0.0043723802276994,True,False,True,True,False,False,U2_age_sex_location_adjusted
ITGA1,0.555048053875069,0.0004833867657152,0.447130151635233,0.0108634953849279,True,False,True,True,False,False,U2_age_sex_location_adjusted
SERINC2,-0.500421204542119,0.000500222097672,-0.424371116107769,0.0077582509630785,True,False,True,True,False,False,U2_age_sex_location_adjusted
BLVRA,0.527533164134364,0.0005216682304866,0.427498039751827,0.0111170599799495,True,False,True,True,False,False,U2_age_sex_location_adjusted
ARHGEF26,0.559126613524976,0.0006013804576591,0.485296607561653,0.007407967581451,True,False,True,True,False,False,U2_age_sex_location_adjusted
DDX3Y,1.11986320987612,0.000683192048825,0.457370183721901,1.70042236986827e-06,True,False,True,True,False,False,U2_age_sex_location_adjusted
FUT2,-0.520877205985724,0.0007255435155201,-0.418471021122564,0.0137867252106792,True,False,True,True,False,False,U2_age_sex_location_adjusted
PLAC8,-0.503090376179961,0.0007300555182464,-0.389186958733288,0.0164785074785095,True,False,True,True,False,False,U2_age_sex_location_adjusted
DPP6,0.530697528303765,0.0008039767690718,0.458269547317169,0.0092932985395225,True,False,True,True,False,False,U2_age_sex_location_adjusted
KCNMB1,0.558525034077952,0.0008279530370633,0.490940552652218,0.0083584236816403,True,False,True,True,False,False,U2_age_sex_location_adjusted
HSPA2,0.548432471791828,0.0008423617491314,0.467515240679204,0.009027823830515,True,False,True,True,False,False,U2_age_sex_location_adjusted
MORN5,0.562351095111621,0.0008890612925987,0.464042526241505,0.0136105886309129,True,False,True,True,False,False,U2_age_sex_location_adjusted
CCNA2,-0.514290414420157,0.0010127343799319,-0.476580269815915,0.0061284389365149,True,False,True,True,False,False,U2_age_sex_location_adjusted
CD52,-0.540745576182792,0.0012834413728614,-0.43531653668159,0.0173753029511179,True,False,True,True,False,False,U2_age_sex_location_adjusted
SCUBE2,-0.511198511016457,0.0018068713679325,-0.449860531220926,0.0079375902622494,True,False,True,True,False,False,U2_age_sex_location_adjusted
RPRM,0.549605524742751,0.0019966161805325,0.433312884402192,0.0288061679452912,True,False,True,True,False,False,U2_age_sex_location_adjusted
AKR1B10,-0.515493404980351,0.0021487467229203,-0.382988091350892,0.0356123504745441,True,False,True,True,False,False,U2_age_sex_location_adjusted
GUCA2B,-0.582704397032506,0.0024656146341975,-0.447008588119211,0.036761656301886,True,False,True,True,False,False,U2_age_sex_location_adjusted
HLA-DPA1,-0.508700896801036,0.0027733629140624,-0.433770468700541,0.0225482853098096,True,False,True,True,False,False,U2_age_sex_location_adjusted
NWD2,-0.508075810829725,0.0036214571741733,-0.412269204491725,0.0342747954412429,True,False,True,True,False,False,U2_age_sex_location_adjusted
NPY,0.510709623867062,0.0039198035272881,0.468694320599109,0.0167800228499825,True,False,True,True,False,False,U2_age_sex_location_adjusted
ST6GALNAC6,0.514955741097089,0.0042048611234215,0.487600010606211,0.0027308219386981,True,False,True,True,False,False,U2_age_sex_location_adjusted
GDF15,0.556645716830925,0.0046390148608748,0.422165010009228,0.0302600983656512,True,False,True,True,False,False,U2_age_sex_location_adjusted
KLHDC8B,0.586654111456097,0.0048032632861103,0.488397372878813,0.0360931166987172,True,False,True,True,False,False,U2_age_sex_location_adjusted
ADGRG7,-0.534503880664618,0.0060490887532295,-0.375417841419612,0.0835190982567525,True,False,True,True,False,False,U2_age_sex_location_adjusted
ZNF726,-0.510571497657009,0.007698798600029,-0.399580440561514,0.0579516529731432,True,False,True,True,False,False,U2_age_sex_location_adjusted
SPINK5,0.528048513514956,0.0098079360887558,0.46346174337136,0.0165956074272876,True,False,True,True,False,False,U2_age_sex_location_adjusted
ECHDC3,0.649216775848948,0.0126536169078762,0.546740822146821,0.0621332468551015,True,False,True,True,False,False,U2_age_sex_location_adjusted
CARTPT,0.528950404176235,0.0135744272418994,0.433451819624168,0.0713244250756033,True,False,True,True,False,False,U2_age_sex_location_adjusted
PLA2G2A,0.723440419402818,0.0175926836665273,0.505059578682057,0.124921972026025,True,False,True,True,False,False,U2_age_sex_location_adjusted
TMED6,-0.513315018652058,0.0186532015477562,-0.407622688887234,0.0905499953276989,True,False,True,True,False,False,U2_age_sex_location_adjusted
MT1M,0.612894023597099,0.01867153300338,0.566405310611762,0.0532687149225394,True,False,True,True,False,False,U2_age_sex_location_adjusted
MT1JP,0.581334528852961,0.0229351641682019,0.517701302152112,0.0724188052728435,True,False,True,True,False,False,U2_age_sex_location_adjusted
SST,-0.601580413370945,0.030371580224668,-0.40206248426632,0.139291803049457,True,False,True,True,False,False,U2_age_sex_location_adjusted
GBP3,-0.540881952502819,0.0325241876769329,-0.375857351204408,0.187238866075537,True,False,True,True,False,False,U2_age_sex_location_adjusted
HOXD13,0.58999551764466,0.0328807916752154,0.468282129809483,0.103614927203642,True,False,True,True,False,False,U2_age_sex_location_adjusted
CCL18,0.638967163004985,0.0393039988308349,0.322314229371102,0.346050913853612,True,False,True,True,False,False,U2_age_sex_location_adjusted
BTNL8,-0.856739908276206,0.044423073795912,-0.663837411793635,0.170149757332251,True,False,True,True,False,False,U2_age_sex_location_adjusted
RPS4Y1,1.09120729389606,0.0534615746344836,-0.072177129697777,0.302126719715528,False,False,False,False,False,True,U2_age_sex_location_adjusted
KDM5D,0.458204469217891,0.0828464244411113,-0.0632601540860485,0.405870017507355,False,False,False,False,False,True,U2_age_sex_location_adjusted
XIST,-0.692172538149336,0.104969885749684,0.25370720032644,0.0255156205181334,False,False,False,False,False,True,U2_age_sex_location_adjusted
EIF1AY,0.65863898634215,0.156434048291342,-0.298177934569093,9.43192537355196e-07,False,False,False,False,False,True,U2_age_sex_location_adjusted
MRPS21,-0.105846932192962,0.159402319402263,0.0057158785375133,0.949874721576953,False,False,False,False,False,True,U2_age_sex_location_adjusted
OR2T6,-0.0481582935343139,0.239086305405053,0.0001251388919743,0.997812498139912,False,False,False,False,False,True,U2_age_sex_location_adjusted
CEACAM1,-0.194272442121945,0.296146736247451,0.0071096241798694,0.974577171289225,False,False,False,False,False,True,U2_age_sex_location_adjusted
SPRNP1,-0.0497836643579031,0.33575824444421,0.0022146741083979,0.972132457801672,False,False,False,False,False,True,U2_age_sex_location_adjusted
ZNF518B,-0.0534066023745066,0.355951018133825,0.0173371622373341,0.77850286893141,False,False,False,False,False,True,U2_age_sex_location_adjusted
HPSE2,-0.0406584009222098,0.357494617817489,0.0036632337897668,0.946075316176588,False,False,False,False,False,True,U2_age_sex_location_adjusted
UBR3,0.0661223736440276,0.357973920601187,-0.0069311690363646,0.937383128803124,False,False,False,False,False,True,U2_age_sex_location_adjusted
CFAP100,-0.0353899051622013,0.361435567421868,0.0056493951882537,0.906259222564355,False,False,False,False,False,True,U2_age_sex_location_adjusted
OR4F6,-0.0325135258799075,0.363654408255076,0.0083489530805458,0.844964953957303,False,False,False,False,False,True,U2_age_sex_location_adjusted
OXSR1,-0.0349613880770758,0.399805315448394,0.0047480451919999,0.925224783075911,False,False,False,False,False,True,U2_age_sex_location_adjusted
PCGF6,0.0478730743806304,0.406641857637762,-0.0052802963482072,0.940605168321217,False,False,False,False,False,True,U2_age_sex_location_adjusted
KCNJ15,0.0250018402529138,0.430740039965219,-0.0065524335215462,0.864775093908206,False,False,False,False,False,True,U2_age_sex_location_adjusted
OR52A5,-0.0382122387084451,0.441839393791286,0.0162980095562327,0.777024433385536,False,False,False,False,False,True,U2_age_sex_location_adjusted
NCCRP1,-0.0841659233217943,0.456607431666,0.0136715813871364,0.921582394953292,False,False,False,False,False,True,U2_age_sex_location_adjusted
C22orf15,-0.0188155218864656,0.464080070900407,0.0025862355571505,0.935306445926302,False,False,False,False,False,True,U2_age_sex_location_adjusted
MYO1B,-0.0628034332510197,0.476445472335347,0.0019848389652916,0.984896234148631,False,False,False,False,False,True,U2_age_sex_location_adjusted
OR11H6,-0.030062710558789,0.483021531613477,0.0041414925405538,0.936532979522931,False,False,False,False,False,True,U2_age_sex_location_adjusted
HSPA1L,0.0318919488449081,0.487839160047498,-0.0077103394909483,0.890153391316046,False,False,False,False,False,True,U2_age_sex_location_adjusted
GCNT3,-0.118464700661397,0.488438131215903,0.0037201848696602,0.985297645075769,False,False,False,False,False,True,U2_age_sex_location_adjusted
EBNA1BP2,-0.0278578229680437,0.488820146093371,0.0095473717882416,0.840799424744286,False,False,False,False,False,True,U2_age_sex_location_adjusted
H3-5,-0.0212604750744701,0.509352161682281,0.0040535800303253,0.918171122591294,False,False,False,False,False,True,U2_age_sex_location_adjusted
KRTAP5-1,-0.0252580145075927,0.509837810927374,0.0066306749553377,0.883796252520846,False,False,False,False,False,True,U2_age_sex_location_adjusted
OR5F1,-0.0241513557764813,0.522558365811354,0.0008900428602606,0.983988906357443,False,False,False,False,False,True,U2_age_sex_location_adjusted
LHX9,0.0162792101715113,0.526266362096874,-0.0002362571237152,0.993668946437068,False,False,False,False,False,True,U2_age_sex_location_adjusted
RGS6,-0.0254315227793812,0.531333410352794,0.0019819616402963,0.967513635561597,False,False,False,False,False,True,U2_age_sex_location_adjusted
PGAM4,-0.0266950276155672,0.533789052499984,0.0219306173842741,0.641496613104084,False,False,False,False,False,True,U2_age_sex_location_adjusted
LINC02897,-0.0245254507885495,0.533789052499984,0.0024808111229097,0.958671659424389,False,False,False,False,False,True,U2_age_sex_location_adjusted
PCMTD1-DT,-0.02839351421264,0.534475916455946,0.0156048031763212,0.766349154505788,False,False,False,False,False,True,U2_age_sex_location_adjusted
CDH22,-0.0234985554466812,0.536099395010413,0.0044084540917279,0.924365894625439,False,False,False,False,False,True,U2_age_sex_location_adjusted
SLCO2A1,-0.0781660097514995,0.539421196457211,0.0033078646819666,0.982513662439204,False,False,False,False,False,True,U2_age_sex_location_adjusted
LOC100134391,-0.0246880815792938,0.543467148634236,0.0069437563517978,0.887581893012985,False,False,False,False,False,True,U2_age_sex_location_adjusted
IL2RG,-0.108229221952341,0.54356799491617,0.0172550406639334,0.935706402920583,False,False,False,False,False,True,U2_age_sex_location_adjusted
CR1L,-0.0212520102236595,0.543784867910624,0.0030536221010883,0.943265129143157,False,False,False,False,False,True,U2_age_sex_location_adjusted
DDX3X,-0.0414963611616327,0.544797851881122,0.0447485039558283,0.532029011911319,False,False,False,False,False,True,U2_age_sex_location_adjusted
DIPK1C,0.0365532652353044,0.546802353728916,-0.0117357144243887,0.871992830029945,False,False,False,False,False,True,U2_age_sex_location_adjusted
ZNF697,-0.032335393811183,0.547561576703989,0.0053580599346393,0.93542190495884,False,False,False,False,False,True,U2_age_sex_location_adjusted
TCL1B,-0.0227091847810063,0.549318599323012,0.0018692561627451,0.966593685688166,False,False,False,False,False,True,U2_age_sex_location_adjusted
ZNF326,-0.0432924186077609,0.550092880998959,0.0110276296157589,0.901200044848654,False,False,False,False,False,True,U2_age_sex_location_adjusted
ATXN1,0.0347198914841928,0.55090683447188,-0.0018679942663446,0.97843755595744,False,False,False,False,False,True,U2_age_sex_location_adjusted
MT1X,0.105178341180186,0.556957614035259,-0.0017083710243731,0.993527387352503,False,False,False,False,False,True,U2_age_sex_location_adjusted
NDST4,-0.0173975491856946,0.557060871199669,0.005615175938973,0.873379158677797,False,False,False,False,False,True,U2_age_sex_location_adjusted
FBLN7,-0.020634356403758,0.562914115484206,0.0047564464055657,0.913161954410266,False,False,False,False,False,True,U2_age_sex_location_adjusted
PSMD7,0.0445975658497503,0.565586155018846,-0.0029886094044608,0.973117015922585,False,False,False,False,False,True,U2_age_sex_location_adjusted
EXOG,0.0193215427356283,0.565832221222211,-0.0071545751267277,0.858627760073896,False,False,False,False,False,True,U2_age_sex_location_adjusted
OR4C16,-0.0237757137828463,0.575758498465199,0.0029682209893471,0.953861653441294,False,False,False,False,False,True,U2_age_sex_location_adjusted
PNOC,-0.0200885241473477,0.580542020143795,0.0035458325414844,0.936243216056604,False,False,False,False,False,True,U2_age_sex_location_adjusted
HRCT1,-0.115297105260755,0.581197797142729,0.0225332896855794,0.929354194324941,False,False,False,False,False,True,U2_age_sex_location_adjusted
CSNK1A1,0.0247940446493085,0.584808036514003,-0.0030200936148143,0.955834277802754,False,False,False,False,False,True,U2_age_sex_location_adjusted
RD3,-0.0221463175560911,0.586536617141405,0.0086227952454432,0.858470517015573,False,False,False,False,False,True,U2_age_sex_location_adjusted
PLAG1,-0.0193983857338218,0.58999893548724,0.0005631366446835,0.98938170030357,False,False,False,False,False,True,U2_age_sex_location_adjusted
EPB41L1,-0.038739449888692,0.59154932570736,0.0377752471526687,0.612083853533915,False,False,False,False,False,True,U2_age_sex_location_adjusted
SMPD1,-0.0518015005634578,0.598737992841091,0.0302253110798251,0.784565983428265,False,False,False,False,False,True,U2_age_sex_location_adjusted
ARMH1,-0.038452089259905,0.598918699152471,0.0036014963048404,0.966051244258881,False,False,False,False,False,True,U2_age_sex_location_adjusted
TEP1,-0.0545397029580499,0.599571151207324,0.0220344278510557,0.853033634671853,False,False,False,False,False,True,U2_age_sex_location_adjusted
PCDH15,-0.0127146269804021,0.59957573723978,0.0021061677846308,0.943061736706318,False,False,False,False,False,True,U2_age_sex_location_adjusted
CLIC5,-0.0715819017926493,0.601090870525646,0.0330752418925581,0.835609097506194,False,False,False,False,False,True,U2_age_sex_location_adjusted
MEOX1,-0.0206128048823814,0.601231260135988,0.0078545410503178,0.867054451205979,False,False,False,False,False,True,U2_age_sex_location_adjusted
WBP1L,0.0446517544701961,0.606999856844562,-0.0162987424002258,0.874816609658032,False,False,False,False,False,True,U2_age_sex_location_adjusted
DRC3,0.0150301389978933,0.608136418791393,-0.0017110429646645,0.961260695043154,False,False,False,False,False,True,U2_age_sex_location_adjusted
AP1B1,-0.0297570514402905,0.609947742263075,0.0178189475846121,0.789643818200517,False,False,False,False,False,True,U2_age_sex_location_adjusted
FBXL21P,0.015286425191093,0.611035680188245,-0.0053878902961247,0.881067458300627,False,False,False,False,False,True,U2_age_sex_location_adjusted
C5orf58,0.0186886933529173,0.611229489306834,-0.0022056076228951,0.960341052379991,False,False,False,False,False,True,U2_age_sex_location_adjusted
C4orf36,-0.0187304096417086,0.611355356707429,0.0190543759854098,0.635596806392644,False,False,False,False,False,True,U2_age_sex_location_adjusted
PSG7,-0.0242575420631783,0.611429079753818,0.0106012041395582,0.851173127207637,False,False,False,False,False,True,U2_age_sex_location_adjusted
HMSD,0.0209576028915348,0.611982417020026,-0.0033701524449368,0.946406845223088,False,False,False,False,False,True,U2_age_sex_location_adjusted
MAGEA11,-0.017576303424666,0.613814042103777,0.0021191730266091,0.959762530278221,False,False,False,False,False,True,U2_age_sex_location_adjusted
EFL1,-0.0336048494989858,0.61467205749522,0.0295938680747728,0.690206874989391,False,False,False,False,False,True,U2_age_sex_location_adjusted
H1-5,-0.0285181306718414,0.618441292141279,0.0222408503829076,0.728463209992373,False,False,False,False,False,True,U2_age_sex_location_adjusted
CHRNE,-0.0225491972364444,0.621463299338172,0.0139558569147471,0.789643818200517,False,False,False,False,False,True,U2_age_sex_location_adjusted
MED12L,-0.0134270843458839,0.626501039543384,0.0010204345133136,0.975231250025277,False,False,False,False,False,True,U2_age_sex_location_adjusted
C6orf141,-0.0222039910278578,0.627151233321927,0.0063463619507527,0.905533822831646,False,False,False,False,False,True,U2_age_sex_location_adjusted
GPRC5A,-0.0788240608687273,0.627637477781045,0.0142560840739527,0.942438090195106,False,False,False,False,False,True,U2_age_sex_location_adjusted
NDEL1,0.0283106658588867,0.63315642213913,-0.0095601601100898,0.892055299053565,False,False,False,False,False,True,U2_age_sex_location_adjusted
HADHA,-0.0309804898648171,0.634488879277826,0.0127777583032928,0.867123506310817,False,False,False,False,False,True,U2_age_sex_location_adjusted
EML4,-0.0325016247430014,0.637535918391064,0.0024377545471427,0.975424654170607,False,False,False,False,False,True,U2_age_sex_location_adjusted
PRF1,-0.035377673426602,0.639292145253789,0.0031768809950956,0.970542021691884,False,False,False,False,False,True,U2_age_sex_location_adjusted
SLC16A9,-0.0941556519099142,0.640657583693263,0.0412211045088697,0.862975542722704,False,False,False,False,False,True,U2_age_sex_location_adjusted
SEPTIN14,0.0113617516980248,0.641243101453031,-0.0012947976735286,0.964530955042363,False,False,False,False,False,True,U2_age_sex_location_adjusted
LOC645261,-0.0146319788497721,0.643922569420208,0.0064788876118338,0.859412694541993,False,False,False,False,False,True,U2_age_sex_location_adjusted
FBXO25,0.0376156880868024,0.6455750072188,-0.0058498540984791,0.948166125993289,False,False,False,False,False,True,U2_age_sex_location_adjusted
NRP2,0.0231146575042844,0.645618289242491,-0.0124734000369053,0.832422715472039,False,False,False,False,False,True,U2_age_sex_location_adjusted
SMYD3,0.016667749200688,0.648813335220446,-0.0202466411029937,0.603804432011883,False,False,False,False,False,True,U2_age_sex_location_adjusted
SEMA7A,-0.0156629065161142,0.648955645950355,0.0200075662570461,0.590472801348654,False,False,False,False,False,True,U2_age_sex_location_adjusted
CENPO,-0.0264013303501443,0.650275080362347,0.0004621932493973,0.99448794804557,False,False,False,False,False,True,U2_age_sex_location_adjusted
IFT22,0.0535916773949532,0.651834503317008,-0.0256641151397792,0.854499565951038,False,False,False,False,False,True,U2_age_sex_location_adjusted
CFAP95,-0.0249254995411275,0.652266779372191,0.012630924895602,0.836723848066684,False,False,False,False,False,True,U2_age_sex_location_adjusted
CSF1R,0.0324270394035324,0.652756672101773,-0.0033718478868907,0.968694816984888,False,False,False,False,False,True,U2_age_sex_location_adjusted
MED27,0.0438937892139324,0.654037477003776,-4.32380939323476e-05,0.999699087533029,False,False,False,False,False,True,U2_age_sex_location_adjusted
OR8U3,-0.0151052161528251,0.654557183224383,0.0049869355107131,0.901535734361608,False,False,False,False,False,True,U2_age_sex_location_adjusted
MYO18A,-0.0265389583474278,0.654657077391483,0.0040344975729861,0.953876425264919,False,False,False,False,False,True,U2_age_sex_location_adjusted
PSPC1,0.0231319872075957,0.655981081901448,-0.0044860521521863,0.943061736706318,False,False,False,False,False,True,U2_age_sex_location_adjusted
ANKFN1,-0.0167710556177683,0.656276923011189,0.0041370492655347,0.928711026310735,False,False,False,False,False,True,U2_age_sex_location_adjusted
DBP,0.0437717158827419,0.657031053526695,-0.0049564741703596,0.966051244258881,False,False,False,False,False,True,U2_age_sex_location_adjusted
PMFBP1,-0.0172843723117622,0.658790454684634,0.0031640276300146,0.947039308571642,False,False,False,False,False,True,U2_age_sex_location_adjusted
ALPK3,0.0167507825543525,0.658910814886006,-0.0031720085640196,0.944932841296864,False,False,False,False,False,True,U2_age_sex_location_adjusted
HASPIN,-0.0253240829185878,0.659894722658024,0.0004608488500297,0.994453967169399,False,False,False,False,False,True,U2_age_sex_location_adjusted
CACNA1D,-0.0159976309760239,0.66239773453328,0.0053064081257831,0.90149923975789,False,False,False,False,False,True,U2_age_sex_location_adjusted
ANXA2P3,-0.0201688410383458,0.66321468074478,0.0034930818546677,0.949940752592973,False,False,False,False,False,True,U2_age_sex_location_adjusted
CHURC1,0.0656114542987144,0.664236493973281,-0.021936628832989,0.902712713309168,False,False,False,False,False,True,U2_age_sex_location_adjusted
SNAPC1,0.028484428852758,0.666481072962031,-0.0027605121357379,0.972132457801672,False,False,False,False,False,True,U2_age_sex_location_adjusted
GJB6,-0.0108646575646879,0.668781650275878,0.0063722998725076,0.828520059192718,False,False,False,False,False,True,U2_age_sex_location_adjusted
C8orf48,-0.0228129234770642,0.669541135448836,0.0091806889748875,0.885153407055896,False,False,False,False,False,True,U2_age_sex_location_adjusted
PTPRCAP,-0.0833514860103054,0.669935510903719,0.0136726053720461,0.95283550290042,False,False,False,False,False,True,U2_age_sex_location_adjusted
DCTN3,0.0262668755438439,0.670347575731116,-0.0199354971287928,0.77213578571286,False,False,False,False,False,True,U2_age_sex_location_adjusted
AHSG,-0.0149480363285855,0.673288084724831,0.0026122909161399,0.950994162194483,False,False,False,False,False,True,U2_age_sex_location_adjusted
R3HCC1,0.0305346407025644,0.674596037083355,-0.0117546328601005,0.892635269103848,False,False,False,False,False,True,U2_age_sex_location_adjusted
RGS21,-0.0126148733624416,0.675935187617553,0.0018858573158581,0.95777579956378,False,False,False,False,False,True,U2_age_sex_location_adjusted
RNF180,0.0113943637198615,0.676206266309501,-0.0065281863157682,0.836634909797306,False,False,False,False,False,True,U2_age_sex_location_adjusted
CABS1,-0.014976670766954,0.679451171264294,0.0027072241547329,0.95033514546559,False,False,False,False,False,True,U2_age_sex_location_adjusted
NFE2L3,-0.0468233637122547,0.68048760623056,0.0542292799910575,0.659975685651186,False,False,False,False,False,True,U2_age_sex_location_adjusted
PLA2G2D,-0.0189657852037357,0.68186082143817,0.0103121258371144,0.847739146911931,False,False,False,False,False,True,U2_age_sex_location_adjusted
ZNF841,-0.013530541908514,0.683036103971265,0.0035342979535947,0.929960140162343,False,False,False,False,False,True,U2_age_sex_location_adjusted
ZFTRAF1,0.0165346295148711,0.68322447803739,-0.0122623031101134,0.791138322771085,False,False,False,False,False,True,U2_age_sex_location_adjusted
C19orf12,0.0288305410316531,0.684074371676483,-0.0026377914918298,0.974820539213899,False,False,False,False,False,True,U2_age_sex_location_adjusted
KMO,-0.016043118254619,0.684228431123054,0.0080773519405776,0.861768548975985,False,False,False,False,False,True,U2_age_sex_location_adjusted
GARIN1A,-0.0137014740603431,0.686088612656437,0.0034623429810038,0.933016094541591,False,False,False,False,False,True,U2_age_sex_location_adjusted
ELP1,0.0158261724212575,0.687922906697422,-0.0022902820014569,0.960832913989455,False,False,False,False,False,True,U2_age_sex_location_adjusted
RPL22,0.0181530253098684,0.690607739284664,-0.0005107818556961,0.992175003169975,False,False,False,False,False,True,U2_age_sex_location_adjusted
TENT5D,0.0104771829716446,0.690850440580434,-0.0009124375585004,0.976741380861953,False,False,False,False,False,True,U2_age_sex_location_adjusted
ICOSLG,-0.022921127520078,0.692533290263785,0.0166463294398051,0.797603703761051,False,False,False,False,False,True,U2_age_sex_location_adjusted
AP4S1,0.0160168857223692,0.694381226296398,-0.0008526591318777,0.985344450607956,False,False,False,False,False,True,U2_age_sex_location_adjusted
ZNF17,-0.0311758439889124,0.695131155755794,0.0062818107935744,0.947167849029803,False,False,False,False,False,True,U2_age_sex_location_adjusted
PHF6,-0.0309295421431489,0.699310956533659,0.0352940531828853,0.688752899872572,False,False,False,False,False,True,U2_age_sex_location_adjusted
TNIK,-0.0398681332001802,0.70101411712798,0.008544645517373,0.938524393207094,False,False,False,False,False,True,U2_age_sex_location_adjusted
DEFB129,-0.0156651376601373,0.703149020826393,0.0136388547335965,0.766928097289077,False,False,False,False,False,True,U2_age_sex_location_adjusted
HMGN3,0.0269652570218071,0.706836392648156,-0.0053195379809867,0.95061645782086,False,False,False,False,False,True,U2_age_sex_location_adjusted
FARP2,-0.0177480463116508,0.707706291914506,0.0045621201798665,0.936458678000115,False,False,False,False,False,True,U2_age_sex_location_adjusted
SLITRK6,-0.0512833481712292,0.708075139653422,0.0137235865127882,0.933016094541591,False,False,False,False,False,True,U2_age_sex_location_adjusted
ACTRT3,-0.0223185325675647,0.708112405656667,0.0036266584932774,0.959046100024198,False,False,False,False,False,True,U2_age_sex_location_adjusted
JUP,-0.0401072978499957,0.708112405656667,0.0258252202666691,0.834393689413852,False,False,False,False,False,True,U2_age_sex_location_adjusted
MGAM,-0.0270828400985293,0.708896591267327,0.029966306440353,0.707725338516113,False,False,False,False,False,True,U2_age_sex_location_adjusted
TAS2R42,-0.0139236142916043,0.709105306019937,0.0031917169118051,0.943394794068281,False,False,False,False,False,True,U2_age_sex_location_adjusted
SENP2,0.0176038881038998,0.709360381180923,-0.0050558205660478,0.929677795106574,False,False,False,False,False,True,U2_age_sex_location_adjusted
NFATC2,-0.0249620010418886,0.710138353541735,0.0056797167131817,0.944008432832255,False,False,False,False,False,True,U2_age_sex_location_adjusted
ARVCF,0.0137117782429336,0.710479869611764,-0.0030413053577649,0.945350259557875,False,False,False,False,False,True,U2_age_sex_location_adjusted
PPTC7,-0.0224452008010886,0.710693163183501,0.0184526522680534,0.784754726991144,False,False,False,False,False,True,U2_age_sex_location_adjusted
ADIPOR2,-0.0288793044253808,0.711511574119296,0.019019353303447,0.834123893356216,False,False,False,False,False,True,U2_age_sex_location_adjusted
TAFA1,0.0184797117743157,0.712588365873201,-0.0161629785714452,0.774684565505278,False,False,False,False,False,True,U2_age_sex_location_adjusted
CLDN7,-0.0514699111137184,0.713037600634685,0.0315768214380696,0.846938024425626,False,False,False,False,False,True,U2_age_sex_location_adjusted
ATP1B3,-0.034192356102251,0.713470369195726,0.025196039072783,0.811734099401988,False,False,False,False,False,True,U2_age_sex_location_adjusted
COL17A1,-0.0582208936022684,0.714631392092956,0.0110923675135143,0.953091693481107,False,False,False,False,False,True,U2_age_sex_location_adjusted
RFPL2,-0.0098161553688883,0.718355072299511,0.0103015328652358,0.733447946526909,False,False,False,False,False,True,U2_age_sex_location_adjusted
SRRD,0.0166130917003987,0.719656999015672,-0.0159307291162034,0.758920821375535,False,False,False,False,False,True,U2_age_sex_location_adjusted
CDK5R1,-0.0340385298596562,0.720685902353063,0.0069748311325014,0.950994162194483,False,False,False,False,False,True,U2_age_sex_location_adjusted
DOCK5,-0.0246761569856501,0.721186697315753,0.0171656144099704,0.821076137170781,False,False,False,False,False,True,U2_age_sex_location_adjusted
MARVELD2,-0.0416314858818457,0.724100852398881,0.0275441496117278,0.840819660473606,False,False,False,False,False,True,U2_age_sex_location_adjusted
GC,-0.0110193145092484,0.724135975232604,0.0004699425555145,0.989577999065103,False,False,False,False,False,True,U2_age_sex_location_adjusted
MFSD5,-0.0214259594616941,0.72464140720528,0.0208966979543903,0.759857091890119,False,False,False,False,False,True,U2_age_sex_location_adjusted
POTEC,-0.0090984953574565,0.726245709016331,0.0047318831097032,0.876547660065072,False,False,False,False,False,True,U2_age_sex_location_adjusted
SLC22A4,-0.0707492880525713,0.726351206654806,0.0418181621434141,0.858372149736006,False,False,False,False,False,True,U2_age_sex_location_adjusted
FANCD2,-0.0185860570208614,0.727344798160597,0.0088902543301276,0.887800624476546,False,False,False,False,False,True,U2_age_sex_location_adjusted
OGFOD1,0.0261623773675387,0.730931060519259,-0.0447578105175239,0.574564686208124,False,False,False,False,False,True,U2_age_sex_location_adjusted
KRTAP3-3,-0.0099641051927718,0.731040965755837,0.009214339343854,0.777600427833452,False,False,False,False,False,True,U2_age_sex_location_adjusted
KRTAP4-3,-0.0130516064383413,0.734547427596473,0.006130023215866,0.893121259124168,False,False,False,False,False,True,U2_age_sex_location_adjusted
PKD1L2,-0.0101319831304616,0.736741016458509,0.0037127788717588,0.917451218437838,False,False,False,False,False,True,U2_age_sex_location_adjusted
CEP97,0.0136304791561345,0.736741016458509,-0.0024337233820014,0.959406906316496,False,False,False,False,False,True,U2_age_sex_location_adjusted
APOB,0.0115225249279947,0.736801117031395,-0.0024963781300677,0.950994162194483,False,False,False,False,False,True,U2_age_sex_location_adjusted
LRRC24,0.0169863281660308,0.74065160952656,-0.0090378260088752,0.879725196176033,False,False,False,False,False,True,U2_age_sex_location_adjusted
KCNK9,-0.0123364877993703,0.741030684937971,0.0006465819680156,0.98789006112278,False,False,False,False,False,True,U2_age_sex_location_adjusted
NHSL2,-0.008878291322925,0.741466253890252,0.0013993967509507,0.964664600750563,False,False,False,False,False,True,U2_age_sex_location_adjusted
PKIG,0.0443031253451084,0.74277493892826,-0.0243672322822396,0.876576086441472,False,False,False,False,False,True,U2_age_sex_location_adjusted
IFTAP,0.0392653742237412,0.744164922833786,-0.0089042037471677,0.95061645782086,False,False,False,False,False,True,U2_age_sex_location_adjusted
LIMA1,-0.0277681506695439,0.744671303124932,0.0350779139489971,0.707999842272873,False,False,False,False,False,True,U2_age_sex_location_adjusted
IGFL4,-0.0147441082277925,0.745618413832556,0.0063761560376831,0.90513085494092,False,False,False,False,False,True,U2_age_sex_location_adjusted
EBI3,-0.0245344563484524,0.746727761697936,0.0258294298317803,0.760234563891169,False,False,False,False,False,True,U2_age_sex_location_adjusted
AR,0.014352778432734,0.747147065567995,-0.0022947380598842,0.964790443313455,False,False,False,False,False,True,U2_age_sex_location_adjusted
LINGO4,-0.0169578302737189,0.747478724764007,0.0155497675906573,0.792289886337416,False,False,False,False,False,True,U2_age_sex_location_adjusted
LY6S-AS1,-0.0087794952578574,0.748616643487712,0.0043370930937022,0.89379100026503,False,False,False,False,False,True,U2_age_sex_location_adjusted
CATSPERD,-0.0128651775822151,0.750801209711982,0.0037350643205702,0.938524393207094,False,False,False,False,False,True,U2_age_sex_location_adjusted
ATP2B4,0.0181086693647288,0.752188703059707,-0.0152162126898913,0.817012520021442,False,False,False,False,False,True,U2_age_sex_location_adjusted
ORAI3,0.0186341960185148,0.753762295271504,-0.009793677359374,0.8891733064526,False,False,False,False,False,True,U2_age_sex_location_adjusted
ABI3,-0.0338207655893912,0.753762295271504,0.0270637135727935,0.821160794627381,False,False,False,False,False,True,U2_age_sex_location_adjusted
FBXO11,0.0168557750692056,0.754095118248902,-0.0018225718960209,0.976954809436559,False,False,False,False,False,True,U2_age_sex_location_adjusted
SLC22A10,-0.0106452188001987,0.754724552087076,0.0026088985905627,0.947606110857682,False,False,False,False,False,True,U2_age_sex_location_adjusted
RTF2,0.0189649296732969,0.756422440788174,-0.0038035394345482,0.958002237980533,False,False,False,False,False,True,U2_age_sex_location_adjusted
ZNF546,0.012755915246278,0.756422440788174,-0.003961737195486,0.936243216056604,False,False,False,False,False,True,U2_age_sex_location_adjusted
OR52N5,-0.0139787189120528,0.756568270773596,0.0062270536105387,0.907809914919008,False,False,False,False,False,True,U2_age_sex_location_adjusted
OR2L13,0.012736558174727,0.757283378555078,-0.016039248657813,0.724093861807307,False,False,False,False,False,True,U2_age_sex_location_adjusted
ATP6V1E1,0.0123211453754547,0.757703828417225,-0.0101997160947866,0.822397392502888,False,False,False,False,False,True,U2_age_sex_location_adjusted
KCNIP4-IT1,-0.009115876938986,0.758163366349997,0.0013637584378151,0.96880937361956,False,False,False,False,False,True,U2_age_sex_location_adjusted
POMT2,-0.0136588338791658,0.760461923230927,0.0010716587641878,0.983266796312905,False,False,False,False,False,True,U2_age_sex_location_adjusted
FAM135A,-0.02844158223267,0.761523155492514,0.0051597444805368,0.962823774047849,False,False,False,False,False,True,U2_age_sex_location_adjusted
KCNAB3,-0.0143370232935391,0.762120503509229,0.0162577204770671,0.754590822832053,False,False,False,False,False,True,U2_age_sex_location_adjusted
OXGR1,-0.0223349913831804,0.762744165890198,0.0106163440591925,0.904040136355873,False,False,False,False,False,True,U2_age_sex_location_adjusted
ASB12,-0.0159195290791998,0.764356696790196,0.0172254789030997,0.771652577360026,False,False,False,False,False,True,U2_age_sex_location_adjusted
OR8D2,-0.0135696650503751,0.766383992592686,0.002323418873414,0.9657624023579,False,False,False,False,False,True,U2_age_sex_location_adjusted
ZNRD2,0.0232275836384504,0.768429020437875,-0.0009209564446645,0.991770849893539,False,False,False,False,False,True,U2_age_sex_location_adjusted
NINJ1,0.0299121321398006,0.768429020437875,-0.0240671516543388,0.836922691419031,False,False,False,False,False,True,U2_age_sex_location_adjusted
LATS1,0.0102281059245114,0.769418927523622,-0.0001102503470609,0.997802412230263,False,False,False,False,False,True,U2_age_sex_location_adjusted
EMILIN3,-0.0122312703809812,0.770188027733305,0.0153848921572748,0.739476644776993,False,False,False,False,False,True,U2_age_sex_location_adjusted
TMEM62,-0.0149110395727116,0.770188027733305,0.0075698553245677,0.900291867124024,False,False,False,False,False,True,U2_age_sex_location_adjusted
NOX4,0.0059767225169469,0.770466280231976,-0.0012237021359808,0.959735880616821,False,False,False,False,False,True,U2_age_sex_location_adjusted
CLEC18B,-0.012606155874712,0.771212335609398,0.000230483594992,0.996141776452683,False,False,False,False,False,True,U2_age_sex_location_adjusted
SMAD9,0.022771280393624,0.771689359618058,-0.0119289206872224,0.897400256318463,False,False,False,False,False,True,U2_age_sex_location_adjusted
GBP7,-0.01082723026973,0.772191322484359,0.0084062983191749,0.846017011311896,False,False,False,False,False,True,U2_age_sex_location_adjusted
LINC02860,-0.0100941651773556,0.772500188097325,0.0234899931219631,0.515959600756482,False,False,False,False,False,True,U2_age_sex_location_adjusted
ZNF582,-0.0061943569159367,0.772830892558949,0.0058542214773195,0.806736410367709,False,False,False,False,False,True,U2_age_sex_location_adjusted
TNRC6B,-0.0150267032133742,0.775193668664279,0.0037557991518375,0.949874721576953,False,False,False,False,False,True,U2_age_sex_location_adjusted
CLPP,0.0173890379059002,0.777157991457672,-0.0129601118119483,0.855420376450712,False,False,False,False,False,True,U2_age_sex_location_adjusted
SCRN2,0.0177928240522004,0.777201600436929,-0.0065733415164074,0.930175395937689,False,False,False,False,False,True,U2_age_sex_location_adjusted
POLR3F,0.017704896064052,0.77744099964137,-0.0322611398620746,0.630189696412672,False,False,False,False,False,True,U2_age_sex_location_adjusted
SNORA37,0.0176996116936322,0.778217139984021,-0.0107776357757466,0.879572327077756,False,False,False,False,False,True,U2_age_sex_location_adjusted
ATP2A1,-0.013416991738449,0.778316811341887,0.0130042781847392,0.809575616421527,False,False,False,False,False,True,U2_age_sex_location_adjusted
FAM24A,-0.0157750147469234,0.779262895253619,0.0317734494670149,0.598611721902548,False,False,False,False,False,True,U2_age_sex_location_adjusted
SCCPDH,0.0137366141256783,0.779892994499879,-0.0034299171953097,0.952138842774153,False,False,False,False,False,True,U2_age_sex_location_adjusted
GPER1,0.0150064158675281,0.780951448009479,-0.0117287883042014,0.851765849162633,False,False,False,False,False,True,U2_age_sex_location_adjusted
BRI3BP,-0.03217034623763,0.785772977966061,0.0240467158029414,0.861323720471677,False,False,False,False,False,True,U2_age_sex_location_adjusted
MT1E,0.0368085824749525,0.786393146841381,-0.0038021264520883,0.980845001820369,False,False,False,False,False,True,U2_age_sex_location_adjusted
F2RL3,-0.0163759582520895,0.787037791742847,0.0065408030329364,0.927170827180933,False,False,False,False,False,True,U2_age_sex_location_adjusted
DPCD,0.0126934967632061,0.787735075830792,-0.0152356194428892,0.763321620506035,False,False,False,False,False,True,U2_age_sex_location_adjusted
THEM5,-0.009591000688753,0.788123326421667,0.0007351650897139,0.985344450607956,False,False,False,False,False,True,U2_age_sex_location_adjusted
AOC1,-0.0417962782391081,0.789212570293308,0.0034545131903297,0.984656014718574,False,False,False,False,False,True,U2_age_sex_location_adjusted
CHTF18,-0.0143880151419008,0.789408877040966,0.0077626541737523,0.90269999647849,False,False,False,False,False,True,U2_age_sex_location_adjusted
FAM187B,-0.0114677467380542,0.789698618603906,0.0001403788141795,0.997745595721502,False,False,False,False,False,True,U2_age_sex_location_adjusted
SYCP1,-0.0067322109579888,0.791950487930359,0.004414492786402,0.881748377083197,False,False,False,False,False,True,U2_age_sex_location_adjusted
ALDH16A1,-0.015349092315491,0.794284692513437,0.0022359871915962,0.97331970201149,False,False,False,False,False,True,U2_age_sex_location_adjusted
DRAP1,0.0172660987503102,0.79564003846768,-0.0047085916328211,0.951644778276386,False,False,False,False,False,True,U2_age_sex_location_adjusted
UGT8,-0.0336241973642589,0.796480476976467,0.0146098523746981,0.924365894625439,False,False,False,False,False,True,U2_age_sex_location_adjusted
SDSL,-0.0248369631885605,0.79746771969027,0.0262306472993992,0.810712650697103,False,False,False,False,False,True,U2_age_sex_location_adjusted
PRAMEF20,-0.0097815653607377,0.797974896131115,0.0018028420753185,0.967396725492621,False,False,False,False,False,True,U2_age_sex_location_adjusted
OR6C3,-0.0115938178731839,0.798128629492031,0.0067676475801354,0.898697579286578,False,False,False,False,False,True,U2_age_sex_location_adjusted
TIMM9,0.0152437684309694,0.799879345363048,-0.0188557580771712,0.771652577360026,False,False,False,False,False,True,U2_age_sex_location_adjusted
KPTN,-0.0167388437389891,0.799971050798789,0.001586054352516,0.982346341220136,False,False,False,False,False,True,U2_age_sex_location_adjusted
KRT74,-0.0098922583313818,0.800442259632964,0.00366385745764,0.936243216056604,False,False,False,False,False,True,U2_age_sex_location_adjusted
MSANTD1,-0.0078826948183843,0.801107230289587,0.0222310391530732,0.495254077743057,False,False,False,False,False,True,U2_age_sex_location_adjusted
VPS45,0.0168741765262415,0.802004265286855,-0.00941811097934,0.905926970237943,False,False,False,False,False,True,U2_age_sex_location_adjusted
PGRMC2,0.0092651580666642,0.802218413602665,-0.0087579438691883,0.836222348111549,False,False,False,False,False,True,U2_age_sex_location_adjusted
KDM2B,0.016066353018714,0.803286081638022,-0.003902726285144,0.958828830017151,False,False,False,False,False,True,U2_age_sex_location_adjusted
SPATA3,-0.0088810429515191,0.805353921173287,0.0097314694697107,0.811823587342437,False,False,False,False,False,True,U2_age_sex_location_adjusted
RLIM,0.0099629239387237,0.805504305353473,-0.0085002018991121,0.853410486893673,False,False,False,False,False,True,U2_age_sex_location_adjusted
ZSCAN4,0.0096304032874315,0.807389783768403,-0.0071178252317164,0.877072159155679,False,False,False,False,False,True,U2_age_sex_location_adjusted
OR5H1,-0.0121001477263806,0.807692920191584,0.0084764974522749,0.881896328610004,False,False,False,False,False,True,U2_age_sex_location_adjusted
PRH2,-0.0074524388289565,0.809177588237786,0.0038314232928302,0.916260521847962,False,False,False,False,False,True,U2_age_sex_location_adjusted
OR8K3,-0.0099126597876571,0.80970061251524,0.0179139738780417,0.688019274363366,False,False,False,False,False,True,U2_age_sex_location_adjusted
ZNF644,-0.0219268172553787,0.811537843302761,0.0244884453310091,0.81259352668919,False,False,False,False,False,True,U2_age_sex_location_adjusted
TTF2,-0.0174592828769711,0.811574929188144,0.0124313677435031,0.883796252520846,False,False,False,False,False,True,U2_age_sex_location_adjusted
EHMT1,-0.017227289980446,0.81267769503138,0.0198037141539679,0.808888373044202,False,False,False,False,False,True,U2_age_sex_location_adjusted
H4C13,-0.0094029145072146,0.812926182978366,0.0005589382248973,0.989845273396303,False,False,False,False,False,True,U2_age_sex_location_adjusted
TAF9B,0.0234594996056725,0.813388112409628,-0.0276278804680294,0.80307877190947,False,False,False,False,False,True,U2_age_sex_location_adjusted
ACTRT1,-0.0101535564566894,0.814099282777238,0.0045619085223892,0.92816963106363,False,False,False,False,False,True,U2_age_sex_location_adjusted
EHBP1-AS1,0.0085137181178039,0.814583811786019,-0.0007488902505514,0.985344450607956,False,False,False,False,False,True,U2_age_sex_location_adjusted
CACNG2,-0.0085981671292779,0.815212907667028,0.0014634166145387,0.972552588164613,False,False,False,False,False,True,U2_age_sex_location_adjusted
THG1L,-0.0131352836414855,0.815549629870078,0.0039516049339391,0.952189250040666,False,False,False,False,False,True,U2_age_sex_location_adjusted
CUTA,0.0098231926866991,0.815584634310801,-0.0088344272787415,0.852225756177913,False,False,False,False,False,True,U2_age_sex_location_adjusted
OR1N2,-0.0105361766937423,0.816153749672812,0.0023144442083695,0.965058101983388,False,False,False,False,False,True,U2_age_sex_location_adjusted
INTS6L,-0.0232951946178838,0.817048063627807,0.0082182882436289,0.943838707803137,False,False,False,False,False,True,U2_age_sex_location_adjusted
MR1,0.0128898435338234,0.817091545875924,-0.0152768754582346,0.806111142282325,False,False,False,False,False,True,U2_age_sex_location_adjusted
RNF38,0.0109263799139711,0.817144482672289,-0.0189473930297626,0.709994319214352,False,False,False,False,False,True,U2_age_sex_location_adjusted
C3orf22,-0.0082513219412542,0.817161537921627,0.0037809291938333,0.929215856968413,False,False,False,False,False,True,U2_age_sex_location_adjusted
FAM86C1P,-0.0117806894869384,0.817695953026007,0.0076472211173475,0.899184310077975,False,False,False,False,False,True,U2_age_sex_location_adjusted
WNK3,0.0102765291270496,0.82016960891574,-0.0059142879969887,0.912135386054537,False,False,False,False,False,True,U2_age_sex_location_adjusted
MIB1,0.0157793364957901,0.820652880367122,-0.0079909166283548,0.922579854543308,False,False,False,False,False,True,U2_age_sex_location_adjusted
MFSD4A,0.0625799542967242,0.820652880367122,-0.0709116905758572,0.76787891708189,False,False,False,False,False,True,U2_age_sex_location_adjusted
KXD1,0.00713259548702,0.821199375863599,-0.0028579060525237,0.938708428228855,False,False,False,False,False,True,U2_age_sex_location_adjusted
DSC1,-0.0077873256628206,0.823038965328048,0.0002329336703671,0.995210056027172,False,False,False,False,False,True,U2_age_sex_location_adjusted
RETN,-0.0093129834488896,0.823548295832812,0.0051762611733703,0.914361173296248,False,False,False,False,False,True,U2_age_sex_location_adjusted
IPO5,0.0139987244005432,0.823696882549961,-0.0103474397140039,0.887465011793469,False,False,False,False,False,True,U2_age_sex_location_adjusted
MEIOC,-0.0053460158250562,0.824417444854701,0.0067916639937174,0.801555072426389,False,False,False,False,False,True,U2_age_sex_location_adjusted
INCENP,-0.009804820252635,0.824853954448353,0.0125774103107809,0.801505029717187,False,False,False,False,False,True,U2_age_sex_location_adjusted
ZNF716,-0.0082703436069673,0.825150119694847,0.0024272007540763,0.955689433419704,False,False,False,False,False,True,U2_age_sex_location_adjusted
PHPT1,0.01570116009532,0.826732300455879,-0.0296597028438187,0.692775921203134,False,False,False,False,False,True,U2_age_sex_location_adjusted
COPS2,0.0162755101088643,0.826974137464235,-0.0270542926431343,0.738017746877201,False,False,False,False,False,True,U2_age_sex_location_adjusted
RARB,0.0101361025859422,0.82792649646809,-0.0030276138993163,0.953861653441294,False,False,False,False,False,True,U2_age_sex_location_adjusted
SLC35D3,0.012965697747462,0.828065392785496,-0.0197320336452407,0.763251332967387,False,False,False,False,False,True,U2_age_sex_location_adjusted
CUX2,0.0083209321959688,0.828065392785496,-0.0088051176205773,0.83895748744872,False,False,False,False,False,True,U2_age_sex_location_adjusted
KCTD3,0.0120743549959402,0.828378271025183,-0.0389048712409812,0.498916788595261,False,False,False,False,False,True,U2_age_sex_location_adjusted
LRRC36,0.0090339120323689,0.829612594390907,-0.0045157979599346,0.925980611769973,False,False,False,False,False,True,U2_age_sex_location_adjusted
LINC00839,0.0094204198853565,0.83061377075652,-0.0052115391377453,0.919344003688409,False,False,False,False,False,True,U2_age_sex_location_adjusted
ZNF445,0.0066450231627852,0.831991367623946,-0.0041359620548293,0.909819015875369,False,False,False,False,False,True,U2_age_sex_location_adjusted
SGO1,-0.0100549516911933,0.83359261939261,0.0112720800696154,0.83678571887377,False,False,False,False,False,True,U2_age_sex_location_adjusted
GCC1,-0.0119645993422597,0.834126420486975,0.0053304356917433,0.936458678000115,False,False,False,False,False,True,U2_age_sex_location_adjusted
EFR3B,-0.009210266393814,0.834126420486975,0.0006561511050498,0.989515585171002,False,False,False,False,False,True,U2_age_sex_location_adjusted
FAM151B,-0.0088003074674416,0.834380977588255,0.0084590517777308,0.86164074000396,False,False,False,False,False,True,U2_age_sex_location_adjusted
KDM4D,-0.0067928282289729,0.835513860192861,0.0033760982402858,0.930175395937689,False,False,False,False,False,True,U2_age_sex_location_adjusted
DSCAM,0.0119098016261573,0.835910359076826,-0.0110997031896412,0.867054451205979,False,False,False,False,False,True,U2_age_sex_location_adjusted
UCP2,-0.0159253454102491,0.838376238826298,0.0102573915220893,0.91102689040639,False,False,False,False,False,True,U2_age_sex_location_adjusted
DHX32,-0.016621309798471,0.839197707493506,0.0021866597927735,0.980492857421202,False,False,False,False,False,True,U2_age_sex_location_adjusted
FRYL,-0.020493712201091,0.839197707493506,0.0574632020662991,0.586900414662713,False,False,False,False,False,True,U2_age_sex_location_adjusted
CASQ1,0.0081266854187878,0.839392333734519,-0.0129649004292772,0.770100424823973,False,False,False,False,False,True,U2_age_sex_location_adjusted
OR10H5,-0.0070747656161775,0.840140737912104,0.0008104460514321,0.983760480595292,False,False,False,False,False,True,U2_age_sex_location_adjusted
KCNF1,0.0099196544981021,0.840162620277946,-0.0095807564297977,0.865829863888063,False,False,False,False,False,True,U2_age_sex_location_adjusted
RESF1,-0.0172081249295488,0.840162620277946,0.0287185579156646,0.758445983439985,False,False,False,False,False,True,U2_age_sex_location_adjusted
ANXA7,0.0078263614181562,0.840288918999207,-0.0244241828301982,0.537830381843226,False,False,False,False,False,True,U2_age_sex_location_adjusted
PCNX3,-0.0124514631532667,0.841320271410578,0.0123830647080418,0.862287707857303,False,False,False,False,False,True,U2_age_sex_location_adjusted
SIAH3,-0.0081794992910999,0.841331636325535,0.0031736538712649,0.947202767556732,False,False,False,False,False,True,U2_age_sex_location_adjusted
CREB3L1,0.0193485086910155,0.842312824522282,-0.0041595675785617,0.967761656165839,False,False,False,False,False,True,U2_age_sex_location_adjusted
OR4K5,-0.0065390647338724,0.842473505913237,0.0060383115617588,0.872271653409639,False,False,False,False,False,True,U2_age_sex_location_adjusted
RAP1GDS1,0.0106371639703368,0.843068289034953,-0.0177703801567268,0.759520291766944,False,False,False,False,False,True,U2_age_sex_location_adjusted
CAMK4,0.0090504890957921,0.843075391643881,-0.0067932195499211,0.898697579286578,False,False,False,False,False,True,U2_age_sex_location_adjusted
IL18R1,-0.0110185235170145,0.843746230214379,0.0293886927628544,0.605477801629338,False,False,False,False,False,True,U2_age_sex_location_adjusted
ZNF14,0.0083238626698462,0.84377151943781,-0.0008634476553106,0.985297645075769,False,False,False,False,False,True,U2_age_sex_location_adjusted
WDR31,-0.0070139922058194,0.84377151943781,0.0032378459686047,0.938146477891959,False,False,False,False,False,True,U2_age_sex_location_adjusted
ARHGAP26,-0.0142103276526766,0.844269531588997,0.03121046005254,0.6878454840263,False,False,False,False,False,True,U2_age_sex_location_adjusted
GLT1D1,-0.0059877749211456,0.844717369225751,0.0026949503375052,0.939028724124921,False,False,False,False,False,True,U2_age_sex_location_adjusted
THOC6,-0.0121847250931286,0.845306696266409,0.0026341582113271,0.970542021691884,False,False,False,False,False,True,U2_age_sex_location_adjusted
PARN,0.0112083226594675,0.845983683308092,-0.0106630929115699,0.872669163242922,False,False,False,False,False,True,U2_age_sex_location_adjusted
BACH1,-0.0117761943222384,0.846194179991515,0.01105128661798,0.874602316715103,False,False,False,False,False,True,U2_age_sex_location_adjusted
RND1,-0.0242725690769584,0.846328962229889,0.0024667527488062,0.985304062842192,False,False,False,False,False,True,U2_age_sex_location_adjusted
MSS51,0.0113347453492277,0.846457814544398,-0.0103199729459652,0.878450313678796,False,False,False,False,False,True,U2_age_sex_location_adjusted
LINC00474,0.0057973593756754,0.846489064026871,-0.0082875590445004,0.803582236883665,False,False,False,False,False,True,U2_age_sex_location_adjusted
CABP7,-0.0120535958690272,0.848224655281924,0.008540930620242,0.906992649582797,False,False,False,False,False,True,U2_age_sex_location_adjusted
CDC42BPG,-0.0104486469124074,0.84859735415441,0.0065876781409576,0.917535279786011,False,False,False,False,False,True,U2_age_sex_location_adjusted
EEF1D,0.0132814971562932,0.84859735415441,-0.0129781078779729,0.870703946825521,False,False,False,False,False,True,U2_age_sex_location_adjusted
EDA2R,0.0057519804982003,0.849117515484371,-0.0164639622889647,0.605361309267236,False,False,False,False,False,True,U2_age_sex_location_adjusted
ARC,0.0091903544011784,0.849938769446608,-0.026068087217014,0.607681543397767,False,False,False,False,False,True,U2_age_sex_location_adjusted
TTBK2,0.0091899323913669,0.850263989675465,-0.0030406501230588,0.957393099661314,False,False,False,False,False,True,U2_age_sex_location_adjusted
DBIL5P,0.0061890478230212,0.85032822791294,-0.0123480928199498,0.729738650866569,False,False,False,False,False,True,U2_age_sex_location_adjusted
CTNNA3,0.0051635311354787,0.850348729715656,-0.008550533157465,0.778076047723472,False,False,False,False,False,True,U2_age_sex_location_adjusted
DNAJC21,0.0119730616250221,0.850754981969429,-0.0039568071979683,0.953876425264919,False,False,False,False,False,True,U2_age_sex_location_adjusted
BEX4,0.0255560717544716,0.851298262152422,-0.0150489015884495,0.925697675303188,False,False,False,False,False,True,U2_age_sex_location_adjusted
PARP6,0.0176395377772109,0.853062822787445,-0.0023055714617658,0.982760860243818,False,False,False,False,False,True,U2_age_sex_location_adjusted
MMP19,-0.0103602434313714,0.854009241923135,0.0037653322556773,0.953416718732062,False,False,False,False,False,True,U2_age_sex_location_adjusted
DIP2A,0.0082342719416141,0.854009241923135,-0.0105622394223639,0.835301356652281,False,False,False,False,False,True,U2_age_sex_location_adjusted
APOH,-0.0134850296730692,0.854818491289509,0.0045483038494846,0.954983591106569,False,False,False,False,False,True,U2_age_sex_location_adjusted
ZNF264,-0.009346300387032,0.854972858090755,0.0076308549067535,0.898697579286578,False,False,False,False,False,True,U2_age_sex_location_adjusted
CCDC82,0.017404227075628,0.855557037605167,-0.0089893423159156,0.936123642024258,False,False,False,False,False,True,U2_age_sex_location_adjusted
EIF4ENIF1,0.0085616025366793,0.855763363942436,-0.0088329390103045,0.870703946825521,False,False,False,False,False,True,U2_age_sex_location_adjusted
DTD1,0.0130248290747933,0.856653303430192,-0.0480874485373608,0.512109497842412,False,False,False,False,False,True,U2_age_sex_location_adjusted
EPS8L1,-0.0206790083419315,0.856912604925301,0.014069528203525,0.916960444800839,False,False,False,False,False,True,U2_age_sex_location_adjusted
STIM2,-0.0154002063158972,0.857455253001724,0.0096559913695247,0.922912934785478,False,False,False,False,False,True,U2_age_sex_location_adjusted
GRK5,-0.0062563035727335,0.858051818637763,0.0096490006982556,0.805467377576638,False,False,False,False,False,True,U2_age_sex_location_adjusted
OR6C68,0.0059953826844275,0.859082956988956,-6.28414168311793e-05,0.998650372962628,False,False,False,False,False,True,U2_age_sex_location_adjusted
PAXBP1,-0.0111388706005404,0.859468468796627,0.0057569930365596,0.937383128803124,False,False,False,False,False,True,U2_age_sex_location_adjusted
B9D1,0.0148040135760144,0.859629650766848,-0.0352246726257952,0.693478579148881,False,False,False,False,False,True,U2_age_sex_location_adjusted
ACE2,-0.0323491982780922,0.860475550456536,0.0993837507936045,0.608516026416674,False,False,False,False,False,True,U2_age_sex_location_adjusted
GALNT13,-0.0056429652551758,0.860475550456536,0.0148665350909975,0.665315903580919,False,False,False,False,False,True,U2_age_sex_location_adjusted
PABPC1,0.0056928490689307,0.860482184456916,-0.0078136565072074,0.832694066014081,False,False,False,False,False,True,U2_age_sex_location_adjusted
PLEKHH1,-0.0128443871789416,0.862667081513399,0.030211476875378,0.702548383844207,False,False,False,False,False,True,U2_age_sex_location_adjusted
FCMR,-0.0218356022076729,0.863704801150445,0.034896868009608,0.803563250729739,False,False,False,False,False,True,U2_age_sex_location_adjusted
SYDE2,0.0104977057299961,0.864122471888048,-0.0414861534788895,0.514215852536248,False,False,False,False,False,True,U2_age_sex_location_adjusted
CPA3,-0.0353321208185539,0.865519012824761,0.0074665996054085,0.974820539213899,False,False,False,False,False,True,U2_age_sex_location_adjusted
QSER1,-0.018138271130569,0.866744590616009,0.0012002938908465,0.992103697143278,False,False,False,False,False,True,U2_age_sex_location_adjusted
ZNF229,-0.0055988443965459,0.866910943130994,0.0045664231477035,0.907052142348228,False,False,False,False,False,True,U2_age_sex_location_adjusted
FKBP1A,-0.0151594887822764,0.868496308379406,0.0036300917500032,0.970542021691884,False,False,False,False,False,True,U2_age_sex_location_adjusted
TMPRSS11B,-0.0048040321855568,0.869479657878754,0.001860626403984,0.955834277802754,False,False,False,False,False,True,U2_age_sex_location_adjusted
UBE2G2,0.0144572679872126,0.869497286283158,-0.0078221680952597,0.938708428228855,False,False,False,False,False,True,U2_age_sex_location_adjusted
CCDC87,0.0081873183791576,0.869870166265463,-0.0017018745525407,0.976334341960876,False,False,False,False,False,True,U2_age_sex_location_adjusted
IL18RAP,-0.0068500133855531,0.87076430601131,0.0188414956524021,0.670559523165965,False,False,False,False,False,True,U2_age_sex_location_adjusted
ELOVL6,-0.0250229845208131,0.872172178480657,0.0522436322605463,0.753755646054779,False,False,False,False,False,True,U2_age_sex_location_adjusted
KCND1,0.0075444720013943,0.874284762741613,-0.0043141682629467,0.938164386649412,False,False,False,False,False,True,U2_age_sex_location_adjusted
ACSM2A,-0.0048326565828662,0.874661374066792,0.0015091233053663,0.9657624023579,False,False,False,False,False,True,U2_age_sex_location_adjusted
DSCC1,-0.0121885721382249,0.875498236804675,0.0184115531202888,0.831592798970341,False,False,False,False,False,True,U2_age_sex_location_adjusted
SRARP,-0.0062383105045232,0.87639130106233,0.0049846712937405,0.914808165595908,False,False,False,False,False,True,U2_age_sex_location_adjusted
ENHO,-0.010804562975629,0.877179352382685,0.0024380182763886,0.975465092118989,False,False,False,False,False,True,U2_age_sex_location_adjusted
DDA1,-0.0100947392866502,0.877271523633431,0.0248435084422561,0.720275880309536,False,False,False,False,False,True,U2_age_sex_location_adjusted
MARCHF10,0.0049108817791401,0.878457309522575,-0.0011782158368028,0.974506452627672,False,False,False,False,False,True,U2_age_sex_location_adjusted
ARMCX5,0.0090707761585078,0.878790141423272,-0.0024157246161608,0.971295315942382,False,False,False,False,False,True,U2_age_sex_location_adjusted
DEFB110,-0.0046327427451305,0.879258939856174,0.0070321519877631,0.838268191439011,False,False,False,False,False,True,U2_age_sex_location_adjusted
CTSL,0.0169404214833325,0.880165050756788,-0.0262450003431997,0.835948103720684,False,False,False,False,False,True,U2_age_sex_location_adjusted
ASXL3,-0.0081156137718844,0.880769589636658,0.0207748856997333,0.713501188679496,False,False,False,False,False,True,U2_age_sex_location_adjusted
SCAI,0.0146919640944377,0.880781746860932,-0.0340738024168774,0.746774927136002,False,False,False,False,False,True,U2_age_sex_location_adjusted
CENATAC,-0.0139934072387836,0.881400942268082,0.0137592273889737,0.897094583662488,False,False,False,False,False,True,U2_age_sex_location_adjusted
LINC03009,-0.0082979302093212,0.881401149325076,0.0162759248467571,0.791655097018967,False,False,False,False,False,True,U2_age_sex_location_adjusted
PSG9,-0.0038416811951622,0.881401149325076,0.005719322089561,0.844658678412451,False,False,False,False,False,True,U2_age_sex_location_adjusted
IL7R,-0.017995018154691,0.881401149325076,0.0457883021277671,0.718207929617228,False,False,False,False,False,True,U2_age_sex_location_adjusted
SYNDIG1,-0.0078049838179962,0.882267027414447,0.0107307071289955,0.857876629344866,False,False,False,False,False,True,U2_age_sex_location_adjusted
TXNRD2,0.0103698694108102,0.883359881424894,-0.006894366026148,0.932347409301097,False,False,False,False,False,True,U2_age_sex_location_adjusted
LRRC10B,-0.0100715362740878,0.88387792586032,0.0364627085747266,0.614470804589898,False,False,False,False,False,True,U2_age_sex_location_adjusted
CCL11,0.0355534466556111,0.884602699904484,-0.156104480062816,0.535228081193767,False,False,False,False,False,True,U2_age_sex_location_adjusted
SPECC1L,-0.0091321917989958,0.885207407887903,0.0023929943246407,0.973118143520724,False,False,False,False,False,True,U2_age_sex_location_adjusted
SPATS1,0.0054938869082799,0.885207407887903,-0.0002813476059092,0.994650587299637,False,False,False,False,False,True,U2_age_sex_location_adjusted
PRB4,0.0064419731146133,0.886365409049186,-0.001114556218419,0.982490707899917,False,False,False,False,False,True,U2_age_sex_location_adjusted
IL2RA,-0.0084798986147745,0.886872666004409,0.0176900798187841,0.780596240058494,False,False,False,False,False,True,U2_age_sex_location_adjusted
NDUFA4L2,0.0066569552151363,0.886872666004409,-0.012865158702964,0.798205302608881,False,False,False,False,False,True,U2_age_sex_location_adjusted
ERICH5,0.0124556240717653,0.887649709712445,-0.0219389718834745,0.807472776248624,False,False,False,False,False,True,U2_age_sex_location_adjusted
P2RY10,-0.0159176751974974,0.88859839178853,0.0346736545633511,0.779888570420128,False,False,False,False,False,True,U2_age_sex_location_adjusted
TIGD6,0.0052322876879168,0.889676085350758,-0.0192503081328221,0.617971448405553,False,False,False,False,False,True,U2_age_sex_location_adjusted
PPIL6,0.0052806328218813,0.890282956630533,-0.0110558942078339,0.791655097018967,False,False,False,False,False,True,U2_age_sex_location_adjusted
KRT1,-0.0109869800110401,0.890758700738508,0.0319199193920821,0.70832928215579,False,False,False,False,False,True,U2_age_sex_location_adjusted
OR52I1,-0.0047319718895113,0.890758700738508,0.0097477247418043,0.798446276030019,False,False,False,False,False,True,U2_age_sex_location_adjusted
REXO2,0.019483585367211,0.891022635315531,-0.0513930446834191,0.733823552195712,False,False,False,False,False,True,U2_age_sex_location_adjusted
RBP3,0.0051324601519153,0.891022635315531,-0.0008386618829957,0.983988906357443,False,False,False,False,False,True,U2_age_sex_location_adjusted
GRIA3,-0.0041662273492712,0.891022635315531,0.0007610453732808,0.982354561075235,False,False,False,False,False,True,U2_age_sex_location_adjusted
CNPY1,-0.0053174589724761,0.891022635315531,0.0019180814331442,0.9657624023579,False,False,False,False,False,True,U2_age_sex_location_adjusted
POTEB3,-0.0055116747017559,0.891222435173314,0.0058516630527643,0.9006496426669,False,False,False,False,False,True,U2_age_sex_location_adjusted
RNF113B,-0.0059310978806354,0.891222435173314,0.0053116955802557,0.916188126961393,False,False,False,False,False,True,U2_age_sex_location_adjusted
ZMYM5,0.0071695067923935,0.891841934847171,-0.0303726980664261,0.578985761686096,False,False,False,False,False,True,U2_age_sex_location_adjusted
FOXL1,-0.0079559599080508,0.892115515387351,0.0343868767789113,0.573571654960939,False,False,False,False,False,True,U2_age_sex_location_adjusted
ATP2B2,0.0031696357125988,0.892271858132054,-7.03203375515438e-05,0.997802412230263,False,False,False,False,False,True,U2_age_sex_location_adjusted
IFT70A,-0.0081389876994774,0.89239698489064,0.0025996646150005,0.970216739628988,False,False,False,False,False,True,U2_age_sex_location_adjusted
ZNF80,0.0037010411566596,0.892787238505211,-0.006969315105821,0.818289499733524,False,False,False,False,False,True,U2_age_sex_location_adjusted
TCP11L1,-0.0049286052204145,0.892816391062174,0.0011207885951811,0.978373193454897,False,False,False,False,False,True,U2_age_sex_location_adjusted
NEK6,0.0100485332501078,0.894290676559666,-0.0175212017004508,0.837153900056887,False,False,False,False,False,True,U2_age_sex_location_adjusted
PRSS23,0.0208300427377333,0.894359472736794,-0.0281446835627466,0.87540068137456,False,False,False,False,False,True,U2_age_sex_location_adjusted
ABCF3,0.0051417278000239,0.894655939445081,-0.004543755499802,0.920041352028766,False,False,False,False,False,True,U2_age_sex_location_adjusted
STT3A,0.0087858453568166,0.894717431677975,-0.0079299165732938,0.915628172871644,False,False,False,False,False,True,U2_age_sex_location_adjusted
PSMB4,0.0046739528834142,0.895387371571161,-0.0087999021475093,0.825725075403612,False,False,False,False,False,True,U2_age_sex_location_adjusted
LOC100132686,0.0062671733189132,0.89605113621003,-0.0050046831043023,0.929143179946915,False,False,False,False,False,True,U2_age_sex_location_adjusted
ERAL1,-0.0083436597048059,0.896159217880089,0.0081742904385453,0.912536617761236,False,False,False,False,False,True,U2_age_sex_location_adjusted
SCARA5,-0.0058857581571159,0.896159217880089,0.0218187862103231,0.64965229499477,False,False,False,False,False,True,U2_age_sex_location_adjusted
RHOH,-0.0235548296220457,0.896159217880089,0.0553067769070406,0.777910083000078,False,False,False,False,False,True,U2_age_sex_location_adjusted
TLE2,0.0139999296298992,0.896448764997066,-0.0576359161477168,0.601761986025942,False,False,False,False,False,True,U2_age_sex_location_adjusted
MALSU1,0.0055555933990771,0.896740439387533,-0.0022736775731462,0.963232199913702,False,False,False,False,False,True,U2_age_sex_location_adjusted
NECTIN4,0.0074562156342153,0.896812393469774,-0.0220172957212181,0.722094378229897,False,False,False,False,False,True,U2_age_sex_location_adjusted
MFSD2B,-0.0074284718001606,0.897081505809497,0.0080056027067801,0.904847804172179,False,False,False,False,False,True,U2_age_sex_location_adjusted
MMP13,-0.003975081351585,0.897467256791877,0.0036753065541266,0.918435747848663,False,False,False,False,False,True,U2_age_sex_location_adjusted
MED10,0.0080184550264005,0.89762767205596,-0.0089559119166032,0.901839928332993,False,False,False,False,False,True,U2_age_sex_location_adjusted
MFSD12,-0.0084000829749097,0.898894474561859,0.0141869399730445,0.847819319626738,False,False,False,False,False,True,U2_age_sex_location_adjusted
ZIK1,0.0035584393976762,0.900904158914251,-0.0025882497952644,0.938085030561178,False,False,False,False,False,True,U2_age_sex_location_adjusted
NUP153,0.0067241620507738,0.900979857411049,-0.0119028600429769,0.844658678412451,False,False,False,False,False,True,U2_age_sex_location_adjusted
ATP7B,-0.0057724829792597,0.901682173095284,0.0114327848297087,0.827331420680128,False,False,False,False,False,True,U2_age_sex_location_adjusted
IRX2,0.0079363771228272,0.90211347969456,-0.0593230050035198,0.353997286543587,False,False,False,False,False,True,U2_age_sex_location_adjusted
CLEC5A,0.0042029407481075,0.902182742130479,-0.005928361188603,0.879725196176033,False,False,False,False,False,True,U2_age_sex_location_adjusted
TTC24,-0.0047133662053975,0.902320622073922,0.0110284301656206,0.791356696175503,False,False,False,False,False,True,U2_age_sex_location_adjusted
OGFRL1,0.0066451629005133,0.902320622073922,-0.0311132854165897,0.581975295061336,False,False,False,False,False,True,U2_age_sex_location_adjusted
BUD31,0.0049973696003159,0.902576907673013,-0.0053947438009939,0.908190047252972,False,False,False,False,False,True,U2_age_sex_location_adjusted
DNAJC7,-0.0063290190434337,0.903035933988282,0.0062614230330305,0.917451218437838,False,False,False,False,False,True,U2_age_sex_location_adjusted
MIR7-3HG,-0.0056138128694854,0.903583670966222,0.0164884540935842,0.73955932428654,False,False,False,False,False,True,U2_age_sex_location_adjusted
RIPK1,-0.009023536765437,0.903784504653514,0.0117795107275051,0.891008739270128,False,False,False,False,False,True,U2_age_sex_location_adjusted
PHRF1,-0.0076853508835192,0.903883070527854,0.0074507604365259,0.919989769679104,False,False,False,False,False,True,U2_age_sex_location_adjusted
AP1S3,0.0039163139618537,0.903989192652025,-0.0031425707251137,0.933606890437185,False,False,False,False,False,True,U2_age_sex_location_adjusted
MAN2C1,-0.010277850956427,0.905319232761908,0.0022043214764652,0.981880693091801,False,False,False,False,False,True,U2_age_sex_location_adjusted
OR6C76,-0.00504155607941,0.906214313475748,0.0092808682219608,0.848686735325459,False,False,False,False,False,True,U2_age_sex_location_adjusted
MPEG1,-0.0108233626343844,0.906518656829231,0.0049376177018847,0.963082099110884,False,False,False,False,False,True,U2_age_sex_location_adjusted
SCN3A,-0.0043531817291503,0.907099393591486,0.0215247533855305,0.580739103989286,False,False,False,False,False,True,U2_age_sex_location_adjusted
DNAAF4,0.0028295623437735,0.907425263290571,-0.0002191537747948,0.993527387352503,False,False,False,False,False,True,U2_age_sex_location_adjusted
MME,-0.0042864215452802,0.907519896485346,0.0037609305141047,0.930263374597976,False,False,False,False,False,True,U2_age_sex_location_adjusted
LIPI,-0.0035759970757764,0.908302999444816,0.0030107912858312,0.934082549593898,False,False,False,False,False,True,U2_age_sex_location_adjusted
C2orf80,0.0034820729676818,0.90850766067849,-0.0058485204084161,0.864986600711441,False,False,False,False,False,True,U2_age_sex_location_adjusted
PLAAT2,-0.0367041013050271,0.908607742633418,0.12015815162117,0.727880854628208,False,False,False,False,False,True,U2_age_sex_location_adjusted
CRYGS,-0.009972331294094,0.90864573455009,0.0075657462387851,0.937961471342345,False,False,False,False,False,True,U2_age_sex_location_adjusted
PRKAR1B,0.0063663061559155,0.909007343805141,-0.000720802503586,0.990337876680102,False,False,False,False,False,True,U2_age_sex_location_adjusted
KIF9,-0.0063317645988867,0.909182685547896,0.0008294165123961,0.989410716716216,False,False,False,False,False,True,U2_age_sex_location_adjusted
ABHD2,-0.010124099016355,0.910154280197922,0.0367251243657507,0.695986822919381,False,False,False,False,False,True,U2_age_sex_location_adjusted
MIDEAS,-0.0061865674845769,0.91032643924958,0.0043662318410026,0.942570455270737,False,False,False,False,False,True,U2_age_sex_location_adjusted
ADGRV1,-0.0113854991800845,0.910376325756899,0.035318725070472,0.719765293603089,False,False,False,False,False,True,U2_age_sex_location_adjusted
HEXA,0.0061785064341016,0.910942709497122,-0.024814703809686,0.669485779977685,False,False,False,False,False,True,U2_age_sex_location_adjusted
PDCL2,-0.0036763225287515,0.911233859359568,0.0026341083858755,0.945529874573789,False,False,False,False,False,True,U2_age_sex_location_adjusted
RCBTB1,0.0048290739443224,0.913158292531316,-0.0149977424408142,0.756508059810697,False,False,False,False,False,True,U2_age_sex_location_adjusted
OR10A3,-0.004410123443891,0.913527956448403,0.0182217636698158,0.674904599828293,False,False,False,False,False,True,U2_age_sex_location_adjusted
CCDC86,0.0068147270136544,0.913553468938093,-0.0077217682403424,0.914525241449455,False,False,False,False,False,True,U2_age_sex_location_adjusted
ARL14,-0.0202700358121586,0.915012220531684,0.0948649163042689,0.633783246827285,False,False,False,False,False,True,U2_age_sex_location_adjusted
MON1A,0.0076143663913512,0.917143890089702,-0.0395288119527851,0.60473055350312,False,False,False,False,False,True,U2_age_sex_location_adjusted
MALRD1,0.0055945890232464,0.917219061320726,-0.001619560537051,0.978828006671391,False,False,False,False,False,True,U2_age_sex_location_adjusted
SLX4IP,-0.0103587721062292,0.917659478364443,0.0832094552183885,0.400863611058778,False,False,False,False,False,True,U2_age_sex_location_adjusted
NRDE2,-0.0063553086979421,0.917813202890801,0.0101973355484163,0.885153407055896,False,False,False,False,False,True,U2_age_sex_location_adjusted
TBC1D10A,-0.0058775085461822,0.918027254019985,0.0072689427501257,0.912928105415419,False,False,False,False,False,True,U2_age_sex_location_adjusted
MFSD6L,-0.0087153772932649,0.918491138240758,0.008884307806198,0.928065580968285,False,False,False,False,False,True,U2_age_sex_location_adjusted
CCDC15,0.0054640977633466,0.91973815469787,-0.0126806960605861,0.836156407644466,False,False,False,False,False,True,U2_age_sex_location_adjusted
KDM1A,0.0057561009798779,0.919975246766893,-0.0161842551044164,0.786570626466952,False,False,False,False,False,True,U2_age_sex_location_adjusted
TBR1,-0.0038357575196944,0.920770080236824,0.012430462111396,0.763666350886528,False,False,False,False,False,True,U2_age_sex_location_adjusted
CNIH3,0.0052734564294661,0.921027848769606,-0.0031335397530914,0.959035219492917,False,False,False,False,False,True,U2_age_sex_location_adjusted
LIPG,0.0060509267625874,0.921053357157108,-0.0031348719733599,0.964034949895291,False,False,False,False,False,True,U2_age_sex_location_adjusted
TMEM268,0.0038329113349763,0.921804564688938,-0.0048959966712019,0.914041931015452,False,False,False,False,False,True,U2_age_sex_location_adjusted
C20orf202,0.0065319273867472,0.922720815970004,-0.0011540743705017,0.987702914727037,False,False,False,False,False,True,U2_age_sex_location_adjusted
LHX8,-0.0030883802382111,0.923249920627784,0.004767441142921,0.896223517321322,False,False,False,False,False,True,U2_age_sex_location_adjusted
ARHGEF4,-0.0035232149317336,0.923625372596187,0.0112541794700129,0.778565047671045,False,False,False,False,False,True,U2_age_sex_location_adjusted
RGS7BP,-0.0025871760309772,0.924806812568577,0.0138306134550199,0.632800730143195,False,False,False,False,False,True,U2_age_sex_location_adjusted
MAP3K8,0.0056045661212091,0.92484239227096,-0.0273884925220282,0.662799426246882,False,False,False,False,False,True,U2_age_sex_location_adjusted
KLF1,-0.0039273849541613,0.924985927437985,0.0148284686533477,0.741157793815504,False,False,False,False,False,True,U2_age_sex_location_adjusted
ADCK1,-0.0061649499306416,0.925172893886116,0.0130757667101018,0.860460272276397,False,False,False,False,False,True,U2_age_sex_location_adjusted
PPP3CB,0.0071555076245749,0.925385884234493,-0.0162350024911592,0.852172649619305,False,False,False,False,False,True,U2_age_sex_location_adjusted
DCAF8L1,-0.0027736731338881,0.92552847963243,0.0020632171854195,0.951361706193808,False,False,False,False,False,True,U2_age_sex_location_adjusted
FGF5,0.0030679709411342,0.926493995887639,-0.0063296596767044,0.866830760799098,False,False,False,False,False,True,U2_age_sex_location_adjusted
MOV10,-0.0075094842513997,0.926557470278936,0.0033561123915547,0.971260335280172,False,False,False,False,False,True,U2_age_sex_location_adjusted
ABTB3,-0.0032187810282116,0.927678290289405,0.007900963347184,0.842490964725722,False,False,False,False,False,True,U2_age_sex_location_adjusted
PSG6,-0.004309053279722,0.928175145345146,0.0054047733835681,0.920595574095575,False,False,False,False,False,True,U2_age_sex_location_adjusted
ZFYVE26,-0.0056117511248973,0.929953308806179,0.0503058307373388,0.424067002052306,False,False,False,False,False,True,U2_age_sex_location_adjusted
GRHL2,-0.0053545078328732,0.930672548176271,0.0289646611148305,0.651450379543356,False,False,False,False,False,True,U2_age_sex_location_adjusted
KLHL9,-0.0050305600030929,0.930672548176271,0.0081655633048502,0.902754410372234,False,False,False,False,False,True,U2_age_sex_location_adjusted
SPATA4,0.0046669217618066,0.931834439158045,-0.0196331545576661,0.738692787881797,False,False,False,False,False,True,U2_age_sex_location_adjusted
GNS,0.0054586252275708,0.932196337489587,-0.0086802361304218,0.907052142348228,False,False,False,False,False,True,U2_age_sex_location_adjusted
SLC6A1,0.0029150206889009,0.932196337489587,-0.0046215541248004,0.907265746115782,False,False,False,False,False,True,U2_age_sex_location_adjusted
IL17C,-0.0033644063034027,0.932478791193168,0.0087944639794618,0.843426988008418,False,False,False,False,False,True,U2_age_sex_location_adjusted
BTN1A1,-0.0036963042766833,0.933556165023576,0.0056408900809554,0.912288883690657,False,False,False,False,False,True,U2_age_sex_location_adjusted
ARPP19,0.005593577158219,0.933975611455815,-0.0386758139753641,0.581243773531454,False,False,False,False,False,True,U2_age_sex_location_adjusted
H2BC10,0.0026830438774615,0.934026291292104,-0.005820313039467,0.874816609658032,False,False,False,False,False,True,U2_age_sex_location_adjusted
LRRIQ1,-0.0035592795566249,0.934381254399298,0.0078305874226974,0.872190088466668,False,False,False,False,False,True,U2_age_sex_location_adjusted
MARK2,-0.0066534489242938,0.934922318872439,0.0328368822043128,0.703007031668542,False,False,False,False,False,True,U2_age_sex_location_adjusted
FUZ,-0.0047083996234725,0.934922318872439,0.006607844573317,0.920601583213196,False,False,False,False,False,True,U2_age_sex_location_adjusted
OTOP1,-0.0029374130814476,0.935273011221465,0.003452981586672,0.93412456291124,False,False,False,False,False,True,U2_age_sex_location_adjusted
SLC14A1,-0.0036623295313568,0.935534648051135,0.0112611877640257,0.824191135596466,False,False,False,False,False,True,U2_age_sex_location_adjusted
BLID,0.0027387352864282,0.935593012599336,-0.0101557736329719,0.785196880684633,False,False,False,False,False,True,U2_age_sex_location_adjusted
ANKRD18A,-0.0024544192324929,0.936561972975852,0.005728345347973,0.870414758477573,False,False,False,False,False,True,U2_age_sex_location_adjusted
BEND4,-0.0034303144821603,0.936657325746757,0.0119285156648119,0.801576116485335,False,False,False,False,False,True,U2_age_sex_location_adjusted
PHETA2,0.0036501393246913,0.937136914308063,-0.003411149768333,0.947418177049538,False,False,False,False,False,True,U2_age_sex_location_adjusted
NKAIN2,-0.0028680373281331,0.937382853150118,0.0043174910159702,0.917515770315477,False,False,False,False,False,True,U2_age_sex_location_adjusted
PITPNA,0.0047317847535528,0.937530288088594,-0.0073329407781421,0.916188126961393,False,False,False,False,False,True,U2_age_sex_location_adjusted
DGKE,-0.0021172233339747,0.938546820203842,0.0055041166255403,0.858544451024202,False,False,False,False,False,True,U2_age_sex_location_adjusted
MPV17L2,0.0061339248197378,0.938958949646994,-0.0129201663357852,0.885818972149781,False,False,False,False,False,True,U2_age_sex_location_adjusted
IGFBP1,-0.0028385460289262,0.939361693245011,0.0059239842104314,0.889585200825012,False,False,False,False,False,True,U2_age_sex_location_adjusted
KRT18,-0.0119704452568572,0.939765918939208,0.0287209500303722,0.873311177844156,False,False,False,False,False,True,U2_age_sex_location_adjusted
PFDN2,0.0056151150832833,0.939805044324711,-0.0139253805172685,0.865829863888063,False,False,False,False,False,True,U2_age_sex_location_adjusted
PNLDC1,-0.0036441960346906,0.940692591360771,0.0086417058174256,0.875730021628172,False,False,False,False,False,True,U2_age_sex_location_adjusted
ZNF718,-0.0034500060671162,0.941225996323055,0.014094142955375,0.782854130658111,False,False,False,False,False,True,U2_age_sex_location_adjusted
CCDC183,0.007935247178848,0.941339350014224,-0.0322826979626353,0.781697164056049,False,False,False,False,False,True,U2_age_sex_location_adjusted
ANKMY2,-0.0043891535168047,0.941366466460624,0.0040789040380431,0.952168505400676,False,False,False,False,False,True,U2_age_sex_location_adjusted
KRTAP9-8,-0.0032319343908243,0.941437457343001,0.0089591050583042,0.855908842586121,False,False,False,False,False,True,U2_age_sex_location_adjusted
DOCK10,-0.0092097874740208,0.941720048640671,0.0888475827264253,0.486602187687144,False,False,False,False,False,True,U2_age_sex_location_adjusted
POLR1C,0.0070041446573651,0.942685135119827,-0.0098987769603888,0.928975306333849,False,False,False,False,False,True,U2_age_sex_location_adjusted
GLDC,0.0059778802191362,0.942767462568099,-0.0193363884698905,0.836038094117385,False,False,False,False,False,True,U2_age_sex_location_adjusted
CPLANE2,-0.003715007128772,0.943280261215853,0.0136218894120156,0.812159193315706,False,False,False,False,False,True,U2_age_sex_location_adjusted
CCDC167,0.0080848543902804,0.943280261215853,-0.009705018206456,0.939212793966211,False,False,False,False,False,True,U2_age_sex_location_adjusted
ACSL6,0.0023727649691811,0.943280261215853,-0.0029338223159371,0.93896940416211,False,False,False,False,False,True,U2_age_sex_location_adjusted
OR5K4,0.0022782787586464,0.94356073131102,-0.0089431017796766,0.799365378612433,False,False,False,False,False,True,U2_age_sex_location_adjusted
KCNK17,0.002546424408783,0.943734101083931,-0.0013766989065067,0.973118143520724,False,False,False,False,False,True,U2_age_sex_location_adjusted
FAM83D,0.017074592823703,0.943817916469699,-0.121972232494783,0.630986653635482,False,False,False,False,False,True,U2_age_sex_location_adjusted
SLC16A7,0.0039310385393728,0.944033270529256,-0.0160662729507026,0.790837663773049,False,False,False,False,False,True,U2_age_sex_location_adjusted
ARID3A,0.0055518061701415,0.94516345334492,-0.0573923211457025,0.482808352449717,False,False,False,False,False,True,U2_age_sex_location_adjusted
FABP3,-0.0108085968094771,0.94516345334492,0.000944486986012,0.995575539118946,False,False,False,False,False,True,U2_age_sex_location_adjusted
CAPZA3,0.0025649096156789,0.94516345334492,-0.0112823170832751,0.782486368290585,False,False,False,False,False,True,U2_age_sex_location_adjusted
RCOR3,0.0035040316474765,0.945837884822135,-0.0163267377552008,0.771332725327754,False,False,False,False,False,True,U2_age_sex_location_adjusted
RRN3P1,-0.002759451828652,0.945837884822135,0.0043780450985466,0.926235876341536,False,False,False,False,False,True,U2_age_sex_location_adjusted
RIN1,-0.0041340378298335,0.945837884822135,0.0309777909064707,0.628584197572569,False,False,False,False,False,True,U2_age_sex_location_adjusted
GUCY1A2,-0.0026925195157044,0.946186487517261,0.0206764955159182,0.622917350728502,False,False,False,False,False,True,U2_age_sex_location_adjusted
AMPD2,0.00291519033189,0.946555179830343,-0.0047827111680461,0.924544700743334,False,False,False,False,False,True,U2_age_sex_location_adjusted
OR4Q3,-0.0030498569681609,0.946570700864813,0.0047324310065087,0.928975306333849,False,False,False,False,False,True,U2_age_sex_location_adjusted
FAAH2,-0.0066245177895129,0.947040766431812,0.0079424739465087,0.94471532437918,False,False,False,False,False,True,U2_age_sex_location_adjusted
INSL4,-0.0029226526520338,0.947112282596803,0.0233443446171593,0.614379993233393,False,False,False,False,False,True,U2_age_sex_location_adjusted
OR5H14,0.0020841959692353,0.948813420696795,-0.0108777751465149,0.756767069236689,False,False,False,False,False,True,U2_age_sex_location_adjusted
CKM,0.0028502286901883,0.948853892780725,-0.0011612466885549,0.981599516961655,False,False,False,False,False,True,U2_age_sex_location_adjusted
TMEM154,0.0052303772731923,0.949202022915805,-0.026116848046156,0.767352504968167,False,False,False,False,False,True,U2_age_sex_location_adjusted
COMP,-0.0030775469342062,0.952025658704333,0.002928194318173,0.959046100024198,False,False,False,False,False,True,U2_age_sex_location_adjusted
KRT75,-0.0021929816275312,0.952045918554527,0.0236984043608494,0.521158901212291,False,False,False,False,False,True,U2_age_sex_location_adjusted
PHACTR3,-0.003027062963233,0.953197041168819,0.0134238465110251,0.808725777276194,False,False,False,False,False,True,U2_age_sex_location_adjusted
MYLK4,0.0023145487687247,0.953272954031839,-0.0034529763986715,0.938524393207094,False,False,False,False,False,True,U2_age_sex_location_adjusted
SHPRH,-0.0043333369876272,0.954168957901442,0.0154904344546109,0.853848419571619,False,False,False,False,False,True,U2_age_sex_location_adjusted
PICK1,-0.002212917845759,0.954169037953591,0.0185234313028074,0.638105918171547,False,False,False,False,False,True,U2_age_sex_location_adjusted
CSPP1,0.003418864664882,0.954708801542295,-0.0121328123799515,0.856089264601697,False,False,False,False,False,True,U2_age_sex_location_adjusted
PPDPF,-0.0030390294863546,0.956694199940672,0.0083966498700101,0.893025169060861,False,False,False,False,False,True,U2_age_sex_location_adjusted
ZDHHC9,0.0043177389754025,0.957061354725094,-0.0003466274551959,0.99666356336282,False,False,False,False,False,True,U2_age_sex_location_adjusted
NDUFAF8,-0.003591063002155,0.957314016061978,0.0039757831254004,0.955834277802754,False,False,False,False,False,True,U2_age_sex_location_adjusted
PPARGC1B,-0.003232258420629,0.957314016061978,0.0160332983810703,0.805831613156872,False,False,False,False,False,True,U2_age_sex_location_adjusted
UBR2,-0.0022800057684808,0.958453512995131,0.0040789980023609,0.932267853623488,False,False,False,False,False,True,U2_age_sex_location_adjusted
OR14J1,-0.0024660290169848,0.958946573260134,0.0057221312584693,0.914982243003816,False,False,False,False,False,True,U2_age_sex_location_adjusted
CLEC2D,-0.0041438108028917,0.959703177090876,0.0222479386159311,0.794448553977075,False,False,False,False,False,True,U2_age_sex_location_adjusted
CCDC152,-0.0053602417021681,0.960356960403464,0.0320300419349756,0.778165443246391,False,False,False,False,False,True,U2_age_sex_location_adjusted
REST,-0.00263070212902,0.960427211599499,0.0251081135860899,0.643393873220769,False,False,False,False,False,True,U2_age_sex_location_adjusted
ODAD4,0.0020358936753616,0.961395009749706,-0.0146406459645216,0.737638693985736,False,False,False,False,False,True,U2_age_sex_location_adjusted
SPANXN1,0.003484610231594,0.961395009749706,-0.0059788291910863,0.94070230299751,False,False,False,False,False,True,U2_age_sex_location_adjusted
IFI27,-0.0064772899697836,0.961660294896191,0.0428771713998142,0.758770058771524,False,False,False,False,False,True,U2_age_sex_location_adjusted
CLDN23,-0.0091807981234185,0.962158383650624,0.121746466118136,0.527053039091861,False,False,False,False,False,True,U2_age_sex_location_adjusted
CA6,-0.0011586197531702,0.962283627171116,0.0096498973396933,0.699749271745358,False,False,False,False,False,True,U2_age_sex_location_adjusted
TBC1D10C,-0.0073899617178074,0.962405878804647,0.0623707888211706,0.68804602027944,False,False,False,False,False,True,U2_age_sex_location_adjusted
CD5,-0.0028186583356861,0.963245399369999,0.04893603447361,0.405605020062624,False,False,False,False,False,True,U2_age_sex_location_adjusted
ARMC2,-0.0021614983361742,0.963970320112455,0.0009370364544751,0.985253266648236,False,False,False,False,False,True,U2_age_sex_location_adjusted
EBP,0.0052623178415386,0.964190951033511,-0.0053742912624677,0.9657624023579,False,False,False,False,False,True,U2_age_sex_location_adjusted
ZUP1,-0.0031779425360062,0.96426859488678,0.0134050374317501,0.861768548975985,False,False,False,False,False,True,U2_age_sex_location_adjusted
OR13C4,0.0020734958231019,0.964865819266922,-0.0151607878456673,0.757441738943154,False,False,False,False,False,True,U2_age_sex_location_adjusted
ABCD1,0.003303415585115,0.965063352138918,-0.00213095242118,0.979164322864118,False,False,False,False,False,True,U2_age_sex_location_adjusted
THUMPD2,-0.0022624823265997,0.965070401633474,0.0109575509502443,0.843998778629506,False,False,False,False,False,True,U2_age_sex_location_adjusted
MMP11,-0.0023329263551442,0.965157991659181,0.0087313593992567,0.879128599077751,False,False,False,False,False,True,U2_age_sex_location_adjusted
FAU,0.001058625107474,0.965187617820779,-0.0073668797128981,0.768158852401977,False,False,False,False,False,True,U2_age_sex_location_adjusted
THSD7B,0.0014348773832274,0.967729813629704,-0.0031676074549266,0.935745792619632,False,False,False,False,False,True,U2_age_sex_location_adjusted
PGAM2,-0.0017689111859808,0.967729813629704,0.0054830492171724,0.908126382249966,False,False,False,False,False,True,U2_age_sex_location_adjusted
POLR3GL,0.0028796477660374,0.967842375526179,-0.0418953821960068,0.545560465610134,False,False,False,False,False,True,U2_age_sex_location_adjusted
LAMA3,-0.0069468511585067,0.968054382100051,0.100183792408175,0.560321083872771,False,False,False,False,False,True,U2_age_sex_location_adjusted
LINC00260,0.0029065074932323,0.96824572823616,-0.0022647326931495,0.977013992538773,False,False,False,False,False,True,U2_age_sex_location_adjusted
MT1H,-0.0118959597236444,0.96824572823616,0.0275341544758502,0.933606890437185,False,False,False,False,False,True,U2_age_sex_location_adjusted
ZBED2,-0.0020817819542857,0.968677599271733,0.0017978607563518,0.975002100393259,False,False,False,False,False,True,U2_age_sex_location_adjusted
TDRD9,0.0017036584015581,0.968762029084372,-0.002463260450852,0.958707150061967,False,False,False,False,False,True,U2_age_sex_location_adjusted
ZNF329,0.0034688101609783,0.969184688630261,-0.0046111234373926,0.962382390473158,False,False,False,False,False,True,U2_age_sex_location_adjusted
C10orf120,-0.0018042091040356,0.970240364025493,0.0133138912769757,0.792422370161091,False,False,False,False,False,True,U2_age_sex_location_adjusted
NLRC4,-0.001187015900901,0.970977080104369,0.0263863922343668,0.394843891071039,False,False,False,False,False,True,U2_age_sex_location_adjusted
CLTCL1,-0.0013501422751626,0.971076251014212,0.0034999779957732,0.933016094541591,False,False,False,False,False,True,U2_age_sex_location_adjusted
PAH,0.0013343461623776,0.971076251014212,-0.0040866048752845,0.919525099306809,False,False,False,False,False,True,U2_age_sex_location_adjusted
CCDC150,-0.0009160020161487,0.971176935437787,0.0029581589179904,0.916188126961393,False,False,False,False,False,True,U2_age_sex_location_adjusted
IL27RA,-0.0027455404490562,0.9713060035562,0.0396040673316203,0.606861722973629,False,False,False,False,False,True,U2_age_sex_location_adjusted
ERVK-6,-0.0015916999438822,0.971500128260083,0.000577645253008,0.990071221311395,False,False,False,False,False,True,U2_age_sex_location_adjusted
SPATC1L,-0.0028233987381549,0.971832783156305,0.0192815529822047,0.821784008981958,False,False,False,False,False,True,U2_age_sex_location_adjusted
WNT10B,-0.0027502187813779,0.971832783156305,0.0453828176935665,0.550323218434276,False,False,False,False,False,True,U2_age_sex_location_adjusted
CTDSP1,-0.0014613024404605,0.972127918683432,0.0060864165776941,0.895824968983957,False,False,False,False,False,True,U2_age_sex_location_adjusted
RAB8B,0.0022222691001143,0.972244203653156,-0.0060537860402801,0.932811108345938,False,False,False,False,False,True,U2_age_sex_location_adjusted
OTULIN,-0.0017789660276265,0.972251690753345,0.0001007906058154,0.998458982216813,False,False,False,False,False,True,U2_age_sex_location_adjusted
LCE1B,0.0014678568091776,0.972296047924412,-0.0021509747104559,0.96210269163009,False,False,False,False,False,True,U2_age_sex_location_adjusted
USHBP1,-0.0017731683282153,0.972565452234045,0.0006828407641472,0.989911650992197,False,False,False,False,False,True,U2_age_sex_location_adjusted
C1orf185,0.001168891921084,0.97325807655162,-0.014601567130175,0.678911041305694,False,False,False,False,False,True,U2_age_sex_location_adjusted
OR52E6,-0.0013112142329049,0.975367018840717,0.0077034098372165,0.865713097864415,False,False,False,False,False,True,U2_age_sex_location_adjusted
KLHL26,0.0010545166383623,0.975717087347355,-0.0037884240536357,0.920319554798544,False,False,False,False,False,True,U2_age_sex_location_adjusted
TMED9,0.0019948180822962,0.976558143158958,-0.0212849405904043,0.741898614614269,False,False,False,False,False,True,U2_age_sex_location_adjusted
SLC35B3,-0.0013745303469566,0.978756541442792,0.0049502410732082,0.927838201558656,False,False,False,False,False,True,U2_age_sex_location_adjusted
TACR3,-0.0013189107573467,0.978756541442792,0.003497096265297,0.947606110857682,False,False,False,False,False,True,U2_age_sex_location_adjusted
DVL3,-0.0013151479783237,0.978846357281744,0.0161442020920108,0.746702648130578,False,False,False,False,False,True,U2_age_sex_location_adjusted
PRSS57,0.0013338701154954,0.979300748377333,-0.0183043386296209,0.716961408584641,False,False,False,False,False,True,U2_age_sex_location_adjusted
LAPTM4A,0.0013375269030511,0.979300748377333,-0.0168126319015797,0.742202238873936,False,False,False,False,False,True,U2_age_sex_location_adjusted
CHIC1,0.0015459344536325,0.979353431033934,-0.0044269090205542,0.945112865849754,False,False,False,False,False,True,U2_age_sex_location_adjusted
TUBG1,0.0023206163889936,0.979353431033934,-0.0187213604114062,0.834967043306553,False,False,False,False,False,True,U2_age_sex_location_adjusted
P2RY12,0.0012370740021246,0.979789207739802,-0.0187371492649458,0.696939348316662,False,False,False,False,False,True,U2_age_sex_location_adjusted
C2CD4C,-0.0014035831821482,0.980322036686249,0.0065919673350596,0.913298956462183,False,False,False,False,False,True,U2_age_sex_location_adjusted
KIF14,0.0025102958315672,0.980749320297719,-0.0064095226490631,0.953620895357093,False,False,False,False,False,True,U2_age_sex_location_adjusted
ZNF683,-0.0014715857910026,0.981047599561189,0.0245040743729031,0.682412812441664,False,False,False,False,False,True,U2_age_sex_location_adjusted
RSL1D1,0.0020534522733436,0.981400702615961,-0.037206778574097,0.661625576941202,False,False,False,False,False,True,U2_age_sex_location_adjusted
PLEKHG7,-0.0011085919532409,0.981421775414789,0.0027235079428084,0.955689433419704,False,False,False,False,False,True,U2_age_sex_location_adjusted
BBS4,0.0016788229902595,0.982660625914106,-0.005325303588932,0.947565251177458,False,False,False,False,False,True,U2_age_sex_location_adjusted
SPOCK2,-0.0010325206077123,0.983006610458299,0.0241719070907742,0.597205353371334,False,False,False,False,False,True,U2_age_sex_location_adjusted
RPP40,-0.001912198365406,0.984080687409547,0.008587224392077,0.930886296632326,False,False,False,False,False,True,U2_age_sex_location_adjusted
KIF5A,-0.0007398826598127,0.984221279528429,0.0069538235571285,0.856728450672903,False,False,False,False,False,True,U2_age_sex_location_adjusted
LRP6,0.0016262996408168,0.984404513069761,-0.0282513214755598,0.717404623756763,False,False,False,False,False,True,U2_age_sex_location_adjusted
SLC35F4,0.000940132583472,0.984404513069761,-0.0033489869479496,0.947418177049538,False,False,False,False,False,True,U2_age_sex_location_adjusted
GRM3,-0.0007558033406217,0.984555929460163,0.0029257277069023,0.942570455270737,False,False,False,False,False,True,U2_age_sex_location_adjusted
RBBP7,0.0014546703149296,0.984622169475977,-0.0319466285929874,0.657299749284955,False,False,False,False,False,True,U2_age_sex_location_adjusted
ANP32E,0.0019221993409662,0.984622169475977,-0.0286142017133072,0.774403222125629,False,False,False,False,False,True,U2_age_sex_location_adjusted
CXCR1,0.0009924221056582,0.985099461141797,-0.0177481283045358,0.735530373025766,False,False,False,False,False,True,U2_age_sex_location_adjusted
FBN2,-0.0006518585019477,0.985209697070991,0.0168148050403443,0.617805977593092,False,False,False,False,False,True,U2_age_sex_location_adjusted
KHDC4,-0.0016427408437746,0.985214298621054,0.0139260197364192,0.879725196176033,False,False,False,False,False,True,U2_age_sex_location_adjusted
SDHAP3,0.0008804686791142,0.985425027247178,-0.0142626762581902,0.768735879836861,False,False,False,False,False,True,U2_age_sex_location_adjusted
FNTA,0.0008196470719662,0.985550274193581,-0.0006336231808764,0.989284540495297,False,False,False,False,False,True,U2_age_sex_location_adjusted
F13B,-0.0006606894846762,0.985863980544113,0.0125364029538392,0.734554902937107,False,False,False,False,False,True,U2_age_sex_location_adjusted
TAOK3,-0.0010336728315309,0.986034332449469,0.0110161072968152,0.858302367030855,False,False,False,False,False,True,U2_age_sex_location_adjusted
LINC01549,-0.0005837169451112,0.986083118438576,0.0017129353865401,0.961412803575777,False,False,False,False,False,True,U2_age_sex_location_adjusted
CCDC191,-0.0010905840203404,0.986459892752584,0.0228997932150962,0.718969140770235,False,False,False,False,False,True,U2_age_sex_location_adjusted
HROB,0.0009663885719452,0.986475851247521,-0.0100002157213494,0.866830760799098,False,False,False,False,False,True,U2_age_sex_location_adjusted
BBOF1,0.0010994741338434,0.986524118663653,-0.0371754268395529,0.551945386807694,False,False,False,False,False,True,U2_age_sex_location_adjusted
CACNB4,-0.0004603940185502,0.986912947712968,0.0031807843202713,0.915628172871644,False,False,False,False,False,True,U2_age_sex_location_adjusted
SEPTIN8,-0.0011092506502357,0.986912947712968,0.028216209293298,0.674331801930756,False,False,False,False,False,True,U2_age_sex_location_adjusted
TRIB3,0.0011134561740635,0.987100239699867,-0.016560893474778,0.812882746724148,False,False,False,False,False,True,U2_age_sex_location_adjusted
ISG20,-0.003368586266752,0.987100239699867,0.0911119372670194,0.654134374155673,False,False,False,False,False,True,U2_age_sex_location_adjusted
ATP8B4,-0.0018943444478572,0.987743659108299,0.0175917402215889,0.894719430443411,False,False,False,False,False,True,U2_age_sex_location_adjusted
CFHR2,-0.0005808673185611,0.988194454643973,0.0072148288467213,0.861867738398508,False,False,False,False,False,True,U2_age_sex_location_adjusted
ZNF613,-0.0015587890352545,0.988438750167545,0.0155063550740746,0.88329380844732,False,False,False,False,False,True,U2_age_sex_location_adjusted
MYO10,-0.0013594697489115,0.988438750167545,0.0216329993415261,0.824655496338983,False,False,False,False,False,True,U2_age_sex_location_adjusted
CIMIP5,-0.0005724027539857,0.988464360144358,0.0072510840825728,0.863292480019102,False,False,False,False,False,True,U2_age_sex_location_adjusted
HUS1B,-0.0006707803736817,0.98885642822185,0.0066089363069876,0.897399911164662,False,False,False,False,False,True,U2_age_sex_location_adjusted
VWA2,-0.0003854330805653,0.989102181188199,0.0020428868697975,0.946369139095211,False,False,False,False,False,True,U2_age_sex_location_adjusted
DGKH,-0.0004629222164635,0.989102181188199,0.0301281817320437,0.331245710833854,False,False,False,False,False,True,U2_age_sex_location_adjusted
LCE2C,-0.0005264428873689,0.98932102596766,0.0127992547507055,0.745861318387296,False,False,False,False,False,True,U2_age_sex_location_adjusted
STXBP6,0.0010306352072017,0.989599758536975,-0.0340784292519294,0.644768152444089,False,False,False,False,False,True,U2_age_sex_location_adjusted
PSMB10,-0.0011194350724875,0.989935131193483,0.0115423327829736,0.902754410372234,False,False,False,False,False,True,U2_age_sex_location_adjusted
TEDC1,-0.0009001632462394,0.989935131193483,0.0147626701668192,0.839954438363895,False,False,False,False,False,True,U2_age_sex_location_adjusted
CTXN2,-0.0005962873642269,0.989935131193483,0.0167395862560939,0.72243103358862,False,False,False,False,False,True,U2_age_sex_location_adjusted
SEPTIN1,-0.000914540536794,0.991405468541895,0.0399897916490872,0.618189622587767,False,False,False,False,False,True,U2_age_sex_location_adjusted
BRCA2,0.0007826058896952,0.991783868110146,-0.0083229566078187,0.916039990545981,False,False,False,False,False,True,U2_age_sex_location_adjusted
BPIFA4P,-0.0004081285286328,0.991963277034856,0.0028291072987778,0.946943118076047,False,False,False,False,False,True,U2_age_sex_location_adjusted
HECTD4,-0.0005349899628684,0.992028484235439,0.0115283767830861,0.829759389757857,False,False,False,False,False,True,U2_age_sex_location_adjusted
DNAJC24,-0.0006138093312999,0.992065852473156,0.0067540859593027,0.914702649593788,False,False,False,False,False,True,U2_age_sex_location_adjusted
PNPLA6,-0.0008218530138835,0.992364830289266,0.0278083905066706,0.730828043066773,False,False,False,False,False,True,U2_age_sex_location_adjusted
TFRC,0.0016268779302736,0.992702922452108,-0.0398413299917022,0.825021300286487,False,False,False,False,False,True,U2_age_sex_location_adjusted
UBQLNL,-0.0004639552732733,0.99394316537578,0.0203629325460905,0.720275880309536,False,False,False,False,False,True,U2_age_sex_location_adjusted
RAD9A,-0.0005451065438235,0.994907376187201,0.0240291265038873,0.753886375330293,False,False,False,False,False,True,U2_age_sex_location_adjusted
NLRX1,0.0004123275319298,0.995428589268444,-0.0151436691959446,0.811457224098984,False,False,False,False,False,True,U2_age_sex_location_adjusted
LMNB2,0.0004739141484587,0.996533487763806,-0.015978040704488,0.867894843659457,False,False,False,False,False,True,U2_age_sex_location_adjusted
PCDHGA8,-0.0001778842275561,0.996547610592019,0.004166903742954,0.913014571541119,False,False,False,False,False,True,U2_age_sex_location_adjusted
ATP6V1G3,0.0003138379763914,0.996547610592019,-0.0013968749384135,0.982760860243818,False,False,False,False,False,True,U2_age_sex_location_adjusted
NCAPG,-0.0005214870197199,0.996559938174255,0.0138171232562102,0.90269999647849,False,False,False,False,False,True,U2_age_sex_location_adjusted
GIPC1,-0.0004689213325445,0.996571606796447,0.0241790330277335,0.803088447127391,False,False,False,False,False,True,U2_age_sex_location_adjusted
LINC02842,0.0002185063213354,0.996685942127934,-0.0023148380665315,0.964069273740589,False,False,False,False,False,True,U2_age_sex_location_adjusted
PIGM,0.0002771389858871,0.996685942127934,-0.0229711461771594,0.698705847468756,False,False,False,False,False,True,U2_age_sex_location_adjusted
STK10,-0.0003265078149811,0.996685942127934,0.0076025474862882,0.921529095106305,False,False,False,False,False,True,U2_age_sex_location_adjusted
ODF2,-0.0001723494537304,0.997145018430106,0.0014898379014831,0.974820539213899,False,False,False,False,False,True,U2_age_sex_location_adjusted
DHH,0.0002114650725968,0.997145018430106,-0.0217608726293059,0.688992526508196,False,False,False,False,False,True,U2_age_sex_location_adjusted
ADAM23,0.0001651320493698,0.997255288724977,-0.0086263547243801,0.85483513697932,False,False,False,False,False,True,U2_age_sex_location_adjusted
FBXO45,0.0002637666588737,0.99736066899374,-0.0297014572811536,0.695308595624691,False,False,False,False,False,True,U2_age_sex_location_adjusted
TANC2,-0.0003543111850753,0.997402684569289,0.0321319070929059,0.745853487762215,False,False,False,False,False,True,U2_age_sex_location_adjusted
SPEF2,0.0001420779252529,0.997722478161417,-0.0062900048819978,0.901325467024449,False,False,False,False,False,True,U2_age_sex_location_adjusted
PTPN4,-0.0001441021929092,0.998823204108168,0.0445784859733263,0.567441933163994,False,False,False,False,False,True,U2_age_sex_location_adjusted
SLC39A10,7.13472584695318e-05,0.998973146501907,-0.0003089989367375,0.994915426078292,False,False,False,False,False,True,U2_age_sex_location_adjusted
OR4K17,7.53096755313927e-05,0.998973146501907,-0.0011576111338168,0.982760860243818,False,False,False,False,False,True,U2_age_sex_location_adjusted
CDC6,-0.0002095735314499,0.998973146501907,0.0591011574312331,0.688447797735808,False,False,False,False,False,True,U2_age_sex_location_adjusted
MTMR1,5.86126590536984e-05,0.998973146501907,-0.0243299662152274,0.560587490144697,False,False,False,False,False,True,U2_age_sex_location_adjusted
IRF3,-6.93410221593842e-05,0.999209031035136,0.0314074921989074,0.654401215315106,False,False,False,False,False,True,U2_age_sex_location_adjusted
ABRA,-2.77446100956964e-05,0.999209031035136,0.0118966717417147,0.673444474292638,False,False,False,False,False,True,U2_age_sex_location_adjusted
SMCO3,1.58628649291334e-05,0.99954490844011,-0.0175488031638079,0.564129955292919,False,False,False,False,False,True,U2_age_sex_location_adjusted
SEZ6,-1.15331248203295e-05,0.999673734622998,0.0009070691026013,0.979481972420532,False,False,False,False,False,True,U2_age_sex_location_adjusted
PTPN20,8.66975958137124e-06,0.999686801990019,-0.0038058314957094,0.908049994535445,False,False,False,False,False,True,U2_age_sex_location_adjusted
