gene_symbol,entrez_id,log2_fold_change,standard_error,test_statistic,p_value,adjusted_p_value,comparison,direction,annotation_status,method,adjacent_direction_consistency,healthy,adjacent_normal,tumor,healthy_to_adjacent,adjacent_to_tumor,trajectory_category,rule_tolerance
CYR61,,4.432291857142854,0.14378573102400793,30.8256725168563,2.9541772306018324e-63,5.624753447065888e-59,adjacent_normal_vs_healthy,up,unique_gene_symbol,processed_matrix_welch_t,1.0,3.0322260000000005,7.464517857142854,6.824288265306123,4.432291857142854,-0.6402295918367313,adjacent_specific,0.15
ADAMTS1,,2.6486197755102054,0.10371658420739976,25.53709029034179,6.899089701238015e-55,6.56793339557859e-51,adjacent_normal_vs_healthy,up,unique_gene_symbol,processed_matrix_welch_t,1.0,3.8676939999999984,6.516313775510204,4.929301020408162,2.6486197755102054,-1.5870127551020419,adjacent_specific,0.15
APOLD1,,1.4370876938775519,0.057834665513435815,24.848206194668766,4.25329088693071e-54,2.699421949572024e-50,adjacent_normal_vs_healthy,up,unique_gene_symbol,processed_matrix_welch_t,1.0,3.1071719999999994,4.544259693877551,4.8085892857142865,1.4370876938775519,0.2643295918367352,monotonic_up,0.15
SFRP2,,4.405417448979595,0.15610705186061413,28.220489699037632,8.388660501313206e-54,3.993002398625086e-50,adjacent_normal_vs_healthy,up,unique_gene_symbol,processed_matrix_welch_t,1.0,2.414605,6.820022448979595,4.181518877551021,4.405417448979595,-2.638503571428574,adjacent_specific,0.15
EGR1,,3.6466055306122485,0.14463992800036587,25.211610521563756,1.2091514265946601e-51,4.6044486324724656e-48,adjacent_normal_vs_healthy,up,unique_gene_symbol,processed_matrix_welch_t,1.0,4.815446,8.462051530612248,7.954078571428574,3.6466055306122485,-0.5079729591836744,adjacent_specific,0.15
CD248,,2.38668530612245,0.10276241082970472,23.225275534627198,3.043707397453146e-50,9.658698141251316e-47,adjacent_normal_vs_healthy,up,unique_gene_symbol,processed_matrix_welch_t,1.0,4.32763,6.71431530612245,6.332634693877548,2.38668530612245,-0.38168061224490213,non_monotonic,0.15
GAP43,,0.7110815510204063,0.031214368845088776,22.78058398519523,1.778613126057392e-49,4.8378277028761055e-46,adjacent_normal_vs_healthy,up,unique_gene_symbol,processed_matrix_welch_t,1.0,2.4141960000000005,3.1252775510204067,2.5304081632653057,0.7110815510204063,-0.594869387755101,adjacent_specific,0.15
KLF2,,1.9997388367346973,0.08915243320654061,22.430558144182967,4.0287190540264855e-49,9.588351348583036e-46,adjacent_normal_vs_healthy,up,unique_gene_symbol,processed_matrix_welch_t,1.0,6.082052999999999,8.081791836734697,7.0740142857142825,1.9997388367346973,-1.007777551020414,adjacent_specific,0.15
FBLN2,,2.230851224489795,0.10154974017136412,21.968064327149012,1.7042390933669966e-47,3.605412481967513e-44,adjacent_normal_vs_healthy,up,unique_gene_symbol,processed_matrix_welch_t,0.9795918367346939,4.23041,6.461261224489795,4.937345408163267,2.230851224489795,-1.5239158163265278,adjacent_specific,0.15
IGFBP6,,3.194601632653061,0.14476439673402114,22.067591926781375,8.670864634892862e-47,1.5107738806847762e-43,adjacent_normal_vs_healthy,up,unique_gene_symbol,processed_matrix_welch_t,0.9897959183673469,3.53033,6.724931632653061,4.26189693877551,3.194601632653061,-2.4630346938775514,adjacent_specific,0.15
EFHD1,,1.0919231428571425,0.05070912946815032,21.533068193232616,8.728210445132635e-47,1.5107738806847762e-43,adjacent_normal_vs_healthy,up,unique_gene_symbol,processed_matrix_welch_t,1.0,2.5488839999999993,3.640807142857142,3.01637193877551,1.0919231428571425,-0.6244352040816317,adjacent_specific,0.15
OGN,,3.5457465306122486,0.1652589781990259,21.455696805422633,1.3276676883433977e-46,1.944522522004484e-43,adjacent_normal_vs_healthy,up,unique_gene_symbol,processed_matrix_welch_t,1.0,3.3045299999999997,6.850276530612248,2.940324489795919,3.5457465306122486,-3.9099520408163295,adjacent_specific,0.15
TIMP3,,2.8469880816326523,0.13319230041479782,21.375019973124125,1.2980154539292604e-46,1.944522522004484e-43,adjacent_normal_vs_healthy,up,unique_gene_symbol,processed_matrix_welch_t,0.9795918367346939,4.528316,7.3753040816326525,7.3542051020408215,2.8469880816326523,-0.021098979591831046,field_shift_then_plateau,0.15
RERGL,,3.1611089387755085,0.14566629231761938,21.701032465924516,2.157017040564382e-46,2.9335431751675597e-43,adjacent_normal_vs_healthy,up,unique_gene_symbol,processed_matrix_welch_t,1.0,2.440938,5.6020469387755085,2.295306122448979,3.1611089387755085,-3.3067408163265295,adjacent_specific,0.15
MGP,,2.9831574693877565,0.1397279352861577,21.349757035186695,3.377073861784499e-46,4.286632421891791e-43,adjacent_normal_vs_healthy,up,unique_gene_symbol,processed_matrix_welch_t,0.9897959183673469,4.381640999999999,7.364798469387756,5.651941326530611,2.9831574693877565,-1.7128571428571444,adjacent_specific,0.15
AEBP1,,1.6919938775510204,0.07970262971612505,21.228833773457097,4.667203039517829e-46,5.553971617026216e-43,adjacent_normal_vs_healthy,up,unique_gene_symbol,processed_matrix_welch_t,0.9897959183673469,6.21445,7.906443877551021,7.961070408163267,1.6919938775510204,0.05462653061224643,field_shift_then_plateau,0.15
VIP,,4.727134918367348,0.1881537579342029,25.12378689784352,5.553914963119309e-46,6.220384758693627e-43,adjacent_normal_vs_healthy,up,unique_gene_symbol,processed_matrix_welch_t,1.0,3.4169359999999984,8.144070918367346,3.975945918367347,4.727134918367348,-4.168124999999999,adjacent_specific,0.15
EBF1,,2.170472571428571,0.10392389198764178,20.885212533097537,1.60254543747515e-45,1.6951369516403808e-42,adjacent_normal_vs_healthy,up,unique_gene_symbol,processed_matrix_welch_t,1.0,3.264356,5.434828571428571,3.8317785714285697,2.170472571428571,-1.603050000000001,adjacent_specific,0.15
FOS,,3.668835285714284,0.15495533901164005,23.676727172586713,1.7745793732496924e-45,1.7783153298249552e-42,adjacent_normal_vs_healthy,up,unique_gene_symbol,processed_matrix_welch_t,1.0,5.572679000000001,9.241514285714285,8.059641326530613,3.668835285714284,-1.1818729591836714,adjacent_specific,0.15
PTGIS,,1.5753201224489786,0.07280879116524962,21.636399907719547,2.975506765954606e-45,2.8326824411887854e-42,adjacent_normal_vs_healthy,up,unique_gene_symbol,processed_matrix_welch_t,1.0,2.6800109999999995,4.255331122448978,3.2137887755102055,1.5753201224489786,-1.0415423469387726,adjacent_specific,0.15
MFAP5,,3.3658004489795905,0.15963176180383226,21.084779187714187,6.55180908225444e-45,5.940306901244026e-42,adjacent_normal_vs_healthy,up,unique_gene_symbol,processed_matrix_welch_t,0.9897959183673469,2.8928720000000006,6.258672448979591,3.5673265306122466,3.3658004489795905,-2.6913459183673445,adjacent_specific,0.15
SFRP1,,2.3377582653061206,0.10735936673319635,21.7750750255056,1.5733785353260782e-44,1.3616876051185695e-41,adjacent_normal_vs_healthy,up,unique_gene_symbol,processed_matrix_welch_t,0.9897959183673469,3.17623,5.5139882653061205,2.665429081632654,2.3377582653061206,-2.8485591836734665,adjacent_specific,0.15
CILP,,3.2013255918367367,0.143619760912858,22.290286319158803,1.968676654263983e-44,1.6297218911820101e-41,adjacent_normal_vs_healthy,up,unique_gene_symbol,processed_matrix_welch_t,0.9897959183673469,2.8696539999999997,6.070979591836736,3.0568489795918365,3.2013255918367367,-3.0141306122449,adjacent_specific,0.15
TGFBR3,,1.985777918367349,0.09776772499778502,20.311180590653386,2.7652716671087767e-44,2.1937821892396293e-41,adjacent_normal_vs_healthy,up,unique_gene_symbol,processed_matrix_welch_t,0.9897959183673469,5.969368,7.955145918367349,6.820897959183673,1.985777918367349,-1.1342479591836758,adjacent_specific,0.15
HTRA1,,2.4765083061224464,0.12118886744741415,20.435113870480258,9.394270381949904e-44,7.154676322893046e-41,adjacent_normal_vs_healthy,up,unique_gene_symbol,processed_matrix_welch_t,0.9795918367346939,4.436532000000001,6.913040306122447,6.879460204081632,2.4765083061224464,-0.03358010204081463,field_shift_then_plateau,0.15
COL6A3,,2.3102878775510183,0.11210012439000235,20.60914642265162,1.0384653220527422e-43,7.604761435340082e-41,adjacent_normal_vs_healthy,up,unique_gene_symbol,processed_matrix_welch_t,0.9897959183673469,5.560406,7.870693877551019,8.552471428571426,2.3102878775510183,0.6817775510204074,monotonic_up,0.15
CTGF,,2.6475964897959194,0.1300486866688993,20.358502324107544,1.7864164734141073e-43,1.2403209680257947e-40,adjacent_normal_vs_healthy,up,unique_gene_symbol,processed_matrix_welch_t,1.0,4.895427999999999,7.543024489795918,7.2789183673469395,2.6475964897959194,-0.2641061224489789,non_monotonic,0.15
C1R,,1.935192367346935,0.09380667240092261,20.629581220790662,1.824001423567345e-43,1.2403209680257947e-40,adjacent_normal_vs_healthy,up,unique_gene_symbol,processed_matrix_welch_t,0.9897959183673469,6.673876000000003,8.609068367346937,8.160248979591836,1.935192367346935,-0.4488193877551012,non_monotonic,0.15
GAL,,3.0059716122448976,0.13768946479121327,21.831529498665937,2.0350609232641047e-43,1.3361227578947776e-40,adjacent_normal_vs_healthy,up,unique_gene_symbol,processed_matrix_welch_t,1.0,2.5786089999999997,5.584580612244897,5.902005102040816,3.0059716122448976,0.3174244897959184,monotonic_up,0.15
SLIT3,,2.1393151020408165,0.1003159424602191,21.325773845858798,2.502633496245826e-43,1.588338058950684e-40,adjacent_normal_vs_healthy,up,unique_gene_symbol,processed_matrix_welch_t,1.0,2.753890000000001,4.893205102040818,2.951201020408164,2.1393151020408165,-1.9420040816326538,adjacent_specific,0.15
SIK1,,2.7890422448979617,0.14121406811776374,19.750456042184652,5.461638677010275e-43,3.354503239041149e-40,adjacent_normal_vs_healthy,up,unique_gene_symbol,processed_matrix_welch_t,1.0,4.211419999999999,7.00046224489796,7.097143877551021,2.7890422448979617,0.09668163265306084,field_shift_then_plateau,0.15
AG2,,2.0166635510204056,0.10308138590385707,19.56379935463156,1.654305539455013e-42,9.843117959757327e-40,adjacent_normal_vs_healthy,up,unique_gene_symbol,processed_matrix_welch_t,0.9897959183673469,6.008864000000001,8.025527551020406,7.596965306122452,2.0166635510204056,-0.4285622448979547,non_monotonic,0.15
CH25H,,2.1084332653061235,0.10446558587207737,20.183041598866748,2.621747632070132e-42,1.5126689368065246e-39,adjacent_normal_vs_healthy,up,unique_gene_symbol,processed_matrix_welch_t,0.9897959183673469,3.4467299999999996,5.555163265306123,5.516427551020406,2.1084332653061235,-0.03873571428571676,field_shift_then_plateau,0.15
RSPO3,,2.3794770612244873,0.11819298538664368,20.13213435163284,2.9644193244382534e-42,1.6600748216854218e-39,adjacent_normal_vs_healthy,up,unique_gene_symbol,processed_matrix_welch_t,0.9795918367346939,4.678076,7.057553061224487,5.137772448979591,2.3794770612244873,-1.919780612244896,adjacent_specific,0.15
WISP2,,2.34587775510204,0.11788217384920627,19.90019083040379,8.579271793925513e-42,4.667123855895479e-39,adjacent_normal_vs_healthy,up,unique_gene_symbol,processed_matrix_welch_t,1.0,3.0751599999999994,5.42103775510204,2.955855102040816,2.34587775510204,-2.4651826530612237,adjacent_specific,0.15
MUSTN1,,2.459872693877551,0.12207618606336403,20.15030755139046,1.1032622924843502e-41,5.835031680250563e-39,adjacent_normal_vs_healthy,up,unique_gene_symbol,processed_matrix_welch_t,1.0,2.625762,5.085634693877551,2.6115775510204076,2.459872693877551,-2.474057142857143,adjacent_specific,0.15
ZFP36,,1.1319671428571407,0.05961954763492895,18.986510092102105,5.0749128058481e-41,2.611522697928319e-38,adjacent_normal_vs_healthy,up,unique_gene_symbol,processed_matrix_welch_t,0.9897959183673469,9.45039,10.582357142857141,9.97763163265306,1.1319671428571407,-0.6047255102040818,adjacent_specific,0.15
NNMT,,2.452948040816329,0.1263543663170594,19.413243185132025,1.2387560785816872e-40,6.206819930577718e-38,adjacent_normal_vs_healthy,up,unique_gene_symbol,processed_matrix_welch_t,0.9897959183673469,5.186104,7.639052040816329,7.920222448979589,2.452948040816329,0.28117040816326,monotonic_up,0.15
LYVE1,,2.106905714285713,0.11248426571597891,18.730670470887176,2.6740893522161333e-40,1.3055041350306455e-37,adjacent_normal_vs_healthy,up,unique_gene_symbol,processed_matrix_welch_t,0.9897959183673469,3.7616799999999997,5.868585714285713,3.438583163265306,2.106905714285713,-2.4300025510204066,adjacent_specific,0.15
VEGFC,,1.6534797551020404,0.08962419379199191,18.44903351587841,9.231654261253999e-40,4.394267428356903e-37,adjacent_normal_vs_healthy,up,unique_gene_symbol,processed_matrix_welch_t,0.9795918367346939,3.1531080000000005,4.806587755102041,4.373582653061222,1.6534797551020404,-0.433005102040819,non_monotonic,0.15
THBD,,1.2396509795918362,0.06779247020392368,18.285968572363483,2.324020117094275e-39,1.0792522690115852e-36,adjacent_normal_vs_healthy,up,unique_gene_symbol,processed_matrix_welch_t,1.0,3.1719729999999995,4.411623979591836,4.182840306122448,1.2396509795918362,-0.22878367346938777,non_monotonic,0.15
SRPX,,2.167532857142856,0.11975495914204197,18.099733594931415,3.894811744968499e-39,1.7656479910523863e-36,adjacent_normal_vs_healthy,up,unique_gene_symbol,processed_matrix_welch_t,0.9795918367346939,5.4894099999999995,7.656942857142855,4.636190816326529,2.167532857142856,-3.020752040816326,adjacent_specific,0.15
PCOLCE2,,3.0197264081632653,0.15221235929466828,19.83890416097795,6.808004494009447e-39,2.9853101550733298e-36,adjacent_normal_vs_healthy,up,unique_gene_symbol,processed_matrix_welch_t,0.9795918367346939,2.5272939999999995,5.547020408163265,2.7478581632653056,3.0197264081632653,-2.799162244897959,adjacent_specific,0.15
C8orf4,,1.9793598367346936,0.10520831654458965,18.8137202622741,6.898825988614838e-39,2.9853101550733298e-36,adjacent_normal_vs_healthy,up,unique_gene_symbol,processed_matrix_welch_t,1.0,6.731882,8.711241836734693,7.699376530612245,1.9793598367346936,-1.0118653061224485,adjacent_specific,0.15
HEG1,,1.3733280000000025,0.07698738845238136,17.838350249397543,1.7115345400885064e-38,7.241692809618926e-36,adjacent_normal_vs_healthy,up,unique_gene_symbol,processed_matrix_welch_t,0.9795918367346939,5.137371999999999,6.510700000000002,6.319769387755101,1.3733280000000025,-0.19093061224490082,non_monotonic,0.15
ROBO4,,1.1890109795918384,0.06625615913298265,17.945667167415728,4.1853718558296387e-38,1.7323800029347024e-35,adjacent_normal_vs_healthy,up,unique_gene_symbol,processed_matrix_welch_t,1.0,4.760137999999999,5.949148979591837,5.96129693877551,1.1890109795918384,0.012147959183672619,field_shift_then_plateau,0.15
APOD,,2.011227020408162,0.11248426952881967,17.88007362125301,1.079289368366703e-37,4.372270122064261e-35,adjacent_normal_vs_healthy,up,unique_gene_symbol,processed_matrix_welch_t,0.9795918367346939,2.871024000000001,4.882251020408163,3.6744132653061206,2.011227020408162,-1.2078377551020427,adjacent_specific,0.15
PMP22,,1.713714714285719,0.09780919341143177,17.52099832862361,1.1674154439503724e-37,4.63074792766981e-35,adjacent_normal_vs_healthy,up,unique_gene_symbol,processed_matrix_welch_t,0.9795918367346939,5.758670999999998,7.472385714285717,6.315193367346937,1.713714714285719,-1.1571923469387801,adjacent_specific,0.15
JUN,,1.4372037959183688,0.08055498682133459,17.841276532090898,1.822574061343787e-37,7.082002066935858e-35,adjacent_normal_vs_healthy,up,unique_gene_symbol,processed_matrix_welch_t,1.0,6.646686,8.083889795918369,8.217354081632655,1.4372037959183688,0.13346428571428604,field_shift_then_plateau,0.15
CCDC80,,2.4014384489795915,0.12495104365200496,19.21903474186034,4.1501677526823296e-37,1.580383880221431e-34,adjacent_normal_vs_healthy,up,unique_gene_symbol,processed_matrix_welch_t,1.0,3.0215590000000003,5.422997448979592,3.566217857142857,2.4014384489795915,-1.8567795918367347,adjacent_specific,0.15
UCHL1,,2.0420419183673446,0.10824063974079351,18.865759877782246,8.254134803196879e-37,3.0222832048628575e-34,adjacent_normal_vs_healthy,up,unique_gene_symbol,processed_matrix_welch_t,0.9897959183673469,3.136479,5.178520918367345,3.5283076530612236,2.0420419183673446,-1.650213265306121,adjacent_specific,0.15
DUSP1,,1.5541114897959192,0.09053946450653713,17.16501746797618,8.162391145333859e-37,3.0222832048628575e-34,adjacent_normal_vs_healthy,up,unique_gene_symbol,processed_matrix_welch_t,1.0,4.5772129999999995,6.131324489795919,4.893951530612244,1.5541114897959192,-1.2373729591836744,adjacent_specific,0.15
PRRX1,,1.3579027142857143,0.07756730834917151,17.50612136975381,1.1469395687594609e-36,4.120326299845308e-34,adjacent_normal_vs_healthy,up,unique_gene_symbol,processed_matrix_welch_t,1.0,2.7121579999999996,4.070060714285714,4.911107653061224,1.3579027142857143,0.8410469387755102,monotonic_up,0.15
TSHZ2,,0.7375343673469401,0.043382738525172486,17.000641094129907,2.435160045175069e-36,8.586193937061725e-34,adjacent_normal_vs_healthy,up,unique_gene_symbol,processed_matrix_welch_t,0.9897959183673469,2.7654339999999995,3.5029683673469396,3.2896714285714284,0.7375343673469401,-0.21329693877551126,non_monotonic,0.15
FAM96A,,-0.8739947755102051,0.051733246342535844,-16.894257316142824,3.7691010958188784e-36,1.3047942702616626e-33,adjacent_normal_vs_healthy,down,unique_gene_symbol,processed_matrix_welch_t,1.0,9.290256000000001,8.416261224489796,8.53072346938775,-0.8739947755102051,0.11446224489795398,field_shift_then_plateau,0.15
CALB2,,1.5035417142857135,0.08772399115615548,17.139458595873656,4.096843363109555e-36,1.3929267434572487e-33,adjacent_normal_vs_healthy,up,unique_gene_symbol,processed_matrix_welch_t,0.9897959183673469,2.8426940000000007,4.346235714285714,3.027796938775509,1.5035417142857135,-1.3184387755102054,adjacent_specific,0.15
DPT,,2.9106916326530596,0.15868223584274743,18.34289526609347,1.1931770963544176e-35,3.9856301604540545e-33,adjacent_normal_vs_healthy,up,unique_gene_symbol,processed_matrix_welch_t,0.9897959183673469,2.6691400000000005,5.57983163265306,2.6742448979591833,2.9106916326530596,-2.905586734693877,adjacent_specific,0.15
MMP2,,1.2914496122448984,0.07593520135359288,17.007258678768135,1.2757328938032272e-35,4.1879231548299046e-33,adjacent_normal_vs_healthy,up,unique_gene_symbol,processed_matrix_welch_t,0.9693877551020408,4.101256,5.392705612244899,5.452104081632653,1.2914496122448984,0.05939846938775428,field_shift_then_plateau,0.15
CEBPD,,1.1142525714285698,0.06681472783020055,16.67675088433007,1.5495501156547232e-35,5.000582068146768e-33,adjacent_normal_vs_healthy,up,unique_gene_symbol,processed_matrix_welch_t,1.0,7.874876000000001,8.989128571428571,8.572219387755103,1.1142525714285698,-0.41690918367346796,non_monotonic,0.15
SOX18,,1.3955671836734682,0.08313770733758895,16.78621203741677,1.914913513449771e-35,6.076658882680606e-33,adjacent_normal_vs_healthy,up,unique_gene_symbol,processed_matrix_welch_t,0.9897959183673469,3.829492,5.225059183673468,4.962461224489796,1.3955671836734682,-0.26259795918367246,non_monotonic,0.15
CLEC3B,,2.4317608571428586,0.14403393992953414,16.88324889489624,2.546857586695091e-35,7.858200846978703e-33,adjacent_normal_vs_healthy,up,unique_gene_symbol,processed_matrix_welch_t,0.9795918367346939,6.320482000000002,8.75224285714286,4.732554081632652,2.4317608571428586,-4.019688775510208,adjacent_specific,0.15
EAPP,,-0.6736797551020466,0.03919639634613444,-17.18728806477346,2.558867922860712e-35,7.858200846978703e-33,adjacent_normal_vs_healthy,down,unique_gene_symbol,processed_matrix_welch_t,1.0,8.657842000000002,7.984162244897956,7.208055102040817,-0.6736797551020466,-0.7761071428571391,monotonic_down,0.15
LMNA,,0.6210527346938761,0.03686063288280954,16.848672584336242,2.6216603366909755e-35,7.92324012866606e-33,adjacent_normal_vs_healthy,up,unique_gene_symbol,processed_matrix_welch_t,1.0,8.229834,8.850886734693876,8.229212244897958,0.6210527346938761,-0.6216744897959181,adjacent_specific,0.15
C2orf40,,2.9831838367346935,0.1770049495762333,16.853674679022927,2.755542316109532e-35,8.07161933826546e-33,adjacent_normal_vs_healthy,up,unique_gene_symbol,processed_matrix_welch_t,0.9693877551020408,4.377307999999998,7.360491836734692,3.0628551020408166,2.9831838367346935,-4.297636734693875,adjacent_specific,0.15
SERPING1,,1.7961477959183658,0.10837860652578075,16.57289988768313,2.750553667309774e-35,8.07161933826546e-33,adjacent_normal_vs_healthy,up,unique_gene_symbol,processed_matrix_welch_t,0.9693877551020408,3.683792000000001,5.479939795918367,4.991622448979593,1.7961477959183658,-0.48831734693877404,non_monotonic,0.15
THBS2,,2.371247102040817,0.12965736198625472,18.28856507424699,3.177117387675787e-35,9.165502282022271e-33,adjacent_normal_vs_healthy,up,unique_gene_symbol,processed_matrix_welch_t,1.0,2.593408,4.964655102040817,6.781208163265304,2.371247102040817,1.8165530612244867,monotonic_up,0.15
MAP1B,,1.8766262448979627,0.10755534649243688,17.448005200094112,4.278683294770769e-35,1.2159123870512752e-32,adjacent_normal_vs_healthy,up,unique_gene_symbol,processed_matrix_welch_t,0.9897959183673469,3.919735999999999,5.796362244897962,4.716814285714285,1.8766262448979627,-1.0795479591836763,adjacent_specific,0.15
TAC1,,2.960697102040817,0.16774713153434404,17.64976291969948,4.527583439112215e-35,1.2677233629514202e-32,adjacent_normal_vs_healthy,up,unique_gene_symbol,processed_matrix_welch_t,1.0,2.545258,5.505955102040817,4.18464693877551,2.960697102040817,-1.3213081632653072,adjacent_specific,0.15
SEMA3G,,0.8739566938775511,0.052468838873662424,16.656680663010587,5.521568707073e-35,1.501866688323856e-32,adjacent_normal_vs_healthy,up,unique_gene_symbol,processed_matrix_welch_t,0.9693877551020408,2.7820529999999994,3.6560096938775506,2.9428311224489794,0.8739566938775511,-0.7131785714285712,adjacent_specific,0.15
LYPLA1,,-1.0419365714285673,0.06030243211048208,-17.278516553355608,5.491764821357925e-35,1.501866688323856e-32,adjacent_normal_vs_healthy,down,unique_gene_symbol,processed_matrix_welch_t,1.0,7.858482999999999,6.8165464285714314,7.47277295918367,-1.0419365714285673,0.6562265306122388,adjacent_specific,0.15
TMTC1,,1.7763074285714304,0.10791697093018343,16.459945208438135,1.0551373878656055e-34,2.829551530276215e-32,adjacent_normal_vs_healthy,up,unique_gene_symbol,processed_matrix_welch_t,0.9795918367346939,3.9539639999999996,5.73027142857143,4.323608163265307,1.7763074285714304,-1.4066632653061228,adjacent_specific,0.15
FKBP10,,1.2974432653061223,0.07955962918715465,16.307809357105477,1.202690373106857e-34,3.168576984331907e-32,adjacent_normal_vs_healthy,up,unique_gene_symbol,processed_matrix_welch_t,0.9795918367346939,4.226919999999999,5.524363265306121,7.156696938775512,1.2974432653061223,1.6323336734693905,monotonic_up,0.15
RGS1,,1.1874663469387774,0.07193371556531897,16.507785502342166,1.214843066471792e-34,3.168576984331907e-32,adjacent_normal_vs_healthy,up,unique_gene_symbol,processed_matrix_welch_t,0.9897959183673469,3.138651,4.326117346938777,4.0555668367346955,1.1874663469387774,-0.2705505102040817,non_monotonic,0.15
NUDT16L1,,-0.6034611224489783,0.036612884017457534,-16.48220670519262,1.3082839767812695e-34,3.366179313231807e-32,adjacent_normal_vs_healthy,down,unique_gene_symbol,processed_matrix_welch_t,1.0,7.1090800000000005,6.505618877551022,6.426203571428574,-0.6034611224489783,-0.07941530612244829,field_shift_then_plateau,0.15
PECAM1,,1.408307081632648,0.08343256220376337,16.879585672955923,1.6256553285863104e-34,4.126996994171114e-32,adjacent_normal_vs_healthy,up,unique_gene_symbol,processed_matrix_welch_t,0.9897959183673469,5.783797000000003,7.192104081632651,6.718460714285717,1.408307081632648,-0.47364336734693424,non_monotonic,0.15
RBMS3,,1.3824974693877565,0.0835027592957366,16.55630881000531,1.993343198415744e-34,4.993849276031022e-32,adjacent_normal_vs_healthy,up,unique_gene_symbol,processed_matrix_welch_t,0.9897959183673469,3.267426,4.6499234693877565,3.5856816326530603,1.3824974693877565,-1.0642418367346962,adjacent_specific,0.15
LDB2,,1.2373115918367361,0.07647936110039358,16.178372492057452,2.4027429042672908e-34,5.941327908733663e-32,adjacent_normal_vs_healthy,up,unique_gene_symbol,processed_matrix_welch_t,1.0,3.592267999999999,4.829579591836735,4.2240306122448965,1.2373115918367361,-0.6055489795918385,adjacent_specific,0.15
ADH1B,,2.2500681224489805,0.135384039583443,16.619892044676114,4.177368296791102e-34,1.019706312447469e-31,adjacent_normal_vs_healthy,up,unique_gene_symbol,processed_matrix_welch_t,0.9591836734693877,6.445238000000001,8.695306122448981,3.6707051020408166,2.2500681224489805,-5.024601020408165,adjacent_specific,0.15
ZFPM2,,1.278988163265303,0.07892447012533199,16.20521697813455,5.32503030413867e-34,1.2833997087443075e-31,adjacent_normal_vs_healthy,up,unique_gene_symbol,processed_matrix_welch_t,1.0,2.8106200000000006,4.089608163265304,3.0401489795918373,1.278988163265303,-1.0494591836734664,adjacent_specific,0.15
CDH5,,0.8129449591836737,0.04770628575106866,17.040625703405617,6.187502198104464e-34,1.4726255231488626e-31,adjacent_normal_vs_healthy,up,unique_gene_symbol,processed_matrix_welch_t,1.0,3.3495030000000003,4.162447959183674,4.187954591836736,0.8129449591836737,0.025506632653061523,field_shift_then_plateau,0.15
PTPRM,,1.249375183673469,0.07813695063402218,15.989556458701493,7.008118063093902e-34,1.647340344707505e-31,adjacent_normal_vs_healthy,up,unique_gene_symbol,processed_matrix_welch_t,0.9897959183673469,4.969809000000001,6.21918418367347,5.688958673469389,1.249375183673469,-0.5302255102040805,adjacent_specific,0.15
ZBTB20,,1.1413589183673478,0.07158840020416318,15.943349971675618,8.942607198086017e-34,2.0764297689214363e-31,adjacent_normal_vs_healthy,up,unique_gene_symbol,processed_matrix_welch_t,0.9897959183673469,5.993361999999999,7.134720918367347,6.585656632653059,1.1413589183673478,-0.5490642857142882,adjacent_specific,0.15
ECSCR,,1.277982612244899,0.08040866046359484,15.89359410885234,1.1932390244769763e-33,2.704675122147813e-31,adjacent_normal_vs_healthy,up,unique_gene_symbol,processed_matrix_welch_t,1.0,4.134397999999999,5.412380612244898,4.807803061224491,1.277982612244899,-0.604577551020407,adjacent_specific,0.15
C14orf142,,-0.664817959183674,0.04144886993707774,-16.039471285777243,1.2799975616679192e-33,2.8671945381361392e-31,adjacent_normal_vs_healthy,down,unique_gene_symbol,processed_matrix_welch_t,0.9897959183673469,9.309020000000002,8.644202040816328,7.752194897959185,-0.664817959183674,-0.8920071428571434,monotonic_down,0.15
MCEE,,-0.9929345714285747,0.05748309177706038,-17.273506708364327,1.4733688147791017e-33,3.261970027138848e-31,adjacent_normal_vs_healthy,down,unique_gene_symbol,processed_matrix_welch_t,1.0,6.996056000000003,6.003121428571428,5.889637755102043,-0.9929345714285747,-0.1134836734693856,field_shift_then_plateau,0.15
GPR124,,1.334174836734693,0.08391512759052396,15.899097993927779,1.4971106108695321e-33,3.2764351759719417e-31,adjacent_normal_vs_healthy,up,unique_gene_symbol,processed_matrix_welch_t,0.9795918367346939,5.308116999999999,6.642291836734692,6.452500000000002,1.334174836734693,-0.18979183673469002,non_monotonic,0.15
SHISA3,,1.429440734693877,0.08448595357942659,16.919270886254917,4.977865440861071e-33,1.077029068113577e-30,adjacent_normal_vs_healthy,up,unique_gene_symbol,processed_matrix_welch_t,0.9897959183673469,2.9941460000000006,4.4235867346938775,3.0870591836734698,1.429440734693877,-1.3365275510204078,adjacent_specific,0.15
L1CAM,,0.9351494081632663,0.05978877702535341,15.640885374971235,6.178106449681547e-33,1.3216982786734456e-30,adjacent_normal_vs_healthy,up,unique_gene_symbol,processed_matrix_welch_t,0.9795918367346939,3.7208210000000004,4.655970408163267,3.901461224489795,0.9351494081632663,-0.7545091836734716,adjacent_specific,0.15
CNIH,,-0.5107743673469418,0.032043587876205364,-15.939986786755174,7.74406809945355e-33,1.638300629039951e-30,adjacent_normal_vs_healthy,down,unique_gene_symbol,processed_matrix_welch_t,0.9897959183673469,10.140306,9.629531632653059,9.79829387755102,-0.5107743673469418,0.16876224489796066,non_monotonic,0.15
TMEM100,,1.730232612244901,0.10846839915317474,15.951490256637195,8.057021759828517e-33,1.6857768605179665e-30,adjacent_normal_vs_healthy,up,unique_gene_symbol,processed_matrix_welch_t,0.9795918367346939,5.027797999999999,6.7580306122449,3.3309153061224506,1.730232612244901,-3.4271153061224493,adjacent_specific,0.15
TENC1,,1.335670979591837,0.08552530955352931,15.617259809575502,8.509266196991408e-33,1.7610481346817e-30,adjacent_normal_vs_healthy,up,unique_gene_symbol,processed_matrix_welch_t,0.9693877551020408,3.808728,5.144398979591837,4.322906122448978,1.335670979591837,-0.821492857142859,adjacent_specific,0.15
C1S,,1.2704655510204104,0.08138460584802329,15.610637144239092,9.562873983053073e-33,1.9578185014766723e-30,adjacent_normal_vs_healthy,up,unique_gene_symbol,processed_matrix_welch_t,0.9897959183673469,7.794712,9.06517755102041,8.486674489795922,1.2704655510204104,-0.5785030612244881,adjacent_specific,0.15
CLEC14A,,1.1240230204081625,0.07184538300812118,15.64502788273961,9.726016135636775e-33,1.9700356087502574e-30,adjacent_normal_vs_healthy,up,unique_gene_symbol,processed_matrix_welch_t,1.0,3.9172780000000005,5.041301020408163,4.395328571428573,1.1240230204081625,-0.6459724489795899,adjacent_specific,0.15
CXCR7,,1.3617201632653066,0.08617652201007862,15.80152147595431,1.3505804000430693e-32,2.7068474544021097e-30,adjacent_normal_vs_healthy,up,unique_gene_symbol,processed_matrix_welch_t,0.9693877551020408,3.2538879999999994,4.615608163265306,4.303758163265306,1.3617201632653066,-0.31184999999999974,non_monotonic,0.15
PRIMA1,,1.1297172653061196,0.07140302146968373,15.82170112767251,2.3511076765177387e-32,4.663030225093515e-30,adjacent_normal_vs_healthy,up,unique_gene_symbol,processed_matrix_welch_t,0.9693877551020408,2.962321,4.09203826530612,2.5061443877551017,1.1297172653061196,-1.585893877551018,adjacent_specific,0.15
COL14A1,,0.9715012653061228,0.06071597226429851,16.000752834479,2.522364340789842e-32,4.951115159653463e-30,adjacent_normal_vs_healthy,up,unique_gene_symbol,processed_matrix_welch_t,0.9897959183673469,3.736587,4.708088265306123,3.9293321428571435,0.9715012653061228,-0.7787561224489794,adjacent_specific,0.15
MYCBP2,,0.8796799591836724,0.053464591937871245,16.453505531397457,2.5962862759664254e-32,5.044213336163341e-30,adjacent_normal_vs_healthy,up,unique_gene_symbol,processed_matrix_welch_t,1.0,7.054793000000001,7.934472959183673,8.38217755102041,0.8796799591836724,0.44770459183673683,monotonic_up,0.15
ATP5C1,,-0.7982808979591862,0.04688569405331923,-17.02610815681575,8.871885899222919e-32,1.6892070752120436e-29,adjacent_normal_vs_healthy,down,unique_gene_symbol,processed_matrix_welch_t,1.0,10.410886000000003,9.612605102040817,9.401223469387755,-0.7982808979591862,-0.21138163265306176,monotonic_down,0.15
CCDC3,,1.472443061224486,0.09284279935184878,15.859528918816098,9.075319571543705e-32,1.7108325212098232e-29,adjacent_normal_vs_healthy,up,unique_gene_symbol,processed_matrix_welch_t,1.0,4.521610000000001,5.994053061224487,6.111105102040816,1.472443061224486,0.11705204081632914,field_shift_then_plateau,0.15
ANGPTL2,,1.7702133061224496,0.11033695918102632,16.04370212177152,9.718034854939857e-32,1.8140331729221065e-29,adjacent_normal_vs_healthy,up,unique_gene_symbol,processed_matrix_welch_t,0.9795918367346939,3.508252,5.27846530612245,5.214079591836736,1.7702133061224496,-0.06438571428571382,field_shift_then_plateau,0.15
PRELP,,1.7737896734693877,0.10853201146560494,16.343470000383455,1.15103808122372e-31,2.1277441812135563e-29,adjacent_normal_vs_healthy,up,unique_gene_symbol,processed_matrix_welch_t,1.0,3.137569000000001,4.911358673469389,3.4475280612244905,1.7737896734693877,-1.463830612244898,adjacent_specific,0.15
APCDD1,,1.064805244897959,0.0698311999598228,15.248273629990491,1.1659478229915613e-31,2.1345813990153202e-29,adjacent_normal_vs_healthy,up,unique_gene_symbol,processed_matrix_welch_t,0.9795918367346939,3.5415319999999997,4.606337244897959,6.299413265306123,1.064805244897959,1.6930760204081645,monotonic_up,0.15
PXDN,,1.2621389183673433,0.08354711243514602,15.106912514146872,1.4693078312414597e-31,2.664344867317847e-29,adjacent_normal_vs_healthy,up,unique_gene_symbol,processed_matrix_welch_t,0.9897959183673469,5.541357000000001,6.803495918367345,7.318766326530614,1.2621389183673433,0.5152704081632695,monotonic_up,0.15
C14orf109,,-0.6186875918367409,0.039201798827926536,-15.782122513112865,1.7265122055492e-31,3.101206829590261e-29,adjacent_normal_vs_healthy,down,unique_gene_symbol,processed_matrix_welch_t,1.0,8.643958000000003,8.025270408163262,7.5144816326530615,-0.6186875918367409,-0.5107887755102007,monotonic_down,0.15
SDPR,,2.1228642448979596,0.13780894067602154,15.404401445104014,1.797940558503014e-31,3.171910576748268e-29,adjacent_normal_vs_healthy,up,unique_gene_symbol,processed_matrix_welch_t,0.9795918367346939,5.158747999999999,7.281612244897959,4.868608163265307,2.1228642448979596,-2.4130040816326517,adjacent_specific,0.15
PCSK5,,1.0579828571428571,0.06438478830463458,16.43218662360191,1.7991929742059504e-31,3.171910576748268e-29,adjacent_normal_vs_healthy,up,unique_gene_symbol,processed_matrix_welch_t,1.0,5.1390600000000015,6.197042857142859,5.109011224489799,1.0579828571428571,-1.0880316326530597,adjacent_specific,0.15
CSRNP1,,0.9362379795918399,0.06229037874412273,15.030218124659847,2.016926688866547e-31,3.5231453354145926e-29,adjacent_normal_vs_healthy,up,unique_gene_symbol,processed_matrix_welch_t,0.9795918367346939,5.595361000000001,6.531598979591841,5.9018841836734675,0.9362379795918399,-0.6297147959183738,adjacent_specific,0.15
TSC22D3,,1.9989415918367364,0.13283915567861093,15.047834214431065,2.2148482945024284e-31,3.8337010479387484e-29,adjacent_normal_vs_healthy,up,unique_gene_symbol,processed_matrix_welch_t,0.9489795918367347,4.278288000000001,6.277229591836737,5.033313265306122,1.9989415918367364,-1.2439163265306155,adjacent_specific,0.15
S1PR1,,1.4073514693877542,0.09354791663948081,15.04417757170872,2.628208616580849e-31,4.5082064918648074e-29,adjacent_normal_vs_healthy,up,unique_gene_symbol,processed_matrix_welch_t,0.9795918367346939,3.585722,4.993073469387754,4.119214285714287,1.4073514693877542,-0.873859183673467,adjacent_specific,0.15
TPST1,,1.129587755102044,0.0745216521433639,15.157846379049085,2.8016092119561613e-31,4.7627356603254744e-29,adjacent_normal_vs_healthy,up,unique_gene_symbol,processed_matrix_welch_t,0.9489795918367347,3.0996499999999996,4.2292377551020435,3.8394030612244907,1.129587755102044,-0.38983469387755276,non_monotonic,0.15
FSTL1,,0.985960795918368,0.06365088288980097,15.490135425542578,2.9566232000191015e-31,4.938079449856464e-29,adjacent_normal_vs_healthy,up,unique_gene_symbol,processed_matrix_welch_t,0.9897959183673469,5.410454,6.396414795918368,6.487881122448983,0.985960795918368,0.09146632653061548,field_shift_then_plateau,0.15
MRPL13,,-0.8199587142857094,0.0498113758483368,-16.46127416320077,2.947627892711079e-31,4.938079449856464e-29,adjacent_normal_vs_healthy,down,unique_gene_symbol,processed_matrix_welch_t,1.0,8.739873,7.91991428571429,8.282616836734691,-0.8199587142857094,0.3627025510204014,non_monotonic,0.15
CSRP2,,1.1107976530612236,0.0745424191600678,14.901550896489756,4.100982248209739e-31,6.789800174427254e-29,adjacent_normal_vs_healthy,up,unique_gene_symbol,processed_matrix_welch_t,0.9897959183673469,4.207810000000001,5.318607653061225,5.012831632653059,1.1107976530612236,-0.30577602040816565,non_monotonic,0.15
SLMAP,,0.8424209591836735,0.056798582325655586,14.831725101053392,6.503501411141384e-31,1.067471266104586e-28,adjacent_normal_vs_healthy,up,unique_gene_symbol,processed_matrix_welch_t,0.9591836734693877,5.035452000000001,5.877872959183675,5.309583673469389,0.8424209591836735,-0.568289285714286,adjacent_specific,0.15
THSD7A,,1.36548093877551,0.09000746847768103,15.170751515071279,7.056717495045047e-31,1.1483752231252795e-28,adjacent_normal_vs_healthy,up,unique_gene_symbol,processed_matrix_welch_t,0.9795918367346939,2.687066,4.05254693877551,3.276857142857144,1.36548093877551,-0.7756897959183662,adjacent_specific,0.15
FAM107A,,1.0497523265306103,0.070497146833929,14.890706555877003,7.325682747757398e-31,1.1820423687906853e-28,adjacent_normal_vs_healthy,up,unique_gene_symbol,processed_matrix_welch_t,0.9795918367346939,3.2808140000000003,4.330566326530611,3.0249806122448977,1.0497523265306103,-1.305585714285713,adjacent_specific,0.15
RGS2,,1.8652628979591794,0.1259474833622504,14.80984651828498,8.125585342326522e-31,1.3000936547722433e-28,adjacent_normal_vs_healthy,up,unique_gene_symbol,processed_matrix_welch_t,1.0,7.191182,9.05644489795918,7.596354081632655,1.8652628979591794,-1.4600908163265247,adjacent_specific,0.15
SERPINA3,,1.5366662448979596,0.10088279514673003,15.232193385035966,8.987179199651764e-31,1.4259657663447465e-28,adjacent_normal_vs_healthy,up,unique_gene_symbol,processed_matrix_welch_t,0.9897959183673469,3.3104459999999993,4.847112244897959,4.136227040816328,1.5366662448979596,-0.7108852040816309,adjacent_specific,0.15
NR4A1,,1.7265804489795906,0.11100387488322518,15.554235839027545,1.0678001144900268e-30,1.6802408413132323e-28,adjacent_normal_vs_healthy,up,unique_gene_symbol,processed_matrix_welch_t,0.9897959183673469,4.612342000000001,6.3389224489795915,6.2970734693877555,1.7265804489795906,-0.04184897959183598,field_shift_then_plateau,0.15
C3orf38,,-0.624661020408162,0.03586509128278188,-17.41696446505489,1.1041555207923004e-30,1.7232066488430656e-28,adjacent_normal_vs_healthy,down,unique_gene_symbol,processed_matrix_welch_t,1.0,6.763409999999999,6.138748979591837,6.192231122448978,-0.624661020408162,0.053482142857141035,field_shift_then_plateau,0.15
NSMCE2,,-0.6959923265306118,0.04386977422085366,-15.86496258282016,1.4352983063948498e-30,2.22179510193154e-28,adjacent_normal_vs_healthy,down,unique_gene_symbol,processed_matrix_welch_t,0.9591836734693877,7.6393260000000005,6.943333673469389,7.626806122448984,-0.6959923265306118,0.6834724489795949,adjacent_specific,0.15
GPR116,,0.9852875102040812,0.06443106675829016,15.29211853499705,1.6222712941603654e-30,2.4909714065172062e-28,adjacent_normal_vs_healthy,up,unique_gene_symbol,processed_matrix_welch_t,0.9897959183673469,3.3573880000000003,4.3426755102040815,4.735625510204084,0.9852875102040812,0.3929500000000026,monotonic_up,0.15
CLU,,1.3343149183673457,0.08769077151959974,15.216138428764005,1.668153556884373e-30,2.5409314978462767e-28,adjacent_normal_vs_healthy,up,unique_gene_symbol,processed_matrix_welch_t,0.9897959183673469,4.103181,5.437495918367346,4.103554591836734,1.3343149183673457,-1.3339413265306117,adjacent_specific,0.15
CRLS1,,-0.6871242040816341,0.04361757745558593,-15.753378435134454,1.9315224671244423e-30,2.9187450614324904e-28,adjacent_normal_vs_healthy,down,unique_gene_symbol,processed_matrix_welch_t,1.0,8.874264,8.187139795918366,8.878891836734693,-0.6871242040816341,0.6917520408163274,adjacent_specific,0.15
IGFBP5,,1.7393545918367352,0.1153475616214804,15.079248901199373,1.964055119232318e-30,2.921531989858073e-28,adjacent_normal_vs_healthy,up,unique_gene_symbol,processed_matrix_welch_t,0.9693877551020408,3.4263,5.165654591836735,5.080365306122448,1.7393545918367352,-0.08528928571428729,field_shift_then_plateau,0.15
FBN1,,1.4289568163265294,0.09569100637037815,14.933031541079846,2.6586954748417188e-30,3.924152080696614e-28,adjacent_normal_vs_healthy,up,unique_gene_symbol,processed_matrix_welch_t,0.9897959183673469,2.844383999999999,4.273340816326528,3.9407744897959187,1.4289568163265294,-0.3325663265306096,non_monotonic,0.15
HEY2,,0.6881899999999996,0.04701306112616755,14.638272503743686,2.992451097129807e-30,4.382789914565502e-28,adjacent_normal_vs_healthy,up,unique_gene_symbol,processed_matrix_welch_t,1.0,2.5128600000000003,3.20105,3.042878571428571,0.6881899999999996,-0.15817142857142885,non_monotonic,0.15
GOLPH3L,,-0.642861224489792,0.04223607199637341,-15.220667881828385,3.686484427905018e-30,5.358065916588667e-28,adjacent_normal_vs_healthy,down,unique_gene_symbol,processed_matrix_welch_t,1.0,6.98015,6.337288775510208,6.097218367346937,-0.642861224489792,-0.2400704081632714,monotonic_down,0.15
LRRN4CL,,1.2191642244897958,0.083341746318921,14.628493862181168,5.754717384804221e-30,8.300743864141846e-28,adjacent_normal_vs_healthy,up,unique_gene_symbol,processed_matrix_welch_t,0.9693877551020408,3.562747,4.781911224489796,3.7335698979591823,1.2191642244897958,-1.0483413265306134,adjacent_specific,0.15
GCN1L1,,0.6881607755102044,0.04403706681235044,15.626853133578958,6.427131517897877e-30,9.200946172990643e-28,adjacent_normal_vs_healthy,up,unique_gene_symbol,processed_matrix_welch_t,1.0,6.479677999999999,7.167838775510203,7.555776530612244,0.6881607755102044,0.3879377551020404,monotonic_up,0.15
C3,,3.3180855102040834,0.1975531276687267,16.795914847615677,9.575186937776564e-30,1.3605340245915356e-27,adjacent_normal_vs_healthy,up,unique_gene_symbol,processed_matrix_welch_t,0.9897959183673469,5.0448900000000005,8.362975510204084,7.079974489795919,3.3180855102040834,-1.2830010204081645,adjacent_specific,0.15
EFEMP1,,2.3045157142857136,0.152478855755594,15.113673977063327,1.0446863995050117e-29,1.473394744190772e-27,adjacent_normal_vs_healthy,up,unique_gene_symbol,processed_matrix_welch_t,0.9693877551020408,5.94717,8.251685714285713,6.248680102040817,2.3045157142857136,-2.0030056122448965,adjacent_specific,0.15
FBLN1,,1.2684637551020392,0.08520788369035998,14.886694753639883,1.0918174811572321e-29,1.5285444736201251e-27,adjacent_normal_vs_healthy,up,unique_gene_symbol,processed_matrix_welch_t,0.9591836734693877,3.3387990000000007,4.60726275510204,3.515976020408164,1.2684637551020392,-1.0912867346938762,adjacent_specific,0.15
C16orf89,,1.1895290612244915,0.08285006439315094,14.357611788685922,1.1424482073018971e-29,1.587752837009352e-27,adjacent_normal_vs_healthy,up,unique_gene_symbol,processed_matrix_welch_t,0.9591836734693877,4.209873999999999,5.399403061224491,3.496910204081633,1.1895290612244915,-1.9024928571428577,adjacent_specific,0.15
FOXF1,,1.4094191020408173,0.09650122191690863,14.60519435965674,1.1988953330934994e-29,1.6541280537753787e-27,adjacent_normal_vs_healthy,up,unique_gene_symbol,processed_matrix_welch_t,0.9795918367346939,6.413685999999999,7.823105102040817,6.72864081632653,1.4094191020408173,-1.0944642857142863,adjacent_specific,0.15
LRRC32,,1.0825382448979584,0.0734415376592262,14.74013588769084,1.292347727684874e-29,1.7702374629582732e-27,adjacent_normal_vs_healthy,up,unique_gene_symbol,processed_matrix_welch_t,1.0,4.389524,5.472062244897958,5.766072448979591,1.0825382448979584,0.2940102040816326,monotonic_up,0.15
RASIP1,,0.9538218367346931,0.0666120322020807,14.319062265524147,1.3253439435790743e-29,1.802467763267541e-27,adjacent_normal_vs_healthy,up,unique_gene_symbol,processed_matrix_welch_t,0.9897959183673469,2.6660199999999996,3.6198418367346927,3.4582510204081642,0.9538218367346931,-0.1615908163265285,non_monotonic,0.15
AKAP12,,2.0145168571428567,0.13909065141118962,14.483481360565344,1.4087058799353032e-29,1.902252479004835e-27,adjacent_normal_vs_healthy,up,unique_gene_symbol,processed_matrix_welch_t,0.9795918367346939,4.417550999999999,6.432067857142855,4.8703596938775515,2.0145168571428567,-1.5617081632653038,adjacent_specific,0.15
DBN1,,1.3309844897959184,0.09249156908350041,14.390333118841564,1.4456128218399085e-29,1.938342825903652e-27,adjacent_normal_vs_healthy,up,unique_gene_symbol,processed_matrix_welch_t,0.9693877551020408,3.30469,4.635674489795918,4.716150000000001,1.3309844897959184,0.08047551020408239,field_shift_then_plateau,0.15
CRADD,,-0.6304263877551017,0.04059874682288881,-15.528222841589761,1.6938752201727158e-29,2.255341551894301e-27,adjacent_normal_vs_healthy,down,unique_gene_symbol,processed_matrix_welch_t,1.0,5.804256999999999,5.173830612244897,4.503163775510204,-0.6304263877551017,-0.6706668367346929,monotonic_down,0.15
NIPSNAP3A,,-1.0213513061224457,0.0627842648360666,-16.267631846757368,1.7084711775740876e-29,2.258978557014627e-27,adjacent_normal_vs_healthy,down,unique_gene_symbol,processed_matrix_welch_t,1.0,9.587435999999999,8.566084693877553,8.044808163265303,-1.0213513061224457,-0.5212765306122495,monotonic_down,0.15
DCN,,1.7107322244897922,0.11928820479114095,14.341168328294277,1.9284309959281668e-29,2.5322293905153307e-27,adjacent_normal_vs_healthy,up,unique_gene_symbol,processed_matrix_welch_t,0.9183673469387755,7.980704000000003,9.691436224489795,7.978133163265306,1.7107322244897922,-1.7133030612244893,adjacent_specific,0.15
MN1,,1.2929145306122445,0.08896154648727018,14.533408890292304,2.3065845202821607e-29,3.0080389908337222e-27,adjacent_normal_vs_healthy,up,unique_gene_symbol,processed_matrix_welch_t,0.9795918367346939,3.0802620000000003,4.373176530612245,3.8090122448979575,1.2929145306122445,-0.5641642857142872,adjacent_specific,0.15
MMRN1,,1.4009731632653044,0.09501932808537354,14.744086192722282,2.7615689763213187e-29,3.576889340759041e-27,adjacent_normal_vs_healthy,up,unique_gene_symbol,processed_matrix_welch_t,0.9489795918367347,2.7175100000000003,4.118483163265305,2.552631122448978,1.4009731632653044,-1.5658520408163268,adjacent_specific,0.15
TMEM47,,1.4411983673469404,0.10168086869488306,14.17374168656632,3.2412119506253926e-29,4.08693215496076e-27,adjacent_normal_vs_healthy,up,unique_gene_symbol,processed_matrix_welch_t,0.9897959183673469,5.844169999999999,7.28536836734694,6.158229081632655,1.4411983673469404,-1.1271392857142848,adjacent_specific,0.15
ABI3BP,,1.5412566326530595,0.10522720365423593,14.6469408967423,3.3167974311032564e-29,4.1547252031714474e-27,adjacent_normal_vs_healthy,up,unique_gene_symbol,processed_matrix_welch_t,0.9897959183673469,5.143475,6.684731632653059,3.8934678571428574,1.5412566326530595,-2.7912637755102017,adjacent_specific,0.15
LAMC1,,1.3040879591836756,0.09112370723505508,14.31118200469785,3.5511062975925834e-29,4.419154503670771e-27,adjacent_normal_vs_healthy,up,unique_gene_symbol,processed_matrix_welch_t,0.9591836734693877,4.28791,5.591997959183676,6.532754081632656,1.3040879591836756,0.9407561224489802,monotonic_up,0.15
DYNC1H1,,0.7664070408163264,0.04296847903888854,17.836494517822963,4.181177584490594e-29,5.169455922642916e-27,adjacent_normal_vs_healthy,up,unique_gene_symbol,processed_matrix_welch_t,1.0,7.05312,7.819527040816326,7.89214081632653,0.7664070408163264,0.07261377551020409,field_shift_then_plateau,0.15
ETFA,,-0.7333823877550998,0.050993263080321954,-14.381946623025748,4.323316708367274e-29,5.310706459826638e-27,adjacent_normal_vs_healthy,down,unique_gene_symbol,processed_matrix_welch_t,1.0,10.330087999999996,9.596705612244897,8.80649897959184,-0.7333823877550998,-0.7902066326530566,monotonic_down,0.15
JUNB,,1.0813449387755094,0.07644904701300656,14.144649031289248,4.394039510168501e-29,5.362981556000529e-27,adjacent_normal_vs_healthy,up,unique_gene_symbol,processed_matrix_welch_t,0.9897959183673469,6.842402000000002,7.923746938775511,7.889940816326531,1.0813449387755094,-0.03380612244898007,field_shift_then_plateau,0.15
ASAP1,,0.7043495102040813,0.04953607760991838,14.21891970839154,4.850743598129281e-29,5.882685229833217e-27,adjacent_normal_vs_healthy,up,unique_gene_symbol,processed_matrix_welch_t,0.9795918367346939,4.118251,4.822600510204081,5.779459183673469,0.7043495102040813,0.9568586734693874,monotonic_up,0.15
ATF1,,-0.5976130612244877,0.039507058603967284,-15.126741456891848,4.9906371766124715e-29,6.014033660930472e-27,adjacent_normal_vs_healthy,down,unique_gene_symbol,processed_matrix_welch_t,1.0,6.4790600000000005,5.881446938775513,6.077535714285715,-0.5976130612244877,0.19608877551020232,non_monotonic,0.15
SNORA12,,-2.200766040816327,0.1314634984056869,-16.74051023672686,5.096759187267096e-29,6.103288989029277e-27,adjacent_normal_vs_healthy,down,unique_gene_symbol,processed_matrix_welch_t,1.0,6.124813999999999,3.924047959183672,3.3979030612244894,-2.200766040816327,-0.5261448979591825,monotonic_down,0.15
CAV1,,2.0213813061224535,0.14253066503846554,14.182080084850037,6.225512188404606e-29,7.408359504201483e-27,adjacent_normal_vs_healthy,up,unique_gene_symbol,processed_matrix_welch_t,0.9897959183673469,6.6660840000000015,8.687465306122455,7.240860204081634,2.0213813061224535,-1.446605102040821,adjacent_specific,0.15
TLN1,,1.0420084693877563,0.07209089454454667,14.454092655819032,7.741850835831311e-29,9.15558011889616e-27,adjacent_normal_vs_healthy,up,unique_gene_symbol,processed_matrix_welch_t,0.9897959183673469,4.90964,5.951648469387756,5.719231632653062,1.0420084693877563,-0.2324168367346937,non_monotonic,0.15
GEM,,2.2640875918367342,0.1560529327227074,14.50845909996336,8.296089449947646e-29,9.750465625123654e-27,adjacent_normal_vs_healthy,up,unique_gene_symbol,processed_matrix_welch_t,0.9897959183673469,4.512892000000001,6.776979591836735,6.875144897959183,2.2640875918367342,0.09816530612244811,field_shift_then_plateau,0.15
HBEGF,,1.802797183673472,0.1269520524077933,14.200614716196606,8.479460654918635e-29,9.904842384641153e-27,adjacent_normal_vs_healthy,up,unique_gene_symbol,processed_matrix_welch_t,0.9795918367346939,4.293386999999999,6.096184183673471,5.698465816326533,1.802797183673472,-0.397718367346938,non_monotonic,0.15
PTRF,,2.156184285714291,0.14894308554534988,14.47656517803091,1.0615216285216812e-28,1.2324007199422444e-26,adjacent_normal_vs_healthy,up,unique_gene_symbol,processed_matrix_welch_t,0.9795918367346939,4.32843,6.484614285714291,5.718263265306125,2.156184285714291,-0.766351020408166,adjacent_specific,0.15
SPTBN1,,0.9873801632653061,0.06025875057419489,16.38567268416183,1.3789554375883551e-28,1.5912310019201383e-26,adjacent_normal_vs_healthy,up,unique_gene_symbol,processed_matrix_welch_t,0.9897959183673469,4.9515780000000005,5.938958163265307,5.766627551020409,0.9873801632653061,-0.17233061224489798,non_monotonic,0.15
OLFML3,,1.486028081632651,0.1066440785732739,13.93446407445509,1.4237279074865307e-28,1.6329987565387678e-26,adjacent_normal_vs_healthy,up,unique_gene_symbol,processed_matrix_welch_t,0.9591836734693877,5.950676000000002,7.436704081632653,6.630601020408164,1.486028081632651,-0.8061030612244897,adjacent_specific,0.15
PLXND1,,0.7131935510204075,0.05122411841804088,13.923002933891865,1.4940405638087324e-28,1.703385169755585e-26,adjacent_normal_vs_healthy,up,unique_gene_symbol,processed_matrix_welch_t,0.9693877551020408,3.583608999999999,4.296802551020407,4.475789285714288,0.7131935510204075,0.17898673469388093,monotonic_up,0.15
KRT24,,2.33616730612245,0.15476778275481376,15.094661592609704,1.6107410745068647e-28,1.82550655110778e-26,adjacent_normal_vs_healthy,up,unique_gene_symbol,processed_matrix_welch_t,0.9591836734693877,2.467748,4.80391530612245,2.3157193877551014,2.33616730612245,-2.4881959183673485,adjacent_specific,0.15
CLDN5,,1.330469428571428,0.09472065640415682,14.046243755897793,1.8707413530512449e-28,2.107628127934657e-26,adjacent_normal_vs_healthy,up,unique_gene_symbol,processed_matrix_welch_t,0.9795918367346939,5.185902,6.516371428571428,4.704253061224489,1.330469428571428,-1.8121183673469385,adjacent_specific,0.15
CHD8,,0.6279062040816346,0.0405925451133181,15.468510346635629,2.0236664596475587e-28,2.2665064348052658e-26,adjacent_normal_vs_healthy,up,unique_gene_symbol,processed_matrix_welch_t,1.0,5.796854,6.424760204081634,6.362459183673468,0.6279062040816346,-0.06230102040816643,field_shift_then_plateau,0.15
ZBTB16,,1.7744875510204068,0.12464976746221135,14.23578709489657,2.26085599664667e-28,2.5173507705352397e-26,adjacent_normal_vs_healthy,up,unique_gene_symbol,processed_matrix_welch_t,0.9693877551020408,2.78299,4.557477551020407,2.592389795918368,1.7744875510204068,-1.9650877551020387,adjacent_specific,0.15
RBMS1,,1.2925368571428537,0.09210613235365357,14.033124875768195,2.5079022536641064e-28,2.7601421335124034e-26,adjacent_normal_vs_healthy,up,unique_gene_symbol,processed_matrix_welch_t,0.9795918367346939,5.711455999999999,7.003992857142853,6.738893877551019,1.2925368571428537,-0.2650989795918335,non_monotonic,0.15
PPAP2B,,1.0220694693877572,0.07277008357858997,14.045187515607926,2.9756707674841364e-28,3.2561362880975835e-26,adjacent_normal_vs_healthy,up,unique_gene_symbol,processed_matrix_welch_t,0.9693877551020408,6.895053999999999,7.917123469387756,6.705099999999997,1.0220694693877572,-1.2120234693877592,adjacent_specific,0.15
GREM1,,2.670166693877551,0.16223767543887546,16.45836385817523,3.25730037685815e-28,3.543942810021667e-26,adjacent_normal_vs_healthy,up,unique_gene_symbol,processed_matrix_welch_t,0.9897959183673469,5.1697180000000005,7.8398846938775515,7.293578061224489,2.670166693877551,-0.5463066326530628,adjacent_specific,0.15
GAS1,,2.4605706530612217,0.16677701100904874,14.75365602353744,4.35579618469268e-28,4.7121795088948087e-26,adjacent_normal_vs_healthy,up,unique_gene_symbol,processed_matrix_welch_t,0.9897959183673469,3.2210620000000008,5.6816326530612224,4.613702040816325,2.4605706530612217,-1.067930612244897,adjacent_specific,0.15
ZNHIT3,,-0.6091949795918348,0.040866789330023655,-14.906847089753555,4.834760171777167e-28,5.200781563312839e-26,adjacent_normal_vs_healthy,down,unique_gene_symbol,processed_matrix_welch_t,0.9897959183673469,8.310445999999999,7.701251020408164,8.220604081632654,-0.6091949795918348,0.5193530612244901,adjacent_specific,0.15
TFPI,,1.2471977551020395,0.0909852129189346,13.70769727398736,5.320383583267233e-28,5.691017046371243e-26,adjacent_normal_vs_healthy,up,unique_gene_symbol,processed_matrix_welch_t,0.9795918367346939,4.90134,6.14853775510204,5.653570408163269,1.2471977551020395,-0.494967346938771,non_monotonic,0.15
CRYAB,,1.0944444693877537,0.07873158141879424,13.900958797793127,6.035594758523952e-28,6.419984592307042e-26,adjacent_normal_vs_healthy,up,unique_gene_symbol,processed_matrix_welch_t,0.9693877551020408,4.117754,5.212198469387753,4.140646938775512,1.0944444693877537,-1.0715515306122416,adjacent_specific,0.15
FN1,,2.9309718367346917,0.21014196587881626,13.947579791962696,6.945398684137036e-28,7.306098947291114e-26,adjacent_normal_vs_healthy,up,unique_gene_symbol,processed_matrix_welch_t,0.9795918367346939,4.277045,7.208016836734692,7.830018367346934,2.9309718367346917,0.6220015306122422,monotonic_up,0.15
PAMR1,,1.1024708979591842,0.07718195873755772,14.284049225906829,6.91866488480836e-28,7.306098947291114e-26,adjacent_normal_vs_healthy,up,unique_gene_symbol,processed_matrix_welch_t,0.9489795918367347,2.9282739999999996,4.030744897959184,3.1570438775510206,1.1024708979591842,-0.8737010204081632,adjacent_specific,0.15
COL1A2,,1.8694043469387758,0.13706290162442475,13.639025037287304,8.72460843000659e-28,9.077406803678989e-26,adjacent_normal_vs_healthy,up,unique_gene_symbol,processed_matrix_welch_t,0.9591836734693877,6.1823630000000005,8.051767346938776,9.351582653061225,1.8694043469387758,1.2998153061224489,monotonic_up,0.15
LARP6,,1.31357293877551,0.09631646728555841,13.638093005228667,1.2601559376785588e-27,1.3039874485543348e-25,adjacent_normal_vs_healthy,up,unique_gene_symbol,processed_matrix_welch_t,0.9897959183673469,3.110673999999999,4.424246938775509,4.7530693877551045,1.31357293877551,0.32882244897959545,monotonic_up,0.15
EIF5B,,0.579251367346937,0.04226311710198101,13.70583636671195,1.4451786716185427e-27,1.4873622652765973e-25,adjacent_normal_vs_healthy,up,unique_gene_symbol,processed_matrix_welch_t,0.9693877551020408,7.357267000000002,7.936518367346939,8.663035204081634,0.579251367346937,0.726516836734695,monotonic_up,0.15
TWIST2,,0.7577349795918362,0.05537150019171755,13.684566554423569,1.4612395142426566e-27,1.4958064704935582e-25,adjacent_normal_vs_healthy,up,unique_gene_symbol,processed_matrix_welch_t,0.9591836734693877,2.757564,3.515298979591836,2.936965816326531,0.7577349795918362,-0.578333163265305,adjacent_specific,0.15
SASH1,,1.1662964897959176,0.07909334101691372,14.745824045370783,1.5317710005978183e-27,1.5596213824268696e-25,adjacent_normal_vs_healthy,up,unique_gene_symbol,processed_matrix_welch_t,0.9795918367346939,4.708778000000001,5.875074489795918,5.097098979591835,1.1662964897959176,-0.7779755102040831,adjacent_specific,0.15
COX7A1,,1.9212260000000008,0.14004152232391917,13.7189739737059,1.8051488015341767e-27,1.8281932543197195e-25,adjacent_normal_vs_healthy,up,unique_gene_symbol,processed_matrix_welch_t,0.9795918367346939,5.351324,7.272550000000001,5.900313265306122,1.9212260000000008,-1.372236734693879,adjacent_specific,0.15
PRPH,,1.6708866938775486,0.11659368571499788,14.330850625666567,1.9490228610030377e-27,1.9634600673808382e-25,adjacent_normal_vs_healthy,up,unique_gene_symbol,processed_matrix_welch_t,0.9897959183673469,3.8528979999999997,5.523784693877548,3.668254081632652,1.6708866938775486,-1.8555306122448965,adjacent_specific,0.15
LY96,,-1.2415622857142852,0.09206474396351252,-13.485751790135279,1.9826933466636982e-27,1.9868674379198324e-25,adjacent_normal_vs_healthy,down,unique_gene_symbol,processed_matrix_welch_t,0.9897959183673469,7.3651979999999995,6.123635714285714,5.725920408163263,-1.2415622857142852,-0.39771530612245165,monotonic_down,0.15
TMEM158,,1.3072724897959223,0.09314018982343733,14.035536026650515,2.0356033879684607e-27,2.0292088223518057e-25,adjacent_normal_vs_healthy,up,unique_gene_symbol,processed_matrix_welch_t,1.0,4.755602,6.062874489795922,7.326551020408166,1.3072724897959223,1.2636765306122442,monotonic_up,0.15
CD93,,1.4009697959183685,0.1015676868940997,13.79345969923584,2.0627868670117224e-27,2.0455969764532913e-25,adjacent_normal_vs_healthy,up,unique_gene_symbol,processed_matrix_welch_t,0.9795918367346939,4.835419999999999,6.236389795918368,6.258754081632652,1.4009697959183685,0.022364285714284726,field_shift_then_plateau,0.15
GPR133,,0.5068226122448976,0.03741120746526045,13.54734708083203,2.2325574598660065e-27,2.2024815562615937e-25,adjacent_normal_vs_healthy,up,unique_gene_symbol,processed_matrix_welch_t,0.9591836734693877,2.8431580000000003,3.349980612244898,2.927639795918367,0.5068226122448976,-0.422340816326531,non_monotonic,0.15
NES,,0.9057403673469384,0.06744432550597805,13.429452523276499,3.0051216701937587e-27,2.9493565257984106e-25,adjacent_normal_vs_healthy,up,unique_gene_symbol,processed_matrix_welch_t,0.9693877551020408,3.447953,4.3536933673469385,4.996252551020407,0.9057403673469384,0.6425591836734688,monotonic_up,0.15
CDKN1C,,1.490611612244896,0.1103188860080625,13.51184431046518,3.0748590118868095e-27,3.002323876221787e-25,adjacent_normal_vs_healthy,up,unique_gene_symbol,processed_matrix_welch_t,0.9591836734693877,4.2471689999999995,5.7377806122448956,5.606858163265307,1.490611612244896,-0.1309224489795886,field_shift_then_plateau,0.15
SULF1,,1.6053099183673494,0.11954612903624848,13.42837222174372,3.459759949308664e-27,3.3609096650427023e-25,adjacent_normal_vs_healthy,up,unique_gene_symbol,processed_matrix_welch_t,0.9693877551020408,4.398286000000001,6.00359591836735,7.811471428571427,1.6053099183673494,1.8078755102040773,monotonic_up,0.15
COL16A1,,0.9153015918367364,0.06778746159081116,13.502520530445839,3.786478012954171e-27,3.6596213891699196e-25,adjacent_normal_vs_healthy,up,unique_gene_symbol,processed_matrix_welch_t,1.0,4.782378000000001,5.697679591836738,6.06715816326531,0.9153015918367364,0.369478571428572,monotonic_up,0.15
IER2,,0.8997371836734622,0.06723833862294717,13.381311943457195,3.819399283293619e-27,3.6727960784803285e-25,adjacent_normal_vs_healthy,up,unique_gene_symbol,processed_matrix_welch_t,0.9591836734693877,6.779422000000002,7.679159183673464,7.956751020408165,0.8997371836734622,0.27759183673470034,monotonic_up,0.15
TUBB3,,1.3398578367346938,0.09846247717098365,13.607801420717683,4.1623958440832795e-27,3.9825134106203845e-25,adjacent_normal_vs_healthy,up,unique_gene_symbol,processed_matrix_welch_t,0.9795918367346939,3.947783999999999,5.287641836734693,6.914132653061223,1.3398578367346938,1.6264908163265304,monotonic_up,0.15
SPARCL1,,1.807803632653064,0.1327586588351678,13.617218255402987,4.724306231298027e-27,4.4751637136275835e-25,adjacent_normal_vs_healthy,up,unique_gene_symbol,processed_matrix_welch_t,0.9795918367346939,7.267878,9.075681632653064,6.942021428571429,1.807803632653064,-2.133660204081635,adjacent_specific,0.15
SRP19,,0.6389549591836712,0.04658691683776414,13.715330452298218,4.7074665273368534e-27,4.4751637136275835e-25,adjacent_normal_vs_healthy,up,unique_gene_symbol,processed_matrix_welch_t,1.0,6.922468000000001,7.561422959183672,7.564083163265309,0.6389549591836712,0.0026602040816365857,field_shift_then_plateau,0.15
SPINK2,,-1.5789908571428577,0.11707233336198657,-13.48731003985914,4.783281041217306e-27,4.508597575484035e-25,adjacent_normal_vs_healthy,down,unique_gene_symbol,processed_matrix_welch_t,0.9489795918367347,5.538247999999999,3.9592571428571417,2.472698979591836,-1.5789908571428577,-1.4865581632653058,monotonic_down,0.15
DLEU1,,-0.5318267346938779,0.0398922385894761,-13.331584125092897,5.1783034364044724e-27,4.856891498972471e-25,adjacent_normal_vs_healthy,down,unique_gene_symbol,processed_matrix_welch_t,0.9795918367346939,6.978490000000001,6.446663265306123,7.018282653061226,-0.5318267346938779,0.5716193877551028,adjacent_specific,0.15
SSPN,,1.3201835102040818,0.09805093586985059,13.46426220710884,5.312392942032675e-27,4.95823341256383e-25,adjacent_normal_vs_healthy,up,unique_gene_symbol,processed_matrix_welch_t,0.9693877551020408,5.359742000000001,6.679925510204082,5.0876183673469395,1.3201835102040818,-1.592307142857143,adjacent_specific,0.15
TTC28,,0.8895807551020392,0.06658700298825383,13.359675539969325,6.091561162897538e-27,5.630258472891706e-25,adjacent_normal_vs_healthy,up,unique_gene_symbol,processed_matrix_welch_t,0.9591836734693877,4.4286069999999995,5.318187755102039,4.204515816326529,0.8895807551020392,-1.1136719387755099,adjacent_specific,0.15
SHANK3,,0.7363419591836728,0.0553968728086665,13.292121411381848,6.664252483888849e-27,6.1298245069199855e-25,adjacent_normal_vs_healthy,up,unique_gene_symbol,processed_matrix_welch_t,0.9693877551020408,3.6075060000000003,4.343847959183673,4.348560204081633,0.7363419591836728,0.004712244897960183,field_shift_then_plateau,0.15
ISLR,,0.8053470816326529,0.05967710324496859,13.495076634782071,7.098679860117502e-27,6.47215862336075e-25,adjacent_normal_vs_healthy,up,unique_gene_symbol,processed_matrix_welch_t,0.9693877551020408,2.6914320000000003,3.496779081632653,3.8525903061224467,0.8053470816326529,0.3558112244897935,monotonic_up,0.15
LHFP,,1.0370743469387746,0.07742131087432493,13.395205211937293,7.981308164897e-27,7.202090400930753e-25,adjacent_normal_vs_healthy,up,unique_gene_symbol,processed_matrix_welch_t,0.9591836734693877,3.9725430000000013,5.009617346938776,4.683363775510205,1.0370743469387746,-0.3262535714285706,non_monotonic,0.15
COQ5,,-0.6278368163265302,0.04592820960059983,-13.669960614322108,8.392947250914194e-27,7.537816776292748e-25,adjacent_normal_vs_healthy,down,unique_gene_symbol,processed_matrix_welch_t,1.0,6.632896,6.0050591836734695,5.941050000000001,-0.6278368163265302,-0.06400918367346886,field_shift_then_plateau,0.15
RPS15A,,-0.5674354897959173,0.042333421648571595,-13.403959984771596,9.169448059790197e-27,8.1965394863101105e-25,adjacent_normal_vs_healthy,down,unique_gene_symbol,processed_matrix_welch_t,0.9897959183673469,10.980261,10.412825510204083,11.149428061224494,-0.5674354897959173,0.7366025510204111,adjacent_specific,0.15
FAM129A,,2.1458353469387763,0.15397758397426928,13.93602426764509,9.255882523166507e-27,8.235140338368706e-25,adjacent_normal_vs_healthy,up,unique_gene_symbol,processed_matrix_welch_t,0.9795918367346939,4.517881999999999,6.663717346938776,4.791914285714284,2.1458353469387763,-1.871803061224492,adjacent_specific,0.15
ECM2,,1.3627651836734689,0.09698743120223766,14.050946259539945,9.532846671713429e-27,8.442111657182497e-25,adjacent_normal_vs_healthy,up,unique_gene_symbol,processed_matrix_welch_t,0.9795918367346939,2.6594940000000005,4.022259183673469,3.2757714285714292,1.3627651836734689,-0.7464877551020401,adjacent_specific,0.15
NR4A2,,1.4655490612244906,0.10796989260185202,13.573682680493393,1.1831967339376735e-26,1.0381597149388619e-24,adjacent_normal_vs_healthy,up,unique_gene_symbol,processed_matrix_welch_t,0.9795918367346939,4.1117539999999995,5.57730306122449,5.452774489795919,1.4655490612244906,-0.12452857142857088,field_shift_then_plateau,0.15
SH3PXD2B,,0.9472819183673469,0.07185777404157985,13.182733963053334,1.2718202446339746e-26,1.1108008008179301e-24,adjacent_normal_vs_healthy,up,unique_gene_symbol,processed_matrix_welch_t,0.9489795918367347,4.795614000000001,5.742895918367348,6.838165306122452,0.9472819183673469,1.0952693877551036,monotonic_up,0.15
KHNYN,,-0.7602657959183672,0.05583573756702874,-13.6161145002463,1.3937301172395137e-26,1.2117178736182803e-24,adjacent_normal_vs_healthy,down,unique_gene_symbol,processed_matrix_welch_t,0.9693877551020408,6.806425999999998,6.046160204081631,5.986925510204083,-0.7602657959183672,-0.05923469387754832,field_shift_then_plateau,0.15
MKRN1,,-0.5772808571428572,0.04281621516174418,-13.482762429189474,1.5348181969653456e-26,1.328315385010008e-24,adjacent_normal_vs_healthy,down,unique_gene_symbol,processed_matrix_welch_t,0.9591836734693877,8.351588,7.774307142857142,7.598556122448978,-0.5772808571428572,-0.17575102040816404,monotonic_down,0.15
NAV2,,0.8743842448979597,0.06525699982897584,13.399087411151713,1.546220029398225e-26,1.3321280253277013e-24,adjacent_normal_vs_healthy,up,unique_gene_symbol,processed_matrix_welch_t,0.9897959183673469,4.928978,5.80336224489796,6.055106122448981,0.8743842448979597,0.25174387755102146,monotonic_up,0.15
UFM1,,-0.7990116734693888,0.05683899763493436,-14.057455386551375,1.7443304268489384e-26,1.4960383480722426e-24,adjacent_normal_vs_healthy,down,unique_gene_symbol,processed_matrix_welch_t,0.9591836734693877,7.027303000000001,6.228291326530612,7.3640137755102035,-0.7990116734693888,1.1357224489795916,adjacent_specific,0.15
OMD,,1.5081638775510204,0.10580894852655134,14.253651496901199,1.8184891460424498e-26,1.5526472350066476e-24,adjacent_normal_vs_healthy,up,unique_gene_symbol,processed_matrix_welch_t,0.9795918367346939,2.38548,3.8936438775510203,2.6325724489795923,1.5081638775510204,-1.261071428571428,adjacent_specific,0.15
VTA1,,-0.5008059591836744,0.037743401540034936,-13.26870230952721,1.8325070277961142e-26,1.5576309736266971e-24,adjacent_normal_vs_healthy,down,unique_gene_symbol,processed_matrix_welch_t,0.9795918367346939,7.149857999999998,6.649052040816324,6.506584693877552,-0.5008059591836744,-0.14246734693877183,field_shift_then_plateau,0.15
NIF3L1,,-0.5285546122448972,0.0377427454046124,-14.004137923159785,1.947475292456776e-26,1.6479968697056452e-24,adjacent_normal_vs_healthy,down,unique_gene_symbol,processed_matrix_welch_t,0.9693877551020408,6.952624000000001,6.424069387755104,6.886544897959185,-0.5285546122448972,0.4624755102040812,non_monotonic,0.15
TACC1,,0.8331034693877575,0.06330219805209317,13.160735251281055,2.314219927174634e-26,1.9496790890887185e-24,adjacent_normal_vs_healthy,up,unique_gene_symbol,processed_matrix_welch_t,1.0,6.266119999999998,7.099223469387756,6.629988775510208,0.8331034693877575,-0.46923469387754757,non_monotonic,0.15
VASN,,0.9327954693877571,0.0711638913956945,13.107707449570306,2.381693923336074e-26,1.997685123362064e-24,adjacent_normal_vs_healthy,up,unique_gene_symbol,processed_matrix_welch_t,0.9795918367346939,3.175278,4.108073469387757,4.460714285714287,0.9327954693877571,0.35264081632653,monotonic_up,0.15
LAMB2,,1.199463346938777,0.09104066486833359,13.175028419151877,3.156313291698347e-26,2.6357984681551106e-24,adjacent_normal_vs_healthy,up,unique_gene_symbol,processed_matrix_welch_t,0.9795918367346939,3.9048039999999986,5.104267346938776,4.933235714285714,1.199463346938777,-0.17103163265306165,non_monotonic,0.15
DUSP6,,1.0111475306122468,0.0717006087424809,14.102356288826961,3.1798708369264394e-26,2.643875141269843e-24,adjacent_normal_vs_healthy,up,unique_gene_symbol,processed_matrix_welch_t,0.9897959183673469,7.998754,9.009901530612247,8.644056122448982,1.0111475306122468,-0.36584540816326516,non_monotonic,0.15
SLIT2,,1.3360261632653083,0.10145687541102813,13.168414243516958,3.2728987399230776e-26,2.709390956875452e-24,adjacent_normal_vs_healthy,up,unique_gene_symbol,processed_matrix_welch_t,0.9693877551020408,3.949431999999998,5.285458163265306,3.850694897959183,1.3360261632653083,-1.4347632653061235,adjacent_specific,0.15
PALMD,,1.1009892448979572,0.08375396161882923,13.145518416294678,4.0568386297340087e-26,3.3438185069322735e-24,adjacent_normal_vs_healthy,up,unique_gene_symbol,processed_matrix_welch_t,0.9795918367346939,3.1414479999999996,4.242437244897957,3.5120392857142844,1.1009892448979572,-0.7303979591836725,adjacent_specific,0.15
SNX7,,-0.5689473469387769,0.0394181060457258,-14.433655089333477,4.175795325781944e-26,3.427032025986561e-24,adjacent_normal_vs_healthy,down,unique_gene_symbol,processed_matrix_welch_t,1.0,7.721879999999999,7.152932653061222,6.936366326530609,-0.5689473469387769,-0.21656632653061259,monotonic_down,0.15
OLFM1,,0.9269267959183654,0.06984058624700139,13.272036300499455,4.288731388372463e-26,3.504611400627111e-24,adjacent_normal_vs_healthy,up,unique_gene_symbol,processed_matrix_welch_t,0.9897959183673469,3.0755630000000003,4.002489795918366,2.857782653061226,0.9269267959183654,-1.1447071428571398,adjacent_specific,0.15
DDR2,,1.6149370204081652,0.11954967767571056,13.508501668978393,4.658287602067249e-26,3.759129369219016e-24,adjacent_normal_vs_healthy,up,unique_gene_symbol,processed_matrix_welch_t,0.9693877551020408,3.947864,5.562801020408165,4.364785714285714,1.6149370204081652,-1.1980153061224517,adjacent_specific,0.15
COL6A1,,1.0267155714285678,0.0774488623916992,13.256690152993249,4.628869197834438e-26,3.759129369219016e-24,adjacent_normal_vs_healthy,up,unique_gene_symbol,processed_matrix_welch_t,0.9897959183673469,4.228463000000001,5.255178571428569,5.140244387755103,1.0267155714285678,-0.11493418367346653,field_shift_then_plateau,0.15
PDE2A,,0.7632815306122454,0.05887626826961443,12.96416286298785,4.659425058485755e-26,3.759129369219016e-24,adjacent_normal_vs_healthy,up,unique_gene_symbol,processed_matrix_welch_t,0.9591836734693877,2.9611449999999992,3.7244265306122446,2.7450770408163256,0.7632815306122454,-0.979349489795919,adjacent_specific,0.15
FBLN5,,1.3095279183673485,0.10012754370347261,13.07859825509663,5.1616507947835415e-26,4.1467439296488876e-24,adjacent_normal_vs_healthy,up,unique_gene_symbol,processed_matrix_welch_t,0.9285714285714286,3.8895679999999997,5.199095918367348,4.184679591836733,1.3095279183673485,-1.0144163265306148,adjacent_specific,0.15
GLG1,,0.5079681428571394,0.03621076634290031,14.02809700426941,6.153163871120013e-26,4.901934732473851e-24,adjacent_normal_vs_healthy,up,unique_gene_symbol,processed_matrix_welch_t,0.9795918367346939,6.2003390000000005,6.70830714285714,6.7605142857142875,0.5079681428571394,0.05220714285714756,field_shift_then_plateau,0.15
USP13,,0.9341608571428592,0.06907630514998,13.52360777135645,8.297553317956988e-26,6.528322941070291e-24,adjacent_normal_vs_healthy,up,unique_gene_symbol,processed_matrix_welch_t,0.9693877551020408,4.211931999999999,5.146092857142858,5.1835295918367335,0.9341608571428592,0.037436734693875096,field_shift_then_plateau,0.15
SUCLG2,,-0.9347731428571446,0.06734049508756475,-13.881292996756747,8.283459555431509e-26,6.528322941070291e-24,adjacent_normal_vs_healthy,down,unique_gene_symbol,processed_matrix_welch_t,0.9897959183673469,8.996616000000001,8.061842857142857,7.1201397959183685,-0.9347731428571446,-0.9417030612244881,monotonic_down,0.15
SNX24,,-0.6689863469387758,0.050566630401684264,-13.229798814446875,8.489311458441736e-26,6.651707414351056e-24,adjacent_normal_vs_healthy,down,unique_gene_symbol,processed_matrix_welch_t,0.9795918367346939,5.947469,5.278482653061224,4.224738775510206,-0.6689863469387758,-1.0537438775510184,monotonic_down,0.15
TMEM126B,,-0.5715231428571466,0.040834555386538046,-13.996066259253578,8.620584431899452e-26,6.726882278006786e-24,adjacent_normal_vs_healthy,down,unique_gene_symbol,processed_matrix_welch_t,0.9795918367346939,8.262791,7.691267857142853,8.119755612244896,-0.5715231428571466,0.42848775510204273,non_monotonic,0.15
ZCCHC2,,0.6420943265306116,0.04943114335334743,12.989671752901698,8.846392425254921e-26,6.874910684769539e-24,adjacent_normal_vs_healthy,up,unique_gene_symbol,processed_matrix_welch_t,0.9591836734693877,3.260172,3.9022663265306115,3.479413265306122,0.6420943265306116,-0.4228530612244894,non_monotonic,0.15
LEPRE1,,0.7743387346938775,0.060055775250164624,12.893659793222884,1.0024454581209136e-25,7.758764846594388e-24,adjacent_normal_vs_healthy,up,unique_gene_symbol,processed_matrix_welch_t,0.9795918367346939,3.8524480000000008,4.626786734693878,5.899914285714287,0.7743387346938775,1.2731275510204085,monotonic_up,0.15
GPR160,,-1.2081065306122412,0.08989958916165817,-13.438398794457383,1.0079748106410082e-25,7.769975868261051e-24,adjacent_normal_vs_healthy,down,unique_gene_symbol,processed_matrix_welch_t,1.0,10.356979999999998,9.148873469387757,9.576998979591838,-1.2081065306122412,0.4281255102040813,non_monotonic,0.15
TRIB1,,0.8023778775510184,0.060068144098226244,13.35779371240324,1.063838555180076e-25,8.167534713963164e-24,adjacent_normal_vs_healthy,up,unique_gene_symbol,processed_matrix_welch_t,0.9693877551020408,5.864991000000001,6.667368877551019,6.622889285714286,0.8023778775510184,-0.044479591836733334,field_shift_then_plateau,0.15
CLC,,-3.5790869795918367,0.2058216505151556,-17.389263814733095,1.071025512688029e-25,8.189689060875531e-24,adjacent_normal_vs_healthy,down,unique_gene_symbol,processed_matrix_welch_t,1.0,6.705638,3.1265510204081637,2.958801020408163,-3.5790869795918367,-0.16775000000000073,monotonic_down,0.15
PHIP,,0.7231841632653024,0.0528804251904988,13.675838661661126,1.0763853876542934e-25,8.197751112375098e-24,adjacent_normal_vs_healthy,up,unique_gene_symbol,processed_matrix_welch_t,1.0,6.743724000000002,7.4669081632653045,7.503568367346934,0.7231841632653024,0.03666020408162929,field_shift_then_plateau,0.15
PLN,,2.9927738367346954,0.23278145244566947,12.856582022715921,1.22392100918984e-25,9.28424542429265e-24,adjacent_normal_vs_healthy,up,unique_gene_symbol,processed_matrix_welch_t,1.0,4.068217999999999,7.060991836734694,4.529713265306123,2.9927738367346954,-2.5312785714285715,adjacent_specific,0.15
SCARNA9L,,0.700451755102041,0.05413355852774434,12.939325884941557,1.2470746372925351e-25,9.422341703988044e-24,adjacent_normal_vs_healthy,up,unique_gene_symbol,processed_matrix_welch_t,0.9897959183673469,2.155286,2.855737755102041,2.431631632653061,0.700451755102041,-0.42410612244897994,non_monotonic,0.15
GPX3,,1.6517119795918367,0.12913117802671195,12.790961910454849,1.3441374245000257e-25,1.0115563858687941e-23,adjacent_normal_vs_healthy,up,unique_gene_symbol,processed_matrix_welch_t,0.9285714285714286,5.279437000000001,6.931148979591837,4.441451020408161,1.6517119795918367,-2.489697959183676,adjacent_specific,0.15
MLLT11,,1.3473588979591846,0.09846641483546383,13.683436126019261,1.5360683849044084e-25,1.1514465373456668e-23,adjacent_normal_vs_healthy,up,unique_gene_symbol,processed_matrix_welch_t,1.0,3.0228610000000002,4.370219897959185,3.813129591836735,1.3473588979591846,-0.5570903061224497,adjacent_specific,0.15
CTSK,,1.1475344897959188,0.08996945371274706,12.754712209987929,1.8871585054543844e-25,1.4035741384316982e-23,adjacent_normal_vs_healthy,up,unique_gene_symbol,processed_matrix_welch_t,0.9285714285714286,7.745640000000001,8.89317448979592,9.364763265306122,1.1475344897959188,0.4715887755102024,monotonic_up,0.15
EFEMP2,,1.2018991020408185,0.09289037703511235,12.938897875142692,2.0308516136704617e-25,1.498737004817271e-23,adjacent_normal_vs_healthy,up,unique_gene_symbol,processed_matrix_welch_t,0.9693877551020408,4.586555999999999,5.7884551020408175,5.742473469387755,1.2018991020408185,-0.045981632653062654,field_shift_then_plateau,0.15
C8orf40,,-0.5516617959183705,0.041495579628282535,-13.29447138370298,2.5175565096309142e-25,1.8436259978220232e-23,adjacent_normal_vs_healthy,down,unique_gene_symbol,processed_matrix_welch_t,0.9897959183673469,8.853522000000002,8.301860204081631,8.339576530612247,-0.5516617959183705,0.03771632653061552,field_shift_then_plateau,0.15
NUDCD2,,-0.5752953877551032,0.04479542696838078,-12.842725847019613,2.999581484675727e-25,2.188200439395626e-23,adjacent_normal_vs_healthy,down,unique_gene_symbol,processed_matrix_welch_t,0.9693877551020408,8.187176,7.611880612244896,8.27696326530612,-0.5752953877551032,0.6650826530612246,adjacent_specific,0.15
HSPG2,,0.5791771224489803,0.04517990355848051,12.819352783683968,3.054727935113646e-25,2.2199244230749548e-23,adjacent_normal_vs_healthy,up,unique_gene_symbol,processed_matrix_welch_t,0.9897959183673469,4.598504000000001,5.177681122448981,5.086362755102042,0.5791771224489803,-0.09131836734693977,field_shift_then_plateau,0.15
TUBA1A,,1.6237655918367304,0.12517155063647534,12.972321454676944,3.262094144561802e-25,2.360800926338588e-23,adjacent_normal_vs_healthy,up,unique_gene_symbol,processed_matrix_welch_t,0.9897959183673469,7.455314000000002,9.079079591836733,8.723071428571428,1.6237655918367304,-0.3560081632653045,non_monotonic,0.15
CISD1,,-0.5942843469387808,0.04546148387446444,-13.07226021437871,3.2733794356795546e-25,2.360800926338588e-23,adjacent_normal_vs_healthy,down,unique_gene_symbol,processed_matrix_welch_t,0.9693877551020408,7.839742000000004,7.245457653061223,7.367332142857142,-0.5942843469387808,0.12187448979591942,field_shift_then_plateau,0.15
PPP1CC,,-0.5492275510204152,0.03842100636676276,-14.294980870036266,3.318511316302483e-25,2.383269092245518e-23,adjacent_normal_vs_healthy,down,unique_gene_symbol,processed_matrix_welch_t,1.0,10.79995,10.250722448979586,10.149210204081635,-0.5492275510204152,-0.10151224489795041,field_shift_then_plateau,0.15
PDCD10,,-0.6993348979591794,0.04842746682550934,-14.440872996289004,3.3295671141665326e-25,2.383269092245518e-23,adjacent_normal_vs_healthy,down,unique_gene_symbol,processed_matrix_welch_t,1.0,9.79754,9.09820510204082,8.868112244897961,-0.6993348979591794,-0.23009285714285888,monotonic_down,0.15
A2M,,0.8029512653061222,0.06350449843385826,12.64400609576373,3.440673595502127e-25,2.4472615861591608e-23,adjacent_normal_vs_healthy,up,unique_gene_symbol,processed_matrix_welch_t,0.9591836734693877,9.552812,10.355763265306122,9.299706122448981,0.8029512653061222,-1.0560571428571404,adjacent_specific,0.15
FRMD6,,0.651978918367345,0.05158934644060611,12.637859623167676,3.457528186327806e-25,2.4472615861591608e-23,adjacent_normal_vs_healthy,up,unique_gene_symbol,processed_matrix_welch_t,0.9795918367346939,3.801842,4.453820918367345,4.081314795918367,0.651978918367345,-0.3725061224489785,non_monotonic,0.15
BRP44,,-0.6742784489795941,0.05216666426294448,-12.925466071223457,3.450297822677253e-25,2.4472615861591608e-23,adjacent_normal_vs_healthy,down,unique_gene_symbol,processed_matrix_welch_t,1.0,9.776206000000004,9.10192755102041,8.888881632653062,-0.6742784489795941,-0.21304591836734765,monotonic_down,0.15
CADM3,,0.6538990612244899,0.05163491847347517,12.663892585797294,3.5480051676144488e-25,2.502000681162189e-23,adjacent_normal_vs_healthy,up,unique_gene_symbol,processed_matrix_welch_t,0.9489795918367347,2.8046040000000003,3.4585030612244902,2.5955428571428585,0.6538990612244899,-0.8629602040816318,adjacent_specific,0.15
THY1,,1.4982133469387744,0.11800026482424103,12.696694784289955,3.58599043862319e-25,2.510193307036233e-23,adjacent_normal_vs_healthy,up,unique_gene_symbol,processed_matrix_welch_t,0.9795918367346939,4.114904000000001,5.613117346938775,7.027991326530612,1.4982133469387744,1.414873979591837,monotonic_up,0.15
AUH,,-0.7537477959183656,0.055219757697421976,-13.649965652666301,3.580377143884987e-25,2.510193307036233e-23,adjacent_normal_vs_healthy,down,unique_gene_symbol,processed_matrix_welch_t,0.9795918367346939,7.178157999999999,6.424410204081633,5.895888265306121,-0.7537477959183656,-0.528521938775512,monotonic_down,0.15
PLAC9,,0.7394891020408174,0.058613891328040096,12.616277221762545,3.885551738320627e-25,2.709923263649258e-23,adjacent_normal_vs_healthy,up,unique_gene_symbol,processed_matrix_welch_t,0.9387755102040817,3.4153160000000007,4.154805102040818,3.061609183673469,0.7394891020408174,-1.093195918367349,adjacent_specific,0.15
IGSF10,,1.404019102040817,0.10479067322733017,13.398321232224307,3.9635413293874134e-25,2.7542272595451225e-23,adjacent_normal_vs_healthy,up,unique_gene_symbol,processed_matrix_welch_t,0.9795918367346939,2.3604359999999995,3.7644551020408166,2.3110653061224493,1.404019102040817,-1.4533897959183673,adjacent_specific,0.15
ELK3,,0.6783161224489813,0.053745020214791404,12.621004136533918,4.021881939005659e-25,2.784604804315191e-23,adjacent_normal_vs_healthy,up,unique_gene_symbol,processed_matrix_welch_t,0.9693877551020408,4.999189999999999,5.67750612244898,6.075747959183676,0.6783161224489813,0.39824183673469626,monotonic_up,0.15
FIGF,,1.2819608163265306,0.09548124629903745,13.426310045341902,4.169745782082714e-25,2.876520278654162e-23,adjacent_normal_vs_healthy,up,unique_gene_symbol,processed_matrix_welch_t,0.9489795918367347,2.7492300000000007,4.031190816326531,2.725539795918367,1.2819608163265306,-1.3056510204081642,adjacent_specific,0.15
PCDH17,,0.8817716734693879,0.0687216135037176,12.831067673079113,4.367530443579786e-25,3.0020859077891383e-23,adjacent_normal_vs_healthy,up,unique_gene_symbol,processed_matrix_welch_t,0.9897959183673469,2.7582869999999997,3.6400586734693876,4.446313265306121,0.8817716734693879,0.8062545918367334,monotonic_up,0.15
C4orf34,,-0.6742287346938749,0.05279590778606094,-12.770473375057362,4.3940298604031e-25,3.0094362784919074e-23,adjacent_normal_vs_healthy,down,unique_gene_symbol,processed_matrix_welch_t,1.0,9.840992,9.166763265306125,7.215907653061216,-0.6742287346938749,-1.9508556122449088,monotonic_down,0.15
CNIH4,,-0.6371518775510179,0.04917016221727593,-12.958099969968263,4.714802796576112e-25,3.2175571773049886e-23,adjacent_normal_vs_healthy,down,unique_gene_symbol,processed_matrix_welch_t,0.9693877551020408,8.718833,8.081681122448982,7.97471632653061,-0.6371518775510179,-0.1069647959183726,field_shift_then_plateau,0.15
ELAVL4,,1.402591061224487,0.10430502566388901,13.44701324118529,5.047037610539299e-25,3.4319855751667234e-23,adjacent_normal_vs_healthy,up,unique_gene_symbol,processed_matrix_welch_t,0.9693877551020408,2.8938120000000005,4.2964030612244875,2.847036734693876,1.402591061224487,-1.4493663265306114,adjacent_specific,0.15
NAV1,,0.6120633061224492,0.04706232040519677,13.005378843472053,5.153747656007845e-25,3.4920767035725755e-23,adjacent_normal_vs_healthy,up,unique_gene_symbol,processed_matrix_welch_t,1.0,4.040351999999999,4.652415306122448,4.346067857142856,0.6120633061224492,-0.3063474489795919,non_monotonic,0.15
RTN1,,1.2063998367346946,0.09402555088291602,12.83055324224526,5.288048313190619e-25,3.570370208622319e-23,adjacent_normal_vs_healthy,up,unique_gene_symbol,processed_matrix_welch_t,0.9693877551020408,3.4051419999999992,4.611541836734694,3.3518846938775515,1.2063998367346946,-1.2596571428571424,adjacent_specific,0.15
LGI1,,0.8575808367346944,0.06785357111946701,12.638698635695782,6.201610608048432e-25,4.172391023930818e-23,adjacent_normal_vs_healthy,up,unique_gene_symbol,processed_matrix_welch_t,0.9489795918367347,2.638436,3.4960168367346944,2.3273255102040813,0.8575808367346944,-1.1686913265306131,adjacent_specific,0.15
ARMC10,,-0.5658913877551033,0.043073273092472594,-13.137877554375997,6.6039369094247935e-25,4.427428125191833e-23,adjacent_normal_vs_healthy,down,unique_gene_symbol,processed_matrix_welch_t,1.0,7.645222,7.079330612244897,8.40556836734694,-0.5658913877551033,1.3262377551020421,adjacent_specific,0.15
MAD2L1BP,,-0.5489548571428546,0.04337008768922725,-12.657453244652078,6.998764748328456e-25,4.6448396328406196e-23,adjacent_normal_vs_healthy,down,unique_gene_symbol,processed_matrix_welch_t,1.0,8.352061999999998,7.803107142857144,7.5222683673469355,-0.5489548571428546,-0.2808387755102082,monotonic_down,0.15
COL4A1,,1.5093084489795894,0.11775082809099434,12.817816005618582,9.105683312729816e-25,5.999038417798467e-23,adjacent_normal_vs_healthy,up,unique_gene_symbol,processed_matrix_welch_t,0.9897959183673469,4.071264,5.58057244897959,7.095609183673467,1.5093084489795894,1.5150367346938776,monotonic_up,0.15
C4orf52,,-0.540267795918365,0.040927152048810055,-13.200718077672184,1.0048939002082318e-24,6.597648227574046e-23,adjacent_normal_vs_healthy,down,unique_gene_symbol,processed_matrix_welch_t,0.9795918367346939,8.182128,7.6418602040816355,7.661045918367346,-0.540267795918365,0.01918571428571081,field_shift_then_plateau,0.15
S100A4,,1.198085918367342,0.0962304673958557,12.450172495150317,1.0728586324259752e-24,7.019666103570642e-23,adjacent_normal_vs_healthy,up,unique_gene_symbol,processed_matrix_welch_t,0.9489795918367347,7.835410000000001,9.033495918367343,8.885832653061225,1.198085918367342,-0.14766326530611806,field_shift_then_plateau,0.15
SH3BP5,,1.0914063061224484,0.08747316066110344,12.477042076379005,1.3104648597710447e-24,8.544948948644072e-23,adjacent_normal_vs_healthy,up,unique_gene_symbol,processed_matrix_welch_t,0.9693877551020408,5.766159,6.857565306122448,6.3608035714285736,1.0914063061224484,-0.49676173469387486,non_monotonic,0.15
WWTR1,,1.8053712653061211,0.14397115396060298,12.539812425203957,1.3515807984745168e-24,8.753094694882585e-23,adjacent_normal_vs_healthy,up,unique_gene_symbol,processed_matrix_welch_t,0.9693877551020408,4.543991999999999,6.3493632653061205,5.525089795918366,1.8053712653061211,-0.8242734693877543,adjacent_specific,0.15
ADAMTS5,,1.3207528571428586,0.10444066873895445,12.645963235298991,1.3588652428053884e-24,8.770438719665964e-23,adjacent_normal_vs_healthy,up,unique_gene_symbol,processed_matrix_welch_t,0.9897959183673469,3.8033400000000004,5.124092857142859,4.721497448979592,1.3207528571428586,-0.40259540816326744,non_monotonic,0.15
FGFR1,,1.3891566122448977,0.10694017131952463,12.990035410493794,1.5734364838316688e-24,1.0121023868971275e-22,adjacent_normal_vs_healthy,up,unique_gene_symbol,processed_matrix_welch_t,0.9693877551020408,3.2263240000000013,4.615480612244899,3.801042857142855,1.3891566122448977,-0.8144377551020439,adjacent_specific,0.15
NAP1L5,,1.5315472244897976,0.12170668480653306,12.583920323886648,1.6148222647459133e-24,1.0352261252781882e-22,adjacent_normal_vs_healthy,up,unique_gene_symbol,processed_matrix_welch_t,0.9693877551020408,3.173313999999999,4.704861224489797,4.089432653061223,1.5315472244897976,-0.6154285714285734,adjacent_specific,0.15
GRASP,,0.8233195510204068,0.06596563260244598,12.481037754648598,1.6234400972958978e-24,1.0372583708897281e-22,adjacent_normal_vs_healthy,up,unique_gene_symbol,processed_matrix_welch_t,0.9795918367346939,4.778908000000001,5.602227551020408,4.984411734693876,0.8233195510204068,-0.6178158163265319,adjacent_specific,0.15
PCDH9,,0.9600334693877568,0.07677961967649215,12.503753905435055,1.707973341485525e-24,1.0876191445446287e-22,adjacent_normal_vs_healthy,up,unique_gene_symbol,processed_matrix_welch_t,0.9795918367346939,2.8174900000000003,3.777523469387757,2.8990459183673467,0.9600334693877568,-0.8784775510204104,adjacent_specific,0.15
MXRA7,,1.7176352244897979,0.13615687344854344,12.615119464673436,1.7262610549960527e-24,1.095600349570828e-22,adjacent_normal_vs_healthy,up,unique_gene_symbol,processed_matrix_welch_t,0.9897959183673469,4.110725999999999,5.828361224489797,5.247642857142856,1.7176352244897979,-0.5807183673469405,adjacent_specific,0.15
C1QTNF7,,0.8971159591836733,0.06884485106827573,13.03098118832407,1.76912448881764e-24,1.1190740952520887e-22,adjacent_normal_vs_healthy,up,unique_gene_symbol,processed_matrix_welch_t,0.9795918367346939,2.515182,3.412297959183673,2.4666214285714294,0.8971159591836733,-0.9456765306122437,adjacent_specific,0.15
NFKBIA,,0.6261522448979644,0.05061348695330407,12.37125285352601,1.7754130825270727e-24,1.1193332811693864e-22,adjacent_normal_vs_healthy,up,unique_gene_symbol,processed_matrix_welch_t,0.9489795918367347,8.825909999999999,9.452062244897963,8.76692551020408,0.6261522448979644,-0.6851367346938826,adjacent_specific,0.15
FRAT2,,-0.6686976734693841,0.054053085079308366,-12.371128724442835,1.875656217928246e-24,1.1786301778664623e-22,adjacent_normal_vs_healthy,down,unique_gene_symbol,processed_matrix_welch_t,1.0,6.598063999999999,5.929366326530615,5.84335204081633,-0.6686976734693841,-0.08601428571428471,field_shift_then_plateau,0.15
COL5A1,,0.9218585714285714,0.07465382767962137,12.348443476799996,2.014078359087542e-24,1.2614490775337764e-22,adjacent_normal_vs_healthy,up,unique_gene_symbol,processed_matrix_welch_t,0.9693877551020408,3.967195000000001,4.8890535714285726,6.380609693877552,0.9218585714285714,1.491556122448979,monotonic_up,0.15
LTBP1,,0.816836775510204,0.0644625694534301,12.671489554885245,2.0595771820769274e-24,1.2857163785817935e-22,adjacent_normal_vs_healthy,up,unique_gene_symbol,processed_matrix_welch_t,0.9795918367346939,5.804901999999999,6.621738775510203,6.664804081632652,0.816836775510204,0.04306530612244863,field_shift_then_plateau,0.15
RCAN2,,1.0884523265306143,0.08498369234962007,12.807778721272287,2.159134841897016e-24,1.3434616794025879e-22,adjacent_normal_vs_healthy,up,unique_gene_symbol,processed_matrix_welch_t,0.9591836734693877,4.663114,5.7515663265306145,4.090930612244898,1.0884523265306143,-1.6606357142857169,adjacent_specific,0.15
TUBB6,,1.7224725306122437,0.13493151799854466,12.765531405574361,2.3560867041311597e-24,1.4612342295328103e-22,adjacent_normal_vs_healthy,up,unique_gene_symbol,processed_matrix_welch_t,0.9897959183673469,5.915704000000001,7.638176530612244,7.121366326530611,1.7224725306122437,-0.5168102040816338,adjacent_specific,0.15
ARHGAP23,,0.637021653061224,0.05145323916703555,12.380593785227491,2.8427310284488068e-24,1.7573246357683531e-22,adjacent_normal_vs_healthy,up,unique_gene_symbol,processed_matrix_welch_t,0.9795918367346939,2.9479360000000003,3.5849576530612244,3.780136734693878,0.637021653061224,0.19517908163265352,monotonic_up,0.15
NKX2-3,,1.2005695102040796,0.09731671344524417,12.336724779342115,3.334725344874507e-24,2.0547951639615082e-22,adjacent_normal_vs_healthy,up,unique_gene_symbol,processed_matrix_welch_t,0.9795918367346939,4.752706,5.9532755102040795,3.9309897959183675,1.2005695102040796,-2.022285714285712,adjacent_specific,0.15
FOXC1,,0.679423428571428,0.0554338828325939,12.256464708114258,3.48022505330239e-24,2.137531774673468e-22,adjacent_normal_vs_healthy,up,unique_gene_symbol,processed_matrix_welch_t,0.9897959183673469,2.594248,3.273671428571428,3.4819142857142866,0.679423428571428,0.20824285714285873,monotonic_up,0.15
VCAN,,1.3447339183673455,0.1089085278901269,12.347370260334337,3.748971354367722e-24,2.2951901796514925e-22,adjacent_normal_vs_healthy,up,unique_gene_symbol,processed_matrix_welch_t,0.9285714285714286,4.791961999999999,6.136695918367344,7.28685714285714,1.3447339183673455,1.1501612244897954,monotonic_up,0.15
MEOX2,,1.5128946938775507,0.11746472119473444,12.87956654976821,4.0452470865005906e-24,2.4686379656080525e-22,adjacent_normal_vs_healthy,up,unique_gene_symbol,processed_matrix_welch_t,0.9693877551020408,2.5040899999999993,4.01698469387755,2.846094897959184,1.5128946938775507,-1.1708897959183662,adjacent_specific,0.15
PEG3,,1.5526519999999975,0.12705794750166227,12.22003054928685,4.2910004044328e-24,2.6102443354760546e-22,adjacent_normal_vs_healthy,up,unique_gene_symbol,processed_matrix_welch_t,0.9795918367346939,4.025848000000001,5.578499999999998,3.7499632653061226,1.5526519999999975,-1.8285367346938757,adjacent_specific,0.15
TAGLN,,2.5518040408163296,0.20847722031833493,12.240205605772394,4.458193255983888e-24,2.703312088978765e-22,adjacent_normal_vs_healthy,up,unique_gene_symbol,processed_matrix_welch_t,0.9795918367346939,6.653672999999999,9.205477040816328,7.693040816326534,2.5518040408163296,-1.512436224489794,adjacent_specific,0.15
EMCN,,1.060736367346939,0.08596456694681683,12.339227719290182,4.515124041146723e-24,2.729141642648686e-22,adjacent_normal_vs_healthy,up,unique_gene_symbol,processed_matrix_welch_t,0.9591836734693877,3.8942569999999996,4.954993367346939,4.165352551020408,1.060736367346939,-0.7896408163265303,adjacent_specific,0.15
JAM2,,1.0974186122448981,0.0895668407152728,12.252510007956191,4.8611523481462725e-24,2.928998123693197e-22,adjacent_normal_vs_healthy,up,unique_gene_symbol,processed_matrix_welch_t,0.9387755102040817,3.1079119999999993,4.2053306122448975,2.904606122448979,1.0974186122448981,-1.3007244897959183,adjacent_specific,0.15
HTRA3,,0.9547801632653075,0.07647763938888447,12.48443559313206,4.9357076594484115e-24,2.9645386068106546e-22,adjacent_normal_vs_healthy,up,unique_gene_symbol,processed_matrix_welch_t,0.9489795918367347,3.235353,4.190133163265307,4.58594336734694,0.9547801632653075,0.3958102040816325,monotonic_up,0.15
MPP5,,-0.8195016326530604,0.06330950557743244,-12.944369493625983,5.549266792447723e-24,3.3225798656668127e-22,adjacent_normal_vs_healthy,down,unique_gene_symbol,processed_matrix_welch_t,0.9591836734693877,7.24392,6.42441836734694,5.659613265306121,-0.8195016326530604,-0.7648051020408184,monotonic_down,0.15
MPDZ,,1.3432982448979587,0.10492399491673479,12.802583870009606,5.7074147066694826e-24,3.4065572418491206e-22,adjacent_normal_vs_healthy,up,unique_gene_symbol,processed_matrix_welch_t,0.9897959183673469,3.2379640000000007,4.581262244897959,3.8174525510204047,1.3432982448979587,-0.7638096938775547,adjacent_specific,0.15
NRN1,,0.9434969591836744,0.07745918642765542,12.180568925351063,6.1430843488930186e-24,3.655135187591346e-22,adjacent_normal_vs_healthy,up,unique_gene_symbol,processed_matrix_welch_t,0.9693877551020408,3.427650999999999,4.3711479591836735,4.3734198979591845,0.9434969591836744,0.0022719387755110176,field_shift_then_plateau,0.15
MB,,-1.322209918367351,0.10503629449359406,-12.588124178809352,6.299560460073925e-24,3.7365617183740666e-22,adjacent_normal_vs_healthy,down,unique_gene_symbol,processed_matrix_welch_t,0.9897959183673469,7.569214000000003,6.247004081632652,4.610859183673471,-1.322209918367351,-1.6361448979591815,monotonic_down,0.15
SOD3,,0.9344683469387753,0.07230610257887558,12.923782552370382,6.659742043927488e-24,3.925742678525677e-22,adjacent_normal_vs_healthy,up,unique_gene_symbol,processed_matrix_welch_t,0.9897959183673469,5.396574,6.3310423469387755,6.377036224489796,0.9344683469387753,0.04599387755102047,field_shift_then_plateau,0.15
GYPC,,1.2201801224489817,0.10004894608198939,12.195831842636832,7.249518204684807e-24,4.260210698061689e-22,adjacent_normal_vs_healthy,up,unique_gene_symbol,processed_matrix_welch_t,0.9795918367346939,5.408676000000001,6.628856122448982,5.303017346938778,1.2201801224489817,-1.3258387755102046,adjacent_specific,0.15
TMEM19,,-0.64078257142857,0.050759854104725416,-12.623806406270132,7.432513790298607e-24,4.354309617454938e-22,adjacent_normal_vs_healthy,down,unique_gene_symbol,processed_matrix_welch_t,0.9795918367346939,8.172854,7.532071428571429,7.328255612244896,-0.64078257142857,-0.20381581632653312,monotonic_down,0.15
DLC1,,1.4379756326530622,0.11843636235974361,12.141335684435276,7.455647247805754e-24,4.354463914055875e-22,adjacent_normal_vs_healthy,up,unique_gene_symbol,processed_matrix_welch_t,0.9489795918367347,4.386556,5.824531632653062,5.348787755102043,1.4379756326530622,-0.475743877551019,non_monotonic,0.15
SOCS3,,1.1185602857142856,0.08962186027248849,12.480886720197367,7.549233494533055e-24,4.388165062391218e-22,adjacent_normal_vs_healthy,up,unique_gene_symbol,processed_matrix_welch_t,0.9897959183673469,2.4876539999999996,3.606214285714285,3.9517994897959174,1.1185602857142856,0.3455852040816323,monotonic_up,0.15
C9orf82,,-0.6037434285714296,0.04909929020337329,-12.296377932770001,7.559444015043695e-24,4.388165062391218e-22,adjacent_normal_vs_healthy,down,unique_gene_symbol,processed_matrix_welch_t,0.9693877551020408,8.057821999999998,7.4540785714285684,7.450735714285717,-0.6037434285714296,-0.003342857142851763,field_shift_then_plateau,0.15
EGFL7,,0.6553939183673472,0.05322817697605598,12.312913114837052,8.094690431778999e-24,4.684586803072101e-22,adjacent_normal_vs_healthy,up,unique_gene_symbol,processed_matrix_welch_t,0.9897959183673469,2.541602,3.1969959183673473,2.9541724489795924,0.6553939183673472,-0.2428234693877549,non_monotonic,0.15
C17orf61,,-0.5749050204081598,0.043628914711522665,-13.177156117897287,8.213488515726426e-24,4.738933979982762e-22,adjacent_normal_vs_healthy,down,unique_gene_symbol,processed_matrix_welch_t,0.9693877551020408,9.289603999999999,8.714698979591839,8.367503061224493,-0.5749050204081598,-0.34719591836734587,monotonic_down,0.15
LPHN2,,1.1839659999999994,0.09775765747649119,12.111235381072015,8.480847123630653e-24,4.878408738185125e-22,adjacent_normal_vs_healthy,up,unique_gene_symbol,processed_matrix_welch_t,0.9387755102040817,3.102409,4.286375,3.657021428571428,1.1839659999999994,-0.6293535714285716,adjacent_specific,0.15
NDUFB3,,-0.7040305306122399,0.050768076678432736,-13.867583266382153,9.052395748798125e-24,5.191494429431214e-22,adjacent_normal_vs_healthy,down,unique_gene_symbol,processed_matrix_welch_t,1.0,8.829453999999998,8.125423469387759,7.686227551020412,-0.7040305306122399,-0.4391959183673464,monotonic_down,0.15
MYOC,,1.5275569183673472,0.11624505711152043,13.140833307878854,1.0121845533600075e-23,5.770058052686989e-22,adjacent_normal_vs_healthy,up,unique_gene_symbol,processed_matrix_welch_t,0.9591836734693877,2.445064000000001,3.972620918367348,2.4271872448979583,1.5275569183673472,-1.5454336734693896,adjacent_specific,0.15
RPE,,-0.5380238775510193,0.042553989607676576,-12.643323987040732,1.1529030588723808e-23,6.552619176397054e-22,adjacent_normal_vs_healthy,down,unique_gene_symbol,processed_matrix_welch_t,0.9795918367346939,6.131079999999998,5.593056122448979,6.350512244897959,-0.5380238775510193,0.7574561224489802,adjacent_specific,0.15
SERPINE1,,0.7531115510204085,0.06099485539965592,12.347132329207176,1.420071974189514e-23,7.999458694842707e-22,adjacent_normal_vs_healthy,up,unique_gene_symbol,processed_matrix_welch_t,0.9693877551020408,2.8910159999999996,3.644127551020408,4.221992857142859,0.7531115510204085,0.577865306122451,monotonic_up,0.15
ZCCHC10,,-0.7139746122448987,0.05419623259523931,-13.173879032831803,1.4631686584309988e-23,8.217914824933988e-22,adjacent_normal_vs_healthy,down,unique_gene_symbol,processed_matrix_welch_t,0.9795918367346939,7.396344000000002,6.682369387755103,6.103802551020405,-0.7139746122448987,-0.5785668367346979,monotonic_down,0.15
CAV2,,1.278597061224489,0.10484810929879593,12.194755535178473,1.5116840592965567e-23,8.440605421996024e-22,adjacent_normal_vs_healthy,up,unique_gene_symbol,processed_matrix_welch_t,0.9897959183673469,4.385356000000001,5.66395306122449,5.0171010204081625,1.278597061224489,-0.6468520408163272,adjacent_specific,0.15
TCEAL4,,0.8754557142857173,0.07244853031739451,12.083829864462068,1.5242423680885297e-23,8.485840552165382e-22,adjacent_normal_vs_healthy,up,unique_gene_symbol,processed_matrix_welch_t,0.9387755102040817,7.67393,8.549385714285718,9.006604081632652,0.8754557142857173,0.45721836734693433,monotonic_up,0.15
CASP3,,-0.835592979591838,0.06717009453658723,-12.43995539021751,1.776570330573068e-23,9.86177816154846e-22,adjacent_normal_vs_healthy,down,unique_gene_symbol,processed_matrix_welch_t,0.9897959183673469,6.600943999999999,5.765351020408161,5.574474489795921,-0.835592979591838,-0.19087653061224064,monotonic_down,0.15
TMX1,,-0.5493560816326513,0.04273295286818302,-12.855560984218252,1.8856936685609056e-23,1.0437095188778966e-21,adjacent_normal_vs_healthy,down,unique_gene_symbol,processed_matrix_welch_t,0.9795918367346939,7.531227,6.981870918367349,6.8584428571428555,-0.5493560816326513,-0.12342806122449357,field_shift_then_plateau,0.15
SPARC,,1.3422866938775515,0.1120920912079352,11.974856382932114,2.0655647406789527e-23,1.1366575914025219e-21,adjacent_normal_vs_healthy,up,unique_gene_symbol,processed_matrix_welch_t,0.9285714285714286,5.670698000000001,7.012984693877552,8.504188775510203,1.3422866938775515,1.4912040816326506,monotonic_up,0.15
FHL5,,0.7922092653061243,0.06326585055426862,12.521909661620334,2.0646343062030507e-23,1.1366575914025219e-21,adjacent_normal_vs_healthy,up,unique_gene_symbol,processed_matrix_welch_t,0.9387755102040817,2.556654,3.3488632653061243,2.826048979591836,0.7922092653061243,-0.5228142857142881,adjacent_specific,0.15
FAM20C,,0.8567581836734703,0.07158893775040012,11.96774544498227,2.1339783216225062e-23,1.1709206698470467e-21,adjacent_normal_vs_healthy,up,unique_gene_symbol,processed_matrix_welch_t,0.9795918367346939,5.329250999999999,6.18600918367347,5.998506632653062,0.8567581836734703,-0.18750255102040736,non_monotonic,0.15
HSPB11,,-0.6046077142857103,0.0451354138496518,-13.395417538425308,2.1481512157978384e-23,1.175310320367553e-21,adjacent_normal_vs_healthy,down,unique_gene_symbol,processed_matrix_welch_t,0.9795918367346939,7.893796999999998,7.289189285714288,7.43978469387755,-0.6046077142857103,0.15059540816326145,non_monotonic,0.15
MCAM,,1.53753018367347,0.12179992116569262,12.623408693195001,2.219225452270379e-23,1.210717839863267e-21,adjacent_normal_vs_healthy,up,unique_gene_symbol,processed_matrix_welch_t,0.9795918367346939,3.461654,4.99918418367347,5.014013265306121,1.53753018367347,0.014829081632651508,field_shift_then_plateau,0.15
RHOJ,,0.9457504285714298,0.0767574647970946,12.321282771278137,2.3890113160785887e-23,1.2996221559467522e-21,adjacent_normal_vs_healthy,up,unique_gene_symbol,processed_matrix_welch_t,0.9795918367346939,2.846171,3.7919214285714298,3.212637755102039,0.9457504285714298,-0.5792836734693907,adjacent_specific,0.15
HYAL2,,0.5463991836734676,0.04527290478407954,12.069010952122778,2.4786690431074775e-23,1.3445543755204094e-21,adjacent_normal_vs_healthy,up,unique_gene_symbol,processed_matrix_welch_t,0.9693877551020408,6.390060000000001,6.936459183673469,7.690283673469388,0.5463991836734676,0.7538244897959192,monotonic_up,0.15
GJA4,,0.6254347346938784,0.05250518876082953,11.911865273789317,2.852381479403797e-23,1.5385083107039178e-21,adjacent_normal_vs_healthy,up,unique_gene_symbol,processed_matrix_welch_t,0.9591836734693877,2.450352,3.0757867346938785,3.340055102040816,0.6254347346938784,0.26426836734693726,monotonic_up,0.15
CAMTA1,,1.0932531428571424,0.090327331507248,12.103237465499776,3.7584738967747316e-23,2.0215068642539798e-21,adjacent_normal_vs_healthy,up,unique_gene_symbol,processed_matrix_welch_t,0.9591836734693877,3.0037540000000003,4.097007142857143,5.383891836734695,1.0932531428571424,1.2868846938775524,monotonic_up,0.15
LRRC17,,1.426674979591838,0.1202479564576815,11.864442620228008,3.841449024942222e-23,2.060315195349293e-21,adjacent_normal_vs_healthy,up,unique_gene_symbol,processed_matrix_welch_t,0.9183673469387755,3.264123999999999,4.690798979591837,3.7657387755102043,1.426674979591838,-0.9250602040816327,adjacent_specific,0.15
MUDENG,,-0.718383877551017,0.057717799119978666,-12.446487712702003,4.341844391552617e-23,2.315650342161396e-21,adjacent_normal_vs_healthy,down,unique_gene_symbol,processed_matrix_welch_t,1.0,7.18004,6.461656122448983,5.627339795918367,-0.718383877551017,-0.8343163265306162,monotonic_down,0.15
XK,,-0.6811363265306118,0.05493232220080432,-12.399554565356398,4.7964176606236184e-23,2.5438382244644483e-21,adjacent_normal_vs_healthy,down,unique_gene_symbol,processed_matrix_welch_t,0.9795918367346939,5.667069999999999,4.985933673469387,4.383463265306121,-0.6811363265306118,-0.6024704081632661,monotonic_down,0.15
PRDX3,,-0.5034225714285707,0.04238403750110923,-11.877645479513266,5.1928567389394357e-23,2.7464442308168572e-21,adjacent_normal_vs_healthy,down,unique_gene_symbol,processed_matrix_welch_t,0.9795918367346939,9.877269000000002,9.373846428571431,9.622982142857142,-0.5034225714285707,0.24913571428571046,non_monotonic,0.15
RRAS2,,-0.745464571428573,0.0607798340431898,-12.264998468058504,5.240808315599881e-23,2.76412715592858e-21,adjacent_normal_vs_healthy,down,unique_gene_symbol,processed_matrix_welch_t,0.9693877551020408,7.512486,6.767021428571427,5.830337755102042,-0.745464571428573,-0.9366836734693846,monotonic_down,0.15
ANGPT2,,0.6769059591836726,0.05742783874668705,11.787070068394705,5.933331114709212e-23,3.120735481327718e-21,adjacent_normal_vs_healthy,up,unique_gene_symbol,processed_matrix_welch_t,0.9897959183673469,2.4525419999999998,3.1294479591836724,4.307632653061225,0.6769059591836726,1.1781846938775522,monotonic_up,0.15
TOMM5,,-0.5846500816326508,0.047924948702401875,-12.199284453346731,6.262260777153132e-23,3.2846679117629647e-21,adjacent_normal_vs_healthy,down,unique_gene_symbol,processed_matrix_welch_t,0.9489795918367347,9.762446,9.17779591836735,9.960276530612239,-0.5846500816326508,0.7824806122448891,adjacent_specific,0.15
PANK3,,-1.1835902857142875,0.09941267613972758,-11.905828629446761,6.566386895778857e-23,3.4347254531766324e-21,adjacent_normal_vs_healthy,down,unique_gene_symbol,processed_matrix_welch_t,1.0,7.765775999999999,6.582185714285711,5.30128775510204,-1.1835902857142875,-1.2808979591836716,monotonic_down,0.15
PCDH7,,1.1456998775510217,0.09720136215382733,11.786870596914877,7.419832630468141e-23,3.870509952989408e-21,adjacent_normal_vs_healthy,up,unique_gene_symbol,processed_matrix_welch_t,0.9489795918367347,3.9941439999999995,5.139843877551021,4.0807816326530615,1.1456998775510217,-1.0590622448979596,adjacent_specific,0.15
NEXN,,2.174668163265302,0.17795331480208515,12.220442005724419,7.799627818296113e-23,4.057511302195573e-21,adjacent_normal_vs_healthy,up,unique_gene_symbol,processed_matrix_welch_t,0.9795918367346939,3.879690000000001,6.054358163265303,4.659160204081632,2.174668163265302,-1.3951979591836716,adjacent_specific,0.15
BEX1,,1.6133121632653085,0.13750260650803617,11.732956954317956,8.429512395428314e-23,4.373240218227659e-21,adjacent_normal_vs_healthy,up,unique_gene_symbol,processed_matrix_welch_t,0.9795918367346939,3.9938459999999996,5.607158163265308,3.3472499999999994,1.6133121632653085,-2.2599081632653086,adjacent_specific,0.15
HSBP1,,-0.5421667142857096,0.04081411097974455,-13.283805558199688,8.854779718120669e-23,4.581386028071129e-21,adjacent_normal_vs_healthy,down,unique_gene_symbol,processed_matrix_welch_t,0.9897959183673469,9.786206,9.24403928571429,9.830853061224488,-0.5421667142857096,0.5868137755101976,adjacent_specific,0.15
BAZ1B,,0.5118628979591824,0.03851128978111736,13.29124266853706,9.780623334827102e-23,5.046695617753605e-21,adjacent_normal_vs_healthy,up,unique_gene_symbol,processed_matrix_welch_t,0.9897959183673469,6.945132000000001,7.456994897959183,8.045001020408163,0.5118628979591824,0.5880061224489799,monotonic_up,0.15
TXNDC9,,-0.6286544693877554,0.04790927529945267,-13.121769541668215,1.0489305902638396e-22,5.397740118546894e-21,adjacent_normal_vs_healthy,down,unique_gene_symbol,processed_matrix_welch_t,0.9795918367346939,8.060606000000002,7.431951530612246,7.645101020408165,-0.6286544693877554,0.21314948979591897,non_monotonic,0.15
CSNK1E,,0.7080314897959159,0.060125615254766424,11.775871012642769,1.128449400965184e-22,5.7602350118973466e-21,adjacent_normal_vs_healthy,up,unique_gene_symbol,processed_matrix_welch_t,0.9183673469387755,5.827743000000002,6.535774489795918,7.49306785714286,0.7080314897959159,0.9572933673469421,monotonic_up,0.15
INMT,,0.574541142857143,0.04835080968119195,11.882761563776553,1.1420643773976588e-22,5.8001117330204216e-21,adjacent_normal_vs_healthy,up,unique_gene_symbol,processed_matrix_welch_t,0.9387755102040817,2.632641,3.207182142857143,2.9449530612244894,0.574541142857143,-0.26222908163265357,non_monotonic,0.15
ACN9,,-0.7101971020408175,0.05996147954290859,-11.844222448390365,1.142353939014001e-22,5.8001117330204216e-21,adjacent_normal_vs_healthy,down,unique_gene_symbol,processed_matrix_welch_t,0.9693877551020408,7.3422420000000015,6.632044897959184,7.190393877551018,-0.7101971020408175,0.5583489795918339,adjacent_specific,0.15
TEK,,0.7660288163265307,0.0657089266445139,11.657910963464007,1.3034933481495305e-22,6.600668443821027e-21,adjacent_normal_vs_healthy,up,unique_gene_symbol,processed_matrix_welch_t,0.9285714285714286,3.4215119999999994,4.18754081632653,3.675174489795918,0.7660288163265307,-0.512366326530612,adjacent_specific,0.15
LIFR,,0.9602054285714279,0.08240828796577972,11.651806538805369,1.3654399546995765e-22,6.896015049729426e-21,adjacent_normal_vs_healthy,up,unique_gene_symbol,processed_matrix_welch_t,0.9489795918367347,2.9311159999999994,3.8913214285714273,2.4481030612244896,0.9602054285714279,-1.4432183673469376,adjacent_specific,0.15
ACADM,,-0.8666601224489812,0.07084579286489079,-12.233049944148116,1.3954666196268448e-22,7.029017047009293e-21,adjacent_normal_vs_healthy,down,unique_gene_symbol,processed_matrix_welch_t,0.9795918367346939,8.639904,7.773243877551018,6.638401020408161,-0.8666601224489812,-1.134842857142857,monotonic_down,0.15
PPFIBP1,,0.6060630204081638,0.05184217515063424,11.690539963787558,1.406275681494974e-22,7.06477281679797e-21,adjacent_normal_vs_healthy,up,unique_gene_symbol,processed_matrix_welch_t,0.9897959183673469,2.7310629999999994,3.337126020408163,3.353906632653061,0.6060630204081638,0.016780612244897686,field_shift_then_plateau,0.15
TPD52,,-0.7323178979591844,0.06293829836586892,-11.63548931212154,1.491748631882556e-22,7.474445776590493e-21,adjacent_normal_vs_healthy,down,unique_gene_symbol,processed_matrix_welch_t,1.0,9.665298,8.932980102040815,8.58571581632653,-0.7323178979591844,-0.34726428571428514,monotonic_down,0.15
SEPHS2,,-0.6570402857142863,0.05626111272387969,-11.678409009415299,1.527322409614495e-22,7.632603327837267e-21,adjacent_normal_vs_healthy,down,unique_gene_symbol,processed_matrix_welch_t,0.9897959183673469,9.238876,8.581835714285713,8.064943877551023,-0.6570402857142863,-0.5168918367346897,monotonic_down,0.15
C1orf63,,-1.1034184897959172,0.09098264458221482,-12.127790908504897,1.676052107694857e-22,8.353935112698972e-21,adjacent_normal_vs_healthy,down,unique_gene_symbol,processed_matrix_welch_t,0.9795918367346939,7.964794000000001,6.861375510204084,6.495809183673471,-1.1034184897959172,-0.3655663265306135,monotonic_down,0.15
CHD4,,0.5612486530612264,0.04639014072669724,12.098446874040874,1.771004554972814e-22,8.781230918406869e-21,adjacent_normal_vs_healthy,up,unique_gene_symbol,processed_matrix_welch_t,0.9489795918367347,6.854133999999999,7.415382653061226,7.980564285714285,0.5612486530612264,0.5651816326530597,monotonic_up,0.15
SPRY1,,0.6441913469387766,0.05549828231019493,11.607410538189573,1.799329440996577e-22,8.898501962746707e-21,adjacent_normal_vs_healthy,up,unique_gene_symbol,processed_matrix_welch_t,0.9591836734693877,5.621126000000001,6.265317346938778,6.47452448979592,0.6441913469387766,0.20920714285714226,monotonic_up,0.15
FLNA,,1.95520351020408,0.16595906378952396,11.78123969585505,1.87334855961614e-22,9.240558698210182e-21,adjacent_normal_vs_healthy,up,unique_gene_symbol,processed_matrix_welch_t,0.9693877551020408,4.971272000000001,6.926475510204081,6.223936734693881,1.95520351020408,-0.7025387755101997,adjacent_specific,0.15
F10,,0.6959320408163281,0.06000860718314146,11.597203692670275,1.8912425236124395e-22,9.304717738909779e-21,adjacent_normal_vs_healthy,up,unique_gene_symbol,processed_matrix_welch_t,0.9081632653061225,3.0902700000000003,3.7862020408163284,3.7550693877551033,0.6959320408163281,-0.031132653061225035,field_shift_then_plateau,0.15
SKI,,0.6570456326530589,0.056689641825026706,11.590223742831867,1.9864637283922196e-22,9.698017791945605e-21,adjacent_normal_vs_healthy,up,unique_gene_symbol,processed_matrix_welch_t,0.9591836734693877,6.381186000000002,7.038231632653061,7.055095918367347,0.6570456326530589,0.016864285714285998,field_shift_then_plateau,0.15
GMFB,,-1.0205499591836729,0.08449761653076972,-12.077854986738481,2.2561685223859127e-22,1.0986559761183575e-20,adjacent_normal_vs_healthy,down,unique_gene_symbol,processed_matrix_welch_t,0.9795918367346939,6.700677,5.680127040816327,5.3712897959183685,-1.0205499591836729,-0.3088372448979584,monotonic_down,0.15
TUBB2B,,1.199221306122451,0.10017211102975027,11.97160860238128,2.303308434819972e-22,1.1168604997933782e-20,adjacent_normal_vs_healthy,up,unique_gene_symbol,processed_matrix_welch_t,0.9795918367346939,3.3984439999999982,4.597665306122449,3.6575775510204083,1.199221306122451,-0.940087755102041,adjacent_specific,0.15
CEBPB,,0.7390420816326522,0.06377881633249538,11.587579138813672,2.3052845400146933e-22,1.1168604997933782e-20,adjacent_normal_vs_healthy,up,unique_gene_symbol,processed_matrix_welch_t,0.9183673469387755,6.771962000000001,7.511004081632653,8.94074693877551,0.7390420816326522,1.4297428571428563,monotonic_up,0.15
CRYL1,,-0.9520354693877549,0.07834003873295761,-12.15260401686825,2.3184548120338033e-22,1.1203903457137975e-20,adjacent_normal_vs_healthy,down,unique_gene_symbol,processed_matrix_welch_t,0.9897959183673469,8.014362,7.062326530612245,6.609955102040818,-0.9520354693877549,-0.45237142857142754,monotonic_down,0.15
IL33,,1.6987341632653044,0.1437287985467716,11.819024304391647,2.388330438579568e-22,1.151235735457088e-20,adjacent_normal_vs_healthy,up,unique_gene_symbol,processed_matrix_welch_t,0.9489795918367347,3.908774,5.6075081632653045,6.000223469387755,1.6987341632653044,0.39271530612245087,monotonic_up,0.15
GUCY1A3,,1.7840179591836738,0.14927842982364695,11.950942686704696,2.4987096251535643e-22,1.2013997793667643e-20,adjacent_normal_vs_healthy,up,unique_gene_symbol,processed_matrix_welch_t,0.9795918367346939,3.4294550000000004,5.213472959183674,4.723017346938776,1.7840179591836738,-0.4904556122448982,non_monotonic,0.15
TMEM43,,0.6549537551020359,0.056571587949079044,11.577432751075856,2.9802978812304243e-22,1.42934185538104e-20,adjacent_normal_vs_healthy,up,unique_gene_symbol,processed_matrix_welch_t,0.9489795918367347,7.049384000000001,7.704337755102037,8.170910204081633,0.6549537551020359,0.46657244897959593,monotonic_up,0.15
TSHZ3,,0.950280775510203,0.07986794222686645,11.898150234181717,3.2153466650994034e-22,1.5381959925500666e-20,adjacent_normal_vs_healthy,up,unique_gene_symbol,processed_matrix_welch_t,0.9693877551020408,3.253983,4.204263775510203,3.60891224489796,0.950280775510203,-0.595351530612243,adjacent_specific,0.15
GUCY1B3,,1.3165309387755126,0.1113687408053682,11.82136862870998,3.2989808493985075e-22,1.5703148843136896e-20,adjacent_normal_vs_healthy,up,unique_gene_symbol,processed_matrix_welch_t,0.9693877551020408,3.7047660000000002,5.021296938775513,5.01926224489796,1.3165309387755126,-0.00203469387755284,field_shift_then_plateau,0.15
CES1,,1.5230378775510163,0.13235528126240342,11.50719384239371,3.534269133549482e-22,1.6781168155307267e-20,adjacent_normal_vs_healthy,up,unique_gene_symbol,processed_matrix_welch_t,0.9387755102040817,5.079206000000002,6.602243877551018,5.483435714285717,1.5230378775510163,-1.1188081632653013,adjacent_specific,0.15
ZNFX1,,0.7110018775510181,0.061711917263086086,11.521305917622406,3.5471450724960357e-22,1.6800408502568287e-20,adjacent_normal_vs_healthy,up,unique_gene_symbol,processed_matrix_welch_t,0.9591836734693877,5.427092000000001,6.138093877551019,6.142828061224491,0.7110018775510181,0.004734183673472003,field_shift_then_plateau,0.15
MAFF,,0.6624144693877563,0.057247240880124145,11.571116078325131,3.690960654517643e-22,1.7395022490598e-20,adjacent_normal_vs_healthy,up,unique_gene_symbol,processed_matrix_welch_t,0.9489795918367347,3.811134,4.473548469387756,4.5061979591836705,0.6624144693877563,0.0326494897959142,field_shift_then_plateau,0.15
CSDA,,0.5829109795918335,0.049969100172458876,11.665428786590647,3.7463584597643857e-22,1.7612509894793555e-20,adjacent_normal_vs_healthy,up,unique_gene_symbol,processed_matrix_welch_t,0.9693877551020408,8.375513000000003,8.958423979591837,9.374197959183673,0.5829109795918335,0.4157739795918367,monotonic_up,0.15
UGT2A3,,-1.1894383265306114,0.10375924929236771,-11.46344383409204,4.408075654172826e-22,2.067235479198291e-20,adjacent_normal_vs_healthy,down,unique_gene_symbol,processed_matrix_welch_t,1.0,7.549771999999999,6.360333673469388,3.4120530612244906,-1.1894383265306114,-2.948280612244897,monotonic_down,0.15
BAT2L2,,0.5974052653061248,0.04935391252506298,12.10451684053923,4.743729637529985e-22,2.2191796633555506e-20,adjacent_normal_vs_healthy,up,unique_gene_symbol,processed_matrix_welch_t,0.9285714285714286,7.460132999999998,8.057538265306123,8.396290306122447,0.5974052653061248,0.33875204081632404,monotonic_up,0.15
FOSB,,1.0542055102040808,0.08688098070728868,12.133904355382588,5.262768509301442e-22,2.4499538488288375e-20,adjacent_normal_vs_healthy,up,unique_gene_symbol,processed_matrix_welch_t,0.9387755102040817,3.2496950000000004,4.303900510204081,3.9406852040816314,1.0542055102040808,-0.3632153061224499,non_monotonic,0.15
TMEFF2,,0.6674717959183654,0.05808372197838016,11.491546567329324,5.533539352592739e-22,2.5697216895942865e-20,adjacent_normal_vs_healthy,up,unique_gene_symbol,processed_matrix_welch_t,0.9183673469387755,2.6689680000000005,3.336439795918366,2.6114755102040816,0.6674717959183654,-0.7249642857142842,adjacent_specific,0.15
SLC25A46,,-0.6063257142857141,0.04992196861471098,-12.145468840887064,5.616432018985162e-22,2.6018702102549265e-20,adjacent_normal_vs_healthy,down,unique_gene_symbol,processed_matrix_welch_t,0.9693877551020408,8.10614,7.499814285714286,7.280355612244899,-0.6063257142857141,-0.2194586734693864,monotonic_down,0.15
LYST,,0.7151427755102038,0.06066366500636028,11.788651006087823,6.028659927153972e-22,2.7793144070947125e-20,adjacent_normal_vs_healthy,up,unique_gene_symbol,processed_matrix_welch_t,0.9591836734693877,4.818946,5.534088775510204,4.811714285714287,0.7151427755102038,-0.722374489795917,adjacent_specific,0.15
SLC7A2,,0.6792905918367365,0.05955339596926163,11.406412359546229,6.402254482992806e-22,2.9444184868643246e-20,adjacent_normal_vs_healthy,up,unique_gene_symbol,processed_matrix_welch_t,0.9591836734693877,2.5369639999999993,3.216254591836736,2.7041969387755103,0.6792905918367365,-0.5120576530612255,adjacent_specific,0.15
ACOT13,,-0.681084816326532,0.05617809181742725,-12.123673024352344,6.825401795664336e-22,3.119842575011951e-20,adjacent_normal_vs_healthy,down,unique_gene_symbol,processed_matrix_welch_t,0.9795918367346939,9.432694000000001,8.75160918367347,8.318807142857143,-0.681084816326532,-0.4328020408163269,monotonic_down,0.15
ETFDH,,-0.7748595510204099,0.06519619083985624,-11.88504329836885,6.832848496743611e-22,3.119842575011951e-20,adjacent_normal_vs_healthy,down,unique_gene_symbol,processed_matrix_welch_t,0.9795918367346939,7.153157,6.37829744897959,4.790370918367346,-0.7748595510204099,-1.5879265306122443,monotonic_down,0.15
TMEM45A,,0.9832500000000017,0.08659018901857815,11.35521253786665,8.53690372382311e-22,3.879299448725346e-20,adjacent_normal_vs_healthy,up,unique_gene_symbol,processed_matrix_welch_t,0.9489795918367347,4.2615,5.244750000000002,5.484219387755104,0.9832500000000017,0.2394693877551024,monotonic_up,0.15
PHLDA1,,0.8944145714285723,0.07878633414901622,11.352407509364244,8.692516687919192e-22,3.9406075651900336e-20,adjacent_normal_vs_healthy,up,unique_gene_symbol,processed_matrix_welch_t,0.9183673469387755,3.9359140000000004,4.830328571428573,7.4493632653061175,0.8944145714285723,2.619034693877545,monotonic_up,0.15
ESRRA,,-0.5634697142857172,0.049652629056065635,-11.34823522938677,1.0708513016453698e-21,4.820096639084596e-20,adjacent_normal_vs_healthy,down,unique_gene_symbol,processed_matrix_welch_t,0.9897959183673469,7.033884000000001,6.470414285714284,6.375772448979589,-0.5634697142857172,-0.09464183673469506,field_shift_then_plateau,0.15
MAP1LC3B,,-0.5242537142857149,0.045457142449548224,-11.53292279354276,1.0867905655944288e-21,4.880304803990076e-20,adjacent_normal_vs_healthy,down,unique_gene_symbol,processed_matrix_welch_t,0.9693877551020408,8.287567999999998,7.763314285714284,7.444566326530614,-0.5242537142857149,-0.3187479591836695,monotonic_down,0.15
JAM3,,0.8086901224489802,0.06964928645724991,11.61088883437947,1.0916070254704766e-21,4.890399474107735e-20,adjacent_normal_vs_healthy,up,unique_gene_symbol,processed_matrix_welch_t,0.9795918367346939,3.457616,4.26630612244898,3.694097448979592,0.8086901224489802,-0.5722086734693881,adjacent_specific,0.15
C21orf63,,0.7623299591836723,0.06648430962081148,11.46631383452076,1.1321962842124034e-21,5.060332688123042e-20,adjacent_normal_vs_healthy,up,unique_gene_symbol,processed_matrix_welch_t,0.9387755102040817,4.014492999999999,4.776822959183671,4.389665816326531,0.7623299591836723,-0.38715714285714053,non_monotonic,0.15
EVI2A,,-1.139305265306123,0.10078234686214951,-11.304611380646545,1.2608509292136001e-21,5.595944450402551e-20,adjacent_normal_vs_healthy,down,unique_gene_symbol,processed_matrix_welch_t,0.9591836734693877,6.828792,5.689486734693877,5.127259183673469,-1.139305265306123,-0.562227551020408,monotonic_down,0.15
CFD,,1.4088700816326503,0.1247167696159931,11.296556878201754,1.3006386119556838e-21,5.759106784101447e-20,adjacent_normal_vs_healthy,up,unique_gene_symbol,processed_matrix_welch_t,0.9183673469387755,7.487533999999999,8.89640408163265,4.925961224489797,1.4088700816326503,-3.970442857142853,adjacent_specific,0.15
GLI3,,1.2539758163265322,0.10536137803124157,11.901664915152358,1.3622503482344536e-21,6.007325064884714e-20,adjacent_normal_vs_healthy,up,unique_gene_symbol,processed_matrix_welch_t,0.9693877551020408,3.6541650000000008,4.908140816326533,3.8270928571428575,1.2539758163265322,-1.0810479591836755,adjacent_specific,0.15
HRSP12,,-0.7040115918367356,0.05592021465519111,-12.589572414514716,1.5237671068130648e-21,6.700352358826964e-20,adjacent_normal_vs_healthy,down,unique_gene_symbol,processed_matrix_welch_t,0.9693877551020408,8.293782,7.589770408163265,7.850024489795919,-0.7040115918367356,0.2602540816326542,non_monotonic,0.15
MXRA5,,1.1551728163265347,0.09658132067622563,11.96062352676951,1.571921095273707e-21,6.896169966362069e-20,adjacent_normal_vs_healthy,up,unique_gene_symbol,processed_matrix_welch_t,0.9489795918367347,5.547117999999998,6.702290816326533,7.4432520408163265,1.1551728163265347,0.7409612244897934,monotonic_up,0.15
SAR1B,,-0.785297020408164,0.0632839431152681,-12.409103822399153,1.6255182422211777e-21,7.098593424745694e-20,adjacent_normal_vs_healthy,down,unique_gene_symbol,processed_matrix_welch_t,0.9897959183673469,8.490796,7.705498979591836,7.253689795918368,-0.785297020408164,-0.45180918367346745,monotonic_down,0.15
PRKCDBP,,1.37904506122449,0.11948843379252214,11.541243093193794,1.6465024708733285e-21,7.173777355933221e-20,adjacent_normal_vs_healthy,up,unique_gene_symbol,processed_matrix_welch_t,0.9591836734693877,3.4947079999999984,4.873753061224488,4.679416326530612,1.37904506122449,-0.19433673469387625,non_monotonic,0.15
CFH,,1.289340612244895,0.11094379526675188,11.621565758993736,1.7009251864432248e-21,7.393976152940411e-20,adjacent_normal_vs_healthy,up,unique_gene_symbol,processed_matrix_welch_t,0.9387755102040817,5.673015,6.962355612244895,5.153723979591838,1.289340612244895,-1.8086316326530572,adjacent_specific,0.15
CHRM3,,1.2582449387755092,0.10961694344271268,11.478562521979875,1.9036194219412558e-21,8.23748040767307e-20,adjacent_normal_vs_healthy,up,unique_gene_symbol,processed_matrix_welch_t,0.9693877551020408,4.210202000000001,5.46844693877551,6.031674489795917,1.2582449387755092,0.5632275510204074,monotonic_up,0.15
DTX4,,-0.7954512244897955,0.07079590786615127,-11.235836201065434,1.957031662077073e-21,8.430290236639699e-20,adjacent_normal_vs_healthy,down,unique_gene_symbol,processed_matrix_welch_t,0.9693877551020408,8.89999,8.104538775510205,7.579961224489799,-0.7954512244897955,-0.524577551020406,monotonic_down,0.15
AOC3,,1.019110755102043,0.08795783481080877,11.586355636130426,2.008697578105316e-21,8.633318710412012e-20,adjacent_normal_vs_healthy,up,unique_gene_symbol,processed_matrix_welch_t,1.0,3.4395269999999987,4.458637755102042,3.357297959183675,1.019110755102043,-1.1013397959183666,adjacent_specific,0.15
PRICKLE2,,0.6690242244897968,0.0591831777281447,11.304297102175383,2.286477598964828e-21,9.805075109074397e-20,adjacent_normal_vs_healthy,up,unique_gene_symbol,processed_matrix_welch_t,0.9795918367346939,2.938862,3.6078862244897967,3.0820688775510203,0.6690242244897968,-0.5258173469387764,adjacent_specific,0.15
VIM,,1.025483938775512,0.09147844798152127,11.210115184536805,2.307321936468073e-21,9.850091854339038e-20,adjacent_normal_vs_healthy,up,unique_gene_symbol,processed_matrix_welch_t,0.9081632653061225,9.948813000000003,10.974296938775515,10.329088265306119,1.025483938775512,-0.645208673469396,adjacent_specific,0.15
ITPRIPL2,,0.5325358367346968,0.04098783253779296,12.992534705114512,2.438320948958308e-21,1.0362864033072809e-19,adjacent_normal_vs_healthy,up,unique_gene_symbol,processed_matrix_welch_t,0.9897959183673469,8.221406,8.753941836734697,8.80926632653061,0.5325358367346968,0.05532448979591287,field_shift_then_plateau,0.15
MRPL42,,-0.8125129795918387,0.06863095460082705,-11.838870438530186,2.461981494099004e-21,1.0416917255032231e-19,adjacent_normal_vs_healthy,down,unique_gene_symbol,processed_matrix_welch_t,0.9897959183673469,7.226813999999998,6.41430102040816,7.21707755102041,-0.8125129795918387,0.8027765306122507,adjacent_specific,0.15
CCDC28A,,-0.6154172244898,0.0539385272740836,-11.409603776584678,2.561140967507353e-21,1.0812444350629712e-19,adjacent_normal_vs_healthy,down,unique_gene_symbol,processed_matrix_welch_t,0.9489795918367347,8.723906000000001,8.108488775510201,7.636939795918364,-0.6154172244898,-0.4715489795918373,monotonic_down,0.15
SPAG9,,-1.15389555102041,0.09005870782236758,-12.812703834218471,2.5864947784648323e-21,1.0895323137604073e-19,adjacent_normal_vs_healthy,down,unique_gene_symbol,processed_matrix_welch_t,0.9795918367346939,6.623668,5.46977244897959,5.226758163265307,-1.15389555102041,-0.24301428571428296,monotonic_down,0.15
SDC2,,1.3799149183673487,0.12231768189870994,11.28140181327212,2.6743518694633773e-21,1.12157840516702e-19,adjacent_normal_vs_healthy,up,unique_gene_symbol,processed_matrix_welch_t,0.9081632653061225,5.222031,6.601945918367349,6.399692346938775,1.3799149183673487,-0.2022535714285736,non_monotonic,0.15
MAP4K4,,0.7524710612244894,0.06606855224915839,11.389247010994927,2.768437131452378e-21,1.1568233776741437e-19,adjacent_normal_vs_healthy,up,unique_gene_symbol,processed_matrix_welch_t,0.9489795918367347,4.458381999999999,5.210853061224489,6.021173469387756,0.7524710612244894,0.8103204081632676,monotonic_up,0.15
CPOX,,-0.6750775102040816,0.05655279490806241,-11.937120195413005,2.7705433835053023e-21,1.1568233776741437e-19,adjacent_normal_vs_healthy,down,unique_gene_symbol,processed_matrix_welch_t,0.9795918367346939,4.310251999999999,3.6351744897959177,4.5170673469387745,-0.6750775102040816,0.8818928571428568,adjacent_specific,0.15
CAT,,-0.7427648979591837,0.06010475256107495,-12.357839710003452,3.123619218391742e-21,1.3013940901133209e-19,adjacent_normal_vs_healthy,down,unique_gene_symbol,processed_matrix_welch_t,1.0,8.739145,7.996380102040817,7.598811734693875,-0.7427648979591837,-0.3975683673469419,monotonic_down,0.15
COL18A1,,0.9880172244897967,0.08752446449089028,11.28846923242394,3.178697784514066e-21,1.3214499086713497e-19,adjacent_normal_vs_healthy,up,unique_gene_symbol,processed_matrix_welch_t,0.9693877551020408,4.436293999999999,5.424311224489796,6.30265969387755,0.9880172244897967,0.8783484693877543,monotonic_up,0.15
SYT1,,1.3861681224489786,0.11767919345655264,11.779211615354539,3.5771435370673436e-21,1.4806263683861352e-19,adjacent_normal_vs_healthy,up,unique_gene_symbol,processed_matrix_welch_t,0.9897959183673469,2.567588,3.953756122448979,3.5761826530612217,1.3861681224489786,-0.37757346938775704,non_monotonic,0.15
GRAMD1C,,-0.9776315918367344,0.08025126242226281,-12.182133493335874,3.5897813037819525e-21,1.482634187071765e-19,adjacent_normal_vs_healthy,down,unique_gene_symbol,processed_matrix_welch_t,0.9795918367346939,4.258202,3.2805704081632654,2.6726459183673454,-0.9776315918367344,-0.60792448979592,monotonic_down,0.15
TSTD1,,-0.6614895102040848,0.05958011699706911,-11.102521168876272,3.8999649128275926e-21,1.6037868669597703e-19,adjacent_normal_vs_healthy,down,unique_gene_symbol,processed_matrix_welch_t,0.9795918367346939,9.642464000000002,8.980974489795917,8.556691836734696,-0.6614895102040848,-0.4242826530612209,monotonic_down,0.15
S1PR3,,1.2483184081632652,0.11251216809562382,11.094963587425694,3.9841499307098294e-21,1.634875316394723e-19,adjacent_normal_vs_healthy,up,unique_gene_symbol,processed_matrix_welch_t,0.9795918367346939,3.1357019999999993,4.3840204081632645,4.720153061224489,1.2483184081632652,0.33613265306122475,monotonic_up,0.15
ITGA7,,1.6544903673469409,0.14218666466525837,11.63604457029785,4.4021789506996795e-21,1.7948070068805545e-19,adjacent_normal_vs_healthy,up,unique_gene_symbol,processed_matrix_welch_t,0.9897959183673469,3.6678279999999996,5.3223183673469405,4.104724489795918,1.6544903673469409,-1.2175938775510229,adjacent_specific,0.15
IGFBP3,,0.9878160408163268,0.08823598982678188,11.195160192065975,4.394827166012074e-21,1.7948070068805545e-19,adjacent_normal_vs_healthy,up,unique_gene_symbol,processed_matrix_welch_t,0.9489795918367347,4.389286000000001,5.377102040816328,5.785947959183675,0.9878160408163268,0.40884591836734696,monotonic_up,0.15
CYYR1,,0.8172144897959179,0.07376141434705877,11.079159707415565,4.44183966505149e-21,1.8071074192859054e-19,adjacent_normal_vs_healthy,up,unique_gene_symbol,processed_matrix_welch_t,0.9183673469387755,3.0720599999999996,3.8892744897959175,3.4112938775510235,0.8172144897959179,-0.47798061224489397,non_monotonic,0.15
FAM55B,,-1.1271357959183685,0.10139900813502607,-11.11584636427054,4.645492893718123e-21,1.8859314434198947e-19,adjacent_normal_vs_healthy,down,unique_gene_symbol,processed_matrix_welch_t,0.9795918367346939,7.088520999999999,5.961385204081631,4.0234469387755105,-1.1271357959183685,-1.9379382653061201,monotonic_down,0.15
CDO1,,1.308282857142859,0.11320946869901749,11.556302420437145,4.80076308555282e-21,1.9448197691260788e-19,adjacent_normal_vs_healthy,up,unique_gene_symbol,processed_matrix_welch_t,0.9693877551020408,2.3769099999999996,3.6851928571428587,2.599023469387756,1.308282857142859,-1.0861693877551026,adjacent_specific,0.15
MEIS1,,1.1935829387755108,0.10699106550808042,11.15591225405047,4.901542712027901e-21,1.9814304296605358e-19,adjacent_normal_vs_healthy,up,unique_gene_symbol,processed_matrix_welch_t,1.0,3.540063999999999,4.73364693877551,3.4265489795918374,1.1935829387755108,-1.3070979591836727,adjacent_specific,0.15
HIVEP2,,0.6419025714285724,0.05642295315262475,11.37662131388654,5.077971515583152e-21,2.0484020689979496e-19,adjacent_normal_vs_healthy,up,unique_gene_symbol,processed_matrix_welch_t,0.9591836734693877,3.5522259999999988,4.194128571428571,4.330602040816326,0.6419025714285724,0.13647346938775495,field_shift_then_plateau,0.15
HAND2,,1.5355145918367352,0.13286209003657268,11.557206358970097,5.21506198748271e-21,2.099255396229827e-19,adjacent_normal_vs_healthy,up,unique_gene_symbol,processed_matrix_welch_t,0.9795918367346939,2.924789999999999,4.460304591836734,3.0217596938775495,1.5355145918367352,-1.4385448979591846,adjacent_specific,0.15
ARHGEF3,,0.5135985102040816,0.04625284056021135,11.104150663687038,5.401398859800007e-21,2.169675828915446e-19,adjacent_normal_vs_healthy,up,unique_gene_symbol,processed_matrix_welch_t,0.9387755102040817,3.0105769999999996,3.5241755102040813,3.7119663265306113,0.5135985102040816,0.18779081632653005,monotonic_up,0.15
UEVLD,,-0.7299352244897941,0.06173001176753675,-11.824640941890445,5.756334106004824e-21,2.3073810816490914e-19,adjacent_normal_vs_healthy,down,unique_gene_symbol,processed_matrix_welch_t,0.9795918367346939,5.914573999999999,5.184638775510205,5.057362244897959,-0.7299352244897941,-0.12727653061224586,field_shift_then_plateau,0.15
LTBP2,,0.9222655102040811,0.08329111559925342,11.072795742603162,5.8147213372351106e-21,2.325888534894044e-19,adjacent_normal_vs_healthy,up,unique_gene_symbol,processed_matrix_welch_t,0.9387755102040817,3.7774600000000005,4.699725510204082,5.47835969387755,0.9222655102040811,0.7786341836734687,monotonic_up,0.15
TOM1L1,,-0.7211174285714339,0.06405615244956334,-11.25758262079866,6.102434085192461e-21,2.430760355273315e-19,adjacent_normal_vs_healthy,down,unique_gene_symbol,processed_matrix_welch_t,0.9897959183673469,6.242796000000001,5.521678571428567,5.638004081632653,-0.7211174285714339,0.11632551020408588,field_shift_then_plateau,0.15
C1orf53,,-0.774321387755097,0.06817502040880617,-11.357846071947458,6.3532420222877464e-21,2.5201193355074726e-19,adjacent_normal_vs_healthy,down,unique_gene_symbol,processed_matrix_welch_t,0.9795918367346939,6.912951999999997,6.1386306122449,6.498431632653064,-0.774321387755097,0.3598010204081641,non_monotonic,0.15
PHF5A,,-0.6056549795918338,0.047883931197177855,-12.648397164757629,6.720456964309843e-21,2.654719929470112e-19,adjacent_normal_vs_healthy,down,unique_gene_symbol,processed_matrix_welch_t,1.0,8.022055999999997,7.416401020408164,7.8598479591836705,-0.6056549795918338,0.4434469387755069,non_monotonic,0.15
RBPMS2,,1.2775174897959167,0.11283961219971525,11.321533855813273,7.148513268408453e-21,2.817964650734926e-19,adjacent_normal_vs_healthy,up,unique_gene_symbol,processed_matrix_welch_t,0.9897959183673469,3.2764320000000002,4.553949489795917,3.368720918367345,1.2775174897959167,-1.185228571428572,adjacent_specific,0.15
HERC5,,1.6567045714285706,0.14991648927913143,11.050849572283749,7.503028312681496e-21,2.9516045263110677e-19,adjacent_normal_vs_healthy,up,unique_gene_symbol,processed_matrix_welch_t,0.9489795918367347,4.699174000000001,6.355878571428572,4.92660918367347,1.6567045714285706,-1.4292693877551015,adjacent_specific,0.15
MFAP4,,1.3148087755102056,0.11918803413093601,11.031382345528078,7.559135711286016e-21,2.967545235935789e-19,adjacent_normal_vs_healthy,up,unique_gene_symbol,processed_matrix_welch_t,0.8979591836734694,5.03648,6.351288775510206,4.276311224489795,1.3148087755102056,-2.0749775510204103,adjacent_specific,0.15
SELP,,0.8798702040816311,0.0798515616568127,11.018822748428528,7.59321421174207e-21,2.974790094476729e-19,adjacent_normal_vs_healthy,up,unique_gene_symbol,processed_matrix_welch_t,0.9693877551020408,3.294940000000002,4.174810204081633,3.6557377551020407,0.8798702040816311,-0.5190724489795926,adjacent_specific,0.15
EGLN1,,-0.6996792244897962,0.05942507670614616,-11.77414087237401,8.49039698925753e-21,3.312646694169331e-19,adjacent_normal_vs_healthy,down,unique_gene_symbol,processed_matrix_welch_t,0.9591836734693877,6.669818000000001,5.970138775510205,5.4264214285714285,-0.6996792244897962,-0.5437173469387764,monotonic_down,0.15
NAP1L3,,1.1082264489795928,0.09548273282217058,11.606563995644965,9.288106441427814e-21,3.6090927886690936e-19,adjacent_normal_vs_healthy,up,unique_gene_symbol,processed_matrix_welch_t,0.9795918367346939,2.4272459999999993,3.535472448979592,2.6462025510204077,1.1082264489795928,-0.8892698979591844,adjacent_specific,0.15
MX2,,1.5215060408163286,0.13601610107575565,11.1862200782311,9.561925029958951e-21,3.700387247366228e-19,adjacent_normal_vs_healthy,up,unique_gene_symbol,processed_matrix_welch_t,0.9897959183673469,3.328996,4.850502040816329,4.204495408163266,1.5215060408163286,-0.6460066326530622,adjacent_specific,0.15
TCEAL3,,0.9950139183673459,0.09060491399783198,10.981897939786741,9.555508585516615e-21,3.700387247366228e-19,adjacent_normal_vs_healthy,up,unique_gene_symbol,processed_matrix_welch_t,0.9387755102040817,6.440231999999998,7.435245918367344,6.669960204081633,0.9950139183673459,-0.765285714285711,adjacent_specific,0.15
CBR3,,0.856744040816328,0.07825875319051352,10.94758101666488,9.740395195769129e-21,3.761807799745318e-19,adjacent_normal_vs_healthy,up,unique_gene_symbol,processed_matrix_welch_t,0.9693877551020408,4.0643579999999995,4.9211020408163275,5.059262244897962,0.856744040816328,0.13816020408163432,field_shift_then_plateau,0.15
LDLR,,1.040856469387756,0.09269849025698364,11.228407997824332,1.021617158247053e-20,3.9375689661991673e-19,adjacent_normal_vs_healthy,up,unique_gene_symbol,processed_matrix_welch_t,0.9795918367346939,5.560867000000001,6.601723469387757,6.757753061224491,1.040856469387756,0.15602959183673448,monotonic_up,0.15
B3GALNT1,,0.8976201224489802,0.08200730593726646,10.945611640207241,1.1223189271912985e-20,4.316960075499459e-19,adjacent_normal_vs_healthy,up,unique_gene_symbol,processed_matrix_welch_t,0.9591836734693877,3.6383359999999993,4.5359561224489795,4.724492857142859,0.8976201224489802,0.1885367346938791,monotonic_up,0.15
ESYT1,,0.6178011836734729,0.05479839723134816,11.274073967259236,1.1385433749890501e-20,4.37053747173216e-19,adjacent_normal_vs_healthy,up,unique_gene_symbol,processed_matrix_welch_t,0.9897959183673469,8.095508,8.713309183673474,9.11302959183673,0.6178011836734729,0.3997204081632564,monotonic_up,0.15
GCA,,-0.5158527755102051,0.046561503759667895,-11.078954369103574,1.1566597237939525e-20,4.431147110872606e-19,adjacent_normal_vs_healthy,down,unique_gene_symbol,processed_matrix_welch_t,0.9795918367346939,6.813064,6.297211224489795,6.845791326530612,-0.5158527755102051,0.548580102040817,adjacent_specific,0.15
NAT1,,-0.7626012244897975,0.06985712237912202,-10.916585145764802,1.2468900419501676e-20,4.767226184484175e-19,adjacent_normal_vs_healthy,down,unique_gene_symbol,processed_matrix_welch_t,0.9795918367346939,10.029490000000003,9.266888775510205,7.854024489795917,-0.7626012244897975,-1.4128642857142886,monotonic_down,0.15
DARC,,1.462939795918369,0.12969825658862477,11.279564077399302,1.2969831834857125e-20,4.938911962713593e-19,adjacent_normal_vs_healthy,up,unique_gene_symbol,processed_matrix_welch_t,0.9387755102040817,4.777849999999999,6.240789795918368,4.266553061224488,1.462939795918369,-1.9742367346938803,adjacent_specific,0.15
SEMA3A,,1.3503852857142875,0.12248432755597109,11.024963868109642,1.3664148543448955e-20,5.192921921502357e-19,adjacent_normal_vs_healthy,up,unique_gene_symbol,processed_matrix_welch_t,0.9795918367346939,3.807653999999999,5.1580392857142865,5.785304081632653,1.3503852857142875,0.6272647959183661,monotonic_up,0.15
KLC1,,0.6552743265306118,0.059744242562729255,10.967991197521634,1.3964320383285424e-20,5.29642749198714e-19,adjacent_normal_vs_healthy,up,unique_gene_symbol,processed_matrix_welch_t,0.9693877551020408,4.454617,5.109891326530612,5.048078061224491,0.6552743265306118,-0.06181326530612097,field_shift_then_plateau,0.15
TRIB2,,0.8188005918367338,0.07516084904757848,10.893977412607658,1.4784174237759477e-20,5.596236132941162e-19,adjacent_normal_vs_healthy,up,unique_gene_symbol,processed_matrix_welch_t,0.9897959183673469,3.4305540000000008,4.249354591836735,4.4380908163265325,0.8188005918367338,0.18873622448979788,monotonic_up,0.15
C11orf52,,-0.7285415510204087,0.06690519533552954,-10.889162603393851,1.4911064559084768e-20,5.633068833432023e-19,adjacent_normal_vs_healthy,down,unique_gene_symbol,processed_matrix_welch_t,0.9693877551020408,6.008864000000002,5.280322448979593,5.023812244897957,-0.7285415510204087,-0.2565102040816356,monotonic_down,0.15
STC1,,0.6692334489795924,0.05910893865617413,11.322034605838564,1.502141565761733e-20,5.663519883584831e-19,adjacent_normal_vs_healthy,up,unique_gene_symbol,processed_matrix_welch_t,0.9591836734693877,2.4017139999999997,3.070947448979592,4.377320408163267,0.6692334489795924,1.3063729591836748,monotonic_up,0.15
AFF3,,0.7587855102040844,0.06906073198577888,10.987220789381947,1.5404898039295454e-20,5.796625665379159e-19,adjacent_normal_vs_healthy,up,unique_gene_symbol,processed_matrix_welch_t,0.9693877551020408,2.8117649999999994,3.5705505102040838,2.443658163265306,0.7587855102040844,-1.126892346938778,adjacent_specific,0.15
ADAMTS4,,0.8721892448979593,0.0783979057160237,11.125160001814859,1.793007954652286e-20,6.733505218260263e-19,adjacent_normal_vs_healthy,up,unique_gene_symbol,processed_matrix_welch_t,0.9081632653061225,2.6652229999999992,3.5374122448979586,4.278911224489796,0.8721892448979593,0.7414989795918379,monotonic_up,0.15
RMND5A,,-0.7195447755102053,0.06510425416062764,-11.052192898714694,1.905981145883954e-20,7.143677365675293e-19,adjacent_normal_vs_healthy,down,unique_gene_symbol,processed_matrix_welch_t,0.9795918367346939,6.902406000000002,6.1828612244897965,5.720048469387757,-0.7195447755102053,-0.4628127551020391,monotonic_down,0.15
FXYD1,,0.9795017959183663,0.09016444430597957,10.863503939472594,1.9241197872702952e-20,7.183380539142436e-19,adjacent_normal_vs_healthy,up,unique_gene_symbol,processed_matrix_welch_t,0.8877551020408163,3.880988,4.860489795918366,3.0893780612244894,0.9795017959183663,-1.7711117346938767,adjacent_specific,0.15
LAMA2,,1.049136122448978,0.09600540187860444,10.9278863680564,2.0482394189937247e-20,7.631796191319085e-19,adjacent_normal_vs_healthy,up,unique_gene_symbol,processed_matrix_welch_t,0.9387755102040817,4.981470000000001,6.030606122448979,4.834157142857144,1.049136122448978,-1.1964489795918345,adjacent_specific,0.15
NR2F2,,0.630668367346936,0.05805755526517001,10.86281302177544,2.110722558881063e-20,7.849249515838953e-19,adjacent_normal_vs_healthy,up,unique_gene_symbol,processed_matrix_welch_t,0.9081632653061225,7.561800000000001,8.192468367346937,7.777413265306119,0.630668367346936,-0.4150551020408173,non_monotonic,0.15
CLCA1,,-1.5641008163265298,0.14132785955449279,-11.067179685994242,2.1164721843215177e-20,7.855288574947699e-19,adjacent_normal_vs_healthy,down,unique_gene_symbol,processed_matrix_welch_t,0.9795918367346939,12.07951,10.515409183673471,6.202673469387756,-1.5641008163265298,-4.312735714285715,monotonic_down,0.15
LDOC1,,1.0189091836734687,0.09351993405142918,10.895101605965019,2.1656890773020494e-20,8.017011240840832e-19,adjacent_normal_vs_healthy,up,unique_gene_symbol,processed_matrix_welch_t,0.9591836734693877,2.7109499999999995,3.7298591836734682,2.9842602040816324,1.0189091836734687,-0.7455989795918359,adjacent_specific,0.15
GAS7,,0.6434613265306108,0.05919277129327202,10.870606536439492,2.2557302386947756e-20,8.32346971797452e-19,adjacent_normal_vs_healthy,up,unique_gene_symbol,processed_matrix_welch_t,0.9387755102040817,3.2551799999999997,3.8986413265306106,3.2398658163265304,0.6434613265306108,-0.6587755102040802,adjacent_specific,0.15
RERG,,1.4020340204081645,0.12535536909390962,11.184475228642457,2.3622003119165367e-20,8.69947658392473e-19,adjacent_normal_vs_healthy,up,unique_gene_symbol,processed_matrix_welch_t,0.9489795918367347,2.994141999999999,4.396176020408164,3.1376862244897956,1.4020340204081645,-1.258489795918368,adjacent_specific,0.15
ITPR1,,0.8677879183673478,0.07950360385727218,10.91507650301278,2.4337989780808673e-20,8.944507429449894e-19,adjacent_normal_vs_healthy,up,unique_gene_symbol,processed_matrix_welch_t,0.9285714285714286,3.4070579999999997,4.2748459183673475,3.6340285714285714,0.8677879183673478,-0.6408173469387761,adjacent_specific,0.15
XAF1,,2.0426624081632703,0.18725643351882396,10.908369714079445,2.4643487805116517e-20,9.023307842488817e-19,adjacent_normal_vs_healthy,up,unique_gene_symbol,processed_matrix_welch_t,0.9591836734693877,5.048457999999998,7.091120408163269,6.034468367346939,2.0426624081632703,-1.0566520408163296,adjacent_specific,0.15
OLFML2A,,0.6743966122448972,0.06197086256651149,10.882479028286678,2.5442307872631242e-20,9.297918270535486e-19,adjacent_normal_vs_healthy,up,unique_gene_symbol,processed_matrix_welch_t,0.9591836734693877,3.4469590000000006,4.121355612244898,3.879594897959184,0.6743966122448972,-0.24176071428571388,non_monotonic,0.15
TMEM22,,0.7335019387755084,0.06559852981155104,11.181682590794106,3.0223654246729173e-20,1.1024106836354855e-18,adjacent_normal_vs_healthy,up,unique_gene_symbol,processed_matrix_welch_t,0.9795918367346939,2.881045,3.6145469387755083,3.5193586734693882,0.7335019387755084,-0.09518826530612001,field_shift_then_plateau,0.15
ELTD1,,0.9859461020408178,0.08767210920495952,11.245835317317127,3.123534392533233e-20,1.1371337444327488e-18,adjacent_normal_vs_healthy,up,unique_gene_symbol,processed_matrix_welch_t,0.9693877551020408,5.313508999999999,6.299455102040817,6.288673979591837,0.9859461020408178,-0.010781122448979552,field_shift_then_plateau,0.15
C11orf95,,0.8888284489795923,0.08239963785032901,10.786800429803629,3.2312595884456805e-20,1.174106537481026e-18,adjacent_normal_vs_healthy,up,unique_gene_symbol,processed_matrix_welch_t,0.9489795918367347,4.702794,5.591622448979592,6.419342857142859,0.8888284489795923,0.827720408163267,monotonic_up,0.15
MRPS28,,-0.8103781224489772,0.07233870200877088,-11.202552713079108,3.2481097381324653e-20,1.1779811316960409e-18,adjacent_normal_vs_healthy,down,unique_gene_symbol,processed_matrix_welch_t,0.9591836734693877,6.942971999999998,6.132593877551021,6.555971428571427,-0.8103781224489772,0.42337755102040564,non_monotonic,0.15
MAB21L1,,0.8961436734693864,0.08029816036231341,11.160201795731005,3.409480663941081e-20,1.2318123689077455e-18,adjacent_normal_vs_healthy,up,unique_gene_symbol,processed_matrix_welch_t,0.9795918367346939,2.2680400000000005,3.164183673469387,2.1338908163265304,0.8961436734693864,-1.0302928571428565,adjacent_specific,0.15
GPRASP1,,0.6961294081632641,0.06481713408752492,10.739897990911714,3.423155172404815e-20,1.2344105015641608e-18,adjacent_normal_vs_healthy,up,unique_gene_symbol,processed_matrix_welch_t,0.9693877551020408,3.2093910000000005,3.9055204081632646,3.1311096938775513,0.6961294081632641,-0.7744107142857133,adjacent_specific,0.15
RAB34,,1.0802940408163284,0.10012942187852966,10.78897711131169,3.6998707719298644e-20,1.3291611225951813e-18,adjacent_normal_vs_healthy,up,unique_gene_symbol,processed_matrix_welch_t,0.9387755102040817,4.9568579999999995,6.037152040816328,5.623929591836732,1.0802940408163284,-0.4132224489795959,non_monotonic,0.15
OCIAD2,,-0.7265751428571452,0.06740430242337958,-10.779358538471104,3.7141845888349626e-20,1.3317904815709544e-18,adjacent_normal_vs_healthy,down,unique_gene_symbol,processed_matrix_welch_t,0.9795918367346939,9.293918,8.567342857142854,9.009551020408164,-0.7265751428571452,0.44220816326530965,non_monotonic,0.15
TPRKB,,-0.6477798571428561,0.05518091872946377,-11.739200289845392,3.9548073943811875e-20,1.4127492080491145e-18,adjacent_normal_vs_healthy,down,unique_gene_symbol,processed_matrix_welch_t,1.0,8.327037000000002,7.679257142857146,8.115362244897964,-0.6477798571428561,0.436105102040818,non_monotonic,0.15
ZEB1,,1.5537993877550988,0.14178984778101808,10.958467140431697,4.058875377615226e-20,1.4472094979362153e-18,adjacent_normal_vs_healthy,up,unique_gene_symbol,processed_matrix_welch_t,0.9795918367346939,4.194920000000001,5.7487193877550995,4.939964285714286,1.5537993877550988,-0.8087551020408137,adjacent_specific,0.15
NRXN3,,1.4743022244897945,0.1335690862400212,11.037750320762848,4.930072455643691e-20,1.7447691367185106e-18,adjacent_normal_vs_healthy,up,unique_gene_symbol,processed_matrix_welch_t,0.9591836734693877,4.145008999999999,5.619311224489794,5.0674183673469395,1.4743022244897945,-0.5518928571428541,adjacent_specific,0.15
TRIM13,,-0.6512891428571415,0.05658923957890458,-11.509063343200145,5.494838468531115e-20,1.941033848623978e-18,adjacent_normal_vs_healthy,down,unique_gene_symbol,processed_matrix_welch_t,0.9693877551020408,6.7952819999999985,6.143992857142857,6.2715020408163245,-0.6512891428571415,0.12750918367346742,field_shift_then_plateau,0.15
HOOK2,,-0.8180403265306095,0.07413927193193685,-11.033832747664515,5.58270949464336e-20,1.968422014407585e-18,adjacent_normal_vs_healthy,down,unique_gene_symbol,processed_matrix_welch_t,0.9897959183673469,6.616773999999997,5.798733673469387,5.719846938775511,-0.8180403265306095,-0.07888673469387619,field_shift_then_plateau,0.15
FAM127A,,0.7310866122449031,0.06761788118899066,10.81203077336201,5.862908721946326e-20,2.0633970806997792e-18,adjacent_normal_vs_healthy,up,unique_gene_symbol,processed_matrix_welch_t,0.9693877551020408,8.408544,9.139630612244902,8.841843877551023,0.7310866122449031,-0.2977867346938794,non_monotonic,0.15
C16orf45,,0.921326081632655,0.08405833298853117,10.960556186123268,6.047325912248052e-20,2.1243742688044817e-18,adjacent_normal_vs_healthy,up,unique_gene_symbol,processed_matrix_welch_t,0.9795918367346939,4.160152999999999,5.081479081632654,4.349100510204084,0.921326081632655,-0.73237857142857,adjacent_specific,0.15
BIN2,,-0.59773257142857,0.05433727072844462,-11.000415799604513,6.121874801918898e-20,2.146602140488689e-18,adjacent_normal_vs_healthy,down,unique_gene_symbol,processed_matrix_welch_t,0.9387755102040817,4.771529,4.17379642857143,3.7775086734693875,-0.59773257142857,-0.3962877551020427,monotonic_down,0.15
ACTG2,,2.821243918367344,0.2651561100342808,10.63993553836115,6.359562297865462e-20,2.221762681676301e-18,adjacent_normal_vs_healthy,up,unique_gene_symbol,processed_matrix_welch_t,0.9591836734693877,5.152252,7.973495918367344,5.605675510204079,2.821243918367344,-2.367820408163265,adjacent_specific,0.15
ANGPTL1,,1.6824121224489819,0.15688263091437324,10.724017774582356,6.48413610974429e-20,2.2611346433980086e-18,adjacent_normal_vs_healthy,up,unique_gene_symbol,processed_matrix_welch_t,0.9693877551020408,2.9867939999999997,4.669206122448982,2.50744387755102,1.6824121224489819,-2.1617622448979614,adjacent_specific,0.15
CKS1B,,-0.7620005306122497,0.06998407154252535,-10.888199469063833,6.713884687127658e-20,2.3369719276583294e-18,adjacent_normal_vs_healthy,down,unique_gene_symbol,processed_matrix_welch_t,0.9285714285714286,7.165874000000001,6.403873469387752,7.59325918367347,-0.7620005306122497,1.1893857142857183,adjacent_specific,0.15
BDH2,,-0.6775991428571437,0.05969721881627021,-11.350598173469132,6.753842796943815e-20,2.346590636018435e-18,adjacent_normal_vs_healthy,down,unique_gene_symbol,processed_matrix_welch_t,0.9693877551020408,5.324642000000001,4.647042857142857,4.104577551020408,-0.6775991428571437,-0.5424653061224491,monotonic_down,0.15
CDC42SE2,,-0.8867789795918366,0.08355312754331778,-10.61335470814171,7.406576199528918e-20,2.5593686177682503e-18,adjacent_normal_vs_healthy,down,unique_gene_symbol,processed_matrix_welch_t,0.9897959183673469,7.73813,6.851351020408163,5.74754387755102,-0.8867789795918366,-1.1038071428571437,monotonic_down,0.15
ATF3,,1.0934208163265304,0.10097136050400497,10.82901934636367,7.61480582673104e-20,2.6265562126985327e-18,adjacent_normal_vs_healthy,up,unique_gene_symbol,processed_matrix_welch_t,0.9489795918367347,2.87007,3.9634908163265306,3.4351316326530608,1.0934208163265304,-0.5283591836734698,adjacent_specific,0.15
LPP,,0.9051031020408162,0.0853191566090561,10.608439394075598,8.25868106146846e-20,2.8383625886346476e-18,adjacent_normal_vs_healthy,up,unique_gene_symbol,processed_matrix_welch_t,0.9489795918367347,6.570602000000001,7.475705102040817,6.3368928571428595,0.9051031020408162,-1.1388122448979576,adjacent_specific,0.15
ZEB2,,0.617428693877554,0.055714751776738014,11.081960776774785,8.687440509143073e-20,2.969638551060756e-18,adjacent_normal_vs_healthy,up,unique_gene_symbol,processed_matrix_welch_t,0.9795918367346939,4.501505999999999,5.118934693877553,4.250043367346939,0.617428693877554,-0.8688913265306137,adjacent_specific,0.15
DIP2C,,0.8911482653061213,0.08105195984074268,10.994777511328785,8.957159111325036e-20,3.05634963225141e-18,adjacent_normal_vs_healthy,up,unique_gene_symbol,processed_matrix_welch_t,0.9795918367346939,4.052415,4.943563265306121,4.555892857142857,0.8911482653061213,-0.38767040816326404,non_monotonic,0.15
C11orf54,,-0.7394569795918384,0.06772540365070519,-10.918458063470528,9.150416034387825e-20,3.1167069999059782e-18,adjacent_normal_vs_healthy,down,unique_gene_symbol,processed_matrix_welch_t,0.9591836734693877,7.851107999999999,7.111651020408161,6.191152040816325,-0.7394569795918384,-0.9204989795918355,monotonic_down,0.15
GALNTL2,,0.84058193877551,0.07743937881315249,10.854709214593331,9.365098805272725e-20,3.1841335937927264e-18,adjacent_normal_vs_healthy,up,unique_gene_symbol,processed_matrix_welch_t,0.9081632653061225,2.4713399999999996,3.3119219387755097,2.534478571428572,0.84058193877551,-0.7774433673469376,adjacent_specific,0.15
ZFAND6,,-0.6787192857142816,0.05925655923042925,-11.45390982076711,9.685004251549108e-20,3.2870317459803032e-18,adjacent_normal_vs_healthy,down,unique_gene_symbol,processed_matrix_welch_t,0.9897959183673469,8.312205,7.633485714285719,7.045815816326528,-0.6787192857142816,-0.5876698979591906,monotonic_down,0.15
CACHD1,,0.5513367346938778,0.0485789423777096,11.349294729538165,9.96159072087406e-20,3.3748876748299307e-18,adjacent_normal_vs_healthy,up,unique_gene_symbol,processed_matrix_welch_t,0.9897959183673469,3.2779000000000007,3.8292367346938785,3.956352040816325,0.5513367346938778,0.12711530612244637,field_shift_then_plateau,0.15
CMC1,,-0.5645344897959212,0.050811033952123746,-11.110470421205145,1.0274976696351073e-19,3.474876666048391e-18,adjacent_normal_vs_healthy,down,unique_gene_symbol,processed_matrix_welch_t,0.9489795918367347,8.43246,7.8679255102040795,8.155945918367346,-0.5645344897959212,0.28802040816326624,non_monotonic,0.15
DCUN1D1,,-0.5762059387755096,0.05070203746767392,-11.364551950064751,1.0633746893022465e-19,3.583478598993766e-18,adjacent_normal_vs_healthy,down,unique_gene_symbol,processed_matrix_welch_t,0.9795918367346939,6.1710840000000005,5.594878061224491,5.661839285714288,-0.5762059387755096,0.06696122448979747,field_shift_then_plateau,0.15
PECR,,-0.6875050612244902,0.05932263633813512,-11.589253338401155,1.0629529157789488e-19,3.583478598993766e-18,adjacent_normal_vs_healthy,down,unique_gene_symbol,processed_matrix_welch_t,1.0,6.202951999999999,5.515446938775509,5.115298979591836,-0.6875050612244902,-0.4001479591836725,monotonic_down,0.15
SCO1,,-0.640736653061226,0.057617545992399044,-11.120512719263546,1.0724924965158777e-19,3.6078192815657796e-18,adjacent_normal_vs_healthy,down,unique_gene_symbol,processed_matrix_welch_t,0.9897959183673469,7.3589040000000026,6.718167346938777,6.084926530612244,-0.640736653061226,-0.6332408163265324,monotonic_down,0.15
TDP2,,-0.7399749183673467,0.07005530568613155,-10.562724851742892,1.0917041266560277e-19,3.66596941296839e-18,adjacent_normal_vs_healthy,down,unique_gene_symbol,processed_matrix_welch_t,0.9591836734693877,9.884554,9.144579081632653,7.360039285714285,-0.7399749183673467,-1.7845397959183682,monotonic_down,0.15
EIF2AK2,,0.6751614897959186,0.06403761149826025,10.543202252542805,1.1662904943860082e-19,3.902666258894481e-18,adjacent_normal_vs_healthy,up,unique_gene_symbol,processed_matrix_welch_t,0.9387755102040817,6.420413000000001,7.095574489795919,7.130875510204082,0.6751614897959186,0.03530102040816274,field_shift_then_plateau,0.15
SLC25A20,,-0.6658815918367349,0.062414192313839156,-10.668752845321823,1.171448788901512e-19,3.9130499895938224e-18,adjacent_normal_vs_healthy,down,unique_gene_symbol,processed_matrix_welch_t,0.9693877551020408,7.863352,7.197470408163265,5.58548469387755,-0.6658815918367349,-1.6119857142857148,monotonic_down,0.15
SPOCK1,,1.7419436326530615,0.16528007473522535,10.539344415493597,1.1815730767761508e-19,3.926204429636634e-18,adjacent_normal_vs_healthy,up,unique_gene_symbol,processed_matrix_welch_t,0.9183673469387755,4.178288,5.920231632653062,6.198156122448976,1.7419436326530615,0.27792448979591455,monotonic_up,0.15
MGAT4B,,-0.7058837142857151,0.0663967440491364,-10.631300139707623,1.18045646720939e-19,3.926204429636634e-18,adjacent_normal_vs_healthy,down,unique_gene_symbol,processed_matrix_welch_t,0.9897959183673469,8.879498000000002,8.173614285714287,7.82930204081633,-0.7058837142857151,-0.34431224489795653,monotonic_down,0.15
UQCRQ,,-0.7410510612244883,0.06884768246087974,-10.763631174448962,1.179621162999418e-19,3.926204429636634e-18,adjacent_normal_vs_healthy,down,unique_gene_symbol,processed_matrix_welch_t,0.9693877551020408,5.649997999999999,4.908946938775511,4.471614285714286,-0.7410510612244883,-0.43733265306122515,monotonic_down,0.15
SP110,,0.9361129387755094,0.08786375383021315,10.654142327955196,1.259601271883553e-19,4.178189584784468e-18,adjacent_normal_vs_healthy,up,unique_gene_symbol,processed_matrix_welch_t,0.9693877551020408,5.050984000000001,5.98709693877551,5.025613265306121,0.9361129387755094,-0.961483673469389,adjacent_specific,0.15
ENG,,0.7600762448979559,0.06967299519833815,10.909194340421944,1.2825372575350886e-19,4.2468711971248844e-18,adjacent_normal_vs_healthy,up,unique_gene_symbol,processed_matrix_welch_t,0.9591836734693877,5.218736,5.978812244897956,6.264691836734694,0.7600762448979559,0.2858795918367383,monotonic_up,0.15
PIGF,,-0.5028864285714274,0.047209589501113695,-10.652209305051553,1.4915949931506343e-19,4.922004968732769e-18,adjacent_normal_vs_healthy,down,unique_gene_symbol,processed_matrix_welch_t,0.9897959183673469,6.54824,6.045353571428572,6.10810306122449,-0.5028864285714274,0.06274948979591777,field_shift_then_plateau,0.15
MYH10,,0.838847918367347,0.07886948253288054,10.635899861744786,1.5488012869357427e-19,5.101933651082447e-18,adjacent_normal_vs_healthy,up,unique_gene_symbol,processed_matrix_welch_t,0.9081632653061225,2.771548,3.610395918367347,4.052281632653062,0.838847918367347,0.4418857142857151,monotonic_up,0.15
CTSF,,0.8988238775510204,0.0838733563517937,10.716441032609259,1.559171677826444e-19,5.1272243084310005e-18,adjacent_normal_vs_healthy,up,unique_gene_symbol,processed_matrix_welch_t,0.9489795918367347,2.89152,3.7903438775510203,3.2958826530612253,0.8988238775510204,-0.494461224489795,non_monotonic,0.15
GREM2,,1.6885708979591882,0.1472109850182615,11.470413690593276,1.562024835625124e-19,5.127750494879717e-18,adjacent_normal_vs_healthy,up,unique_gene_symbol,processed_matrix_welch_t,0.9795918367346939,4.528474,6.217044897959188,2.946108163265306,1.6885708979591882,-3.2709367346938825,adjacent_specific,0.15
POLR2K,,-0.5543662244897973,0.051489237081663385,-10.766642815285005,1.5833433463866952e-19,5.188787833941941e-18,adjacent_normal_vs_healthy,down,unique_gene_symbol,processed_matrix_welch_t,0.9489795918367347,9.55913,9.004763775510202,9.625296428571426,-0.5543662244897973,0.6205326530612236,adjacent_specific,0.15
TMEM38B,,-0.6719343061224494,0.0626294102372686,-10.728734368994656,1.625152808327161e-19,5.316651111778204e-18,adjacent_normal_vs_healthy,down,unique_gene_symbol,processed_matrix_welch_t,0.9693877551020408,7.0782940000000005,6.406359693877551,6.641237755102042,-0.6719343061224494,0.2348780612244905,non_monotonic,0.15
BCKDHB,,-0.5593576530612268,0.050553608601796196,-11.06464342569904,1.7896558952433946e-19,5.8247945718691e-18,adjacent_normal_vs_healthy,down,unique_gene_symbol,processed_matrix_welch_t,0.9795918367346939,7.872025,7.312667346938773,7.030087755102041,-0.5593576530612268,-0.28257959183673176,monotonic_down,0.15
TCEAL7,,1.4203719183673469,0.13077029527930936,10.861579193758079,1.965968788591563e-19,6.376839137101083e-18,adjacent_normal_vs_healthy,up,unique_gene_symbol,processed_matrix_welch_t,0.9183673469387755,2.9765239999999995,4.396895918367346,3.03253775510204,1.4203719183673469,-1.3643581632653063,adjacent_specific,0.15
PPP1R15A,,0.6494728163265298,0.06129434652575405,10.595966074189905,1.9998500610378174e-19,6.475704959551028e-18,adjacent_normal_vs_healthy,up,unique_gene_symbol,processed_matrix_welch_t,0.9387755102040817,3.911268000000001,4.560740816326531,4.578960204081633,0.6494728163265298,0.018219387755102012,field_shift_then_plateau,0.15
C9orf46,,-0.6258276734693915,0.059221995792086334,-10.567487047659057,2.2623868322875864e-19,7.276325217357372e-18,adjacent_normal_vs_healthy,down,unique_gene_symbol,processed_matrix_welch_t,0.9693877551020408,9.751944000000002,9.12611632653061,8.363042857142856,-0.6258276734693915,-0.7630734693877539,monotonic_down,0.15
FBXO3,,-0.5355948367346945,0.04787873656769884,-11.186486426545162,2.3103475613335998e-19,7.418046807384779e-18,adjacent_normal_vs_healthy,down,unique_gene_symbol,processed_matrix_welch_t,0.9693877551020408,5.862527999999998,5.326933163265304,5.036636734693879,-0.5355948367346945,-0.2902964285714251,monotonic_down,0.15
JAG1,,0.5513456122448961,0.05238384170974425,10.525108396972282,2.3292251448498283e-19,7.4660684777678e-18,adjacent_normal_vs_healthy,up,unique_gene_symbol,processed_matrix_welch_t,0.9591836734693877,3.98766,4.539005612244896,4.231093367346937,0.5513456122448961,-0.30791224489795876,non_monotonic,0.15
RAMP2,,0.563325387755103,0.05406859945729336,10.41871610157114,2.3815851469904376e-19,7.6210724703694e-18,adjacent_normal_vs_healthy,up,unique_gene_symbol,processed_matrix_welch_t,0.9183673469387755,3.0180940000000005,3.5814193877551035,3.431933673469386,0.563325387755103,-0.14948571428571755,field_shift_then_plateau,0.15
NCK1,,-0.6452082448979599,0.05848986419266203,-11.03111203631254,2.499798378631024e-19,7.985933075358171e-18,adjacent_normal_vs_healthy,down,unique_gene_symbol,processed_matrix_welch_t,0.9387755102040817,8.081646,7.436437755102039,6.928669387755102,-0.6452082448979599,-0.5077683673469373,monotonic_down,0.15
RAI2,,1.1527810612244886,0.10990080709687947,10.489286581929214,2.5214390563719493e-19,8.041574477943369e-18,adjacent_normal_vs_healthy,up,unique_gene_symbol,processed_matrix_welch_t,0.9183673469387755,4.431872,5.584653061224489,4.549155102040815,1.1527810612244886,-1.0354979591836742,adjacent_specific,0.15
CCDC50,,0.97441130612245,0.09294277818315978,10.48399160397599,2.6729825836258874e-19,8.496425441107997e-18,adjacent_normal_vs_healthy,up,unique_gene_symbol,processed_matrix_welch_t,0.9693877551020408,4.634703999999999,5.609115306122449,4.975452040816329,0.97441130612245,-0.6336632653061205,adjacent_specific,0.15
STAMBPL1,,-0.6791770204081651,0.0638487369556393,-10.63728200105262,3.0608006371153855e-19,9.648616577926646e-18,adjacent_normal_vs_healthy,down,unique_gene_symbol,processed_matrix_welch_t,0.9795918367346939,6.646826000000001,5.967648979591836,6.548547959183671,-0.6791770204081651,0.5808989795918356,adjacent_specific,0.15
ATP5S,,-0.5861288979591848,0.05038017311427065,-11.634118378865958,3.2580355538407917e-19,1.0236468142760507e-17,adjacent_normal_vs_healthy,down,unique_gene_symbol,processed_matrix_welch_t,0.9897959183673469,6.771784,6.1856551020408155,6.362671428571428,-0.5861288979591848,0.1770163265306124,non_monotonic,0.15
TSPYL5,,1.1672744489795912,0.11064601231532478,10.549629621111258,3.2792647435730414e-19,1.0286194516907861e-17,adjacent_normal_vs_healthy,up,unique_gene_symbol,processed_matrix_welch_t,0.9591836734693877,3.2184480000000004,4.385722448979592,3.4696897959183666,1.1672744489795912,-0.916032653061225,adjacent_specific,0.15
MX1,,2.1279750612244888,0.20536166103393252,10.36208535960798,3.352012366042491e-19,1.0490837929440282e-17,adjacent_normal_vs_healthy,up,unique_gene_symbol,processed_matrix_welch_t,0.9081632653061225,5.202827999999999,7.330803061224488,5.857068367346941,2.1279750612244888,-1.4737346938775469,adjacent_specific,0.15
ENC1,,0.6145857551020377,0.05733127451171489,10.719903932651196,3.355525367137149e-19,1.0490837929440282e-17,adjacent_normal_vs_healthy,up,unique_gene_symbol,processed_matrix_welch_t,0.9591836734693877,6.408677000000001,7.023262755102039,8.865899999999998,0.6145857551020377,1.8426372448979595,monotonic_up,0.15
MED21,,-0.6923466530612217,0.06376598941050265,-10.857616410593762,3.4715585995476238e-19,1.0835815694325698e-17,adjacent_normal_vs_healthy,down,unique_gene_symbol,processed_matrix_welch_t,0.9489795918367347,6.984313999999997,6.291967346938775,6.705210714285715,-0.6923466530612217,0.41324336734694,non_monotonic,0.15
IFIT3,,1.9694675918367324,0.19016923895701973,10.356394139442568,3.489664625099482e-19,1.0863199831128644e-17,adjacent_normal_vs_healthy,up,unique_gene_symbol,processed_matrix_welch_t,0.8979591836734694,4.197712,6.1671795918367325,5.1235020408163265,1.9694675918367324,-1.043677551020406,adjacent_specific,0.15
BAG3,,0.7561496734693893,0.07248402832990247,10.431948815370244,3.4935729558711367e-19,1.0863199831128644e-17,adjacent_normal_vs_healthy,up,unique_gene_symbol,processed_matrix_welch_t,0.9489795918367347,6.494433999999999,7.2505836734693885,7.326402040816327,0.7561496734693893,0.07581836734693859,field_shift_then_plateau,0.15
PI16,,0.6634991836734687,0.06325666489470795,10.489000404587834,3.5207043902884457e-19,1.0917624037637133e-17,adjacent_normal_vs_healthy,up,unique_gene_symbol,processed_matrix_welch_t,0.9591836734693877,3.1905599999999987,3.8540591836734674,3.035766326530613,0.6634991836734687,-0.8182928571428545,adjacent_specific,0.15
QKI,,0.8899277551020397,0.08492117564242561,10.479456370802318,3.682081136664159e-19,1.1399483714160257e-17,adjacent_normal_vs_healthy,up,unique_gene_symbol,processed_matrix_welch_t,0.9387755102040817,4.11196,5.0018877551020395,4.590099489795919,0.8899277551020397,-0.41178826530612067,non_monotonic,0.15
SUCLA2,,-0.5938931836734707,0.05443855186025786,-10.909422888360012,3.7332080936713894e-19,1.1539006834984293e-17,adjacent_normal_vs_healthy,down,unique_gene_symbol,processed_matrix_welch_t,0.9387755102040817,7.831034000000001,7.23714081632653,7.296698979591835,-0.5938931836734707,0.059558163265305275,field_shift_then_plateau,0.15
FMO2,,0.7926395510204078,0.07203177326066586,11.004026627971989,4.039537893788865e-19,1.2409255282421174e-17,adjacent_normal_vs_healthy,up,unique_gene_symbol,processed_matrix_welch_t,0.9795918367346939,2.284513,3.077152551020408,2.4888596938775516,0.7926395510204078,-0.5882928571428563,adjacent_specific,0.15
NLN,,-1.3299760408163301,0.12619074314257617,-10.539410480479233,4.0408289259984917e-19,1.2409255282421174e-17,adjacent_normal_vs_healthy,down,unique_gene_symbol,processed_matrix_welch_t,0.9489795918367347,7.558024000000002,6.228047959183672,5.322924489795917,-1.3299760408163301,-0.905123469387755,monotonic_down,0.15
USP11,,0.6447099591836745,0.06196351815719457,10.40467001160452,4.404643802557234e-19,1.3504737198178702e-17,adjacent_normal_vs_healthy,up,unique_gene_symbol,processed_matrix_welch_t,0.9489795918367347,6.706837999999999,7.351547959183674,7.854794897959183,0.6447099591836745,0.5032469387755087,monotonic_up,0.15
C9orf80,,-0.5201790612244848,0.046612708813211924,-11.159597338763652,4.702155742698428e-19,1.4347603420028535e-17,adjacent_normal_vs_healthy,down,unique_gene_symbol,processed_matrix_welch_t,1.0,6.829975999999999,6.309796938775515,6.338292857142858,-0.5201790612244848,0.028495918367343442,field_shift_then_plateau,0.15
SLC35F5,,-0.6458691020408178,0.0617000647547903,-10.467883698463599,5.03490194617859e-19,1.52893992113621e-17,adjacent_normal_vs_healthy,down,unique_gene_symbol,processed_matrix_welch_t,0.9693877551020408,8.883863999999999,8.237994897959181,8.039080612244897,-0.6458691020408178,-0.1989142857142845,monotonic_down,0.15
FDX1,,-0.5557830612244885,0.05291789112108384,-10.502743957667851,5.214265712915211e-19,1.575866971014375e-17,adjacent_normal_vs_healthy,down,unique_gene_symbol,processed_matrix_welch_t,0.9693877551020408,6.76908,6.213296938775511,5.8945693877551015,-0.5557830612244885,-0.3187275510204097,monotonic_down,0.15
LTBP3,,0.7120519387755118,0.06824979419894357,10.433026899684535,5.404712222099847e-19,1.62825507450603e-17,adjacent_normal_vs_healthy,up,unique_gene_symbol,processed_matrix_welch_t,0.9285714285714286,3.86462,4.576671938775512,4.730828061224492,0.7120519387755118,0.15415612244898025,monotonic_up,0.15
ST3GAL2,,0.7291037142857153,0.07089892540897412,10.283706136305248,5.71216926429021e-19,1.710058220001346e-17,adjacent_normal_vs_healthy,up,unique_gene_symbol,processed_matrix_welch_t,0.9387755102040817,4.312982,5.042085714285715,6.116668367346939,0.7291037142857153,1.0745826530612241,monotonic_up,0.15
WSB2,,-0.5784925306122446,0.05270037816143783,-10.97700909925428,5.904425643742327e-19,1.7648393132944098e-17,adjacent_normal_vs_healthy,down,unique_gene_symbol,processed_matrix_welch_t,1.0,6.911616,6.333123469387756,5.87455408163265,-0.5784925306122446,-0.45856938775510603,monotonic_down,0.15
FILIP1L,,1.3746875510204077,0.13286846765216812,10.34622868248286,5.926282278777011e-19,1.7658280843179077e-17,adjacent_normal_vs_healthy,up,unique_gene_symbol,processed_matrix_welch_t,0.9285714285714286,4.492540000000002,5.8672275510204095,5.991807142857145,1.3746875510204077,0.12457959183673584,field_shift_then_plateau,0.15
ASPN,,1.2344468979591836,0.11835430758466399,10.43009691114225,5.968988632392421e-19,1.7714359220470934e-17,adjacent_normal_vs_healthy,up,unique_gene_symbol,processed_matrix_welch_t,0.9693877551020408,3.176347999999999,4.410794897959183,4.330473469387756,1.2344468979591836,-0.08032142857142688,field_shift_then_plateau,0.15
SON,,0.6643340816326546,0.06032183730887918,11.013160594411582,5.973013980852068e-19,1.7714359220470934e-17,adjacent_normal_vs_healthy,up,unique_gene_symbol,processed_matrix_welch_t,0.9489795918367347,7.429919999999999,8.094254081632654,7.9254581632653105,0.6643340816326546,-0.1687959183673433,non_monotonic,0.15
FMO5,,-0.9102327551020375,0.0866329633081681,-10.506771560660873,6.133239086064033e-19,1.8161255396370013e-17,adjacent_normal_vs_healthy,down,unique_gene_symbol,processed_matrix_welch_t,0.9591836734693877,6.596469999999998,5.686237244897961,4.28715969387755,-0.9102327551020375,-1.3990775510204108,monotonic_down,0.15
PLK3,,0.7967682448979576,0.07727919895695604,10.310254967080493,6.18182465434466e-19,1.8276698978062474e-17,adjacent_normal_vs_healthy,up,unique_gene_symbol,processed_matrix_welch_t,0.9489795918367347,2.8461940000000006,3.642962244897958,3.8492438775510207,0.7967682448979576,0.20628163265306254,monotonic_up,0.15
TPM2,,1.2278278775510225,0.11932415649756203,10.289851724835858,7.441206261604854e-19,2.196597941410177e-17,adjacent_normal_vs_healthy,up,unique_gene_symbol,processed_matrix_welch_t,0.9693877551020408,4.932340999999999,6.160168877551022,5.7412755102040816,1.2278278775510225,-0.41889336734694016,non_monotonic,0.15
ADAMDEC1,,-1.6098061632653051,0.15595773319185227,-10.322066949286786,7.482495066045199e-19,2.2053669668343746e-17,adjacent_normal_vs_healthy,down,unique_gene_symbol,processed_matrix_welch_t,0.9285714285714286,9.057497999999997,7.447691836734692,5.142652040816325,-1.6098061632653051,-2.3050397959183666,monotonic_down,0.15
ITIH5,,1.0367162040816322,0.10000890229215956,10.366239207916076,7.629886285264811e-19,2.2453328419079138e-17,adjacent_normal_vs_healthy,up,unique_gene_symbol,processed_matrix_welch_t,0.9489795918367347,3.4321940000000013,4.4689102040816335,3.5732867346938786,1.0367162040816322,-0.895623469387755,adjacent_specific,0.15
PDE1A,,0.7653456938775487,0.07482172855266687,10.228922916941478,7.74179053552565e-19,2.2747483301914877e-17,adjacent_normal_vs_healthy,up,unique_gene_symbol,processed_matrix_welch_t,0.9489795918367347,3.0321640000000003,3.797509693877549,3.1645755102040805,0.7653456938775487,-0.6329341836734685,adjacent_specific,0.15
IGDCC4,,1.0411244081632658,0.09765516364101916,10.661232538511165,7.813269396952748e-19,2.2922133947300515e-17,adjacent_normal_vs_healthy,up,unique_gene_symbol,processed_matrix_welch_t,0.9489795918367347,4.502421,5.543545408163266,5.665545918367346,1.0411244081632658,0.12200051020407976,field_shift_then_plateau,0.15
MYL9,,2.1214933877551063,0.20336851236441422,10.43176922076128,7.910149261395975e-19,2.3170652605689136e-17,adjacent_normal_vs_healthy,up,unique_gene_symbol,processed_matrix_welch_t,0.9489795918367347,5.631125999999998,7.752619387755105,6.3958173469387765,2.1214933877551063,-1.3568020408163282,adjacent_specific,0.15
ANKRD50,,0.6772967959183651,0.06032264063687207,11.227903632328207,8.12615976148145e-19,2.3752153822079994e-17,adjacent_normal_vs_healthy,up,unique_gene_symbol,processed_matrix_welch_t,0.9693877551020408,6.098018000000001,6.775314795918366,6.86439183673469,0.6772967959183651,0.08907704081632417,field_shift_then_plateau,0.15
HSBP1L1,,-0.6028276734693847,0.0585118607395209,-10.302657715040233,8.133615699577813e-19,2.3752153822079994e-17,adjacent_normal_vs_healthy,down,unique_gene_symbol,processed_matrix_welch_t,0.9591836734693877,8.072893999999996,7.4700663265306115,6.3346020408163275,-0.6028276734693847,-1.135464285714284,monotonic_down,0.15
RORA,,0.9333486938775479,0.09052097112715692,10.310855951450757,8.516907814539641e-19,2.4757545769287746e-17,adjacent_normal_vs_healthy,up,unique_gene_symbol,processed_matrix_welch_t,0.9183673469387755,4.357836000000001,5.291184693877549,4.600733673469386,0.9333486938775479,-0.6904510204081626,adjacent_specific,0.15
RRAD,,0.6520129387755098,0.06388100556354084,10.206679325468178,8.570603888098446e-19,2.4875655187407682e-17,adjacent_normal_vs_healthy,up,unique_gene_symbol,processed_matrix_welch_t,0.9591836734693877,2.9251840000000002,3.57719693877551,3.1046826530612255,0.6520129387755098,-0.47251428571428455,non_monotonic,0.15
NUDT6,,-0.6682352857142853,0.06357812579584579,-10.510459019506799,9.00393208396935e-19,2.6093587043953792e-17,adjacent_normal_vs_healthy,down,unique_gene_symbol,processed_matrix_welch_t,0.9693877551020408,6.1043959999999995,5.436160714285714,4.758476020408163,-0.6682352857142853,-0.6776846938775511,monotonic_down,0.15
ANKRD56,,-0.7437735510204098,0.07187861694395159,-10.347633032510602,9.167382456362242e-19,2.6486640662995003e-17,adjacent_normal_vs_healthy,down,unique_gene_symbol,processed_matrix_welch_t,0.9591836734693877,4.718196000000001,3.974422448979591,3.462220408163264,-0.7437735510204098,-0.512202040816327,monotonic_down,0.15
NBAS,,0.5254970204081655,0.04914672081815824,10.69241267087773,9.277518392779344e-19,2.6723744356810695e-17,adjacent_normal_vs_healthy,up,unique_gene_symbol,processed_matrix_welch_t,0.9591836734693877,4.959804,5.485301020408166,5.697184693877552,0.5254970204081655,0.2118836734693863,monotonic_up,0.15
AOX1,,0.8797846530612232,0.08622756748692499,10.203055457810848,9.693261346923637e-19,2.7879108163961634e-17,adjacent_normal_vs_healthy,up,unique_gene_symbol,processed_matrix_welch_t,0.9183673469387755,3.377448,4.257232653061223,3.352342857142855,0.8797846530612232,-0.9048897959183679,adjacent_specific,0.15
PARP9,,0.9112217959183706,0.08902095620794186,10.236036937076593,9.916219631165459e-19,2.84773486843726e-17,adjacent_normal_vs_healthy,up,unique_gene_symbol,processed_matrix_welch_t,0.9693877551020408,4.222217999999999,5.1334397959183695,5.039117346938777,0.9112217959183706,-0.09432244897959219,field_shift_then_plateau,0.15
PALLD,,1.2477017551020424,0.11890136855085198,10.493586157239417,1.006095932072588e-18,2.880611510776252e-17,adjacent_normal_vs_healthy,up,unique_gene_symbol,processed_matrix_welch_t,0.9897959183673469,8.052536,9.300237755102042,8.66189081632653,1.2477017551020424,-0.6383469387755127,adjacent_specific,0.15
SPTAN1,,0.8550197959183667,0.0776401580531627,11.012597312500413,1.0048721280085885e-18,2.880611510776252e-17,adjacent_normal_vs_healthy,up,unique_gene_symbol,processed_matrix_welch_t,0.9795918367346939,3.5142199999999986,4.369239795918365,4.302182653061224,0.8550197959183667,-0.06705714285714137,field_shift_then_plateau,0.15
ENAH,,1.0131696530612242,0.09962398971356749,10.169936538119229,1.1135900630276643e-18,3.1740650898273545e-17,adjacent_normal_vs_healthy,up,unique_gene_symbol,processed_matrix_welch_t,0.9795918367346939,5.235837999999998,6.249007653061223,6.672964795918366,1.0131696530612242,0.4239571428571436,monotonic_up,0.15
HPGD,,-0.8132029387755093,0.07856207886812966,-10.351087324719483,1.1223457697549959e-18,3.1894721576321077e-17,adjacent_normal_vs_healthy,down,unique_gene_symbol,processed_matrix_welch_t,0.9591836734693877,9.934781,9.12157806122449,5.273145408163266,-0.8132029387755093,-3.8484326530612236,monotonic_down,0.15
ARL4C,,0.9547868571428575,0.09012118979504942,10.594476829635758,1.2028992534770492e-18,3.4031503397032713e-17,adjacent_normal_vs_healthy,up,unique_gene_symbol,processed_matrix_welch_t,0.9591836734693877,4.6175060000000006,5.572292857142858,5.902021428571426,0.9547868571428575,0.3297285714285678,monotonic_up,0.15
FBXO22,,-0.5235004081632679,0.04849208369392592,-10.79558493438881,1.2585537037076297e-18,3.544802147720898e-17,adjacent_normal_vs_healthy,down,unique_gene_symbol,processed_matrix_welch_t,0.9693877551020408,5.273230000000002,4.749729591836734,5.664927551020408,-0.5235004081632679,0.9151979591836739,adjacent_specific,0.15
VAV3,,-0.7224066122448987,0.07082993197960268,-10.19917133977955,1.4485254574891562e-18,4.0678355030373946e-17,adjacent_normal_vs_healthy,down,unique_gene_symbol,processed_matrix_welch_t,0.9897959183673469,6.161976000000001,5.439569387755102,5.153472448979592,-0.7224066122448987,-0.28609693877551035,monotonic_down,0.15
RSPO2,,1.1227515918367348,0.11103206693874546,10.111957948654043,1.528178255559731e-18,4.2788991155672467e-17,adjacent_normal_vs_healthy,up,unique_gene_symbol,processed_matrix_welch_t,0.9387755102040817,3.349878,4.472629591836735,2.706952040816327,1.1227515918367348,-1.7656775510204077,adjacent_specific,0.15
NR2F6,,-0.5100228979591837,0.05034072042743389,-10.131418335468226,1.570232437440838e-18,4.390194656222255e-17,adjacent_normal_vs_healthy,down,unique_gene_symbol,processed_matrix_welch_t,0.9285714285714286,5.731978000000001,5.221955102040817,4.554131632653061,-0.5100228979591837,-0.6678234693877556,monotonic_down,0.15
PTGER2,,-0.8013483061224482,0.07639560352619228,-10.489455795027595,1.6802531648611723e-18,4.6909120614306046e-17,adjacent_normal_vs_healthy,down,unique_gene_symbol,processed_matrix_welch_t,0.9489795918367347,5.380583000000001,4.579234693877552,4.030747448979593,-0.8013483061224482,-0.5484872448979594,monotonic_down,0.15
NFIX,,0.582381877551021,0.05748720987470578,10.130633906573843,1.7475616050446524e-18,4.864557450299735e-17,adjacent_normal_vs_healthy,up,unique_gene_symbol,processed_matrix_welch_t,0.9591836734693877,4.913812000000001,5.496193877551022,5.650995918367348,0.582381877551021,0.15480204081632642,monotonic_up,0.15
PTER,,-0.5950477346938765,0.05756702989184154,-10.336606488329657,1.7467208896000475e-18,4.864557450299735e-17,adjacent_normal_vs_healthy,down,unique_gene_symbol,processed_matrix_welch_t,0.9693877551020408,7.181011000000002,6.585963265306125,6.6929081632653045,-0.5950477346938765,0.10694489795917939,field_shift_then_plateau,0.15
DBI,,-0.5604453877551023,0.05513558305706607,-10.16485827627929,1.7582112537074513e-18,4.8870572657795435e-17,adjacent_normal_vs_healthy,down,unique_gene_symbol,processed_matrix_welch_t,0.9897959183673469,10.561676,10.001230612244898,9.9439612244898,-0.5604453877551023,-0.057269387755097156,field_shift_then_plateau,0.15
COL1A1,,0.9685211020408162,0.09434994558712695,10.265200430311227,1.8365360845413126e-18,5.075130195887749e-17,adjacent_normal_vs_healthy,up,unique_gene_symbol,processed_matrix_welch_t,0.9285714285714286,3.073484,4.042005102040816,6.9955581632653105,0.9685211020408162,2.9535530612244942,monotonic_up,0.15
DPYSL3,,1.4737528571428582,0.13894871660747765,10.606451740796768,1.8458306558518263e-18,5.0934225633940247e-17,adjacent_normal_vs_healthy,up,unique_gene_symbol,processed_matrix_welch_t,0.9387755102040817,3.0156149999999995,4.489367857142858,4.373930612244899,1.4737528571428582,-0.11543724489795881,field_shift_then_plateau,0.15
TCF4,,0.9674981224489807,0.09602506852757728,10.075474428545984,1.89463025229632e-18,5.22051519590766e-17,adjacent_normal_vs_healthy,up,unique_gene_symbol,processed_matrix_welch_t,0.9183673469387755,4.714108,5.681606122448981,5.305421428571429,0.9674981224489807,-0.37618469387755216,non_monotonic,0.15
FAM195A,,-0.5989567551020407,0.058824717802552884,-10.182059132224976,1.9096653391871013e-18,5.254339314757573e-17,adjacent_normal_vs_healthy,down,unique_gene_symbol,processed_matrix_welch_t,0.9489795918367347,8.608369,8.009412244897959,7.942100000000004,-0.5989567551020407,-0.06731224489795462,field_shift_then_plateau,0.15
MAP7,,-0.7446520204081635,0.07400186567354052,-10.06261144405735,2.1542332396817206e-18,5.918701426196242e-17,adjacent_normal_vs_healthy,down,unique_gene_symbol,processed_matrix_welch_t,0.9897959183673469,6.394125999999999,5.649473979591836,6.1726321428571405,-0.7446520204081635,0.5231581632653048,adjacent_specific,0.15
STMN3,,0.8996332653061243,0.08918960178097234,10.086750555467237,2.2153432649228068e-18,6.069084282608668e-17,adjacent_normal_vs_healthy,up,unique_gene_symbol,processed_matrix_welch_t,0.8877551020408163,3.30103,4.200663265306124,5.376530612244899,0.8996332653061243,1.1758673469387748,monotonic_up,0.15
ANKRD43,,-0.6932536122448987,0.06893953506391119,-10.05596587795682,2.2560397141743485e-18,6.171694850270056e-17,adjacent_normal_vs_healthy,down,unique_gene_symbol,processed_matrix_welch_t,0.9693877551020408,6.344123000000001,5.650869387755102,5.043259693877551,-0.6932536122448987,-0.607609693877551,monotonic_down,0.15
PLEC,,0.6100228571428605,0.05914096375666282,10.31472634860698,2.370700314566216e-18,6.466781373831052e-17,adjacent_normal_vs_healthy,up,unique_gene_symbol,processed_matrix_welch_t,0.9285714285714286,7.928269999999998,8.538292857142858,8.114125510204083,0.6100228571428605,-0.4241673469387752,non_monotonic,0.15
SCG2,,1.9561479183673445,0.17586917629670185,11.122744528394252,2.410844312091652e-18,6.566877782864814e-17,adjacent_normal_vs_healthy,up,unique_gene_symbol,processed_matrix_welch_t,0.9897959183673469,4.149498,6.105645918367345,3.5484153061224504,1.9561479183673445,-2.5572306122448945,adjacent_specific,0.15
SMARCA1,,1.1561193061224477,0.11402228021391986,10.13941576991291,2.4992921295304198e-18,6.798074592322741e-17,adjacent_normal_vs_healthy,up,unique_gene_symbol,processed_matrix_welch_t,0.9591836734693877,3.9137459999999997,5.0698653061224475,4.818492857142856,1.1561193061224477,-0.2513724489795912,non_monotonic,0.15
LPCAT1,,0.8917713469387749,0.08264053424535882,10.790967835361712,2.620364967405968e-18,7.117225246706081e-17,adjacent_normal_vs_healthy,up,unique_gene_symbol,processed_matrix_welch_t,0.9897959183673469,4.606446,5.498217346938775,6.613942857142859,0.8917713469387749,1.1157255102040837,monotonic_up,0.15
SPON2,,0.7548373061224498,0.07516104546471335,10.042932498548485,2.6782295993678574e-18,7.26403013845641e-17,adjacent_normal_vs_healthy,up,unique_gene_symbol,processed_matrix_welch_t,0.9489795918367347,3.782328,4.53716530612245,5.671180612244898,0.7548373061224498,1.134015306122448,monotonic_up,0.15
IFIT1,,2.1450158367346965,0.2142145400185704,10.013399821266773,2.7276131388081874e-18,7.376953716322144e-17,adjacent_normal_vs_healthy,up,unique_gene_symbol,processed_matrix_welch_t,0.8979591836734694,6.666825999999999,8.811841836734695,5.865132653061224,2.1450158367346965,-2.9467091836734713,adjacent_specific,0.15
PEX11A,,-0.784317632653063,0.0772609908777735,-10.151534736253248,3.3764016404498175e-18,9.054462990727398e-17,adjacent_normal_vs_healthy,down,unique_gene_symbol,processed_matrix_welch_t,0.9489795918367347,7.1794860000000025,6.3951683673469395,5.1667224489795895,-0.784317632653063,-1.22844591836735,monotonic_down,0.15
REV3L,,0.6455448979591809,0.06131504962275406,10.528327089857214,3.384140797859323e-18,9.062452994548736e-17,adjacent_normal_vs_healthy,up,unique_gene_symbol,processed_matrix_welch_t,0.9795918367346939,5.950075000000002,6.595619897959183,6.122511224489797,0.6455448979591809,-0.4731086734693859,non_monotonic,0.15
ROR1,,0.5804243877551039,0.05818078059890177,9.976222075062019,3.5007944956074625e-18,9.348545188831148e-17,adjacent_normal_vs_healthy,up,unique_gene_symbol,processed_matrix_welch_t,0.9693877551020408,3.390969999999998,3.971394387755102,3.32729744897959,0.5804243877551039,-0.6440969387755118,adjacent_specific,0.15
PTPN11,,0.5456212653061234,0.05330544325602738,10.235751397572868,3.649257631153597e-18,9.690636722059203e-17,adjacent_normal_vs_healthy,up,unique_gene_symbol,processed_matrix_welch_t,0.9591836734693877,3.9287419999999997,4.474363265306123,4.659459693877552,0.5456212653061234,0.18509642857142872,monotonic_up,0.15
WDR35,,0.5587864489795913,0.05590281012540166,9.995677278586117,3.758456867942673e-18,9.96671570551929e-17,adjacent_normal_vs_healthy,up,unique_gene_symbol,processed_matrix_welch_t,0.9693877551020408,2.741111,3.2998974489795914,4.167124999999999,0.5587864489795913,0.8672275510204073,monotonic_up,0.15
CKS2,,-0.9350286530612255,0.09374573395475426,-9.974092831920338,3.7987086361008925e-18,1.0059445400745619e-16,adjacent_normal_vs_healthy,down,unique_gene_symbol,processed_matrix_welch_t,0.9183673469387755,9.263846000000001,8.328817346938775,10.100062244897957,-0.9350286530612255,1.771244897959182,adjacent_specific,0.15
OR51E2,,1.022879,0.1027814664566291,9.951979041198312,4.003180271970184e-18,1.0586187830321155e-16,adjacent_normal_vs_healthy,up,unique_gene_symbol,processed_matrix_welch_t,0.9591836734693877,2.954196,3.977075,3.2400607142857134,1.022879,-0.7370142857142867,adjacent_specific,0.15
VPS36,,-0.578979755102039,0.05678253825955831,-10.196440188275279,4.025349728167835e-18,1.0615326706968917e-16,adjacent_normal_vs_healthy,down,unique_gene_symbol,processed_matrix_welch_t,0.9591836734693877,5.691392,5.1124122448979605,5.16297602040816,-0.578979755102039,0.05056377551019953,field_shift_then_plateau,0.15
HSPB8,,2.0620921632653078,0.19600158273973906,10.52079342646666,4.3633131505227715e-18,1.1458963087717736e-16,adjacent_normal_vs_healthy,up,unique_gene_symbol,processed_matrix_welch_t,0.9897959183673469,3.2641159999999996,5.326208163265307,3.669969897959184,2.0620921632653078,-1.6562382653061234,adjacent_specific,0.15
FABP4,,2.3506694285714307,0.23662381243874617,9.934204864440424,4.376640535630235e-18,1.147813165267213e-16,adjacent_normal_vs_healthy,up,unique_gene_symbol,processed_matrix_welch_t,0.9081632653061225,5.354351999999999,7.705021428571429,3.645464285714286,2.3506694285714307,-4.059557142857143,adjacent_specific,0.15
DACT3,,1.4062381224489808,0.13825333310039004,10.171459095513217,4.53440462452957e-18,1.1875524628754196e-16,adjacent_normal_vs_healthy,up,unique_gene_symbol,processed_matrix_welch_t,0.9693877551020408,4.149368,5.555606122448981,4.242055102040816,1.4062381224489808,-1.3135510204081644,adjacent_specific,0.15
FRY,,0.8107845714285711,0.08130313498802053,9.972365414298412,4.690486709769443e-18,1.2267426779397005e-16,adjacent_normal_vs_healthy,up,unique_gene_symbol,processed_matrix_welch_t,0.9591836734693877,3.0751190000000004,3.8859035714285715,3.5170928571428584,0.8107845714285711,-0.3688107142857131,non_monotonic,0.15
CKLF,,-0.5022968979591864,0.04866137714344757,-10.322291053918981,4.7738753071396434e-18,1.2468393120430562e-16,adjacent_normal_vs_healthy,down,unique_gene_symbol,processed_matrix_welch_t,0.9591836734693877,7.963977,7.4616801020408134,8.311810714285714,-0.5022968979591864,0.850130612244901,adjacent_specific,0.15
ARL6IP1,,-0.546989142857143,0.05378493925332933,-10.169931405533454,5.4532210749497325e-18,1.4164983528928091e-16,adjacent_normal_vs_healthy,down,unique_gene_symbol,processed_matrix_welch_t,0.9387755102040817,9.350382,8.803392857142857,9.18419489795918,-0.546989142857143,0.38080204081632374,non_monotonic,0.15
ANKRA2,,-0.5754729183673462,0.05515938229751146,-10.432910855735035,5.4921452396109215e-18,1.424665468149754e-16,adjacent_normal_vs_healthy,down,unique_gene_symbol,processed_matrix_welch_t,0.9795918367346939,6.613277,6.037804081632654,6.286785714285718,-0.5754729183673462,0.24898163265306383,non_monotonic,0.15
NAPEPLD,,-0.6631345306122469,0.06601359279413427,-10.04542401866015,5.6609975834384464e-18,1.4644754618025547e-16,adjacent_normal_vs_healthy,down,unique_gene_symbol,processed_matrix_welch_t,0.9387755102040817,6.272333,5.609198469387753,4.914323469387754,-0.6631345306122469,-0.6948749999999988,monotonic_down,0.15
EPHA2,,0.843661489795918,0.08431923713691063,10.005563599040277,5.672101470802685e-18,1.465357014980775e-16,adjacent_normal_vs_healthy,up,unique_gene_symbol,processed_matrix_welch_t,0.8775510204081632,3.9233379999999998,4.766999489795918,5.282139285714287,0.843661489795918,0.515139795918369,monotonic_up,0.15
PLAT,,0.9759352653061191,0.09425561590086373,10.354133872856863,5.7106809311084236e-18,1.4733247280258046e-16,adjacent_normal_vs_healthy,up,unique_gene_symbol,processed_matrix_welch_t,0.9387755102040817,5.871728000000001,6.84766326530612,6.077364285714286,0.9759352653061191,-0.7702989795918338,adjacent_specific,0.15
ZSWIM3,,-0.5436561020408188,0.05145630109440444,-10.565394139843022,5.921837224020648e-18,1.5257345161752793e-16,adjacent_normal_vs_healthy,down,unique_gene_symbol,processed_matrix_welch_t,0.9795918367346939,3.8058010000000007,3.262144897959182,3.691855102040817,-0.5436561020408188,0.4297102040816352,non_monotonic,0.15
INHBB,,1.0606134693877536,0.10686212001308201,9.925064833618439,5.9463613589861625e-18,1.5290571282901048e-16,adjacent_normal_vs_healthy,up,unique_gene_symbol,processed_matrix_welch_t,0.8775510204081632,2.89216,3.9527734693877536,5.195025510204079,1.0606134693877536,1.2422520408163256,monotonic_up,0.15
DSE,,0.7181904489795903,0.07227382460797813,9.937075460931274,6.2260107159559014e-18,1.5976178440943445e-16,adjacent_normal_vs_healthy,up,unique_gene_symbol,processed_matrix_welch_t,0.9285714285714286,4.644707000000001,5.3628974489795915,5.283824489795919,0.7181904489795903,-0.07907295918367296,field_shift_then_plateau,0.15
PRAF2,,0.6290795102040825,0.06368393372737496,9.878150946157216,6.269823143262796e-18,1.6066949212345038e-16,adjacent_normal_vs_healthy,up,unique_gene_symbol,processed_matrix_welch_t,0.9591836734693877,3.237396,3.8664755102040824,4.4246295918367355,0.6290795102040825,0.5581540816326531,monotonic_up,0.15
NCOA1,,0.5563735918367376,0.05471058694992773,10.169395410543526,6.589393792753049e-18,1.6817970216356306e-16,adjacent_normal_vs_healthy,up,unique_gene_symbol,processed_matrix_welch_t,0.9591836734693877,6.409505999999999,6.965879591836736,6.20300612244898,0.5563735918367376,-0.7628734693877561,adjacent_specific,0.15
FAM162B,,1.0006890612244908,0.09879561569016054,10.128881269011146,6.946089491780667e-18,1.765734898845179e-16,adjacent_normal_vs_healthy,up,unique_gene_symbol,processed_matrix_welch_t,0.9285714285714286,3.488564,4.489253061224491,3.9214367346938768,1.0006890612244908,-0.5678163265306142,adjacent_specific,0.15
HAPLN1,,-1.0991464081632651,0.10950685085943435,-10.037238762113214,7.079980228232146e-18,1.7973709806072008e-16,adjacent_normal_vs_healthy,down,unique_gene_symbol,processed_matrix_welch_t,0.9285714285714286,5.389875999999999,4.290729591836734,3.437522448979592,-1.0991464081632651,-0.8532071428571419,monotonic_down,0.15
CLIP3,,0.7198518367346947,0.07182595204208929,10.02216909443635,7.129657450377248e-18,1.8075722750357232e-16,adjacent_normal_vs_healthy,up,unique_gene_symbol,processed_matrix_welch_t,0.9897959183673469,2.5614900000000005,3.281341836734695,2.7279010204081637,0.7198518367346947,-0.5534408163265314,adjacent_specific,0.15
PTN,,1.4682952244897987,0.14700379702874267,9.988144892629629,8.043576149162737e-18,2.028472713643159e-16,adjacent_normal_vs_healthy,up,unique_gene_symbol,processed_matrix_welch_t,0.9387755102040817,4.662290999999998,6.130586224489797,3.872416836734695,1.4682952244897987,-2.2581693877551015,adjacent_specific,0.15
TGFB1I1,,1.3708586122449002,0.13593444416598796,10.084703848650461,8.255709462513766e-18,2.0792157164849488e-16,adjacent_normal_vs_healthy,up,unique_gene_symbol,processed_matrix_welch_t,0.9591836734693877,5.453072000000001,6.823930612244901,6.1907234693877555,1.3708586122449002,-0.6332071428571453,adjacent_specific,0.15
GNG11,,0.8565933469387783,0.08714292161322504,9.829752446683855,8.316032283591647e-18,2.0916414092415452e-16,adjacent_normal_vs_healthy,up,unique_gene_symbol,processed_matrix_welch_t,0.9183673469387755,7.4178239999999995,8.274417346938778,7.556231632653063,0.8565933469387783,-0.7181857142857151,adjacent_specific,0.15
SIGLEC1,,0.8072595510204068,0.08126540888255958,9.933618277698141,8.568881396921314e-18,2.149558653456941e-16,adjacent_normal_vs_healthy,up,unique_gene_symbol,processed_matrix_welch_t,0.9489795918367347,3.3253180000000016,4.132577551020408,2.9923091836734703,0.8072595510204068,-1.140268367346938,adjacent_specific,0.15
RNFT1,,-0.6794788979591848,0.06373912752571058,-10.660310618232138,8.949234447925703e-18,2.242018735375071e-16,adjacent_normal_vs_healthy,down,unique_gene_symbol,processed_matrix_welch_t,0.9693877551020408,5.566234000000001,4.886755102040816,4.703808163265307,-0.6794788979591848,-0.18294693877550916,monotonic_down,0.15
CFL2,,1.6570428571428595,0.16506719354049987,10.038595929337696,8.983921904736649e-18,2.2448014838082126e-16,adjacent_normal_vs_healthy,up,unique_gene_symbol,processed_matrix_welch_t,0.9489795918367347,5.308299999999999,6.965342857142859,5.374517346938774,1.6570428571428595,-1.590825510204085,adjacent_specific,0.15
RBPMS,,1.2778795918367356,0.12675213500143923,10.081720452458065,8.97791351188993e-18,2.2448014838082126e-16,adjacent_normal_vs_healthy,up,unique_gene_symbol,processed_matrix_welch_t,0.9489795918367347,3.9572749999999983,5.235154591836734,5.6964586734693885,1.2778795918367356,0.4613040816326546,monotonic_up,0.15
ACTR6,,-0.5030836734693915,0.04745510507094135,-10.601255075029846,1.0658155127019201e-17,2.6388982265077446e-16,adjacent_normal_vs_healthy,down,unique_gene_symbol,processed_matrix_welch_t,0.9489795918367347,5.4555,4.952416326530608,5.018288775510205,-0.5030836734693915,0.06587244897959632,field_shift_then_plateau,0.15
GLYCTK,,-0.6240408367346939,0.06003245562001728,-10.395057644895225,1.1306823013204683e-17,2.795868963265158e-16,adjacent_normal_vs_healthy,down,unique_gene_symbol,processed_matrix_welch_t,0.9489795918367347,4.407149,3.7831081632653065,3.612087755102043,-0.6240408367346939,-0.17102040816326358,monotonic_down,0.15
CXCL12,,1.214019632653062,0.12348262633643356,9.831501553468865,1.1459954336081262e-17,2.830058762113972e-16,adjacent_normal_vs_healthy,up,unique_gene_symbol,processed_matrix_welch_t,0.8775510204081632,5.418761999999999,6.632781632653061,4.589146938775512,1.214019632653062,-2.043634693877549,adjacent_specific,0.15
CSGALNACT1,,0.9550006122448962,0.09736788423720263,9.808168470810896,1.1759002243329406e-17,2.900147703536164e-16,adjacent_normal_vs_healthy,up,unique_gene_symbol,processed_matrix_welch_t,0.9183673469387755,3.486430000000001,4.441430612244897,5.242133673469386,0.9550006122448962,0.800703061224489,monotonic_up,0.15
PCDHB4,,0.5362969795918393,0.0545947951938436,9.823225413478886,1.3168454097461175e-17,3.2393716539491054e-16,adjacent_normal_vs_healthy,up,unique_gene_symbol,processed_matrix_welch_t,0.9489795918367347,2.5783769999999997,3.114673979591839,2.7139443877551024,0.5362969795918393,-0.4007295918367366,non_monotonic,0.15
LTBP4,,0.7432028163265292,0.07612011392815275,9.763553651903537,1.332976743323919e-17,3.274822863598376e-16,adjacent_normal_vs_healthy,up,unique_gene_symbol,processed_matrix_welch_t,0.9081632653061225,4.898738000000002,5.641940816326531,4.412955612244897,0.7432028163265292,-1.228985204081634,adjacent_specific,0.15
ARNTL,,-0.9165175510204064,0.08860134060152097,-10.34428536631728,1.3484967140369465e-17,3.304424380342788e-16,adjacent_normal_vs_healthy,down,unique_gene_symbol,processed_matrix_welch_t,0.9897959183673469,4.534089999999999,3.6175724489795926,3.235302040816326,-0.9165175510204064,-0.3822704081632664,monotonic_down,0.15
LACTB,,-0.5340098571428582,0.05330213468408451,-10.01854541676186,1.3621930678255912e-17,3.333696145424069e-16,adjacent_normal_vs_healthy,down,unique_gene_symbol,processed_matrix_welch_t,1.0,7.079217000000001,6.545207142857143,6.2422479591836755,-0.5340098571428582,-0.3029591836734671,monotonic_down,0.15
GDPD1,,-0.60403026530612,0.056749969369848656,-10.643710860345278,1.3939141596520562e-17,3.4049494753683037e-16,adjacent_normal_vs_healthy,down,unique_gene_symbol,processed_matrix_welch_t,0.9387755102040817,4.095141999999999,3.491111734693879,3.5204448979591847,-0.60403026530612,0.02933316326530555,field_shift_then_plateau,0.15
WNK1,,0.6007097755102038,0.060003833446512216,10.01118996914889,1.4204502992356802e-17,3.4629159663825033e-16,adjacent_normal_vs_healthy,up,unique_gene_symbol,processed_matrix_welch_t,0.9285714285714286,5.559354,6.160063775510204,6.649769387755101,0.6007097755102038,0.4897056122448973,monotonic_up,0.15
C1D,,-0.796103510204083,0.07931472344732615,-10.037272723175853,1.427064656719393e-17,3.4745922076646093e-16,adjacent_normal_vs_healthy,down,unique_gene_symbol,processed_matrix_welch_t,0.9285714285714286,7.718853,6.922749489795917,6.883652040816325,-0.796103510204083,-0.03909744897959211,field_shift_then_plateau,0.15
MYH11,,1.9799995102040802,0.1982646701789869,9.986648193127907,1.5398482808733525e-17,3.7396315392638564e-16,adjacent_normal_vs_healthy,up,unique_gene_symbol,processed_matrix_welch_t,0.9795918367346939,5.346726,7.3267255102040805,4.851130612244899,1.9799995102040802,-2.4755948979591818,adjacent_specific,0.15
RAP1GAP,,-0.8585832244897942,0.0878906270921411,-9.76876889943781,1.574265154876889e-17,3.8183450380708243e-16,adjacent_normal_vs_healthy,down,unique_gene_symbol,processed_matrix_welch_t,0.9387755102040817,5.434321999999998,4.575738775510204,4.156454081632654,-0.8585832244897942,-0.4192846938775503,monotonic_down,0.15
FERMT2,,1.5305283469387776,0.14965137690965222,10.227292114143332,1.616256501651148e-17,3.9152065892414576e-16,adjacent_normal_vs_healthy,up,unique_gene_symbol,processed_matrix_welch_t,0.9795918367346939,3.672364,5.202892346938778,4.428398469387756,1.5305283469387776,-0.7744938775510217,adjacent_specific,0.15
PRNP,,1.0574999591836702,0.10579449368839526,9.995793942720752,1.6289166662675383e-17,3.9408606513003724e-16,adjacent_normal_vs_healthy,up,unique_gene_symbol,processed_matrix_welch_t,0.9285714285714286,5.506898000000001,6.564397959183672,6.245195918367349,1.0574999591836702,-0.31920204081632253,non_monotonic,0.15
FHL1,,1.7419896734693854,0.17620448979868528,9.886182102735404,1.6923550481210102e-17,4.0839594570626153e-16,adjacent_normal_vs_healthy,up,unique_gene_symbol,processed_matrix_welch_t,0.9183673469387755,4.9787440000000025,6.720733673469388,3.9757224489795906,1.7419896734693854,-2.7450112244897973,adjacent_specific,0.15
SGK1,,1.378547795918367,0.1402946955664755,9.826086370209008,1.7100430009440387e-17,4.1214200934144936e-16,adjacent_normal_vs_healthy,up,unique_gene_symbol,processed_matrix_welch_t,0.9081632653061225,8.393617,9.772164795918368,7.198848979591832,1.378547795918367,-2.573315816326536,adjacent_specific,0.15
CNRIP1,,0.6535532857142856,0.06737373879983272,9.700415879486687,1.773340200362091e-17,4.2685711017565376e-16,adjacent_normal_vs_healthy,up,unique_gene_symbol,processed_matrix_welch_t,0.9285714285714286,3.9337359999999997,4.587289285714285,3.704289285714283,0.6535532857142856,-0.8830000000000022,adjacent_specific,0.15
FIBIN,,1.2545692653061211,0.12513057163233382,10.026081148197518,1.9748422213411885e-17,4.729685018155501e-16,adjacent_normal_vs_healthy,up,unique_gene_symbol,processed_matrix_welch_t,0.9183673469387755,2.610044,3.864613265306121,4.214232653061225,1.2545692653061211,0.3496193877551037,monotonic_up,0.15
FAM82A1,,-0.727247102040816,0.0724080873643403,-10.043727551889075,2.0089054384700454e-17,4.805221048802722e-16,adjacent_normal_vs_healthy,down,unique_gene_symbol,processed_matrix_welch_t,0.9591836734693877,6.077942,5.350694897959184,3.6860989795918373,-0.727247102040816,-1.6645959183673469,monotonic_down,0.15
KRCC1,,-0.6053122040816321,0.05953450931759248,-10.167417368849668,2.0589174023078152e-17,4.918668424082912e-16,adjacent_normal_vs_healthy,down,unique_gene_symbol,processed_matrix_welch_t,0.9285714285714286,7.784451999999999,7.179139795918367,6.065415816326531,-0.6053122040816321,-1.1137239795918363,monotonic_down,0.15
OXR1,,-0.5024332244897929,0.04974113136425288,-10.100960929305947,2.2489289030864713e-17,5.365865452978248e-16,adjacent_normal_vs_healthy,down,unique_gene_symbol,processed_matrix_welch_t,0.9795918367346939,7.805222,7.302788775510207,7.220646938775515,-0.5024332244897929,-0.08214183673469222,field_shift_then_plateau,0.15
SRPX2,,0.684144081632653,0.07076733637920973,9.667512112744195,2.280039425518921e-17,5.43052268322862e-16,adjacent_normal_vs_healthy,up,unique_gene_symbol,processed_matrix_welch_t,0.8979591836734694,2.7059100000000007,3.3900540816326536,5.886927551020407,0.684144081632653,2.4968734693877535,monotonic_up,0.15
LRRFIP1,,0.5562743265306098,0.05711007302248394,9.740388990775893,2.3316220752457374e-17,5.542332623305722e-16,adjacent_normal_vs_healthy,up,unique_gene_symbol,processed_matrix_welch_t,0.9387755102040817,5.873441999999999,6.429716326530609,6.020374489795919,0.5562743265306098,-0.40934183673468993,non_monotonic,0.15
RGS5,,1.375639346938775,0.14226415510811402,9.669613163578376,2.3973795692772423e-17,5.691534538533502e-16,adjacent_normal_vs_healthy,up,unique_gene_symbol,processed_matrix_welch_t,0.9693877551020408,6.386203000000002,7.761842346938777,7.548533673469388,1.375639346938775,-0.2133086734693892,non_monotonic,0.15
LRRC31,,-0.8675022857142833,0.08985471075873469,-9.65449978514292,2.4403127869793717e-17,5.786246010471635e-16,adjacent_normal_vs_healthy,down,unique_gene_symbol,processed_matrix_welch_t,0.9693877551020408,7.286238,6.418735714285717,5.026272448979592,-0.8675022857142833,-1.3924632653061249,monotonic_down,0.15
HEATR5A,,-0.7075766530612242,0.0693302868501493,-10.20588093902716,2.518003775262085e-17,5.955626320619888e-16,adjacent_normal_vs_healthy,down,unique_gene_symbol,processed_matrix_welch_t,0.9693877551020408,5.723694,5.016117346938776,4.547037755102041,-0.7075766530612242,-0.469079591836735,monotonic_down,0.15
LOC644538,,0.9955808775510198,0.10175817096827766,9.783792967951287,2.5378688693054696e-17,5.98773522572195e-16,adjacent_normal_vs_healthy,up,unique_gene_symbol,processed_matrix_welch_t,0.9489795918367347,3.554438000000001,4.550018877551021,3.752077040816327,0.9955808775510198,-0.7979418367346938,adjacent_specific,0.15
TMEM41B,,-0.5125926938775525,0.053208089537184235,-9.633736116748363,2.6452018405603553e-17,6.23324790151846e-16,adjacent_normal_vs_healthy,down,unique_gene_symbol,processed_matrix_welch_t,0.9693877551020408,7.7269580000000015,7.214365306122449,7.258508163265306,-0.5125926938775525,0.04414285714285704,field_shift_then_plateau,0.15
HERC6,,1.417477102040814,0.1456798097440702,9.730086170012392,2.6569081332106315e-17,6.253094048990163e-16,adjacent_normal_vs_healthy,up,unique_gene_symbol,processed_matrix_welch_t,0.8877551020408163,5.4698280000000015,6.887305102040815,5.646608163265308,1.417477102040814,-1.2406969387755078,adjacent_specific,0.15
GK,,-0.8917058775510229,0.09063863280269824,-9.83803318715193,2.6691875419716696e-17,6.27423837026427e-16,adjacent_normal_vs_healthy,down,unique_gene_symbol,processed_matrix_welch_t,0.9285714285714286,7.195662000000003,6.30395612244898,6.377801530612245,-0.8917058775510229,0.07384540816326446,field_shift_then_plateau,0.15
PODN,,0.5420694285714291,0.05593850616374058,9.690452351099774,2.7217884463773476e-17,6.389994083726843e-16,adjacent_normal_vs_healthy,up,unique_gene_symbol,processed_matrix_welch_t,0.8673469387755102,3.1642519999999994,3.7063214285714285,3.410234693877552,0.5420694285714291,-0.2960867346938767,non_monotonic,0.15
PTBP2,,1.1409333469387768,0.1184548189270509,9.63180187410871,2.740099224594207e-17,6.425060250772623e-16,adjacent_normal_vs_healthy,up,unique_gene_symbol,processed_matrix_welch_t,0.9591836734693877,4.786284,5.927217346938777,5.378827551020406,1.1409333469387768,-0.5483897959183706,adjacent_specific,0.15
TP53TG1,,-0.7632489387755106,0.07525797013982759,-10.141768869893934,2.7601972793693436e-17,6.464225854759201e-16,adjacent_normal_vs_healthy,down,unique_gene_symbol,processed_matrix_welch_t,0.9693877551020408,6.533852,5.77060306122449,5.091791836734693,-0.7632489387755106,-0.678811224489797,monotonic_down,0.15
PLS3,,0.7890631632653031,0.08207148603247749,9.614339905494747,3.068990708910637e-17,7.178572862120212e-16,adjacent_normal_vs_healthy,up,unique_gene_symbol,processed_matrix_welch_t,0.9183673469387755,6.284020000000001,7.073083163265304,8.3400112244898,0.7890631632653031,1.2669280612244957,monotonic_up,0.15
RHOQ,,0.9431226530612227,0.09657180258150282,9.766025152789958,3.0834000950573454e-17,7.20342795213397e-16,adjacent_normal_vs_healthy,up,unique_gene_symbol,processed_matrix_welch_t,0.8979591836734694,5.700335000000001,6.6434576530612235,6.897208673469385,0.9431226530612227,0.25375102040816166,monotonic_up,0.15
C7,,1.0343489795918352,0.10243570897857135,10.097543033633048,3.260056165062592e-17,7.59748707255713e-16,adjacent_normal_vs_healthy,up,unique_gene_symbol,processed_matrix_welch_t,0.9489795918367347,2.5320499999999995,3.5663989795918347,2.430819387755102,1.0343489795918352,-1.1355795918367328,adjacent_specific,0.15
CCDC109A,,-0.5704206734693882,0.05879164999227863,-9.702409671174463,3.3352444711257766e-17,7.763209624723079e-16,adjacent_normal_vs_healthy,down,unique_gene_symbol,processed_matrix_welch_t,0.9795918367346939,6.927662000000002,6.357241326530614,5.663930102040816,-0.5704206734693882,-0.6933112244897979,monotonic_down,0.15
KATNAL1,,0.8050932244897959,0.08235223761696743,9.776215532046681,3.3407514140821896e-17,7.766533201968851e-16,adjacent_normal_vs_healthy,up,unique_gene_symbol,processed_matrix_welch_t,0.9795918367346939,3.1330180000000007,3.9381112244897967,3.8341556122448974,0.8050932244897959,-0.10395561224489924,field_shift_then_plateau,0.15
TRNP1,,0.8740929591836735,0.08838982883686097,9.88906722284717,3.374905759111155e-17,7.826821638669476e-16,adjacent_normal_vs_healthy,up,unique_gene_symbol,processed_matrix_welch_t,0.9693877551020408,3.030755000000001,3.9048479591836744,4.19282806122449,0.8740929591836735,0.2879801020408155,monotonic_up,0.15
TMED5,,-0.6512963265306109,0.06609607840647644,-9.853781680136615,3.4908081571649884e-17,8.085764879856616e-16,adjacent_normal_vs_healthy,down,unique_gene_symbol,processed_matrix_welch_t,0.9387755102040817,5.725029999999999,5.0737336734693885,4.931008163265307,-0.6512963265306109,-0.1427255102040812,field_shift_then_plateau,0.15
ARHGAP18,,-0.5766830612244904,0.05859713034950508,-9.84148980990775,3.5276244775458276e-17,8.15120995782434e-16,adjacent_normal_vs_healthy,down,unique_gene_symbol,processed_matrix_welch_t,0.9897959183673469,7.46278,6.88609693877551,7.352873469387755,-0.5766830612244904,0.4667765306122451,non_monotonic,0.15
EML1,,1.455866285714286,0.1454748060487865,10.007686727735152,3.551038466500773e-17,8.1925805489232e-16,adjacent_normal_vs_healthy,up,unique_gene_symbol,processed_matrix_welch_t,0.9693877551020408,2.5669980000000003,4.022864285714286,2.9733908163265297,1.455866285714286,-1.0494734693877565,adjacent_specific,0.15
CCNJL,,-0.5606989387755097,0.05563068898195443,-10.07895010894778,3.554134208724035e-17,8.1925805489232e-16,adjacent_normal_vs_healthy,down,unique_gene_symbol,processed_matrix_welch_t,0.9489795918367347,3.8451519999999992,3.2844530612244895,3.001209183673469,-0.5606989387755097,-0.28324387755102043,monotonic_down,0.15
TSPAN4,,0.8216303469387736,0.08577435107193719,9.578974794571037,3.707583838488058e-17,8.535960856688347e-16,adjacent_normal_vs_healthy,up,unique_gene_symbol,processed_matrix_welch_t,0.9081632653061225,4.379162000000001,5.2007923469387745,4.751163775510206,0.8216303469387736,-0.44962857142856816,non_monotonic,0.15
CALD1,,1.7570492244897933,0.17773010595383779,9.886052872472575,3.7855440236931854e-17,8.683946772423886e-16,adjacent_normal_vs_healthy,up,unique_gene_symbol,processed_matrix_welch_t,0.9183673469387755,5.192736999999999,6.9497862244897926,6.439658163265306,1.7570492244897933,-0.5101280612244867,adjacent_specific,0.15
STX2,,1.0117664489795901,0.1041119616373048,9.718061527879808,3.9793491622892764e-17,9.11754609506472e-16,adjacent_normal_vs_healthy,up,unique_gene_symbol,processed_matrix_welch_t,0.9591836734693877,4.364506,5.376272448979591,5.946689795918364,1.0117664489795901,0.5704173469387737,monotonic_up,0.15
TIMP2,,0.8753226938775489,0.08938415136006975,9.792817636668623,4.197392357574866e-17,9.605570972142483e-16,adjacent_normal_vs_healthy,up,unique_gene_symbol,processed_matrix_welch_t,0.9183673469387755,6.9490620000000005,7.824384693877549,7.138599489795919,0.8753226938775489,-0.6857852040816308,adjacent_specific,0.15
MANEA,,-0.7092577142857133,0.07062379932566108,-10.042757838829624,4.313693588224407e-17,9.848048671437976e-16,adjacent_normal_vs_healthy,down,unique_gene_symbol,processed_matrix_welch_t,0.9693877551020408,4.802922,4.093664285714286,4.7223841836734675,-0.7092577142857133,0.628719897959181,adjacent_specific,0.15
RNF213,,0.8596300408163273,0.08697779116857267,9.88332802278536,4.4095953880783646e-17,1.0054933675330786e-15,adjacent_normal_vs_healthy,up,unique_gene_symbol,processed_matrix_welch_t,0.9285714285714286,3.8628720000000003,4.722502040816328,5.091870408163265,0.8596300408163273,0.36936836734693745,monotonic_up,0.15
SYT11,,0.5298133877551017,0.054196492342397706,9.775787414578318,4.416931617705215e-17,1.0059614593433887e-15,adjacent_normal_vs_healthy,up,unique_gene_symbol,processed_matrix_welch_t,0.9591836734693877,2.565306,3.0951193877551018,3.0637035714285723,0.5298133877551017,-0.031415816326529455,field_shift_then_plateau,0.15
RBP7,,0.9433857551020415,0.09861068247541653,9.566770368283638,4.531775474376225e-17,1.0308841700373156e-15,adjacent_normal_vs_healthy,up,unique_gene_symbol,processed_matrix_welch_t,0.9591836734693877,3.2023020000000004,4.145687755102042,3.367713265306122,0.9433857551020415,-0.7779744897959198,adjacent_specific,0.15
AGTR1,,1.245664591836734,0.12617920794185952,9.872185854984188,4.5501434939900145e-17,1.0338273523337694e-15,adjacent_normal_vs_healthy,up,unique_gene_symbol,processed_matrix_welch_t,0.9693877551020408,2.3297399999999997,3.5754045918367336,2.3654505102040826,1.245664591836734,-1.209954081632651,adjacent_specific,0.15
KIAA0802,,1.3638543673469385,0.1415879160578603,9.632561911495298,4.67421293134209e-17,1.0594882644375403e-15,adjacent_normal_vs_healthy,up,unique_gene_symbol,processed_matrix_welch_t,0.9897959183673469,3.9888640000000004,5.352718367346939,5.869669387755102,1.3638543673469385,0.5169510204081629,monotonic_up,0.15
TCEAL2,,1.65628951020408,0.16700161788203044,9.917805175840149,4.704382462089762e-17,1.0650587643066475e-15,adjacent_normal_vs_healthy,up,unique_gene_symbol,processed_matrix_welch_t,0.9897959183673469,2.869986,4.52627551020408,2.9240653061224497,1.65628951020408,-1.6022102040816302,adjacent_specific,0.15
UBE2A,,-0.7696589387755033,0.07561729704329548,-10.178345019854742,4.748554193759989e-17,1.0737823259998834e-15,adjacent_normal_vs_healthy,down,unique_gene_symbol,processed_matrix_welch_t,0.9897959183673469,9.736811999999997,8.967153061224494,8.67248979591837,-0.7696589387755033,-0.29466326530612363,monotonic_down,0.15
TGFBR2,,0.5384746326530587,0.05654709732513838,9.522586624683852,5.2614715204224916e-17,1.1869480775929413e-15,adjacent_normal_vs_healthy,up,unique_gene_symbol,processed_matrix_welch_t,0.9183673469387755,6.456507,6.994981632653059,6.9614887755102055,0.5384746326530587,-0.03349285714285344,field_shift_then_plateau,0.15
FGF7,,1.3683618367346946,0.13935485754747687,9.819261852917519,5.366998450837414e-17,1.2064657674609723e-15,adjacent_normal_vs_healthy,up,unique_gene_symbol,processed_matrix_welch_t,0.9081632653061225,2.5308800000000002,3.899241836734695,2.9876418367346953,1.3683618367346946,-0.9115999999999995,adjacent_specific,0.15
RAMP3,,0.5325426530612214,0.05472951885111491,9.730446461806832,5.57446843238558e-17,1.2516259310450641e-15,adjacent_normal_vs_healthy,up,unique_gene_symbol,processed_matrix_welch_t,0.9591836734693877,4.7494400000000025,5.281982653061224,5.182600000000001,0.5325426530612214,-0.09938265306122318,field_shift_then_plateau,0.15
TWIST1,,0.6565059591836748,0.06869780818634777,9.556432388684875,5.671478808711265e-17,1.2719076150513839e-15,adjacent_normal_vs_healthy,up,unique_gene_symbol,processed_matrix_welch_t,0.9183673469387755,2.313842,2.970347959183675,4.560117346938776,0.6565059591836748,1.5897693877551013,monotonic_up,0.15
PIGP,,-0.5619353469387756,0.05801375628530677,-9.68624310715591,5.741726988651743e-17,1.2861468454579903e-15,adjacent_normal_vs_healthy,down,unique_gene_symbol,processed_matrix_welch_t,0.9693877551020408,7.873718,7.311782653061225,7.780824489795921,-0.5619353469387756,0.46904183673469646,non_monotonic,0.15
ARID5B,,0.6694273877551016,0.07035114766735177,9.515514813211302,5.880792610754289e-17,1.3142052970511933e-15,adjacent_normal_vs_healthy,up,unique_gene_symbol,processed_matrix_welch_t,0.8775510204081632,6.323992,6.993419387755101,7.5503857142857145,0.6694273877551016,0.5569663265306133,monotonic_up,0.15
NOP56,,0.5385711632653027,0.05506071930124871,9.781404422246418,6.14227849673953e-17,1.367824357636499e-15,adjacent_normal_vs_healthy,up,unique_gene_symbol,processed_matrix_welch_t,0.9489795918367347,8.002262,8.540833163265303,9.789427040816328,0.5385711632653027,1.2485938775510252,monotonic_up,0.15
KCTD12,,1.1959834285714317,0.12123133192815928,9.865299750069246,6.477167325072987e-17,1.4390346075774758e-15,adjacent_normal_vs_healthy,up,unique_gene_symbol,processed_matrix_welch_t,0.9591836734693877,6.737138,7.9331214285714315,6.383079591836738,1.1959834285714317,-1.5500418367346933,adjacent_specific,0.15
SMAGP,,-0.7315058775510206,0.07631500130432113,-9.585348424931508,6.791294914426165e-17,1.5070659110801186e-15,adjacent_normal_vs_healthy,down,unique_gene_symbol,processed_matrix_welch_t,0.9795918367346939,7.915686999999999,7.184181122448979,7.267948979591838,-0.7315058775510206,0.08376785714285973,field_shift_then_plateau,0.15
PCDHB16,,0.7837243673469376,0.08180085960979123,9.580881803510154,7.313014083749116e-17,1.6153107674545613e-15,adjacent_normal_vs_healthy,up,unique_gene_symbol,processed_matrix_welch_t,0.9183673469387755,2.301594,3.0853183673469378,3.520279591836733,0.7837243673469376,0.43496122448979513,monotonic_up,0.15
DENND5A,,0.6459972857142864,0.06741244036427729,9.582760722256964,7.576110338250885e-17,1.6676201253213508e-15,adjacent_normal_vs_healthy,up,unique_gene_symbol,processed_matrix_welch_t,0.9489795918367347,3.4844669999999995,4.130464285714286,4.111570918367347,0.6459972857142864,-0.018893367346938916,field_shift_then_plateau,0.15
CCNG1,,-0.8615394285714295,0.08686855381412313,-9.91773651964907,7.666707473387743e-17,1.685613282832594e-15,adjacent_normal_vs_healthy,down,unique_gene_symbol,processed_matrix_welch_t,0.9897959183673469,7.754318000000003,6.892778571428574,7.189037755102047,-0.8615394285714295,0.2962591836734729,non_monotonic,0.15
TMEM200B,,0.62119551020408,0.06559174911712042,9.470634928409599,8.65111699820284e-17,1.8933019269630124e-15,adjacent_normal_vs_healthy,up,unique_gene_symbol,processed_matrix_welch_t,0.9693877551020408,4.901980000000001,5.523175510204081,5.009947959183674,0.62119551020408,-0.5132275510204067,adjacent_specific,0.15
PPP1R12A,,0.6795490204081673,0.07056041552500841,9.63074005945044,8.746123016766532e-17,1.909703924761867e-15,adjacent_normal_vs_healthy,up,unique_gene_symbol,processed_matrix_welch_t,0.9693877551020408,7.0742020000000005,7.753751020408168,7.250311224489795,0.6795490204081673,-0.5034397959183732,adjacent_specific,0.15
MITF,,0.9272347142857154,0.0964503287145369,9.613598280520566,9.021183992944971e-17,1.9652556433143276e-15,adjacent_normal_vs_healthy,up,unique_gene_symbol,processed_matrix_welch_t,0.9183673469387755,4.510875999999999,5.438110714285714,4.857981122448979,0.9272347142857154,-0.5801295918367355,adjacent_specific,0.15
SYNE1,,0.5238205306122445,0.05556011992776084,9.427994959213821,9.057660099398565e-17,1.9709468376291274e-15,adjacent_normal_vs_healthy,up,unique_gene_symbol,processed_matrix_welch_t,0.8877551020408163,3.6805559999999993,4.204376530612244,3.4152122448979605,0.5238205306122445,-0.7891642857142833,adjacent_specific,0.15
PIM3,,0.6391559183673516,0.067602209121097,9.454660234881091,9.181420265415529e-17,1.9955963681907725e-15,adjacent_normal_vs_healthy,up,unique_gene_symbol,processed_matrix_welch_t,0.9387755102040817,7.329939999999999,7.96909591836735,8.430809183673471,0.6391559183673516,0.46171326530612067,monotonic_up,0.15
CSTB,,-0.6401839183673417,0.06646101651109565,-9.63247256774147,1.0061397948053831e-16,2.1793972347092712e-15,adjacent_normal_vs_healthy,down,unique_gene_symbol,processed_matrix_welch_t,0.9897959183673469,11.312513,10.672329081632657,10.745119897959183,-0.6401839183673417,0.07279081632652584,field_shift_then_plateau,0.15
AHNAK2,,1.6991374693877574,0.17158667810838527,9.902502269520436,1.0406146451676376e-16,2.2489560549366423e-15,adjacent_normal_vs_healthy,up,unique_gene_symbol,processed_matrix_welch_t,0.9489795918367347,2.556386,4.255523469387757,3.801907142857143,1.6991374693877574,-0.45361632653061434,non_monotonic,0.15
TIMP1,,1.3524377551020432,0.14139852223785226,9.564723405150248,1.1469231278138037e-16,2.467504672720319e-15,adjacent_normal_vs_healthy,up,unique_gene_symbol,processed_matrix_welch_t,0.9183673469387755,6.235949999999999,7.588387755102042,9.75585612244898,1.3524377551020432,2.167468367346938,monotonic_up,0.15
ZNF25,,0.61868106122449,0.06526726432932872,9.479194012219036,1.158710669764261e-16,2.4900509201254547e-15,adjacent_normal_vs_healthy,up,unique_gene_symbol,processed_matrix_welch_t,0.9387755102040817,4.117372,4.7360530612244895,4.302946938775511,0.61868106122449,-0.4331061224489785,non_monotonic,0.15
IFI44,,1.292010061224492,0.13774707454102741,9.37958258300195,1.241422104219587e-16,2.6617879351735287e-15,adjacent_normal_vs_healthy,up,unique_gene_symbol,processed_matrix_welch_t,0.9591836734693877,3.1546429999999996,4.446653061224492,4.02819081632653,1.292010061224492,-0.41846224489796136,non_monotonic,0.15
FAM110B,,0.7270573469387753,0.07658894083513948,9.492980827398998,1.24664516848799e-16,2.669980203375853e-15,adjacent_normal_vs_healthy,up,unique_gene_symbol,processed_matrix_welch_t,0.8979591836734694,2.7227600000000005,3.449817346938776,2.9234000000000004,0.7270573469387753,-0.5264173469387754,adjacent_specific,0.15
USP18,,1.5322131020408127,0.1627512840106356,9.414445553257107,1.2619388376361424e-16,2.6966684027600618e-15,adjacent_normal_vs_healthy,up,unique_gene_symbol,processed_matrix_welch_t,0.8469387755102041,4.273342000000001,5.805555102040814,4.729589795918369,1.5322131020408127,-1.0759653061224448,adjacent_specific,0.15
ABHD5,,-0.7750269591836734,0.07832149846720177,-9.895456220212983,1.2609011072789665e-16,2.6966684027600618e-15,adjacent_normal_vs_healthy,down,unique_gene_symbol,processed_matrix_welch_t,0.9387755102040817,5.484154000000001,4.709127040816328,3.6761913265306116,-0.7750269591836734,-1.032935714285716,monotonic_down,0.15
LATS2,,0.7918236734693869,0.08408098316034826,9.417393133466629,1.2838982732497248e-16,2.7374493978359195e-15,adjacent_normal_vs_healthy,up,unique_gene_symbol,processed_matrix_welch_t,0.9591836734693877,4.61426,5.406083673469387,5.129214285714286,0.7918236734693869,-0.2768693877551005,non_monotonic,0.15
PHOSPHO2,,-0.6813396326530645,0.0701078366786633,-9.718451815536111,1.3648062659749386e-16,2.8976840502578457e-15,adjacent_normal_vs_healthy,down,unique_gene_symbol,processed_matrix_welch_t,0.9489795918367347,6.410358000000003,5.729018367346939,5.838247959183674,-0.6813396326530645,0.1092295918367352,field_shift_then_plateau,0.15
IFI6,,1.8992669795918369,0.2027405973388256,9.36796578742308,1.3755578328955023e-16,2.9165502381214212e-15,adjacent_normal_vs_healthy,up,unique_gene_symbol,processed_matrix_welch_t,0.9285714285714286,5.990782,7.890048979591837,7.8002367346938755,1.8992669795918369,-0.08981224489796169,field_shift_then_plateau,0.15
CP,,0.653992163265305,0.0698207326956689,9.366733032090814,1.379688679522754e-16,2.922054778433063e-15,adjacent_normal_vs_healthy,up,unique_gene_symbol,processed_matrix_welch_t,0.8673469387755102,2.9479160000000006,3.6019081632653056,2.590182142857143,0.653992163265305,-1.0117260204081626,adjacent_specific,0.15
APOL3,,0.6998848979591843,0.07380058455963107,9.483460085518367,1.3890285580515601e-16,2.9385670828113008e-15,adjacent_normal_vs_healthy,up,unique_gene_symbol,processed_matrix_welch_t,0.9591836734693877,4.764159999999999,5.464044897959183,5.260594897959183,0.6998848979591843,-0.20345000000000013,non_monotonic,0.15
GPM6B,,1.1099612653061226,0.11619441869183521,9.552621182691263,1.3990620732236976e-16,2.956508532095361e-15,adjacent_normal_vs_healthy,up,unique_gene_symbol,processed_matrix_welch_t,0.9489795918367347,2.7671019999999995,3.877063265306122,2.524410204081633,1.1099612653061226,-1.3526530612244891,adjacent_specific,0.15
ADAMTSL3,,1.1442975102040798,0.1176261665882442,9.728256419421928,1.4591738461001238e-16,3.0767076444901835e-15,adjacent_normal_vs_healthy,up,unique_gene_symbol,processed_matrix_welch_t,0.9285714285714286,2.4937780000000007,3.6380755102040805,2.5045846938775504,1.1442975102040798,-1.13349081632653,adjacent_specific,0.15
C6orf115,,-0.5876886938775492,0.06283665620618671,-9.352641107272783,1.490382618476241e-16,3.139035957498632e-15,adjacent_normal_vs_healthy,down,unique_gene_symbol,processed_matrix_welch_t,0.9489795918367347,10.308853999999997,9.721165306122447,9.501093877551018,-0.5876886938775492,-0.2200714285714298,monotonic_down,0.15
MSRB3,,1.6106821224489805,0.16423020694841628,9.807465705470895,1.5026667341578922e-16,3.1614115600404717e-15,adjacent_normal_vs_healthy,up,unique_gene_symbol,processed_matrix_welch_t,0.9489795918367347,3.425348999999999,5.036031122448979,3.878244897959185,1.6106821224489805,-1.1577862244897945,adjacent_specific,0.15
ROD1,,-0.7028017346938782,0.07410634529869109,-9.483691738692334,1.5377578713494582e-16,3.2281047266255442e-15,adjacent_normal_vs_healthy,down,unique_gene_symbol,processed_matrix_welch_t,0.9285714285714286,5.659915000000002,4.957113265306123,5.872471428571431,-0.7028017346938782,0.9153581632653074,adjacent_specific,0.15
PKD1,,0.6257779999999995,0.06671735191973037,9.379538935431544,1.6665274706360343e-16,3.4868882462538566e-15,adjacent_normal_vs_healthy,up,unique_gene_symbol,processed_matrix_welch_t,0.9489795918367347,4.125872,4.75165,4.392017346938775,0.6257779999999995,-0.35963265306122505,non_monotonic,0.15
PLCXD3,,0.5459665306122456,0.05756114208456216,9.484984328666984,1.6815581712388361e-16,3.5131024724923427e-15,adjacent_normal_vs_healthy,up,unique_gene_symbol,processed_matrix_welch_t,0.9795918367346939,2.2326099999999998,2.7785765306122454,2.2361938775510204,0.5459665306122456,-0.542382653061225,adjacent_specific,0.15
PRICKLE1,,0.7660738367346935,0.08159783386448,9.388408986530338,1.69707571236271e-16,3.5391370825176337e-15,adjacent_normal_vs_healthy,up,unique_gene_symbol,processed_matrix_welch_t,0.9387755102040817,3.471718,4.237791836734694,3.7797632653061233,0.7660738367346935,-0.45802857142857034,non_monotonic,0.15
MYADM,,0.6632796938775565,0.06954971470749725,9.536770879177407,1.8258669206338144e-16,3.782862477569948e-15,adjacent_normal_vs_healthy,up,unique_gene_symbol,processed_matrix_welch_t,0.9183673469387755,5.419679999999997,6.082959693877553,5.824576530612244,0.6632796938775565,-0.2583831632653091,non_monotonic,0.15
LRRC19,,-0.8659483265306145,0.09263455856222934,-9.348005107066973,1.8976312905998164e-16,3.923007575789414e-15,adjacent_normal_vs_healthy,down,unique_gene_symbol,processed_matrix_welch_t,0.9795918367346939,8.740932,7.874983673469386,4.903519387755103,-0.8659483265306145,-2.9714642857142834,monotonic_down,0.15
BAK1,,-0.7530144897959206,0.08049463518106878,-9.354840705868794,1.9307909658546306e-16,3.987229933825615e-15,adjacent_normal_vs_healthy,down,unique_gene_symbol,processed_matrix_welch_t,0.9693877551020408,7.350790000000001,6.59777551020408,5.923212244897959,-0.7530144897959206,-0.6745632653061211,monotonic_down,0.15
GIPC2,,-0.7068649387755102,0.0759789261166283,-9.303434187664964,2.1342530936602403e-16,4.388356253055181e-15,adjacent_normal_vs_healthy,down,unique_gene_symbol,processed_matrix_welch_t,0.9387755102040817,7.231143,6.52427806122449,6.09295,-0.7068649387755102,-0.4313280612244901,monotonic_down,0.15
C1QTNF3,,0.812108448979592,0.08555908937431604,9.491784624152144,2.326912475953917e-16,4.758798447063649e-15,adjacent_normal_vs_healthy,up,unique_gene_symbol,processed_matrix_welch_t,0.9285714285714286,2.4745139999999997,3.2866224489795917,2.7445244897959182,0.812108448979592,-0.5420979591836734,adjacent_specific,0.15
SRP9,,-0.7635191020408154,0.07387997858092064,-10.33458748508615,2.379628121861517e-16,4.861386206034687e-15,adjacent_normal_vs_healthy,down,unique_gene_symbol,processed_matrix_welch_t,1.0,9.302114,8.538594897959184,8.787641836734691,-0.7635191020408154,0.249046938775507,non_monotonic,0.15
CCDC85A,,0.855688448979592,0.09193546143265552,9.307490664050238,2.5040517551311067e-16,5.104619423736218e-15,adjacent_normal_vs_healthy,up,unique_gene_symbol,processed_matrix_welch_t,0.9387755102040817,2.277834,3.133522448979592,2.384718367346939,0.855688448979592,-0.7488040816326529,adjacent_specific,0.15
SELM,,1.1565341224489813,0.12432374391183562,9.302600501390462,2.657969025308853e-16,5.40103844630529e-15,adjacent_normal_vs_healthy,up,unique_gene_symbol,processed_matrix_welch_t,0.9285714285714286,7.254872000000001,8.411406122448982,7.952588775510204,1.1565341224489813,-0.45881734693877796,non_monotonic,0.15
SAMD11,,0.6214415102040816,0.060100580432918535,10.340025100052163,2.669676517824862e-16,5.419044872002705e-15,adjacent_normal_vs_healthy,up,unique_gene_symbol,processed_matrix_welch_t,0.9795918367346939,4.833934,5.455375510204082,5.192532653061222,0.6214415102040816,-0.2628428571428598,non_monotonic,0.15
MAP7D3,,0.6087135306122446,0.06558048166905403,9.281931378364412,2.821887892348875e-16,5.71582398620453e-15,adjacent_normal_vs_healthy,up,unique_gene_symbol,processed_matrix_welch_t,0.9387755102040817,2.9559629999999997,3.5646765306122443,3.4484163265306114,0.6087135306122446,-0.11626020408163296,field_shift_then_plateau,0.15
SLC41A1,,0.6426737551020398,0.06801006432904029,9.449686034595004,2.9143608024514866e-16,5.885163011997715e-15,adjacent_normal_vs_healthy,up,unique_gene_symbol,processed_matrix_welch_t,0.9693877551020408,4.091164000000003,4.7338377551020425,5.393871428571428,0.6426737551020398,0.6600336734693855,monotonic_up,0.15
BLOC1S2,,-0.6372571020408184,0.06445133049499038,-9.887415777869016,2.914762983358112e-16,5.885163011997715e-15,adjacent_normal_vs_healthy,down,unique_gene_symbol,processed_matrix_welch_t,0.9693877551020408,6.1474519999999995,5.510194897959181,5.716037755102039,-0.6372571020408184,0.20584285714285766,non_monotonic,0.15
NFAT5,,0.6002314489795921,0.061694195832775,9.729139684493942,2.9367642308882666e-16,5.923304126706843e-15,adjacent_normal_vs_healthy,up,unique_gene_symbol,processed_matrix_welch_t,0.9183673469387755,6.219966,6.8201974489795925,7.325297448979594,0.6002314489795921,0.5051000000000014,monotonic_up,0.15
HLF,,0.6838089387755111,0.07131175685703432,9.589007043346442,2.9632196532939527e-16,5.970338857007075e-15,adjacent_normal_vs_healthy,up,unique_gene_symbol,processed_matrix_welch_t,0.9591836734693877,2.5624879999999997,3.2462969387755107,2.669211224489796,0.6838089387755111,-0.5770857142857149,adjacent_specific,0.15
SCGN,,1.0271456326530601,0.11007773583425219,9.331093384766458,2.969992657985715e-16,5.9776596414427085e-15,adjacent_normal_vs_healthy,up,unique_gene_symbol,processed_matrix_welch_t,0.9591836734693877,3.662436000000001,4.689581632653061,2.8218704081632664,1.0271456326530601,-1.8677112244897947,adjacent_specific,0.15
GALNTL4,,0.7869566938775492,0.08500836469859734,9.257403041074312,2.9763822141502523e-16,5.984194018735038e-15,adjacent_normal_vs_healthy,up,unique_gene_symbol,processed_matrix_welch_t,0.9183673469387755,3.8860780000000013,4.67303469387755,5.083728571428572,0.7869566938775492,0.4106938775510214,monotonic_up,0.15
LPIN1,,0.6544665714285713,0.06885442496627014,9.505076423907052,2.9853948276183507e-16,5.995982860533059e-15,adjacent_normal_vs_healthy,up,unique_gene_symbol,processed_matrix_welch_t,0.9795918367346939,4.323512000000001,4.977978571428572,5.624055102040816,0.6544665714285713,0.6460765306122438,monotonic_up,0.15
RGS18,,-0.6101152857142851,0.05924150675415176,-10.2987806884491,3.2651861958656957e-16,6.523519954804076e-15,adjacent_normal_vs_healthy,down,unique_gene_symbol,processed_matrix_welch_t,0.9693877551020408,3.444175999999999,2.8340607142857137,2.656405102040817,-0.6101152857142851,-0.17765561224489668,monotonic_down,0.15
TMOD1,,0.9676694897959193,0.10036898440899628,9.641120665849689,3.5200358006506993e-16,7.017956193129771e-15,adjacent_normal_vs_healthy,up,unique_gene_symbol,processed_matrix_welch_t,0.9591836734693877,3.014254999999999,3.9819244897959183,2.971358163265306,0.9676694897959193,-1.0105663265306122,adjacent_specific,0.15
ISG15,,1.693351183673471,0.18296965567809467,9.254819753569667,3.571519555305388e-16,7.090900139000478e-15,adjacent_normal_vs_healthy,up,unique_gene_symbol,processed_matrix_welch_t,0.8469387755102041,7.4770579999999995,9.17040918367347,7.828275510204085,1.693351183673471,-1.3421336734693856,adjacent_specific,0.15
COL15A1,,1.088689959183677,0.11794884218870572,9.230187757518534,3.725306784626311e-16,7.357867342249478e-15,adjacent_normal_vs_healthy,up,unique_gene_symbol,processed_matrix_welch_t,0.9285714285714286,5.889157999999998,6.977847959183675,7.598137755102039,1.088689959183677,0.6202897959183638,monotonic_up,0.15
SPRY2,,0.6109448571428562,0.06328651752235796,9.65363368156607,3.7339590733251025e-16,7.367314067990669e-15,adjacent_normal_vs_healthy,up,unique_gene_symbol,processed_matrix_welch_t,0.9489795918367347,7.534198,8.145142857142856,8.333048979591842,0.6109448571428562,0.18790612244898597,monotonic_up,0.15
C7orf41,,0.7948609999999992,0.0863959690452368,9.20020932439349,3.751153088865169e-16,7.393577102690767e-15,adjacent_normal_vs_healthy,up,unique_gene_symbol,processed_matrix_welch_t,0.9489795918367347,3.6424890000000003,4.4373499999999995,4.1698336734693875,0.7948609999999992,-0.26751632653061197,non_monotonic,0.15
NACAD,,0.6566355510204067,0.07072110206328576,9.284860273144602,3.8180924726489605e-16,7.517733265691438e-15,adjacent_normal_vs_healthy,up,unique_gene_symbol,processed_matrix_welch_t,0.9489795918367347,2.5983920000000005,3.255027551020407,2.655313265306123,0.6566355510204067,-0.5997142857142843,adjacent_specific,0.15
C5orf23,,1.2167071428571417,0.13016905321769132,9.34713061807673,3.954244631730054e-16,7.777770432659115e-15,adjacent_normal_vs_healthy,up,unique_gene_symbol,processed_matrix_welch_t,0.9285714285714286,3.23485,4.451557142857141,3.6064102040816346,1.2167071428571417,-0.8451469387755068,adjacent_specific,0.15
MAN1A1,,-0.7249076734693878,0.07389409232447462,-9.810089692776286,3.962090511397202e-16,7.785160303096257e-15,adjacent_normal_vs_healthy,down,unique_gene_symbol,processed_matrix_welch_t,0.9489795918367347,7.937299,7.2123913265306125,6.0428382653061234,-0.7249076734693878,-1.169553061224489,monotonic_down,0.15
TMEM144,,-0.6870450612244863,0.07466830650007164,-9.201294276358432,4.237394543744755e-16,8.283366746704327e-15,adjacent_normal_vs_healthy,down,unique_gene_symbol,processed_matrix_welch_t,0.9081632653061225,7.877792,7.190746938775514,6.676729591836733,-0.6870450612244863,-0.5140173469387808,monotonic_down,0.15
ADCY3,,0.5893855102040826,0.05874060197342503,10.033698845488983,4.2514789575211917e-16,8.302375318072153e-15,adjacent_normal_vs_healthy,up,unique_gene_symbol,processed_matrix_welch_t,0.9693877551020408,5.332239999999998,5.9216255102040805,6.823357142857144,0.5893855102040826,0.9017316326530631,monotonic_up,0.15
PTX3,,1.0645980816326541,0.11622495124271774,9.159806652957045,4.3465033884116033e-16,8.470565457047792e-15,adjacent_normal_vs_healthy,up,unique_gene_symbol,processed_matrix_welch_t,0.9387755102040817,3.129056,4.193654081632654,2.9039775510204073,1.0645980816326541,-1.2896765306122466,adjacent_specific,0.15
EMILIN1,,0.9194587959183691,0.0999439232334624,9.199746879763506,4.34512889949691e-16,8.470565457047792e-15,adjacent_normal_vs_healthy,up,unique_gene_symbol,processed_matrix_welch_t,0.9489795918367347,5.408880999999999,6.328339795918368,6.1160984693877545,0.9194587959183691,-0.21224132653061378,non_monotonic,0.15
GLRX,,-0.7398333469387754,0.07781343587975817,-9.50778408091385,4.4380324115634e-16,8.631270389802569e-15,adjacent_normal_vs_healthy,down,unique_gene_symbol,processed_matrix_welch_t,0.9693877551020408,9.330466,8.590632653061224,8.060657142857142,-0.7398333469387754,-0.529975510204082,monotonic_down,0.15
KIAA0528,,-0.6689891836734683,0.06921247205344012,-9.665731678488962,4.537844378129703e-16,8.816383363223425e-15,adjacent_normal_vs_healthy,down,unique_gene_symbol,processed_matrix_welch_t,0.9285714285714286,7.209030000000002,6.540040816326534,6.279798979591832,-0.6689891836734683,-0.2602418367347017,monotonic_down,0.15
AMOTL1,,0.7815773673469386,0.08302815220569379,9.413401919515929,4.582903256990775e-16,8.894849950367418e-15,adjacent_normal_vs_healthy,up,unique_gene_symbol,processed_matrix_welch_t,0.9693877551020408,3.162166000000001,3.9437433673469395,3.47320612244898,0.7815773673469386,-0.47053724489795945,non_monotonic,0.15
SDR42E1,,-0.5107056938775543,0.05252115256740775,-9.723809720704322,4.662961045607723e-16,9.031818749579964e-15,adjacent_normal_vs_healthy,down,unique_gene_symbol,processed_matrix_welch_t,0.9387755102040817,4.279921,3.7692153061224456,3.7189872448979586,-0.5107056938775543,-0.050228061224486975,field_shift_then_plateau,0.15
LRRC28,,-0.5696546122448991,0.05690049333092165,-10.011417808487252,5.131113357313595e-16,9.888299425430247e-15,adjacent_normal_vs_healthy,down,unique_gene_symbol,processed_matrix_welch_t,0.9693877551020408,5.0001739999999995,4.4305193877551,4.366390816326529,-0.5696546122448991,-0.06412857142857131,field_shift_then_plateau,0.15
NEFL,,1.2166303265306126,0.12624880866594393,9.636766789220427,5.15409698276226e-16,9.9225486907779e-15,adjacent_normal_vs_healthy,up,unique_gene_symbol,processed_matrix_welch_t,0.9693877551020408,2.1921359999999996,3.4087663265306123,2.291325510204081,1.2166303265306126,-1.1174408163265315,adjacent_specific,0.15
PHF20,,0.526784489795916,0.05720576108401862,9.208591579128242,5.213674342169796e-16,1.001698884711533e-14,adjacent_normal_vs_healthy,up,unique_gene_symbol,processed_matrix_welch_t,0.9081632653061225,4.04079,4.567574489795916,5.642164285714287,0.526784489795916,1.0745897959183708,monotonic_up,0.15
HMCN1,,0.87778555102041,0.09605286874185762,9.138566734320673,5.337227237177364e-16,1.0233716676319941e-14,adjacent_normal_vs_healthy,up,unique_gene_symbol,processed_matrix_welch_t,0.9285714285714286,2.5720419999999997,3.4498275510204097,3.503705102040816,0.87778555102041,0.053877551020406145,field_shift_then_plateau,0.15
GSN,,0.7830903673469383,0.08331232339895965,9.399454191151715,5.553423456310854e-16,1.0626852523433031e-14,adjacent_normal_vs_healthy,up,unique_gene_symbol,processed_matrix_welch_t,0.9387755102040817,8.958278000000002,9.74136836734694,7.6889367346938755,0.7830903673469383,-2.0524316326530645,adjacent_specific,0.15
PDLIM4,,0.9562422244897961,0.10270454301107894,9.310612719309256,5.622785654390025e-16,1.0748779001966473e-14,adjacent_normal_vs_healthy,up,unique_gene_symbol,processed_matrix_welch_t,0.9897959183673469,3.181844000000001,4.138086224489797,3.8172903061224477,0.9562422244897961,-0.3207959183673492,non_monotonic,0.15
PRKD1,,0.7166885714285742,0.07820503376083503,9.164225587068167,5.657372282685622e-16,1.0804048973152883e-14,adjacent_normal_vs_healthy,up,unique_gene_symbol,processed_matrix_welch_t,0.9285714285714286,3.8060399999999994,4.522728571428574,4.482103061224491,0.7166885714285742,-0.04062551020408289,field_shift_then_plateau,0.15
THAP2,,-0.51013312244898,0.054015826375732566,-9.444141776162201,5.946627188164259e-16,1.134506830287049e-14,adjacent_normal_vs_healthy,down,unique_gene_symbol,processed_matrix_welch_t,0.8979591836734694,3.7542770000000014,3.2441438775510214,3.3913637755102037,-0.51013312244898,0.14721989795918233,field_shift_then_plateau,0.15
CCDC111,,-0.80467791836735,0.07904474262240002,-10.180030849253688,6.339555364061671e-16,1.2070513413173422e-14,adjacent_normal_vs_healthy,down,unique_gene_symbol,processed_matrix_welch_t,0.9897959183673469,7.437882000000003,6.633204081632653,5.909109183673468,-0.80467791836735,-0.7240948979591844,monotonic_down,0.15
PTGS2,,1.1053326938775538,0.11857045044545048,9.32215986128916,6.398203623204723e-16,1.2170009688892898e-14,adjacent_normal_vs_healthy,up,unique_gene_symbol,processed_matrix_welch_t,0.9693877551020408,2.499001999999999,3.604334693877553,4.14515612244898,1.1053326938775538,0.540821428571427,monotonic_up,0.15
ACSM3,,-0.753184061224486,0.08272913190047423,-9.104218114250132,6.544493990299227e-16,1.243584486779414e-14,adjacent_normal_vs_healthy,down,unique_gene_symbol,processed_matrix_welch_t,0.9489795918367347,7.673031,6.919846938775514,5.993589285714286,-0.753184061224486,-0.9262576530612279,monotonic_down,0.15
PLEKHA4,,0.6439930612244891,0.07086553469571077,9.087535485193587,6.765414271863841e-16,1.2817262461322142e-14,adjacent_normal_vs_healthy,up,unique_gene_symbol,processed_matrix_welch_t,0.9081632653061225,3.598709999999999,4.242703061224488,4.657817346938777,0.6439930612244891,0.41511428571428866,monotonic_up,0.15
SLC25A28,,0.5381853061224513,0.057474669204551396,9.363869571951058,6.794153986384915e-16,1.285891569590147e-14,adjacent_normal_vs_healthy,up,unique_gene_symbol,processed_matrix_welch_t,0.9591836734693877,5.584329999999999,6.12251530612245,5.830559183673468,0.5381853061224513,-0.2919561224489824,non_monotonic,0.15
SERPINI1,,0.6763043265306115,0.0742428084784378,9.109358069704884,7.248612697866435e-16,1.3678254288144393e-14,adjacent_normal_vs_healthy,up,unique_gene_symbol,processed_matrix_welch_t,0.8571428571428571,4.645412,5.321716326530612,5.224518367346938,0.6763043265306115,-0.09719795918367335,field_shift_then_plateau,0.15
KCNN3,,0.8024231836734694,0.08549961918624012,9.385108276629698,7.382102050780941e-16,1.3916358717511794e-14,adjacent_normal_vs_healthy,up,unique_gene_symbol,processed_matrix_welch_t,0.9489795918367347,2.9135860000000005,3.71600918367347,3.045356122448978,0.8024231836734694,-0.6706530612244919,adjacent_specific,0.15
WASF3,,1.1488173877551002,0.12454528188192311,9.224094003370217,7.490713448271391e-16,1.4107139866972036e-14,adjacent_normal_vs_healthy,up,unique_gene_symbol,processed_matrix_welch_t,0.9489795918367347,4.135502000000001,5.284319387755101,4.679790816326532,1.1488173877551002,-0.6045285714285686,adjacent_specific,0.15
XRCC6BP1,,-0.6521217142857152,0.06723756148911661,-9.698771041708149,7.510166267286709e-16,1.412979898509278e-14,adjacent_normal_vs_healthy,down,unique_gene_symbol,processed_matrix_welch_t,0.9591836734693877,5.130986,4.478864285714285,3.8790275510204095,-0.6521217142857152,-0.5998367346938753,monotonic_down,0.15
GCLM,,-0.725488346938775,0.07474336487847921,-9.706391304677053,7.698802172836654e-16,1.447040408398913e-14,adjacent_normal_vs_healthy,down,unique_gene_symbol,processed_matrix_welch_t,0.9795918367346939,6.411721000000001,5.686232653061226,6.081617857142858,-0.725488346938775,0.3953852040816317,non_monotonic,0.15
HAUS1,,-0.6146128979591863,0.06658104139717078,-9.231049636080083,7.88072861893116e-16,1.4783159892063968e-14,adjacent_normal_vs_healthy,down,unique_gene_symbol,processed_matrix_welch_t,0.9285714285714286,7.528418,6.913805102040814,7.551258163265307,-0.6146128979591863,0.6374530612244929,adjacent_specific,0.15
NDUFAF4,,-0.5592253061224524,0.05965818393743913,-9.373823827907449,8.110972197102066e-16,1.517022697768402e-14,adjacent_normal_vs_healthy,down,unique_gene_symbol,processed_matrix_welch_t,0.9693877551020408,7.282760000000001,6.723534693877548,7.310163265306121,-0.5592253061224524,0.586628571428573,adjacent_specific,0.15
CD164,,-0.590594857142861,0.06394781890142559,-9.235574680869918,8.105613191934702e-16,1.517022697768402e-14,adjacent_normal_vs_healthy,down,unique_gene_symbol,processed_matrix_welch_t,0.9285714285714286,9.492651999999998,8.902057142857137,8.31386020408163,-0.590594857142861,-0.588196938775507,monotonic_down,0.15
C16orf72,,-0.536002204081635,0.056564321264556114,-9.475976942686316,8.124692174467553e-16,1.51809753681906e-14,adjacent_normal_vs_healthy,down,unique_gene_symbol,processed_matrix_welch_t,0.9489795918367347,6.298492000000001,5.762489795918366,5.479323469387756,-0.536002204081635,-0.28316632653061014,monotonic_down,0.15
PCYOX1L,,0.539036775510203,0.056552129442907426,9.531679546291729,8.25551555846852e-16,1.541029570914124e-14,adjacent_normal_vs_healthy,up,unique_gene_symbol,processed_matrix_welch_t,0.9285714285714286,4.817302000000001,5.356338775510204,5.8464826530612255,0.539036775510203,0.49014387755102184,monotonic_up,0.15
PHOX2B,,0.7297076734693877,0.07761760221075456,9.40131687510801,8.290082985413785e-16,1.5459665038421005e-14,adjacent_normal_vs_healthy,up,unique_gene_symbol,processed_matrix_welch_t,0.9693877551020408,2.7683509999999996,3.4980586734693873,2.6446984693877544,0.7297076734693877,-0.8533602040816328,adjacent_specific,0.15
RUFY3,,0.6193412244897969,0.06258172030599948,9.896519646015912,8.423418460179794e-16,1.5692943980608932e-14,adjacent_normal_vs_healthy,up,unique_gene_symbol,processed_matrix_welch_t,0.9693877551020408,4.88112,5.500461224489797,5.1454908163265305,0.6193412244897969,-0.3549704081632665,non_monotonic,0.15
LRFN5,,0.6499438775510202,0.07098194402630632,9.156467697054723,8.711154142711778e-16,1.6174783960815602e-14,adjacent_normal_vs_healthy,up,unique_gene_symbol,processed_matrix_welch_t,0.8979591836734694,2.9834500000000004,3.6333938775510206,2.9559408163265313,0.6499438775510202,-0.6774530612244893,adjacent_specific,0.15
BCHE,,1.391403653061226,0.14929983375881523,9.319525802747735,9.08131736750229e-16,1.6770929454630805e-14,adjacent_normal_vs_healthy,up,unique_gene_symbol,processed_matrix_welch_t,0.9489795918367347,2.858904000000001,4.250307653061227,2.4241515306122454,1.391403653061226,-1.8261561224489813,adjacent_specific,0.15
FMO4,,-0.5560310612244876,0.0612616775622662,-9.076327703552343,9.162586740906507e-16,1.690461739795154e-14,adjacent_normal_vs_healthy,down,unique_gene_symbol,processed_matrix_welch_t,0.9183673469387755,6.434727999999998,5.87869693877551,4.669720408163264,-0.5560310612244876,-1.2089765306122464,monotonic_down,0.15
CXCR4,,1.4731618367346888,0.15955016725012333,9.233220259965288,9.440124649587032e-16,1.7382976143920416e-14,adjacent_normal_vs_healthy,up,unique_gene_symbol,processed_matrix_welch_t,0.9387755102040817,5.5007800000000024,6.973941836734691,6.768322448979594,1.4731618367346888,-0.20561938775509692,non_monotonic,0.15
LOXL1,,0.9995577551020394,0.11079681759441318,9.02153849545622,9.793134235449414e-16,1.79635140503812e-14,adjacent_normal_vs_healthy,up,unique_gene_symbol,processed_matrix_welch_t,0.9387755102040817,3.7595299999999994,4.759087755102039,5.268621428571429,0.9995577551020394,0.5095336734693898,monotonic_up,0.15
SYNM,,1.622961224489793,0.17685605954205944,9.17673518618583,9.946330557827727e-16,1.8191943690781933e-14,adjacent_normal_vs_healthy,up,unique_gene_symbol,processed_matrix_welch_t,0.9897959183673469,4.3238,5.946761224489793,4.23971275510204,1.622961224489793,-1.707048469387753,adjacent_specific,0.15
CAPZA2,,-0.5392066530612247,0.05976869600457881,-9.021556251117087,9.938643512276245e-16,1.8191943690781933e-14,adjacent_normal_vs_healthy,down,unique_gene_symbol,processed_matrix_welch_t,0.9285714285714286,9.624774,9.085567346938776,8.963088775510203,-0.5392066530612247,-0.12247857142857299,field_shift_then_plateau,0.15
FAM70A,,0.5186898775510187,0.05755487236635815,9.012093263787728,1.0768741888423672e-15,1.9620750770869544e-14,adjacent_normal_vs_healthy,up,unique_gene_symbol,processed_matrix_welch_t,0.9081632653061225,2.781329000000001,3.3000188775510195,2.615894897959184,0.5186898775510187,-0.6841239795918357,adjacent_specific,0.15
ZBTB47,,0.723242469387757,0.07754371530541318,9.326899885299524,1.161999256443779e-15,2.1111131529283923e-14,adjacent_normal_vs_healthy,up,unique_gene_symbol,processed_matrix_welch_t,0.9489795918367347,3.248630999999999,3.971873469387756,3.576859693877551,0.723242469387757,-0.395013775510205,non_monotonic,0.15
ERRFI1,,0.7361593061224507,0.0818885146808481,8.989774805313719,1.1857356791692697e-15,2.1501340315602758e-14,adjacent_normal_vs_healthy,up,unique_gene_symbol,processed_matrix_welch_t,0.8673469387755102,7.419055999999999,8.15521530612245,7.775134693877548,0.7361593061224507,-0.3800806122449023,non_monotonic,0.15
MREG,,-0.6572409387755096,0.07248703360119389,-9.06701386611418,1.1873071932261812e-15,2.150935200668553e-14,adjacent_normal_vs_healthy,down,unique_gene_symbol,processed_matrix_welch_t,0.9693877551020408,7.429993999999999,6.772753061224489,7.128337755102037,-0.6572409387755096,0.35558469387754776,non_monotonic,0.15
DUSP4,,0.7115042448979572,0.07629533581363013,9.3256584732254,1.225441245485237e-15,2.2137003144249443e-14,adjacent_normal_vs_healthy,up,unique_gene_symbol,processed_matrix_welch_t,0.9693877551020408,3.587558,4.299062244897957,6.302682653061226,0.7115042448979572,2.003620408163269,monotonic_up,0.15
SLFN11,,0.5660076326530619,0.06128130192412663,9.23622075382545,1.2389486665388051e-15,2.2359793943979953e-14,adjacent_normal_vs_healthy,up,unique_gene_symbol,processed_matrix_welch_t,0.9081632653061225,3.3834240000000007,3.9494316326530625,3.8077795918367365,0.5660076326530619,-0.14165204081632599,field_shift_then_plateau,0.15
MRRF,,-0.6817437959183632,0.0751785373297191,-9.06833013960303,1.3017664661472695e-15,2.3449038330599823e-14,adjacent_normal_vs_healthy,down,unique_gene_symbol,processed_matrix_welch_t,0.9387755102040817,5.245353999999997,4.563610204081634,4.804764285714286,-0.6817437959183632,0.24115408163265162,non_monotonic,0.15
HBB,,1.70205557142857,0.18969834703401842,8.972432274928268,1.3050845010700175e-15,2.348658686235646e-14,adjacent_normal_vs_healthy,up,unique_gene_symbol,processed_matrix_welch_t,0.8469387755102041,8.373798,10.07585357142857,8.022302040816324,1.70205557142857,-2.0535515306122463,adjacent_specific,0.15
PRDM1,,0.8170324897959178,0.0910392885369392,8.974504336821644,1.3136535125037373e-15,2.3618472972682872e-14,adjacent_normal_vs_healthy,up,unique_gene_symbol,processed_matrix_welch_t,0.8775510204081632,4.1002920000000005,4.917324489795918,4.70078775510204,0.8170324897959178,-0.21653673469387869,non_monotonic,0.15
HP1BP3,,0.5846253061224438,0.06358028658317626,9.195071893198092,1.3264524254856386e-15,2.38260888502326e-14,adjacent_normal_vs_healthy,up,unique_gene_symbol,processed_matrix_welch_t,0.8877551020408163,6.895390000000001,7.480015306122445,7.070361224489795,0.5846253061224438,-0.4096540816326497,non_monotonic,0.15
SPP1,,1.283842571428572,0.13901304234144435,9.23541093558109,1.3555251601629468e-15,2.4279585182975076e-14,adjacent_normal_vs_healthy,up,unique_gene_symbol,processed_matrix_welch_t,0.8877551020408163,3.321936,4.605778571428572,6.960797959183674,1.283842571428572,2.3550193877551022,monotonic_up,0.15
CLYBL,,-0.5634033877550992,0.061457285394629385,-9.167397878662792,1.3767470500637195e-15,2.463652615903498e-14,adjacent_normal_vs_healthy,down,unique_gene_symbol,processed_matrix_welch_t,0.9183673469387755,6.6165340000000015,6.053130612244902,5.16617142857143,-0.5634033877550992,-0.886959183673472,monotonic_down,0.15
DFNA5,,0.6694873469387761,0.07447977392438923,8.9888477322505,1.4112161246229253e-15,2.5229629120019246e-14,adjacent_normal_vs_healthy,up,unique_gene_symbol,processed_matrix_welch_t,0.9591836734693877,2.416229999999999,3.0857173469387753,3.1448387755102045,0.6694873469387761,0.05912142857142921,field_shift_then_plateau,0.15
FRAS1,,0.699618836734694,0.07661728208581038,9.131345013663234,1.4499296170140322e-15,2.584893249807788e-14,adjacent_normal_vs_healthy,up,unique_gene_symbol,processed_matrix_welch_t,0.9183673469387755,2.8725230000000006,3.5721418367346947,3.1152051020408162,0.699618836734694,-0.4569367346938784,non_monotonic,0.15
RAVER2,,-0.5210240204081691,0.057800847486548686,-9.014124239777294,1.4872625512658149e-15,2.6442163990233713e-14,adjacent_normal_vs_healthy,down,unique_gene_symbol,processed_matrix_welch_t,0.9489795918367347,6.369398000000002,5.848373979591833,4.73569642857143,-0.5210240204081691,-1.1126775510204032,monotonic_down,0.15
PLCL2,,-0.6299177551020376,0.06994713309571078,-9.005626495657829,1.5054006383530863e-15,2.6712794179163803e-14,adjacent_normal_vs_healthy,down,unique_gene_symbol,processed_matrix_welch_t,0.9489795918367347,5.588129999999999,4.958212244897961,3.10417551020408,-0.6299177551020376,-1.854036734693881,monotonic_down,0.15
ANGPT1,,0.7455541428571424,0.0827439127262032,9.010380562062078,1.5404752390797662e-15,2.7284324234491857e-14,adjacent_normal_vs_healthy,up,unique_gene_symbol,processed_matrix_welch_t,0.9591836734693877,3.1957779999999985,3.941332142857141,3.301144387755102,0.7455541428571424,-0.6401877551020387,adjacent_specific,0.15
S1PR2,,0.5433889795918363,0.06074907464625604,8.944810809975447,1.5927943690419221e-15,2.818476281278643e-14,adjacent_normal_vs_healthy,up,unique_gene_symbol,processed_matrix_welch_t,0.8979591836734694,3.8551849999999996,4.398573979591836,4.269383673469387,0.5433889795918363,-0.12919030612244864,field_shift_then_plateau,0.15
MCCC1,,-0.6273536734693863,0.06776747339773688,-9.257445231687461,1.6038825045967515e-15,2.835461735145975e-14,adjacent_normal_vs_healthy,down,unique_gene_symbol,processed_matrix_welch_t,0.9591836734693877,5.863569999999999,5.236216326530613,5.433238775510204,-0.6273536734693863,0.19702244897959087,non_monotonic,0.15
C6orf145,,0.6743170612244906,0.07428232426773858,9.077759317196703,1.6681204192991548e-15,2.9432022184151326e-14,adjacent_normal_vs_healthy,up,unique_gene_symbol,processed_matrix_welch_t,0.9285714285714286,5.582935999999998,6.257253061224489,6.2151020408163244,0.6743170612244906,-0.04215102040816454,field_shift_then_plateau,0.15
TNC,,1.8296073673469384,0.19514995941987395,9.375391994883563,1.6871434737960527e-15,2.968873543537601e-14,adjacent_normal_vs_healthy,up,unique_gene_symbol,processed_matrix_welch_t,0.9897959183673469,2.9694110000000005,4.799018367346939,5.126587244897961,1.8296073673469384,0.3275688775510224,monotonic_up,0.15
ANKRD58,,-0.5076592653061227,0.05487897746596582,-9.250523401624179,1.7233762342308104e-15,3.0270372232245967e-14,adjacent_normal_vs_healthy,down,unique_gene_symbol,processed_matrix_welch_t,0.9183673469387755,3.827896000000001,3.320236734693878,3.0876336734693877,-0.5076592653061227,-0.23260306122449048,monotonic_down,0.15
LRRC26,,-0.6731785306122466,0.07405603688108026,-9.090123627507124,1.7565854412584215e-15,3.082524129176069e-14,adjacent_normal_vs_healthy,down,unique_gene_symbol,processed_matrix_welch_t,0.9387755102040817,5.054752,4.381573469387753,3.9504357142857147,-0.6731785306122466,-0.43113775510203833,monotonic_down,0.15
MYLK,,1.4298111428571438,0.1572229672322731,9.094162055501819,1.7706225308660753e-15,3.104295855220081e-14,adjacent_normal_vs_healthy,up,unique_gene_symbol,processed_matrix_welch_t,0.9591836734693877,8.099495999999998,9.529307142857142,7.419778571428572,1.4298111428571438,-2.1095285714285703,adjacent_specific,0.15
PDLIM3,,1.7291647346938763,0.18991229892557196,9.105069784719676,1.877708830539142e-15,3.27695473267326e-14,adjacent_normal_vs_healthy,up,unique_gene_symbol,processed_matrix_welch_t,0.8775510204081632,4.321322,6.050486734693877,4.519527551020408,1.7291647346938763,-1.5309591836734686,adjacent_specific,0.15
NBEA,,1.174476448979592,0.12914226824244218,9.09443875319517,2.012837850567061e-15,3.509563431757953e-14,adjacent_normal_vs_healthy,up,unique_gene_symbol,processed_matrix_welch_t,0.9591836734693877,2.6796960000000007,3.8541724489795928,2.652502040816326,1.174476448979592,-1.2016704081632668,adjacent_specific,0.15
XRCC4,,-0.5570947346938802,0.05626594351156565,-9.901100024731079,2.047806179962275e-15,3.5640063680513455e-14,adjacent_normal_vs_healthy,down,unique_gene_symbol,processed_matrix_welch_t,0.9795918367346939,4.891833000000002,4.334738265306122,4.702312244897959,-0.5570947346938802,0.36757397959183713,non_monotonic,0.15
WDR78,,-0.8174777142857161,0.08620454918425961,-9.482999702699939,2.0743641388167194e-15,3.603639890791089e-14,adjacent_normal_vs_healthy,down,unique_gene_symbol,processed_matrix_welch_t,0.9387755102040817,4.977892000000001,4.1604142857142845,3.1109040816326528,-0.8174777142857161,-1.0495102040816318,monotonic_down,0.15
LXN,,-0.6442785714285701,0.07173391498568271,-8.981505771114835,2.1181402172263798e-15,3.676334524702851e-14,adjacent_normal_vs_healthy,down,unique_gene_symbol,processed_matrix_welch_t,0.8979591836734694,8.669275,8.02499642857143,6.836112244897959,-0.6442785714285701,-1.1888841836734718,monotonic_down,0.15
TWF1,,-0.9142274693877566,0.09526303500623105,-9.59687531819617,2.161185390891916e-15,3.747629311710572e-14,adjacent_normal_vs_healthy,down,unique_gene_symbol,processed_matrix_welch_t,0.9897959183673469,6.070904000000001,5.156676530612245,5.212424489795919,-0.9142274693877566,0.055747959183674034,field_shift_then_plateau,0.15
OPN3,,-0.7713430612244903,0.08694652293836176,-8.871465300243367,2.354817949338139e-15,4.068578380707637e-14,adjacent_normal_vs_healthy,down,unique_gene_symbol,processed_matrix_welch_t,0.8673469387755102,9.44814,8.67679693877551,7.34493469387755,-0.7713430612244903,-1.3318622448979598,monotonic_down,0.15
KLK1,,-1.1459477551020392,0.1282517792164152,-8.935141189490547,2.3844328296517126e-15,4.116010977023446e-14,adjacent_normal_vs_healthy,down,unique_gene_symbol,processed_matrix_welch_t,0.8979591836734694,10.519660000000002,9.373712244897963,7.97769489795918,-1.1459477551020392,-1.3960173469387822,monotonic_down,0.15
AREG,,1.2901304897959163,0.1455906822812496,8.86135341617305,2.509099540396027e-15,4.327287613146771e-14,adjacent_normal_vs_healthy,up,unique_gene_symbol,processed_matrix_welch_t,0.8775510204081632,5.592594,6.882724489795916,8.080982653061225,1.2901304897959163,1.1982581632653089,monotonic_up,0.15
CPEB1,,0.5303119999999986,0.05799523681811923,9.144061290121591,2.5144069714113995e-15,4.3325166276627187e-14,adjacent_normal_vs_healthy,up,unique_gene_symbol,processed_matrix_welch_t,0.9489795918367347,2.4535380000000004,2.983849999999999,2.349511224489796,0.5303119999999986,-0.6343387755102028,adjacent_specific,0.15
DES,,2.285140775510204,0.2551642157704923,8.95556913656567,2.5877433339656116e-15,4.4500952395835577e-14,adjacent_normal_vs_healthy,up,unique_gene_symbol,processed_matrix_welch_t,0.9591836734693877,4.8132980000000005,7.098438775510204,4.35609081632653,2.285140775510204,-2.7423479591836744,adjacent_specific,0.15
HDHD3,,-0.5807981224489787,0.06559459691022988,-8.854359197356384,2.6154901566261892e-15,4.490435760339282e-14,adjacent_normal_vs_healthy,down,unique_gene_symbol,processed_matrix_welch_t,0.8979591836734694,7.795142000000002,7.214343877551023,6.810327551020406,-0.5807981224489787,-0.40401632653061714,monotonic_down,0.15
HOXB6,,-1.1155192244897956,0.11596671813101903,-9.619304939107472,2.6346766796686183e-15,4.519301259539684e-14,adjacent_normal_vs_healthy,down,unique_gene_symbol,processed_matrix_welch_t,0.9387755102040817,7.714258000000002,6.598738775510206,6.72401530612245,-1.1155192244897956,0.12527653061224342,field_shift_then_plateau,0.15
SERF1A,,-0.6219963673469362,0.06760990428728957,-9.199781805694249,2.7117415567414052e-15,4.643125830967298e-14,adjacent_normal_vs_healthy,down,unique_gene_symbol,processed_matrix_welch_t,0.9591836734693877,9.053378,8.431381632653064,8.313355102040818,-0.6219963673469362,-0.1180265306122461,field_shift_then_plateau,0.15
ARMCX2,,0.9333201224489818,0.10408045382031095,8.967294897275394,2.7157921884828843e-15,4.64588349224745e-14,adjacent_normal_vs_healthy,up,unique_gene_symbol,processed_matrix_welch_t,0.8877551020408163,3.9878359999999997,4.9211561224489815,4.680761224489795,0.9333201224489818,-0.24039489795918634,non_monotonic,0.15
TRAF3IP2,,-0.5328772244897984,0.05893378413655461,-9.04196518681163,2.904981866000146e-15,4.960614773869308e-14,adjacent_normal_vs_healthy,down,unique_gene_symbol,processed_matrix_welch_t,0.9285714285714286,6.240091000000001,5.707213775510203,4.796212244897959,-0.5328772244897984,-0.9110015306122436,monotonic_down,0.15
FZD7,,1.0764844081632656,0.1218975986696647,8.831055081572812,3.0416732762672863e-15,5.161627377908122e-14,adjacent_normal_vs_healthy,up,unique_gene_symbol,processed_matrix_welch_t,0.9285714285714286,5.179186,6.255670408163265,6.098152040816323,1.0764844081632656,-0.1575183673469427,non_monotonic,0.15
GLUD1,,-0.5633876734693839,0.05864689948663519,-9.606435777526006,3.203245313848864e-15,5.411693946378205e-14,adjacent_normal_vs_healthy,down,unique_gene_symbol,processed_matrix_welch_t,0.9591836734693877,8.604503999999999,8.041116326530615,7.74234693877551,-0.5633876734693839,-0.29876938775510453,monotonic_down,0.15
MSN,,0.8813473877551026,0.10003072056771965,8.81076715985906,3.36356985966177e-15,5.672486282370248e-14,adjacent_normal_vs_healthy,up,unique_gene_symbol,processed_matrix_welch_t,0.9183673469387755,5.930122000000001,6.811469387755103,6.705435714285715,0.8813473877551026,-0.10603367346938875,field_shift_then_plateau,0.15
DOK4,,-0.5645205102040789,0.06375596886408254,-8.854394659228625,3.523985775056246e-15,5.932510093463389e-14,adjacent_normal_vs_healthy,down,unique_gene_symbol,processed_matrix_welch_t,0.9693877551020408,7.837895,7.273374489795921,6.344461224489797,-0.5645205102040789,-0.9289132653061234,monotonic_down,0.15
SMOC2,,0.7703069387755086,0.08673940675766066,8.880703333925865,3.675283194509819e-15,6.181748411967045e-14,adjacent_normal_vs_healthy,up,unique_gene_symbol,processed_matrix_welch_t,0.9183673469387755,5.4464900000000025,6.216796938775511,6.438620918367348,0.7703069387755086,0.22182397959183664,monotonic_up,0.15
CRTAP,,0.8000980000000002,0.0901854811052789,8.871694093043624,3.764087954807265e-15,6.314381908328663e-14,adjacent_normal_vs_healthy,up,unique_gene_symbol,processed_matrix_welch_t,0.9081632653061225,4.004802000000001,4.804900000000001,4.357106122448979,0.8000980000000002,-0.44779387755102196,non_monotonic,0.15
STON1,,0.6542955714285705,0.07275998931885569,8.99251879437825,3.888358394234682e-15,6.517107731182073e-14,adjacent_normal_vs_healthy,up,unique_gene_symbol,processed_matrix_welch_t,0.9795918367346939,2.922008,3.5763035714285705,3.1641193877551035,0.6542955714285705,-0.412184183673467,non_monotonic,0.15
SETBP1,,0.7739677142857158,0.08699602363760593,8.896587245295098,3.931679501335088e-15,6.583920642517157e-14,adjacent_normal_vs_healthy,up,unique_gene_symbol,processed_matrix_welch_t,0.8877551020408163,4.468818,5.2427857142857155,3.7032836734693886,0.7739677142857158,-1.539502040816327,adjacent_specific,0.15
DEGS1,,0.7100932244897944,0.08089056302845528,8.778443342519465,4.048200226250845e-15,6.76714067671783e-14,adjacent_normal_vs_healthy,up,unique_gene_symbol,processed_matrix_welch_t,0.8775510204081632,6.973618000000001,7.683711224489795,8.105271938775509,0.7100932244897944,0.4215607142857136,monotonic_up,0.15
INPP5J,,-0.5301363673469397,0.059881840207777204,-8.853040679903616,4.091469751297378e-15,6.82748326596863e-14,adjacent_normal_vs_healthy,down,unique_gene_symbol,processed_matrix_welch_t,0.8877551020408163,4.524018000000001,3.993881632653061,3.640515306122448,-0.5301363673469397,-0.35336632653061306,monotonic_down,0.15
TRHDE,,-0.9322563469387761,0.10331295422624785,-9.023615227352831,4.097156662505261e-15,6.830986239413325e-14,adjacent_normal_vs_healthy,down,unique_gene_symbol,processed_matrix_welch_t,0.9183673469387755,5.006339,4.0740826530612235,2.76329387755102,-0.9322563469387761,-1.3107887755102037,monotonic_down,0.15
CHRDL1,,0.5424506530612248,0.05987356013417412,9.05993650361889,4.246417627476554e-15,7.061291845166253e-14,adjacent_normal_vs_healthy,up,unique_gene_symbol,processed_matrix_welch_t,0.9387755102040817,2.316332,2.858782653061225,2.374691836734693,0.5424506530612248,-0.48409081632653184,non_monotonic,0.15
MAP1A,,0.9683307346938794,0.10679210073315204,9.067437835252504,4.265296601359796e-15,7.086496273114355e-14,adjacent_normal_vs_healthy,up,unique_gene_symbol,processed_matrix_welch_t,0.9285714285714286,3.213555999999999,4.181886734693879,3.7844928571428564,0.9683307346938794,-0.3973938775510222,non_monotonic,0.15
LRRK2,,0.8082930816326539,0.09211768346400147,8.774570215375917,4.3484251374575514e-15,7.21202217919789e-14,adjacent_normal_vs_healthy,up,unique_gene_symbol,processed_matrix_welch_t,0.9591836734693877,2.958261,3.7665540816326537,2.962936734693877,0.8082930816326539,-0.8036173469387768,adjacent_specific,0.15
SESTD1,,0.6847213469387765,0.07759371726469157,8.824443151795665,4.437173191344174e-15,7.352289671051445e-14,adjacent_normal_vs_healthy,up,unique_gene_symbol,processed_matrix_welch_t,0.9489795918367347,3.6232960000000003,4.308017346938777,4.776174489795919,0.6847213469387765,0.46815714285714183,monotonic_up,0.15
HEPACAM2,,-1.0050972857142817,0.11391030776986302,-8.823585023972676,4.440721177368257e-15,7.352289671051445e-14,adjacent_normal_vs_healthy,down,unique_gene_symbol,processed_matrix_welch_t,0.9183673469387755,9.984857999999997,8.979760714285716,5.395992857142855,-1.0050972857142817,-3.5837678571428606,monotonic_down,0.15
PHYH,,-0.6538238775510195,0.07027261613388751,-9.304106115891798,4.5608258098066174e-15,7.544580661921632e-14,adjacent_normal_vs_healthy,down,unique_gene_symbol,processed_matrix_welch_t,0.9591836734693877,8.859179999999999,8.205356122448979,7.626378571428568,-0.6538238775510195,-0.5789775510204107,monotonic_down,0.15
HNRPDL,,0.6588033877551007,0.07463795297480233,8.826654021145407,4.627467941406834e-15,7.648176180936294e-14,adjacent_normal_vs_healthy,up,unique_gene_symbol,processed_matrix_welch_t,0.9081632653061225,6.222666,6.881469387755101,7.486234693877554,0.6588033877551007,0.6047653061224532,monotonic_up,0.15
DHFR,,-0.6155591224489845,0.06736221318864356,-9.138047776505658,4.669077909224868e-15,7.710255281148438e-14,adjacent_normal_vs_healthy,down,unique_gene_symbol,processed_matrix_welch_t,0.9387755102040817,5.394653000000003,4.779093877551018,5.665413775510202,-0.6155591224489845,0.8863198979591838,adjacent_specific,0.15
RAB42,,-0.7325715510204063,0.07863345180531016,-9.316283772384711,4.75031807085516e-15,7.830827365288506e-14,adjacent_normal_vs_healthy,down,unique_gene_symbol,processed_matrix_welch_t,0.9285714285714286,4.962343999999999,4.229772448979593,3.864533673469388,-0.7325715510204063,-0.36523877551020467,monotonic_down,0.15
WBP5,,-0.5157692653061261,0.05745084018417639,-8.977575674309872,4.9752660383453295e-15,8.194555827862895e-14,adjacent_normal_vs_healthy,down,unique_gene_symbol,processed_matrix_welch_t,0.8979591836734694,8.581905999999998,8.066136734693872,7.798142857142853,-0.5157692653061261,-0.2679938775510191,monotonic_down,0.15
ZBTB8OS,,-0.5380484897959183,0.056519228576222644,-9.519742277980642,5.22234982417255e-15,8.557103326355022e-14,adjacent_normal_vs_healthy,down,unique_gene_symbol,processed_matrix_welch_t,0.9591836734693877,7.430173999999998,6.89212551020408,6.556993877551021,-0.5380484897959183,-0.33513163265305934,monotonic_down,0.15
STRADB,,-0.5917148163265304,0.06638470028949327,-8.91342152252183,5.243130093938485e-15,8.583765863163263e-14,adjacent_normal_vs_healthy,down,unique_gene_symbol,processed_matrix_welch_t,0.9183673469387755,5.511424,4.919709183673469,4.056905102040815,-0.5917148163265304,-0.8628040816326541,monotonic_down,0.15
FZD8,,0.607977938775508,0.06823553480677709,8.909990087966955,5.282541884205688e-15,8.640858889628548e-14,adjacent_normal_vs_healthy,up,unique_gene_symbol,processed_matrix_welch_t,0.9081632653061225,5.414819000000001,6.022796938775509,5.65008418367347,0.607977938775508,-0.3727127551020395,non_monotonic,0.15
IFI44L,,1.5477750612244883,0.1772337407695756,8.732959393080662,5.3995289041996294e-15,8.794442287079637e-14,adjacent_normal_vs_healthy,up,unique_gene_symbol,processed_matrix_welch_t,0.9591836734693877,3.226628,4.774403061224488,3.599861224489797,1.5477750612244883,-1.174541836734691,adjacent_specific,0.15
PBX3,,1.042909877551022,0.11902656469405441,8.761992587383455,5.506871285672841e-15,8.961609340103495e-14,adjacent_normal_vs_healthy,up,unique_gene_symbol,processed_matrix_welch_t,0.8877551020408163,4.4729339999999995,5.5158438775510215,5.106178571428572,1.042909877551022,-0.40966530612244956,non_monotonic,0.15
ZNF253,,-0.5277256734693898,0.05865953123759035,-8.996418183635456,5.529554152270506e-15,8.990837835971856e-14,adjacent_normal_vs_healthy,down,unique_gene_symbol,processed_matrix_welch_t,0.9081632653061225,3.8719420000000015,3.3442163265306117,3.7322163265306125,-0.5277256734693898,0.3880000000000008,non_monotonic,0.15
MRGPRF,,1.2295570204081612,0.13608231941890075,9.035391413510736,6.239675884837567e-15,1.0093749264851934e-13,adjacent_normal_vs_healthy,up,unique_gene_symbol,processed_matrix_welch_t,0.9795918367346939,3.8761690000000018,5.105726020408163,3.9424219387755106,1.2295570204081612,-1.1633040816326523,adjacent_specific,0.15
ANO6,,0.7789129387755098,0.08949171726946437,8.70374334677433,6.263185268203994e-15,1.01145926638341e-13,adjacent_normal_vs_healthy,up,unique_gene_symbol,processed_matrix_welch_t,0.8979591836734694,4.487884000000001,5.266796938775511,6.136455102040815,0.7789129387755098,0.8696581632653038,monotonic_up,0.15
ZCCHC24,,0.6302252653061249,0.07170847029506036,8.788714397517108,6.3851335563399495e-15,1.0285358960466382e-13,adjacent_normal_vs_healthy,up,unique_gene_symbol,processed_matrix_welch_t,0.9285714285714286,4.128588,4.758813265306125,4.437116326530614,0.6302252653061249,-0.32169693877551087,non_monotonic,0.15
TMEM87B,,-0.6260125306122459,0.0718384698176343,-8.714168497761873,6.4821112299521206e-15,1.0432747068325306e-13,adjacent_normal_vs_healthy,down,unique_gene_symbol,processed_matrix_welch_t,0.9183673469387755,7.338186000000002,6.712173469387756,6.300526530612241,-0.6260125306122459,-0.4116469387755153,monotonic_down,0.15
SERPINE2,,1.2277903469387725,0.1350413053432527,9.091961484065429,7.606733628754985e-15,1.2170773806007976e-13,adjacent_normal_vs_healthy,up,unique_gene_symbol,processed_matrix_welch_t,0.9489795918367347,5.428352000000001,6.656142346938774,7.584099489795921,1.2277903469387725,0.9279571428571476,monotonic_up,0.15
CEBPA,,-0.5524964897959155,0.06293181341996193,-8.779287609415432,7.723987235459538e-15,1.2337644040532687e-13,adjacent_normal_vs_healthy,down,unique_gene_symbol,processed_matrix_welch_t,0.9387755102040817,9.564621999999998,9.012125510204083,8.854514285714286,-0.5524964897959155,-0.1576112244897967,monotonic_down,0.15
DENND1B,,-0.5820646122448991,0.06707452895877056,-8.677878492485325,7.760784716562307e-15,1.2386030260129616e-13,adjacent_normal_vs_healthy,down,unique_gene_symbol,processed_matrix_welch_t,0.9591836734693877,6.5915339999999984,6.009469387755099,5.153945918367345,-0.5820646122448991,-0.8555234693877543,monotonic_down,0.15
AGT,,0.5429863673469391,0.06267989526790531,8.662847393508178,8.353458507536344e-15,1.327628130079232e-13,adjacent_normal_vs_healthy,up,unique_gene_symbol,processed_matrix_welch_t,0.8367346938775511,3.122407,3.665393367346939,5.48570306122449,0.5429863673469391,1.8203096938775514,monotonic_up,0.15
DNER,,0.7142560408163265,0.08047949361841672,8.875006647070627,8.724730668407291e-15,1.3797248498876646e-13,adjacent_normal_vs_healthy,up,unique_gene_symbol,processed_matrix_welch_t,0.9693877551020408,2.5079210000000005,3.222177040816327,2.376171938775511,0.7142560408163265,-0.8460051020408161,adjacent_specific,0.15
C9orf95,,-0.5637469795918371,0.0640497926916066,-8.801698739388945,9.17813623064641e-15,1.4502216915477812e-13,adjacent_normal_vs_healthy,down,unique_gene_symbol,processed_matrix_welch_t,0.9285714285714286,7.138898000000001,6.575151020408164,6.168180612244899,-0.5637469795918371,-0.40697040816326524,monotonic_down,0.15
MGAT4A,,-0.6867592040816319,0.07850002104624347,-8.748522547236897,9.787057171201385e-15,1.5451539679906665e-13,adjacent_normal_vs_healthy,down,unique_gene_symbol,processed_matrix_welch_t,0.9183673469387755,6.066723999999999,5.379964795918367,4.29616275510204,-0.6867592040816319,-1.0838020408163267,monotonic_down,0.15
FLNC,,1.5405031020408142,0.1749907173208977,8.803341832217546,9.896534480710726e-15,1.5598511300722866e-13,adjacent_normal_vs_healthy,up,unique_gene_symbol,processed_matrix_welch_t,0.9591836734693877,4.386802000000001,5.927305102040815,4.520687755102041,1.5405031020408142,-1.4066173469387744,adjacent_specific,0.15
ITLN1,,-1.3725219591836684,0.15914287041993525,-8.624464015019662,9.896339604327167e-15,1.5598511300722866e-13,adjacent_normal_vs_healthy,down,unique_gene_symbol,processed_matrix_welch_t,0.8877551020408163,11.415674000000001,10.043152040816333,5.82223775510204,-1.3725219591836684,-4.220914285714293,monotonic_down,0.15
IMMP1L,,-0.5817476326530597,0.06557555003224792,-8.871410645689974,1.0045143391784295e-14,1.581964683040306e-13,adjacent_normal_vs_healthy,down,unique_gene_symbol,processed_matrix_welch_t,0.9081632653061225,5.6494659999999985,5.067718367346939,5.600006122448981,-0.5817476326530597,0.5322877551020424,adjacent_specific,0.15
WFDC1,,1.1635681632653068,0.13376169404221552,8.698814496907326,1.0210207775426578e-14,1.605304343882098e-13,adjacent_normal_vs_healthy,up,unique_gene_symbol,processed_matrix_welch_t,0.8877551020408163,6.087889999999999,7.251458163265306,6.301348979591837,1.1635681632653068,-0.9501091836734687,adjacent_specific,0.15
ANXA1,,0.9511301224489763,0.11005249844482062,8.642512763359614,1.0691243309070958e-14,1.6795484538342496e-13,adjacent_normal_vs_healthy,up,unique_gene_symbol,processed_matrix_welch_t,0.8877551020408163,6.911076000000001,7.862206122448978,7.674744897959182,0.9511301224489763,-0.18746122448979552,non_monotonic,0.15
SFXN1,,-1.03797036734694,0.11552391856353302,-8.984895770966274,1.0910217667048025e-14,1.709716414655098e-13,adjacent_normal_vs_healthy,down,unique_gene_symbol,processed_matrix_welch_t,0.9387755102040817,6.862602000000001,5.824631632653061,5.00206224489796,-1.03797036734694,-0.8225693877551006,monotonic_down,0.15
PPP1R9A,,0.5636683265306166,0.06364080141914086,8.857027472332954,1.1034102575414441e-14,1.7248712071912231e-13,adjacent_normal_vs_healthy,up,unique_gene_symbol,processed_matrix_welch_t,0.8979591836734694,6.007147999999998,6.570816326530615,5.65537244897959,0.5636683265306166,-0.9154438775510245,adjacent_specific,0.15
ANXA6,,0.9851248163265289,0.11435111892922216,8.614911909487077,1.120942015413945e-14,1.7494045879902882e-13,adjacent_normal_vs_healthy,up,unique_gene_symbol,processed_matrix_welch_t,0.8775510204081632,4.181366,5.166490816326529,5.635111224489795,0.9851248163265289,0.46862040816326633,monotonic_up,0.15
DSCR3,,-0.5310135102040832,0.05746377815513034,-9.2408387901427,1.1236815144278127e-14,1.7522437374861226e-13,adjacent_normal_vs_healthy,down,unique_gene_symbol,processed_matrix_welch_t,0.9897959183673469,6.741838000000001,6.210824489795918,5.483670408163267,-0.5310135102040832,-0.7271540816326514,monotonic_down,0.15
COPZ2,,0.9454217959183682,0.10711007386756587,8.82663751205434,1.1330219542966088e-14,1.7653631759253218e-13,adjacent_normal_vs_healthy,up,unique_gene_symbol,processed_matrix_welch_t,0.9285714285714286,3.892568,4.837989795918368,4.518639795918368,0.9454217959183682,-0.31935,non_monotonic,0.15
NRXN1,,0.5583920612244895,0.06434277943844567,8.678395091071287,1.1913372019322839e-14,1.8471547495757885e-13,adjacent_normal_vs_healthy,up,unique_gene_symbol,processed_matrix_welch_t,0.9387755102040817,2.7603859999999996,3.318778061224489,2.40078724489796,0.5583920612244895,-0.9179908163265291,adjacent_specific,0.15
OLFML2B,,0.7032332653061224,0.08081838072576282,8.701402564502876,1.2519944258578798e-14,1.938046655962116e-13,adjacent_normal_vs_healthy,up,unique_gene_symbol,processed_matrix_welch_t,0.9285714285714286,3.71273,4.4159632653061225,5.6004158163265325,0.7032332653061224,1.18445255102041,monotonic_up,0.15
PHF3,,0.5372715918367321,0.061989777393034094,8.667099874069017,1.2756961025852959e-14,1.973131908466615e-13,adjacent_normal_vs_healthy,up,unique_gene_symbol,processed_matrix_welch_t,0.8673469387755102,7.480158,8.017429591836732,7.531307142857141,0.5372715918367321,-0.4861224489795912,non_monotonic,0.15
C5orf35,,-0.8656967755102061,0.0940649306301883,-9.203183053561704,1.304264329935721e-14,2.015681237173387e-13,adjacent_normal_vs_healthy,down,unique_gene_symbol,processed_matrix_welch_t,0.9897959183673469,7.3096580000000015,6.4439612244897955,5.931016326530612,-0.8656967755102061,-0.5129448979591835,monotonic_down,0.15
CASQ2,,1.2618317755102049,0.14136457678671488,8.926081796389525,1.3870573975351395e-14,2.1386930435803658e-13,adjacent_normal_vs_healthy,up,unique_gene_symbol,processed_matrix_welch_t,0.9897959183673469,2.4012569999999993,3.663088775510204,2.2765969387755094,1.2618317755102049,-1.3864918367346948,adjacent_specific,0.15
AQP11,,-0.7676100000000003,0.08610340132201191,-8.914978830270258,1.3872299941290715e-14,2.1386930435803658e-13,adjacent_normal_vs_healthy,down,unique_gene_symbol,processed_matrix_welch_t,0.9591836734693877,5.747335,4.979724999999999,4.064036224489796,-0.7676100000000003,-0.915688775510203,monotonic_down,0.15
ARMCX1,,0.994034408163265,0.11591486571000664,8.5755558795204,1.3912869173178368e-14,2.1432122092015866e-13,adjacent_normal_vs_healthy,up,unique_gene_symbol,processed_matrix_welch_t,0.9285714285714286,4.7802359999999995,5.7742704081632645,4.520232653061225,0.994034408163265,-1.2540377551020399,adjacent_specific,0.15
MGST1,,-0.6248556734693889,0.07230243318953694,-8.642249588355668,1.4255072441626497e-14,2.1888433813594233e-13,adjacent_normal_vs_healthy,down,unique_gene_symbol,processed_matrix_welch_t,0.9693877551020408,11.358022,10.733166326530611,10.185807142857144,-0.6248556734693889,-0.5473591836734677,monotonic_down,0.15
PODXL,,0.7150284897959187,0.08151931481066138,8.771276984560778,1.4575778773891723e-14,2.2344833160619838e-13,adjacent_normal_vs_healthy,up,unique_gene_symbol,processed_matrix_welch_t,0.9489795918367347,5.372896,6.087924489795919,7.0390724489795895,0.7150284897959187,0.9511479591836709,monotonic_up,0.15
ZAK,,0.9382277959183658,0.10731153970264129,8.74302799604014,1.4991384384846343e-14,2.2963472138976214e-13,adjacent_normal_vs_healthy,up,unique_gene_symbol,processed_matrix_welch_t,0.8979591836734694,3.5463370000000016,4.484564795918367,6.391121938775512,0.9382277959183658,1.9065571428571442,monotonic_up,0.15
DNMT1,,0.5243670816326551,0.06003809931461984,8.733905430363397,1.5198181224051927e-14,2.324284100449387e-13,adjacent_normal_vs_healthy,up,unique_gene_symbol,processed_matrix_welch_t,0.9081632653061225,6.723437000000001,7.2478040816326565,8.27362448979592,0.5243670816326551,1.0258204081632627,monotonic_up,0.15
CTSG,,1.1212804897959199,0.13062895534588437,8.583705556145269,1.5956615755641707e-14,2.43635897343559e-13,adjacent_normal_vs_healthy,up,unique_gene_symbol,processed_matrix_welch_t,0.8877551020408163,4.162743999999999,5.284024489795919,3.037273469387755,1.1212804897959199,-2.2467510204081638,adjacent_specific,0.15
CNN1,,2.0535801224489827,0.23359082281073731,8.791356174608188,1.6664478272677314e-14,2.5403656229926025e-13,adjacent_normal_vs_healthy,up,unique_gene_symbol,processed_matrix_welch_t,0.9795918367346939,4.378550999999998,6.432131122448981,4.365448469387753,2.0535801224489827,-2.0666826530612274,adjacent_specific,0.15
CRABP1,,0.7411865306122465,0.0861262558168464,8.605813913337094,1.728542965481411e-14,2.6285466943357633e-13,adjacent_normal_vs_healthy,up,unique_gene_symbol,processed_matrix_welch_t,0.9183673469387755,3.07769,3.8188765306122465,2.9288336734693887,0.7411865306122465,-0.8900428571428578,adjacent_specific,0.15
SH3RF3,,0.5243243265306137,0.06099545734747222,8.596120913459185,1.7536463380745707e-14,2.6605120539394284e-13,adjacent_normal_vs_healthy,up,unique_gene_symbol,processed_matrix_welch_t,0.8673469387755102,2.9070919999999996,3.4314163265306132,3.8896377551020413,0.5243243265306137,0.4582214285714281,monotonic_up,0.15
TAF3,,0.541955020408162,0.060542862407825755,8.951592291052778,1.8368081487454502e-14,2.7822455968268393e-13,adjacent_normal_vs_healthy,up,unique_gene_symbol,processed_matrix_welch_t,0.9183673469387755,4.502196,5.044151020408162,5.0983816326530595,0.541955020408162,0.05423061224489789,field_shift_then_plateau,0.15
PCSK2,,0.686044081632653,0.08057972462536268,8.513854878783226,1.8804214636845826e-14,2.8460432963874763e-13,adjacent_normal_vs_healthy,up,unique_gene_symbol,processed_matrix_welch_t,0.9591836734693877,3.30106,3.987104081632653,2.715029591836734,0.686044081632653,-1.2720744897959189,adjacent_specific,0.15
TMEM8A,,-0.5012897551020403,0.058916584568627944,-8.50846597392491,1.9360572507193285e-14,2.9255976233092076e-13,adjacent_normal_vs_healthy,down,unique_gene_symbol,processed_matrix_welch_t,0.9387755102040817,6.767601999999998,6.266312244897958,6.1917989795918364,-0.5012897551020403,-0.07451326530612157,field_shift_then_plateau,0.15
PGAP2,,-0.5378936734693873,0.0607196104192661,-8.858648297564105,1.97179736456512e-14,2.9748828701521304e-13,adjacent_normal_vs_healthy,down,unique_gene_symbol,processed_matrix_welch_t,0.9081632653061225,5.27636,4.738466326530613,5.195368367346937,-0.5378936734693873,0.456902040816324,non_monotonic,0.15
LPL,,1.4922644081632641,0.1751211367016322,8.521326644343072,1.977177497378109e-14,2.980638127480538e-13,adjacent_normal_vs_healthy,up,unique_gene_symbol,processed_matrix_welch_t,0.9081632653061225,3.108806,4.601070408163264,4.7130581632653055,1.4922644081632641,0.1119877551020414,field_shift_then_plateau,0.15
RIOK3,,-0.5764493061224538,0.06777313712059468,-8.505572128035435,2.0389703716399054e-14,3.071360433229731e-13,adjacent_normal_vs_healthy,down,unique_gene_symbol,processed_matrix_welch_t,0.8877551020408163,9.306634,8.730184693877547,6.942587755102041,-0.5764493061224538,-1.787596938775506,monotonic_down,0.15
LASS5,,0.5175656734693881,0.05770465506874042,8.969218737255083,2.0756303324130777e-14,3.1216430907697473e-13,adjacent_normal_vs_healthy,up,unique_gene_symbol,processed_matrix_welch_t,0.9489795918367347,5.269618000000001,5.787183673469389,6.1902795918367355,0.5175656734693881,0.40309591836734615,monotonic_up,0.15
C10orf125,,-0.8006313469387791,0.09162845481508196,-8.737802558763612,2.275652917292091e-14,3.4009757884804875e-13,adjacent_normal_vs_healthy,down,unique_gene_symbol,processed_matrix_welch_t,0.9183673469387755,6.384164000000001,5.583532653061222,5.903914285714284,-0.8006313469387791,0.32038163265306174,non_monotonic,0.15
MPZ,,0.7016762857142869,0.08178246567064491,8.579788833221096,2.411208916001353e-14,3.5922862097547545e-13,adjacent_normal_vs_healthy,up,unique_gene_symbol,processed_matrix_welch_t,0.9081632653061225,2.5793379999999995,3.2810142857142863,2.3370785714285702,0.7016762857142869,-0.9439357142857161,adjacent_specific,0.15
AKAP13,,0.50659824489796,0.05940190622079231,8.52831629703891,2.4977148380755436e-14,3.7153508216373715e-13,adjacent_normal_vs_healthy,up,unique_gene_symbol,processed_matrix_welch_t,0.8673469387755102,6.372163999999998,6.878762244897958,5.99118775510204,0.50659824489796,-0.8875744897959184,adjacent_specific,0.15
CPZ,,0.5722068979591843,0.06737284778197368,8.49313806373321,2.523794336488894e-14,3.751213440027209e-13,adjacent_normal_vs_healthy,up,unique_gene_symbol,processed_matrix_welch_t,0.8877551020408163,3.071588,3.6437948979591845,3.9807357142857147,0.5722068979591843,0.33694081632653017,monotonic_up,0.15
STK17B,,-0.8867459999999996,0.1008227468128553,-8.795098606527311,2.5774509761538947e-14,3.82499349851677e-13,adjacent_normal_vs_healthy,down,unique_gene_symbol,processed_matrix_welch_t,0.9081632653061225,6.0815459999999995,5.1948,4.3324734693877565,-0.8867459999999996,-0.8623265306122434,monotonic_down,0.15
MIR21,,1.1739743265306117,0.13214573398996438,8.883936628781127,2.6065253133448424e-14,3.862119997360763e-13,adjacent_normal_vs_healthy,up,unique_gene_symbol,processed_matrix_welch_t,0.9285714285714286,8.491092000000004,9.665066326530615,9.711011224489797,1.1739743265306117,0.04594489795918122,field_shift_then_plateau,0.15
HTATIP2,,-0.6392817551020418,0.0751082744017073,-8.51146907839904,2.6492043671616713e-14,3.922305688239364e-13,adjacent_normal_vs_healthy,down,unique_gene_symbol,processed_matrix_welch_t,0.9591836734693877,7.832794,7.193512244897958,6.894711224489795,-0.6392817551020418,-0.29880102040816325,monotonic_down,0.15
C20orf194,,0.6633013877551028,0.07739924154636926,8.56986934888405,2.7436875205124783e-14,4.0558858998880116e-13,adjacent_normal_vs_healthy,up,unique_gene_symbol,processed_matrix_welch_t,0.8877551020408163,3.846868,4.510169387755103,3.856730612244896,0.6633013877551028,-0.6534387755102071,adjacent_specific,0.15
THBS1,,0.9920300816326533,0.11064603231529799,8.965798961554762,2.798486223806112e-14,4.1336832972279576e-13,adjacent_normal_vs_healthy,up,unique_gene_symbol,processed_matrix_welch_t,0.9489795918367347,6.052174,7.044204081632653,6.192421428571428,0.9920300816326533,-0.8517826530612256,adjacent_specific,0.15
F3,,0.8206526938775518,0.09627675819754469,8.523892050807342,2.8760112701789595e-14,4.2416153822004175e-13,adjacent_normal_vs_healthy,up,unique_gene_symbol,processed_matrix_welch_t,0.8877551020408163,4.565382,5.386034693877551,5.3114663265306135,0.8206526938775518,-0.07456836734693795,field_shift_then_plateau,0.15
TRPC1,,1.0659235918367358,0.1250358756593223,8.52494203136541,2.9721467804251385e-14,4.376618306209949e-13,adjacent_normal_vs_healthy,up,unique_gene_symbol,processed_matrix_welch_t,0.9591836734693877,3.9414060000000006,5.007329591836736,4.082951020408162,1.0659235918367358,-0.9243785714285746,adjacent_specific,0.15
RCN2,,-0.570948326530611,0.06664406085729759,-8.567129901540081,3.088384970700409e-14,4.5337586616912714e-13,adjacent_normal_vs_healthy,down,unique_gene_symbol,processed_matrix_welch_t,0.9081632653061225,6.697032000000002,6.126083673469391,6.9136826530612225,-0.570948326530611,0.7875989795918317,adjacent_specific,0.15
NDN,,0.9593986938775529,0.1111802229849398,8.629220810319032,3.2134675172582567e-14,4.713745880477443e-13,adjacent_normal_vs_healthy,up,unique_gene_symbol,processed_matrix_welch_t,0.9183673469387755,5.4125859999999975,6.37198469387755,4.65457142857143,0.9593986938775529,-1.7174132653061207,adjacent_specific,0.15
GMNN,,-0.5623042448979572,0.06670480274244969,-8.429741514550903,3.521270926043914e-14,5.149385440236261e-13,adjacent_normal_vs_healthy,down,unique_gene_symbol,processed_matrix_welch_t,0.8673469387755102,9.203242,8.640937755102042,8.721711224489797,-0.5623042448979572,0.0807734693877542,field_shift_then_plateau,0.15
TTC7B,,0.9638273469387748,0.11189338258948318,8.613801143852134,3.604356065164002e-14,5.266841095987919e-13,adjacent_normal_vs_healthy,up,unique_gene_symbol,processed_matrix_welch_t,0.9285714285714286,2.4235400000000005,3.3873673469387753,3.385054081632652,0.9638273469387748,-0.002313265306123302,field_shift_then_plateau,0.15
PPARG,,-0.7082126326530638,0.08432874442697462,-8.398235233614182,3.672317489407441e-14,5.353822741065672e-13,adjacent_normal_vs_healthy,down,unique_gene_symbol,processed_matrix_welch_t,0.9591836734693877,8.969831000000005,8.26161836734694,7.341314795918371,-0.7082126326530638,-0.9203035714285699,monotonic_down,0.15
BAG2,,1.6697746938775513,0.19229179839303587,8.683546088973625,3.675962399916615e-14,5.355036273482199e-13,adjacent_normal_vs_healthy,up,unique_gene_symbol,processed_matrix_welch_t,0.9285714285714286,3.3876599999999994,5.057434693877551,4.935735714285718,1.6697746938775513,-0.12169897959183285,field_shift_then_plateau,0.15
ATP6V0D2,,-0.6790224081632665,0.07366493619088188,-9.217715283208442,3.744588391445533e-14,5.446674023920774e-13,adjacent_normal_vs_healthy,down,unique_gene_symbol,processed_matrix_welch_t,0.9489795918367347,3.756202,3.0771795918367335,2.804614285714285,-0.6790224081632665,-0.27256530612244845,monotonic_down,0.15
MAPK6,,-0.6738857142857171,0.07852803524835152,-8.581466633597756,3.794503645593592e-14,5.515064840618472e-13,adjacent_normal_vs_healthy,down,unique_gene_symbol,processed_matrix_welch_t,0.9285714285714286,7.563799999999998,6.889914285714281,5.9824214285714294,-0.6738857142857171,-0.9074928571428513,monotonic_down,0.15
IFI16,,0.7477242857142858,0.08684011128567583,8.61035614353965,3.949218794808389e-14,5.722460110589933e-13,adjacent_normal_vs_healthy,up,unique_gene_symbol,processed_matrix_welch_t,0.9081632653061225,6.73089,7.478614285714285,7.155542857142857,0.7477242857142858,-0.3230714285714287,non_monotonic,0.15
ADIPOQ,,1.1669370816326525,0.13873957690610236,8.410989190362203,3.9992733213617716e-14,5.788180982253157e-13,adjacent_normal_vs_healthy,up,unique_gene_symbol,processed_matrix_welch_t,0.9183673469387755,2.621092,3.7880290816326525,2.6110836734693876,1.1669370816326525,-1.1769454081632649,adjacent_specific,0.15
PBLD,,-0.9179376734693916,0.10792513235665212,-8.50531895051054,4.000654502439682e-14,5.788180982253157e-13,adjacent_normal_vs_healthy,down,unique_gene_symbol,processed_matrix_welch_t,0.9387755102040817,8.610679000000003,7.692741326530611,5.720892346938775,-0.9179376734693916,-1.9718489795918366,monotonic_down,0.15
SNORA72,,0.7207187755102051,0.08161034789789637,8.831218026565756,4.035027566744976e-14,5.833479489052722e-13,adjacent_normal_vs_healthy,up,unique_gene_symbol,processed_matrix_welch_t,0.9489795918367347,4.40977,5.130488775510205,5.996914285714286,0.7207187755102051,0.8664255102040812,monotonic_up,0.15
PRDM6,,0.53522093877551,0.06278428724708862,8.52475933459496,4.058681713575089e-14,5.858779365160704e-13,adjacent_normal_vs_healthy,up,unique_gene_symbol,processed_matrix_welch_t,0.9285714285714286,2.786851,3.32207193877551,2.8873724489795927,0.53522093877551,-0.4346994897959173,non_monotonic,0.15
AHI1,,0.5670371224489807,0.06161701937967013,9.202605516424388,4.18921921457628e-14,6.032221167010168e-13,adjacent_normal_vs_healthy,up,unique_gene_symbol,processed_matrix_welch_t,0.9693877551020408,4.199494000000001,4.766531122448982,4.68145612244898,0.5670371224489807,-0.08507500000000245,field_shift_then_plateau,0.15
IRS1,,0.900281510204084,0.1075105052867214,8.373893395841732,4.196057807287102e-14,6.034210018938552e-13,adjacent_normal_vs_healthy,up,unique_gene_symbol,processed_matrix_welch_t,0.8979591836734694,3.810194,4.710475510204084,5.289642857142857,0.900281510204084,0.5791673469387728,monotonic_up,0.15
TRPS1,,0.6401054285714287,0.0744761401613161,8.594771791139467,4.433999026164722e-14,6.361969966705072e-13,adjacent_normal_vs_healthy,up,unique_gene_symbol,processed_matrix_welch_t,0.9285714285714286,2.6325659999999997,3.2726714285714285,3.0011132653061225,0.6401054285714287,-0.2715581632653059,non_monotonic,0.15
TPPP3,,0.7905733469387757,0.0937166661921331,8.4357817991304,4.4854197007115104e-14,6.430902944393611e-13,adjacent_normal_vs_healthy,up,unique_gene_symbol,processed_matrix_welch_t,0.9183673469387755,3.349844,4.140417346938776,3.9629622448979602,0.7905733469387757,-0.1774551020408155,non_monotonic,0.15
CD81,,0.7949933469387762,0.09470502254018454,8.394415899129854,4.551240498661746e-14,6.520362610573337e-13,adjacent_normal_vs_healthy,up,unique_gene_symbol,processed_matrix_welch_t,0.9183673469387755,8.183573999999998,8.978567346938775,9.634640816326531,0.7949933469387762,0.6560734693877563,monotonic_up,0.15
FAM127C,,0.6409766734693862,0.07392392375739677,8.670760978177253,4.628442951470342e-14,6.62100329045795e-13,adjacent_normal_vs_healthy,up,unique_gene_symbol,processed_matrix_welch_t,0.9081632653061225,3.158257,3.799233673469386,3.6390918367346936,0.6409766734693862,-0.1601418367346925,non_monotonic,0.15
FLVCR1,,-0.9322324081632649,0.10409200115192876,-8.955850573019665,4.7194634298538683e-14,6.746139917749072e-13,adjacent_normal_vs_healthy,down,unique_gene_symbol,processed_matrix_welch_t,0.9591836734693877,5.038612,4.106379591836735,4.98668775510204,-0.9322324081632649,0.8803081632653056,adjacent_specific,0.15
ARHGAP10,,0.6195253061224495,0.07405546024979413,8.36569381964204,4.8265694139608884e-14,6.888896674798749e-13,adjacent_normal_vs_healthy,up,unique_gene_symbol,processed_matrix_welch_t,0.8877551020408163,3.5728399999999993,4.192365306122449,3.8243153061224504,0.6195253061224495,-0.36804999999999843,non_monotonic,0.15
PLP1,,1.1579374693877558,0.13816329918673217,8.380933838462889,4.872651485247071e-14,6.949459496562115e-13,adjacent_normal_vs_healthy,up,unique_gene_symbol,processed_matrix_welch_t,0.8775510204081632,4.053486,5.211423469387756,2.7230683673469382,1.1579374693877558,-2.488355102040818,adjacent_specific,0.15
FRMD4A,,0.6421610612244919,0.07665857059935006,8.37689844989017,5.069127258865282e-14,7.202700224536938e-13,adjacent_normal_vs_healthy,up,unique_gene_symbol,processed_matrix_welch_t,0.8469387755102041,4.212091999999999,4.854253061224491,4.6550377551020405,0.6421610612244919,-0.19921530612245064,non_monotonic,0.15
SLC41A2,,-0.6352890204081669,0.07618228028380801,-8.339065436758696,5.118245634433808e-14,7.267069118539874e-13,adjacent_normal_vs_healthy,down,unique_gene_symbol,processed_matrix_welch_t,0.9285714285714286,7.257238000000002,6.621948979591835,4.962066326530612,-0.6352890204081669,-1.6598826530612225,monotonic_down,0.15
LRCH2,,1.002777918367347,0.11639517209963411,8.61528790480219,5.18525352166716e-14,7.35672332731317e-13,adjacent_normal_vs_healthy,up,unique_gene_symbol,processed_matrix_welch_t,0.9489795918367347,2.568918,3.571695918367347,2.6469428571428577,1.002777918367347,-0.9247530612244894,adjacent_specific,0.15
MAD2L1,,-0.9820812244897947,0.11784935505574848,-8.333361044065303,5.2881838424295844e-14,7.486023818576899e-13,adjacent_normal_vs_healthy,down,unique_gene_symbol,processed_matrix_welch_t,0.8877551020408163,7.009995000000001,6.027913775510206,8.03926632653061,-0.9820812244897947,2.011352551020404,adjacent_specific,0.15
PCDHB5,,0.523384571428569,0.06206869276051291,8.432344039337295,5.4644536809085196e-14,7.729806692756182e-13,adjacent_normal_vs_healthy,up,unique_gene_symbol,processed_matrix_welch_t,0.9285714285714286,2.247294,2.770678571428569,2.5410173469387765,0.523384571428569,-0.22966122448979265,non_monotonic,0.15
BCMO1,,-0.6153346122448982,0.07380315397499466,-8.337511056145113,5.515187348937275e-14,7.789997561110216e-13,adjacent_normal_vs_healthy,down,unique_gene_symbol,processed_matrix_welch_t,0.8979591836734694,5.427004,4.811669387755102,3.7890183673469373,-0.6153346122448982,-1.0226510204081647,monotonic_down,0.15
GEFT,,1.3231713469387727,0.15435291442816548,8.572376827744094,5.950282580129308e-14,8.367310216075481e-13,adjacent_normal_vs_healthy,up,unique_gene_symbol,processed_matrix_welch_t,0.9387755102040817,3.3870460000000002,4.710217346938773,3.4990214285714276,1.3231713469387727,-1.2111959183673453,adjacent_specific,0.15
APLNR,,0.5781595918367346,0.0687147745438689,8.413905097914945,5.960319708648275e-14,8.375238911635657e-13,adjacent_normal_vs_healthy,up,unique_gene_symbol,processed_matrix_welch_t,0.9081632653061225,3.6640949999999997,4.242254591836734,4.505392346938773,0.5781595918367346,0.2631377551020391,monotonic_up,0.15
ITGA5,,0.9178271020408166,0.10621026379549889,8.641604579836411,5.96493722815902e-14,8.375546078476973e-13,adjacent_normal_vs_healthy,up,unique_gene_symbol,processed_matrix_welch_t,0.9897959183673469,2.8886279999999998,3.8064551020408164,3.866182142857142,0.9178271020408166,0.059727040816325516,field_shift_then_plateau,0.15
SLC15A3,,0.6502457142857141,0.07706589579330518,8.43752878743806,6.063082859190357e-14,8.500817204638027e-13,adjacent_normal_vs_healthy,up,unique_gene_symbol,processed_matrix_welch_t,0.8979591836734694,3.8715900000000003,4.521835714285714,4.52732142857143,0.6502457142857141,0.005485714285715204,field_shift_then_plateau,0.15
PTPRR,,-0.9817176326530586,0.1181794166076383,-8.307010313923035,6.185361222251342e-14,8.665877680034257e-13,adjacent_normal_vs_healthy,down,unique_gene_symbol,processed_matrix_welch_t,0.9081632653061225,8.169711,7.187993367346941,4.446915306122448,-0.9817176326530586,-2.741078061224493,monotonic_down,0.15
FRK,,-0.6331939999999978,0.07625515676299731,-8.303622035267445,6.314729743512762e-14,8.834125960064879e-13,adjacent_normal_vs_healthy,down,unique_gene_symbol,processed_matrix_welch_t,0.8979591836734694,5.689643999999999,5.056450000000001,4.429634693877553,-0.6331939999999978,-0.626815306122448,monotonic_down,0.15
MKX,,0.7109777959183674,0.08384692560077227,8.4794736458628,6.321752579941308e-14,8.83745735110738e-13,adjacent_normal_vs_healthy,up,unique_gene_symbol,processed_matrix_welch_t,0.9591836734693877,2.367262,3.0782397959183676,3.493306122448979,0.7109777959183674,0.4150663265306114,monotonic_up,0.15
SOCS1,,0.5618350816326543,0.06728440880184137,8.35015260797355,6.759210712719977e-14,9.428232378768378e-13,adjacent_normal_vs_healthy,up,unique_gene_symbol,processed_matrix_welch_t,0.9081632653061225,3.308319,3.8701540816326543,3.998321938775511,0.5618350816326543,0.1281678571428566,field_shift_then_plateau,0.15
EFHA2,,0.7555284489795917,0.08994893634076662,8.399526216933946,6.778155082482486e-14,9.447735927559776e-13,adjacent_normal_vs_healthy,up,unique_gene_symbol,processed_matrix_welch_t,0.8979591836734694,2.727944,3.4834724489795916,2.7250744897959183,0.7555284489795917,-0.7583979591836734,adjacent_specific,0.15
YPEL3,,-0.6102759591836726,0.07333742462129222,-8.321480640138128,6.944099759007318e-14,9.66488738388153e-13,adjacent_normal_vs_healthy,down,unique_gene_symbol,processed_matrix_welch_t,0.9183673469387755,6.375528000000004,5.765252040816331,5.336798979591838,-0.6102759591836726,-0.4284530612244932,monotonic_down,0.15
NAT2,,-0.7422602448979561,0.08891234528210991,-8.34822478861444,6.984246419352052e-14,9.713663391122213e-13,adjacent_normal_vs_healthy,down,unique_gene_symbol,processed_matrix_welch_t,0.9693877551020408,9.145897999999999,8.403637755102043,6.421633673469387,-0.7422602448979561,-1.982004081632656,monotonic_down,0.15
SLC44A3,,-0.6902605102040811,0.08337424716348128,-8.279061385113433,7.469337124468806e-14,1.0365610703344465e-12,adjacent_normal_vs_healthy,down,unique_gene_symbol,processed_matrix_welch_t,0.9795918367346939,8.26826,7.577999489795919,7.458819897959185,-0.6902605102040811,-0.11917959183673332,field_shift_then_plateau,0.15
SYNPO2,,1.6739977142857132,0.1943542960505793,8.61312432142003,7.923925860602765e-14,1.0964502062927082e-12,adjacent_normal_vs_healthy,up,unique_gene_symbol,processed_matrix_welch_t,0.9387755102040817,3.4895379999999996,5.163535714285713,3.295337755102041,1.6739977142857132,-1.868197959183672,adjacent_specific,0.15
TNS1,,0.800107938775513,0.09383946867957405,8.526347708847075,7.957917191344169e-14,1.0995146713518167e-12,adjacent_normal_vs_healthy,up,unique_gene_symbol,processed_matrix_welch_t,0.9387755102040817,3.305488999999999,4.105596938775512,3.4148642857142857,0.800107938775513,-0.6907326530612261,adjacent_specific,0.15
LY6E,,0.6944658367346945,0.08374952168085548,8.292176752735346,7.963396700599555e-14,1.0995146713518167e-12,adjacent_normal_vs_healthy,up,unique_gene_symbol,processed_matrix_welch_t,0.9591836734693877,3.9123759999999987,4.606841836734693,6.046053061224487,0.6944658367346945,1.439211224489794,monotonic_up,0.15
RFK,,-0.6293414285714274,0.07488152866986089,-8.40449493687662,8.188946319523519e-14,1.1290191015476307e-12,adjacent_normal_vs_healthy,down,unique_gene_symbol,processed_matrix_welch_t,0.8877551020408163,10.42387,9.794528571428573,9.195353061224491,-0.6293414285714274,-0.5991755102040823,monotonic_down,0.15
DRAM1,,0.5322692448979609,0.06389035633918078,8.330979437213541,8.430542820332323e-14,1.15897137400092e-12,adjacent_normal_vs_healthy,up,unique_gene_symbol,processed_matrix_welch_t,0.8775510204081632,3.5755929999999996,4.1078622448979605,5.373780612244896,0.5322692448979609,1.2659183673469352,monotonic_up,0.15
BMP4,,0.6729079591836742,0.07939201336385103,8.475763879418938,8.536269905664384e-14,1.172659300172077e-12,adjacent_normal_vs_healthy,up,unique_gene_symbol,processed_matrix_welch_t,0.8877551020408163,6.528039999999999,7.200947959183673,8.3911693877551,0.6729079591836742,1.1902214285714274,monotonic_up,0.15
DCBLD2,,0.5507085918367336,0.06677700463139627,8.246979553464564,8.70132189757551e-14,1.193610727160214e-12,adjacent_normal_vs_healthy,up,unique_gene_symbol,processed_matrix_welch_t,0.9387755102040817,3.466646000000001,4.017354591836734,4.370664795918366,0.5507085918367336,0.35331020408163205,monotonic_up,0.15
IFITM2,,0.8168006734693876,0.09746983528368373,8.38003543447168,8.906190617332506e-14,1.2208341926134693e-12,adjacent_normal_vs_healthy,up,unique_gene_symbol,processed_matrix_welch_t,0.8877551020408163,7.938232999999997,8.755033673469384,9.91043469387755,0.8168006734693876,1.1554010204081653,monotonic_up,0.15
SLC25A24,,-0.7428122448979613,0.0848971478189681,-8.749554772816513,9.353140145485827e-14,1.2802572851908709e-12,adjacent_normal_vs_healthy,down,unique_gene_symbol,processed_matrix_welch_t,0.9489795918367347,7.25265,6.509837755102039,5.962859693877554,-0.7428122448979613,-0.5469780612244843,monotonic_down,0.15
IQGAP2,,-0.6510344489795985,0.07885772026217887,-8.25581118519657,9.532444994005316e-14,1.303863165846704e-12,adjacent_normal_vs_healthy,down,unique_gene_symbol,processed_matrix_welch_t,0.9591836734693877,7.966412000000004,7.315377551020405,5.235527040816327,-0.6510344489795985,-2.0798505102040785,monotonic_down,0.15
CCDC34,,-0.6063019591836705,0.07344691752102173,-8.254968072828063,9.579440910359903e-14,1.3093507173959264e-12,adjacent_normal_vs_healthy,down,unique_gene_symbol,processed_matrix_welch_t,0.8775510204081632,6.227353999999998,5.621052040816328,7.049412244897962,-0.6063019591836705,1.4283602040816339,adjacent_specific,0.15
ACTN1,,0.9764730612244925,0.11634746900448407,8.392731441256009,9.715906364937665e-14,1.3270506254549005e-12,adjacent_normal_vs_healthy,up,unique_gene_symbol,processed_matrix_welch_t,0.9081632653061225,6.287529999999999,7.264003061224492,7.879454081632654,0.9764730612244925,0.6154510204081625,monotonic_up,0.15
NEURL1B,,-0.6335315918367357,0.07600729331236825,-8.335142118968793,9.735910852702092e-14,1.328829696311454e-12,adjacent_normal_vs_healthy,down,unique_gene_symbol,processed_matrix_welch_t,0.8775510204081632,9.264252,8.630720408163265,7.368555102040817,-0.6335315918367357,-1.2621653061224478,monotonic_down,0.15
MAMDC2,,0.7726544081632643,0.09359006235110445,8.255731311136863,1.0098936530376803e-13,1.3773907703321943e-12,adjacent_normal_vs_healthy,up,unique_gene_symbol,processed_matrix_welch_t,0.8571428571428571,4.370690999999999,5.143345408163263,3.0541673469387756,0.7726544081632643,-2.0891780612244877,adjacent_specific,0.15
TBC1D2,,-0.5166395510204067,0.06277715617345707,-8.22973805300929,1.0149682358299574e-13,1.383321060143335e-12,adjacent_normal_vs_healthy,down,unique_gene_symbol,processed_matrix_welch_t,0.9489795918367347,7.5787619999999984,7.062122448979592,6.927352040816327,-0.5166395510204067,-0.13477040816326458,field_shift_then_plateau,0.15
ANXA13,,-0.9102664489795904,0.10984996829744341,-8.286451631145127,1.0495706309837463e-13,1.4263972029929e-12,adjacent_normal_vs_healthy,down,unique_gene_symbol,processed_matrix_welch_t,0.9285714285714286,7.159143999999999,6.248877551020408,5.815242346938778,-0.9102664489795904,-0.4336352040816305,monotonic_down,0.15
EMP3,,0.9168154693877568,0.1114337601278644,8.227448022356592,1.0685385237172448e-13,1.4501050243461397e-12,adjacent_normal_vs_healthy,up,unique_gene_symbol,processed_matrix_welch_t,0.8673469387755102,5.296958,6.213773469387757,5.526881632653062,0.9168154693877568,-0.686891836734695,adjacent_specific,0.15
SEMA3E,,0.5918241632653052,0.06969817005371871,8.49124392805674,1.0752181198567316e-13,1.4581305557031459e-12,adjacent_normal_vs_healthy,up,unique_gene_symbol,processed_matrix_welch_t,0.9387755102040817,2.531734,3.1235581632653053,2.347410204081633,0.5918241632653052,-0.7761479591836724,adjacent_specific,0.15
NFIA,,0.6009692653061247,0.07335055780707604,8.193111044728141,1.2052871922990007e-13,1.626411632981784e-12,adjacent_normal_vs_healthy,up,unique_gene_symbol,processed_matrix_welch_t,0.8571428571428571,6.6910440000000015,7.292013265306126,7.184339795918367,0.6009692653061247,-0.10767346938775901,field_shift_then_plateau,0.15
TBCC,,-0.5435292653061232,0.061099301095257706,-8.895834413207549,1.2373436208817501e-13,1.663861995711264e-12,adjacent_normal_vs_healthy,down,unique_gene_symbol,processed_matrix_welch_t,0.9693877551020408,6.868316,6.324786734693877,6.082877040816325,-0.5435292653061232,-0.24190969387755157,monotonic_down,0.15
SLC35A1,,-0.6242498775510192,0.07278980440013551,-8.576062028130098,1.240345136648586e-13,1.6654563753024738e-12,adjacent_normal_vs_healthy,down,unique_gene_symbol,processed_matrix_welch_t,0.9081632653061225,6.4747059999999985,5.850456122448979,4.944168367346938,-0.6242498775510192,-0.9062877551020412,monotonic_down,0.15
HOXB7,,-0.5226237142857109,0.06383601126888841,-8.18697321304003,1.2503446609732616e-13,1.6776999538358635e-12,adjacent_normal_vs_healthy,down,unique_gene_symbol,processed_matrix_welch_t,0.9591836734693877,8.233687999999999,7.711064285714288,7.222258163265306,-0.5226237142857109,-0.4888061224489819,monotonic_down,0.15
MS4A8B,,-0.7319417959183658,0.08812231175924633,-8.305975879503253,1.2765712244257922e-13,1.7116842333145835e-12,adjacent_normal_vs_healthy,down,unique_gene_symbol,processed_matrix_welch_t,0.9285714285714286,4.984202,4.252260204081634,3.2909413265306116,-0.7319417959183658,-0.9613188775510224,monotonic_down,0.15
NFIB,,0.5924985714285684,0.07173128987703122,8.259973749869651,1.3111923113979496e-13,1.75563302454409e-12,adjacent_normal_vs_healthy,up,unique_gene_symbol,processed_matrix_welch_t,0.8775510204081632,6.571180000000001,7.163678571428569,6.772374489795918,0.5924985714285684,-0.3913040816326516,non_monotonic,0.15
GRAMD3,,-0.6556898571428569,0.07779758267286065,-8.428152066112865,1.3647547911396907e-13,1.8235039454947167e-12,adjacent_normal_vs_healthy,down,unique_gene_symbol,processed_matrix_welch_t,0.9489795918367347,7.066222,6.410532142857143,4.677553571428571,-0.6556898571428569,-1.7329785714285721,monotonic_down,0.15
KLF6,,0.8195877551020461,0.09698295100013467,8.450843644682537,1.415351808304505e-13,1.8871357444060065e-12,adjacent_normal_vs_healthy,up,unique_gene_symbol,processed_matrix_welch_t,0.8979591836734694,6.545749999999998,7.365337755102044,6.120490816326529,0.8195877551020461,-1.244846938775515,adjacent_specific,0.15
WASF1,,0.8239197551020414,0.1000690090853487,8.233515677159566,1.4442578687675557e-13,1.9216400993245468e-12,adjacent_normal_vs_healthy,up,unique_gene_symbol,processed_matrix_welch_t,0.9285714285714286,2.9146180000000004,3.738537755102042,3.949487755102041,0.8239197551020414,0.21094999999999908,monotonic_up,0.15
SLC39A4,,-0.5842375510204034,0.07123385451671903,-8.201683805883047,1.453367996371837e-13,1.932411078974845e-12,adjacent_normal_vs_healthy,down,unique_gene_symbol,processed_matrix_welch_t,0.9387755102040817,8.131259999999997,7.547022448979594,8.298682653061226,-0.5842375510204034,0.7516602040816318,adjacent_specific,0.15
GPR34,,-1.1320010204081647,0.1385860666869886,-8.168216671917744,1.4955042563029814e-13,1.9828970083571566e-12,adjacent_normal_vs_healthy,down,unique_gene_symbol,processed_matrix_welch_t,0.8775510204081632,6.65625,5.524248979591835,4.70739693877551,-1.1320010204081647,-0.8168520408163253,monotonic_down,0.15
NDUFS7,,-0.5127589795918359,0.060969025819795505,-8.410155364912402,1.5195440582704862e-13,2.0133694411600598e-12,adjacent_normal_vs_healthy,down,unique_gene_symbol,processed_matrix_welch_t,0.9285714285714286,7.533710000000002,7.020951020408166,6.842520918367346,-0.5127589795918359,-0.17843010204081988,monotonic_down,0.15
CCDC99,,-0.6599121224489783,0.08052319792883122,-8.195304451671532,1.6301397254398787e-13,2.15540697030384e-12,adjacent_normal_vs_healthy,down,unique_gene_symbol,processed_matrix_welch_t,0.8571428571428571,6.007605999999999,5.347693877551021,6.735388775510205,-0.6599121224489783,1.387694897959184,adjacent_specific,0.15
COL3A1,,0.803468244897962,0.09881745261497625,8.130833406812519,1.708700791393954e-13,2.253023758181502e-12,adjacent_normal_vs_healthy,up,unique_gene_symbol,processed_matrix_welch_t,0.8571428571428571,8.643043999999998,9.44651224489796,10.371377551020409,0.803468244897962,0.9248653061224488,monotonic_up,0.15
ADH6,,-0.7240856734693866,0.08430631605279654,-8.58874764514595,1.7199704462538815e-13,2.2663139997698206e-12,adjacent_normal_vs_healthy,down,unique_gene_symbol,processed_matrix_welch_t,0.9285714285714286,4.575002,3.850916326530613,3.209604081632653,-0.7240856734693866,-0.6413122448979598,monotonic_down,0.15
GSTM3,,1.0336899999999996,0.12595435533909502,8.206861900226423,1.7230628929380992e-13,2.268818636344496e-12,adjacent_normal_vs_healthy,up,unique_gene_symbol,processed_matrix_welch_t,0.9285714285714286,3.3832600000000004,4.41695,3.118663265306123,1.0336899999999996,-1.298286734693877,adjacent_specific,0.15
BCL2L10,,-0.7252531020408162,0.07896223559376721,-9.18480963193579,1.7262629024560642e-13,2.269892656268195e-12,adjacent_normal_vs_healthy,down,unique_gene_symbol,processed_matrix_welch_t,0.9693877551020408,3.150423000000001,2.4251698979591847,2.3695178571428577,-0.7252531020408162,-0.05565204081632702,field_shift_then_plateau,0.15
PTGR1,,-0.8408323673469358,0.0978760604092357,-8.590786795374468,1.7645825281524496e-13,2.3186784910988713e-12,adjacent_normal_vs_healthy,down,unique_gene_symbol,processed_matrix_welch_t,0.9591836734693877,8.377813999999999,7.536981632653063,6.845988775510205,-0.8408323673469358,-0.6909928571428585,monotonic_down,0.15
FAM155A,,0.5033771428571425,0.061546788221779516,8.178771913219231,1.8087623562212775e-13,2.3734552213958044e-12,adjacent_normal_vs_healthy,up,unique_gene_symbol,processed_matrix_welch_t,0.8979591836734694,2.62908,3.1324571428571426,3.039410204081633,0.5033771428571425,-0.09304693877550951,field_shift_then_plateau,0.15
RAB31,,0.8838952040816359,0.10877415343270513,8.125967209926133,1.8242144925089493e-13,2.3904366095919057e-12,adjacent_normal_vs_healthy,up,unique_gene_symbol,processed_matrix_welch_t,0.8571428571428571,5.563465,6.447360204081636,6.849554081632653,0.8838952040816359,0.4021938775510172,monotonic_up,0.15
RANBP2,,0.5127525714285701,0.056947687658871676,9.00392259120446,1.9406046838756254e-13,2.5324957629192533e-12,adjacent_normal_vs_healthy,up,unique_gene_symbol,processed_matrix_welch_t,0.9897959183673469,5.977776,6.4905285714285705,7.062724489795921,0.5127525714285701,0.5721959183673508,monotonic_up,0.15
SRD5A1,,-0.5530046938775515,0.06442559866924218,-8.583617464179884,1.9432381765572185e-13,2.5341955398390027e-12,adjacent_normal_vs_healthy,down,unique_gene_symbol,processed_matrix_welch_t,0.9591836734693877,4.605295,4.0522903061224484,4.650750510204082,-0.5530046938775515,0.5984602040816336,adjacent_specific,0.15
ETNK1,,-1.798469571428579,0.21385053106690158,-8.409937363522099,1.9493007092287738e-13,2.540361773012721e-12,adjacent_normal_vs_healthy,down,unique_gene_symbol,processed_matrix_welch_t,0.9693877551020408,9.212066000000004,7.413596428571425,6.3082163265306095,-1.798469571428579,-1.1053801020408152,monotonic_down,0.15
RFTN1,,0.5759291836734697,0.07042448886031447,8.177967536488811,2.0030101543871177e-13,2.606788334896153e-12,adjacent_normal_vs_healthy,up,unique_gene_symbol,processed_matrix_welch_t,0.9285714285714286,4.653029999999999,5.228959183673469,5.199785204081633,0.5759291836734697,-0.029173979591836208,field_shift_then_plateau,0.15
C14orf2,,-0.5592430204081644,0.06762585775361102,-8.269662507582797,2.0047162019779647e-13,2.607226535905768e-12,adjacent_normal_vs_healthy,down,unique_gene_symbol,processed_matrix_welch_t,0.9285714285714286,4.929041999999999,4.369798979591835,4.920317346938777,-0.5592430204081644,0.5505183673469425,adjacent_specific,0.15
GALNT3,,-0.8416862040816309,0.10399571077111491,-8.093470373351316,2.074232879962862e-13,2.6957948146411527e-12,adjacent_normal_vs_healthy,down,unique_gene_symbol,processed_matrix_welch_t,0.9693877551020408,8.089726,7.24803979591837,7.55796836734694,-0.8416862040816309,0.30992857142857044,non_monotonic,0.15
REC8,,0.7654904489795942,0.09429810031753737,8.11777168789083,2.0945505425389196e-13,2.720343951564872e-12,adjacent_normal_vs_healthy,up,unique_gene_symbol,processed_matrix_welch_t,0.9081632653061225,3.507182,4.272672448979594,3.606074489795919,0.7654904489795942,-0.666597959183675,adjacent_specific,0.15
CSNK1G3,,-0.5290017551020414,0.06234673609679354,-8.484834783985551,2.1109852500899946e-13,2.7398199837568845e-12,adjacent_normal_vs_healthy,down,unique_gene_symbol,processed_matrix_welch_t,0.9285714285714286,4.998764,4.469762244897959,4.195577551020408,-0.5290017551020414,-0.27418469387755096,monotonic_down,0.15
LMOD1,,1.287467591836736,0.15324644425595385,8.401288513333425,2.1490217781540468e-13,2.7872871019109705e-12,adjacent_normal_vs_healthy,up,unique_gene_symbol,processed_matrix_welch_t,0.9285714285714286,2.805461999999999,4.092929591836735,2.7671224489795914,1.287467591836736,-1.3258071428571436,adjacent_specific,0.15
ADRB2,,0.5584494693877549,0.06860612801911604,8.139935680849844,2.2542320574766052e-13,2.9197672363506505e-12,adjacent_normal_vs_healthy,up,unique_gene_symbol,processed_matrix_welch_t,0.826530612244898,4.445324000000001,5.003773469387756,3.60880306122449,0.5584494693877549,-1.3949704081632661,adjacent_specific,0.15
GCHFR,,-0.6747429795918354,0.08350812818369839,-8.079967714131472,2.255944794677557e-13,2.9199992447763892e-12,adjacent_normal_vs_healthy,down,unique_gene_symbol,processed_matrix_welch_t,0.8775510204081632,6.636593999999999,5.961851020408163,6.444735714285712,-0.6747429795918354,0.4828846938775486,non_monotonic,0.15
PKDCC,,-0.5785326938775519,0.06795713088522165,-8.5132006949305,2.2859340480731945e-13,2.9547986609174217e-12,adjacent_normal_vs_healthy,down,unique_gene_symbol,processed_matrix_welch_t,0.9285714285714286,6.582947999999999,6.004415306122447,5.94962857142857,-0.5785326938775519,-0.05478673469387729,field_shift_then_plateau,0.15
SLC10A4,,0.6021775918367354,0.07282645087829481,8.268665911552862,2.2918448971095155e-13,2.9604292293734853e-12,adjacent_normal_vs_healthy,up,unique_gene_symbol,processed_matrix_welch_t,0.9387755102040817,2.0947519999999993,2.6969295918367346,2.115821428571428,0.6021775918367354,-0.5811081632653066,adjacent_specific,0.15
SEPSECS,,-0.6087090612244896,0.07214168916456189,-8.437687948170549,2.302473944243158e-13,2.9721426371789645e-12,adjacent_normal_vs_healthy,down,unique_gene_symbol,processed_matrix_welch_t,0.9285714285714286,5.146355999999998,4.5376469387755085,4.251241836734693,-0.6087090612244896,-0.28640510204081515,monotonic_down,0.15
EHHADH,,-0.8717979591836729,0.10192645434399775,-8.553205983614315,2.3558120385252244e-13,3.0348214623491387e-12,adjacent_normal_vs_healthy,down,unique_gene_symbol,processed_matrix_welch_t,0.9489795918367347,5.661600000000001,4.789802040816328,3.8682428571428566,-0.8717979591836729,-0.9215591836734713,monotonic_down,0.15
CDKN2B,,-0.7780343265306167,0.09643526177031941,-8.067944362339857,2.420680732471816e-13,3.114173050423201e-12,adjacent_normal_vs_healthy,down,unique_gene_symbol,processed_matrix_welch_t,0.8673469387755102,8.656618000000002,7.878583673469385,4.437579591836732,-0.7780343265306167,-3.441004081632653,monotonic_down,0.15
CCL21,,1.5454037142857144,0.1808746204566758,8.544060578448478,2.426037469425812e-13,3.1168524573459824e-12,adjacent_normal_vs_healthy,up,unique_gene_symbol,processed_matrix_welch_t,0.9693877551020408,4.491331999999999,6.036735714285713,4.110555102040818,1.5454037142857144,-1.9261806122448952,adjacent_specific,0.15
LOC100130933,,-0.8570293877550981,0.10631169397207342,-8.061478053206711,2.485446400955573e-13,3.1867272373194684e-12,adjacent_normal_vs_healthy,down,unique_gene_symbol,processed_matrix_welch_t,0.8979591836734694,7.548459999999999,6.6914306122449005,4.738613265306125,-0.8570293877550981,-1.952817346938776,monotonic_down,0.15
EPHA4,,0.569568530612246,0.06991661442549228,8.146397466359236,2.5598244654032036e-13,3.271077706125973e-12,adjacent_normal_vs_healthy,up,unique_gene_symbol,processed_matrix_welch_t,0.9693877551020408,4.033832999999999,4.603401530612245,3.6993622448979586,0.569568530612246,-0.904039285714286,adjacent_specific,0.15
APOBEC1,,-1.732349020408166,0.208497857103218,-8.308713789564548,2.5828992824435853e-13,3.2983502573927475e-12,adjacent_normal_vs_healthy,down,unique_gene_symbol,processed_matrix_welch_t,0.9285714285714286,6.937598,5.205248979591834,5.954726530612246,-1.732349020408166,0.7494775510204112,adjacent_specific,0.15
SULT1B1,,-0.8423940816326541,0.10459361453658145,-8.053972370732327,2.593480924138232e-13,3.306880253734244e-12,adjacent_normal_vs_healthy,down,unique_gene_symbol,processed_matrix_welch_t,0.9387755102040817,8.39929,7.5568959183673465,5.005361224489796,-0.8423940816326541,-2.5515346938775503,monotonic_down,0.15
ZNF436,,-0.518777142857143,0.06302052137127244,-8.231876404209261,2.626395287644124e-13,3.3449208211868976e-12,adjacent_normal_vs_healthy,down,unique_gene_symbol,processed_matrix_welch_t,0.9183673469387755,4.382770000000001,3.8639928571428577,3.5603285714285713,-0.518777142857143,-0.3036642857142864,monotonic_down,0.15
CXCL2,,1.0376199591836732,0.12893414109910206,8.047674187290177,2.6911191746021055e-13,3.422772817930801e-12,adjacent_normal_vs_healthy,up,unique_gene_symbol,processed_matrix_welch_t,0.8877551020408163,5.106303,6.143922959183673,8.414850000000003,1.0376199591836732,2.2709270408163302,monotonic_up,0.15
TMEM135,,-0.5212266938775523,0.0613818560191122,-8.49154339215908,2.7024449059991986e-13,3.434883245008327e-12,adjacent_normal_vs_healthy,down,unique_gene_symbol,processed_matrix_welch_t,0.9183673469387755,5.207142,4.685915306122448,4.448841326530612,-0.5212266938775523,-0.23707397959183574,monotonic_down,0.15
GPX8,,0.7623835510204078,0.09377308609705343,8.130089162591437,2.721201831300943e-13,3.456416468843893e-12,adjacent_normal_vs_healthy,up,unique_gene_symbol,processed_matrix_welch_t,0.9183673469387755,3.986294000000001,4.748677551020409,5.492271428571428,0.7623835510204078,0.7435938775510191,monotonic_up,0.15
OAS2,,1.0773298775510218,0.13148546878443448,8.193528056832376,2.7500388636785617e-13,3.490715997629321e-12,adjacent_normal_vs_healthy,up,unique_gene_symbol,processed_matrix_welch_t,0.8469387755102041,3.1646140000000003,4.241943877551022,3.703983673469386,1.0773298775510218,-0.537960204081636,adjacent_specific,0.15
LIMCH1,,0.5756253673469383,0.07107727505199415,8.098585193732584,2.8291597052321186e-13,3.5887542163637268e-12,adjacent_normal_vs_healthy,up,unique_gene_symbol,processed_matrix_welch_t,0.9183673469387755,2.866168,3.4417933673469383,3.3086147959183663,0.5756253673469383,-0.13317857142857203,field_shift_then_plateau,0.15
FILIP1,,0.9200246530612257,0.11028951974312319,8.34190460892447,2.937762384538145e-13,3.716611016718026e-12,adjacent_normal_vs_healthy,up,unique_gene_symbol,processed_matrix_welch_t,0.9591836734693877,2.772408,3.6924326530612257,2.8886229591836727,0.9200246530612257,-0.803809693877553,adjacent_specific,0.15
APPL2,,-0.7001840000000001,0.08700807336113361,-8.04734518248477,2.946529881394408e-13,3.725227685375135e-12,adjacent_normal_vs_healthy,down,unique_gene_symbol,processed_matrix_welch_t,0.8673469387755102,8.099234000000001,7.399050000000001,5.449329591836737,-0.7001840000000001,-1.9497204081632642,monotonic_down,0.15
CYS1,,0.510266591836734,0.0628934938073615,8.113185656367666,3.074655208981067e-13,3.879485432670611e-12,adjacent_normal_vs_healthy,up,unique_gene_symbol,processed_matrix_welch_t,0.8979591836734694,3.049663,3.5599295918367337,2.99148112244898,0.510266591836734,-0.5684484693877536,adjacent_specific,0.15
TNK1,,-0.5677508979591819,0.06979242810215129,-8.13484948722799,3.2732309770457414e-13,4.119122128417113e-12,adjacent_normal_vs_healthy,down,unique_gene_symbol,processed_matrix_welch_t,0.8979591836734694,5.191055999999999,4.623305102040817,4.163591836734695,-0.5677508979591819,-0.4597132653061218,monotonic_down,0.15
PEA15,,0.7337560000000014,0.09101353593618824,8.062053544589842,3.375571992117665e-13,4.242303018476591e-12,adjacent_normal_vs_healthy,up,unique_gene_symbol,processed_matrix_welch_t,0.8979591836734694,6.453143999999997,7.186899999999999,7.866843877551017,0.7337560000000014,0.6799438775510183,monotonic_up,0.15
JAZF1,,0.6456999591836752,0.07992507884074912,8.078815417501602,3.526849299204604e-13,4.423663416130149e-12,adjacent_normal_vs_healthy,up,unique_gene_symbol,processed_matrix_welch_t,0.8775510204081632,3.623273000000001,4.268972959183676,3.6580642857142855,0.6456999591836752,-0.6109086734693907,adjacent_specific,0.15
C13orf15,,0.7511303265306148,0.09249449056090275,8.120811542132177,3.5894888048593807e-13,4.499267073372127e-12,adjacent_normal_vs_healthy,up,unique_gene_symbol,processed_matrix_welch_t,0.8979591836734694,5.708886,6.4600163265306145,7.347446938775511,0.7511303265306148,0.8874306122448967,monotonic_up,0.15
CCDC88C,,-0.5679044897959176,0.06783858948685947,-8.371407691280526,3.657288445949036e-13,4.5782230118914955e-12,adjacent_normal_vs_healthy,down,unique_gene_symbol,processed_matrix_welch_t,0.8979591836734694,4.01678,3.4488755102040822,3.310806122448978,-0.5679044897959176,-0.13806938775510424,field_shift_then_plateau,0.15
PRAP1,,-1.2760028979591826,0.15925519052361764,-8.012315917388893,3.669614935516144e-13,4.590635241276438e-12,adjacent_normal_vs_healthy,down,unique_gene_symbol,processed_matrix_welch_t,0.9081632653061225,10.013308000000002,8.73730510204082,8.554855102040815,-1.2760028979591826,-0.18245000000000466,monotonic_down,0.15
IRS2,,0.6472823061224506,0.08015227834206998,8.075656980828553,3.683695495400989e-13,4.6052240467783875e-12,adjacent_normal_vs_healthy,up,unique_gene_symbol,processed_matrix_welch_t,0.9183673469387755,6.0563829999999985,6.703665306122449,7.078154591836732,0.6472823061224506,0.37448928571428297,monotonic_up,0.15
CRYBG3,,0.5272213061224464,0.06260932021906462,8.420811858006832,3.8183200934034863e-13,4.767266529731303e-12,adjacent_normal_vs_healthy,up,unique_gene_symbol,processed_matrix_welch_t,0.9795918367346939,7.336594000000002,7.863815306122448,7.131895918367349,0.5272213061224464,-0.7319193877550987,adjacent_specific,0.15
DZIP1,,0.8071038775510204,0.09839413900312811,8.202763759387754,3.8370332661198273e-13,4.787491047635748e-12,adjacent_normal_vs_healthy,up,unique_gene_symbol,processed_matrix_welch_t,0.9489795918367347,2.49179,3.2988938775510204,2.6761683673469387,0.8071038775510204,-0.6227255102040816,adjacent_specific,0.15
EHBP1,,0.532009510204082,0.06618165100720913,8.03862554208765,4.048016112333818e-13,5.040825819413727e-12,adjacent_normal_vs_healthy,up,unique_gene_symbol,processed_matrix_welch_t,0.9081632653061225,4.176065999999999,4.708075510204081,4.72662142857143,0.532009510204082,0.018545918367348868,field_shift_then_plateau,0.15
SDHD,,-0.6011511428571499,0.0704302478124536,-8.535411439385184,4.130129458212681e-13,5.139716659109114e-12,adjacent_normal_vs_healthy,down,unique_gene_symbol,processed_matrix_welch_t,0.9387755102040817,8.819644000000004,8.218492857142854,7.2130928571428585,-0.6011511428571499,-1.0053999999999954,monotonic_down,0.15
MRAP2,,-0.6147807142857151,0.07329548039155587,-8.38770291157737,4.1633301341170195e-13,5.1749241518034515e-12,adjacent_normal_vs_healthy,down,unique_gene_symbol,processed_matrix_welch_t,0.9285714285714286,4.450370000000001,3.835589285714286,3.4545494897959177,-0.6147807142857151,-0.38103979591836845,monotonic_down,0.15
TCEA2,,0.5836642448979603,0.07184783173996474,8.123616687701684,4.2974830857652185e-13,5.3270884083964684e-12,adjacent_normal_vs_healthy,up,unique_gene_symbol,processed_matrix_welch_t,0.9591836734693877,3.494522999999999,4.0781872448979595,3.788611224489795,0.5836642448979603,-0.2895760204081643,non_monotonic,0.15
TCEAL6,,0.5842514693877545,0.07205581979098229,8.10831756661067,4.428441679773219e-13,5.475164258628707e-12,adjacent_normal_vs_healthy,up,unique_gene_symbol,processed_matrix_welch_t,0.8979591836734694,3.590397000000001,4.174648469387756,3.489064795918367,0.5842514693877545,-0.6855836734693885,adjacent_specific,0.15
MLL3,,0.55547644897959,0.0677922258424497,8.19380750634338,4.666711857233232e-13,5.762269374949464e-12,adjacent_normal_vs_healthy,up,unique_gene_symbol,processed_matrix_welch_t,0.8673469387755102,5.941145999999999,6.496622448979589,6.468201020408162,0.55547644897959,-0.028421428571427043,field_shift_then_plateau,0.15
RIMKLB,,0.5781463265306139,0.07145326973266448,8.091250809006958,4.785750251638745e-13,5.897778950886841e-12,adjacent_normal_vs_healthy,up,unique_gene_symbol,processed_matrix_welch_t,0.9081632653061225,2.93702,3.515166326530614,3.1922591836734706,0.5781463265306139,-0.3229071428571433,non_monotonic,0.15
TMEM170A,,-0.5609826530612247,0.07038373296849262,-7.970345268733465,4.82083390502804e-13,5.937171898559759e-12,adjacent_normal_vs_healthy,down,unique_gene_symbol,processed_matrix_welch_t,0.8877551020408163,6.78305,6.2220673469387755,5.897433673469388,-0.5609826530612247,-0.3246336734693873,monotonic_down,0.15
ATPAF1,,-0.502379673469382,0.06091250550369951,-8.247562127269086,4.86381486101647e-13,5.9862336750971934e-12,adjacent_normal_vs_healthy,down,unique_gene_symbol,processed_matrix_welch_t,0.9693877551020408,7.827245999999998,7.324866326530616,7.1515367346938765,-0.502379673469382,-0.17332959183673946,monotonic_down,0.15
HMMR,,-0.8339826938775516,0.10305900397971163,-8.092283659579428,4.868480070864121e-13,5.988104686644242e-12,adjacent_normal_vs_healthy,down,unique_gene_symbol,processed_matrix_welch_t,0.8775510204081632,5.7759480000000005,4.941965306122449,6.2309086734693855,-0.8339826938775516,1.2889433673469366,adjacent_specific,0.15
NT5DC3,,0.6786002857142872,0.08528271320129129,7.957067267695846,4.93836213162627e-13,6.066220321688011e-12,adjacent_normal_vs_healthy,up,unique_gene_symbol,processed_matrix_welch_t,0.9489795918367347,3.5236389999999993,4.2022392857142865,4.202941836734695,0.6786002857142872,0.0007025510204083929,field_shift_then_plateau,0.15
OAS3,,1.1791613469387778,0.14828502156788884,7.951992281290031,4.986153577791771e-13,6.120977699623167e-12,adjacent_normal_vs_healthy,up,unique_gene_symbol,processed_matrix_welch_t,0.8163265306122449,4.598156,5.777317346938778,5.539960204081633,1.1791613469387778,-0.23735714285714504,non_monotonic,0.15
CKAP4,,0.5570014693877621,0.06873564637051036,8.103531410548172,5.249212010593879e-13,6.4273309763155916e-12,adjacent_normal_vs_healthy,up,unique_gene_symbol,processed_matrix_welch_t,0.9183673469387755,8.739996999999997,9.29699846938776,9.247434183673471,0.5570014693877621,-0.04956428571428795,field_shift_then_plateau,0.15
PLEKHO1,,1.1696688979591858,0.14674952619411566,7.970512261906622,5.396325795370841e-13,6.598975153748286e-12,adjacent_normal_vs_healthy,up,unique_gene_symbol,processed_matrix_welch_t,0.8877551020408163,5.356575999999999,6.5262448979591845,5.744375510204078,1.1696688979591858,-0.7818693877551066,adjacent_specific,0.15
CLIP1,,0.5736904285714273,0.07231192077175236,7.933552621043519,5.5673537180716e-13,6.7993851694729486e-12,adjacent_normal_vs_healthy,up,unique_gene_symbol,processed_matrix_welch_t,0.9183673469387755,5.318006000000001,5.891696428571429,5.702215816326531,0.5736904285714273,-0.18948061224489798,non_monotonic,0.15
SH3YL1,,-0.8273618367346938,0.10217203799144256,-8.09773254012991,5.59477936730232e-13,6.828499945733088e-12,adjacent_normal_vs_healthy,down,unique_gene_symbol,processed_matrix_welch_t,0.9795918367346939,7.209970000000001,6.382608163265307,7.145581122448978,-0.8273618367346938,0.7629729591836707,adjacent_specific,0.15
SFRS5,,0.6809092244897981,0.08231619720267733,8.271874158779186,5.628244846451332e-13,6.863562600802069e-12,adjacent_normal_vs_healthy,up,unique_gene_symbol,processed_matrix_welch_t,0.9081632653061225,7.596751999999998,8.277661224489796,7.388421428571425,0.6809092244897981,-0.8892397959183711,adjacent_specific,0.15
PDE8B,,0.5727748163265285,0.0723268248829646,7.919258411431195,5.63071679750674e-13,6.863562600802069e-12,adjacent_normal_vs_healthy,up,unique_gene_symbol,processed_matrix_welch_t,0.9183673469387755,2.841565999999999,3.4143408163265274,3.007998979591836,0.5727748163265285,-0.4063418367346916,non_monotonic,0.15
SNORA74B,,-0.5270440612244904,0.06004297764880194,-8.777780214486194,5.643697761535533e-13,6.874984349304961e-12,adjacent_normal_vs_healthy,down,unique_gene_symbol,processed_matrix_welch_t,0.9897959183673469,3.946391,3.4193469387755098,3.4691326530612234,-0.5270440612244904,0.049785714285713656,field_shift_then_plateau,0.15
NUDT7,,-0.5076296326530629,0.06078800394314518,-8.350819236108613,6.018120794192367e-13,7.303060543111706e-12,adjacent_normal_vs_healthy,down,unique_gene_symbol,processed_matrix_welch_t,0.9387755102040817,5.758098,5.2504683673469374,4.728326530612245,-0.5076296326530629,-0.5221418367346926,monotonic_down,0.15
NTM,,0.5918101632653068,0.07263862004656649,8.14732112044412,6.304851876736014e-13,7.641271784408257e-12,adjacent_normal_vs_healthy,up,unique_gene_symbol,processed_matrix_welch_t,0.9081632653061225,2.797098,3.388908163265307,3.7151724489795943,0.5918101632653068,0.32626428571428745,monotonic_up,0.15
ERBB3,,-0.7114890612244942,0.08920203415504148,-7.976152875481064,6.596741052454048e-13,7.98486647417197e-12,adjacent_normal_vs_healthy,down,unique_gene_symbol,processed_matrix_welch_t,0.9387755102040817,7.458286000000002,6.746796938775508,7.054397959183671,-0.7114890612244942,0.3076010204081632,non_monotonic,0.15
CMTM3,,0.5646912857142832,0.07120331504688898,7.9306881335850905,6.922872728526651e-13,8.353073304888937e-12,adjacent_normal_vs_healthy,up,unique_gene_symbol,processed_matrix_welch_t,0.8877551020408163,5.2072980000000015,5.771989285714285,6.135164795918366,0.5646912857142832,0.3631755102040817,monotonic_up,0.15
IMPA2,,-0.5005658775510202,0.06343822549179902,-7.890603396775828,6.977427354856711e-13,8.411395832255819e-12,adjacent_normal_vs_healthy,down,unique_gene_symbol,processed_matrix_welch_t,0.9693877551020408,8.611772,8.11120612244898,7.278964285714285,-0.5005658775510202,-0.8322418367346947,monotonic_down,0.15
TBX2,,0.5083250612244883,0.06405394447311803,7.9358900596327935,7.489433165796949e-13,8.985432103136353e-12,adjacent_normal_vs_healthy,up,unique_gene_symbol,processed_matrix_welch_t,0.8877551020408163,3.514928,4.023253061224488,3.746966326530613,0.5083250612244883,-0.2762867346938753,non_monotonic,0.15
SERPINA1,,-0.9548582040816358,0.12144824723212914,-7.862264181191311,7.644822469196932e-13,9.166084371127807e-12,adjacent_normal_vs_healthy,down,unique_gene_symbol,processed_matrix_welch_t,0.8673469387755102,8.759148000000001,7.804289795918366,8.390512244897955,-0.9548582040816358,0.5862224489795897,adjacent_specific,0.15
C2CD4B,,0.8330916734693901,0.10362526228267875,8.039465040839213,7.76304649328993e-13,9.290283169845399e-12,adjacent_normal_vs_healthy,up,unique_gene_symbol,processed_matrix_welch_t,0.9387755102040817,4.960841999999999,5.793933673469389,6.742398979591838,0.8330916734693901,0.9484653061224497,monotonic_up,0.15
FOXF2,,0.8595966122448946,0.1089683839625917,7.888495552434638,8.012689851252214e-13,9.55899841903773e-12,adjacent_normal_vs_healthy,up,unique_gene_symbol,processed_matrix_welch_t,0.9183673469387755,6.4176340000000005,7.277230612244895,5.643957142857142,0.8595966122448946,-1.6332734693877535,adjacent_specific,0.15
ACER3,,-0.6012278163265288,0.07486271855762995,-8.031071111366314,8.021642129365936e-13,9.563686045280366e-12,adjacent_normal_vs_healthy,down,unique_gene_symbol,processed_matrix_welch_t,0.9081632653061225,4.996961999999999,4.39573418367347,3.849647448979592,-0.6012278163265288,-0.546086734693878,monotonic_down,0.15
TRIM22,,0.9109506530612252,0.11510417883028677,7.914140583934486,8.144742875737859e-13,9.704374490240855e-12,adjacent_normal_vs_healthy,up,unique_gene_symbol,processed_matrix_welch_t,0.9489795918367347,4.021907,4.932857653061225,4.223754591836735,0.9109506530612252,-0.7091030612244902,adjacent_specific,0.15
SERPINF1,,0.9777933469387801,0.12427930647032015,7.867708427969805,8.169174628982017e-13,9.727397431883528e-12,adjacent_normal_vs_healthy,up,unique_gene_symbol,processed_matrix_welch_t,0.8367346938775511,5.757073999999999,6.734867346938779,6.416421428571429,0.9777933469387801,-0.3184459183673507,non_monotonic,0.15
NR1H3,,-0.515008122448978,0.0637718510300156,-8.075790715351484,8.280478177586537e-13,9.841467197331314e-12,adjacent_normal_vs_healthy,down,unique_gene_symbol,processed_matrix_welch_t,0.9183673469387755,5.475302,4.960293877551022,4.634722448979593,-0.515008122448978,-0.32557142857142907,monotonic_down,0.15
SPG20,,0.8336361836734678,0.1049056197517688,7.946535044033349,8.599098305511946e-13,1.01693684308663e-11,adjacent_normal_vs_healthy,up,unique_gene_symbol,processed_matrix_welch_t,0.8775510204081632,4.193873,5.027509183673468,3.9781714285714282,0.8336361836734678,-1.0493377551020395,adjacent_specific,0.15
C1orf198,,0.5226958367346946,0.06587948577954647,7.934121381636153,8.599000961116175e-13,1.01693684308663e-11,adjacent_normal_vs_healthy,up,unique_gene_symbol,processed_matrix_welch_t,0.8775510204081632,5.799696,6.3223918367346945,7.082485714285715,0.5226958367346946,0.7600938775510206,monotonic_up,0.15
CD36,,0.9246443265306121,0.11640015491371404,7.943669209169346,8.789443171623888e-13,1.0381575557550796e-11,adjacent_normal_vs_healthy,up,unique_gene_symbol,processed_matrix_welch_t,0.8979591836734694,4.8140220000000005,5.738666326530613,3.1843795918367337,0.9246443265306121,-2.554286734693879,adjacent_specific,0.15
APOM,,-0.792168693877553,0.09144072814095082,-8.66319319610479,8.844948052645097e-13,1.0440657837716221e-11,adjacent_normal_vs_healthy,down,unique_gene_symbol,processed_matrix_welch_t,0.9795918367346939,4.457684000000001,3.6655153061224484,3.9703214285714274,-0.792168693877553,0.3048061224489791,non_monotonic,0.15
MAP2,,0.538734530612246,0.06730490176893088,8.0043877407594,8.870262828889748e-13,1.0464052308677868e-11,adjacent_normal_vs_healthy,up,unique_gene_symbol,processed_matrix_welch_t,0.9489795918367347,2.4715420000000003,3.0102765306122463,2.525524489795919,0.538734530612246,-0.4847520408163275,non_monotonic,0.15
PLEKHB2,,-0.5655617755101989,0.07069434491959804,-8.000099246317687,8.914184530339354e-13,1.0509354393663237e-11,adjacent_normal_vs_healthy,down,unique_gene_symbol,processed_matrix_welch_t,0.9081632653061225,8.186572999999997,7.6210112244897985,6.995234183673468,-0.5655617755101989,-0.6257770408163301,monotonic_down,0.15
ARFIP1,,-0.5559740204081605,0.06837074744526857,-8.131752850196978,8.925094001118428e-13,1.0513209166279682e-11,adjacent_normal_vs_healthy,down,unique_gene_symbol,processed_matrix_welch_t,0.9489795918367347,6.066898,5.51092397959184,5.324418877551022,-0.5559740204081605,-0.18650510204081794,monotonic_down,0.15
POLD4,,-0.5006856326530595,0.06392313909652754,-7.832619607384989,9.106294160291162e-13,1.0709316912411594e-11,adjacent_normal_vs_healthy,down,unique_gene_symbol,processed_matrix_welch_t,0.8775510204081632,9.618053999999997,9.117368367346938,7.9382510204081616,-0.5006856326530595,-1.1791173469387761,monotonic_down,0.15
FNBP1,,0.6378544285714289,0.08146853372896821,7.8294575755280045,9.260092424927165e-13,1.0883466652506989e-11,adjacent_normal_vs_healthy,up,unique_gene_symbol,processed_matrix_welch_t,0.8673469387755102,5.238542000000001,5.87639642857143,4.69913469387755,0.6378544285714289,-1.1772617346938796,adjacent_specific,0.15
GDA,,-0.6751036326530633,0.08575222594865174,-7.87272429589541,9.99867772958202e-13,1.170816875591892e-11,adjacent_normal_vs_healthy,down,unique_gene_symbol,processed_matrix_welch_t,0.9183673469387755,5.104622000000001,4.429518367346938,3.5044489795918365,-0.6751036326530633,-0.9250693877551011,monotonic_down,0.15
C14orf50,,-0.6062188571428573,0.07728566859020969,-7.84387155084599,1.001578613554266e-12,1.1720993732067133e-11,adjacent_normal_vs_healthy,down,unique_gene_symbol,processed_matrix_welch_t,0.9081632653061225,6.944976000000001,6.338757142857144,5.082239795918366,-0.6062188571428573,-1.2565173469387778,monotonic_down,0.15
ID1,,0.571207102040816,0.07166658674367314,7.970340544943607,1.0039625872252458e-12,1.1741675467302629e-11,adjacent_normal_vs_healthy,up,unique_gene_symbol,processed_matrix_welch_t,0.8877551020408163,9.160248,9.731455102040815,9.355267346938772,0.571207102040816,-0.37618775510204294,non_monotonic,0.15
MAL,,0.878892857142858,0.11247851009307627,7.813873569409586,1.0098634543083034e-12,1.1796196423331349e-11,adjacent_normal_vs_healthy,up,unique_gene_symbol,processed_matrix_welch_t,0.9183673469387755,3.88895,4.767842857142858,3.4303795918367355,0.878892857142858,-1.3374632653061225,adjacent_specific,0.15
PLEKHO2,,0.6861932244897977,0.08763283161616316,7.830321260134141,1.0242536573325945e-12,1.1956952566286081e-11,adjacent_normal_vs_healthy,up,unique_gene_symbol,processed_matrix_welch_t,0.8673469387755102,4.577267999999999,5.263461224489797,5.166835714285715,0.6861932244897977,-0.09662551020408205,field_shift_then_plateau,0.15
SH3BGRL2,,-0.5495619387755077,0.0697538868357203,-7.878585175759444,1.0401821269172844e-12,1.2135458147368318e-11,adjacent_normal_vs_healthy,down,unique_gene_symbol,processed_matrix_welch_t,0.9183673469387755,9.290864999999998,8.74130306122449,7.489482653061224,-0.5495619387755077,-1.2518204081632662,monotonic_down,0.15
ADCY4,,0.5412413469387758,0.06739560322310847,8.030810929120017,1.0678505094296334e-12,1.2443007160061334e-11,adjacent_normal_vs_healthy,up,unique_gene_symbol,processed_matrix_welch_t,0.9489795918367347,3.379826,3.921067346938776,3.579215306122449,0.5412413469387758,-0.3418520408163266,non_monotonic,0.15
ZNF277,,-0.5255816326530622,0.06309732119435763,-8.329698039543104,1.0727698251333047e-12,1.2485047353629658e-11,adjacent_normal_vs_healthy,down,unique_gene_symbol,processed_matrix_welch_t,0.9897959183673469,6.1953,5.669718367346937,6.327509183673469,-0.5255816326530622,0.657790816326532,adjacent_specific,0.15
SLC25A34,,-0.7870600816326503,0.1001779206423189,-7.856622263530659,1.0836132611116419e-12,1.260354092337548e-11,adjacent_normal_vs_healthy,down,unique_gene_symbol,processed_matrix_welch_t,0.8877551020408163,6.243105999999999,5.456045918367349,3.4549306122448975,-0.7870600816326503,-2.0011153061224514,monotonic_down,0.15
GPR155,,0.6505379387755101,0.08204624068632406,7.928918294533701,1.1029278938499384e-12,1.2820358424238601e-11,adjacent_normal_vs_healthy,up,unique_gene_symbol,processed_matrix_welch_t,0.9387755102040817,3.2657590000000005,3.9162969387755107,3.922885204081632,0.6505379387755101,0.0065882653061213325,field_shift_then_plateau,0.15
PPIL3,,-0.618891469387755,0.0750231774074025,-8.249336948593292,1.104018925162732e-12,1.2825210698656753e-11,adjacent_normal_vs_healthy,down,unique_gene_symbol,processed_matrix_welch_t,0.9795918367346939,8.628668000000001,8.009776530612246,8.560577551020407,-0.618891469387755,0.5508010204081604,adjacent_specific,0.15
APIP,,-0.6675256122448987,0.08431570049990908,-7.916978786716224,1.116306170823272e-12,1.2960042373460425e-11,adjacent_normal_vs_healthy,down,unique_gene_symbol,processed_matrix_welch_t,0.8775510204081632,8.142145,7.474619387755101,8.131714285714287,-0.6675256122448987,0.657094897959186,adjacent_specific,0.15
ASAM,,0.7526826530612238,0.09349702018005139,8.050338413050483,1.1339900314201733e-12,1.315732492275448e-11,adjacent_normal_vs_healthy,up,unique_gene_symbol,processed_matrix_welch_t,0.9183673469387755,2.6157000000000004,3.368382653061224,2.7495816326530607,0.7526826530612238,-0.6188010204081635,adjacent_specific,0.15
FAM45A,,-0.6357603673469407,0.07591454254253757,-8.374684823934782,1.1537478122456633e-12,1.3378415557343136e-11,adjacent_normal_vs_healthy,down,unique_gene_symbol,processed_matrix_welch_t,0.9693877551020408,8.243692000000001,7.60793163265306,7.330935714285713,-0.6357603673469407,-0.2769959183673478,monotonic_down,0.15
CACNA1H,,0.9406585306122444,0.11783738327559766,7.982683461429514,1.192658023438683e-12,1.3810095739637512e-11,adjacent_normal_vs_healthy,up,unique_gene_symbol,processed_matrix_welch_t,0.9387755102040817,3.767267999999999,4.7079265306122435,4.015480612244897,0.9406585306122444,-0.6924459183673468,adjacent_specific,0.15
KCNJ8,,0.9599642040816327,0.11960162842693442,8.026347272253759,1.2076833825836804e-12,1.3969800488695793e-11,adjacent_normal_vs_healthy,up,unique_gene_symbol,processed_matrix_welch_t,0.9489795918367347,2.729496,3.689460204081633,3.8210030612244905,0.9599642040816327,0.13154285714285763,field_shift_then_plateau,0.15
COLEC12,,0.7311093877551018,0.09316048337459495,7.8478488010344165,1.260226432522981e-12,1.4542249257719733e-11,adjacent_normal_vs_healthy,up,unique_gene_symbol,processed_matrix_welch_t,0.8571428571428571,6.03041,6.761519387755102,4.897742857142858,0.7311093877551018,-1.8637765306122436,adjacent_specific,0.15
SLC16A4,,0.5028647551020407,0.06453366616985699,7.792285561128147,1.2595767044654252e-12,1.4542249257719733e-11,adjacent_normal_vs_healthy,up,unique_gene_symbol,processed_matrix_welch_t,0.9489795918367347,2.600122999999999,3.1029877551020397,3.7771056122448985,0.5028647551020407,0.6741178571428588,monotonic_up,0.15
ZDHHC14,,0.5386412653061212,0.06623441608727576,8.132347156142577,1.283624280931538e-12,1.4785363768261636e-11,adjacent_normal_vs_healthy,up,unique_gene_symbol,processed_matrix_welch_t,0.8877551020408163,5.4798219999999995,6.018463265306121,5.5961061224489805,0.5386412653061212,-0.4223571428571402,non_monotonic,0.15
MPDU1,,-0.5718609795918415,0.07258411780527585,-7.878596542648551,1.330001063218568e-12,1.526414722343673e-11,adjacent_normal_vs_healthy,down,unique_gene_symbol,processed_matrix_welch_t,0.9591836734693877,7.953087,7.381226020408159,6.7571678571428535,-0.5718609795918415,-0.624058163265305,monotonic_down,0.15
NDRG1,,-1.0889767959183656,0.13100850319251375,-8.312260421128094,1.3401382943450939e-12,1.5371224773693127e-11,adjacent_normal_vs_healthy,down,unique_gene_symbol,processed_matrix_welch_t,0.9693877551020408,5.303437,4.214460204081634,3.573842857142857,-1.0889767959183656,-0.640617346938777,monotonic_down,0.15
IER3,,0.7635683265306117,0.0961015480029384,7.945432122563362,1.4439390607374086e-12,1.6502160694141814e-11,adjacent_normal_vs_healthy,up,unique_gene_symbol,processed_matrix_welch_t,0.9387755102040817,8.568798000000001,9.332366326530613,10.105879591836732,0.7635683265306117,0.7735132653061196,monotonic_up,0.15
MED12,,0.5284605714285737,0.0634602047988678,8.327432492591043,1.5016355719545477e-12,1.7120443886236282e-11,adjacent_normal_vs_healthy,up,unique_gene_symbol,processed_matrix_welch_t,0.8673469387755102,5.216317999999998,5.744778571428571,5.946840816326531,0.5284605714285737,0.20206224489795943,monotonic_up,0.15
RBM4,,0.5326150204081639,0.06799960804817823,7.832618976727074,1.520473260506455e-12,1.7324841938984384e-11,adjacent_normal_vs_healthy,up,unique_gene_symbol,processed_matrix_welch_t,0.9489795918367347,3.779335999999999,4.311951020408163,3.9583346938775508,0.5326150204081639,-0.35361632653061204,non_monotonic,0.15
ITGA8,,0.5923853877551002,0.07612189401632334,7.782063168686672,1.586373958905022e-12,1.805413041096929e-11,adjacent_normal_vs_healthy,up,unique_gene_symbol,processed_matrix_welch_t,0.8877551020408163,5.163134000000001,5.755519387755101,4.583453061224491,0.5923853877551002,-1.1720663265306106,adjacent_specific,0.15
PDGFRL,,0.7286231020408191,0.09267561949208905,7.862079649794148,1.6312179124442784e-12,1.8542321822650183e-11,adjacent_normal_vs_healthy,up,unique_gene_symbol,processed_matrix_welch_t,0.8877551020408163,3.5738820000000002,4.302505102040819,3.94935102040816,0.7286231020408191,-0.35315408163265927,non_monotonic,0.15
LAYN,,0.9784435306122443,0.1239538165410785,7.893613588638367,1.6641990280568443e-12,1.8905936452388016e-11,adjacent_normal_vs_healthy,up,unique_gene_symbol,processed_matrix_welch_t,0.9081632653061225,3.1139580000000002,4.0924015306122445,3.8111500000000014,0.9784435306122443,-0.2812515306122432,non_monotonic,0.15
COL4A5,,0.5986034693877551,0.07507589112740237,7.973311543807536,1.6840540886164228e-12,1.9120089354357e-11,adjacent_normal_vs_healthy,up,unique_gene_symbol,processed_matrix_welch_t,0.9081632653061225,3.3401700000000005,3.9387734693877556,3.218413265306123,0.5986034693877551,-0.7203602040816328,adjacent_specific,0.15
PNMAL1,,1.0550586938775517,0.13370484240626504,7.890953497942381,1.7779307020028303e-12,2.014988128936541e-11,adjacent_normal_vs_healthy,up,unique_gene_symbol,processed_matrix_welch_t,0.8367346938775511,2.7276759999999998,3.7827346938775515,3.4044663265306117,1.0550586938775517,-0.3782683673469398,non_monotonic,0.15
SCHIP1,,1.0293902448979617,0.1302443327734021,7.903531946291171,1.7951938061607478e-12,2.030926326161654e-11,adjacent_normal_vs_healthy,up,unique_gene_symbol,processed_matrix_welch_t,0.9285714285714286,4.232421999999999,5.2618122448979605,4.715771938775508,1.0293902448979617,-0.5460403061224524,adjacent_specific,0.15
SNORA30,,-0.6620130000000013,0.07423977263496594,-8.917228279443869,1.8530219503893476e-12,2.0938598181254112e-11,adjacent_normal_vs_healthy,down,unique_gene_symbol,processed_matrix_welch_t,1.0,3.6665630000000005,3.004549999999999,3.3767025510204083,-0.6620130000000013,0.3721525510204091,non_monotonic,0.15
TMEM141,,-0.5193656326530558,0.06749892487293546,-7.694428224312384,1.997476192898664e-12,2.2530774118951754e-11,adjacent_normal_vs_healthy,down,unique_gene_symbol,processed_matrix_welch_t,0.9489795918367347,9.899833999999998,9.380468367346943,9.241356122448977,-0.5193656326530558,-0.1391122448979658,field_shift_then_plateau,0.15
PRR15L,,-0.7190734693877587,0.09251287013632514,-7.77268577148397,2.0030467605880142e-12,2.258023109626749e-11,adjacent_normal_vs_healthy,down,unique_gene_symbol,processed_matrix_welch_t,0.9387755102040817,9.663949999999998,8.94487653061224,8.544166326530613,-0.7190734693877587,-0.4007102040816264,monotonic_down,0.15
IL20RA,,-0.575618530612247,0.07454006954778736,-7.722269835597888,2.0417757816918114e-12,2.2989598393502122e-11,adjacent_normal_vs_healthy,down,unique_gene_symbol,processed_matrix_welch_t,0.8571428571428571,5.446442000000001,4.870823469387754,5.833945408163266,-0.575618530612247,0.9631219387755117,adjacent_specific,0.15
KLHL15,,0.6000096326530624,0.07481803643745456,8.01958539976722,2.0570131304949048e-12,2.3133803901135845e-11,adjacent_normal_vs_healthy,up,unique_gene_symbol,processed_matrix_welch_t,0.9489795918367347,4.547071999999999,5.1470816326530615,5.443868367346939,0.6000096326530624,0.2967867346938773,monotonic_up,0.15
CENPA,,-0.8060105102040795,0.10448022812523451,-7.7144788508497575,2.0607961808570414e-12,2.3162667817897325e-11,adjacent_normal_vs_healthy,down,unique_gene_symbol,processed_matrix_welch_t,0.8469387755102041,5.231559999999999,4.4255494897959196,6.393386734693876,-0.8060105102040795,1.9678372448979564,adjacent_specific,0.15
SNRPN,,0.8647762448979588,0.11202275933902313,7.719647775152723,2.0888523957125554e-12,2.3464159064523334e-11,adjacent_normal_vs_healthy,up,unique_gene_symbol,processed_matrix_welch_t,0.9285714285714286,3.139011,4.003787244897959,3.2363729591836736,0.8647762448979588,-0.7674142857142852,adjacent_specific,0.15
S100B,,0.8933860408163246,0.11488963101563737,7.776037166441311,2.094093541372373e-12,2.3509163341821922e-11,adjacent_normal_vs_healthy,up,unique_gene_symbol,processed_matrix_welch_t,0.9183673469387755,3.3035160000000006,4.196902040816325,3.1901265306122455,0.8933860408163246,-1.0067755102040796,adjacent_specific,0.15
CDKN3,,-0.9163071632653024,0.11906956371393604,-7.695561608562917,2.113566876826755e-12,2.3713796897337308e-11,adjacent_normal_vs_healthy,down,unique_gene_symbol,processed_matrix_welch_t,0.8469387755102041,6.793673999999998,5.877366836734696,7.432867346938776,-0.9163071632653024,1.5555005102040802,adjacent_specific,0.15
TUBG2,,0.6287857755102029,0.08115407874124318,7.748048961470728,2.1711578142848592e-12,2.4332085552447187e-11,adjacent_normal_vs_healthy,up,unique_gene_symbol,processed_matrix_welch_t,0.8877551020408163,3.8694280000000014,4.498213775510204,4.392901020408161,0.6287857755102029,-0.10531275510204363,field_shift_then_plateau,0.15
ATXN7,,0.5008437142857147,0.0651227541292933,7.690763712040656,2.3136177656355435e-12,2.579114886282245e-11,adjacent_normal_vs_healthy,up,unique_gene_symbol,processed_matrix_welch_t,0.8367346938775511,4.298592,4.799435714285715,4.154935714285715,0.5008437142857147,-0.6444999999999999,adjacent_specific,0.15
KIAA0922,,0.6637160816326562,0.08558033545126544,7.755474176782303,2.3255702913145954e-12,2.590922079966641e-11,adjacent_normal_vs_healthy,up,unique_gene_symbol,processed_matrix_welch_t,0.9489795918367347,4.9620880000000005,5.625804081632657,5.817529591836736,0.6637160816326562,0.1917255102040789,monotonic_up,0.15
MAGEH1,,0.778293510204084,0.10148912208536832,7.668738227427139,2.441716758941422e-12,2.713968890265305e-11,adjacent_normal_vs_healthy,up,unique_gene_symbol,processed_matrix_welch_t,0.8877551020408163,4.792281999999999,5.570575510204083,4.900218367346939,0.778293510204084,-0.670357142857144,adjacent_specific,0.15
SGCE,,0.833668795918368,0.10713473423137944,7.781498707206285,2.4608945226108033e-12,2.7336891313016157e-11,adjacent_normal_vs_healthy,up,unique_gene_symbol,processed_matrix_welch_t,0.8571428571428571,5.668745999999999,6.502414795918367,5.388293367346939,0.833668795918368,-1.114121428571428,adjacent_specific,0.15
MRVI1,,1.0693175510204078,0.1361257389158776,7.855366365953908,2.53327155159876e-12,2.810809460515174e-11,adjacent_normal_vs_healthy,up,unique_gene_symbol,processed_matrix_welch_t,0.8775510204081632,3.2063599999999983,4.275677551020406,3.654297959183674,1.0693175510204078,-0.6213795918367322,adjacent_specific,0.15
C9orf40,,-0.5257225714285685,0.06583268422203664,-7.985738051564812,2.6982363530300655e-12,2.985149341179108e-11,adjacent_normal_vs_healthy,down,unique_gene_symbol,processed_matrix_welch_t,0.9489795918367347,6.2697189999999985,5.74399642857143,5.542596938775511,-0.5257225714285685,-0.20139948979591882,monotonic_down,0.15
EFNA5,,0.5696789387755121,0.07146499159822818,7.971440645766984,2.722941988938836e-12,3.010732605655949e-11,adjacent_normal_vs_healthy,up,unique_gene_symbol,processed_matrix_welch_t,0.8775510204081632,4.7833179999999995,5.352996938775512,3.511231632653062,0.5696789387755121,-1.8417653061224497,adjacent_specific,0.15
MARCO,,0.736084448979589,0.09465847655238607,7.776212715321104,2.7608475469487295e-12,3.050872739054197e-11,adjacent_normal_vs_healthy,up,unique_gene_symbol,processed_matrix_welch_t,0.8877551020408163,2.582688,3.318772448979589,3.130894897959184,0.736084448979589,-0.18787755102040515,non_monotonic,0.15
CHP,,-0.5476186938775509,0.0715138688707756,-7.657517381238162,2.8379474911589553e-12,3.132435955458928e-11,adjacent_normal_vs_healthy,down,unique_gene_symbol,processed_matrix_welch_t,0.9285714285714286,9.383209000000003,8.835590306122452,7.417055102040816,-0.5476186938775509,-1.4185352040816355,monotonic_down,0.15
SORBS1,,1.003500408163264,0.1284332162807698,7.813402461007411,2.898751983538085e-12,3.1976962784800195e-11,adjacent_normal_vs_healthy,up,unique_gene_symbol,processed_matrix_welch_t,0.9285714285714286,3.5281200000000013,4.531620408163265,4.040861224489798,1.003500408163264,-0.49075918367346727,non_monotonic,0.15
PDE6A,,-0.9201465714285719,0.11999636306232253,-7.668120499207756,2.9026307122993757e-12,3.200120947433707e-11,adjacent_normal_vs_healthy,down,unique_gene_symbol,processed_matrix_welch_t,0.9285714285714286,6.267593,5.347446428571428,2.9331928571428585,-0.9201465714285719,-2.4142535714285693,monotonic_down,0.15
FAM46B,,1.0075166938775513,0.12804956083128635,7.868177659781438,3.097917269729949e-12,3.4035975081164586e-11,adjacent_normal_vs_healthy,up,unique_gene_symbol,processed_matrix_welch_t,0.9489795918367347,2.8917929999999994,3.8993096938775507,3.0263867346938778,1.0075166938775513,-0.8729229591836729,adjacent_specific,0.15
SAMD9L,,0.8688868163265289,0.11308081569649724,7.683768559457281,3.2200274906008405e-12,3.527579023074799e-11,adjacent_normal_vs_healthy,up,unique_gene_symbol,processed_matrix_welch_t,0.9285714285714286,4.774704000000002,5.6435908163265305,4.335549489795918,0.8688868163265289,-1.3080413265306126,adjacent_specific,0.15
LYRM5,,-0.5806924081632641,0.07632331315900952,-7.608322858750489,3.402057271048199e-12,3.714172617015924e-11,adjacent_normal_vs_healthy,down,unique_gene_symbol,processed_matrix_welch_t,0.8979591836734694,6.342921999999999,5.762229591836735,5.529464285714282,-0.5806924081632641,-0.2327653061224524,monotonic_down,0.15
ATRX,,0.6028003877551038,0.07763866909539874,7.764177242842882,3.404218557034651e-12,3.714402368248697e-11,adjacent_normal_vs_healthy,up,unique_gene_symbol,processed_matrix_welch_t,0.8469387755102041,6.091744000000001,6.694544387755105,7.05725357142857,0.6028003877551038,0.3627091836734646,monotonic_up,0.15
PDE8A,,-0.5657482448979607,0.07386694867825379,-7.659017395753283,3.4240923738162536e-12,3.733947239258962e-11,adjacent_normal_vs_healthy,down,unique_gene_symbol,processed_matrix_welch_t,0.9081632653061225,7.212086,6.6463377551020395,5.308098979591836,-0.5657482448979607,-1.3382387755102032,monotonic_down,0.15
CDK1,,-0.9285482040816335,0.12212116121517691,-7.603499629728676,3.4334551349773013e-12,3.7420140681149296e-11,adjacent_normal_vs_healthy,down,unique_gene_symbol,processed_matrix_welch_t,0.8163265306122449,5.914837999999999,4.986289795918365,6.9824448979591835,-0.9285482040816335,1.9961551020408184,adjacent_specific,0.15
SACS,,0.8466874693877573,0.11038625162663926,7.670225747419329,3.5286893664481347e-12,3.841409121622211e-11,adjacent_normal_vs_healthy,up,unique_gene_symbol,processed_matrix_welch_t,0.9285714285714286,4.462686,5.309373469387757,5.762519387755103,0.8466874693877573,0.45314591836734586,monotonic_up,0.15
AXL,,0.6461294897959178,0.084850102059894,7.614952417379861,3.721722607730124e-12,4.04461178374324e-11,adjacent_normal_vs_healthy,up,unique_gene_symbol,processed_matrix_welch_t,0.8775510204081632,4.458870000000002,5.10499948979592,4.614465306122448,0.6461294897959178,-0.49053418367347135,non_monotonic,0.15
PLA1A,,0.793367632653061,0.10442479034782559,7.597502757826519,3.743134270420852e-12,4.0632426743907084e-11,adjacent_normal_vs_healthy,up,unique_gene_symbol,processed_matrix_welch_t,0.8979591836734694,2.6463639999999997,3.4397316326530607,3.8498714285714293,0.793367632653061,0.4101397959183686,monotonic_up,0.15
HLX,,0.6542465306122445,0.08534158625402437,7.666210101425117,3.788936009576871e-12,4.1082768577644433e-11,adjacent_normal_vs_healthy,up,unique_gene_symbol,processed_matrix_welch_t,0.9183673469387755,4.065180000000001,4.719426530612245,4.440655102040815,0.6542465306122445,-0.2787714285714298,non_monotonic,0.15
FADS1,,0.5856168979591856,0.07694722225790716,7.610630777500315,3.851723048689484e-12,4.166864025400442e-11,adjacent_normal_vs_healthy,up,unique_gene_symbol,processed_matrix_welch_t,0.9795918367346939,3.2697779999999983,3.855394897959184,5.248272448979591,0.5856168979591856,1.3928775510204074,monotonic_up,0.15
CC2D2A,,0.7534518367346941,0.09909295209233078,7.60348562461494,3.880771324484654e-12,4.195904941407599e-11,adjacent_normal_vs_healthy,up,unique_gene_symbol,processed_matrix_welch_t,0.8877551020408163,4.37944,5.132891836734694,4.834719387755102,0.7534518367346941,-0.2981724489795923,non_monotonic,0.15
CALU,,0.6417615510204078,0.08427678056804744,7.614927227817293,3.883730724454594e-12,4.196721509285781e-11,adjacent_normal_vs_healthy,up,unique_gene_symbol,processed_matrix_welch_t,0.8673469387755102,7.042115999999998,7.683877551020406,8.811172448979589,0.6417615510204078,1.1272948979591826,monotonic_up,0.15
SLC27A2,,-0.8795354285714243,0.11629039962109006,-7.56326774555098,4.0416588946065854e-12,4.3624254735436156e-11,adjacent_normal_vs_healthy,down,unique_gene_symbol,processed_matrix_welch_t,0.8775510204081632,9.036263999999997,8.156728571428573,7.682429591836733,-0.8795354285714243,-0.47429897959183975,monotonic_down,0.15
BCL2L15,,-0.7394068571428569,0.09761643429405366,-7.574614484642144,4.092201341834293e-12,4.4144766883016965e-11,adjacent_normal_vs_healthy,down,unique_gene_symbol,processed_matrix_welch_t,0.9489795918367347,8.729664,7.990257142857143,6.792292857142859,-0.7394068571428569,-1.197964285714284,monotonic_down,0.15
PHLDA3,,0.8213400408163265,0.10674317382504034,7.694543935545343,4.159325132958317e-12,4.479273220108956e-11,adjacent_normal_vs_healthy,up,unique_gene_symbol,processed_matrix_welch_t,0.8979591836734694,4.227611999999998,5.048952040816324,5.265643877551019,0.8213400408163265,0.21669183673469483,monotonic_up,0.15
CRIP2,,0.5089006530612252,0.06729592068094505,7.562132264657779,4.158228434931292e-12,4.479273220108956e-11,adjacent_normal_vs_healthy,up,unique_gene_symbol,processed_matrix_welch_t,0.8061224489795918,5.071932,5.580832653061226,5.349621428571432,0.5089006530612252,-0.23121122448979392,non_monotonic,0.15
CBWD5,,-0.5480031836734716,0.06849005548725327,-8.001208055313382,4.181049303426037e-12,4.500123162082066e-11,adjacent_normal_vs_healthy,down,unique_gene_symbol,processed_matrix_welch_t,0.9183673469387755,5.736394000000002,5.188390816326531,5.652638775510201,-0.5480031836734716,0.46424795918367057,non_monotonic,0.15
CHMP4C,,-0.7530064897959194,0.09919022371727124,-7.591539383379818,4.371306234318398e-12,4.69163870921208e-11,adjacent_normal_vs_healthy,down,unique_gene_symbol,processed_matrix_welch_t,0.9489795918367347,5.975832000000002,5.222825510204083,5.752625510204083,-0.7530064897959194,0.5297999999999998,adjacent_specific,0.15
MYC,,0.5724226938775541,0.0756800367438541,7.563721141084673,4.447883421404485e-12,4.771138047523459e-11,adjacent_normal_vs_healthy,up,unique_gene_symbol,processed_matrix_welch_t,0.826530612244898,8.074561999999998,8.646984693877553,10.730380612244897,0.5724226938775541,2.0833959183673443,monotonic_up,0.15
CASP7,,-0.6441658775510186,0.08488386579606134,-7.588790537634871,4.5714113191906635e-12,4.892617848082644e-11,adjacent_normal_vs_healthy,down,unique_gene_symbol,processed_matrix_welch_t,0.9081632653061225,7.128971999999999,6.484806122448981,4.635755102040817,-0.6441658775510186,-1.8490510204081634,monotonic_down,0.15
PBK,,-0.9052209795918342,0.11982029690073193,-7.554821703887003,4.780587737793882e-12,5.1050134900502245e-11,adjacent_normal_vs_healthy,down,unique_gene_symbol,processed_matrix_welch_t,0.8673469387755102,5.635821999999999,4.730601020408165,6.04464693877551,-0.9052209795918342,1.314045918367345,adjacent_specific,0.15
CMTM8,,-0.5002616326530642,0.06631376951367848,-7.543857577721859,4.8430324646601685e-12,5.1630088537026656e-11,adjacent_normal_vs_healthy,down,unique_gene_symbol,processed_matrix_welch_t,0.8061224489795918,6.7085300000000005,6.208268367346936,7.778605102040816,-0.5002616326530642,1.5703367346938792,adjacent_specific,0.15
KIF18A,,-0.6109215102040797,0.0797146887685191,-7.6638511627150026,4.9191543602817e-12,5.238294128622123e-11,adjacent_normal_vs_healthy,down,unique_gene_symbol,processed_matrix_welch_t,0.8673469387755102,4.459196,3.8482744897959207,5.489532653061227,-0.6109215102040797,1.6412581632653063,adjacent_specific,0.15
LRRC49,,0.5118971836734705,0.06804051244044146,7.523417524545457,5.30645728088057e-12,5.6349663484643645e-11,adjacent_normal_vs_healthy,up,unique_gene_symbol,processed_matrix_welch_t,0.8673469387755102,3.0865619999999994,3.59845918367347,4.1445224489795915,0.5118971836734705,0.5460632653061217,monotonic_up,0.15
IGL@,,-1.2560310612244843,0.16681803092936381,-7.5293483218029875,5.332982594165347e-12,5.659977067609153e-11,adjacent_normal_vs_healthy,down,unique_gene_symbol,processed_matrix_welch_t,0.8673469387755102,7.632577999999996,6.376546938775512,5.336122448979591,-1.2560310612244843,-1.040424489795921,monotonic_down,0.15
MESP1,,-1.045205918367345,0.13612709762490757,-7.6781620750290696,5.420988291676134e-12,5.74697199741167e-11,adjacent_normal_vs_healthy,down,unique_gene_symbol,processed_matrix_welch_t,0.9489795918367347,7.14531,6.100104081632655,4.979687755102041,-1.045205918367345,-1.1204163265306146,monotonic_down,0.15
ZHX2,,0.5757279999999989,0.07246054166344244,7.945400169296048,5.5369524515739296e-12,5.863380126694528e-11,adjacent_normal_vs_healthy,up,unique_gene_symbol,processed_matrix_welch_t,0.9489795918367347,6.1749220000000005,6.750649999999999,6.973582653061223,0.5757279999999989,0.2229326530612239,monotonic_up,0.15
CD46,,-0.6139283061224479,0.07634564631249502,-8.041431774767359,5.60645785259437e-12,5.930386528522045e-11,adjacent_normal_vs_healthy,down,unique_gene_symbol,processed_matrix_welch_t,0.9591836734693877,6.955387999999998,6.3414596938775505,7.674794387755106,-0.6139283061224479,1.3333346938775552,adjacent_specific,0.15
CMA1,,0.7360618775510201,0.09797287946161994,7.512914610612893,5.688368428645024e-12,6.013688777423723e-11,adjacent_normal_vs_healthy,up,unique_gene_symbol,processed_matrix_welch_t,0.8775510204081632,2.7657819999999997,3.50184387755102,2.3186693877551026,0.7360618775510201,-1.1831744897959173,adjacent_specific,0.15
OSTBETA,,-0.8983997142857181,0.11941943148146451,-7.5230613907684,5.768465559959217e-12,6.091602011182667e-11,adjacent_normal_vs_healthy,down,unique_gene_symbol,processed_matrix_welch_t,0.8979591836734694,9.772414000000001,8.874014285714283,4.639194387755104,-0.8983997142857181,-4.234819897959179,monotonic_down,0.15
VSNL1,,-0.5769994693877556,0.07474213183800073,-7.719869037698427,6.123735264089948e-12,6.448889348908884e-11,adjacent_normal_vs_healthy,down,unique_gene_symbol,processed_matrix_welch_t,0.9081632653061225,4.567576000000002,3.990576530612246,6.056465306122448,-0.5769994693877556,2.0658887755102016,adjacent_specific,0.15
USH1C,,-0.533987673469384,0.070782686462199,-7.544043609513979,6.179790945833204e-12,6.493555166041071e-11,adjacent_normal_vs_healthy,down,unique_gene_symbol,processed_matrix_welch_t,0.8775510204081632,7.7909289999999976,7.2569413265306135,6.929044387755103,-0.533987673469384,-0.3278969387755106,monotonic_down,0.15
ERI3,,-0.5604202448979585,0.07184894013231496,-7.799979288016003,6.290411252168593e-12,6.59160320535443e-11,adjacent_normal_vs_healthy,down,unique_gene_symbol,processed_matrix_welch_t,0.8877551020408163,5.1100579999999995,4.549637755102041,4.7751081632653065,-0.5604202448979585,0.22547040816326547,non_monotonic,0.15
ST8SIA1,,0.6415621224489816,0.08549501026527251,7.504088489589664,6.441629160266812e-12,6.746348691500556e-11,adjacent_normal_vs_healthy,up,unique_gene_symbol,processed_matrix_welch_t,0.8571428571428571,2.8703939999999992,3.511956122448981,2.777817346938777,0.6415621224489816,-0.7341387755102038,adjacent_specific,0.15
KLHDC4,,0.5475036326530613,0.0693605248870499,7.893591254458403,6.538307217174396e-12,6.82881894761385e-11,adjacent_normal_vs_healthy,up,unique_gene_symbol,processed_matrix_welch_t,0.9285714285714286,5.380528000000001,5.928031632653062,6.302172448979594,0.5475036326530613,0.3741408163265314,monotonic_up,0.15
TSPAN2,,1.0600190204081636,0.1397691538475001,7.5840698124618635,6.66648328334157e-12,6.94744618034064e-11,adjacent_normal_vs_healthy,up,unique_gene_symbol,processed_matrix_welch_t,0.9387755102040817,4.014332,5.074351020408163,4.232404081632653,1.0600190204081636,-0.8419469387755099,adjacent_specific,0.15
GPM6A,,1.4573911428571424,0.1880502348864011,7.750009691492994,7.33928425571997e-12,7.631893622550967e-11,adjacent_normal_vs_healthy,up,unique_gene_symbol,processed_matrix_welch_t,0.9591836734693877,2.324016,3.7814071428571423,2.255629591836734,1.4573911428571424,-1.5257775510204081,adjacent_specific,0.15
CYP1B1,,1.2580680816326542,0.16600977483741064,7.578277139793735,7.357280582942592e-12,7.646431348211078e-11,adjacent_normal_vs_healthy,up,unique_gene_symbol,processed_matrix_welch_t,0.9285714285714286,3.3479859999999997,4.606054081632654,3.592221428571429,1.2580680816326542,-1.013832653061225,adjacent_specific,0.15
METRN,,-0.5508250816326514,0.07102205486766815,-7.755690576103104,7.50287660451018e-12,7.793495392791806e-11,adjacent_normal_vs_healthy,down,unique_gene_symbol,processed_matrix_welch_t,0.8877551020408163,6.540545999999998,5.989720918367347,5.91553265306122,-0.5508250816326514,-0.07418826530612677,field_shift_then_plateau,0.15
IL6R,,-0.6342918979591845,0.08210747512657003,-7.725141918947246,8.617184223938721e-12,8.892747296682562e-11,adjacent_normal_vs_healthy,down,unique_gene_symbol,processed_matrix_welch_t,0.8877551020408163,4.901622000000001,4.267330102040816,2.8124040816326534,-0.6342918979591845,-1.4549260204081627,monotonic_down,0.15
CROT,,-0.724927693877552,0.09071686720715146,-7.991101502901149,8.667450741543086e-12,8.930134950036815e-11,adjacent_normal_vs_healthy,down,unique_gene_symbol,processed_matrix_welch_t,0.9591836734693877,4.569268,3.844340306122448,3.370696428571427,-0.724927693877552,-0.4736438775510212,monotonic_down,0.15
HSPB2,,0.6157972653061217,0.0828376784515887,7.433782269332919,8.79824376610208e-12,9.055057367923439e-11,adjacent_normal_vs_healthy,up,unique_gene_symbol,processed_matrix_welch_t,0.8877551020408163,4.012416000000001,4.6282132653061225,4.09278469387755,0.6157972653061217,-0.5354285714285725,adjacent_specific,0.15
PIP5K1B,,-0.5681277142857137,0.07650170891945964,-7.42634017344415,8.868404246138799e-12,9.122334783710574e-11,adjacent_normal_vs_healthy,down,unique_gene_symbol,processed_matrix_welch_t,0.9081632653061225,8.199992,7.631864285714286,6.356035714285718,-0.5681277142857137,-1.2758285714285682,monotonic_down,0.15
GPRASP2,,0.6279692244897972,0.08446858358078227,7.43435248785998,9.513456577635041e-12,9.751386155303455e-11,adjacent_normal_vs_healthy,up,unique_gene_symbol,processed_matrix_welch_t,0.9081632653061225,3.0393920000000003,3.6673612244897975,3.452044897959183,0.6279692244897972,-0.2153163265306146,non_monotonic,0.15
TPSG1,,-0.8630828163265285,0.11450570125139677,-7.5374658806868835,9.519532212734326e-12,9.751386155303455e-11,adjacent_normal_vs_healthy,down,unique_gene_symbol,processed_matrix_welch_t,0.8673469387755102,6.038541999999998,5.175459183673469,4.016454081632653,-0.8630828163265285,-1.1590051020408163,monotonic_down,0.15
SLC22A5,,-0.5308215306122452,0.07123003709713398,-7.4522147150980995,9.669683000954386e-12,9.893109314248872e-11,adjacent_normal_vs_healthy,down,unique_gene_symbol,processed_matrix_welch_t,0.8571428571428571,5.527195000000001,4.9963734693877555,3.894840816326531,-0.5308215306122452,-1.1015326530612244,monotonic_down,0.15
NXT2,,-0.5614376734693898,0.06735922111482302,-8.334978703395967,9.824792327318365e-12,1.0046404184325547e-10,adjacent_normal_vs_healthy,down,unique_gene_symbol,processed_matrix_welch_t,0.9795918367346939,3.152554000000001,2.5911163265306114,2.963886734693877,-0.5614376734693898,0.37277040816326545,non_monotonic,0.15
MOXD1,,0.6056473877551025,0.08138774099900958,7.441506304524077,1.0142410188054255e-11,1.0332342963111452e-10,adjacent_normal_vs_healthy,up,unique_gene_symbol,processed_matrix_welch_t,0.8571428571428571,3.3815719999999994,3.987219387755102,4.142027551020408,0.6056473877551025,0.15480816326530578,monotonic_up,0.15
LPCAT3,,-0.7095510204081634,0.09051480164887993,-7.8390606561854375,1.014119273678082e-11,1.0332342963111452e-10,adjacent_normal_vs_healthy,down,unique_gene_symbol,processed_matrix_welch_t,0.9489795918367347,4.84905,4.139498979591837,3.7888285714285717,-0.7095510204081634,-0.350670408163265,monotonic_down,0.15
OIP5,,-0.8580690204081627,0.11594864161356311,-7.400423225896507,1.0269739824172496e-11,1.0450873663936095e-10,adjacent_normal_vs_healthy,down,unique_gene_symbol,processed_matrix_welch_t,0.8469387755102041,6.625817999999999,5.767748979591836,6.9725744897959165,-0.8580690204081627,1.2048255102040804,adjacent_specific,0.15
GGH,,-0.6128233469387698,0.08290899704690698,-7.391518035033714,1.0383011744785225e-11,1.055486084467222e-10,adjacent_normal_vs_healthy,down,unique_gene_symbol,processed_matrix_welch_t,0.8775510204081632,9.479405999999999,8.86658265306123,10.154110204081634,-0.6128233469387698,1.2875275510204052,adjacent_specific,0.15
CDH2,,0.5704302653061206,0.07556638173998405,7.548730694409996,1.0880286764913816e-11,1.101918404276378e-10,adjacent_normal_vs_healthy,up,unique_gene_symbol,processed_matrix_welch_t,0.8979591836734694,3.0947830000000005,3.665213265306121,3.4366739795918364,0.5704302653061206,-0.22853928571428472,non_monotonic,0.15
SGCD,,0.7090764081632654,0.09277236803158158,7.6431853924638595,1.1056282483795284e-11,1.1185527018674932e-10,adjacent_normal_vs_healthy,up,unique_gene_symbol,processed_matrix_welch_t,0.9081632653061225,2.5001440000000006,3.209220408163266,2.9528673469387754,0.7090764081632654,-0.25635306122449064,non_monotonic,0.15
C17orf79,,0.5066001224489822,0.06859743564447544,7.385117500230954,1.1054260905807613e-11,1.1185527018674932e-10,adjacent_normal_vs_healthy,up,unique_gene_symbol,processed_matrix_welch_t,0.8469387755102041,6.681105999999999,7.187706122448981,7.892110204081632,0.5066001224489822,0.7044040816326511,monotonic_up,0.15
ZC3H8,,-0.505467224489796,0.06650833511280427,-7.600058302955215,1.1097363086955692e-11,1.1221125500564864e-10,adjacent_normal_vs_healthy,down,unique_gene_symbol,processed_matrix_welch_t,0.9081632653061225,5.561255999999998,5.0557887755102024,6.50296020408163,-0.505467224489796,1.4471714285714272,adjacent_specific,0.15
CAP2,,1.1654845714285722,0.15233017318196335,7.651042121749333,1.1517212176653455e-11,1.1602524859443481e-10,adjacent_normal_vs_healthy,up,unique_gene_symbol,processed_matrix_welch_t,0.9387755102040817,2.287544,3.4530285714285722,2.5257816326530604,1.1654845714285722,-0.9272469387755118,adjacent_specific,0.15
BDH1,,-0.5563763061224476,0.07545544282189474,-7.3735741957769685,1.1573552852588721e-11,1.1646958050385267e-10,adjacent_normal_vs_healthy,down,unique_gene_symbol,processed_matrix_welch_t,0.9081632653061225,7.3731860000000005,6.816809693877553,5.679232142857142,-0.5563763061224476,-1.137577551020411,monotonic_down,0.15
CCNC,,-0.662474897959183,0.08440900401441141,-7.848391361732886,1.200704687854784e-11,1.2045003823369382e-10,adjacent_normal_vs_healthy,down,unique_gene_symbol,processed_matrix_welch_t,0.9693877551020408,6.550580000000001,5.888105102040818,6.4735714285714305,-0.662474897959183,0.5854663265306126,adjacent_specific,0.15
ABCD3,,-0.7024082857142844,0.09099561255287492,-7.7191445390417615,1.218584671670791e-11,1.2207804943930878e-10,adjacent_normal_vs_healthy,down,unique_gene_symbol,processed_matrix_welch_t,0.9591836734693877,6.731543999999998,6.029135714285713,5.088980612244898,-0.7024082857142844,-0.9401551020408156,monotonic_down,0.15
PRIM1,,-0.5406646530612242,0.07307062808883387,-7.399206318630847,1.221044807185251e-11,1.2223287659730377e-10,adjacent_normal_vs_healthy,down,unique_gene_symbol,processed_matrix_welch_t,0.8571428571428571,5.985982,5.445317346938776,6.779979591836736,-0.5406646530612242,1.3346622448979604,adjacent_specific,0.15
SHD,,-0.5527512653061226,0.075534914775339,-7.317824703319683,1.554690594435293e-11,1.542538244817508e-10,adjacent_normal_vs_healthy,down,unique_gene_symbol,processed_matrix_welch_t,0.8979591836734694,6.646288000000001,6.0935367346938785,5.240290816326531,-0.5527512653061226,-0.8532459183673478,monotonic_down,0.15
VCL,,0.937839367346939,0.12519206782683295,7.491204384004334,1.607708941542211e-11,1.5934814287852004e-10,adjacent_normal_vs_healthy,up,unique_gene_symbol,processed_matrix_welch_t,0.8673469387755102,3.6057040000000002,4.543543367346939,3.7573984693877556,0.937839367346939,-0.7861448979591836,adjacent_specific,0.15
CALHM2,,0.5411971020408171,0.07402943616933078,7.310566310445931,1.6513545140728484e-11,1.63333973755569e-10,adjacent_normal_vs_healthy,up,unique_gene_symbol,processed_matrix_welch_t,0.826530612244898,4.330358,4.871555102040817,4.478095918367348,0.5411971020408171,-0.3934591836734693,non_monotonic,0.15
CCL2,,1.137864979591841,0.15579887908484327,7.303422118795828,1.6817627535033975e-11,1.6616898197563408e-10,adjacent_normal_vs_healthy,up,unique_gene_symbol,processed_matrix_welch_t,0.826530612244898,6.097183999999996,7.235048979591837,6.579623469387756,1.137864979591841,-0.6554255102040809,adjacent_specific,0.15
C7orf10,,-0.5241150000000001,0.06757379937806453,-7.756186640737204,1.685316042487342e-11,1.6643370046140554e-10,adjacent_normal_vs_healthy,down,unique_gene_symbol,processed_matrix_welch_t,0.9183673469387755,4.010840000000001,3.4867250000000007,2.9478306122448967,-0.5241150000000001,-0.538894387755104,monotonic_down,0.15
NPY6R,,-0.5393172040816343,0.06916227680355817,-7.797852080744229,1.7146005199649202e-11,1.690626302440812e-10,adjacent_normal_vs_healthy,down,unique_gene_symbol,processed_matrix_welch_t,0.9387755102040817,3.3451320000000004,2.805814795918366,2.468718367346939,-0.5393172040816343,-0.3370964285714271,monotonic_down,0.15
ZNF853,,0.5860033469387771,0.07907022869462396,7.411175566495103,1.7185121776852994e-11,1.6936062040956573e-10,adjacent_normal_vs_healthy,up,unique_gene_symbol,processed_matrix_welch_t,0.8571428571428571,4.052014,4.638017346938777,4.593532653061225,0.5860033469387771,-0.04448469387755161,field_shift_then_plateau,0.15
AVIL,,-0.8248000000000024,0.10786352743170657,-7.646699673550188,1.777301623084232e-11,1.7497323114541768e-10,adjacent_normal_vs_healthy,down,unique_gene_symbol,processed_matrix_welch_t,0.9183673469387755,5.11745,4.292649999999997,3.478446938775511,-0.8248000000000024,-0.8142030612244864,monotonic_down,0.15
C5orf54,,-0.5333873877551012,0.07218063621851253,-7.389618818825271,1.8104240176147187e-11,1.7804996536872028e-10,adjacent_normal_vs_healthy,down,unique_gene_symbol,processed_matrix_welch_t,0.8673469387755102,4.422618,3.8892306122448987,4.65448469387755,-0.5333873877551012,0.7652540816326514,adjacent_specific,0.15
TAGLN3,,0.9589409387755126,0.12797703795719795,7.493070273248793,1.8540104825157384e-11,1.82148398282248e-10,adjacent_normal_vs_healthy,up,unique_gene_symbol,processed_matrix_welch_t,0.9285714285714286,2.3639559999999995,3.322896938775512,2.3767826530612255,0.9589409387755126,-0.9461142857142866,adjacent_specific,0.15
FAM46A,,0.6136002448979587,0.08428377254888124,7.2801706229048415,1.9598187858832416e-11,1.9204811983127596e-10,adjacent_normal_vs_healthy,up,unique_gene_symbol,processed_matrix_welch_t,0.8469387755102041,6.514586999999999,7.1281872448979575,5.469628571428569,0.6136002448979587,-1.658558673469389,adjacent_specific,0.15
UBE2E2,,0.7536798775510212,0.10370604633158705,7.267463221394292,2.0515648957280166e-11,2.0031690058800737e-10,adjacent_normal_vs_healthy,up,unique_gene_symbol,processed_matrix_welch_t,0.8673469387755102,4.923113999999999,5.67679387755102,5.256947959183673,0.7536798775510212,-0.4198459183673471,non_monotonic,0.15
ALDH1A1,,-0.6482951020408123,0.08921070630799581,-7.26701008063543,2.0536072516250695e-11,2.004135421370647e-10,adjacent_normal_vs_healthy,down,unique_gene_symbol,processed_matrix_welch_t,0.8469387755102041,9.25799,8.609694897959187,7.177058163265308,-0.6482951020408123,-1.4326367346938795,monotonic_down,0.15
CCBE1,,0.9195829999999989,0.12283078154901964,7.486584294287905,2.113476692870244e-11,2.0593959177200331e-10,adjacent_normal_vs_healthy,up,unique_gene_symbol,processed_matrix_welch_t,0.9489795918367347,2.469742,3.389324999999999,2.422327551020408,0.9195829999999989,-0.966997448979591,adjacent_specific,0.15
MAGEE1,,0.5665578775510198,0.07797514186187952,7.2658781250387,2.1875564258361542e-11,2.127225451885617e-10,adjacent_normal_vs_healthy,up,unique_gene_symbol,processed_matrix_welch_t,0.8979591836734694,3.0935859999999997,3.6601438775510196,3.4476112244897976,0.5665578775510198,-0.21253265306122193,non_monotonic,0.15
KIF26A,,1.0080731836734707,0.13321214729516334,7.5674268761680095,2.2477110295008355e-11,2.1812649338275184e-10,adjacent_normal_vs_healthy,up,unique_gene_symbol,processed_matrix_welch_t,0.8877551020408163,4.794385999999999,5.80245918367347,4.495228571428571,1.0080731836734707,-1.307230612244899,adjacent_specific,0.15
SMTN,,1.5203299591836723,0.20297178810131936,7.490351114336908,2.3590689682092315e-11,2.2800341702895315e-10,adjacent_normal_vs_healthy,up,unique_gene_symbol,processed_matrix_welch_t,0.8979591836734694,3.6412180000000003,5.161547959183673,4.758859183673469,1.5203299591836723,-0.402688775510204,non_monotonic,0.15
EEF1E1,,-0.5675955510204105,0.07758324199649526,-7.315955564811935,2.363147917200625e-11,2.282817673439873e-10,adjacent_normal_vs_healthy,down,unique_gene_symbol,processed_matrix_welch_t,0.8469387755102041,7.571468000000001,7.003872448979591,8.293476020408162,-0.5675955510204105,1.2896035714285716,adjacent_specific,0.15
ACADS,,-0.5831770204081614,0.08011153747707157,-7.279563453329932,2.484276779601889e-11,2.3949686017022764e-10,adjacent_normal_vs_healthy,down,unique_gene_symbol,processed_matrix_welch_t,0.9183673469387755,7.892526000000001,7.30934897959184,4.930047448979589,-0.5831770204081614,-2.379301530612251,monotonic_down,0.15
C7orf58,,1.039132775510204,0.14111897562552614,7.36352266521301,2.4905298395777215e-11,2.3994633661847926e-10,adjacent_normal_vs_healthy,up,unique_gene_symbol,processed_matrix_welch_t,0.7959183673469388,3.6354560000000005,4.6745887755102045,3.6138499999999985,1.039132775510204,-1.060738775510206,adjacent_specific,0.15
TYRP1,,0.5852874285714287,0.08081104689285759,7.242666084346431,2.4914595981866254e-11,2.3994633661847926e-10,adjacent_normal_vs_healthy,up,unique_gene_symbol,processed_matrix_welch_t,0.8571428571428571,2.896359,3.4816464285714286,2.9649663265306123,0.5852874285714287,-0.5166801020408163,adjacent_specific,0.15
PHGDH,,0.6740254693877548,0.09309244724773494,7.24038833777844,2.5196568280074606e-11,2.4253926190729045e-10,adjacent_normal_vs_healthy,up,unique_gene_symbol,processed_matrix_welch_t,0.8367346938775511,4.259148,4.9331734693877545,6.6295785714285715,0.6740254693877548,1.696405102040817,monotonic_up,0.15
PDZRN4,,1.3738310204081623,0.18453917370033357,7.444657916584564,2.651138835720529e-11,2.5442380762156685e-10,adjacent_normal_vs_healthy,up,unique_gene_symbol,processed_matrix_welch_t,0.9489795918367347,2.3794449999999996,3.753276020408162,2.3753285714285717,1.3738310204081623,-1.3779474489795902,adjacent_specific,0.15
FAM108C1,,-0.5456215102040858,0.07505188764503352,-7.269923879658631,2.914911673275138e-11,2.7861404748573607e-10,adjacent_normal_vs_healthy,down,unique_gene_symbol,processed_matrix_welch_t,0.9489795918367347,9.199846000000003,8.654224489795917,7.84565306122449,-0.5456215102040858,-0.8085714285714269,monotonic_down,0.15
MEST,,-0.5466834897959201,0.0718041059838969,-7.613540789972674,2.9935342201093444e-11,2.8598540667778183e-10,adjacent_normal_vs_healthy,down,unique_gene_symbol,processed_matrix_welch_t,0.9795918367346939,4.945059,4.39837551020408,5.699201020408161,-0.5466834897959201,1.3008255102040813,adjacent_specific,0.15
SAA1,,1.0322890204081632,0.1404681914169678,7.348916576735166,3.002854378086497e-11,2.8673193259160935e-10,adjacent_normal_vs_healthy,up,unique_gene_symbol,processed_matrix_welch_t,0.7755102040816326,2.669262,3.701551020408163,4.2170295918367335,1.0322890204081632,0.5154785714285706,monotonic_up,0.15
LUM,,0.7493028571428617,0.1042413647033242,7.188152795921396,3.247460772706292e-11,3.0842098733197026e-10,adjacent_normal_vs_healthy,up,unique_gene_symbol,processed_matrix_welch_t,0.8571428571428571,9.037739999999996,9.787042857142858,9.86145306122449,0.7493028571428617,0.0744102040816319,field_shift_then_plateau,0.15
NFIL3,,-0.5666874693877562,0.07707659183308971,-7.3522642336719395,3.270048193098434e-11,3.1022280815443044e-10,adjacent_normal_vs_healthy,down,unique_gene_symbol,processed_matrix_welch_t,0.8877551020408163,7.6408640000000005,7.074176530612244,7.076505102040815,-0.5666874693877562,0.0023285714285705694,field_shift_then_plateau,0.15
TNFRSF17,,-0.9313187346938738,0.12900016270109593,-7.2195159695404145,3.370854737967996e-11,3.196268636001526e-10,adjacent_normal_vs_healthy,down,unique_gene_symbol,processed_matrix_welch_t,0.8061224489795918,6.805281999999997,5.873963265306124,3.4573071428571422,-0.9313187346938738,-2.4166561224489813,monotonic_down,0.15
HES4,,0.7108790612244906,0.09553175405791982,7.441285551958909,3.4498537760094545e-11,3.267921188816916e-10,adjacent_normal_vs_healthy,up,unique_gene_symbol,processed_matrix_welch_t,0.9387755102040817,4.611374,5.32225306122449,5.349908163265306,0.7108790612244906,0.027655102040816004,field_shift_then_plateau,0.15
DEFB1,,-1.0073377346938743,0.139843602515951,-7.203316537694131,3.5310104223459774e-11,3.341473083571939e-10,adjacent_normal_vs_healthy,down,unique_gene_symbol,processed_matrix_welch_t,0.9387755102040817,8.149326,7.141988265306126,5.058390306122447,-1.0073377346938743,-2.0835979591836793,monotonic_down,0.15
GPR161,,0.5423296734693892,0.07569822605166784,7.164364368317191,3.5781963810204973e-11,3.384444068287644e-10,adjacent_normal_vs_healthy,up,unique_gene_symbol,processed_matrix_welch_t,0.8673469387755102,3.117203999999999,3.6595336734693884,3.60440612244898,0.5423296734693892,-0.05512755102040856,field_shift_then_plateau,0.15
FXYD6,,1.0710648163265315,0.14452761756999136,7.410796872838783,3.617226378009647e-11,3.417964776044847e-10,adjacent_normal_vs_healthy,up,unique_gene_symbol,processed_matrix_welch_t,0.8877551020408163,2.8960759999999994,3.967140816326531,3.132909183673469,1.0710648163265315,-0.8342316326530619,adjacent_specific,0.15
SLC23A3,,-1.3268830612244917,0.1806249247314434,-7.346068452055146,3.6868728286652275e-11,3.480320211094989e-10,adjacent_normal_vs_healthy,down,unique_gene_symbol,processed_matrix_welch_t,0.8979591836734694,6.288530000000001,4.961646938775509,3.5073704081632644,-1.3268830612244917,-1.4542765306122445,monotonic_down,0.15
HIST1H2AE,,-0.5900345102040827,0.08173473756337642,-7.218895267713743,3.785826291398239e-11,3.5701898260635205e-10,adjacent_normal_vs_healthy,down,unique_gene_symbol,processed_matrix_welch_t,0.826530612244898,5.579834000000001,4.989799489795918,4.673246938775511,-0.5900345102040827,-0.3165525510204068,monotonic_down,0.15
PAM,,0.5924293877550983,0.08249813140725906,7.181124925490981,3.829672200005761e-11,3.6061799549015673e-10,adjacent_normal_vs_healthy,up,unique_gene_symbol,processed_matrix_welch_t,0.8571428571428571,4.881539999999999,5.473969387755098,5.686058163265305,0.5924293877550983,0.21208877551020766,monotonic_up,0.15
IL1B,,0.776467959183675,0.10850741649199508,7.1558975808898495,3.8392915264977505e-11,3.613450848468471e-10,adjacent_normal_vs_healthy,up,unique_gene_symbol,processed_matrix_welch_t,0.8163265306122449,3.2786799999999996,4.0551479591836745,5.24395918367347,0.776467959183675,1.188811224489795,monotonic_up,0.15
SNORA6,,-1.0463272244897959,0.12699850487878336,-8.238894036496626,3.8814021739723505e-11,3.649476414441163e-10,adjacent_normal_vs_healthy,down,unique_gene_symbol,processed_matrix_welch_t,0.9897959183673469,3.574166,2.527838775510204,3.2609040816326527,-1.0463272244897959,0.7330653061224486,adjacent_specific,0.15
ACAA2,,-0.5928307346938748,0.08226685487191444,-7.206191796403107,3.93225474017111e-11,3.6954654616415564e-10,adjacent_normal_vs_healthy,down,unique_gene_symbol,processed_matrix_welch_t,0.8979591836734694,9.898144,9.305313265306125,7.880803061224487,-0.5928307346938748,-1.4245102040816384,monotonic_down,0.15
MYOF,,0.775560612244897,0.10321347137692788,7.514141341226743,3.9684621624374044e-11,3.7276526676274385e-10,adjacent_normal_vs_healthy,up,unique_gene_symbol,processed_matrix_welch_t,0.8877551020408163,7.38142,8.156980612244897,7.795988775510205,0.775560612244897,-0.3609918367346925,non_monotonic,0.15
SAMD13,,-0.5907009795918352,0.08275469328205133,-7.13797557775436,4.186194666850272e-11,3.9167148136033996e-10,adjacent_normal_vs_healthy,down,unique_gene_symbol,processed_matrix_welch_t,0.8979591836734694,8.922951999999999,8.332251020408163,7.025191836734696,-0.5907009795918352,-1.3070591836734673,monotonic_down,0.15
TMEM49,,-0.6865270612244885,0.09162867557508043,-7.492491372550168,4.213661598078206e-11,3.940477250855061e-10,adjacent_normal_vs_healthy,down,unique_gene_symbol,processed_matrix_welch_t,0.9591836734693877,7.514074000000001,6.827546938775512,6.4600724489795915,-0.6865270612244885,-0.3674744897959208,monotonic_down,0.15
KCNMB4,,0.7229705714285704,0.10130598170825937,7.136504273859944,4.225281991283122e-11,3.9494044729519216e-10,adjacent_normal_vs_healthy,up,unique_gene_symbol,processed_matrix_welch_t,0.8367346938775511,3.1236580000000003,3.8466285714285706,4.266106122448979,0.7229705714285704,0.41947755102040807,monotonic_up,0.15
ID4,,0.8950214693877578,0.12161510987954809,7.35945944771352,4.230667038129982e-11,3.950559117508331e-10,adjacent_normal_vs_healthy,up,unique_gene_symbol,processed_matrix_welch_t,0.8877551020408163,5.259427,6.1544484693877575,5.348202040816326,0.8950214693877578,-0.8062464285714315,adjacent_specific,0.15
ALDH3A1,,-0.8484722040816308,0.11159507181504101,-7.603133277138785,4.3871234730297104e-11,4.0906381452735403e-10,adjacent_normal_vs_healthy,down,unique_gene_symbol,processed_matrix_welch_t,0.9591836734693877,4.8676119999999985,4.019139795918368,4.156819387755101,-0.8484722040816308,0.13767959183673373,field_shift_then_plateau,0.15
KREMEN1,,-0.7593169387755103,0.10269821877625251,-7.393671943131028,4.4719943135978335e-11,4.1640984890449334e-10,adjacent_normal_vs_healthy,down,unique_gene_symbol,processed_matrix_welch_t,0.8775510204081632,4.75547,3.9961530612244895,3.812187755102042,-0.7593169387755103,-0.18396530612244755,monotonic_down,0.15
CCND1,,0.6430442040816322,0.08804513743492226,7.303574312175187,4.571199305060129e-11,4.251862958883481e-10,adjacent_normal_vs_healthy,up,unique_gene_symbol,processed_matrix_welch_t,0.9183673469387755,4.486416,5.129460204081632,6.930740306122451,0.6430442040816322,1.8012801020408187,monotonic_up,0.15
KANK2,,1.1193642448979584,0.15402195607797223,7.267562842347557,4.5871915882910284e-11,4.2646546797393153e-10,adjacent_normal_vs_healthy,up,unique_gene_symbol,processed_matrix_welch_t,0.8775510204081632,3.417048,4.536412244897958,3.7747704081632656,1.1193642448979584,-0.7616418367346927,adjacent_specific,0.15
KIAA0101,,-0.7521082448979577,0.10577024876542988,-7.110773149129417,4.7678111969962797e-11,4.4282500093077637e-10,adjacent_normal_vs_healthy,down,unique_gene_symbol,processed_matrix_welch_t,0.7857142857142857,7.070895999999999,6.318787755102042,7.409415306122447,-0.7521082448979577,1.0906275510204049,adjacent_specific,0.15
SORBS2,,1.0958412244897975,0.15247963103291548,7.186804014847336,5.092937094447956e-11,4.709544549698352e-10,adjacent_normal_vs_healthy,up,unique_gene_symbol,processed_matrix_welch_t,0.8367346938775511,3.917370000000001,5.013211224489798,4.275697959183673,1.0958412244897975,-0.7375132653061254,adjacent_specific,0.15
RAB9B,,0.8828838367346914,0.12152015811140092,7.265328242293161,5.272421589523413e-11,4.868424202935295e-10,adjacent_normal_vs_healthy,up,unique_gene_symbol,processed_matrix_welch_t,0.8877551020408163,2.6476580000000016,3.530541836734693,2.668157142857143,0.8828838367346914,-0.8623846938775501,adjacent_specific,0.15
PRKAA2,,0.7596818775510212,0.10708914092934602,7.093920737044991,5.308032047957196e-11,4.898930208100098e-10,adjacent_normal_vs_healthy,up,unique_gene_symbol,processed_matrix_welch_t,0.826530612244898,2.9693619999999994,3.7290438775510206,2.7696882653061223,0.7596818775510212,-0.9593556122448983,adjacent_specific,0.15
SLC24A3,,0.8166222448979599,0.1138084052204975,7.175412425082308,5.358432613357161e-11,4.943050240228698e-10,adjacent_normal_vs_healthy,up,unique_gene_symbol,processed_matrix_welch_t,0.8163265306122449,3.4514899999999993,4.268112244897959,4.099971428571429,0.8166222448979599,-0.1681408163265301,non_monotonic,0.15
KLF10,,0.5726800408163282,0.079834071232393,7.173378884176971,5.57707755035913e-11,5.129833650185402e-10,adjacent_normal_vs_healthy,up,unique_gene_symbol,processed_matrix_welch_t,0.8979591836734694,8.621747000000001,9.194427040816329,8.834868877551017,0.5726800408163282,-0.3595581632653122,non_monotonic,0.15
HMOX1,,-0.7658019999999963,0.10629653508449007,-7.2043928750010195,5.601082903226996e-11,5.149426290557316e-10,adjacent_normal_vs_healthy,down,unique_gene_symbol,processed_matrix_welch_t,0.8979591836734694,6.165051999999998,5.399250000000002,4.18092142857143,-0.7658019999999963,-1.2183285714285725,monotonic_down,0.15
NAT8B,,-0.6029633061224486,0.08052543052562033,-7.487861936119759,5.680021982686879e-11,5.209422858880452e-10,adjacent_normal_vs_healthy,down,unique_gene_symbol,processed_matrix_welch_t,0.8877551020408163,4.326148000000001,3.723184693877552,3.363139795918368,-0.6029633061224486,-0.36004489795918415,monotonic_down,0.15
TMEM56,,-0.5601095102040778,0.07823667657885262,-7.159167984846067,5.7123053539492925e-11,5.236509096735413e-10,adjacent_normal_vs_healthy,down,unique_gene_symbol,processed_matrix_welch_t,0.8877551020408163,8.498783999999999,7.938674489795921,6.141010204081633,-0.5601095102040778,-1.797664285714288,monotonic_down,0.15
PTGDS,,1.288022244897964,0.17618286314882056,7.310712414804949,5.723181977082634e-11,5.243954997288419e-10,adjacent_normal_vs_healthy,up,unique_gene_symbol,processed_matrix_welch_t,0.9285714285714286,6.386739999999999,7.674762244897963,5.9584591836734715,1.288022244897964,-1.7163030612244912,adjacent_specific,0.15
PHLDB2,,0.5993570000000017,0.08242834712182234,7.271248556206048,5.7623483360800394e-11,5.274765015334805e-10,adjacent_normal_vs_healthy,up,unique_gene_symbol,processed_matrix_welch_t,0.9081632653061225,2.4877429999999996,3.0871000000000013,2.7367530612244897,0.5993570000000017,-0.3503469387755116,non_monotonic,0.15
UGDH,,-0.6244047959183714,0.08632553527908707,-7.233141316757495,5.782724762873013e-11,5.290873593709859e-10,adjacent_normal_vs_healthy,down,unique_gene_symbol,processed_matrix_welch_t,0.8877551020408163,9.240340000000002,8.61593520408163,6.958866836734694,-0.6244047959183714,-1.6570683673469357,monotonic_down,0.15
GLT8D2,,0.5738346938775489,0.08055952861184139,7.123113848424398,5.9870681448632e-11,5.46563279939039e-10,adjacent_normal_vs_healthy,up,unique_gene_symbol,processed_matrix_welch_t,0.7959183673469388,4.021050000000001,4.59488469387755,4.543607142857144,0.5738346938775489,-0.05127755102040599,field_shift_then_plateau,0.15
C2orf74,,0.8206713877551026,0.11566330779654534,7.09534772426433,6.078012536999738e-11,5.542402236804359e-10,adjacent_normal_vs_healthy,up,unique_gene_symbol,processed_matrix_welch_t,0.826530612244898,3.991198,4.811869387755102,3.8377428571428562,0.8206713877551026,-0.9741265306122462,adjacent_specific,0.15
FAM43A,,0.9739188979591828,0.13266695341236964,7.341081353786302,6.677434911908359e-11,6.045571123287453e-10,adjacent_normal_vs_healthy,up,unique_gene_symbol,processed_matrix_welch_t,0.9081632653061225,6.551976,7.525894897959183,6.573469387755103,0.9739188979591828,-0.9524255102040797,adjacent_specific,0.15
SLC8A1,,0.522584938775509,0.074015358914438,7.060493206276537,6.736755429310405e-11,6.096379437931089e-10,adjacent_normal_vs_healthy,up,unique_gene_symbol,processed_matrix_welch_t,0.9081632653061225,3.5607870000000013,4.08337193877551,3.8937602040816315,0.522584938775509,-0.18961173469387882,non_monotonic,0.15
DMRTA1,,-0.818413387755101,0.10674931324443722,-7.666685273010401,6.894551076743e-11,6.227336456413032e-10,adjacent_normal_vs_healthy,down,unique_gene_symbol,processed_matrix_welch_t,0.9387755102040817,3.5468940000000004,2.7284806122448995,2.0314969387755104,-0.818413387755101,-0.696983673469389,monotonic_down,0.15
FHOD3,,0.56195624489796,0.07908833941774157,7.1054247571153155,7.024551124729382e-11,6.335739148026879e-10,adjacent_normal_vs_healthy,up,unique_gene_symbol,processed_matrix_welch_t,0.8061224489795918,3.0614809999999992,3.6234372448979593,3.5064454081632657,0.56195624489796,-0.1169918367346936,field_shift_then_plateau,0.15
MEP1B,,-2.042665346938773,0.2828086744747531,-7.222781800213578,7.038658567825732e-11,6.345457345236834e-10,adjacent_normal_vs_healthy,down,unique_gene_symbol,processed_matrix_welch_t,0.9285714285714286,6.968547999999998,4.925882653061225,2.5216204081632654,-2.042665346938773,-2.40426224489796,monotonic_down,0.15
SCOC,,-0.6194120816326532,0.08263623769653775,-7.495647174878641,7.200800293114833e-11,6.479359053918072e-10,adjacent_normal_vs_healthy,down,unique_gene_symbol,processed_matrix_welch_t,0.9795918367346939,7.428508000000002,6.8090959183673485,6.6071489795918374,-0.6194120816326532,-0.20194693877551106,monotonic_down,0.15
NID1,,0.6901693877550992,0.0974711698167264,7.08075412506913,7.362447672734795e-11,6.615431981541789e-10,adjacent_normal_vs_healthy,up,unique_gene_symbol,processed_matrix_welch_t,0.7448979591836735,4.740200000000001,5.4303693877551,5.668866326530617,0.6901693877550992,0.23849693877551736,monotonic_up,0.15
CNNM4,,-0.58185689795918,0.08273198068718965,-7.033034784446732,7.366232221777462e-11,6.615710448237871e-10,adjacent_normal_vs_healthy,down,unique_gene_symbol,processed_matrix_welch_t,0.8673469387755102,7.6812869999999975,7.0994301020408175,5.589126530612244,-0.58185689795918,-1.5103035714285733,monotonic_down,0.15
KCNH2,,0.8015152653061222,0.11172510223220408,7.173994467602199,7.65161398876915e-11,6.859073933435244e-10,adjacent_normal_vs_healthy,up,unique_gene_symbol,processed_matrix_welch_t,0.9081632653061225,3.900698,4.702213265306122,5.022429591836735,0.8015152653061222,0.3202163265306126,monotonic_up,0.15
MAL2,,-0.6743527142857104,0.09565207991932154,-7.05005803171764,7.98960278520569e-11,7.141879672784804e-10,adjacent_normal_vs_healthy,down,unique_gene_symbol,processed_matrix_welch_t,0.9285714285714286,9.544817,8.87046428571429,8.857396938775508,-0.6743527142857104,-0.013067346938781199,field_shift_then_plateau,0.15
IMPA1,,-0.6233641632653049,0.08601470318993283,-7.247181471856354,8.006487450957421e-11,7.153614315637227e-10,adjacent_normal_vs_healthy,down,unique_gene_symbol,processed_matrix_welch_t,0.9081632653061225,6.125456000000001,5.502091836734696,4.415654081632655,-0.6233641632653049,-1.0864377551020405,monotonic_down,0.15
CWH43,,-0.7243144489795865,0.1033973406817938,-7.005155492428672,8.572082967060932e-11,7.619629304054162e-10,adjacent_normal_vs_healthy,down,unique_gene_symbol,processed_matrix_welch_t,0.9387755102040817,7.450991999999998,6.726677551020411,2.878558163265306,-0.7243144489795865,-3.848119387755105,monotonic_down,0.15
RARRES2,,0.953235755102039,0.13227766585904757,7.206324279397157,9.222287359746497e-11,8.182309008833798e-10,adjacent_normal_vs_healthy,up,unique_gene_symbol,processed_matrix_welch_t,0.8979591836734694,8.311502000000003,9.264737755102042,8.071596938775514,0.953235755102039,-1.1931408163265278,adjacent_specific,0.15
RAB17,,-0.5747087346938766,0.0819620469167544,-7.011888505878647,9.330958302639118e-11,8.259481454311892e-10,adjacent_normal_vs_healthy,down,unique_gene_symbol,processed_matrix_welch_t,0.8673469387755102,7.715721999999999,7.141013265306122,6.777727551020408,-0.5747087346938766,-0.36328571428571443,monotonic_down,0.15
MTHFD1L,,0.6178562244897972,0.08846333373301714,6.984319925750151,1.038016192345053e-10,9.158400510773775e-10,adjacent_normal_vs_healthy,up,unique_gene_symbol,processed_matrix_welch_t,0.8877551020408163,3.9457049999999985,4.563561224489796,7.246529591836735,0.6178562244897972,2.6829683673469393,monotonic_up,0.15
RAD51AP1,,-0.6419654693877561,0.09072089940382656,-7.076268793700676,1.043770221093325e-10,9.200641208155976e-10,adjacent_normal_vs_healthy,down,unique_gene_symbol,processed_matrix_welch_t,0.8571428571428571,5.486892,4.844926530612244,6.298705102040818,-0.6419654693877561,1.4537785714285736,adjacent_specific,0.15
BST2,,0.8858292857142898,0.12612942340125535,7.023177160623357,1.073221100196016e-10,9.455867537127322e-10,adjacent_normal_vs_healthy,up,unique_gene_symbol,processed_matrix_welch_t,0.8469387755102041,6.431709999999999,7.317539285714289,7.600544387755103,0.8858292857142898,0.2830051020408142,monotonic_up,0.15
GHR,,1.016017612244898,0.1415802098078095,7.176268587425522,1.0821798543863062e-10,9.530390577019088e-10,adjacent_normal_vs_healthy,up,unique_gene_symbol,processed_matrix_welch_t,0.9081632653061225,4.123862999999999,5.139880612244897,3.5693877551020403,1.016017612244898,-1.570492857142857,adjacent_specific,0.15
BHLHE41,,0.663238693877553,0.09476800077658327,6.998551076762148,1.1042137461291219e-10,9.701998027825787e-10,adjacent_normal_vs_healthy,up,unique_gene_symbol,processed_matrix_welch_t,0.8367346938775511,3.734396,4.397634693877553,3.304692857142857,0.663238693877553,-1.092941836734696,adjacent_specific,0.15
MUC4,,0.5000511428571413,0.07145658281137797,6.997971679909644,1.1807167610626618e-10,1.0345534804709196e-09,adjacent_normal_vs_healthy,up,unique_gene_symbol,processed_matrix_welch_t,0.9183673469387755,5.487306000000001,5.987357142857142,4.151360204081633,0.5000511428571413,-1.8359969387755095,adjacent_specific,0.15
ABAT,,-0.5247106530612227,0.07263498677445641,-7.223938164820427,1.2056344141485717e-10,1.0549301123800003e-09,adjacent_normal_vs_healthy,down,unique_gene_symbol,processed_matrix_welch_t,0.9183673469387755,5.334378,4.809667346938777,4.682562244897959,-0.5247106530612227,-0.1271051020408187,field_shift_then_plateau,0.15
TNFAIP6,,0.6838228979591854,0.09792224277486845,6.983325530353224,1.2630370106306632e-10,1.1016135905821269e-09,adjacent_normal_vs_healthy,up,unique_gene_symbol,processed_matrix_welch_t,0.8061224489795918,4.162771999999999,4.846594897959184,5.880173469387758,0.6838228979591854,1.0335785714285741,monotonic_up,0.15
FAT4,,0.5479570000000025,0.07913400209788446,6.924419155778441,1.3198566223682387e-10,1.1474917849265417e-09,adjacent_normal_vs_healthy,up,unique_gene_symbol,processed_matrix_welch_t,0.8979591836734694,3.3856679999999995,3.933625000000002,3.8800051020408164,0.5479570000000025,-0.053619897959185536,field_shift_then_plateau,0.15
HOOK1,,-0.5681043469387719,0.08154949071550835,-6.966375166224489,1.3380523189331147e-10,1.1622498244747493e-09,adjacent_normal_vs_healthy,down,unique_gene_symbol,processed_matrix_welch_t,0.9489795918367347,8.518436999999995,7.950332653061223,7.82919183673469,-0.5681043469387719,-0.12114081632653306,field_shift_then_plateau,0.15
P2RX4,,-0.5647544489795884,0.08149080599925741,-6.930284245620723,1.368952073885424e-10,1.1859738456356238e-09,adjacent_normal_vs_healthy,down,unique_gene_symbol,processed_matrix_welch_t,0.8775510204081632,7.127456999999998,6.56270255102041,5.041058673469389,-0.5647544489795884,-1.5216438775510204,monotonic_down,0.15
CDK3,,-0.7589104489795906,0.10804418834272754,-7.024074692219879,1.4489166215586708e-10,1.252832537442193e-09,adjacent_normal_vs_healthy,down,unique_gene_symbol,processed_matrix_welch_t,0.8367346938775511,6.033937999999999,5.2750275510204085,4.170307653061223,-0.7589104489795906,-1.1047198979591855,monotonic_down,0.15
TMEM171,,-0.8156957551020394,0.11804567370445093,-6.910001269036626,1.4844263268747296e-10,1.2823719266649206e-09,adjacent_normal_vs_healthy,down,unique_gene_symbol,processed_matrix_welch_t,0.9285714285714286,9.846708000000001,9.031012244897962,6.13442551020408,-0.8156957551020394,-2.896586734693882,monotonic_down,0.15
IL6ST,,0.5359870204081636,0.076086240800637,7.044467104276707,1.491972843713916e-10,1.2877227082644134e-09,adjacent_normal_vs_healthy,up,unique_gene_symbol,processed_matrix_welch_t,0.826530612244898,5.882389000000001,6.418376020408164,5.5593647959183645,0.5359870204081636,-0.8590112244897998,adjacent_specific,0.15
CDK2AP2,,-0.5651216326530655,0.0805273913524497,-7.017756606316218,1.5173682360681982e-10,1.306679837844346e-09,adjacent_normal_vs_healthy,down,unique_gene_symbol,processed_matrix_welch_t,0.826530612244898,7.608265000000001,7.043143367346936,6.931237755102041,-0.5651216326530655,-0.11190561224489493,field_shift_then_plateau,0.15
C10orf10,,0.523820020408162,0.07593581228479461,6.898194733778488,1.6987877095133178e-10,1.4543578232524088e-09,adjacent_normal_vs_healthy,up,unique_gene_symbol,processed_matrix_welch_t,0.8571428571428571,3.4305060000000003,3.9543260204081623,4.101260714285714,0.523820020408162,0.14693469387755176,field_shift_then_plateau,0.15
LILRB2,,0.5856759999999985,0.08510586719020816,6.881734706856772,1.7465349411341804e-10,1.4932207130307496e-09,adjacent_normal_vs_healthy,up,unique_gene_symbol,processed_matrix_welch_t,0.9183673469387755,3.110224,3.6958999999999986,3.875938775510207,0.5856759999999985,0.1800387755102082,monotonic_up,0.15
SNORA42,,-0.8438331836734694,0.11107363363323673,-7.597061121271969,1.8386373040980298e-10,1.5656374897149591e-09,adjacent_normal_vs_healthy,down,unique_gene_symbol,processed_matrix_welch_t,0.9591836734693877,4.511723999999998,3.667890816326529,3.9566448979591846,-0.8438331836734694,0.2887540816326557,non_monotonic,0.15
MAB21L2,,1.0392192653061225,0.1485914726994496,6.993801504397984,1.9280215903801227e-10,1.6380870629557134e-09,adjacent_normal_vs_healthy,up,unique_gene_symbol,processed_matrix_welch_t,0.8979591836734694,3.5723440000000006,4.611563265306123,3.5697704081632655,1.0392192653061225,-1.0417928571428576,adjacent_specific,0.15
TMEM37,,-0.7164977959183645,0.10463098727985086,-6.847854680009724,1.9394331928295526e-10,1.6470476356589957e-09,adjacent_normal_vs_healthy,down,unique_gene_symbol,processed_matrix_welch_t,0.8367346938775511,8.355807999999998,7.639310204081633,4.8665127551020415,-0.7164977959183645,-2.772797448979592,monotonic_down,0.15
CHST11,,0.5605333877551022,0.07999714188531352,7.006917679117848,1.9610709025060705e-10,1.6639389475809085e-09,adjacent_normal_vs_healthy,up,unique_gene_symbol,processed_matrix_welch_t,0.8877551020408163,3.5183860000000005,4.078919387755103,4.2640377551020405,0.5605333877551022,0.18511836734693787,monotonic_up,0.15
BNC2,,0.689006122448979,0.09800459524660851,7.03034506407823,1.983930270711372e-10,1.6818358127490882e-09,adjacent_normal_vs_healthy,up,unique_gene_symbol,processed_matrix_welch_t,0.8673469387755102,2.8177999999999996,3.5068061224489786,2.96925306122449,0.689006122448979,-0.5375530612244885,adjacent_specific,0.15
C20orf3,,-0.5094469387755085,0.06995074826106538,-7.282937658853706,2.0087108685619513e-10,1.7005715845895755e-09,adjacent_normal_vs_healthy,down,unique_gene_symbol,processed_matrix_welch_t,0.9387755102040817,5.402374999999998,4.89292806122449,5.753596938775511,-0.5094469387755085,0.8606688775510207,adjacent_specific,0.15
PITX2,,-2.7095322857142916,0.3858704911939263,-7.021869636443815,2.104474866879768e-10,1.7769047213033609e-09,adjacent_normal_vs_healthy,down,unique_gene_symbol,processed_matrix_welch_t,0.9183673469387755,8.719218000000001,6.00968571428571,7.7112193877551025,-2.7095322857142916,1.7015336734693927,adjacent_specific,0.15
ADH1C,,-0.7332358571428585,0.10729796491264168,-6.833641791247709,2.152910596397146e-10,1.8137795466991885e-09,adjacent_normal_vs_healthy,down,unique_gene_symbol,processed_matrix_welch_t,0.9285714285714286,11.602218,10.868982142857142,5.750300510204078,-0.7332358571428585,-5.118681632653064,monotonic_down,0.15
HSD17B2,,-0.8431837959183692,0.12308568600186431,-6.850380603197012,2.250459610425208e-10,1.89177708531991e-09,adjacent_normal_vs_healthy,down,unique_gene_symbol,processed_matrix_welch_t,0.8877551020408163,10.696994,9.85381020408163,5.5308214285714286,-0.8431837959183692,-4.322988775510202,monotonic_down,0.15
FGF2,,0.5690167755102027,0.08214330628855697,6.927122868798745,2.2547817713545887e-10,1.8945739155600784e-09,adjacent_normal_vs_healthy,up,unique_gene_symbol,processed_matrix_welch_t,0.9387755102040817,2.621522,3.190538775510203,2.7256000000000005,0.5690167755102027,-0.46493877551020235,non_monotonic,0.15
HMGCS2,,-0.8914214693877529,0.13023617614786917,-6.844653273416441,2.2596751594265933e-10,1.8978480386185418e-09,adjacent_normal_vs_healthy,down,unique_gene_symbol,processed_matrix_welch_t,0.8979591836734694,11.470647999999999,10.579226530612246,7.462801020408165,-0.8914214693877529,-3.116425510204081,monotonic_down,0.15
BAI3,,0.6018738367346939,0.08622202110449834,6.980511811538748,2.367990412325067e-10,1.985316488360602e-09,adjacent_normal_vs_healthy,up,unique_gene_symbol,processed_matrix_welch_t,0.9081632653061225,2.330743,2.932616836734694,2.1848428571428573,0.6018738367346939,-0.7477739795918366,adjacent_specific,0.15
C3orf32,,-0.6840661224489804,0.09241559024480252,-7.402064095862358,2.4342767966182903e-10,2.0355129647611876e-09,adjacent_normal_vs_healthy,down,unique_gene_symbol,processed_matrix_welch_t,0.9489795918367347,3.66726,2.98319387755102,3.2933403061224498,-0.6840661224489804,0.31014642857142993,non_monotonic,0.15
SVIL,,0.7744275918367363,0.11182640254734479,6.92526607487763,2.486042195207689e-10,2.073335234198616e-09,adjacent_normal_vs_healthy,up,unique_gene_symbol,processed_matrix_welch_t,0.7857142857142857,6.006227000000001,6.780654591836737,5.930324489795918,0.7744275918367363,-0.8503301020408189,adjacent_specific,0.15
CYP2B7P1,,-0.7811811428571436,0.10546199146910862,-7.4072292014887955,2.485190585697274e-10,2.073335234198616e-09,adjacent_normal_vs_healthy,down,unique_gene_symbol,processed_matrix_welch_t,0.9387755102040817,4.152274,3.3710928571428567,3.1143954081632645,-0.7811811428571436,-0.2566974489795921,monotonic_down,0.15
REP15,,-0.7668611020408136,0.11276736416447955,-6.800381544098964,2.5543018629507063e-10,2.1237514179293208e-09,adjacent_normal_vs_healthy,down,unique_gene_symbol,processed_matrix_welch_t,0.8571428571428571,8.379306,7.612444897959186,4.597589795918367,-0.7668611020408136,-3.014855102040819,monotonic_down,0.15
P2RY14,,0.6496238571428599,0.09531969554499674,6.815211205077733,2.59108535219622e-10,2.1515161406810304e-09,adjacent_normal_vs_healthy,up,unique_gene_symbol,processed_matrix_welch_t,0.8469387755102041,5.518218999999999,6.167842857142859,4.168977040816326,0.6496238571428599,-1.998865816326533,adjacent_specific,0.15
PCDHB10,,0.6539688163265294,0.09462271909943476,6.911329779471915,2.5926027065439836e-10,2.151837643094919e-09,adjacent_normal_vs_healthy,up,unique_gene_symbol,processed_matrix_welch_t,0.8367346938775511,2.891322000000001,3.5452908163265304,4.2456499999999995,0.6539688163265294,0.700359183673469,monotonic_up,0.15
PYCARD,,-0.5015172244897954,0.07349001444774149,-6.824290731993565,2.693209091796042e-10,2.227571724926005e-09,adjacent_normal_vs_healthy,down,unique_gene_symbol,processed_matrix_welch_t,0.8979591836734694,8.718356,8.216838775510205,8.122725,-0.5015172244897954,-0.09411377551020372,field_shift_then_plateau,0.15
FABP2,,-0.9313484897959174,0.1367556708938862,-6.810309829992975,2.752713297580064e-10,2.2726940227647685e-09,adjacent_normal_vs_healthy,down,unique_gene_symbol,processed_matrix_welch_t,0.8877551020408163,6.665423999999999,5.7340755102040815,2.852229591836735,-0.9313484897959174,-2.8818459183673464,monotonic_down,0.15
MOSC1,,-0.5799393061224496,0.08339585194238862,-6.954054579634036,2.776099554261273e-10,2.290161850655747e-09,adjacent_normal_vs_healthy,down,unique_gene_symbol,processed_matrix_welch_t,0.8877551020408163,7.004824000000001,6.4248846938775515,5.971170408163265,-0.5799393061224496,-0.4537142857142866,monotonic_down,0.15
PDK3,,-0.5733950204081619,0.0821007133875548,-6.984044312763301,2.8790040652108015e-10,2.367872025987631e-09,adjacent_normal_vs_healthy,down,unique_gene_symbol,processed_matrix_welch_t,0.9183673469387755,4.971794,4.398398979591838,5.2349438775510215,-0.5733950204081619,0.8365448979591834,adjacent_specific,0.15
C12orf36,,-1.0739101224489795,0.15566802276617916,-6.89872013125036,2.901806805327654e-10,2.384566317368948e-09,adjacent_normal_vs_healthy,down,unique_gene_symbol,processed_matrix_welch_t,0.8469387755102041,6.6958540000000015,5.621943877551022,4.358207142857141,-1.0739101224489795,-1.2637367346938806,monotonic_down,0.15
TMEM55A,,0.7872237142857141,0.1154088580033841,6.821172377103243,2.976261857611495e-10,2.442587317625986e-09,adjacent_normal_vs_healthy,up,unique_gene_symbol,processed_matrix_welch_t,0.8571428571428571,4.272562000000001,5.059785714285715,5.331148979591838,0.7872237142857141,0.27136326530612287,monotonic_up,0.15
BHLHE40,,0.7436611836734714,0.10636302232263611,6.991726705712517,3.2367973960068243e-10,2.6427368104618327e-09,adjacent_normal_vs_healthy,up,unique_gene_symbol,processed_matrix_welch_t,0.8877551020408163,4.025648,4.769309183673472,5.911331632653062,0.7436611836734714,1.1420224489795903,monotonic_up,0.15
SYNGR3,,0.5437442448979612,0.08070061588926963,6.73779547908333,3.464794681950379e-10,2.8144066017207856e-09,adjacent_normal_vs_healthy,up,unique_gene_symbol,processed_matrix_welch_t,0.9183673469387755,2.5287179999999996,3.072462244897961,2.9761602040816317,0.5437442448979612,-0.0963020408163291,field_shift_then_plateau,0.15
SLC39A2,,-0.5009253061224497,0.06971557641104081,-7.18527095249145,3.5169166976935387e-10,2.8543092039251908e-09,adjacent_normal_vs_healthy,down,unique_gene_symbol,processed_matrix_welch_t,0.9387755102040817,3.89866,3.3977346938775503,3.769683673469389,-0.5009253061224497,0.3719489795918385,non_monotonic,0.15
ENPP1,,-0.5830201224489784,0.08583490359340895,-6.792343184896954,3.5160577504349723e-10,2.8543092039251908e-09,adjacent_normal_vs_healthy,down,unique_gene_symbol,processed_matrix_welch_t,0.8469387755102041,4.949263999999999,4.366243877551021,3.642119387755101,-0.5830201224489784,-0.72412448979592,monotonic_down,0.15
OCLN,,-0.5889131020408138,0.08743905764547424,-6.735126359991088,3.5258838280496955e-10,2.8603676219031187e-09,adjacent_normal_vs_healthy,down,unique_gene_symbol,processed_matrix_welch_t,0.8469387755102041,7.215283,6.6263698979591865,6.1384821428571446,-0.5889131020408138,-0.48788775510204196,monotonic_down,0.15
CDX1,,-0.6032268163265311,0.08920115861733888,-6.76254463144693,3.769504850110396e-10,3.0411598451738112e-09,adjacent_normal_vs_healthy,down,unique_gene_symbol,processed_matrix_welch_t,0.9387755102040817,8.895761,8.29253418367347,8.015591836734691,-0.6032268163265311,-0.27694234693877817,monotonic_down,0.15
WSB1,,0.6952976326530629,0.10320878415212423,6.736806739513871,3.8968883920348724e-10,3.1372835088517536e-09,adjacent_normal_vs_healthy,up,unique_gene_symbol,processed_matrix_welch_t,0.8877551020408163,3.8332839999999986,4.5285816326530615,3.773716326530613,0.6952976326530629,-0.7548653061224484,adjacent_specific,0.15
GJC1,,0.9043969795918381,0.13147547144858623,6.878826671068484,3.9023901391554067e-10,3.1403849640540552e-09,adjacent_normal_vs_healthy,up,unique_gene_symbol,processed_matrix_welch_t,0.9183673469387755,2.858452,3.7628489795918383,3.5336122448979577,0.9043969795918381,-0.22923673469388062,non_monotonic,0.15
RUNX1T1,,0.742385224489797,0.1098464691376186,6.7583895078112795,3.93915839250363e-10,3.1672962750535943e-09,adjacent_normal_vs_healthy,up,unique_gene_symbol,processed_matrix_welch_t,0.8673469387755102,2.878276,3.620661224489797,3.0138765306122464,0.742385224489797,-0.6067846938775507,adjacent_specific,0.15
MFSD2A,,0.7221814693877553,0.10739716036992455,6.724400039072119,4.0005032747253253e-10,3.2098433354728274e-09,adjacent_normal_vs_healthy,up,unique_gene_symbol,processed_matrix_welch_t,0.8469387755102041,4.196742,4.918923469387756,4.494549999999999,0.7221814693877553,-0.42437346938775633,non_monotonic,0.15
IGJ,,-1.0599666530612204,0.15611102421659112,-6.789825756255396,4.033262718899374e-10,3.233403038646066e-09,adjacent_normal_vs_healthy,down,unique_gene_symbol,processed_matrix_welch_t,0.7857142857142857,11.312784,10.25281734693878,7.269410714285716,-1.0599666530612204,-2.9834066326530646,monotonic_down,0.15
SLC30A10,,-0.8558988571428583,0.12323903665874901,-6.945030408772642,4.1796091389659603e-10,3.34509281235443e-09,adjacent_normal_vs_healthy,down,unique_gene_symbol,processed_matrix_welch_t,0.8775510204081632,4.592656,3.7367571428571416,2.60205306122449,-0.8558988571428583,-1.1347040816326515,monotonic_down,0.15
ACOT4,,-0.5309300408163269,0.07784193363375944,-6.8206173206630965,4.247242264135638e-10,3.394940919779284e-09,adjacent_normal_vs_healthy,down,unique_gene_symbol,processed_matrix_welch_t,0.826530612244898,4.0113780000000006,3.4804479591836737,3.070477551020408,-0.5309300408163269,-0.4099704081632658,monotonic_down,0.15
BCL6,,0.5100486122448977,0.07590143890179178,6.719880671891414,4.279268570826829e-10,3.417670872002635e-09,adjacent_normal_vs_healthy,up,unique_gene_symbol,processed_matrix_welch_t,0.8571428571428571,3.4831320000000003,3.993180612244898,3.8662622448979582,0.5100486122448977,-0.12691836734693984,field_shift_then_plateau,0.15
EDN2,,-0.8522284897959205,0.12520499920957337,-6.806665030758275,4.2979983826291225e-10,3.431190323071635e-09,adjacent_normal_vs_healthy,down,unique_gene_symbol,processed_matrix_welch_t,0.7959183673469388,5.254454000000001,4.40222551020408,3.434655102040815,-0.8522284897959205,-0.9675704081632652,monotonic_down,0.15
TUBB2A,,0.8015342653061222,0.11596089801058239,6.912108124869605,4.3215668398871447e-10,3.447114898678309e-09,adjacent_normal_vs_healthy,up,unique_gene_symbol,processed_matrix_welch_t,0.9387755102040817,8.848079000000002,9.649613265306124,8.778968367346938,0.8015342653061222,-0.8706448979591865,adjacent_specific,0.15
THBS4,,1.5089706530612244,0.21913640130656153,6.885988106331296,4.353318258831404e-10,3.4709874224518398e-09,adjacent_normal_vs_healthy,up,unique_gene_symbol,processed_matrix_welch_t,0.8061224489795918,2.777012000000001,4.285982653061225,3.2771397959183677,1.5089706530612244,-1.0088428571428576,adjacent_specific,0.15
AMIGO2,,0.9569986530612233,0.13963014403762777,6.8538112572835965,4.3615226521126115e-10,3.476073306664886e-09,adjacent_normal_vs_healthy,up,unique_gene_symbol,processed_matrix_welch_t,0.8571428571428571,2.926234,3.8832326530612233,4.360836734693878,0.9569986530612233,0.4776040816326548,monotonic_up,0.15
A1CF,,-0.5814193673469372,0.08688689474530358,-6.691680823112443,4.4084777175323125e-10,3.509089286865185e-09,adjacent_normal_vs_healthy,down,unique_gene_symbol,processed_matrix_welch_t,0.8673469387755102,7.766800999999999,7.185381632653062,5.927985204081634,-0.5814193673469372,-1.257396428571428,monotonic_down,0.15
GCNT1,,-0.5296541836734683,0.07708835817641625,-6.870741525735414,4.6110325999973265e-10,3.662664192905678e-09,adjacent_normal_vs_healthy,down,unique_gene_symbol,processed_matrix_welch_t,0.8979591836734694,4.990995,4.461340816326532,4.850491326530612,-0.5296541836734683,0.38915051020408065,non_monotonic,0.15
PCDHB14,,0.5872351428571427,0.08777854302517292,6.689962291681429,4.735816839921127e-10,3.7555165611036346e-09,adjacent_normal_vs_healthy,up,unique_gene_symbol,processed_matrix_welch_t,0.8469387755102041,3.077072,3.6643071428571425,4.618375510204079,0.5872351428571427,0.9540683673469368,monotonic_up,0.15
PCDH18,,0.5161754285714291,0.07677644646915957,6.723096109674368,4.910095370954337e-10,3.885628256981321e-09,adjacent_normal_vs_healthy,up,unique_gene_symbol,processed_matrix_welch_t,0.8163265306122449,3.4574959999999995,3.9736714285714285,3.815633673469388,0.5161754285714291,-0.15803775510204066,non_monotonic,0.15
FNDC1,,1.2418624489795906,0.18516133345308286,6.706921071586797,5.00357146696945e-10,3.954670017895323e-09,adjacent_normal_vs_healthy,up,unique_gene_symbol,processed_matrix_welch_t,0.8163265306122449,3.42056,4.662422448979591,5.899158163265305,1.2418624489795906,1.2367357142857145,monotonic_up,0.15
GBA3,,-1.4159577142857174,0.2099239404037307,-6.7450987798843425,5.034762177379539e-10,3.977671031423503e-09,adjacent_normal_vs_healthy,down,unique_gene_symbol,processed_matrix_welch_t,0.9489795918367347,8.629772,7.2138142857142835,3.691488775510204,-1.4159577142857174,-3.5223255102040794,monotonic_down,0.15
ABHD3,,-0.5769116938775536,0.08662125379280888,-6.660163281144374,5.30650780037952e-10,4.17849084033193e-09,adjacent_normal_vs_healthy,down,unique_gene_symbol,processed_matrix_welch_t,0.8877551020408163,9.575727000000002,8.998815306122449,6.878104081632657,-0.5769116938775536,-2.120711224489792,monotonic_down,0.15
GJB1,,-0.625637224489795,0.09390923530015069,-6.662148003762853,5.313157324553879e-10,4.181997331934926e-09,adjacent_normal_vs_healthy,down,unique_gene_symbol,processed_matrix_welch_t,0.9489795918367347,8.833076,8.207438775510205,8.34219183673469,-0.625637224489795,0.13475306122448494,field_shift_then_plateau,0.15
SCARNA14,,-0.7378519795918361,0.09704635088523483,-7.603088347591821,5.568887709730248e-10,4.374241831405278e-09,adjacent_normal_vs_healthy,down,unique_gene_symbol,processed_matrix_welch_t,0.9897959183673469,3.021503,2.283651020408164,2.452518367346938,-0.7378519795918361,0.16886734693877425,non_monotonic,0.15
RAMP1,,1.235662040816326,0.1822403098562511,6.7803991432576085,5.694245195962e-10,4.465338901611058e-09,adjacent_normal_vs_healthy,up,unique_gene_symbol,processed_matrix_welch_t,0.8571428571428571,3.37779,4.613452040816326,4.25486836734694,1.235662040816326,-0.35858367346938635,non_monotonic,0.15
SCIN,,-0.6680231020408183,0.10069490655349275,-6.634130016158666,5.953356755824805e-10,4.658935989761788e-09,adjacent_normal_vs_healthy,down,unique_gene_symbol,processed_matrix_welch_t,0.8775510204081632,8.721143,8.053119897959181,4.846592346938776,-0.6680231020408183,-3.2065275510204057,monotonic_down,0.15
FCER1G,,-0.8325705714285743,0.12504628545653979,-6.658099186144451,6.305214010880643e-10,4.918118589396455e-09,adjacent_normal_vs_healthy,down,unique_gene_symbol,processed_matrix_welch_t,0.8163265306122449,7.231042000000002,6.398471428571428,6.6857163265306125,-0.8325705714285743,0.2872448979591846,non_monotonic,0.15
RASSF6,,-0.5552220612244918,0.08392774047164718,-6.615477291588223,6.689368248718948e-10,5.192236912173208e-09,adjacent_normal_vs_healthy,down,unique_gene_symbol,processed_matrix_welch_t,0.8673469387755102,6.155394000000001,5.600171938775509,4.583309693877553,-0.5552220612244918,-1.0168622448979567,monotonic_down,0.15
ASPM,,-0.6991371428571442,0.10570241880554254,-6.6142019336693245,6.732528160593367e-10,5.223607831202026e-09,adjacent_normal_vs_healthy,down,unique_gene_symbol,processed_matrix_welch_t,0.7857142857142857,5.800329999999999,5.101192857142855,6.7161928571428575,-0.6991371428571442,1.6150000000000029,adjacent_specific,0.15
CRYM,,-0.5027746122448988,0.07590246790743514,-6.623956059742937,6.901703242749823e-10,5.3483284388260735e-09,adjacent_normal_vs_healthy,down,unique_gene_symbol,processed_matrix_welch_t,0.8775510204081632,7.108244,6.605469387755101,6.004226530612242,-0.5027746122448988,-0.601242857142859,monotonic_down,0.15
LIMS2,,0.930350040816327,0.137592867310317,6.761615329362116,6.928120929528322e-10,5.366616049561402e-09,adjacent_normal_vs_healthy,up,unique_gene_symbol,processed_matrix_welch_t,0.8775510204081632,2.929451999999999,3.859802040816326,3.1157581632653066,0.930350040816327,-0.7440438775510194,adjacent_specific,0.15
CPE,,0.6813808367346939,0.10135457438870535,6.722743801592293,7.305137827196689e-10,5.640301063658757e-09,adjacent_normal_vs_healthy,up,unique_gene_symbol,processed_matrix_welch_t,0.826530612244898,6.622811,7.304191836734693,6.46868010204082,0.6813808367346939,-0.8355117346938732,adjacent_specific,0.15
METTL7B,,-0.9156219591836727,0.13857959329811564,-6.607191848326221,8.020220499649602e-10,6.16724615271582e-09,adjacent_normal_vs_healthy,down,unique_gene_symbol,processed_matrix_welch_t,0.8877551020408163,9.331624,8.416002040816327,7.811596938775509,-0.9156219591836727,-0.6044051020408183,monotonic_down,0.15
ADM,,0.629787020408167,0.09421568264647076,6.684524303361913,8.285142758936386e-10,6.360851537505999e-09,adjacent_normal_vs_healthy,up,unique_gene_symbol,processed_matrix_welch_t,0.8571428571428571,7.9389639999999995,8.568751020408166,7.677971428571429,0.629787020408167,-0.8907795918367372,adjacent_specific,0.15
TMEM61,,-0.6299053877551026,0.09404022212765208,-6.6982549966763845,8.394209471995563e-10,6.434208870643942e-09,adjacent_normal_vs_healthy,down,unique_gene_symbol,processed_matrix_welch_t,0.8469387755102041,4.869236000000001,4.239330612244898,3.4075867346938784,-0.6299053877551026,-0.8317438775510198,monotonic_down,0.15
DHRS11,,-0.5221908163265301,0.07916941314652355,-6.595865695759048,8.425512755382377e-10,6.453007355691088e-09,adjacent_normal_vs_healthy,down,unique_gene_symbol,processed_matrix_welch_t,0.8979591836734694,9.096850000000002,8.574659183673472,5.942689795918367,-0.5221908163265301,-2.6319693877551043,monotonic_down,0.15
HIST1H4K,,-0.5876349387755111,0.08490789823366252,-6.920851310656254,8.462091884340278e-10,6.4759364151401125e-09,adjacent_normal_vs_healthy,down,unique_gene_symbol,processed_matrix_welch_t,0.9081632653061225,7.243063000000002,6.655428061224491,6.4137775510204085,-0.5876349387755111,-0.24165051020408246,monotonic_down,0.15
DNASE1L3,,-0.9340023673469382,0.14240021043319986,-6.5589956960427385,8.787623577434827e-10,6.711446165838712e-09,adjacent_normal_vs_healthy,down,unique_gene_symbol,processed_matrix_welch_t,0.8163265306122449,7.942233999999998,7.00823163265306,4.455704081632651,-0.9340023673469382,-2.5525275510204093,monotonic_down,0.15
FAM107B,,-0.5380486530612281,0.08130161405762072,-6.617933226761008,8.817462172426027e-10,6.728836864248158e-09,adjacent_normal_vs_healthy,down,unique_gene_symbol,processed_matrix_welch_t,0.8061224489795918,8.337766000000002,7.799717346938774,6.281549999999999,-0.5380486530612281,-1.5181673469387746,monotonic_down,0.15
C8orf59,,-0.5969216326530615,0.08912113267281103,-6.697868561035127,9.497498039425859e-10,7.204476600425034e-09,adjacent_normal_vs_healthy,down,unique_gene_symbol,processed_matrix_welch_t,0.9285714285714286,7.690039999999999,7.093118367346937,8.034047959183676,-0.5969216326530615,0.9409295918367384,adjacent_specific,0.15
PKIB,,-0.6128161632653111,0.09245237347673978,-6.628452469308323,9.664899470223155e-10,7.316886119803136e-09,adjacent_normal_vs_healthy,down,unique_gene_symbol,processed_matrix_welch_t,0.9183673469387755,10.159158,9.546341836734689,5.006070408163264,-0.6128161632653111,-4.540271428571424,monotonic_down,0.15
CLIC4,,0.571583836734697,0.08722325366864173,6.553112991016424,1.1558971798707445e-09,8.628838030824871e-09,adjacent_normal_vs_healthy,up,unique_gene_symbol,processed_matrix_welch_t,0.8367346938775511,5.706058,6.277641836734697,6.046375510204082,0.571583836734697,-0.23126632653061474,non_monotonic,0.15
HIST1H2AC,,-0.636272122448978,0.09701773058102642,-6.55830762725976,1.166664786397242e-09,8.69745400665759e-09,adjacent_normal_vs_healthy,down,unique_gene_symbol,processed_matrix_welch_t,0.8469387755102041,6.7786659999999985,6.1423938775510205,5.051294897959184,-0.636272122448978,-1.0910989795918367,monotonic_down,0.15
CCL13,,-1.023155755102044,0.15331782689837514,-6.6734298013513484,1.1800723680753944e-09,8.790523430420779e-09,adjacent_normal_vs_healthy,down,unique_gene_symbol,processed_matrix_welch_t,0.8367346938775511,6.752018000000003,5.728862244897959,4.306295918367346,-1.023155755102044,-1.422566326530613,monotonic_down,0.15
CTNNAL1,,0.6431935918367344,0.09834850040842362,6.539943051146354,1.2063378116249547e-09,8.965133463442287e-09,adjacent_normal_vs_healthy,up,unique_gene_symbol,processed_matrix_welch_t,0.8367346938775511,5.975186,6.618379591836734,7.063691836734694,0.6431935918367344,0.44531224489796006,monotonic_up,0.15
PLCD1,,-0.5166440816326556,0.07952335815014122,-6.496758859921689,1.2563495458646238e-09,9.311364481612472e-09,adjacent_normal_vs_healthy,down,unique_gene_symbol,processed_matrix_welch_t,0.8061224489795918,7.962540000000001,7.445895918367345,5.123123469387754,-0.5166440816326556,-2.322772448979591,monotonic_down,0.15
IFITM3,,0.7547494285714293,0.11499813352582244,6.563145030540456,1.3494037003715783e-09,9.966115770005761e-09,adjacent_normal_vs_healthy,up,unique_gene_symbol,processed_matrix_welch_t,0.8571428571428571,8.418672,9.17342142857143,10.631665306122445,0.7547494285714293,1.4582438775510145,monotonic_up,0.15
MUC12,,1.0393493469387733,0.16001792686920954,6.495205676475763,1.361580307056597e-09,1.0044358406182724e-08,adjacent_normal_vs_healthy,up,unique_gene_symbol,processed_matrix_welch_t,0.7959183673469388,5.8781430000000015,6.917492346938775,5.209623469387756,1.0393493469387733,-1.707868877551019,adjacent_specific,0.15
PAQR5,,-0.6029113877551007,0.09317518574097543,-6.470729121283198,1.4042222741112834e-09,1.0342898297515991e-08,adjacent_normal_vs_healthy,down,unique_gene_symbol,processed_matrix_welch_t,0.8367346938775511,6.502742,5.899830612244899,4.066733673469386,-0.6029113877551007,-1.8330969387755127,monotonic_down,0.15
HIST1H2BD,,-0.6323324897959175,0.09745820166225166,-6.488242949395996,1.462687686098437e-09,1.0756884334999709e-08,adjacent_normal_vs_healthy,down,unique_gene_symbol,processed_matrix_welch_t,0.8775510204081632,8.281808,7.649475510204082,6.698654081632654,-0.6323324897959175,-0.9508214285714285,monotonic_down,0.15
PLTP,,0.5974889795918399,0.0920927924073938,6.487901647598098,1.4975341608166132e-09,1.1004650876861566e-08,adjacent_normal_vs_healthy,up,unique_gene_symbol,processed_matrix_welch_t,0.8673469387755102,4.938059999999999,5.535548979591839,5.986011224489796,0.5974889795918399,0.45046224489795694,monotonic_up,0.15
TMEM195,,-0.567361346938775,0.08530221578298215,-6.651191199794883,1.5242950625113573e-09,1.1171123167904637e-08,adjacent_normal_vs_healthy,down,unique_gene_symbol,processed_matrix_welch_t,0.9285714285714286,3.535869,2.968507653061225,2.7868908163265305,-0.567361346938775,-0.18161683673469442,monotonic_down,0.15
DIXDC1,,0.5198505714285728,0.07933905226499226,6.552265959672332,1.5269215957797032e-09,1.1186066634723182e-08,adjacent_normal_vs_healthy,up,unique_gene_symbol,processed_matrix_welch_t,0.7551020408163265,4.0606529999999985,4.580503571428571,4.253844387755102,0.5198505714285728,-0.3266591836734696,non_monotonic,0.15
FCGR3B,,0.7122566122448983,0.10785267866885195,6.603977027142668,1.5377073777372497e-09,1.1260749412352783e-08,adjacent_normal_vs_healthy,up,unique_gene_symbol,processed_matrix_welch_t,0.8571428571428571,2.239974,2.9522306122448985,3.720461224489795,0.7122566122448983,0.7682306122448965,monotonic_up,0.15
TMEM139,,-0.7253740408163258,0.11215591557836399,-6.467550437047637,1.5578503248531548e-09,1.1395109560201334e-08,adjacent_normal_vs_healthy,down,unique_gene_symbol,processed_matrix_welch_t,0.8571428571428571,6.012896999999999,5.287522959183673,5.095823469387757,-0.7253740408163258,-0.19169948979591567,monotonic_down,0.15
DOCK11,,0.5892111428571418,0.0913146402456663,6.4525375259867515,1.5708633084928144e-09,1.1472664899771071e-08,adjacent_normal_vs_healthy,up,unique_gene_symbol,processed_matrix_welch_t,0.826530612244898,5.401795999999998,5.99100714285714,6.724053061224487,0.5892111428571418,0.7330459183673472,monotonic_up,0.15
BHMT2,,0.6172828979591838,0.0935583680187513,6.597837382493309,1.5721854923976028e-09,1.147791862547943e-08,adjacent_normal_vs_healthy,up,unique_gene_symbol,processed_matrix_welch_t,0.8367346938775511,2.5138619999999996,3.1311448979591834,2.5853571428571427,0.6172828979591838,-0.5457877551020407,adjacent_specific,0.15
FYN,,0.5991456326530598,0.09189580955673331,6.5198362748321825,1.5794353787006965e-09,1.1526427600790058e-08,adjacent_normal_vs_healthy,up,unique_gene_symbol,processed_matrix_welch_t,0.8163265306122449,5.576585999999999,6.175731632653059,5.678727551020409,0.5991456326530598,-0.49700408163264953,non_monotonic,0.15
CXCL11,,1.0384273469387755,0.16115470247460065,6.443667674559111,1.6174405448874695e-09,1.1785712963894916e-08,adjacent_normal_vs_healthy,up,unique_gene_symbol,processed_matrix_welch_t,0.8673469387755102,2.59689,3.6353173469387756,5.4346867346938765,1.0384273469387755,1.799369387755101,monotonic_up,0.15
DUSP2,,0.5836665714285725,0.09024504858935016,6.467574460339435,1.62999858391114e-09,1.1868135004844399e-08,adjacent_normal_vs_healthy,up,unique_gene_symbol,processed_matrix_welch_t,0.8877551020408163,3.934212000000001,4.517878571428573,6.102262244897958,0.5836665714285725,1.584383673469385,monotonic_up,0.15
LOC100291682,,-1.4261530816326529,0.22113907878762423,-6.449122830082377,1.6415318803965027e-09,1.194754090319167e-08,adjacent_normal_vs_healthy,down,unique_gene_symbol,processed_matrix_welch_t,0.8163265306122449,6.769774,5.343620918367347,4.483770918367346,-1.4261530816326529,-0.8598500000000007,monotonic_down,0.15
FAM83F,,-0.51287114285714,0.07949276925170526,-6.451796153096503,1.6731624453248124e-09,1.2163807926301805e-08,adjacent_normal_vs_healthy,down,unique_gene_symbol,processed_matrix_welch_t,0.8571428571428571,5.998263999999999,5.485392857142859,5.1517857142857135,-0.51287114285714,-0.33360714285714543,monotonic_down,0.15
STX3,,-0.5418923469387771,0.0843438018826979,-6.424803421743071,1.7536516797627835e-09,1.271982018387939e-08,adjacent_normal_vs_healthy,down,unique_gene_symbol,processed_matrix_welch_t,0.9081632653061225,6.7957,6.253807653061223,5.704084693877552,-0.5418923469387771,-0.5497229591836712,monotonic_down,0.15
STBD1,,-0.6370838367346954,0.09471965304424834,-6.725994197181881,1.8106720084893577e-09,1.3098478359284714e-08,adjacent_normal_vs_healthy,down,unique_gene_symbol,processed_matrix_welch_t,0.9285714285714286,4.763442,4.126358163265305,3.2804153061224497,-0.6370838367346954,-0.8459428571428553,monotonic_down,0.15
ACSF2,,-0.6118768163265287,0.09522807547907178,-6.425382569670859,1.8347911193686158e-09,1.32528159760161e-08,adjacent_normal_vs_healthy,down,unique_gene_symbol,processed_matrix_welch_t,0.8469387755102041,7.7779859999999985,7.16610918367347,5.684576530612246,-0.6118768163265287,-1.4815326530612234,monotonic_down,0.15
MUC5B,,0.8980565714285724,0.13719653141001334,6.545767317868412,1.849739826126986e-09,1.33456029895634e-08,adjacent_normal_vs_healthy,up,unique_gene_symbol,processed_matrix_welch_t,0.8877551020408163,5.840422,6.738478571428573,5.121915306122449,0.8980565714285724,-1.616563265306124,adjacent_specific,0.15
POPDC2,,1.456468122448979,0.22310122639792884,6.528283801771607,1.8910377521605803e-09,1.360746742295444e-08,adjacent_normal_vs_healthy,up,unique_gene_symbol,processed_matrix_welch_t,0.8979591836734694,3.192888,4.649356122448979,3.5580775510204075,1.456468122448979,-1.0912785714285715,adjacent_specific,0.15
SLC16A14,,0.5316623061224486,0.08199883313918026,6.483778924268772,1.926480849679615e-09,1.3846808372178132e-08,adjacent_normal_vs_healthy,up,unique_gene_symbol,processed_matrix_welch_t,0.8469387755102041,3.828527999999999,4.360190306122448,3.939017346938776,0.5316623061224486,-0.4211729591836715,non_monotonic,0.15
AGPAT2,,-0.5302009591836727,0.08284287590729199,-6.400079106102151,1.994945049675096e-09,1.4311889128038368e-08,adjacent_normal_vs_healthy,down,unique_gene_symbol,processed_matrix_welch_t,0.8469387755102041,8.326153000000001,7.795952040816329,7.340883673469389,-0.5302009591836727,-0.45506836734693934,monotonic_down,0.15
ABCG2,,-0.8850454081632684,0.13825243462417297,-6.401662369051121,2.237687907429577e-09,1.596312392561227e-08,adjacent_normal_vs_healthy,down,unique_gene_symbol,processed_matrix_welch_t,0.8367346938775511,7.8652750000000005,6.980229591836732,3.0796311224489807,-0.8850454081632684,-3.9005984693877513,monotonic_down,0.15
ZMAT1,,0.7221611224489788,0.11107037630809964,6.50183376029776,2.239429179443115e-09,1.5969562388238543e-08,adjacent_normal_vs_healthy,up,unique_gene_symbol,processed_matrix_welch_t,0.8979591836734694,3.73747,4.459631122448979,3.237022959183673,0.7221611224489788,-1.2226081632653059,adjacent_specific,0.15
MARVELD3,,-0.5998032244897988,0.0938660372956512,-6.389991969093038,2.2654596675001077e-09,1.613705651672355e-08,adjacent_normal_vs_healthy,down,unique_gene_symbol,processed_matrix_welch_t,0.9081632653061225,8.288091999999999,7.6882887755102,6.283156122448977,-0.5998032244897988,-1.405132653061223,monotonic_down,0.15
KIAA1598,,-0.5047931428571442,0.07764589576776608,-6.501221189680756,2.2669607393097035e-09,1.6141709976236633e-08,adjacent_normal_vs_healthy,down,unique_gene_symbol,processed_matrix_welch_t,0.8571428571428571,5.477586000000001,4.972792857142857,5.203807142857142,-0.5047931428571442,0.23101428571428517,non_monotonic,0.15
C8orf84,,0.5193015102040834,0.08046292864220564,6.453922557470665,2.2776546585616896e-09,1.619968050019222e-08,adjacent_normal_vs_healthy,up,unique_gene_symbol,processed_matrix_welch_t,0.7857142857142857,2.4905739999999996,3.009875510204083,3.492323469387755,0.5193015102040834,0.4824479591836721,monotonic_up,0.15
CTSC,,-0.5911819183673446,0.0913360879941554,-6.47259950968312,2.2934533387873828e-09,1.629986994046725e-08,adjacent_normal_vs_healthy,down,unique_gene_symbol,processed_matrix_welch_t,0.8775510204081632,8.268286,7.677104081632655,8.06149081632653,-0.5911819183673446,0.38438673469387563,non_monotonic,0.15
B4GALNT2,,-0.8804635102040823,0.13523938205222436,-6.510407670038603,2.3502191763592512e-09,1.6653581361324952e-08,adjacent_normal_vs_healthy,down,unique_gene_symbol,processed_matrix_welch_t,0.8469387755102041,5.032488,4.1520244897959175,3.1532346938775517,-0.8804635102040823,-0.9987897959183658,monotonic_down,0.15
PPP1R14C,,-0.6127245102040852,0.09606667508644164,-6.3781171738560785,2.569052226642829e-09,1.8116575701955357e-08,adjacent_normal_vs_healthy,down,unique_gene_symbol,processed_matrix_welch_t,0.8673469387755102,6.290024000000002,5.677299489795916,4.995223469387754,-0.6127245102040852,-0.6820760204081626,monotonic_down,0.15
TNFAIP8L3,,0.5508499999999996,0.08540859189392831,6.449585314368817,2.6216416240315177e-09,1.8476910836976964e-08,adjacent_normal_vs_healthy,up,unique_gene_symbol,processed_matrix_welch_t,0.8775510204081632,3.9016,4.45245,3.2573244897959204,0.5508499999999996,-1.1951255102040794,adjacent_specific,0.15
XKR4,,0.5081944897959181,0.07951358539827753,6.391291340346562,2.6220910231886427e-09,1.8476910836976964e-08,adjacent_normal_vs_healthy,up,unique_gene_symbol,processed_matrix_welch_t,0.8979591836734694,2.66778,3.175974489795918,2.4391153061224493,0.5081944897959181,-0.7368591836734688,adjacent_specific,0.15
HOOK3,,0.5855238775510223,0.09136583014155197,6.4085651785123305,2.6697314675293817e-09,1.877786743323215e-08,adjacent_normal_vs_healthy,up,unique_gene_symbol,processed_matrix_welch_t,0.8979591836734694,4.26567,4.851193877551022,5.522287755102039,0.5855238775510223,0.6710938775510167,monotonic_up,0.15
CCL24,,-0.8944475510204084,0.13307164949748032,-6.721548537183683,2.934221795685909e-09,2.0516923609937463e-08,adjacent_normal_vs_healthy,down,unique_gene_symbol,processed_matrix_welch_t,0.8877551020408163,4.441370000000001,3.5469224489795925,5.285281632653061,-0.8944475510204084,1.7383591836734684,adjacent_specific,0.15
PCP4,,1.7240541632653068,0.2677808987780993,6.438301503700496,2.994407650169486e-09,2.090704864658123e-08,adjacent_normal_vs_healthy,up,unique_gene_symbol,processed_matrix_welch_t,0.8775510204081632,2.8057539999999994,4.529808163265306,4.28225306122449,1.7240541632653068,-0.247555102040816,non_monotonic,0.15
SCNN1G,,0.6259880204081631,0.09841017748523453,6.361008956640551,3.0377082141152657e-09,2.11705579783143e-08,adjacent_normal_vs_healthy,up,unique_gene_symbol,processed_matrix_welch_t,0.8163265306122449,2.5033630000000002,3.1293510204081634,2.2782576530612246,0.6259880204081631,-0.8510933673469387,adjacent_specific,0.15
C14orf139,,0.694941387755101,0.10502893445243602,6.61666607757328,3.0999272906393066e-09,2.1572593426086405e-08,adjacent_normal_vs_healthy,up,unique_gene_symbol,processed_matrix_welch_t,0.9081632653061225,5.751678000000002,6.446619387755103,4.703510204081633,0.694941387755101,-1.7431091836734698,adjacent_specific,0.15
MGC9913,,0.7870797551020399,0.12432879481962854,6.330631260794454,3.211081884425979e-09,2.2305362670365065e-08,adjacent_normal_vs_healthy,up,unique_gene_symbol,processed_matrix_welch_t,0.7857142857142857,3.5539080000000007,4.340987755102041,3.3625234693877553,0.7870797551020399,-0.9784642857142853,adjacent_specific,0.15
CCDC88A,,0.5167490204081631,0.08189910107853002,6.309581101661562,3.2886299393866267e-09,2.281906488553986e-08,adjacent_normal_vs_healthy,up,unique_gene_symbol,processed_matrix_welch_t,0.7959183673469388,3.212652,3.729401020408163,3.319920408163264,0.5167490204081631,-0.40948061224489907,non_monotonic,0.15
CCDC64B,,-0.5125308163265245,0.08136053938386754,-6.299501210388374,3.3420410372841984e-09,2.3147494125096814e-08,adjacent_normal_vs_healthy,down,unique_gene_symbol,processed_matrix_welch_t,0.8061224489795918,6.569989999999998,6.0574591836734735,4.931219387755102,-0.5125308163265245,-1.1262397959183712,monotonic_down,0.15
SLC17A4,,-0.6674237551020408,0.1061025430014677,-6.290365303429235,3.4815293242631333e-09,2.4026211791942752e-08,adjacent_normal_vs_healthy,down,unique_gene_symbol,processed_matrix_welch_t,0.8163265306122449,6.030986000000001,5.3635622448979605,2.914652040816327,-0.6674237551020408,-2.4489102040816335,monotonic_down,0.15
MAPK13,,-0.5069959183673447,0.08015137224522545,-6.3254802028364026,3.528418834283019e-09,2.4323350689626602e-08,adjacent_normal_vs_healthy,down,unique_gene_symbol,processed_matrix_welch_t,0.8469387755102041,6.6284,6.121404081632655,6.0791602040816315,-0.5069959183673447,-0.04224387755102388,field_shift_then_plateau,0.15
PROX1,,0.5800458775510196,0.09001982639121316,6.443534727896764,3.637172549333944e-09,2.5036791518191716e-08,adjacent_normal_vs_healthy,up,unique_gene_symbol,processed_matrix_welch_t,0.8877551020408163,4.300948,4.8809938775510195,6.6638979591836724,0.5800458775510196,1.782904081632653,monotonic_up,0.15
CBLC,,-0.5601235102040816,0.08908679360942269,-6.287391065613988,3.6683386781474075e-09,2.52422003729406e-08,adjacent_normal_vs_healthy,down,unique_gene_symbol,processed_matrix_welch_t,0.826530612244898,6.525748,5.9656244897959185,5.586275510204083,-0.5601235102040816,-0.37934897959183544,monotonic_down,0.15
HSPB6,,0.6069433469387753,0.09477707071969686,6.4039048931340155,3.724589422244838e-09,2.5564593583108043e-08,adjacent_normal_vs_healthy,up,unique_gene_symbol,processed_matrix_welch_t,0.8877551020408163,2.6184739999999986,3.225417346938774,2.517719897959183,0.6069433469387753,-0.7076974489795909,adjacent_specific,0.15
CXCL1,,0.7413014489795948,0.1170949352341771,6.330772953561763,3.8116843243372666e-09,2.6115318292688577e-08,adjacent_normal_vs_healthy,up,unique_gene_symbol,processed_matrix_welch_t,0.8877551020408163,5.593171,6.334472448979595,8.926804591836735,0.7413014489795948,2.59233214285714,monotonic_up,0.15
MIER3,,-0.5484797142857127,0.08742617118771505,-6.2736330189738885,3.925003862244933e-09,2.681452225947023e-08,adjacent_normal_vs_healthy,down,unique_gene_symbol,processed_matrix_welch_t,0.8469387755102041,8.005794,7.457314285714287,5.363932142857141,-0.5484797142857127,-2.0933821428571457,monotonic_down,0.15
PROS1,,0.7990263265306101,0.1242927902268897,6.428581457315675,4.120320369647647e-09,2.8028188580954337e-08,adjacent_normal_vs_healthy,up,unique_gene_symbol,processed_matrix_welch_t,0.8877551020408163,4.517590000000001,5.316616326530611,4.967354081632651,0.7990263265306101,-0.3492622448979601,non_monotonic,0.15
ADAM28,,-0.5103135102040817,0.08002879031948996,-6.376624064499965,4.129637076701034e-09,2.808153212156703e-08,adjacent_normal_vs_healthy,down,unique_gene_symbol,processed_matrix_welch_t,0.826530612244898,4.617988,4.107674489795919,3.4816188775510204,-0.5103135102040817,-0.6260556122448984,monotonic_down,0.15
IGKC,,-1.1610009387755111,0.18548784680963054,-6.259175243794096,4.374573386604659e-09,2.9651789704860342e-08,adjacent_normal_vs_healthy,down,unique_gene_symbol,processed_matrix_welch_t,0.8163265306122449,6.470854000000002,5.309853061224491,3.986287755102039,-1.1610009387755111,-1.3235653061224517,monotonic_down,0.15
ROR2,,0.6042869387755112,0.09570316946289281,6.314178957362667,4.4707892482065465e-09,3.027163132498316e-08,adjacent_normal_vs_healthy,up,unique_gene_symbol,processed_matrix_welch_t,0.7857142857142857,2.8836600000000003,3.4879469387755115,3.320619387755103,0.6042869387755112,-0.16732755102040864,non_monotonic,0.15
KIAA1462,,0.7044816326530614,0.11015448130026331,6.395396940164044,4.515987722415982e-09,3.053295775821969e-08,adjacent_normal_vs_healthy,up,unique_gene_symbol,processed_matrix_welch_t,0.8673469387755102,2.7619,3.466381632653061,3.2911336734693877,0.7044816326530614,-0.17524795918367353,non_monotonic,0.15
ACOX1,,-0.5375860816326536,0.08608147636749346,-6.245084358656048,4.579892536367732e-09,3.090047976344494e-08,adjacent_normal_vs_healthy,down,unique_gene_symbol,processed_matrix_welch_t,0.7959183673469388,9.368682000000002,8.831095918367348,7.310434693877548,-0.5375860816326536,-1.5206612244897997,monotonic_down,0.15
HIBCH,,-0.5159766122449012,0.08035349894304535,-6.421333470626164,4.7441849088173635e-09,3.196365203959045e-08,adjacent_normal_vs_healthy,down,unique_gene_symbol,processed_matrix_welch_t,0.9183673469387755,7.728246000000004,7.212269387755103,6.627102040816325,-0.5159766122449012,-0.5851673469387775,monotonic_down,0.15
LOC389493,,-0.6671117551020385,0.10259338604310628,-6.502483062814016,4.798851031397408e-09,3.2297675375682804e-08,adjacent_normal_vs_healthy,down,unique_gene_symbol,processed_matrix_welch_t,0.8571428571428571,3.978073999999999,3.3109622448979605,2.670864285714286,-0.6671117551020385,-0.6400979591836746,monotonic_down,0.15
C1orf125,,-1.2852124489795909,0.2015625214864072,-6.376247129187963,4.797992949401222e-09,3.2297675375682804e-08,adjacent_normal_vs_healthy,down,unique_gene_symbol,processed_matrix_welch_t,0.9183673469387755,5.995439999999998,4.710227551020407,3.3276244897959195,-1.2852124489795909,-1.3826030612244873,monotonic_down,0.15
B3GNT6,,-0.6468772244897973,0.10197665014199857,-6.34338570240389,5.564997363280753e-09,3.709998242187169e-08,adjacent_normal_vs_healthy,down,unique_gene_symbol,processed_matrix_welch_t,0.8673469387755102,6.403416,5.756538775510203,4.207445408163266,-0.6468772244897973,-1.549093367346937,monotonic_down,0.15
ENPP2,,0.5381789795918364,0.08624112897966703,6.240398125107131,5.8131371959903234e-09,3.853834687035368e-08,adjacent_normal_vs_healthy,up,unique_gene_symbol,processed_matrix_welch_t,0.8061224489795918,6.699995,7.238173979591837,6.053700510204084,0.5381789795918364,-1.1844734693877523,adjacent_specific,0.15
GDPD3,,-0.8298520000000007,0.13405730954356865,-6.190277895516759,5.982817286866606e-09,3.959431391794932e-08,adjacent_normal_vs_healthy,down,unique_gene_symbol,processed_matrix_welch_t,0.8163265306122449,7.949652000000003,7.119800000000002,4.100791836734694,-0.8298520000000007,-3.0190081632653083,monotonic_down,0.15
PGCP,,0.5452440816326529,0.08822454269679872,6.180185977347519,6.091768889741476e-09,4.027336099329087e-08,adjacent_normal_vs_healthy,up,unique_gene_symbol,processed_matrix_welch_t,0.7857142857142857,4.984360000000001,5.5296040816326535,4.775329081632652,0.5452440816326529,-0.7542750000000016,adjacent_specific,0.15
P2RY1,,-0.5419605102040821,0.08536292441266895,-6.348898118626876,6.44659475255513e-09,4.2412979989167134e-08,adjacent_normal_vs_healthy,down,unique_gene_symbol,processed_matrix_welch_t,0.8163265306122449,4.0933850000000005,3.5514244897959184,2.4543821428571415,-0.5419605102040821,-1.097042346938777,monotonic_down,0.15
PRSS3,,-0.5778355102040837,0.09222564715081336,-6.265453570189317,6.535355129859786e-09,4.298209384197939e-08,adjacent_normal_vs_healthy,down,unique_gene_symbol,processed_matrix_welch_t,0.8979591836734694,9.68451,9.106674489795916,8.249547448979593,-0.5778355102040837,-0.857127040816323,monotonic_down,0.15
HDGFRP3,,0.787481224489798,0.1278074700838799,6.161464771761579,6.6603123815081616e-09,4.371971020842382e-08,adjacent_normal_vs_healthy,up,unique_gene_symbol,processed_matrix_welch_t,0.7653061224489796,5.214930000000001,6.002411224489799,5.761010204081633,0.787481224489798,-0.24140102040816558,non_monotonic,0.15
SLC1A1,,-0.5486649999999962,0.08840737020895845,-6.206100223354445,6.679324672653447e-09,4.382299854146162e-08,adjacent_normal_vs_healthy,down,unique_gene_symbol,processed_matrix_welch_t,0.7959183673469388,6.5171899999999985,5.968525000000002,4.438997959183675,-0.5486649999999962,-1.529527040816327,monotonic_down,0.15
DDIT4,,0.564241020408164,0.09134162198510123,6.177260794648442,6.6991190622392986e-09,4.393694369809629e-08,adjacent_normal_vs_healthy,up,unique_gene_symbol,processed_matrix_welch_t,0.8163265306122449,5.91076,6.475001020408164,7.860547959183676,0.564241020408164,1.3855469387755122,monotonic_up,0.15
KLRB1,,-0.8796309795918358,0.14207607324044003,-6.191267533859887,6.9403945343884065e-09,4.5363924454086936e-08,adjacent_normal_vs_healthy,down,unique_gene_symbol,processed_matrix_welch_t,0.826530612244898,6.277331999999999,5.397701020408163,4.120211224489795,-0.8796309795918358,-1.2774897959183678,monotonic_down,0.15
NPTX1,,0.6585293877551024,0.10453160898895923,6.299811072693401,7.117317125600384e-09,4.6472468474427744e-08,adjacent_normal_vs_healthy,up,unique_gene_symbol,processed_matrix_welch_t,0.826530612244898,2.53139,3.1899193877551024,2.4909688775510204,0.6585293877551024,-0.698950510204082,adjacent_specific,0.15
CSRP1,,0.8471272244897952,0.13592065557024346,6.232512791641163,7.2392990016457665e-09,4.7188035943627314e-08,adjacent_normal_vs_healthy,up,unique_gene_symbol,processed_matrix_welch_t,0.8061224489795918,7.958084,8.805211224489796,7.761872448979592,0.8471272244897952,-1.043338775510204,adjacent_specific,0.15
HMGN5,,-0.5606389387755062,0.08789300610876041,-6.378652450250266,7.495773203210758e-09,4.877632323620397e-08,adjacent_normal_vs_healthy,down,unique_gene_symbol,processed_matrix_welch_t,0.8877551020408163,5.788191999999999,5.2275530612244925,4.793863265306123,-0.5606389387755062,-0.43368979591836965,monotonic_down,0.15
IL28RA,,-0.6131396326530636,0.09939133467803356,-6.168944552754591,7.533427310143063e-09,4.898786065065708e-08,adjacent_normal_vs_healthy,down,unique_gene_symbol,processed_matrix_welch_t,0.7653061224489796,6.913308000000002,6.300168367346938,5.8688714285714285,-0.6131396326530636,-0.43129693877550945,monotonic_down,0.15
ADAMTS8,,0.6583117551020408,0.10482320609922245,6.280210075609621,7.847141212689139e-09,5.0854175864397956e-08,adjacent_normal_vs_healthy,up,unique_gene_symbol,processed_matrix_welch_t,0.9081632653061225,2.3213760000000003,2.979687755102041,2.516020408163265,0.6583117551020408,-0.463667346938776,non_monotonic,0.15
PMEPA1,,0.6650628979591859,0.1037019931070437,6.413212302223468,8.155047580203549e-09,5.275980493614528e-08,adjacent_normal_vs_healthy,up,unique_gene_symbol,processed_matrix_welch_t,0.9081632653061225,5.785282,6.4503448979591855,8.381806122448982,0.6650628979591859,1.9314612244897962,monotonic_up,0.15
PDE9A,,0.8245593877551043,0.13016018165089344,6.334958796897503,8.20313107812588e-09,5.303484405009058e-08,adjacent_normal_vs_healthy,up,unique_gene_symbol,processed_matrix_welch_t,0.8571428571428571,6.9977599999999995,7.822319387755104,4.6152734693877555,0.8245593877551043,-3.2070459183673483,adjacent_specific,0.15
L1TD1,,-1.179719387755103,0.18782480873146634,-6.280956151227878,8.435715792901138e-09,5.4390798745966024e-08,adjacent_normal_vs_healthy,down,unique_gene_symbol,processed_matrix_welch_t,0.8979591836734694,5.538175,4.358455612244897,4.403112244897959,-1.179719387755103,0.04465663265306219,field_shift_then_plateau,0.15
FLRT1,,0.5101808163265309,0.08264971395361397,6.172808010114385,8.801301804092301e-09,5.657555244764261e-08,adjacent_normal_vs_healthy,up,unique_gene_symbol,processed_matrix_welch_t,0.826530612244898,2.7002099999999984,3.2103908163265293,2.5689581632653056,0.5101808163265309,-0.6414326530612238,adjacent_specific,0.15
COL4A2,,0.5805852653061239,0.09468068949545434,6.132034614450057,9.032520827042599e-09,5.7983545700233e-08,adjacent_normal_vs_healthy,up,unique_gene_symbol,processed_matrix_welch_t,0.7653061224489796,6.705527999999999,7.286113265306123,7.957437755102037,0.5805852653061239,0.6713244897959143,monotonic_up,0.15
RYR3,,0.6448095102040821,0.10388079470396548,6.20720617359185,9.634633748633995e-09,6.15788608841864e-08,adjacent_normal_vs_healthy,up,unique_gene_symbol,processed_matrix_welch_t,0.8367346938775511,2.2929160000000004,2.9377255102040825,2.1926367346938775,0.6448095102040821,-0.7450887755102049,adjacent_specific,0.15
BARX2,,-0.5307787142857148,0.0866472430718839,-6.125742671874424,9.903381475751412e-09,6.314815247766474e-08,adjacent_normal_vs_healthy,down,unique_gene_symbol,processed_matrix_welch_t,0.826530612244898,5.516218000000001,4.985439285714286,3.42790918367347,-0.5307787142857148,-1.5575301020408165,monotonic_down,0.15
DNM3,,0.5286948571428574,0.08683026487290357,6.088831560248331,1.0020877931649045e-08,6.383322710558643e-08,adjacent_normal_vs_healthy,up,unique_gene_symbol,processed_matrix_welch_t,0.8979591836734694,3.268048,3.796742857142857,4.044501020408163,0.5286948571428574,0.24775816326530542,monotonic_up,0.15
CADM1,,0.5990291836734674,0.09845761321723656,6.084132695272343,1.016308918471955e-08,6.46958268395387e-08,adjacent_normal_vs_healthy,up,unique_gene_symbol,processed_matrix_welch_t,0.8571428571428571,4.009030000000001,4.608059183673468,4.144459183673469,0.5990291836734674,-0.46359999999999957,non_monotonic,0.15
SPINK1,,-0.6986207346938773,0.11488721631786795,-6.0809266434043066,1.0282809024140789e-08,6.541419439346496e-08,adjacent_normal_vs_healthy,down,unique_gene_symbol,processed_matrix_welch_t,0.8571428571428571,11.097683999999997,10.39906326530612,10.981911224489794,-0.6986207346938773,0.5828479591836739,adjacent_specific,0.15
TYROBP,,-0.6334822653061201,0.10434417969454153,-6.0710838607441655,1.1229435212989918e-08,7.10799356566915e-08,adjacent_normal_vs_healthy,down,unique_gene_symbol,processed_matrix_welch_t,0.7448979591836735,7.645768999999997,7.012286734693877,6.912058673469388,-0.6334822653061201,-0.10022806122448902,field_shift_then_plateau,0.15
PKP2,,-0.546733183673469,0.08997316687835437,-6.0766248720872955,1.1600058680142532e-08,7.329249453476476e-08,adjacent_normal_vs_healthy,down,unique_gene_symbol,processed_matrix_welch_t,0.8673469387755102,8.613849000000002,8.067115816326533,7.422801020408162,-0.546733183673469,-0.6443147959183708,monotonic_down,0.15
SLC9A3,,-0.7739528163265303,0.12193598533643052,-6.347205988381006,1.2349218402980107e-08,7.767727730186364e-08,adjacent_normal_vs_healthy,down,unique_gene_symbol,processed_matrix_welch_t,0.9183673469387755,3.964061999999999,3.1901091836734685,2.750739795918369,-0.7739528163265303,-0.4393693877550997,monotonic_down,0.15
NKTR,,0.5378602448979564,0.0858911807344266,6.262112597578637,1.2452497394203553e-08,7.827518995894211e-08,adjacent_normal_vs_healthy,up,unique_gene_symbol,processed_matrix_welch_t,0.9285714285714286,6.133302000000002,6.671162244897959,6.399037755102043,0.5378602448979564,-0.27212448979591564,non_monotonic,0.15
TACR2,,1.1235086938775516,0.18198002193098153,6.173802387515141,1.3428914913426916e-08,8.402449554769915e-08,adjacent_normal_vs_healthy,up,unique_gene_symbol,processed_matrix_welch_t,0.7959183673469388,2.602926,3.7264346938775517,2.8499887755102042,1.1235086938775516,-0.8764459183673474,adjacent_specific,0.15
PTGS1,,0.5193696938775512,0.08593272497737835,6.043910442899075,1.374766131807254e-08,8.584961347855074e-08,adjacent_normal_vs_healthy,up,unique_gene_symbol,processed_matrix_welch_t,0.8673469387755102,4.4874149999999995,5.006784693877551,4.106347959183672,0.5193696938775512,-0.9004367346938791,adjacent_specific,0.15
SGPP1,,-0.5332019183673458,0.08327029606253128,-6.403266753932774,1.39598946336701e-08,8.700372956631054e-08,adjacent_normal_vs_healthy,down,unique_gene_symbol,processed_matrix_welch_t,0.8673469387755102,6.651631,6.118429081632654,5.574089285714285,-0.5332019183673458,-0.5443397959183693,monotonic_down,0.15
NQO1,,-0.7136765918367303,0.11712542700470677,-6.0932677906741,1.4762046835450718e-08,9.173282367721333e-08,adjacent_normal_vs_healthy,down,unique_gene_symbol,processed_matrix_welch_t,0.8673469387755102,10.030046999999998,9.316370408163268,9.86337040816327,-0.7136765918367303,0.5470000000000024,adjacent_specific,0.15
C9orf123,,-0.5332143673469405,0.0877361856472982,-6.077473774509373,1.505666088617044e-08,9.333353833844105e-08,adjacent_normal_vs_healthy,down,unique_gene_symbol,processed_matrix_welch_t,0.8673469387755102,5.619046000000001,5.08583163265306,4.540116326530612,-0.5332143673469405,-0.5457153061224487,monotonic_down,0.15
NEK2,,-0.5008710612244904,0.08269189908352662,-6.0570753214721,1.5077639562334263e-08,9.341954352972482e-08,adjacent_normal_vs_healthy,down,unique_gene_symbol,processed_matrix_welch_t,0.8163265306122449,3.746968000000001,3.2460969387755108,4.869079591836736,-0.5008710612244904,1.6229826530612255,adjacent_specific,0.15
AQP8,,-0.9804902040816348,0.16234438142791216,-6.039569681794096,1.542761748900947e-08,9.541511607952993e-08,adjacent_normal_vs_healthy,down,unique_gene_symbol,processed_matrix_welch_t,0.7653061224489796,11.404280000000002,10.423789795918367,3.8071316326530606,-0.9804902040816348,-6.616658163265306,monotonic_down,0.15
CNKSR3,,-0.5433284081632674,0.08927801107198019,-6.085803230150481,1.6179726019598273e-08,9.972870942478184e-08,adjacent_normal_vs_healthy,down,unique_gene_symbol,processed_matrix_welch_t,0.826530612244898,7.701608000000002,7.158279591836735,6.238088775510206,-0.5433284081632674,-0.9201908163265289,monotonic_down,0.15
CTSL2,,-0.8334868979591841,0.13334117948013624,-6.250783900433012,1.6653313418176365e-08,1.023496086126785e-07,adjacent_normal_vs_healthy,down,unique_gene_symbol,processed_matrix_welch_t,0.9183673469387755,5.301742000000001,4.468255102040817,6.1377387755102015,-0.8334868979591841,1.6694836734693848,adjacent_specific,0.15
HHEX,,0.6198213061224491,0.10221915903412471,6.063651002211129,1.721668085887681e-08,1.057096431967154e-07,adjacent_normal_vs_healthy,up,unique_gene_symbol,processed_matrix_welch_t,0.8571428571428571,4.288244000000001,4.90806530612245,3.940893877551019,0.6198213061224491,-0.9671714285714308,adjacent_specific,0.15
UBE2L6,,0.7616195510204111,0.12460198945667672,6.112418865392364,1.728572047050179e-08,1.0603096577266561e-07,adjacent_normal_vs_healthy,up,unique_gene_symbol,processed_matrix_welch_t,0.8979591836734694,8.130958000000001,8.892577551020413,9.108798979591839,0.7616195510204111,0.21622142857142634,monotonic_up,0.15
PLCL1,,0.5107956734693886,0.08479751127134674,6.023710670409588,1.7559299128170714e-08,1.0746674876257486e-07,adjacent_normal_vs_healthy,up,unique_gene_symbol,processed_matrix_welch_t,0.8163265306122449,2.387388,2.8981836734693887,2.64557142857143,0.5107956734693886,-0.25261224489795886,non_monotonic,0.15
GAPT,,-0.751218285714284,0.1196681763049612,-6.277510938245492,1.758454345878648e-08,1.0758666692008181e-07,adjacent_normal_vs_healthy,down,unique_gene_symbol,processed_matrix_welch_t,0.8673469387755102,3.9365789999999983,3.1853607142857143,2.6359862244897956,-0.751218285714284,-0.5493744897959187,monotonic_down,0.15
RPP25,,-0.5333102040816318,0.08788871753815965,-6.0680166808678075,1.9525008355305324e-08,1.1873400162408604e-07,adjacent_normal_vs_healthy,down,unique_gene_symbol,processed_matrix_welch_t,0.8979591836734694,6.877800000000002,6.344489795918371,6.851602040816328,-0.5333102040816318,0.5071122448979573,adjacent_specific,0.15
GIMAP2,,-0.522853591836733,0.08713515595780646,-6.000489539376217,1.9665464484200554e-08,1.195117918222721e-07,adjacent_normal_vs_healthy,down,unique_gene_symbol,processed_matrix_welch_t,0.8469387755102041,7.546074,7.023220408163267,7.402275510204085,-0.522853591836733,0.3790551020408177,non_monotonic,0.15
IGLV8-61,,-0.9356619183673471,0.1543135332556921,-6.063382119680898,2.0265393968811747e-08,1.228936678109071e-07,adjacent_normal_vs_healthy,down,unique_gene_symbol,processed_matrix_welch_t,0.8673469387755102,5.414466000000001,4.478804081632654,3.74675918367347,-0.9356619183673471,-0.7320448979591836,monotonic_down,0.15
NEUROD1,,-0.983371673469386,0.16265973069376755,-6.045575443136184,2.0403837903457742e-08,1.2364338268295682e-07,adjacent_normal_vs_healthy,down,unique_gene_symbol,processed_matrix_welch_t,0.8163265306122449,4.987687999999999,4.0043163265306125,2.808426530612246,-0.983371673469386,-1.1958897959183665,monotonic_down,0.15
TWSG1,,0.6266204489795912,0.1049439287605449,5.971002385563231,2.172284730729899e-08,1.3117761266443793e-07,adjacent_normal_vs_healthy,up,unique_gene_symbol,processed_matrix_welch_t,0.7857142857142857,6.449952,7.076572448979591,7.0820112244898,0.6266204489795912,0.005438775510208771,field_shift_then_plateau,0.15
C11orf93,,-0.7833881224489776,0.12413048978711741,-6.311004844921507,2.1778068213424073e-08,1.3146937818122838e-07,adjacent_normal_vs_healthy,down,unique_gene_symbol,processed_matrix_welch_t,0.9183673469387755,4.6500319999999995,3.866643877551022,3.743202040816326,-0.7833881224489776,-0.12344183673469589,field_shift_then_plateau,0.15
LMO3,,0.9651412244897961,0.15876481796806324,6.07906233157992,2.2708872384917884e-08,1.3652571209625405e-07,adjacent_normal_vs_healthy,up,unique_gene_symbol,processed_matrix_welch_t,0.8775510204081632,2.41472,3.379861224489796,2.423962244897959,0.9651412244897961,-0.9558989795918369,adjacent_specific,0.15
APOL1,,0.5536166122449,0.09132117589874708,6.062302711243292,2.46587294727131e-08,1.4741042673797722e-07,adjacent_normal_vs_healthy,up,unique_gene_symbol,processed_matrix_welch_t,0.9285714285714286,4.8856139999999995,5.4392306122448995,5.701976530612246,0.5536166122449,0.2627459183673464,monotonic_up,0.15
IGFBP2,,-1.0186467346938795,0.1681994712531823,-6.05618274007866,2.504804170902953e-08,1.496437760087613e-07,adjacent_normal_vs_healthy,down,unique_gene_symbol,processed_matrix_welch_t,0.9081632653061225,9.17776,8.15911326530612,8.246896938775514,-1.0186467346938795,0.08778367346939397,field_shift_then_plateau,0.15
TMEM35,,0.8006384081632656,0.1334991081182577,5.997331513661013,2.6174733507582405e-08,1.5603222479159956e-07,adjacent_normal_vs_healthy,up,unique_gene_symbol,processed_matrix_welch_t,0.7448979591836735,2.948832,3.7494704081632655,2.7601816326530617,0.8006384081632656,-0.9892887755102038,adjacent_specific,0.15
TEX11,,-0.7957848163265293,0.1346688339610633,-5.909198089266994,2.634767405903e-08,1.5696486673464684e-07,adjacent_normal_vs_healthy,down,unique_gene_symbol,processed_matrix_welch_t,0.7755102040816326,6.210844,5.4150591836734705,2.816398979591837,-0.7957848163265293,-2.5986602040816336,monotonic_down,0.15
SCRG1,,1.0875054693877533,0.1802305173206984,6.033969638186574,2.7081030823594545e-08,1.6078042621803557e-07,adjacent_normal_vs_healthy,up,unique_gene_symbol,processed_matrix_welch_t,0.8061224489795918,2.352743000000001,3.4402484693877544,2.3749566326530607,1.0875054693877533,-1.0652918367346937,adjacent_specific,0.15
PROM1,,-0.566987836734695,0.09576781077677818,-5.920442705495973,2.7585767931678566e-08,1.6342035513975105e-07,adjacent_normal_vs_healthy,down,unique_gene_symbol,processed_matrix_welch_t,0.8367346938775511,6.551295999999999,5.984308163265304,5.90751224489796,-0.566987836734695,-0.07679591836734367,field_shift_then_plateau,0.15
SCN9A,,0.5154514897959195,0.08634791451140565,5.969472368992001,2.9898776453333446e-08,1.7608187555566618e-07,adjacent_normal_vs_healthy,up,unique_gene_symbol,processed_matrix_welch_t,0.8061224489795918,3.4767229999999993,3.992174489795919,2.4035688775510216,0.5154514897959195,-1.5886056122448973,adjacent_specific,0.15
PDZRN3,,0.764760775510207,0.12937508967038588,5.9111903030066975,3.153308232319099e-08,1.8507703065152786e-07,adjacent_normal_vs_healthy,up,unique_gene_symbol,processed_matrix_welch_t,0.7959183673469388,5.332228,6.096988775510207,5.261821428571428,0.764760775510207,-0.8351673469387784,adjacent_specific,0.15
GOLT1A,,-0.9091304081632652,0.15402223672503948,-5.90259190811678,3.230627857687525e-08,1.893233438300107e-07,adjacent_normal_vs_healthy,down,unique_gene_symbol,processed_matrix_welch_t,0.8163265306122449,5.2336599999999995,4.324529591836734,5.695896938775512,-0.9091304081632652,1.3713673469387775,adjacent_specific,0.15
NCRNA00201,,0.763579530612243,0.12807657232440625,5.961898548300979,3.4148984841749875e-08,1.9956926684681327e-07,adjacent_normal_vs_healthy,up,unique_gene_symbol,processed_matrix_welch_t,0.8673469387755102,4.144697000000001,4.908276530612244,4.484788775510203,0.763579530612243,-0.42348775510204106,non_monotonic,0.15
SPINK4,,-1.5307295510204035,0.2605331092780534,-5.8753743632128375,3.434195664961767e-08,2.0063542639113851e-07,adjacent_normal_vs_healthy,down,unique_gene_symbol,processed_matrix_welch_t,0.8367346938775511,10.146602000000001,8.615872448979598,7.630974489795915,-1.5307295510204035,-0.9848979591836828,monotonic_down,0.15
C12orf28,,-0.6732887346938794,0.10926595082377413,-6.161926287355246,3.6601022111586676e-08,2.129839428498198e-07,adjacent_normal_vs_healthy,down,unique_gene_symbol,processed_matrix_welch_t,0.8979591836734694,3.447952000000001,2.7746632653061214,2.6341000000000006,-0.6732887346938794,-0.14056326530612084,field_shift_then_plateau,0.15
FAM101A,,-0.5379316734693926,0.0925119937556717,-5.814723601029443,3.773594225208784e-08,2.1905254282919282e-07,adjacent_normal_vs_healthy,down,unique_gene_symbol,processed_matrix_welch_t,0.7959183673469388,8.118248000000001,7.580316326530609,6.65419591836735,-0.5379316734693926,-0.9261204081632588,monotonic_down,0.15
TMEM54,,-0.5163232448979613,0.0888090924378534,-5.813855661899402,3.7855823090613035e-08,2.1968146042221037e-07,adjacent_normal_vs_healthy,down,unique_gene_symbol,processed_matrix_welch_t,0.8469387755102041,9.600461000000003,9.084137755102041,7.373005102040816,-0.5163232448979613,-1.7111326530612256,monotonic_down,0.15
PDP1,,0.675045142857142,0.11424835440204383,5.908576507646099,3.9764857093673066e-08,2.3019850381986477e-07,adjacent_normal_vs_healthy,up,unique_gene_symbol,processed_matrix_welch_t,0.8061224489795918,4.420612,5.095657142857142,6.057563265306124,0.675045142857142,0.9619061224489815,monotonic_up,0.15
THOP1,,-0.5274502857142833,0.09015348841388975,-5.850580992415821,4.203798683200576e-08,2.423995364268291e-07,adjacent_normal_vs_healthy,down,unique_gene_symbol,processed_matrix_welch_t,0.8163265306122449,7.509586,6.982135714285716,6.97501020408163,-0.5274502857142833,-0.0071255102040863605,field_shift_then_plateau,0.15
PENK,,1.1330176734693884,0.1908701675451174,5.936064750409823,4.2990164826627754e-08,2.472161698275423e-07,adjacent_normal_vs_healthy,up,unique_gene_symbol,processed_matrix_welch_t,0.8571428571428571,2.0152659999999996,3.148283673469388,2.3556,1.1330176734693884,-0.7926836734693881,adjacent_specific,0.15
EFNA1,,-0.9192461632653055,0.1569719919194941,-5.856115807823586,4.547894336998505e-08,2.605051389183259e-07,adjacent_normal_vs_healthy,down,unique_gene_symbol,processed_matrix_welch_t,0.9081632653061225,8.304863,7.385616836734694,7.318151020408164,-0.9192461632653055,-0.06746581632652937,field_shift_then_plateau,0.15
GSTO2,,-0.523957265306124,0.09070423394193791,-5.776546943128612,4.6138466628506185e-08,2.6396526580731904e-07,adjacent_normal_vs_healthy,down,unique_gene_symbol,processed_matrix_welch_t,0.8061224489795918,6.0397940000000006,5.515836734693877,6.313062244897961,-0.523957265306124,0.7972255102040844,adjacent_specific,0.15
NQO2,,0.7222812653061235,0.12240969097524883,5.900523557829816,4.840710695055249e-08,2.7603214026310855e-07,adjacent_normal_vs_healthy,up,unique_gene_symbol,processed_matrix_welch_t,0.8673469387755102,5.762332,6.484613265306123,7.401202040816327,0.7222812653061235,0.9165887755102036,monotonic_up,0.15
CLECL1,,-0.547665346938774,0.09322007775296648,-5.874972003242575,4.893995201924736e-08,2.787366695921238e-07,adjacent_normal_vs_healthy,down,unique_gene_symbol,processed_matrix_welch_t,0.8775510204081632,4.028697999999999,3.4810326530612246,2.945805102040815,-0.547665346938774,-0.5352275510204096,monotonic_down,0.15
APOC2,,-0.5863397551020406,0.098729132425191,-5.938872759226581,4.913226728517512e-08,2.7974831612133205e-07,adjacent_normal_vs_healthy,down,unique_gene_symbol,processed_matrix_welch_t,0.7959183673469388,3.789102,3.2027622448979596,5.12865918367347,-0.5863397551020406,1.9258969387755105,adjacent_specific,0.15
CCL20,,1.185733673469386,0.20317721808012484,5.835957813940443,4.947458586273764e-08,2.81529024156164e-07,adjacent_normal_vs_healthy,up,unique_gene_symbol,processed_matrix_welch_t,0.8367346938775511,7.515699999999999,8.701433673469385,9.853213265306117,1.185733673469386,1.151779591836732,monotonic_up,0.15
RAB12,,0.5664030204081651,0.09575603460776827,5.915063449820585,5.042736949934138e-08,2.862662836217829e-07,adjacent_normal_vs_healthy,up,unique_gene_symbol,processed_matrix_welch_t,0.9693877551020408,4.228447999999999,4.7948510204081645,4.462031632653061,0.5664030204081651,-0.33281938775510334,non_monotonic,0.15
DNAJB9,,-0.5432964081632665,0.09227261625923121,-5.88794845305921,5.0864125442436015e-08,2.885735841549409e-07,adjacent_normal_vs_healthy,down,unique_gene_symbol,processed_matrix_welch_t,0.8775510204081632,4.920525999999999,4.377229591836732,4.60525918367347,-0.5432964081632665,0.2280295918367381,non_monotonic,0.15
SAMSN1,,-0.521938877551019,0.0906557890668286,-5.757369528450765,5.396266763994148e-08,3.047906235136416e-07,adjacent_normal_vs_healthy,down,unique_gene_symbol,processed_matrix_welch_t,0.7653061224489796,6.63132,6.109381122448981,5.730533673469388,-0.521938877551019,-0.37884744897959255,monotonic_down,0.15
CYP2C18,,-1.037592816326537,0.17941112969367048,-5.783324691718625,5.406216507616771e-08,3.051715455233422e-07,adjacent_normal_vs_healthy,down,unique_gene_symbol,processed_matrix_welch_t,0.8469387755102041,6.951152000000003,5.913559183673466,4.190909183673471,-1.037592816326537,-1.7226499999999954,monotonic_down,0.15
IFI35,,0.5012210816326537,0.08739341526960076,5.735227077308194,5.460113881777476e-08,3.0784888453965985e-07,adjacent_normal_vs_healthy,up,unique_gene_symbol,processed_matrix_welch_t,0.7346938775510204,7.2423579999999985,7.743579081632652,7.0911545918367365,0.5012210816326537,-0.6524244897959157,adjacent_specific,0.15
FCN1,,0.773110653061222,0.13428174878064197,5.757377008279426,5.5063087943825036e-08,3.1008612672298986e-07,adjacent_normal_vs_healthy,up,unique_gene_symbol,processed_matrix_welch_t,0.7959183673469388,2.6375720000000005,3.4106826530612224,2.8830714285714287,0.773110653061222,-0.5276112244897937,adjacent_specific,0.15
PI3,,1.3259123265306112,0.22698740625236888,5.841347537389087,5.843976074673177e-08,3.2755167636672734e-07,adjacent_normal_vs_healthy,up,unique_gene_symbol,processed_matrix_welch_t,0.9081632653061225,7.2782540000000004,8.604166326530612,8.389093877551021,1.3259123265306112,-0.21507244897959055,non_monotonic,0.15
FAM13A,,-0.5949393061224519,0.09904210829573176,-6.006932973862098,6.26411930230623e-08,3.49249872667381e-07,adjacent_normal_vs_healthy,down,unique_gene_symbol,processed_matrix_welch_t,0.9183673469387755,4.931224000000002,4.33628469387755,4.0642367346938775,-0.5949393061224519,-0.27204795918367264,monotonic_down,0.15
CAB39L,,0.5105566122448986,0.08975576507016388,5.68828767540209,6.775809006317743e-08,3.75469742375698e-07,adjacent_normal_vs_healthy,up,unique_gene_symbol,processed_matrix_welch_t,0.8469387755102041,3.6473240000000002,4.157880612244899,4.8375612244897965,0.5105566122448986,0.6796806122448977,monotonic_up,0.15
MUC1,,0.6754000816326489,0.1180066068817901,5.723409048691761,6.929444070243589e-08,3.83759787950663e-07,adjacent_normal_vs_healthy,up,unique_gene_symbol,processed_matrix_welch_t,0.8673469387755102,7.553804000000001,8.22920408163265,7.017827551020408,0.6754000816326489,-1.2113765306122426,adjacent_specific,0.15
HOXB8,,-0.6846051428571425,0.11666112840032213,-5.868322655922914,7.042897552512218e-08,3.894765303509516e-07,adjacent_normal_vs_healthy,down,unique_gene_symbol,processed_matrix_welch_t,0.8571428571428571,5.6075479999999995,4.922942857142857,6.719968367346939,-0.6846051428571425,1.7970255102040822,adjacent_specific,0.15
HLA-DMB,,-0.7518217959183628,0.13077677107982438,-5.748894010079672,7.170815853524527e-08,3.9595571232461915e-07,adjacent_normal_vs_healthy,down,unique_gene_symbol,processed_matrix_welch_t,0.8367346938775511,5.673931999999997,4.922110204081634,4.912934693877551,-0.7518217959183628,-0.00917551020408336,field_shift_then_plateau,0.15
SLC16A1,,-0.8416044693877538,0.14369535888600693,-5.856866052684388,7.193030569775202e-08,3.9697188999570974e-07,adjacent_normal_vs_healthy,down,unique_gene_symbol,processed_matrix_welch_t,0.9183673469387755,8.248080999999999,7.406476530612245,6.556762244897956,-0.8416044693877538,-0.8497142857142892,monotonic_down,0.15
NOV,,0.5343265306122476,0.09117456449387658,5.860478013559733,7.438821423029482e-08,4.101800170706092e-07,adjacent_normal_vs_healthy,up,unique_gene_symbol,processed_matrix_welch_t,0.8979591836734694,4.561549999999999,5.095876530612246,4.328525510204081,0.5343265306122476,-0.7673510204081655,adjacent_specific,0.15
AGMAT,,-0.5295839999999998,0.09351610964318238,-5.6630242855553625,7.646516805018532e-08,4.2077942187154005e-07,adjacent_normal_vs_healthy,down,unique_gene_symbol,processed_matrix_welch_t,0.7755102040816326,6.672933999999999,6.143349999999999,6.892197959183675,-0.5295839999999998,0.7488479591836761,adjacent_specific,0.15
NCS1,,0.649008857142856,0.11246894419601706,5.770560591479615,7.743161945281047e-08,4.257285689810891e-07,adjacent_normal_vs_healthy,up,unique_gene_symbol,processed_matrix_welch_t,0.7755102040816326,3.048509,3.697517857142856,3.6624081632653067,0.649008857142856,-0.035109693877549475,field_shift_then_plateau,0.15
C15orf5,,0.7961149795918372,0.13748449115230935,5.790580253229274,7.81320335000409e-08,4.2920770855186924e-07,adjacent_normal_vs_healthy,up,unique_gene_symbol,processed_matrix_welch_t,0.8877551020408163,4.104233999999999,4.900348979591836,3.8712540816326526,0.7961149795918372,-1.0290948979591836,adjacent_specific,0.15
STMN2,,0.6997361020408137,0.1237191091944872,5.655844974932888,8.134378487920188e-08,4.4582201039148067e-07,adjacent_normal_vs_healthy,up,unique_gene_symbol,processed_matrix_welch_t,0.7857142857142857,5.982219,6.681955102040813,3.649820408163265,0.6997361020408137,-3.0321346938775484,adjacent_specific,0.15
ADORA3,,-0.5241653469387768,0.08909332658621522,-5.883328943066733,8.162649490037136e-08,4.4724272313757435e-07,adjacent_normal_vs_healthy,down,unique_gene_symbol,processed_matrix_welch_t,0.8673469387755102,4.051048000000001,3.526882653061224,3.0650556122448975,-0.5241653469387768,-0.4618270408163263,monotonic_down,0.15
TMEM71,,0.5415421632653059,0.09584981898717562,5.649902827023204,8.40459677408748e-08,4.5996988381323835e-07,adjacent_normal_vs_healthy,up,unique_gene_symbol,processed_matrix_welch_t,0.7959183673469388,3.286665999999999,3.828208163265305,3.736001020408164,0.5415421632653059,-0.09220714285714093,field_shift_then_plateau,0.15
QSOX1,,0.5360921224489834,0.09362851092985507,5.725735858926719,9.188968707160607e-08,4.993092585169463e-07,adjacent_normal_vs_healthy,up,unique_gene_symbol,processed_matrix_welch_t,0.8673469387755102,7.292413999999996,7.82850612244898,7.178999999999998,0.5360921224489834,-0.6495061224489822,adjacent_specific,0.15
POF1B,,-0.58403093877551,0.10253473332659806,-5.695932683759263,9.330495878628326e-08,5.06421441074924e-07,adjacent_normal_vs_healthy,down,unique_gene_symbol,processed_matrix_welch_t,0.8061224489795918,5.197234,4.61320306122449,4.9466112244897955,-0.58403093877551,0.33340816326530565,non_monotonic,0.15
SLC40A1,,-0.5073855918367389,0.08970420859349698,-5.656207214713907,9.534252154011956e-08,5.163030745517282e-07,adjacent_normal_vs_healthy,down,unique_gene_symbol,processed_matrix_welch_t,0.7959183673469388,9.468306000000002,8.960920408163263,8.916426530612249,-0.5073855918367389,-0.044493877551014194,field_shift_then_plateau,0.15
LOC401093,,0.6070881632653058,0.10798882233861493,5.621768532318012,9.854144890609255e-08,5.330196554465915e-07,adjacent_normal_vs_healthy,up,unique_gene_symbol,processed_matrix_welch_t,0.7142857142857143,3.7695700000000003,4.376658163265306,3.182133673469387,0.6070881632653058,-1.1945244897959193,adjacent_specific,0.15
ARL4D,,0.6168177959183678,0.10837624153311895,5.69144848716564,9.871070017510062e-08,5.337835079051166e-07,adjacent_normal_vs_healthy,up,unique_gene_symbol,processed_matrix_welch_t,0.7244897959183674,4.024696999999999,4.641514795918367,3.8216107142857156,0.6168177959183678,-0.819904081632651,adjacent_specific,0.15
EDN1,,-0.5247830612244888,0.09349196847957217,-5.613135221761354,9.94232323011309e-08,5.373313491381017e-07,adjacent_normal_vs_healthy,down,unique_gene_symbol,processed_matrix_welch_t,0.826530612244898,7.871104999999999,7.34632193877551,6.714497959183674,-0.5247830612244888,-0.6318239795918359,monotonic_down,0.15
NETO2,,-1.1708223265306108,0.2066358117289196,-5.666115262085275,1.0010748236605753e-07,5.407224012055986e-07,adjacent_normal_vs_healthy,down,unique_gene_symbol,processed_matrix_welch_t,0.8367346938775511,6.802780999999998,5.631958673469387,5.459255612244895,-1.1708223265306108,-0.17270306122449153,monotonic_down,0.15
HHLA2,,-0.6090092653061197,0.10859364104567848,-5.608148501531024,1.070007964315998e-07,5.748575519350056e-07,adjacent_normal_vs_healthy,down,unique_gene_symbol,processed_matrix_welch_t,0.8061224489795918,8.301995999999997,7.692986734693878,4.528813775510204,-0.6090092653061197,-3.1641729591836736,monotonic_down,0.15
KRT12,,-0.7012735102040812,0.12304968522530546,-5.699108526121306,1.0891384316708277e-07,5.838174476073355e-07,adjacent_normal_vs_healthy,down,unique_gene_symbol,processed_matrix_welch_t,0.8469387755102041,4.319548000000001,3.61827448979592,2.4736367346938777,-0.7012735102040812,-1.1446377551020421,monotonic_down,0.15
GALNT5,,0.5021156734693855,0.08903313724058626,5.639649337668101,1.1297298387656263e-07,6.04724659266166e-07,adjacent_normal_vs_healthy,up,unique_gene_symbol,processed_matrix_welch_t,0.826530612244898,3.865143000000001,4.367258673469387,4.447021428571427,0.5021156734693855,0.07976275510204012,field_shift_then_plateau,0.15
CENPH,,-0.5244373061224481,0.09413210632794876,-5.571290461676809,1.2329719188608834e-07,6.566653240590551e-07,adjacent_normal_vs_healthy,down,unique_gene_symbol,processed_matrix_welch_t,0.7653061224489796,4.250272,3.7258346938775517,5.510421428571431,-0.5244373061224481,1.784586734693879,adjacent_specific,0.15
CD2AP,,-0.5573095918367343,0.09996729828910648,-5.5749190122652825,1.3179178430365496e-07,6.991684516972947e-07,adjacent_normal_vs_healthy,down,unique_gene_symbol,processed_matrix_welch_t,0.8367346938775511,6.89933,6.342020408163266,5.6685561224489796,-0.5573095918367343,-0.6734642857142861,monotonic_down,0.15
CD163L1,,-0.6437281632653038,0.11405474883114307,-5.644027713553049,1.3332084004996767e-07,7.068863254111347e-07,adjacent_normal_vs_healthy,down,unique_gene_symbol,processed_matrix_welch_t,0.8979591836734694,4.69952,4.055791836734696,3.387667346938776,-0.6437281632653038,-0.66812448979592,monotonic_down,0.15
SAMD9,,0.6539645306122477,0.11781220433998282,5.550906497980759,1.3686789133407226e-07,7.23477137979105e-07,adjacent_normal_vs_healthy,up,unique_gene_symbol,processed_matrix_welch_t,0.8163265306122449,8.437662,9.091626530612247,6.902411224489795,0.6539645306122477,-2.1892153061224526,adjacent_specific,0.15
LAMP3,,0.5331772040816296,0.09628542252539123,5.537465486439825,1.4077178038240592e-07,7.428754707541599e-07,adjacent_normal_vs_healthy,up,unique_gene_symbol,processed_matrix_welch_t,0.8163265306122449,3.7409830000000013,4.274160204081631,4.644535204081633,0.5331772040816296,0.3703750000000019,monotonic_up,0.15
ANPEP,,-0.9507331020408145,0.17125678154348262,-5.551506302244857,1.4090670847986453e-07,7.433814711711334e-07,adjacent_normal_vs_healthy,down,unique_gene_symbol,processed_matrix_welch_t,0.7448979591836735,10.357477999999999,9.406744897959184,5.039920918367347,-0.9507331020408145,-4.366823979591837,monotonic_down,0.15
LOC646627,,-0.6390707755102056,0.11501013479852379,-5.55664747832648,1.430879512747303e-07,7.538446575182249e-07,adjacent_normal_vs_healthy,down,unique_gene_symbol,processed_matrix_welch_t,0.7755102040816326,11.487232,10.848161224489795,6.227267346938774,-0.6390707755102056,-4.620893877551021,monotonic_down,0.15
LRP12,,-0.5216987755102056,0.09024926487304762,-5.780642936472358,1.4327386994025431e-07,7.546153481777157e-07,adjacent_normal_vs_healthy,down,unique_gene_symbol,processed_matrix_welch_t,0.9081632653061225,4.20666,3.6849612244897947,3.632058163265304,-0.5216987755102056,-0.05290306122449051,field_shift_then_plateau,0.15
LIPA,,-0.5677373469387739,0.10184039143191208,-5.5747757737002495,1.4609142726504619e-07,7.67544363997373e-07,adjacent_normal_vs_healthy,down,unique_gene_symbol,processed_matrix_welch_t,0.7346938775510204,6.98382,6.416082653061226,6.970087244897959,-0.5677373469387739,0.5540045918367333,adjacent_specific,0.15
SLC22A18AS,,-0.5091991428571472,0.09216665412232536,-5.52476541224257,1.4765475293667983e-07,7.753299768103651e-07,adjacent_normal_vs_healthy,down,unique_gene_symbol,processed_matrix_welch_t,0.7448979591836735,8.002792000000001,7.493592857142854,5.177501020408164,-0.5091991428571472,-2.3160918367346897,monotonic_down,0.15
PLIN2,,-0.7476041020408193,0.13151924048796407,-5.684370585376335,1.493706891319429e-07,7.832602371446415e-07,adjacent_normal_vs_healthy,down,unique_gene_symbol,processed_matrix_welch_t,0.8469387755102041,7.6109240000000025,6.863319897959183,7.223370408163262,-0.7476041020408193,0.3600505102040792,non_monotonic,0.15
TM6SF2,,-0.5243881632653089,0.09446305458525485,-5.551251392067126,1.4952212462814114e-07,7.838384506937795e-07,adjacent_normal_vs_healthy,down,unique_gene_symbol,processed_matrix_welch_t,0.7857142857142857,4.699880000000001,4.175491836734692,3.1326316326530614,-0.5243881632653089,-1.0428602040816308,monotonic_down,0.15
B3GNT7,,0.7820644081632642,0.1406740286052365,5.559408626576806,1.5609491284950712e-07,8.156002032531876e-07,adjacent_normal_vs_healthy,up,unique_gene_symbol,processed_matrix_welch_t,0.8163265306122449,4.631506000000001,5.413570408163265,3.613414795918369,0.7820644081632642,-1.8001556122448958,adjacent_specific,0.15
DNAJB5,,0.5064835510204064,0.09118740257277026,5.554314924325402,1.942916874794898e-07,1.0027958063457538e-06,adjacent_normal_vs_healthy,up,unique_gene_symbol,processed_matrix_welch_t,0.8367346938775511,2.453694000000001,2.9601775510204074,2.5584081632653044,0.5064835510204064,-0.40176938775510296,non_monotonic,0.15
RNASE6,,-0.6054955510204065,0.1107475806663706,-5.467347885860139,2.0345273531067933e-07,1.0481984947098018e-06,adjacent_normal_vs_healthy,down,unique_gene_symbol,processed_matrix_welch_t,0.7857142857142857,6.997768,6.392272448979593,6.3874989795918395,-0.6054955510204065,-0.004773469387753693,field_shift_then_plateau,0.15
FBXL22,,0.5488420408163273,0.09980666516985826,5.499051990989458,2.0434853892726348e-07,1.0521352572133847e-06,adjacent_normal_vs_healthy,up,unique_gene_symbol,processed_matrix_welch_t,0.7551020408163265,3.6274599999999997,4.176302040816327,3.437663265306122,0.5488420408163273,-0.7386387755102048,adjacent_specific,0.15
USP2,,-0.8785768979591833,0.1598839933564344,-5.495089780504444,2.4440268931440016e-07,1.24423187287331e-06,adjacent_normal_vs_healthy,down,unique_gene_symbol,processed_matrix_welch_t,0.7857142857142857,5.176632000000001,4.298055102040817,2.576497959183673,-0.8785768979591833,-1.7215571428571441,monotonic_down,0.15
RARRES1,,-0.5633417959183671,0.10377152966174238,-5.428673912340479,2.487845762907698e-07,1.2645110337897109e-06,adjacent_normal_vs_healthy,down,unique_gene_symbol,processed_matrix_welch_t,0.7959183673469388,9.055402,8.492060204081634,7.047684693877548,-0.5633417959183671,-1.444375510204086,monotonic_down,0.15
APOBEC3B,,-0.7905998979591828,0.1460026674235531,-5.414968862628077,2.4897179737092615e-07,1.2651249057759364e-06,adjacent_normal_vs_healthy,down,unique_gene_symbol,processed_matrix_welch_t,0.7959183673469388,8.983604999999999,8.193005102040816,6.635053061224486,-0.7905998979591828,-1.55795204081633,monotonic_down,0.15
APOBEC3C,,0.5581040000000002,0.1008032525054842,5.536567383772032,2.5331091111226734e-07,1.2854583548980732e-06,adjacent_normal_vs_healthy,up,unique_gene_symbol,processed_matrix_welch_t,0.8775510204081632,4.904546,5.46265,5.118747959183673,0.5581040000000002,-0.34390204081632714,non_monotonic,0.15
RTP4,,0.5925306122448983,0.10964285323644331,5.404188186959292,2.67636550988767e-07,1.3531067261885617e-06,adjacent_normal_vs_healthy,up,unique_gene_symbol,processed_matrix_welch_t,0.7346938775510204,4.8134999999999994,5.406030612244898,4.423064285714286,0.5925306122448983,-0.9829663265306117,adjacent_specific,0.15
QPCT,,-0.5693870204081586,0.10553593546083195,-5.395195654654313,2.7127328844609475e-07,1.3700380403219216e-06,adjacent_normal_vs_healthy,down,unique_gene_symbol,processed_matrix_welch_t,0.7959183673469388,6.053710999999998,5.4843239795918395,7.235334183673468,-0.5693870204081586,1.7510102040816289,adjacent_specific,0.15
NUSAP1,,-0.5810297959183712,0.10784675966202101,-5.387549869270527,2.801673834641682e-07,1.409721718064948e-06,adjacent_normal_vs_healthy,down,unique_gene_symbol,processed_matrix_welch_t,0.7653061224489796,6.1404900000000024,5.559460204081631,7.080721428571431,-0.5810297959183712,1.5212612244898,adjacent_specific,0.15
BTG2,,0.5725398979591869,0.10698256291765662,5.351712301002408,3.30284530009109e-07,1.639795945599331e-06,adjacent_normal_vs_healthy,up,unique_gene_symbol,processed_matrix_welch_t,0.7653061224489796,5.686454999999999,6.258994897959186,6.28589744897959,0.5725398979591869,0.026902551020404175,field_shift_then_plateau,0.15
ASB2,,0.6637446938775513,0.1232199618805013,5.386665307697878,3.3076299343265737e-07,1.6417433250672045e-06,adjacent_normal_vs_healthy,up,unique_gene_symbol,processed_matrix_welch_t,0.7244897959183674,3.9629899999999996,4.626734693877551,3.438345918367346,0.6637446938775513,-1.1883887755102047,adjacent_specific,0.15
TMEM20,,-0.5034055918367386,0.0933204261254547,-5.39437733771156,3.481693936951382e-07,1.7223032621344326e-06,adjacent_normal_vs_healthy,down,unique_gene_symbol,processed_matrix_welch_t,0.8061224489795918,6.3813260000000005,5.877920408163262,4.698985204081634,-0.5034055918367386,-1.178935204081628,monotonic_down,0.15
CHI3L1,,0.5388491020408162,0.1006350623742674,5.354486690104154,3.54083665165928e-07,1.7501954789094676e-06,adjacent_normal_vs_healthy,up,unique_gene_symbol,processed_matrix_welch_t,0.8163265306122449,2.819405999999999,3.358255102040815,6.45435918367347,0.5388491020408162,3.0961040816326553,monotonic_up,0.15
UBE2T,,-0.5046463265306107,0.0945571648212219,-5.336944349851643,3.5674234254382154e-07,1.7619647735497697e-06,adjacent_normal_vs_healthy,down,unique_gene_symbol,processed_matrix_welch_t,0.7346938775510204,7.30803,6.803383673469389,8.455046938775514,-0.5046463265306107,1.6516632653061247,adjacent_specific,0.15
DNAJC22,,-0.5077057142857173,0.09525744215815257,-5.3298272847048676,3.7115909006808216e-07,1.8246499031490536e-06,adjacent_normal_vs_healthy,down,unique_gene_symbol,processed_matrix_welch_t,0.8877551020408163,7.03277,6.525064285714283,5.9838408163265315,-0.5077057142857173,-0.5412234693877513,monotonic_down,0.15
KRTAP13-2,,0.9454493469387746,0.17770171959496506,5.320428801104086,3.818273426368845e-07,1.8727441019593718e-06,adjacent_normal_vs_healthy,up,unique_gene_symbol,processed_matrix_welch_t,0.7857142857142857,2.4186180000000004,3.364067346938775,2.16197857142857,0.9454493469387746,-1.2020887755102048,adjacent_specific,0.15
PAPSS2,,-0.5058900816326499,0.09506838294508053,-5.321328352927749,3.847645835363263e-07,1.8856930940879414e-06,adjacent_normal_vs_healthy,down,unique_gene_symbol,processed_matrix_welch_t,0.7857142857142857,9.882911,9.37702091836735,7.293161224489795,-0.5058900816326499,-2.083859693877555,monotonic_down,0.15
C11orf53,,-0.6332285306122483,0.11484428563040099,-5.5138009447866105,3.9173623596829936e-07,1.9159152152161365e-06,adjacent_normal_vs_healthy,down,unique_gene_symbol,processed_matrix_welch_t,0.8673469387755102,4.381702000000001,3.7484734693877524,3.7371653061224492,-0.6332285306122483,-0.01130816326530315,field_shift_then_plateau,0.15
DDX58,,0.8225186122449015,0.1531296949690684,5.371385428613615,3.9410357878513424e-07,1.926503758682659e-06,adjacent_normal_vs_healthy,up,unique_gene_symbol,processed_matrix_welch_t,0.7857142857142857,5.728161999999998,6.5506806122449,5.091308163265307,0.8225186122449015,-1.4593724489795932,adjacent_specific,0.15
GOLGA8A,,0.5407714693877574,0.10007263727411017,5.403789528465446,4.360360797593036e-07,2.1189706377277034e-06,adjacent_normal_vs_healthy,up,unique_gene_symbol,processed_matrix_welch_t,0.8775510204081632,4.0488019999999985,4.589573469387756,4.140876020408161,0.5407714693877574,-0.44869744897959496,non_monotonic,0.15
SGK2,,-0.6085326938775468,0.11569550564877794,-5.259778160483579,5.142058792768246e-07,2.4742178269979124e-06,adjacent_normal_vs_healthy,down,unique_gene_symbol,processed_matrix_welch_t,0.7448979591836735,6.814722999999999,6.206190306122452,4.064137755102041,-0.6085326938775468,-2.142052551020411,monotonic_down,0.15
CD14,,0.5660032244897968,0.10522960546970021,5.378745097098854,5.19207916173425e-07,2.4963936171570733e-06,adjacent_normal_vs_healthy,up,unique_gene_symbol,processed_matrix_welch_t,0.8367346938775511,6.872458000000002,7.4384612244897985,6.460080612244901,0.5660032244897968,-0.9783806122448979,adjacent_specific,0.15
RHOF,,-0.5745750612244862,0.10922610174513714,-5.260419002823809,5.476033228062336e-07,2.6223257711847805e-06,adjacent_normal_vs_healthy,down,unique_gene_symbol,processed_matrix_welch_t,0.8163265306122449,6.3334719999999995,5.758896938775513,4.320660204081633,-0.5745750612244862,-1.4382367346938807,monotonic_down,0.15
OTC,,-0.8424136326530594,0.15771057650660375,-5.341516411347246,5.873847994813096e-07,2.7987503959269606e-06,adjacent_normal_vs_healthy,down,unique_gene_symbol,processed_matrix_welch_t,0.8571428571428571,5.222231999999999,4.37981836734694,3.0035367346938773,-0.8424136326530594,-1.3762816326530625,monotonic_down,0.15
GRP,,0.5918801632653072,0.11126433352747789,5.319585751341747,6.130658200631325e-07,2.910916013466844e-06,adjacent_normal_vs_healthy,up,unique_gene_symbol,processed_matrix_welch_t,0.8163265306122449,2.0927279999999997,2.684608163265307,3.9179724489795924,0.5918801632653072,1.2333642857142855,monotonic_up,0.15
CHP2,,-0.5704474897959191,0.10925241295934544,-5.221371998513128,6.193332230400644e-07,2.939941303087217e-06,adjacent_normal_vs_healthy,down,unique_gene_symbol,processed_matrix_welch_t,0.7857142857142857,10.224498000000002,9.654050510204083,5.3232035714285715,-0.5704474897959191,-4.330846938775512,monotonic_down,0.15
CBS,,-0.7726422448979595,0.14349351392063991,-5.384509890288663,7.214817909532919e-07,3.384334392646139e-06,adjacent_normal_vs_healthy,down,unique_gene_symbol,processed_matrix_welch_t,0.8775510204081632,4.180580000000001,3.4079377551020413,3.0331341836734698,-0.7726422448979595,-0.37480357142857157,monotonic_down,0.15
ANK3,,-0.5204202448979611,0.09933276844386818,-5.239159776283137,7.441436621752374e-07,3.483770673178392e-06,adjacent_normal_vs_healthy,down,unique_gene_symbol,processed_matrix_welch_t,0.7857142857142857,8.565483000000004,8.045062755102043,6.4773117346938776,-0.5204202448979611,-1.5677510204081653,monotonic_down,0.15
LOC728264,,0.5045607755102024,0.09723949006328353,5.1888463748815825,7.593534137580885e-07,3.5479973001114125e-06,adjacent_normal_vs_healthy,up,unique_gene_symbol,processed_matrix_welch_t,0.8367346938775511,2.658278000000001,3.1628387755102034,2.6907479591836743,0.5045607755102024,-0.47209081632652916,non_monotonic,0.15
RAB6B,,-0.6162346938775514,0.11581176449197403,-5.321002547372961,8.197620030803317e-07,3.804111269473438e-06,adjacent_normal_vs_healthy,down,unique_gene_symbol,processed_matrix_welch_t,0.8367346938775511,4.1024,3.486165306122449,3.0186591836734706,-0.6162346938775514,-0.46750612244897827,monotonic_down,0.15
BEND5,,0.5129955510204058,0.09937616837891435,5.1621586884331245,8.428898759231556e-07,3.902875300967141e-06,adjacent_normal_vs_healthy,up,unique_gene_symbol,processed_matrix_welch_t,0.7040816326530612,2.785532,3.2985275510204057,2.413306122448979,0.5129955510204058,-0.8852214285714268,adjacent_specific,0.15
PRAC,,2.542133959183674,0.4905212754337175,5.182515186392123,8.587433201657811e-07,3.972418079678443e-06,adjacent_normal_vs_healthy,up,unique_gene_symbol,processed_matrix_welch_t,0.7244897959183674,3.287664000000001,5.829797959183675,4.212126530612245,2.542133959183674,-1.6176714285714295,adjacent_specific,0.15
SVOPL,,-0.7775648979591847,0.14718107421097376,-5.2830494826026335,9.220013422892899e-07,4.2464696558268215e-06,adjacent_normal_vs_healthy,down,unique_gene_symbol,processed_matrix_welch_t,0.8163265306122449,3.7614700000000014,2.9839051020408167,2.261720408163265,-0.7775648979591847,-0.7221846938775518,monotonic_down,0.15
HPGDS,,-0.6679355306122465,0.12492307380918648,-5.346774700985051,9.405678120797357e-07,4.326748282676533e-06,adjacent_normal_vs_healthy,down,unique_gene_symbol,processed_matrix_welch_t,0.8571428571428571,4.9260340000000005,4.258098469387754,2.7471428571428564,-0.6679355306122465,-1.5109556122448975,monotonic_down,0.15
OSTalpha,,-0.7683585918367353,0.14889680611657097,-5.1603430045046705,9.68353610687784e-07,4.436345704402167e-06,adjacent_normal_vs_healthy,down,unique_gene_symbol,processed_matrix_welch_t,0.7959183673469388,5.053054,4.284695408163265,3.028123979591835,-0.7683585918367353,-1.25657142857143,monotonic_down,0.15
SGEF,,0.556609183673471,0.10704248580423902,5.199890300486917,9.754908002774144e-07,4.467968447746444e-06,adjacent_normal_vs_healthy,up,unique_gene_symbol,processed_matrix_welch_t,0.7346938775510204,3.03705,3.593659183673471,3.080276530612248,0.556609183673471,-0.5133826530612229,adjacent_specific,0.15
CXCL3,,0.5824498367346931,0.11400066955186741,5.10917908661662,1.011390540379104e-06,4.615742063475105e-06,adjacent_normal_vs_healthy,up,unique_gene_symbol,processed_matrix_welch_t,0.7857142857142857,3.5170169999999996,4.099466836734693,7.291461224489797,0.5824498367346931,3.1919943877551047,monotonic_up,0.15
AGR3,,-0.565269469387756,0.11025455233759328,-5.126949022993014,1.0171827200522526e-06,4.639951842308311e-06,adjacent_normal_vs_healthy,down,unique_gene_symbol,processed_matrix_welch_t,0.7448979591836735,10.221546,9.656276530612244,7.188825510204077,-0.565269469387756,-2.467451020408167,monotonic_down,0.15
SDCBP2,,-0.5573878367346925,0.10888101489971896,-5.119238071467786,1.0195913885161868e-06,4.649825158646275e-06,adjacent_normal_vs_healthy,down,unique_gene_symbol,processed_matrix_welch_t,0.7346938775510204,9.094695999999999,8.537308163265307,5.481344897959184,-0.5573878367346925,-3.055963265306122,monotonic_down,0.15
SCGB2A1,,-0.8998402857142898,0.17591308831992258,-5.115254892676343,1.0727053913074322e-06,4.869888090246426e-06,adjacent_normal_vs_healthy,down,unique_gene_symbol,processed_matrix_welch_t,0.7244897959183674,7.113626000000002,6.213785714285712,3.7131622448979607,-0.8998402857142898,-2.5006234693877514,monotonic_down,0.15
DPP6,,0.5311794897959183,0.10285288663151951,5.164458744837377,1.2389573114315173e-06,5.558375874094272e-06,adjacent_normal_vs_healthy,up,unique_gene_symbol,processed_matrix_welch_t,0.7448979591836735,2.27452,2.805699489795918,2.237320918367347,0.5311794897959183,-0.5683785714285712,adjacent_specific,0.15
CDHR2,,-0.5759310612244937,0.11376793503949248,-5.0623320272497665,1.260810566385037e-06,5.651090674192821e-06,adjacent_normal_vs_healthy,down,unique_gene_symbol,processed_matrix_welch_t,0.7551020408163265,7.394428000000002,6.8184969387755086,4.421924489795919,-0.5759310612244937,-2.3965724489795894,monotonic_down,0.15
SLC25A33,,-0.5524412653061175,0.10536754841995453,-5.242992492378194,1.3136759928364518e-06,5.8667487298208284e-06,adjacent_normal_vs_healthy,down,unique_gene_symbol,processed_matrix_welch_t,0.9081632653061225,8.181127999999996,7.628686734693878,7.59993775510204,-0.5524412653061175,-0.028748979591838086,field_shift_then_plateau,0.15
GDPD2,,-0.5840640408163287,0.11489285087408684,-5.083554254010243,1.3138559130228998e-06,5.8667487298208284e-06,adjacent_normal_vs_healthy,down,unique_gene_symbol,processed_matrix_welch_t,0.7551020408163265,4.954012000000001,4.369947959183673,2.530353061224491,-0.5840640408163287,-1.8395948979591816,monotonic_down,0.15
APOC1,,-0.7608877551020381,0.14963522357832804,-5.0849508351470725,1.321755049424438e-06,5.8951080208576475e-06,adjacent_normal_vs_healthy,down,unique_gene_symbol,processed_matrix_welch_t,0.826530612244898,7.275150000000002,6.514262244897964,7.778179591836734,-0.7608877551020381,1.2639173469387703,adjacent_specific,0.15
IL3RA,,0.5409670612244906,0.10605568002936189,5.1007834853797736,1.352330230075802e-06,6.018786250734752e-06,adjacent_normal_vs_healthy,up,unique_gene_symbol,processed_matrix_welch_t,0.8367346938775511,4.587935999999999,5.12890306122449,4.423191836734693,0.5409670612244906,-0.7057112244897965,adjacent_specific,0.15
DUSP21,,-0.635382408163264,0.11897829390860347,-5.340322064555329,1.3819303242516583e-06,6.136183156192065e-06,adjacent_normal_vs_healthy,down,unique_gene_symbol,processed_matrix_welch_t,0.9693877551020408,3.580361999999999,2.944979591836735,2.8063632653061212,-0.635382408163264,-0.13861632653061395,field_shift_then_plateau,0.15
AKR1B15,,-0.5927200000000017,0.11763968800261061,-5.038435667959679,1.389768767181646e-06,6.169549388467833e-06,adjacent_normal_vs_healthy,down,unique_gene_symbol,processed_matrix_welch_t,0.7653061224489796,7.63307,7.040349999999998,3.61473163265306,-0.5927200000000017,-3.4256183673469383,monotonic_down,0.15
HTR2B,,0.5713300816326541,0.11294311649388783,5.058564872021863,1.492259334896723e-06,6.584615929648577e-06,adjacent_normal_vs_healthy,up,unique_gene_symbol,processed_matrix_welch_t,0.7959183673469388,2.372523999999999,2.943854081632653,2.5056112244897957,0.5713300816326541,-0.4382428571428574,non_monotonic,0.15
C6orf105,,-0.5114632448979588,0.10210333435902275,-5.0092707364435,1.5593223932357395e-06,6.850368797233152e-06,adjacent_normal_vs_healthy,down,unique_gene_symbol,processed_matrix_welch_t,0.8775510204081632,9.367676,8.85621275510204,4.880088265306121,-0.5114632448979588,-3.97612448979592,monotonic_down,0.15
PNMA1,,0.5561044897959171,0.111374679007054,4.9930962293565475,1.695728535132471e-06,7.3967173674506874e-06,adjacent_normal_vs_healthy,up,unique_gene_symbol,processed_matrix_welch_t,0.7755102040816326,5.944169999999999,6.500274489795916,5.39690306122449,0.5561044897959171,-1.1033714285714256,adjacent_specific,0.15
ALDOB,,-1.2360825714285713,0.23685039111960748,-5.218832722148049,1.7095320637207669e-06,7.4552199938716e-06,adjacent_normal_vs_healthy,down,unique_gene_symbol,processed_matrix_welch_t,0.9183673469387755,4.7206790000000005,3.4845964285714293,4.238295918367348,-1.2360825714285713,0.753699489795919,adjacent_specific,0.15
KLK15,,-0.5443509795918389,0.10716353662497143,-5.079628731336525,1.7102698361974116e-06,7.456729489626453e-06,adjacent_normal_vs_healthy,down,unique_gene_symbol,processed_matrix_welch_t,0.7959183673469388,3.9296770000000003,3.3853260204081614,2.8477433673469394,-0.5443509795918389,-0.537582653061222,monotonic_down,0.15
GXYLT2,,-0.5353384489795934,0.1046039597995138,-5.117764662118285,1.7766434415048556e-06,7.72136295965589e-06,adjacent_normal_vs_healthy,down,unique_gene_symbol,processed_matrix_welch_t,0.7959183673469388,5.426016,4.890677551020406,4.797604081632653,-0.5353384489795934,-0.09307346938775307,field_shift_then_plateau,0.15
TMEM200A,,0.9461463265306103,0.1860931071412838,5.084263146900365,1.7791195011298198e-06,7.730359493727014e-06,adjacent_normal_vs_healthy,up,unique_gene_symbol,processed_matrix_welch_t,0.826530612244898,5.311095,6.25724132653061,5.993986224489794,0.9461463265306103,-0.2632551020408158,non_monotonic,0.15
DUOX2,,1.2077637551020417,0.2412308533773439,5.006671983259142,1.8415367767698427e-06,7.977897663184938e-06,adjacent_normal_vs_healthy,up,unique_gene_symbol,processed_matrix_welch_t,0.8367346938775511,3.307023999999999,4.514787755102041,5.49269693877551,1.2077637551020417,0.9779091836734697,monotonic_up,0.15
KCTD9,,-0.5325387755102042,0.10606228067754289,-5.021000605571189,1.978606172062566e-06,8.515520234193322e-06,adjacent_normal_vs_healthy,down,unique_gene_symbol,processed_matrix_welch_t,0.8061224489795918,5.3063,4.773761224489796,3.4311928571428565,-0.5325387755102042,-1.3425683673469395,monotonic_down,0.15
TOP2A,,-0.5312080408163302,0.10722496410240887,-4.95414519615956,1.995109403748014e-06,8.576853250702683e-06,adjacent_normal_vs_healthy,down,unique_gene_symbol,processed_matrix_welch_t,0.7142857142857143,7.204606000000001,6.673397959183671,8.581742857142856,-0.5312080408163302,1.9083448979591857,adjacent_specific,0.15
POPDC3,,-1.3117650612244889,0.2507304390881787,-5.231774275173497,2.142407645270176e-06,9.174863150234852e-06,adjacent_normal_vs_healthy,down,unique_gene_symbol,processed_matrix_welch_t,0.8673469387755102,4.257262,2.945496938775511,2.6405295918367355,-1.3117650612244889,-0.3049673469387755,monotonic_down,0.15
PLAC8,,-0.5052105714285737,0.10215977546404394,-4.945298373393422,2.376220155711981e-06,1.0078688296893767e-05,adjacent_normal_vs_healthy,down,unique_gene_symbol,processed_matrix_welch_t,0.8571428571428571,11.441982000000001,10.936771428571427,7.1382724489795955,-0.5052105714285737,-3.798498979591832,monotonic_down,0.15
IL18,,-0.5096296734693855,0.10369171559482189,-4.914854292321451,2.4721870593735305e-06,1.0453129382738623e-05,adjacent_normal_vs_healthy,down,unique_gene_symbol,processed_matrix_welch_t,0.8163265306122449,7.786095999999999,7.276466326530613,5.9610193877551,-0.5096296734693855,-1.315446938775513,monotonic_down,0.15
C1QC,,-0.7437155510204061,0.1518035201955107,-4.899198319397076,2.6332424538626097e-06,1.1087336647842567e-05,adjacent_normal_vs_healthy,down,unique_gene_symbol,processed_matrix_welch_t,0.7244897959183674,7.348387999999997,6.604672448979591,6.2427438775510184,-0.7437155510204061,-0.3619285714285727,monotonic_down,0.15
PLA2G12B,,-0.8364851020408159,0.16544398515627504,-5.056001892427149,2.6846046002284434e-06,1.1273681426632017e-05,adjacent_normal_vs_healthy,down,unique_gene_symbol,processed_matrix_welch_t,0.8163265306122449,4.561979999999999,3.7254948979591833,3.3538438775510198,-0.8364851020408159,-0.37165102040816356,monotonic_down,0.15
CENPK,,-0.5653540816326528,0.11527863189221686,-4.904240034365147,2.6908686717630974e-06,1.1297494930621692e-05,adjacent_normal_vs_healthy,down,unique_gene_symbol,processed_matrix_welch_t,0.7448979591836735,5.567250000000001,5.001895918367349,6.129815306122448,-0.5653540816326528,1.1279193877550995,adjacent_specific,0.15
BLVRA,,0.5278286122448996,0.1082767674651891,4.874809477615742,2.919138348881563e-06,1.2165346687825667e-05,adjacent_normal_vs_healthy,up,unique_gene_symbol,processed_matrix_welch_t,0.7142857142857143,5.817601999999999,6.345430612244899,6.597606122448978,0.5278286122448996,0.25217551020407925,monotonic_up,0.15
LGALS1,,0.680969265306123,0.14025703660294225,4.8551522390559185,3.0934782129027523e-06,1.2847297222573679e-05,adjacent_normal_vs_healthy,up,unique_gene_symbol,processed_matrix_welch_t,0.7551020408163265,8.695544,9.376513265306123,9.499348979591838,0.680969265306123,0.12283571428571527,field_shift_then_plateau,0.15
SPON1,,0.6630175510204079,0.1344668690751658,4.930713086282889,3.2715550156113923e-06,1.353256734678273e-05,adjacent_normal_vs_healthy,up,unique_gene_symbol,processed_matrix_welch_t,0.8571428571428571,5.278860000000001,5.941877551020409,3.909026020408163,0.6630175510204079,-2.0328515306122457,adjacent_specific,0.15
ITGA1,,0.5542673877551016,0.11480698173115189,4.8278195227974185,3.5048101756348047e-06,1.4397321627634667e-05,adjacent_normal_vs_healthy,up,unique_gene_symbol,processed_matrix_welch_t,0.7346938775510204,3.0052020000000006,3.5594693877551022,4.237362244897961,0.5542673877551016,0.6778928571428584,monotonic_up,0.15
HKDC1,,-0.562242857142853,0.11549899334444824,-4.867945952274213,3.507640210575834e-06,1.4402732285823566e-05,adjacent_normal_vs_healthy,down,unique_gene_symbol,processed_matrix_welch_t,0.7653061224489796,6.045799999999998,5.483557142857145,6.0104938775510215,-0.562242857142853,0.5269367346938765,adjacent_specific,0.15
GPR183,,0.5734607551020394,0.1194338310538865,4.8014934298080405,3.870063029571989e-06,1.5778586741552605e-05,adjacent_normal_vs_healthy,up,unique_gene_symbol,processed_matrix_welch_t,0.7346938775510204,4.694552000000001,5.26801275510204,4.63838163265306,0.5734607551020394,-0.6296311224489806,adjacent_specific,0.15
ADORA2B,,-0.6662911020408204,0.1381214423391782,-4.823951232746624,3.966503765541758e-06,1.613378160562168e-05,adjacent_normal_vs_healthy,down,unique_gene_symbol,processed_matrix_welch_t,0.7959183673469388,8.428686,7.76239489795918,7.22641224489796,-0.6662911020408204,-0.53598265306122,monotonic_down,0.15
PARP8,,0.5398093877551009,0.11176621336901518,4.829808324746838,4.077769452954058e-06,1.6547470243871538e-05,adjacent_normal_vs_healthy,up,unique_gene_symbol,processed_matrix_welch_t,0.8061224489795918,4.150359999999999,4.6901693877551,5.202759183673467,0.5398093877551009,0.512589795918367,monotonic_up,0.15
NR1H4,,-1.2460117142857108,0.2580511669627661,-4.8285451639344705,4.153277975323184e-06,1.6835940525900238e-05,adjacent_normal_vs_healthy,down,unique_gene_symbol,processed_matrix_welch_t,0.7857142857142857,6.527875999999997,5.281864285714287,3.1923051020408155,-1.2460117142857108,-2.089559183673471,monotonic_down,0.15
REG4,,-1.2461831428571424,0.25901001011479274,-4.811331972477961,4.455825771955151e-06,1.7947730632118906e-05,adjacent_normal_vs_healthy,down,unique_gene_symbol,processed_matrix_welch_t,0.7551020408163265,6.237476,4.991292857142858,5.4587173469387755,-1.2461831428571424,0.4674244897959179,non_monotonic,0.15
FAM55A,,-0.5860032653061262,0.12222350650255216,-4.794521791058989,4.526939658819059e-06,1.8191838561400354e-05,adjacent_normal_vs_healthy,down,unique_gene_symbol,processed_matrix_welch_t,0.9183673469387755,8.16529,7.579286734693874,4.897830612244899,-0.5860032653061262,-2.6814561224489752,monotonic_down,0.15
C4orf48,,-0.6504719183673409,0.13710153337002276,-4.744453999735983,5.570396147364876e-06,2.2031645751106616e-05,adjacent_normal_vs_healthy,down,unique_gene_symbol,processed_matrix_welch_t,0.8367346938775511,8.791825999999997,8.141354081632656,8.911937755102041,-0.6504719183673409,0.7705836734693854,adjacent_specific,0.15
C4orf31,,0.6816506122448995,0.13872857293535884,4.9135560023566125,6.056087767127136e-06,2.3804275616453483e-05,adjacent_normal_vs_healthy,up,unique_gene_symbol,processed_matrix_welch_t,0.9183673469387755,5.223630000000001,5.9052806122449,4.508724489795919,0.6816506122448995,-1.396556122448981,adjacent_specific,0.15
ST3GAL4,,1.1422231428571425,0.23915165105288058,4.776145754496912,6.295086324717103e-06,2.4667306775594497e-05,adjacent_normal_vs_healthy,up,unique_gene_symbol,processed_matrix_welch_t,0.7959183673469388,5.129383999999999,6.271607142857142,4.841729591836733,1.1422231428571425,-1.4298775510204083,adjacent_specific,0.15
GBP1,,0.5618507346938779,0.11899969477589808,4.721446855405497,7.001678069570528e-06,2.7239875448431316e-05,adjacent_normal_vs_healthy,up,unique_gene_symbol,processed_matrix_welch_t,0.8163265306122449,7.2490359999999985,7.810886734693876,7.57700612244898,0.5618507346938779,-0.23388061224489665,non_monotonic,0.15
GSTT1,,-1.0141846122448976,0.21721319236015388,-4.669074659900548,7.297970070272608e-06,2.8311603532597895e-05,adjacent_normal_vs_healthy,down,unique_gene_symbol,processed_matrix_welch_t,0.7448979591836735,7.429953999999999,6.415769387755101,5.929798979591839,-1.0141846122448976,-0.4859704081632623,monotonic_down,0.15
HLA-DQA1,,-0.9499580204081646,0.20198450252295552,-4.703123301750351,7.66323593211256e-06,2.965007359224205e-05,adjacent_normal_vs_healthy,down,unique_gene_symbol,processed_matrix_welch_t,0.826530612244898,6.235032,5.285073979591836,5.074191836734693,-0.9499580204081646,-0.2108821428571428,monotonic_down,0.15
KLF5,,-0.5026702857142862,0.10843490972566892,-4.635686855699877,7.844344498358207e-06,3.0326156192637614e-05,adjacent_normal_vs_healthy,down,unique_gene_symbol,processed_matrix_welch_t,0.9183673469387755,9.504206,9.001535714285714,8.758524489795919,-0.5026702857142862,-0.24301122448979484,monotonic_down,0.15
LOC100288152,,-0.8325308571428565,0.17472658902428753,-4.764763404310102,8.212061139990347e-06,3.16641644603921e-05,adjacent_normal_vs_healthy,down,unique_gene_symbol,processed_matrix_welch_t,0.8469387755102041,4.913638,4.081107142857143,4.997464285714285,-0.8325308571428565,0.9163571428571418,adjacent_specific,0.15
AKR1C1,,1.160050836734694,0.24541361560488892,4.726921258526882,9.509600591124381e-06,3.617638266833331e-05,adjacent_normal_vs_healthy,up,unique_gene_symbol,processed_matrix_welch_t,0.9489795918367347,4.375941,5.535991836734694,3.542123469387756,1.160050836734694,-1.9938683673469382,adjacent_specific,0.15
HOXB13,,1.4011627142857113,0.3037713731543555,4.612556804599681,1.0129748189696095e-05,3.8351641585168754e-05,adjacent_normal_vs_healthy,up,unique_gene_symbol,processed_matrix_welch_t,0.7142857142857143,3.621673,5.022835714285711,3.9536188775510195,1.4011627142857113,-1.0692168367346917,adjacent_specific,0.15
LOC643008,,-0.5262436326530615,0.11160490937684016,-4.715237309822731,1.0284242965157632e-05,3.8882443617275873e-05,adjacent_normal_vs_healthy,down,unique_gene_symbol,processed_matrix_welch_t,0.8469387755102041,5.105212,4.578968367346938,3.34581224489796,-0.5262436326530615,-1.2331561224489782,monotonic_down,0.15
SLC20A1,,-0.7218980816326539,0.15640079660152423,-4.615693125092552,1.0827746491039996e-05,4.079151032635566e-05,adjacent_normal_vs_healthy,down,unique_gene_symbol,processed_matrix_welch_t,0.7755102040816326,10.162694,9.440795918367346,8.3098081632653,-0.7218980816326539,-1.130987755102046,monotonic_down,0.15
CCL5,,-0.600192448979592,0.13190427629211285,-4.550212213366128,1.1349762608785736e-05,4.257278961215138e-05,adjacent_normal_vs_healthy,down,unique_gene_symbol,processed_matrix_welch_t,0.7040816326530612,8.051420000000002,7.45122755102041,6.106801020408163,-0.600192448979592,-1.344426530612247,monotonic_down,0.15
AZGP1,,-0.5102703265306117,0.11122668189280194,-4.587661142516146,1.166724733639722e-05,4.367762274577331e-05,adjacent_normal_vs_healthy,down,unique_gene_symbol,processed_matrix_welch_t,0.7653061224489796,5.323504000000001,4.813233673469389,7.617969387755105,-0.5102703265306117,2.804735714285716,adjacent_specific,0.15
ETV7,,0.510962938775509,0.11245685455226719,4.543635341837042,1.17116533762432e-05,4.382662741424343e-05,adjacent_normal_vs_healthy,up,unique_gene_symbol,processed_matrix_welch_t,0.7448979591836735,3.914734,4.425696938775509,4.628429591836734,0.510962938775509,0.2027326530612248,monotonic_up,0.15
ST6GAL2,,0.6116762653061225,0.13407484987010368,4.562199889828224,1.2614626496702608e-05,4.690148183894116e-05,adjacent_normal_vs_healthy,up,unique_gene_symbol,processed_matrix_welch_t,0.826530612244898,2.710212,3.3218882653061224,3.040777551020409,0.6116762653061225,-0.2811107142857132,non_monotonic,0.15
PEPD,,-0.533327510204078,0.11440417836576423,-4.661783492723179,1.2690827685819055e-05,4.712958048332257e-05,adjacent_normal_vs_healthy,down,unique_gene_symbol,processed_matrix_welch_t,0.7755102040816326,7.845101999999996,7.311774489795918,7.569131632653062,-0.533327510204078,0.25735714285714373,non_monotonic,0.15
CAPN9,,-0.5909727755102079,0.1321655692789887,-4.471457874650558,1.6750887235478466e-05,6.069208239077259e-05,adjacent_normal_vs_healthy,down,unique_gene_symbol,processed_matrix_welch_t,0.7448979591836735,5.2464840000000015,4.655511224489794,3.324016326530612,-0.5909727755102079,-1.3314948979591814,monotonic_down,0.15
RBP2,,-0.6952071836734706,0.1511050533224872,-4.600820213403221,1.677389818273446e-05,6.0763892960286166e-05,adjacent_normal_vs_healthy,down,unique_gene_symbol,processed_matrix_welch_t,0.7755102040816326,4.002348000000001,3.307140816326531,3.992239795918368,-0.6952071836734706,0.6850989795918374,adjacent_specific,0.15
LYZ,,-0.747677183673467,0.16601998396452639,-4.50353725990736,1.6878014007891814e-05,6.110617735505993e-05,adjacent_normal_vs_healthy,down,unique_gene_symbol,processed_matrix_welch_t,0.7959183673469388,9.205867999999997,8.45819081632653,9.277445918367345,-0.747677183673467,0.819255102040815,adjacent_specific,0.15
IL17RB,,-0.5122414285714321,0.11443891091877077,-4.476112403193205,1.763014606657608e-05,6.351522821336017e-05,adjacent_normal_vs_healthy,down,unique_gene_symbol,processed_matrix_welch_t,0.8163265306122449,6.95687,6.444628571428568,7.087322448979591,-0.5122414285714321,0.6426938775510225,adjacent_specific,0.15
NBLA00301,,0.63937142857143,0.14281641031053452,4.476876482059767,1.8927634748556664e-05,6.76774019929613e-05,adjacent_normal_vs_healthy,up,unique_gene_symbol,processed_matrix_welch_t,0.7040816326530612,2.336499999999999,2.975871428571429,2.184926530612245,0.63937142857143,-0.790944897959184,adjacent_specific,0.15
LEAP2,,-0.7469814081632622,0.165385702461704,-4.516602082554446,1.9443710877019657e-05,6.933953828338512e-05,adjacent_normal_vs_healthy,down,unique_gene_symbol,processed_matrix_welch_t,0.7244897959183674,5.617985999999998,4.871004591836736,3.7152234693877553,-0.7469814081632622,-1.155781122448981,monotonic_down,0.15
SLC37A2,,-1.4204089387755094,0.307231456116494,-4.623253610583833,2.001990996937395e-05,7.11611509495174e-05,adjacent_normal_vs_healthy,down,unique_gene_symbol,processed_matrix_welch_t,0.8367346938775511,4.570836999999999,3.1504280612244897,2.7825831632653073,-1.4204089387755094,-0.3678448979591824,monotonic_down,0.15
CCDC58,,-0.5290367346938787,0.11771395865651332,-4.494256592266988,2.0669900520430507e-05,7.32740469016937e-05,adjacent_normal_vs_healthy,down,unique_gene_symbol,processed_matrix_welch_t,0.8367346938775511,5.8233000000000015,5.294263265306123,5.817981632653062,-0.5290367346938787,0.5237183673469392,adjacent_specific,0.15
POSTN,,0.5512460408163236,0.1229646009639259,4.482965312741042,2.0747287099383726e-05,7.350732161746672e-05,adjacent_normal_vs_healthy,up,unique_gene_symbol,processed_matrix_welch_t,0.7755102040816326,7.382406000000002,7.933652040816326,8.375915306122451,0.5512460408163236,0.44226326530612514,monotonic_up,0.15
EGLN3,,-0.5622020408163317,0.1277617862577503,-4.400392772234173,2.1536049892762073e-05,7.596265097409965e-05,adjacent_normal_vs_healthy,down,unique_gene_symbol,processed_matrix_welch_t,0.8061224489795918,7.481950000000003,6.919747959183671,4.911984693877552,-0.5622020408163317,-2.007763265306119,monotonic_down,0.15
FUT2,,-0.5203575918367385,0.11844717335501484,-4.393161753865589,2.154718413087767e-05,7.598784698127631e-05,adjacent_normal_vs_healthy,down,unique_gene_symbol,processed_matrix_welch_t,0.7959183673469388,7.071478000000002,6.551120408163263,6.063258673469389,-0.5203575918367385,-0.4878617346938743,monotonic_down,0.15
GULP1,,-0.5652566938775498,0.12698757240946482,-4.451275689048603,2.39222448647403e-05,8.35282490784257e-05,adjacent_normal_vs_healthy,down,unique_gene_symbol,processed_matrix_welch_t,0.7551020408163265,6.352572,5.7873153061224505,4.863431632653062,-0.5652566938775498,-0.9238836734693887,monotonic_down,0.15
CKB,,0.5318565306122451,0.12267737836620322,4.335408350711609,2.8041152434885394e-05,9.656421457048614e-05,adjacent_normal_vs_healthy,up,unique_gene_symbol,processed_matrix_welch_t,0.7653061224489796,10.603970000000002,11.135826530612247,8.8319612244898,0.5318565306122451,-2.3038653061224466,adjacent_specific,0.15
AKR1B10,,-0.5149847142857134,0.11901511796100633,-4.32705292494388,2.8740795193227074e-05,9.877702896733636e-05,adjacent_normal_vs_healthy,down,unique_gene_symbol,processed_matrix_welch_t,0.7551020408163265,11.214849,10.699864285714286,6.3533913265306134,-0.5149847142857134,-4.346472959183672,monotonic_down,0.15
C21orf88,,1.1050516326530584,0.2536729960934283,4.356205231423473,2.9013609387937364e-05,9.964269890806771e-05,adjacent_normal_vs_healthy,up,unique_gene_symbol,processed_matrix_welch_t,0.8061224489795918,3.5766800000000005,4.681731632653059,2.634996428571429,1.1050516326530584,-2.04673520408163,adjacent_specific,0.15
DPEP1,,-0.5169700612244896,0.11688318395055047,-4.422963541472339,3.0740766859603e-05,0.00010502497775109297,adjacent_normal_vs_healthy,down,unique_gene_symbol,processed_matrix_welch_t,0.8877551020408163,3.5579169999999993,3.0409469387755097,7.445851020408167,-0.5169700612244896,4.404904081632657,adjacent_specific,0.15
GSTA1,,-0.5465353673469378,0.12508585654885265,-4.369281887065199,3.689502510169669e-05,0.0001241571717808952,adjacent_normal_vs_healthy,down,unique_gene_symbol,processed_matrix_welch_t,0.8571428571428571,4.230466999999999,3.6839316326530613,3.0970132653061224,-0.5465353673469378,-0.5869183673469389,monotonic_down,0.15
TUSC3,,0.6592758775510204,0.15365150385998758,4.290721932352674,4.028130206041186e-05,0.00013450648741323076,adjacent_normal_vs_healthy,up,unique_gene_symbol,processed_matrix_welch_t,0.7653061224489796,4.337942999999999,4.99721887755102,4.390419897959183,0.6592758775510204,-0.6067989795918365,adjacent_specific,0.15
BEST2,,-0.6245275510204094,0.15045007800798263,-4.151061663040633,5.8932208956047836e-05,0.00018979520611014052,adjacent_normal_vs_healthy,down,unique_gene_symbol,processed_matrix_welch_t,0.7755102040816326,8.142999999999999,7.5184724489795896,3.664094897959183,-0.6245275510204094,-3.8543775510204066,monotonic_down,0.15
FCGR2B,,0.5423666122448951,0.13006027936684444,4.170117232449662,6.0688616258001103e-05,0.0001948914241107001,adjacent_normal_vs_healthy,up,unique_gene_symbol,processed_matrix_welch_t,0.7142857142857143,4.586314000000001,5.128680612244896,4.003974489795918,0.5423666122448951,-1.1247061224489778,adjacent_specific,0.15
SLPI,,0.6309636734693829,0.15101267630773804,4.17821661662089,6.345717496267305e-05,0.0002027903006527853,adjacent_normal_vs_healthy,up,unique_gene_symbol,processed_matrix_welch_t,0.8163265306122449,8.401070000000004,9.032033673469387,9.016044897959183,0.6309636734693829,-0.015988775510203723,field_shift_then_plateau,0.15
CD52,,-0.5429892040816311,0.13190086413107893,-4.116646298405032,6.545601036057716e-05,0.00020861774979333598,adjacent_normal_vs_healthy,down,unique_gene_symbol,processed_matrix_welch_t,0.7244897959183674,7.940454,7.397464795918369,6.165434183673467,-0.5429892040816311,-1.2320306122449018,monotonic_down,0.15
REG1A,,-2.5724837551020436,0.6173927101736573,-4.166689552227573,8.143669981114359e-05,0.0002547321774937036,adjacent_normal_vs_healthy,down,unique_gene_symbol,processed_matrix_welch_t,0.8673469387755102,6.339246000000003,3.766762244897959,7.064010204081634,-2.5724837551020436,3.2972479591836747,adjacent_specific,0.15
ADRA2A,,-0.6349813877551025,0.15740734774913906,-4.034000933470245,0.00011101804780648541,0.0003369116401395413,adjacent_normal_vs_healthy,down,unique_gene_symbol,processed_matrix_welch_t,0.8469387755102041,7.901462000000001,7.266480612244899,4.880455102040817,-0.6349813877551025,-2.3860255102040817,monotonic_down,0.15
SCNN1B,,0.5806108571428563,0.15011040794362204,3.867892074218599,0.00016725228297387527,0.0004873712071966001,adjacent_normal_vs_healthy,up,unique_gene_symbol,processed_matrix_welch_t,0.7551020408163265,6.564431999999997,7.145042857142854,3.1294989795918373,0.5806108571428563,-4.015543877551016,adjacent_specific,0.15
DDX3Y,,1.1217820204081637,0.28784083279633166,3.8972303182637957,0.0001675572013832152,0.000488110329610835,adjacent_normal_vs_healthy,up,unique_gene_symbol,processed_matrix_welch_t,0.7244897959183674,4.062643999999999,5.1844260204081625,4.6661729591836725,1.1217820204081637,-0.51825306122449,adjacent_specific,0.15
MMP12,,-0.8215409795918385,0.21565943807438095,-3.8094367069086443,0.00021710054565250172,0.00061640238431608,adjacent_normal_vs_healthy,down,unique_gene_symbol,processed_matrix_welch_t,0.7551020408163265,6.688941999999997,5.867401020408159,8.432471428571427,-0.8215409795918385,2.565070408163268,adjacent_specific,0.15
PLLP,,0.8627897959183652,0.2254868860854841,3.8263413491429117,0.0002187716328810123,0.0006205917595432768,adjacent_normal_vs_healthy,up,unique_gene_symbol,processed_matrix_welch_t,0.7040816326530612,5.0394,5.902189795918365,5.050418367346938,0.8627897959183652,-0.8517714285714266,adjacent_specific,0.15
KAL1,,0.6083576326530626,0.15689921934534845,3.877378327256148,0.0002207245385469315,0.0006259450720782806,adjacent_normal_vs_healthy,up,unique_gene_symbol,processed_matrix_welch_t,0.7040816326530612,3.6127239999999996,4.221081632653062,5.655382653061224,0.6083576326530626,1.4343010204081619,monotonic_up,0.15
HLA-DPA1,,-0.5084880612244884,0.1345379487716437,-3.7795140023099667,0.00023323709800741226,0.0006584867061181983,adjacent_normal_vs_healthy,down,unique_gene_symbol,processed_matrix_welch_t,0.7244897959183674,10.224809999999998,9.71632193877551,9.355229081632658,-0.5084880612244884,-0.361092857142852,monotonic_down,0.15
ARG2,,-0.5687085918367356,0.14905690363510313,-3.8153790798509775,0.00026740345320925326,0.0007450046457571235,adjacent_normal_vs_healthy,down,unique_gene_symbol,processed_matrix_welch_t,0.8061224489795918,4.5217290000000006,3.953020408163265,4.904344387755103,-0.5687085918367356,0.9513239795918378,adjacent_specific,0.15
NTS,,-0.9562566734693885,0.25015071173806047,-3.8227221774636027,0.0002697642270594551,0.0007505934360970371,adjacent_normal_vs_healthy,down,unique_gene_symbol,processed_matrix_welch_t,0.7959183673469388,4.307123000000001,3.3508663265306122,2.9420418367346945,-0.9562566734693885,-0.4088244897959177,monotonic_down,0.15
CNGA1,,-0.5289737142857147,0.14387006268948832,-3.6767462555944483,0.000376601824414864,0.0010140713812556938,adjacent_normal_vs_healthy,down,unique_gene_symbol,processed_matrix_welch_t,0.7244897959183674,4.593687999999999,4.064714285714285,2.9527122448979597,-0.5289737142857147,-1.112002040816325,monotonic_down,0.15
LCN15,,-0.5665410612244894,0.1518473742584727,-3.730990173462798,0.00039456186453196217,0.0010580926620688113,adjacent_normal_vs_healthy,down,unique_gene_symbol,processed_matrix_welch_t,0.7040816326530612,4.354137999999998,3.7875969387755086,4.16837551020408,-0.5665410612244894,0.3807785714285714,non_monotonic,0.15
FLRT3,,-0.6892672653061211,0.18785111193381526,-3.6692211092632103,0.0004122227037034512,0.0010998767206437375,adjacent_normal_vs_healthy,down,unique_gene_symbol,processed_matrix_welch_t,0.8367346938775511,6.8544540000000005,6.165186734693879,5.643242857142855,-0.6892672653061211,-0.5219438775510241,monotonic_down,0.15
DEFA6,,-1.293782612244898,0.3508541119083587,-3.6875230140749427,0.0004441237901253696,0.001177076414808886,adjacent_normal_vs_healthy,down,unique_gene_symbol,processed_matrix_welch_t,0.7244897959183674,5.1859519999999995,3.8921693877551014,6.067670408163265,-1.293782612244898,2.1755010204081633,adjacent_specific,0.15
DEFA5,,-1.75665067346939,0.4813263322850621,-3.6496043445822246,0.0004631781749045899,0.0012236592826673223,adjacent_normal_vs_healthy,down,unique_gene_symbol,processed_matrix_welch_t,0.7755102040816326,6.216117,4.45946632653061,6.037978061224487,-1.75665067346939,1.578511734693877,adjacent_specific,0.15
CXCL13,,1.1578411632653065,0.32235993513772954,3.591765095654999,0.0004875280350815762,0.0012801729124194195,adjacent_normal_vs_healthy,up,unique_gene_symbol,processed_matrix_welch_t,0.7346938775510204,4.676567,5.834408163265307,4.485361224489794,1.1578411632653065,-1.3490469387755128,adjacent_specific,0.15
NPY1R,,-0.6034244081632667,0.16653507441346063,-3.6234073229830877,0.0005122189615286975,0.0013392816571692395,adjacent_normal_vs_healthy,down,unique_gene_symbol,processed_matrix_welch_t,0.8061224489795918,4.527704000000001,3.924279591836734,2.880834693877551,-0.6034244081632667,-1.043444897959183,monotonic_down,0.15
OLFM4,,-1.0387321020408198,0.29694996672505286,-3.4980037664142456,0.0006582637065967789,0.001680973843026109,adjacent_normal_vs_healthy,down,unique_gene_symbol,processed_matrix_welch_t,0.7448979591836735,9.302602000000004,8.263869897959184,9.07972857142857,-1.0387321020408198,0.8158586734693856,adjacent_specific,0.15
PCDH20,,-0.6693782244897983,0.19313818301981175,-3.4657995328719373,0.0007737597457235518,0.0019433947209183421,adjacent_normal_vs_healthy,down,unique_gene_symbol,processed_matrix_welch_t,0.8163265306122449,6.400217000000002,5.730838775510204,3.9822668367346923,-0.6693782244897983,-1.7485719387755116,monotonic_down,0.15
GDF15,,0.5554053877551031,0.1615263209251146,3.438482252143879,0.0007889320164232655,0.0019780439284565413,adjacent_normal_vs_healthy,up,unique_gene_symbol,processed_matrix_welch_t,0.7244897959183674,4.911164,5.466569387755103,8.917277551020407,0.5554053877551031,3.450708163265303,monotonic_up,0.15
RBP4,,0.676463959183673,0.19656300924225253,3.4414611466899667,0.0008586065579901516,0.002134743910176611,adjacent_normal_vs_healthy,up,unique_gene_symbol,processed_matrix_welch_t,0.7959183673469388,4.866384,5.542847959183673,5.895064285714285,0.676463959183673,0.35221632653061175,monotonic_up,0.15
DRD5,,-0.7466286938775517,0.21925580819655655,-3.40528581668505,0.0010485541675571432,0.002553017951652092,adjacent_normal_vs_healthy,down,unique_gene_symbol,processed_matrix_welch_t,0.7755102040816326,3.644244,2.8976153061224483,2.5448622448979594,-0.7466286938775517,-0.3527530612244889,monotonic_down,0.15
INSL5,,1.577699469387758,0.4716500217210504,3.3450639175860406,0.0011378313273794794,0.0027457932158815317,adjacent_normal_vs_healthy,up,unique_gene_symbol,processed_matrix_welch_t,0.7346938775510204,4.886023999999999,6.463723469387757,2.788929591836735,1.577699469387758,-3.674793877551022,adjacent_specific,0.15
MUC17,,0.5087356326530612,0.1548035103494055,3.2863313726206784,0.0013240803396680056,0.0031510693091268156,adjacent_normal_vs_healthy,up,unique_gene_symbol,processed_matrix_welch_t,0.7142857142857143,4.721195999999999,5.22993163265306,5.075852040816328,0.5087356326530612,-0.15407959183673192,non_monotonic,0.15
SCUBE2,,-0.512958000000002,0.15552179264258942,-3.298303030616747,0.0014064859899167613,0.0033249949884723317,adjacent_normal_vs_healthy,down,unique_gene_symbol,processed_matrix_welch_t,0.7551020408163265,5.941308000000001,5.428349999999999,3.6346336734693883,-0.512958000000002,-1.7937163265306109,monotonic_down,0.15
HSD3B2,,-1.135140285714284,0.3496243012288593,-3.2467430945860847,0.0016072236343059258,0.003751567732890135,adjacent_normal_vs_healthy,down,unique_gene_symbol,processed_matrix_welch_t,0.7857142857142857,5.962275999999999,4.827135714285715,2.6105311224489802,-1.135140285714284,-2.216604591836735,monotonic_down,0.15
LCN2,,0.6342989795918363,0.20352392480256876,3.116581896733502,0.002298662893391244,0.005194225194655743,adjacent_normal_vs_healthy,up,unique_gene_symbol,processed_matrix_welch_t,0.7142857142857143,8.1194,8.753698979591837,10.819450000000003,0.6342989795918363,2.0657510204081664,monotonic_up,0.15
SPINK5,,0.5255479387755102,0.17517113409747614,3.000197158528771,0.003315156200792568,0.007178502679755543,adjacent_normal_vs_healthy,up,unique_gene_symbol,processed_matrix_welch_t,0.7040816326530612,5.295873999999998,5.821421938775508,4.063905612244899,0.5255479387755102,-1.7575163265306086,adjacent_specific,0.15
APOBEC3A,,-0.7370561224489816,0.2486718059294728,-2.9639714067867513,0.0037668489803083373,0.00805399265413484,adjacent_normal_vs_healthy,down,unique_gene_symbol,processed_matrix_welch_t,0.7244897959183674,4.590050000000001,3.852993877551019,2.6153765306122447,-0.7370561224489816,-1.2376173469387743,monotonic_down,0.15
REG3A,,-0.9317127755102033,0.3143472628466727,-2.963960198262198,0.00408369437882645,0.008657559400162076,adjacent_normal_vs_healthy,down,unique_gene_symbol,processed_matrix_welch_t,0.7653061224489796,3.7730740000000003,2.841361224489797,5.12311836734694,-0.9317127755102033,2.2817571428571433,adjacent_specific,0.15
CCL19,,0.8524673877551026,0.294092462308078,2.8986373233262133,0.004578875720971132,0.009579364215722487,adjacent_normal_vs_healthy,up,unique_gene_symbol,processed_matrix_welch_t,0.7142857142857143,5.534701999999999,6.387169387755102,4.275150000000003,0.8524673877551026,-2.1120193877550992,adjacent_specific,0.15
KIAA1239,,-0.5103786530612231,0.17481968733975642,-2.9194575326594583,0.004600400536113751,0.009616998924857907,adjacent_normal_vs_healthy,down,unique_gene_symbol,processed_matrix_welch_t,0.7857142857142857,3.5206460000000006,3.0102673469387775,2.2440602040816326,-0.5103786530612231,-0.7662071428571449,monotonic_down,0.15
ECHDC3,,0.6431846530612244,0.2455938793476777,2.6188952866805484,0.01037989623438846,0.019746823399706112,adjacent_normal_vs_healthy,up,unique_gene_symbol,processed_matrix_welch_t,0.7755102040816326,4.655448,5.298632653061224,4.984546938775513,0.6431846530612244,-0.31408571428571097,non_monotonic,0.15
MT1M,,0.6105466734693863,0.23523005315190496,2.595530057866851,0.01089027091626383,0.020609358736275053,adjacent_normal_vs_healthy,up,unique_gene_symbol,processed_matrix_welch_t,0.7142857142857143,9.013462,9.624008673469387,4.551165816326531,0.6105466734693863,-5.072842857142856,adjacent_specific,0.15
TMED6,,-0.514391142857141,0.2047531655164083,-2.5122500136190533,0.01381327031561045,0.025445497949808726,adjacent_normal_vs_healthy,down,unique_gene_symbol,processed_matrix_welch_t,0.7346938775510204,5.749584,5.2351928571428585,3.8520969387755106,-0.514391142857141,-1.383095918367348,monotonic_down,0.15
MT1JP,,0.5819184897959202,0.2337415459036916,2.489580906749405,0.014533903038447272,0.0266154649719578,adjacent_normal_vs_healthy,up,unique_gene_symbol,processed_matrix_welch_t,0.7244897959183674,7.799506,8.38142448979592,3.7351693877551035,0.5819184897959202,-4.646255102040817,adjacent_specific,0.15
BTNL8,,-0.8560503877550989,0.35895844511693675,-2.3848175169028996,0.018693166094330353,0.03327579304749906,adjacent_normal_vs_healthy,down,unique_gene_symbol,processed_matrix_welch_t,0.7551020408163265,8.034256,7.1782056122449,4.146291326530611,-0.8560503877550989,-3.031914285714289,monotonic_down,0.15
