"gene_symbol","u0_log2fc","u0_fdr","u1_log2fc","u1_fdr","u2_log2fc","u2_fdr","qc_log2fc","qc_fdr","deposited_log2fc","deposited_fdr","sample_direction_consistency","subgroups_tested","subgroup_labels","subgroup_sign_agreement_fraction","subgroup_effect_min","subgroup_effect_max","major_demographic_subgroup_dependence","healthy","adjacent_normal","tumor","healthy_to_adjacent","adjacent_to_tumor","trajectory_category","u0_screen","u1_adjusted_support","u2_location_support","qc_robust","unadjusted_adjusted_sign_agreement","location_adjusted_sign_agreement","qc_sign_agreement","deposited_support","direction_consistent","high_direction_consistency","subgroup_robust","evidence_score","evidence_tier","composition_adjusted_log2fc","composition_adjusted_fdr","composition_robust"
"MCEE",-0.993657937453605,9.24919600528995e-33,-0.986632809973711,4.04593560600009e-29,-1.0189564671363,1.14573770609093e-31,-0.976800742525645,1.0881518038377e-29,-0.992934571428573,3.26197002713933e-31,1,6,"sex=Female;sex=Male;location=Left;location=Right;age_stratum=age_lower;age_stratum=age_upper",1,-1.08642822020733,-0.905528815304382,"False",7.00284745489139,6.00918951743779,5.89570746192365,-0.993657937453604,-0.113482055514135,"field_shift_then_plateau","True","False","True","True","True","True","True","True","True","True","True",0.927616629283836,"Tier 2 - provisional",-1.17817214532254,1.83787316326366e-29,TRUE
"SUCLG2",-0.938187032796111,1.73193797310841e-25,-0.943654680331665,8.61493640999586e-23,-0.918199240643142,2.6467837190528e-22,-0.946377883887176,9.13719408803957e-23,-0.934773142857143,6.5283229410721e-24,1,6,"sex=Female;sex=Male;location=Left;location=Right;age_stratum=age_lower;age_stratum=age_upper",1,-1.06480207297087,-0.860338115304963,"False",8.99373506146922,8.05554802867311,7.11425137242862,-0.938187032796106,-0.941296656244494,"monotonic_down","True","False","True","True","True","True","True","True","True","True","True",0.924546762880833,"Tier 2 - provisional",-0.724683267245793,2.69675735435281e-12,TRUE
"SOD3",0.938730144542813,6.35164338566569e-23,0.95728706159775,6.61224492985137e-21,0.909265998427528,2.71111222838347e-21,0.964875389255752,2.47079018065138e-21,0.934468346938775,3.92574267852564e-22,0.989795918367347,6,"sex=Female;sex=Male;location=Left;location=Right;age_stratum=age_lower;age_stratum=age_upper",1,0.881393082816336,1.02177052582181,"False",5.37867646823111,6.31740661277393,6.36224788399254,0.93873014454281,0.0448412712186154,"field_shift_then_plateau","True","False","True","True","True","True","True","True","True","True","True",0.924062778452318,"Tier 2 - provisional",0.584149710199361,1.06566202973717e-09,TRUE
"USP13",0.934259110858018,2.07142318709784e-23,0.956321467446954,1.62873086675174e-21,0.899743896117494,8.6095836761841e-23,0.966037508718588,2.77299620476219e-22,0.934160857142856,6.5283229410721e-24,0.969387755102041,6,"sex=Female;sex=Male;location=Left;location=Right;age_stratum=age_lower;age_stratum=age_upper",1,0.777829979563416,1.00351357596902,"False",4.20807504589846,5.14233415675647,5.17960158224751,0.934259110858018,0.0372674254910352,"field_shift_then_plateau","True","False","True","True","True","True","True","True","True","True","True",0.921078355546503,"Tier 2 - provisional",0.660103844596325,1.84665225112641e-10,TRUE
"MYCBP2",0.879242861357198,2.93119343097822e-30,0.881935975307844,3.64829365043629e-27,0.882376989857732,9.97411848753564e-27,0.888301943032599,9.86165417887759e-28,0.879679959183673,5.04421333616299e-30,1,6,"sex=Female;sex=Male;location=Left;location=Right;age_stratum=age_lower;age_stratum=age_upper",1,0.838770102894249,0.922565583234879,"False",7.05632652402627,7.93556938538346,8.38328093799269,0.879242861357191,0.447711552609237,"monotonic_up","True","False","True","True","True","True","True","True","True","True","True",0.92013828395056,"Tier 2 - provisional",0.741258260587784,1.9069508266225e-19,TRUE
"CRYL1",-0.952073015036008,1.21376463620709e-20,-0.981244644915357,3.11981629601246e-19,-0.93698627456865,4.18536678282052e-19,-0.978651872750078,4.91421476686344e-19,-0.952035469387755,1.12039034571381e-20,0.989795918367347,6,"sex=Female;sex=Male;location=Left;location=Right;age_stratum=age_lower;age_stratum=age_upper",1,-1.13820489011228,-0.802086480460108,"False",8.00649582453362,7.05442280949762,6.60369317127101,-0.952073015036002,-0.450729638226602,"monotonic_down","True","False","True","True","True","True","True","True","True","True","True",0.915101684244782,"Tier 2 - provisional",-0.67898492198956,5.03693706851487e-09,TRUE
"CDH5",0.81119403762705,3.61271177738203e-31,0.784660351373776,2.80927308872653e-27,0.787169830603358,6.13503231098959e-27,0.791310473087988,4.22341074832678e-28,0.812944959183674,1.4726255231488e-31,1,6,"sex=Female;sex=Male;location=Left;location=Right;age_stratum=age_lower;age_stratum=age_upper",1,0.725154910200041,0.860288406666828,"False",3.34017093977222,4.15136497739927,4.17517461866159,0.81119403762705,0.0238096412623143,"field_shift_then_plateau","True","False","True","True","True","True","True","True","True","True","True",0.913190025098127,"Tier 2 - provisional",0.502450357146316,1.36542090480049e-15,TRUE
"CAT",-0.743342063869434,1.29277079528815e-23,-0.771676272203527,3.37477634714276e-22,-0.740497495635296,3.4251765273029e-22,-0.770409318292485,5.0261584160278e-22,-0.742764897959185,1.30139409011314e-19,1,6,"sex=Female;sex=Male;location=Left;location=Right;age_stratum=age_lower;age_stratum=age_upper",1,-0.894411064212525,-0.650539775227717,"False",8.73613811659225,7.99279605272282,7.59521620216891,-0.743342063869433,-0.397579850553911,"monotonic_down","True","False","True","True","True","True","True","True","True","True","True",0.91226259087168,"Tier 2 - provisional",-0.707003437149483,2.19482788384857e-14,TRUE
"DYNC1H1",0.768304742481069,5.28102194895088e-40,0.75012463223084,2.68734358001874e-35,0.752179206704116,7.76141216128262e-35,0.74922886901974,5.65052512840085e-35,0.766407040816327,5.16945592264261e-27,1,6,"sex=Female;sex=Male;location=Left;location=Right;age_stratum=age_lower;age_stratum=age_upper",1,0.705612739383944,0.852899568622348,"False",7.04410819079254,7.81241293327361,7.88329121168455,0.768304742481068,0.0708782784109409,"field_shift_then_plateau","True","False","True","True","True","True","True","True","True","True","True",0.910723188016489,"Tier 2 - provisional",0.735999886132088,4.17342305155109e-27,TRUE
"AUH",-0.75419838185567,5.31166087415645e-25,-0.782335819046904,1.60475180700983e-23,-0.75651238963179,2.84537199175451e-23,-0.778295036017834,2.32110802809736e-23,-0.753747795918366,2.51019330703601e-23,0.979591836734694,6,"sex=Female;sex=Male;location=Left;location=Right;age_stratum=age_lower;age_stratum=age_upper",1,-0.830106251775657,-0.720649405483855,"False",7.16739574782304,6.41319736596737,5.88508802223504,-0.75419838185567,-0.528109343732334,"monotonic_down","True","False","True","True","True","True","True","True","True","True","True",0.910108535179735,"Tier 2 - provisional",-0.597996579415588,7.6489878791575e-13,TRUE
"GRAMD1C",-0.975811518884458,9.80550281482209e-23,-0.924127700518002,2.97244947816839e-19,-0.902800500042346,1.20027730604478e-18,-0.925065841164662,3.97273149763112e-19,-0.977631591836734,1.48263418707177e-19,0.979591836734694,6,"sex=Female;sex=Male;location=Left;location=Right;age_stratum=age_lower;age_stratum=age_upper",1,-1.10966807933942,-0.788978562942157,"False",4.24204258308412,3.26623106419966,2.65971503364955,-0.975811518884459,-0.606516030550111,"monotonic_down","True","False","True","True","True","True","True","True","True","True","True",0.909714280414953,"Tier 2 - provisional",-0.646702843959717,1.36547746913493e-09,TRUE
"ETFA",-0.734203401396483,1.37706605338041e-23,-0.734842316472304,4.9462455646291e-21,-0.708514435808884,1.04214370189822e-20,-0.73775672997657,4.44851041471015e-21,-0.733382387755102,5.31070645982548e-27,1,6,"sex=Female;sex=Male;location=Left;location=Right;age_stratum=age_lower;age_stratum=age_upper",1,-0.747383617660635,-0.692488185183601,"False",10.3223459062372,9.5881425048407,8.79786292698133,-0.734203401396481,-0.790279577859378,"monotonic_down","True","False","True","True","True","True","True","True","True","True","True",0.909631594033736,"Tier 2 - provisional",-0.562932771408407,3.35048226261414e-11,TRUE
"PHIP",0.720499033435777,2.87934083875354e-24,0.734799917395785,4.02867456894996e-22,0.747105232956079,1.6995250486647e-22,0.737469862930221,3.60150344005228e-22,0.723184163265304,8.19775111237347e-24,1,6,"sex=Female;sex=Male;location=Left;location=Right;age_stratum=age_lower;age_stratum=age_upper",1,0.687871156511765,0.781752685077347,"False",6.74563001361922,7.46612904705499,7.50405051286703,0.720499033435772,0.0379214658120403,"field_shift_then_plateau","True","False","True","True","True","True","True","True","True","True","True",0.90962856552827,"Tier 2 - provisional",0.717203793244106,1.47019256580986e-15,TRUE
"PDCD10",-0.70122235827117,4.81899454780821e-29,-0.692008890345299,1.42975699623022e-25,-0.692309550823914,4.03989319786418e-25,-0.693362557465585,1.6899211227858e-25,-0.699334897959183,2.38326909224476e-23,1,6,"sex=Female;sex=Male;location=Left;location=Right;age_stratum=age_lower;age_stratum=age_upper",1,-0.740016437276047,-0.625672100044094,"False",9.79479290355088,9.09357054527971,8.8653810492904,-0.701222358271172,-0.22818949598931,"monotonic_down","True","False","True","True","True","True","True","True","True","True","True",0.906572063596093,"Tier 2 - provisional",-0.615725212802759,2.10265620424433e-16,TRUE
"SAR1B",-0.785356477897745,1.55469104839088e-23,-0.761821850799668,4.49600242315942e-20,-0.753706719785638,1.70858672092881e-19,-0.765234268178471,3.69798715643923e-20,-0.785297020408164,7.09859342474569e-20,0.989795918367347,6,"sex=Female;sex=Male;location=Left;location=Right;age_stratum=age_lower;age_stratum=age_upper",1,-0.854519892241978,-0.694327331904492,"False",8.48874678553175,7.70339030763401,7.25401028811784,-0.785356477897746,-0.449380019516163,"monotonic_down","True","False","True","True","True","True","True","True","True","True","True",0.905437930990827,"Tier 2 - provisional",-0.563317445148666,2.47590807185345e-10,TRUE
"EAPP",-0.675649226432868,2.68055377512328e-30,-0.671237944959571,7.50396675598899e-27,-0.666615546775463,3.23614233077316e-26,-0.677415762138956,8.88795360520442e-28,-0.67367975510204,7.85820084698508e-33,1,6,"sex=Female;sex=Male;location=Left;location=Right;age_stratum=age_lower;age_stratum=age_upper",1,-0.750843573421829,-0.594732205256465,"False",8.66181782254859,7.98616859611572,7.2103338041301,-0.675649226432864,-0.775834791985622,"monotonic_down","True","False","True","True","True","True","True","True","True","True","True",0.905088424639969,"Tier 2 - provisional",-0.478184071168578,8.77004221563049e-15,FALSE
"FSTL1",0.986573434335356,1.88873811321337e-21,0.947742213898952,3.93222883658671e-18,0.930762106611383,1.56529906901243e-17,0.954571329438861,2.13204572431295e-18,0.985960795918367,4.93807944985681e-29,0.989795918367347,6,"sex=Female;sex=Male;location=Left;location=Right;age_stratum=age_lower;age_stratum=age_upper",1,0.834816276889409,1.06600089692747,"False",5.40992472036006,6.39649815469541,6.48667151794121,0.986573434335352,0.0901733632457935,"field_shift_then_plateau","True","False","True","True","True","True","True","True","True","True","True",0.90484786944725,"Tier 2 - provisional",0.357148425571822,6.06845471300638e-06,FALSE
"NDUFB3",-0.703697160999655,3.91784202890184e-28,-0.665112913679614,7.72319558530116e-24,-0.660993652563502,2.84537199175451e-23,-0.664503832710961,1.28882627314711e-23,-0.704030530612245,5.19149442942885e-22,1,6,"sex=Female;sex=Male;location=Left;location=Right;age_stratum=age_lower;age_stratum=age_upper",1,-0.830710623332152,-0.559918358560024,"False",8.82052867864897,8.11683151764931,7.67658856462043,-0.703697160999656,-0.440242953028877,"monotonic_down","True","False","True","True","True","True","True","True","True","True","True",0.904650922405687,"Tier 2 - provisional",-0.6812853042175,2.94873286228482e-18,TRUE
"CRADD",-0.631310656722037,5.69638174482293e-29,-0.651711355782756,4.19630210710044e-27,-0.64223771586201,1.87189423228376e-26,-0.648805299042904,6.02655239534571e-27,-0.630426387755102,2.25534155189432e-27,1,6,"sex=Female;sex=Male;location=Left;location=Right;age_stratum=age_lower;age_stratum=age_upper",1,-0.665255457867901,-0.586761722624143,"False",5.80384230865412,5.17253165193209,4.50273359767214,-0.631310656722035,-0.669798054259944,"monotonic_down","True","False","True","True","True","True","True","True","True","True","True",0.903693668270197,"Tier 2 - provisional",-0.58141692997893,5.06475323592462e-18,TRUE
"JUNB",1.08002727232783,1.35839772661402e-21,0.988592261602341,1.83836618276686e-17,1.00119879601608,1.56529906901243e-17,0.993602077236183,1.47333861517715e-17,1.08134493877551,5.36298155600037e-27,0.989795918367347,6,"sex=Female;sex=Male;location=Left;location=Right;age_stratum=age_lower;age_stratum=age_upper",1,0.914170563997777,1.24740663487502,"False",6.83890791106962,7.91893518339744,7.88594573975495,1.08002727232782,-0.0329894436424886,"field_shift_then_plateau","True","False","True","True","True","True","True","True","True","True","True",0.902981492577963,"Tier 2 - provisional",0.809610028558318,1.38882903387742e-09,TRUE
"GOLPH3L",-0.649307430498356,9.36232879383494e-27,-0.634117647169301,3.07923079204677e-23,-0.647977955773569,5.39751776783162e-24,-0.636702685499466,2.60800043502001e-23,-0.642861224489796,5.35806591658623e-28,1,6,"sex=Female;sex=Male;location=Left;location=Right;age_stratum=age_lower;age_stratum=age_upper",1,-0.717534361914725,-0.598844677221478,"False",6.98441032831639,6.33510289781804,6.09621276395161,-0.649307430498354,-0.238890133866434,"monotonic_down","True","False","True","True","True","True","True","True","True","True","True",0.902436974797807,"Tier 2 - provisional",-0.482013250432901,9.21226362879257e-13,FALSE
"CHD8",0.627697663610739,5.17723091294265e-30,0.624236976473105,1.26846934438956e-26,0.630459909899865,1.22563715227827e-26,0.624925704025672,1.82946200253522e-26,0.627906204081634,2.26650643480542e-26,1,6,"sex=Female;sex=Male;location=Left;location=Right;age_stratum=age_lower;age_stratum=age_upper",1,0.551864039241194,0.67851871036626,"False",5.78956962970203,6.41726729331277,6.35440239331102,0.627697663610741,-0.0628649000017436,"field_shift_then_plateau","True","False","True","True","True","True","True","True","True","True","True",0.901731212605222,"Tier 2 - provisional",0.749499420189617,4.37769454550824e-27,TRUE
"NAV2",0.86778618206123,2.61534682635966e-21,0.860125298868315,1.03838916982182e-18,0.855831586542703,2.9962810705371e-18,0.866213024118133,5.65832305112727e-19,0.87438424489796,1.3321280253277e-24,0.979591836734694,6,"sex=Female;sex=Male;location=Left;location=Right;age_stratum=age_lower;age_stratum=age_upper",1,0.81445058605861,0.964526234826752,"False",4.93086770705983,5.79865388912106,6.05531318033626,0.867786182061227,0.256659291215198,"monotonic_up","True","False","True","True","True","True","True","True","True","True","True",0.901262354096401,"Tier 2 - provisional",0.638441756003792,2.45639804163656e-09,TRUE
"C3orf38",-0.625882082773847,4.00187772432674e-36,-0.612122525535662,3.77603891143337e-32,-0.613511250476741,1.01344953036431e-31,-0.609536080337967,4.91626330044454e-32,-0.624661020408164,1.72320664884276e-28,1,6,"sex=Female;sex=Male;location=Left;location=Right;age_stratum=age_lower;age_stratum=age_upper",1,-0.652101528090694,-0.575570345666684,"False",6.75733574475573,6.13145366198188,6.18527071727067,-0.625882082773846,0.0538170552887891,"field_shift_then_plateau","True","False","True","True","True","True","True","True","True","True","True",0.900865894681119,"Tier 2 - provisional",-0.59056739631056,3.60554875661575e-23,TRUE
"NUDT16L1",-0.604110588133069,2.31154286746851e-27,-0.596847116363731,4.57567138211564e-24,-0.597107316712756,1.15644388292122e-23,-0.594933808159753,7.22512931377295e-24,-0.603461122448978,3.36617931323177e-32,1,6,"sex=Female;sex=Male;location=Left;location=Right;age_stratum=age_lower;age_stratum=age_upper",1,-0.646705392831202,-0.548528301976579,"False",7.11143181444976,6.50732122631669,6.42834838869376,-0.60411058813307,-0.0789728376229312,"field_shift_then_plateau","True","False","True","True","True","True","True","True","True","True","True",0.899774794025981,"Tier 2 - provisional",-0.40531928589309,2.89327047900367e-12,FALSE
"ZCCHC10",-0.713228220814518,1.07793769737314e-24,-0.662238531606483,2.43345265452345e-20,-0.646501386281084,9.75037828497332e-20,-0.662028683097119,3.45575571245153e-20,-0.713974612244897,8.21791482493521e-22,0.979591836734694,6,"sex=Female;sex=Male;location=Left;location=Right;age_stratum=age_lower;age_stratum=age_upper",1,-0.742771465901658,-0.647520913790653,"False",7.38935920489104,6.67613098407653,6.09859791391411,-0.713228220814512,-0.577533070162422,"monotonic_down","True","False","True","True","True","True","True","True","True","True","True",0.898771422498357,"Tier 2 - provisional",-0.453284590914252,7.50845663082179e-10,FALSE
"COL16A1",0.915310355356872,4.40316623478395e-21,0.880148599042709,9.85613621803693e-18,0.87893643548851,2.24091261346196e-17,0.881637851273939,1.15919518071278e-17,0.915301591836736,3.65962138917021e-25,1,6,"sex=Female;sex=Male;location=Left;location=Right;age_stratum=age_lower;age_stratum=age_upper",1,0.772502575252902,0.977188565592026,"False",4.78425506683322,5.69956542219009,6.06998355362715,0.91531035535687,0.37041813143706,"monotonic_up","True","False","True","True","True","True","True","True","True","True","True",0.898626994952434,"Tier 2 - provisional",0.52812188381732,3.56288109156693e-07,TRUE
"PPP1CC",-0.550740070883808,3.23558935247769e-28,-0.576660200465805,4.46276167467292e-27,-0.554147099518773,1.33654018770706e-27,-0.578756624898835,3.94614221217242e-27,-0.549227551020408,2.38326909224476e-23,1,6,"sex=Female;sex=Male;location=Left;location=Right;age_stratum=age_lower;age_stratum=age_upper",1,-0.565906612192212,-0.490182804129539,"False",10.8000983508571,10.2493582799733,10.1472327352875,-0.550740070883808,-0.102125544685849,"field_shift_then_plateau","True","False","True","True","True","True","True","True","True","True","True",0.898332871461843,"Tier 2 - provisional",-0.436765335152927,2.78459024110527e-15,FALSE
"SNX7",-0.571651818560918,9.07694625411285e-28,-0.573928879608732,7.58861429457834e-25,-0.580810375876737,5.63372140964823e-25,-0.573217329711318,1.11807384506987e-24,-0.568947346938773,3.42703202598809e-24,1,6,"sex=Female;sex=Male;location=Left;location=Right;age_stratum=age_lower;age_stratum=age_upper",1,-0.626579726265685,-0.509274976843132,"False",7.72188836189452,7.1502365433336,6.93319559721871,-0.571651818560923,-0.217040946114885,"monotonic_down","True","False","True","True","True","True","True","True","True","True","True",0.898137777114909,"Tier 2 - provisional",-0.536509899870787,6.01465282956981e-17,TRUE
"KHNYN",-0.75954421481429,8.54587033815062e-23,-0.741201380195255,1.49108502718515e-19,-0.708412614946568,2.02836195389542e-19,-0.744590244980023,1.24806665654658e-19,-0.760265795918368,1.21171787361817e-24,0.969387755102041,6,"sex=Female;sex=Male;location=Left;location=Right;age_stratum=age_lower;age_stratum=age_upper",1,-0.817523806159272,-0.70693853263091,"False",6.79718518071391,6.03764096589962,5.97859506508897,-0.759544214814292,-0.0590459008106512,"field_shift_then_plateau","True","False","True","True","True","True","True","True","True","True","True",0.897330474962543,"Tier 2 - provisional",-0.546269104755172,7.57973774469652e-10,TRUE
"PECR",-0.685945743142736,1.45667097290293e-21,-0.693359457801098,2.36223951738042e-19,-0.668921821061519,6.44780243043688e-19,-0.690657771191034,3.7364325165327e-19,-0.68750506122449,3.58347859899282e-18,1,6,"sex=Female;sex=Male;location=Left;location=Right;age_stratum=age_lower;age_stratum=age_upper",1,-0.785124871263295,-0.617773839502081,"False",6.19525778137126,5.50931203822852,5.10750982936982,-0.685945743142735,-0.401802208858705,"monotonic_down","True","False","True","True","True","True","True","True","True","True","True",0.896859076054003,"Tier 2 - provisional",-0.569635062952116,7.19211140938479e-11,TRUE
"SNX24",-0.669237102458346,1.21698699968481e-21,-0.681520106133837,1.1545180587901e-19,-0.661522224773839,3.99541468741921e-19,-0.676030116006421,1.30027702269573e-19,-0.668986346938777,6.6517074143504e-24,0.989795918367347,6,"sex=Female;sex=Male;location=Left;location=Right;age_stratum=age_lower;age_stratum=age_upper",1,-0.699265521774963,-0.634536062583154,"False",5.9483981908014,5.27916108834306,4.22515110054023,-0.669237102458343,-1.05400998780283,"monotonic_down","True","False","True","True","True","True","True","True","True","True","True",0.896776562130092,"Tier 2 - provisional",-0.504228384463724,3.26505687505522e-10,TRUE
"SPTAN1",0.85331248578374,9.66921905533287e-20,0.86284145774002,9.60949830803868e-18,0.844870834140009,3.73581068739979e-17,0.86544428104292,9.99809511562095e-18,0.855019795918367,2.88061151077645e-17,0.979591836734694,6,"sex=Female;sex=Male;location=Left;location=Right;age_stratum=age_lower;age_stratum=age_upper",1,0.780380832820068,0.971896181324859,"False",3.50957324912949,4.36288573491323,4.29504819971935,0.853312485783741,-0.0678375351938864,"field_shift_then_plateau","True","False","True","True","True","True","True","True","True","True","True",0.894553932838908,"Tier 2 - provisional",0.781751098575147,2.68865563737326e-11,TRUE
"SRP19",0.638667150515115,1.48784847691537e-22,0.62918136277535,1.30623116653613e-19,0.61938726865635,5.2822780849121e-19,0.634927653171662,3.88530848113815e-20,0.638954959183672,4.47516371362833e-25,1,6,"sex=Female;sex=Male;location=Left;location=Right;age_stratum=age_lower;age_stratum=age_upper",1,0.574647772561204,0.738373541080868,"False",6.92306392622146,7.56173107673659,7.56447647732775,0.638667150515121,0.0027454005911673,"field_shift_then_plateau","True","False","True","True","True","True","True","True","True","True","True",0.894112811328466,"Tier 2 - provisional",0.512055371615659,7.01064178373733e-11,TRUE
"ITPRIPL2",0.533441206829928,4.41049560955577e-27,0.529111545370467,3.44129783817459e-24,0.537483881428749,1.42821591726379e-24,0.528114953644736,5.36295237899136e-24,0.532535836734695,1.03628640330747e-19,0.989795918367347,6,"sex=Female;sex=Male;location=Left;location=Right;age_stratum=age_lower;age_stratum=age_upper",1,0.486836348046751,0.600071769853171,"False",8.21951451088701,8.75295571771694,8.80837604878579,0.533441206829929,0.0554203310688468,"field_shift_then_plateau","True","False","True","True","True","True","True","True","True","True","True",0.893478813007511,"Tier 2 - provisional",0.572570624746716,3.4244961697604e-20,TRUE
"BAZ1B",0.51308578876461,2.75212986422121e-26,0.521327970927474,6.37420212770023e-24,0.521235349088552,1.67358064138427e-23,0.529523133480665,2.92723687814906e-26,0.511862897959182,5.0466956177537e-21,0.989795918367347,6,"sex=Female;sex=Male;location=Left;location=Right;age_stratum=age_lower;age_stratum=age_upper",1,0.44776093836813,0.582018892831113,"False",6.93956333735962,7.45264912612423,8.04047375664212,0.513085788764613,0.587824630517891,"monotonic_up","True","False","True","True","True","True","True","True","True","True","True",0.892922843404441,"Tier 2 - provisional",0.433131199144602,9.7522946374101e-15,FALSE
"SLC25A46",-0.607371351816841,3.79041351569121e-21,-0.633716373710784,5.43364925101046e-20,-0.623825481154272,2.25831156072084e-19,-0.63202857686634,8.29805181214024e-20,-0.606325714285714,2.60187021025498e-20,0.969387755102041,6,"sex=Female;sex=Male;location=Left;location=Right;age_stratum=age_lower;age_stratum=age_upper",1,-0.642882126270572,-0.571588378247322,"False",8.10282077550801,7.49544942369117,7.2763158905794,-0.60737135181684,-0.219133533111771,"monotonic_down","True","False","True","True","True","True","True","True","True","True","True",0.892784480274462,"Tier 2 - provisional",-0.542527265522518,5.51808787952784e-12,TRUE
"GMFB",-1.02053745188269,3.81348538512259e-20,-0.955523787205115,2.09320208463694e-16,-0.955140302838157,4.15872071414289e-16,-0.967628893098207,4.04607785453568e-17,-1.02054995918367,1.09865597611836e-20,0.979591836734694,6,"sex=Female;sex=Male;location=Left;location=Right;age_stratum=age_lower;age_stratum=age_upper",1,-1.07787927313648,-0.957102556653826,"False",6.69011713414764,5.66957968226495,5.35988368051552,-1.02053745188269,-0.309696001749435,"monotonic_down","True","False","True","True","True","True","True","True","True","True","True",0.891616167486856,"Tier 2 - provisional",-0.620427875916972,2.57983385921637e-07,TRUE
"LTBP1",0.819181399534977,1.47832986932556e-20,0.807490207821541,8.8898469468973e-18,0.776849399804328,2.43627867755092e-17,0.81799277520961,1.15130197030219e-18,0.816836775510205,1.2857163785817e-22,0.979591836734694,6,"sex=Female;sex=Male;location=Left;location=Right;age_stratum=age_lower;age_stratum=age_upper",1,0.712211830516961,0.962017493547374,"False",5.77472143609075,6.59390283562572,6.63417308632166,0.819181399534973,0.0402702506959409,"field_shift_then_plateau","True","False","True","True","True","True","True","True","True","True","True",0.890841746635408,"Tier 2 - provisional",0.456844581325834,7.5986121411245e-07,FALSE
"NES",0.904982382243216,6.55260310196374e-20,0.881569951142409,5.37635423316406e-17,0.860467345971794,2.08198143232979e-16,0.892154727378402,1.11111322206597e-17,0.905740367346939,2.94935652579818e-25,0.979591836734694,6,"sex=Female;sex=Male;location=Left;location=Right;age_stratum=age_lower;age_stratum=age_upper",1,0.854895010826104,0.931005279524112,"False",3.46044147282694,4.36542385507015,5.00712623977934,0.904982382243215,0.641702384709185,"monotonic_up","True","False","True","True","True","True","True","True","True","True","True",0.890550345504735,"Tier 2 - provisional",0.355293189229843,3.49454929745592e-05,FALSE
"ASAP1",0.700600124514033,2.08996591962419e-22,0.665739893602327,1.00309606167e-18,0.665945615973753,2.13198944426829e-18,0.673768620514614,1.43159356479532e-19,0.704349510204081,5.88268522983322e-27,0.979591836734694,6,"sex=Female;sex=Male;location=Left;location=Right;age_stratum=age_lower;age_stratum=age_upper",1,0.633940499596456,0.736420036194984,"False",4.12324222523302,4.82384234974706,5.78206874714276,0.700600124514033,0.958226397395698,"monotonic_up","True","False","True","True","True","True","True","True","True","True","True",0.8874849510387,"Tier 2 - provisional",0.439844947137323,2.9591902603378e-09,FALSE
"EIF5B",0.580451959329621,1.35839772661402e-21,0.591274024633224,1.13777829543612e-19,0.575823583121552,4.30101394653249e-19,0.598084024188998,1.60873688382082e-20,0.579251367346936,1.48736226527679e-25,0.969387755102041,6,"sex=Female;sex=Male;location=Left;location=Right;age_stratum=age_lower;age_stratum=age_upper",1,0.5378720238024,0.622299272016173,"False",7.36005547063808,7.9405074299677,8.66780034994748,0.580451959329617,0.727292919979781,"monotonic_up","True","False","True","True","True","True","True","True","True","True","True",0.887460269311288,"Tier 2 - provisional",0.350946485751101,2.47866028692851e-08,FALSE
"CASP3",-0.836109802690697,1.36888653794448e-20,-0.796681795482536,3.34603505730078e-17,-0.79551866346945,7.34160321976682e-17,-0.800091439093048,3.02155098063897e-17,-0.835592979591839,9.86177816154797e-22,0.989795918367347,6,"sex=Female;sex=Male;location=Left;location=Right;age_stratum=age_lower;age_stratum=age_upper",1,-0.916832839051743,-0.748624411490155,"False",6.59625085495101,5.76014105226031,5.56988363390669,-0.836109802690698,-0.190257418353624,"monotonic_down","True","False","True","True","True","True","True","True","True","True","True",0.887415755966451,"Tier 2 - provisional",-0.526881948535858,1.81844647431398e-07,TRUE
"ACADM",-0.868044129674269,9.13585718790383e-21,-0.81563917179494,3.31778611809099e-17,-0.791606781516566,1.19864481292398e-16,-0.813182314990032,4.82117372782086e-17,-0.86666012244898,7.02901704700992e-21,0.979591836734694,6,"sex=Female;sex=Male;location=Left;location=Right;age_stratum=age_lower;age_stratum=age_upper",1,-0.948762807267795,-0.760705229477455,"False",8.63527091616348,7.76722678648922,6.63125172689793,-0.868044129674267,-1.13597505959129,"monotonic_down","True","False","True","True","True","True","True","True","True","True","True",0.887338429049676,"Tier 2 - provisional",-0.737512614347256,9.41730142549201e-11,TRUE
"UEVLD",-0.72852001809847,8.37604519115731e-21,-0.719623713173302,4.94464742484946e-18,-0.722342544660699,8.22139903648598e-18,-0.714893953696281,6.55850083705713e-18,-0.729935224489795,2.3073810816489e-19,0.979591836734694,6,"sex=Female;sex=Male;location=Left;location=Right;age_stratum=age_lower;age_stratum=age_upper",1,-0.839628456878986,-0.656169048371511,"False",5.91037159059662,5.18185157249815,5.05435811292761,-0.728520018098468,-0.127493459570538,"field_shift_then_plateau","True","False","True","True","True","True","True","True","True","True","True",0.886385275260715,"Tier 2 - provisional",-0.714125326954214,3.71143306382715e-13,TRUE
"VASN",0.931662393307765,1.49481401956884e-19,0.892136027241326,2.66573058891436e-16,0.910193334999808,1.12685910710398e-16,0.902831348562495,6.20226313994204e-17,0.932795469387756,1.99768512336232e-24,0.979591836734694,6,"sex=Female;sex=Male;location=Left;location=Right;age_stratum=age_lower;age_stratum=age_upper",1,0.850007470270477,1.00900317829421,"False",3.18313276156207,4.11479515486984,4.46874518055592,0.931662393307765,0.353950025686085,"monotonic_up","True","False","True","True","True","True","True","True","True","True","True",0.886338433940173,"Tier 2 - provisional",0.504989101571808,2.58225891267045e-06,TRUE
"COQ5",-0.621789844524977,1.99868974063823e-22,-0.595230726052134,7.77531671966376e-19,-0.59915267139545,1.07198914913391e-18,-0.594152901630911,1.17023909132479e-18,-0.627836816326532,7.53781677629095e-25,1,6,"sex=Female;sex=Male;location=Left;location=Right;age_stratum=age_lower;age_stratum=age_upper",1,-0.642057570915417,-0.595933928105627,"False",6.61963193468947,5.99784209016449,5.93448195503565,-0.621789844524979,-0.0633601351288444,"field_shift_then_plateau","True","False","True","True","True","True","True","True","True","True","True",0.886154208370826,"Tier 2 - provisional",-0.47686386185351,3.2721768694333e-10,FALSE
"ACOT13",-0.680877856608328,3.79041351569121e-21,-0.666729163125519,1.82902918099074e-18,-0.652025081665385,7.57539782882814e-18,-0.667596808993792,2.29512620115881e-18,-0.68108481632653,3.11984257501226e-20,0.979591836734694,6,"sex=Female;sex=Male;location=Left;location=Right;age_stratum=age_lower;age_stratum=age_upper",1,-0.688542365465569,-0.638469572954394,"False",9.41739911270098,8.73652125609266,8.3029230181226,-0.680877856608326,-0.43359823797006,"monotonic_down","True","False","True","True","True","True","True","True","True","True","True",0.885692198082333,"Tier 2 - provisional",-0.451553481101844,1.84053721810032e-08,FALSE
"TMEM19",-0.640664257245361,4.0448836570297e-21,-0.642283248397995,1.04646530840292e-18,-0.613905679201675,1.72051584140297e-18,-0.639908477557037,1.61799934507982e-18,-0.640782571428572,4.35430961745407e-22,0.979591836734694,6,"sex=Female;sex=Male;location=Left;location=Right;age_stratum=age_lower;age_stratum=age_upper",1,-0.703974740834526,-0.536153188244981,"False",8.16763149453162,7.52696723728626,7.32392482685628,-0.640664257245358,-0.203042410429984,"monotonic_down","True","False","True","True","True","True","True","True","True","True","True",0.885678174165361,"Tier 2 - provisional",-0.420435337016003,2.72799663222927e-08,FALSE
"ARL4C",0.95333118038334,3.8084909068955e-17,0.962371324287744,7.73544853372333e-16,0.986955271392983,1.99768521486377e-16,0.972881480397516,2.47119118848783e-16,0.954786857142856,3.40315033970366e-17,0.959183673469388,6,"sex=Female;sex=Male;location=Left;location=Right;age_stratum=age_lower;age_stratum=age_upper",1,0.849927968732956,1.03323605265338,"False",4.62433586786104,5.57766704824437,5.90509481954557,0.953331180383339,0.327427771301195,"monotonic_up","True","False","True","True","True","True","True","True","True","True","True",0.88513500865204,"Tier 2 - provisional",0.807557164693892,1.6436899319557e-14,TRUE
"LPCAT1",0.890011411134994,5.1468493881328e-19,0.865679846437256,3.83329009838864e-16,0.855224790044073,1.22313484084269e-15,0.872800197560522,2.01044741422326e-16,0.891771346938777,7.1172252467053e-17,0.989795918367347,6,"sex=Female;sex=Male;location=Left;location=Right;age_stratum=age_lower;age_stratum=age_upper",1,0.740529855963952,1.02406286072505,"False",4.58868801766793,5.47869942880292,6.59494620464473,0.890011411134992,1.1162467758418,"monotonic_up","True","False","True","True","True","True","True","True","True","True","True",0.884779608174158,"Tier 2 - provisional",0.616007205213401,7.4666234388684e-09,TRUE
"ETFDH",-0.774812540762335,1.00762682010901e-19,-0.769833500097908,3.29993364381984e-17,-0.732809106852334,5.43480504573804e-17,-0.772340523000146,3.32921829989364e-17,-0.774859551020409,3.11984257501226e-20,0.979591836734694,6,"sex=Female;sex=Male;location=Left;location=Right;age_stratum=age_lower;age_stratum=age_upper",1,-0.789544688447807,-0.708465943942695,"False",7.14388822046381,6.36907567970148,4.7797224058898,-0.774812540762333,-1.58935327381168,"monotonic_down","True","False","True","True","True","True","True","True","True","True","True",0.884083332347481,"Tier 2 - provisional",-0.57940393597451,7.97606556392618e-09,TRUE
"CISD1",-0.593926163098156,1.39307364612642e-21,-0.594665285126284,4.28508855374943e-19,-0.603041074582133,2.89637876861362e-19,-0.59474257959038,5.89186849783891e-19,-0.594284346938775,2.36080092634036e-23,0.969387755102041,6,"sex=Female;sex=Male;location=Left;location=Right;age_stratum=age_lower;age_stratum=age_upper",1,-0.659220744038052,-0.511869556717745,"False",7.84378009400724,7.24985393090909,7.37173649416968,-0.593926163098155,0.121882563260596,"field_shift_then_plateau","True","False","True","True","True","True","True","True","True","True","True",0.883588915371526,"Tier 2 - provisional",-0.811242860209102,9.47164376206149e-26,TRUE
"RNFT1",-0.714837501665571,3.25499907375476e-21,-0.683825888487148,1.03797703027572e-17,-0.677132013392488,3.33070547730269e-17,-0.681863686162984,1.49562490062788e-17,-0.679478897959183,2.24201873537537e-16,0.989795918367347,6,"sex=Female;sex=Male;location=Left;location=Right;age_stratum=age_lower;age_stratum=age_upper",1,-0.766129623025611,-0.645830018651096,"False",6.90332336053587,6.1884858588703,5.8572666694223,-0.71483750166557,-0.331219189448001,"monotonic_down","True","False","True","True","True","True","True","True","True","True","True",0.882985639351718,"Tier 2 - provisional",-0.434323521420968,1.47793560441814e-07,FALSE
"ZFAND6",-0.679727060701536,1.13324960134961e-20,-0.668044215825885,7.47979350904062e-18,-0.678090732127838,4.82622329578006e-18,-0.665348811991271,1.09601235811513e-17,-0.678719285714283,3.28703174597981e-18,0.989795918367347,6,"sex=Female;sex=Male;location=Left;location=Right;age_stratum=age_lower;age_stratum=age_upper",1,-0.722713596387292,-0.656483667465086,"False",8.30929562183341,7.62956856113188,7.04179456586813,-0.679727060701532,-0.587773995263746,"monotonic_down","True","False","True","True","True","True","True","True","True","True","True",0.882874792263777,"Tier 2 - provisional",-0.767353547359421,3.11659666302885e-16,TRUE
"COL6A1",1.02480211761579,2.34751424777376e-17,0.99295500114746,1.39550872260992e-14,0.978083292408846,4.34930751547243e-14,0.994027231221278,1.6299168347935e-14,1.02671557142857,3.75912936921939e-24,0.989795918367347,6,"sex=Female;sex=Male;location=Left;location=Right;age_stratum=age_lower;age_stratum=age_upper",1,0.951504063403643,1.06032646711992,"False",4.21765609068849,5.24245820830428,5.12983885094695,1.02480211761579,-0.112619357357333,"field_shift_then_plateau","True","False","True","True","True","True","True","True","True","True","True",0.882719541595972,"Tier 2 - provisional",0.322409772640097,0.00176991815766994,FALSE
"XK",-0.680850113858207,7.36262833247648e-21,-0.669441791079813,5.83411343656379e-18,-0.647123660154551,1.92141127635716e-17,-0.666994970063609,8.55001996878432e-18,-0.681136326530612,2.54383822446445e-21,0.979591836734694,6,"sex=Female;sex=Male;location=Left;location=Right;age_stratum=age_lower;age_stratum=age_upper",1,-0.772825511511477,-0.604150647077369,"False",5.658294571851,4.97744445799279,4.37766395061691,-0.680850113858206,-0.599780507375879,"monotonic_down","True","False","True","True","True","True","True","True","True","True","True",0.88228771268819,"Tier 2 - provisional",-0.399423712042023,5.15833351806951e-08,FALSE
"RRAS2",-0.7469255097965,2.83956029223612e-20,-0.734900802534965,1.65388005973732e-17,-0.704810814741117,4.07705888354614e-17,-0.728041721371997,1.76809373319336e-17,-0.745464571428571,2.76412715592905e-21,0.969387755102041,6,"sex=Female;sex=Male;location=Left;location=Right;age_stratum=age_lower;age_stratum=age_upper",1,-0.832354426220209,-0.700708416725709,"False",7.50455626505699,6.75763075526049,5.82041704546701,-0.7469255097965,-0.937213709793473,"monotonic_down","True","False","True","True","True","True","True","True","True","True","True",0.882273279402136,"Tier 2 - provisional",-0.611024692983119,8.65594217632898e-10,TRUE
"HOOK2",-0.81833380438522,1.59587546413515e-17,-0.84426328314414,3.56865013274462e-16,-0.825027587827875,1.35586653292836e-15,-0.847033223866845,3.63052632696795e-16,-0.818040326530613,1.96842201440709e-18,0.979591836734694,6,"sex=Female;sex=Male;location=Left;location=Right;age_stratum=age_lower;age_stratum=age_upper",1,-0.831894379374352,-0.774130780911436,"False",6.60935445732521,5.79102065293999,5.71289817540106,-0.818333804385222,-0.0781224775389271,"field_shift_then_plateau","True","False","True","True","True","True","True","True","True","True","True",0.88201403995667,"Tier 2 - provisional",-0.568954112522815,3.54204805253708e-07,TRUE
"MKRN1",-0.579064714114203,4.24964097818105e-22,-0.572436576479144,3.14376250075142e-19,-0.553457707769055,9.70528810470625e-19,-0.573069626782469,4.15175832198758e-19,-0.577280857142856,1.32831538501019e-24,0.959183673469388,6,"sex=Female;sex=Male;location=Left;location=Right;age_stratum=age_lower;age_stratum=age_upper",1,-0.62003741150779,-0.49606137562848,"False",8.34678463829231,7.76771992417811,7.59333994705847,-0.579064714114199,-0.174379977119636,"monotonic_down","True","False","True","True","True","True","True","True","True","True","True",0.881504210749013,"Tier 2 - provisional",-0.340616384856013,4.15901660474273e-08,FALSE
"ANKRD50",0.677502001262535,6.61688538844511e-21,0.665533372342867,4.61171395274076e-18,0.656099881127907,1.71865065737538e-17,0.673701207171836,6.92227255983498e-19,0.677296795918365,2.37521538220763e-17,0.969387755102041,6,"sex=Female;sex=Male;location=Left;location=Right;age_stratum=age_lower;age_stratum=age_upper",1,0.617079512795112,0.719240489106678,"False",6.08374800936076,6.76125001062329,6.84723170940782,0.677502001262531,0.0859816987845363,"field_shift_then_plateau","True","False","True","True","True","True","True","True","True","True","True",0.881280189026168,"Tier 2 - provisional",0.508223048786598,3.19611286846967e-09,TRUE
"TMX1",-0.548045143739205,8.69016911080608e-23,-0.526216959994687,3.51536779476985e-19,-0.540870141871558,3.85746271846401e-20,-0.52574929830887,5.17977190984254e-19,-0.549356081632655,1.04370951887744e-21,0.979591836734694,6,"sex=Female;sex=Male;location=Left;location=Right;age_stratum=age_lower;age_stratum=age_upper",1,-0.590580465076692,-0.534736009263854,"False",7.51559829222058,6.96755314848137,6.84404025267863,-0.548045143739205,-0.123512895802743,"field_shift_then_plateau","True","False","True","True","True","True","True","True","True","True","True",0.880771682606571,"Tier 2 - provisional",-0.54320246667246,1.21743118672922e-14,TRUE
"LDLR",1.04021998179195,1.46874470161875e-17,0.988734203278825,1.97160901442597e-14,0.959930183634713,7.49614316818601e-14,0.986584603536951,2.6905215452739e-14,1.04085646938775,3.93756896619958e-19,0.979591836734694,6,"sex=Female;sex=Male;location=Left;location=Right;age_stratum=age_lower;age_stratum=age_upper",1,0.865024983489866,1.1588610191836,"False",5.5460347593611,6.58625474115305,6.74262145783904,1.04021998179194,0.156366716685993,"monotonic_up","True","False","True","True","True","True","True","True","True","True","True",0.879888271231071,"Tier 2 - provisional",1.05617611914217,1.8304459614148e-11,TRUE
"TRIM13",-0.652402905554694,1.18371284597105e-20,-0.646398471878425,5.79487698348178e-18,-0.661664594068649,1.35509314926457e-18,-0.641456019709726,7.09707858215674e-18,-0.651289142857142,1.94103384862381e-18,0.969387755102041,6,"sex=Female;sex=Male;location=Left;location=Right;age_stratum=age_lower;age_stratum=age_upper",1,-0.708611024802742,-0.554318794187234,"False",6.78801903954793,6.13561613399324,6.26378543629415,-0.652402905554693,0.128169302300915,"field_shift_then_plateau","True","False","True","True","True","True","True","True","True","True","True",0.879204968570328,"Tier 2 - provisional",-0.574114183821913,5.8530167764195e-11,TRUE
"PLXND1",0.714883637955352,3.3333323703714e-20,0.700349244253604,2.56277142397777e-17,0.696564020415117,6.83194704928686e-17,0.710002707325374,2.93713964239786e-18,0.713193551020408,1.70338516975542e-26,0.969387755102041,6,"sex=Female;sex=Male;location=Left;location=Right;age_stratum=age_lower;age_stratum=age_upper",1,0.660724926606571,0.732947739258358,"False",3.58422665525173,4.29911029320708,4.47749565736515,0.714883637955351,0.178385364158078,"monotonic_up","True","False","True","True","True","True","True","True","True","True","True",0.878446697655739,"Tier 2 - provisional",0.339141081959382,1.31892825866101e-08,FALSE
"CNIH4",-0.637088234492028,4.00829172610424e-21,-0.622982398060307,4.47143260671967e-18,-0.614956888827192,1.62853103055071e-17,-0.624622786276957,4.74687628037351e-18,-0.63715187755102,3.21755717730438e-23,0.969387755102041,6,"sex=Female;sex=Male;location=Left;location=Right;age_stratum=age_lower;age_stratum=age_upper",1,-0.71128403879203,-0.541194257649359,"False",8.71403939387035,8.07695115937832,7.97076551079274,-0.63708823449203,-0.106185648585578,"field_shift_then_plateau","True","False","True","True","True","True","True","True","True","True","True",0.878336659951271,"Tier 2 - provisional",-0.480604600288314,1.18800608689555e-09,FALSE
"RGS18",-0.609058627942295,5.29256298284403e-20,-0.618954094298722,4.39199748705338e-18,-0.621101857987791,7.47922182396273e-18,-0.61718629333006,6.39110593539549e-18,-0.610115285714287,6.52351995480323e-15,0.969387755102041,6,"sex=Female;sex=Male;location=Left;location=Right;age_stratum=age_lower;age_stratum=age_upper",1,-0.750859321050974,-0.530962302149982,"False",3.43850308215421,2.82944445421191,2.64975028511427,-0.609058627942297,-0.179694169097638,"monotonic_down","True","False","True","True","True","True","True","True","True","True","True",0.878104528300528,"Tier 2 - provisional",-0.709833799375255,9.16476548054346e-20,TRUE
"EGLN1",-0.699146769295084,6.87177838416522e-21,-0.674442729431265,1.3906615854304e-17,-0.655633344484609,5.1853267419822e-17,-0.681829213059984,3.37039886264373e-18,-0.699679224489795,3.31264669416963e-19,0.959183673469388,6,"sex=Female;sex=Male;location=Left;location=Right;age_stratum=age_lower;age_stratum=age_upper",1,-0.766068299654818,-0.572254026932723,"False",6.66354030585483,5.96439353655975,5.41957695981232,-0.699146769295082,-0.544816576747428,"monotonic_down","True","False","True","True","True","True","True","True","True","True","True",0.877034852182139,"Tier 2 - provisional",-0.50594406757015,1.17689481010008e-09,TRUE
"IGFBP3",0.990569712946913,2.08760318852848e-16,0.994841994439526,1.45756678680371e-14,0.964414945591013,5.36528812266477e-14,0.998734463881341,1.39205346576221e-14,0.987816040816327,1.79480700688063e-19,0.948979591836735,6,"sex=Female;sex=Male;location=Left;location=Right;age_stratum=age_lower;age_stratum=age_upper",1,0.946714004181396,1.04705035062713,"False",4.39472076255756,5.38529047550447,5.79374442905192,0.99056971294691,0.408453953547456,"monotonic_up","True","False","True","True","True","True","True","True","True","True","True",0.876888452268171,"Tier 2 - provisional",0.552563132288352,1.15235261803512e-05,TRUE
"SH3PXD2B",0.946334179543412,8.99428925768495e-19,0.898789484495802,1.6556918031587e-15,0.889731329555687,4.80904914300961e-15,0.91337285938005,1.47063913453234e-16,0.947281918367348,1.11080080081783e-24,0.948979591836735,6,"sex=Female;sex=Male;location=Left;location=Right;age_stratum=age_lower;age_stratum=age_upper",1,0.902314570581821,0.945612086628204,"False",4.76793404566751,5.71426822521092,6.81025765595271,0.946334179543412,1.09598943074179,"monotonic_up","True","False","True","True","True","True","True","True","True","True","True",0.876775051306902,"Tier 2 - provisional",0.380794680129963,0.000112670298925804,FALSE
"BCL2L10",-0.723118361615802,1.00459600168031e-18,-0.723725264508377,8.05010517194476e-17,-0.707983797605511,3.09575979827454e-16,-0.729735432199421,3.90795173330526e-17,-0.725253102040816,2.26989265626819e-12,0.969387755102041,6,"sex=Female;sex=Male;location=Left;location=Right;age_stratum=age_lower;age_stratum=age_upper",1,-0.853130271234919,-0.576181333997726,"False",3.14332170918852,2.42020334757272,2.36453288325059,-0.723118361615802,-0.055670464322127,"field_shift_then_plateau","True","False","True","True","True","True","True","True","True","True","True",0.876565758520048,"Tier 2 - provisional",-0.478641724235245,3.01406230000337e-07,FALSE
"CACHD1",0.550645582992876,5.32798161665814e-20,0.554098242984222,8.30416999862474e-18,0.54183232949014,3.25041061390939e-17,0.555827200687779,8.43711865677247e-18,0.551336734693878,3.37488767482995e-18,0.989795918367347,6,"sex=Female;sex=Male;location=Left;location=Right;age_stratum=age_lower;age_stratum=age_upper",1,0.501654387900546,0.588747557326322,"False",3.283448977413,3.83409456040587,3.96135400224306,0.550645582992873,0.127259441837184,"field_shift_then_plateau","True","False","True","True","True","True","True","True","True","True","True",0.874411461185316,"Tier 2 - provisional",0.369143510051444,5.04582723359927e-08,FALSE
"C11orf54",-0.738726905374464,3.65749935158261e-17,-0.770510637392118,3.87586605247999e-16,-0.760612936956824,1.26876030647899e-15,-0.775046328305518,2.92813038451819e-16,-0.739456979591837,3.11670699990643e-18,0.959183673469388,6,"sex=Female;sex=Male;location=Left;location=Right;age_stratum=age_lower;age_stratum=age_upper",1,-0.815690458592587,-0.702361836540701,"False",7.84091844047832,7.10219153510386,6.18092801924905,-0.738726905374461,-0.921263515854813,"monotonic_down","True","False","True","True","True","True","True","True","True","True","True",0.873574364882986,"Tier 2 - provisional",-0.570509561380052,8.46417840890384e-08,TRUE
"IER2",0.901518656004148,1.05804069898296e-19,0.827629079343752,9.08392471507826e-16,0.83993359289587,6.47404844670801e-16,0.820387512759007,1.12527074270998e-15,0.89973718367347,3.67279607847767e-25,0.948979591836735,6,"sex=Female;sex=Male;location=Left;location=Right;age_stratum=age_lower;age_stratum=age_upper",1,0.781347124406166,1.05403005781817,"False",6.77404520488976,7.67556386089391,7.95316620536529,0.901518656004147,0.277602344471373,"monotonic_up","True","False","True","True","True","True","True","True","True","True","True",0.873554350742255,"Tier 2 - provisional",0.818525311995794,4.49058350491754e-11,TRUE
"SHANK3",0.73479956564304,5.49470499818784e-19,0.721803323106937,2.32064661013674e-16,0.733922799056004,1.34455057993336e-16,0.726519747358222,1.54762464908777e-16,0.736341959183675,6.12982450691901e-25,0.969387755102041,6,"sex=Female;sex=Male;location=Left;location=Right;age_stratum=age_lower;age_stratum=age_upper",1,0.675527928939391,0.792089108035928,"False",3.6034107830603,4.33821034870335,4.33985993121829,0.734799565643041,0.0016495825149469,"field_shift_then_plateau","True","False","True","True","True","True","True","True","True","True","True",0.873144138016567,"Tier 2 - provisional",0.475369173093652,5.77031985223733e-07,FALSE
"GDPD1",-0.614976290722837,1.14550734362739e-19,-0.624820570225671,1.03379946657812e-17,-0.601682623283489,3.00167140518082e-17,-0.621709110750905,1.4551165263254e-17,-0.604030265306121,3.40494947536702e-16,0.948979591836735,6,"sex=Female;sex=Male;location=Left;location=Right;age_stratum=age_lower;age_stratum=age_upper",1,-0.677311682255171,-0.545877588964055,"False",4.10253418610947,3.48755789538663,3.52269966603436,-0.614976290722835,0.0351417706477352,"field_shift_then_plateau","True","False","True","True","True","True","True","True","True","True","True",0.87295258025177,"Tier 2 - provisional",-0.529350339068197,3.79626764642993e-10,TRUE
"COL5A1",0.920419653601558,4.65363411009228e-17,0.89740601180586,1.54450967757853e-14,0.897240506303708,2.8674318670784e-14,0.90563981691186,7.72065999075057e-15,0.921858571428571,1.26144907753376e-22,0.969387755102041,6,"sex=Female;sex=Male;location=Left;location=Right;age_stratum=age_lower;age_stratum=age_upper",1,0.808342277816128,1.0276484163383,"False",3.96698529199932,4.88740494560088,6.37936443861922,0.920419653601556,1.49195949301834,"monotonic_up","True","False","True","True","True","True","True","True","True","True","True",0.872664461330385,"Tier 2 - provisional",0.362984227232865,0.000512906669332416,FALSE
"DCUN1D1",-0.575737762342419,4.42385460487754e-20,-0.569768466280964,1.62533108054535e-17,-0.552516484787923,5.85416134854312e-17,-0.562512506941331,1.10116640029653e-17,-0.576205938775512,3.58347859899282e-18,0.979591836734694,6,"sex=Female;sex=Male;location=Left;location=Right;age_stratum=age_lower;age_stratum=age_upper",1,-0.614001506964231,-0.525764180951636,"False",6.16553965423641,5.58980189189399,5.6577305012998,-0.57573776234242,0.0679286094058131,"field_shift_then_plateau","True","False","True","True","True","True","True","True","True","True","True",0.871989853980212,"Tier 2 - provisional",-0.616601984843681,2.15695811200959e-14,TRUE
"SERPINE1",0.738910832559787,1.57437614821367e-19,0.702102673624848,2.20749579049742e-16,0.727382885458605,1.43248240443817e-17,0.709277785510452,7.56096318202655e-17,0.753111551020407,7.99945869484389e-22,0.969387755102041,6,"sex=Female;sex=Male;location=Left;location=Right;age_stratum=age_lower;age_stratum=age_upper",1,0.498992903964512,0.844864524321628,"False",2.89316483834171,3.6320756709015,4.20423440415947,0.738910832559787,0.572158733257978,"monotonic_up","True","False","True","True","True","True","True","True","True","True","True",0.871892013958577,"Tier 2 - provisional",0.646248633717314,2.08698880397648e-10,TRUE
"CCDC28A",-0.617265878332961,1.22065410016232e-17,-0.656542350780308,3.34603505730078e-17,-0.631786919262403,9.77121166779542e-17,-0.657977098943993,3.78398739078429e-17,-0.615417224489796,1.08124443506336e-19,0.948979591836735,6,"sex=Female;sex=Male;location=Left;location=Right;age_stratum=age_lower;age_stratum=age_upper",1,-0.654018272314422,-0.56972275092307,"False",8.725315910085,8.10805003175204,7.63683504656025,-0.617265878332958,-0.471214985191793,"monotonic_down","True","False","True","True","True","True","True","True","True","True","True",0.87157489184049,"Tier 2 - provisional",-0.49461277894499,1.51385499817507e-08,FALSE
"FBXO3",-0.536465062066273,1.27854887947338e-19,-0.546527466676742,9.26013708342126e-18,-0.547848260173317,1.70179652603576e-17,-0.543795929085313,1.28522260755577e-17,-0.535594836734695,7.41804680738478e-18,0.969387755102041,6,"sex=Female;sex=Male;location=Left;location=Right;age_stratum=age_lower;age_stratum=age_upper",1,-0.576426240774577,-0.507111725739189,"False",5.86229704350481,5.32583198143853,5.03563801761762,-0.536465062066271,-0.290193963820913,"monotonic_down","True","False","True","True","True","True","True","True","True","True","True",0.870617231092531,"Tier 2 - provisional",-0.611128644260125,2.32545987150623e-15,TRUE
"PCDH17",0.8853049324544,1.01544080453645e-16,0.860468780835628,4.12025576423316e-14,0.82629909660417,1.46095564361906e-13,0.865375235665663,3.34958879104044e-14,0.881771673469387,3.00208590778923e-23,0.989795918367347,6,"sex=Female;sex=Male;location=Left;location=Right;age_stratum=age_lower;age_stratum=age_upper",1,0.74416393826122,0.948337862917785,"False",2.76017239589161,3.64547732834601,4.46174775094231,0.885304932454399,0.816270422596299,"monotonic_up","True","False","True","True","True","True","True","True","True","True","True",0.869897728571937,"Tier 2 - provisional",0.346218227641233,0.0012670113782755,FALSE
"TWF1",-0.913946634557605,6.40906857739668e-17,-0.871509464175711,6.07705893261543e-14,-0.895005946110686,1.72724648860347e-14,-0.874421452793623,6.17418472307081e-14,-0.914227469387755,3.74762931171089e-14,0.989795918367347,6,"sex=Female;sex=Male;location=Left;location=Right;age_stratum=age_lower;age_stratum=age_upper",1,-0.997838795194856,-0.847423616319299,"False",6.065336049042,5.1513894144844,5.20748100129069,-0.9139466345576,0.0560915868062856,"field_shift_then_plateau","True","False","True","True","True","True","True","True","True","True","True",0.869480854008154,"Tier 2 - provisional",-0.910844584175373,1.11247483953792e-10,TRUE
"PTGR1",-0.840503730598503,6.92341158515655e-14,-0.913707080133733,4.69542337838681e-14,-0.862089524077593,9.79408610149989e-14,-0.90854355387537,6.57795134266809e-14,-0.840832367346938,2.31867849109856e-12,0.959183673469388,6,"sex=Female;sex=Male;location=Left;location=Right;age_stratum=age_lower;age_stratum=age_upper",1,-0.957452891574378,-0.744671814676877,"False",8.37604699017456,7.53554325957606,6.84339276714846,-0.840503730598503,-0.692150492427597,"monotonic_down","True","False","True","True","True","True","True","True","True","True","True",0.86892192509113,"Tier 2 - provisional",-0.869369873612952,2.95091874841481e-09,TRUE
"BCKDHB",-0.55999548680576,1.2619594476676e-18,-0.574187586855933,5.09444430692556e-17,-0.548394597179077,1.08165779134843e-16,-0.577648419341414,3.61635491873416e-17,-0.559357653061224,5.82479457187069e-18,0.979591836734694,6,"sex=Female;sex=Male;location=Left;location=Right;age_stratum=age_lower;age_stratum=age_upper",1,-0.610465328141366,-0.459183857121108,"False",7.86729109570692,7.30729560890116,7.02470203496164,-0.559995486805762,-0.282593573939518,"monotonic_down","True","False","True","True","True","True","True","True","True","True","True",0.868761541317213,"Tier 2 - provisional",-0.335780206495691,8.50251303051308e-07,FALSE
"ISLR",0.804553061595364,5.14912465847572e-18,0.778625671696697,3.84636773489046e-15,0.778504348846395,7.19016284717591e-15,0.790585101358922,4.65458609164952e-16,0.805347081632652,6.47215862336319e-25,0.969387755102041,6,"sex=Female;sex=Male;location=Left;location=Right;age_stratum=age_lower;age_stratum=age_upper",1,0.72878109477768,0.837186832352171,"False",2.68757121283425,3.49212427442961,3.84754791295553,0.804553061595364,0.355423638525922,"monotonic_up","True","False","True","True","True","True","True","True","True","True","True",0.868492578686205,"Tier 2 - provisional",0.344780961067925,0.000129387761949162,FALSE
"COL18A1",0.986851172837218,6.73548671599258e-17,0.925288212185994,1.17358283097447e-13,0.934416490019108,1.23512379932254e-13,0.930742066429364,9.32468454961392e-14,0.988017224489794,1.32144990867159e-19,0.969387755102041,6,"sex=Female;sex=Male;location=Left;location=Right;age_stratum=age_lower;age_stratum=age_upper",1,0.832675026671494,1.06941804402633,"False",4.43509696789905,5.42194814073627,6.30154439223762,0.986851172837218,0.879596251501352,"monotonic_up","True","False","True","True","True","True","True","True","True","True","True",0.868365167689754,"Tier 2 - provisional",0.327092883608539,0.00297005454574811,FALSE
"NRN1",0.944586467609172,1.59327467447288e-16,0.90944152651934,8.85265572883715e-14,0.898014768172899,2.58760482461187e-13,0.923338544172047,1.57972138684032e-14,0.943496959183674,3.65513518759149e-22,0.969387755102041,6,"sex=Female;sex=Male;location=Left;location=Right;age_stratum=age_lower;age_stratum=age_upper",1,0.814689097159436,1.00151801698554,"False",3.41720375789822,4.36179022550739,4.3641888608008,0.944586467609171,0.0023986352934146,"field_shift_then_plateau","True","False","True","True","True","True","True","True","True","True","True",0.868107834228399,"Tier 2 - provisional",0.281607570707321,0.00575347060005386,FALSE
"CHD4",0.561150042677607,5.45200256632673e-20,0.560459343119444,1.36037195406908e-17,0.548694617389509,5.25148334366924e-17,0.57138073062433,1.43159356479532e-19,0.561248653061224,8.78123091840948e-21,0.948979591836735,6,"sex=Female;sex=Male;location=Left;location=Right;age_stratum=age_lower;age_stratum=age_upper",1,0.518167827335549,0.578810281965628,"False",6.8528171177143,7.4139671603919,7.97939212682006,0.561150042677607,0.565424966428159,"monotonic_up","True","False","True","True","True","True","True","True","True","True","True",0.867503768558226,"Tier 2 - provisional",0.420704369896132,5.99425130670256e-09,FALSE
"NCK1",-0.644796783027922,1.21903896305359e-18,-0.655879586321736,8.05010517194476e-17,-0.606653725866463,6.55856772865126e-18,-0.6536483081852,1.15847055721614e-16,-0.645208244897962,7.9859330753571e-18,0.938775510204082,6,"sex=Female;sex=Male;location=Left;location=Right;age_stratum=age_lower;age_stratum=age_upper",1,-0.68145893339232,-0.588051113936419,"False",8.08222818786536,7.43743140483744,6.92830956900401,-0.644796783027922,-0.509121835833434,"monotonic_down","True","False","True","True","True","True","True","True","True","True","True",0.867346460807009,"Tier 2 - provisional",-0.42469581909174,2.90423005538821e-07,FALSE
"SCO1",-0.640696313577927,1.20479403149587e-18,-0.62885381576836,4.80751844531793e-16,-0.597818036733772,9.627734651109e-16,-0.63285262812747,3.37408848169294e-16,-0.640736653061224,3.60781928156635e-18,0.989795918367347,6,"sex=Female;sex=Male;location=Left;location=Right;age_stratum=age_lower;age_stratum=age_upper",1,-0.688591207644938,-0.53072103110592,"False",7.3735483685865,6.73285205500858,6.09781578987592,-0.640696313577924,-0.635036265132664,"monotonic_down","True","False","True","True","True","True","True","True","True","True","True",0.867160968327364,"Tier 2 - provisional",-0.373577836581874,3.90614060737542e-06,FALSE
"TP53TG1",-0.763676013902106,1.01544080453645e-16,-0.774708929218848,5.45102616217736e-15,-0.719293178405221,2.51056499664966e-15,-0.774467973465995,7.12248424242817e-15,-0.76324893877551,6.46422585475965e-16,0.959183673469388,6,"sex=Female;sex=Male;location=Left;location=Right;age_stratum=age_lower;age_stratum=age_upper",1,-0.782582413313598,-0.623749016909241,"False",6.53991587963986,5.77623986573776,5.09800536704125,-0.763676013902104,-0.678234498696509,"monotonic_down","True","False","True","True","True","True","True","True","True","True","True",0.865673460679636,"Tier 2 - provisional",-0.527982349338192,1.72608146399025e-06,TRUE
"WSB2",-0.603080297054241,1.23996375086494e-18,-0.592357194079073,4.52528490233695e-16,-0.590168985002805,1.07355419346021e-15,-0.59533791630282,3.79011043244292e-16,-0.578492530612242,1.76483931329485e-17,0.989795918367347,6,"sex=Female;sex=Male;location=Left;location=Right;age_stratum=age_lower;age_stratum=age_upper",1,-0.666285972199211,-0.549336863877535,"False",6.38540126280284,5.7823209657486,5.33375245870823,-0.603080297054242,-0.448568507040366,"monotonic_down","True","False","True","True","True","True","True","True","True","True","True",0.864741745581975,"Tier 2 - provisional",-0.502233984696475,6.27744648933602e-10,TRUE
"TMEM45A",0.984405566165903,9.4652817112855e-16,0.951407766445252,3.74765018731616e-13,0.917736964767096,1.37726377141149e-12,0.964904735043107,9.30731352060479e-14,0.98325,3.87929944872589e-20,0.948979591836735,6,"sex=Female;sex=Male;location=Left;location=Right;age_stratum=age_lower;age_stratum=age_upper",1,0.925680078892192,1.02538753888353,"False",4.26276952107445,5.24717508724035,5.48455975071489,0.984405566165901,0.237384663474539,"monotonic_up","True","False","True","True","True","True","True","True","True","True","True",0.863713646106711,"Tier 2 - provisional",0.272826079591926,0.0159701808480965,FALSE
"TRIB1",0.802785333685127,5.74565982921572e-17,0.789450304987235,1.46805994980325e-14,0.781306167239628,4.05694261966425e-14,0.787449958460852,2.00485749086177e-14,0.802377877551022,8.1675347139605e-24,0.959183673469388,6,"sex=Female;sex=Male;location=Left;location=Right;age_stratum=age_lower;age_stratum=age_upper",1,0.672180480521761,0.90272675842921,"False",5.85971549313402,6.66250082681915,6.61955911301391,0.802785333685125,-0.0429417138052334,"field_shift_then_plateau","True","False","True","True","True","True","True","True","True","True","True",0.863653090917405,"Tier 2 - provisional",0.958121488412319,1.18155736201359e-14,TRUE
"FMO5",-0.910589097443776,7.04568956652918e-16,-0.891942808789783,1.58089355711376e-13,-0.88710272644611,3.60117558388571e-13,-0.903659635282006,4.47189841888174e-14,-0.910232755102041,1.81612553963658e-17,0.959183673469388,6,"sex=Female;sex=Male;location=Left;location=Right;age_stratum=age_lower;age_stratum=age_upper",1,-1.00520676204734,-0.810154317518805,"False",6.58993258885835,5.67934349141458,4.28096216449791,-0.910589097443779,-1.39838132691667,"monotonic_down","True","False","True","True","True","True","True","True","True","True","True",0.863601420912714,"Tier 2 - provisional",-0.434759432432876,0.000320744552580721,FALSE
"HTRA3",0.957956180603963,8.06098272774012e-16,0.928235791403875,2.65692154637657e-13,0.956409385836759,6.0724543971223e-14,0.939045710276142,1.0003782962222e-13,0.954780163265307,2.96453860681083e-22,0.948979591836735,6,"sex=Female;sex=Male;location=Left;location=Right;age_stratum=age_lower;age_stratum=age_upper",1,0.768898846303955,1.1172142101045,"False",3.25437993840146,4.21233611900543,4.60409582664672,0.957956180603966,0.391759707641294,"monotonic_up","True","False","True","True","True","True","True","True","True","True","True",0.863125507285918,"Tier 2 - provisional",0.351933822340948,0.00320349992605884,FALSE
"MAP4K4",0.751473622598131,1.61139943165213e-17,0.742896049141331,3.98731598357021e-15,0.732986190531472,1.23334782294373e-14,0.753917116412174,5.54295864724278e-16,0.752471061224489,1.15682337767408e-19,0.948979591836735,6,"sex=Female;sex=Male;location=Left;location=Right;age_stratum=age_lower;age_stratum=age_upper",1,0.658184401024964,0.851486227810473,"False",4.46098150927761,5.21245513187575,6.02497854489379,0.751473622598131,0.812523413018046,"monotonic_up","True","False","True","True","True","True","True","True","True","True","True",0.862913369103617,"Tier 2 - provisional",0.399709127748825,4.78497952571246e-06,FALSE
"HSPG2",0.579906465092364,7.39786528595113e-20,0.544523732075724,2.93701782310045e-16,0.555271298156852,1.29895367717456e-16,0.544262974180799,3.87847057334737e-16,0.57917712244898,2.21992442307493e-23,0.989795918367347,6,"sex=Female;sex=Male;location=Left;location=Right;age_stratum=age_lower;age_stratum=age_upper",1,0.516732132768505,0.64389854620983,"False",4.59410183184076,5.17400829693312,5.08284137623087,0.579906465092363,-0.091166920702248,"field_shift_then_plateau","True","False","True","True","True","True","True","True","True","True","True",0.86266606504347,"Tier 2 - provisional",0.375506146807125,2.36850302043819e-07,FALSE
"SEPHS2",-0.657229579479875,7.5984755969388e-17,-0.664487894111429,5.00788731329773e-15,-0.648048384737739,1.85524560817616e-14,-0.670315200183965,2.53960205274691e-15,-0.657040285714285,7.63260332783848e-21,0.989795918367347,6,"sex=Female;sex=Male;location=Left;location=Right;age_stratum=age_lower;age_stratum=age_upper",1,-0.738842579938515,-0.593514885199072,"False",9.23162419971299,8.57439462023312,8.0572282816527,-0.657229579479877,-0.517166338580417,"monotonic_down","True","False","True","True","True","True","True","True","True","True","True",0.862436734004113,"Tier 2 - provisional",-0.359964131373509,3.86505769669154e-05,FALSE
"MAN1A1",-0.723934092107387,1.05421922807001e-16,-0.738007602915289,4.24833750174659e-15,-0.685778595741246,1.98298907044992e-15,-0.736781110256385,5.83819705770898e-15,-0.724907673469387,7.78516030309668e-15,0.948979591836735,6,"sex=Female;sex=Male;location=Left;location=Right;age_stratum=age_lower;age_stratum=age_upper",1,-0.829873400788381,-0.60643390173017,"False",7.92753734588313,7.20360325377575,6.03439411817857,-0.723934092107387,-1.16920913559718,"monotonic_down","True","False","True","True","True","True","True","True","True","True","True",0.862367491819126,"Tier 2 - provisional",-0.608609045828246,3.37801846960649e-08,TRUE
"SUCLA2",-0.594417297627642,3.38403692477126e-18,-0.60726434262451,1.59939191370262e-16,-0.60598376447095,3.48838252542107e-16,-0.601783536586178,1.84472684362591e-16,-0.59389318367347,1.15390068349853e-17,0.938775510204082,6,"sex=Female;sex=Male;location=Left;location=Right;age_stratum=age_lower;age_stratum=age_upper",1,-0.650424846069158,-0.564476727244456,"False",7.82615410342455,7.2317368057969,7.29253604573572,-0.594417297627643,0.0607992399388184,"field_shift_then_plateau","True","False","True","True","True","True","True","True","True","True","True",0.861744276674078,"Tier 2 - provisional",-0.681348991739118,1.21196317899062e-14,TRUE
"TOM1L1",-0.720017017097185,3.81337082093642e-17,-0.702447621610455,1.54450967757853e-14,-0.73364475275029,5.03123263254317e-16,-0.705567726839775,1.40908259399435e-14,-0.721117428571428,2.43076035527459e-19,0.989795918367347,6,"sex=Female;sex=Male;location=Left;location=Right;age_stratum=age_lower;age_stratum=age_upper",1,-0.766133542223284,-0.676089012229715,"False",6.23942708994592,5.51941007284874,5.63410466241901,-0.720017017097183,0.114694589570273,"field_shift_then_plateau","True","False","True","True","True","True","True","True","True","True","True",0.861654313925757,"Tier 2 - provisional",-0.500313801567088,1.04038619383731e-06,TRUE
"FRAT2",-0.666688020704363,8.42127370725863e-18,-0.641089806380282,6.85391135353195e-15,-0.663383761523235,6.88542670562572e-16,-0.6432356315406,6.90343356333339e-15,-0.668697673469389,1.17863017786589e-22,1,6,"sex=Female;sex=Male;location=Left;location=Right;age_stratum=age_lower;age_stratum=age_upper",1,-0.756432777295578,-0.535565163602314,"False",6.59209169588323,5.92540367517887,5.83826167201523,-0.666688020704362,-0.0871420031636445,"field_shift_then_plateau","True","False","True","True","True","True","True","True","True","True","True",0.861249711290781,"Tier 2 - provisional",-0.429786299112572,2.60601631609873e-06,FALSE
"ARHGAP23",0.636728474634705,1.55729505245521e-18,0.61273078097891,1.61148327909996e-15,0.600576552431135,5.9008937899521e-15,0.616039240262487,1.27344098383945e-15,0.637021653061225,1.75732463576816e-22,0.979591836734694,6,"sex=Female;sex=Male;location=Left;location=Right;age_stratum=age_lower;age_stratum=age_upper",1,0.60581065126846,0.650494429971704,"False",2.9522641847963,3.58899265943101,3.78489602855649,0.636728474634704,0.195903369125488,"monotonic_up","True","False","True","True","True","True","True","True","True","True","True",0.860799419577794,"Tier 2 - provisional",0.236394218352665,0.000351111268598641,FALSE
"B3GALNT1",0.916276218433676,1.47899508483134e-15,0.892599421434034,4.00383113577231e-13,0.878456812262168,1.20672142703971e-12,0.909131432638874,3.94423291869611e-14,0.897620122448979,4.31696007549989e-19,0.959183673469388,6,"sex=Female;sex=Male;location=Left;location=Right;age_stratum=age_lower;age_stratum=age_upper",1,0.781188959618177,0.995771956957985,"False",3.62561604422402,4.54189226265769,4.72483121728186,0.916276218433672,0.182938954624171,"monotonic_up","True","False","True","True","True","True","True","True","True","True","True",0.86076565665137,"Tier 2 - provisional",0.314167047471234,0.0053119316397236,FALSE
"GLYCTK",-0.627816664109216,9.45849633310282e-18,-0.629681528504045,1.11505355736655e-15,-0.58767373232703,6.11650168536656e-16,-0.630445170335942,1.33281627593904e-15,-0.624040836734694,2.7958689632651e-16,0.959183673469388,6,"sex=Female;sex=Male;location=Left;location=Right;age_stratum=age_lower;age_stratum=age_upper",1,-0.680213375852946,-0.573877124339671,"False",4.41460284209642,3.78678617798721,3.61359985904771,-0.627816664109214,-0.1731863189395,"monotonic_down","True","False","True","True","True","True","True","True","True","True","True",0.860237093048968,"Tier 2 - provisional",-0.34739359421447,1.15374206054482e-05,FALSE
"UBE2A",-0.770258182030683,1.91981837128748e-17,-0.72276675924803,3.93812171316973e-14,-0.681892328728339,8.16592693594529e-14,-0.727496407824618,2.88527572635532e-14,-0.76965893877551,1.07378232599937e-15,0.989795918367347,6,"sex=Female;sex=Male;location=Left;location=Right;age_stratum=age_lower;age_stratum=age_upper",1,-0.778790505216191,-0.677120444434776,"False",9.73811825670732,8.96786007467664,8.67330245838479,-0.770258182030684,-0.294557616291842,"monotonic_down","True","False","True","True","True","True","True","True","True","True","True",0.860202120180987,"Tier 2 - provisional",-0.469653942686151,9.90780340741679e-06,FALSE
"PTGER2",-0.802648797764154,1.06807242574863e-16,-0.786444624976025,2.91564297390909e-14,-0.748176734141379,8.16592693594529e-14,-0.775143155984054,2.3697746391676e-14,-0.80134830612245,4.69091206143e-17,0.948979591836735,6,"sex=Female;sex=Male;location=Left;location=Right;age_stratum=age_lower;age_stratum=age_upper",1,-0.918027848071648,-0.710513706304012,"False",5.37306036270139,4.57041156493724,4.02167695985356,-0.802648797764154,-0.548734605083678,"monotonic_down","True","False","True","True","True","True","True","True","True","True","True",0.859852169598486,"Tier 2 - provisional",-0.695912585646842,7.67673832225671e-09,TRUE
"ADCY3",0.589303941343225,2.35330386731871e-18,0.582492766206059,6.93026939322552e-16,0.579338587186949,1.73211385647751e-15,0.589741005221263,1.55162638195589e-16,0.589385510204082,8.30237531807282e-15,0.969387755102041,6,"sex=Female;sex=Male;location=Left;location=Right;age_stratum=age_lower;age_stratum=age_upper",1,0.521560289557448,0.641046785372327,"False",5.33016599538567,5.91946993672889,6.82160946376407,0.589303941343224,0.902139527035176,"monotonic_up","True","False","True","True","True","True","True","True","True","True","True",0.859799518909138,"Tier 2 - provisional",0.484916942479191,3.06819860778598e-09,FALSE
"LRRC28",-0.57074676166456,1.83500550874474e-18,-0.565484784244194,4.98349804047984e-16,-0.556214172401393,1.758697839067e-15,-0.56045746301657,5.98593648770681e-16,-0.569654612244898,9.88829942543104e-15,0.969387755102041,6,"sex=Female;sex=Male;location=Left;location=Right;age_stratum=age_lower;age_stratum=age_upper",1,-0.641656573780854,-0.520820473668484,"False",4.99028355513797,4.41953679347341,4.35582691030453,-0.57074676166456,-0.0637098831688778,"field_shift_then_plateau","True","False","True","True","True","True","True","True","True","True","True",0.859607633233222,"Tier 2 - provisional",-0.472045701450556,4.99631581098222e-09,FALSE
"RNF213",0.860399612556589,2.82705441043386e-15,0.875606962557193,9.60799956668132e-14,0.901248775272267,2.26633249194935e-14,0.889905391163063,1.38716203485993e-14,0.859630040816326,1.00549336753313e-15,0.928571428571429,6,"sex=Female;sex=Male;location=Left;location=Right;age_stratum=age_lower;age_stratum=age_upper",1,0.809309552722207,0.93102593196094,"False",3.87195418624659,4.73235379880318,5.10104897993725,0.86039961255659,0.368695181134067,"monotonic_up","True","False","True","True","True","True","True","True","True","True","True",0.859606180158516,"Tier 2 - provisional",0.954264480025679,4.26035495899171e-12,TRUE
"FOXC1",0.698189720432153,1.7005957412436e-17,0.669529658350786,1.4017851820109e-14,0.680575827778819,8.85741260695591e-15,0.677229277593736,4.6163796931846e-15,0.679423428571428,2.13753177467332e-22,0.989795918367347,6,"sex=Female;sex=Male;location=Left;location=Right;age_stratum=age_lower;age_stratum=age_upper",1,0.630761171389933,0.740932510807897,"False",2.56852274058859,3.26671246102074,3.4767876070964,0.698189720432151,0.210075146075659,"monotonic_up","True","False","True","True","True","True","True","True","True","True","True",0.859603810614447,"Tier 2 - provisional",0.382857310157514,3.26840743470244e-05,FALSE
"ENG",0.758251199682008,2.49935018490661e-17,0.731684825233592,1.46489153950959e-14,0.735703094676556,1.97493518464325e-14,0.738428444202118,7.20628663911388e-15,0.76007624489796,4.24687119712341e-18,0.959183673469388,6,"sex=Female;sex=Male;location=Left;location=Right;age_stratum=age_lower;age_stratum=age_upper",1,0.666177463162445,0.7867334005903,"False",5.22380269072219,5.98205389040419,6.27056086693617,0.758251199682005,0.28850697653198,"monotonic_up","True","False","True","True","True","True","True","True","True","True","True",0.859533687507023,"Tier 2 - provisional",0.342926548864449,2.39154061396163e-05,FALSE
"ABHD5",-0.774084976407565,3.33940905292861e-16,-0.783072363354754,1.86883439121852e-14,-0.727463910371823,1.23653151008984e-14,-0.782895254890357,2.36899367406059e-14,-0.775026959183675,2.69666840275964e-15,0.938775510204082,6,"sex=Female;sex=Male;location=Left;location=Right;age_stratum=age_lower;age_stratum=age_upper",1,-0.809549544230194,-0.636194690186023,"False",5.49027359092121,4.71618861451365,3.68315438951287,-0.774084976407566,-1.03303422500078,"monotonic_down","True","False","True","True","True","True","True","True","True","True","True",0.859533307285862,"Tier 2 - provisional",-0.548742541431421,1.00102164847767e-06,TRUE
"OXR1",-0.751706720726146,3.59302587680944e-16,-0.755794164095967,2.62153666258769e-14,-0.764147727897188,2.57981448768779e-14,-0.753619539876906,3.59868521450988e-14,-0.502433224489796,5.36586545297686e-16,0.959183673469388,6,"sex=Female;sex=Male;location=Left;location=Right;age_stratum=age_lower;age_stratum=age_upper",1,-0.812768276884437,-0.715150396919634,"False",5.55116028645384,4.79945356572769,4.7194150639705,-0.751706720726147,-0.0800385017571905,"field_shift_then_plateau","True","False","True","True","True","True","True","True","True","True","True",0.859450422675579,"Tier 2 - provisional",-0.943518606096139,4.95296711822586e-15,TRUE
"ELK3",0.678774150343313,3.04094069665515e-18,0.64522289890062,4.94926270148451e-15,0.631530937968922,1.77196454692381e-14,0.653681470366933,1.06888760025247e-15,0.67831612244898,2.78460480431546e-23,0.969387755102041,6,"sex=Female;sex=Male;location=Left;location=Right;age_stratum=age_lower;age_stratum=age_upper",1,0.616435593493383,0.697757294029497,"False",4.98552331094564,5.66429746128895,6.06307964190375,0.67877415034331,0.398782180614798,"monotonic_up","True","False","True","True","True","True","True","True","True","True","True",0.858181739891036,"Tier 2 - provisional",0.263232635240889,2.18562175868758e-05,FALSE
"HIVEP2",0.640054803095969,8.30005570828164e-18,0.630279738636903,2.30045705201932e-15,0.648590431213851,4.16690573880159e-16,0.638156382980405,5.37620775512877e-16,0.641902571428571,2.04840206899822e-19,0.959183673469388,6,"sex=Female;sex=Male;location=Left;location=Right;age_stratum=age_lower;age_stratum=age_upper",1,0.551984133833681,0.723771137832888,"False",3.53994893189291,4.18000373498888,4.31649974627135,0.64005480309597,0.136496011282473,"field_shift_then_plateau","True","False","True","True","True","True","True","True","True","True","True",0.858033262329037,"Tier 2 - provisional",0.508485879485904,5.36308783910882e-09,TRUE
"PARP9",0.911862770350023,3.43069592056623e-14,0.905974002391195,2.62983839925312e-12,0.937084614499132,5.01899212415021e-13,0.91475888590603,1.46488981588021e-12,0.911221795918367,2.84773486843787e-17,0.969387755102041,6,"sex=Female;sex=Male;location=Left;location=Right;age_stratum=age_lower;age_stratum=age_upper",1,0.750214161477535,1.07766749528269,"False",4.21481518399558,5.1266779543456,5.03655345402039,0.911862770350019,-0.0901245003252091,"field_shift_then_plateau","True","False","True","True","True","True","True","True","True","True","True",0.857339757596949,"Tier 2 - provisional",1.1515985585576,2.92888497584926e-13,TRUE
"ZNFX1",0.710869104029124,2.78114933813464e-16,0.714923089545731,2.12916524902837e-14,0.737745008754978,3.38477842406075e-15,0.717210808498471,2.16173995421092e-14,0.71100187755102,1.68004085025651e-20,0.959183673469388,6,"sex=Female;sex=Male;location=Left;location=Right;age_stratum=age_lower;age_stratum=age_upper",1,0.630447182294014,0.845208692934568,"False",5.41798161590953,6.12885071993865,6.13234558104137,0.710869104029119,0.0034948611027196,"field_shift_then_plateau","True","False","True","True","True","True","True","True","True","True","True",0.857176392825595,"Tier 2 - provisional",0.89302931555687,3.8050442719238e-15,TRUE
"VIP",4.72795273063213,1.33549627910183e-50,4.50260390837166,2.53658712236669e-45,4.53241916426765,3.73385083352462e-45,4.52976621365445,1.6755284681516e-46,4.72713491836735,6.22038475869338e-43,1,6,"sex=Female;sex=Male;location=Left;location=Right;age_stratum=age_lower;age_stratum=age_upper",1,4.42867168037183,5.10500735877675,"False",3.40927994204903,8.13723267268115,3.96818288301976,4.72795273063212,-4.16904978966139,"adjacent_specific","True","True","True","True","True","True","True","True","True","True","True",0.857142857142857,"Tier 2 - provisional",3.64594600968638,2.99503994744588e-33,TRUE
"EGR1",3.6446180794518,6.02213158236529e-47,3.52436207958351,7.35862743554162e-42,3.53207940003592,2.63194245410686e-41,3.51999363606312,1.79748400275924e-41,3.64660553061225,4.60444863247265e-48,1,6,"sex=Female;sex=Male;location=Left;location=Right;age_stratum=age_lower;age_stratum=age_upper",1,3.27525757528199,4.04799550862498,"False",4.81015114995984,8.45476922941163,7.94690450268444,3.64461807945179,-0.50786472672719,"adjacent_specific","True","True","True","True","True","True","True","True","True","True","True",0.857142857142857,"Tier 2 - provisional",3.10286429875562,3.12470504093397e-29,TRUE
"FOS",3.67060296612635,1.16844688582163e-46,3.54124109799949,1.29404234113876e-41,3.52650735483379,8.12643676075425e-41,3.53405202829842,2.91237202595311e-41,3.66883528571429,1.77831532982481e-42,1,6,"sex=Female;sex=Male;location=Left;location=Right;age_stratum=age_lower;age_stratum=age_upper",1,3.35438144655662,3.97079386308855,"False",5.56862289905396,9.2392258651803,8.05569077465911,3.67060296612635,-1.18353509052119,"adjacent_specific","True","True","True","True","True","True","True","True","True","True","True",0.857142857142857,"Tier 2 - provisional",3.47588891328686,2.16471335819872e-31,TRUE
"SFRP2",4.40400326815491,5.37638907261891e-43,4.29132220596745,3.3916751413888e-38,4.30845977301422,8.53194647898042e-38,4.3172429284187,5.67634345492061e-39,4.40541744897959,3.99300239862548e-50,1,6,"sex=Female;sex=Male;location=Left;location=Right;age_stratum=age_lower;age_stratum=age_upper",1,4.11762911714878,4.6181656951776,"False",2.38877356549869,6.7927768336536,4.15504998515268,4.40400326815491,-2.63772684850092,"adjacent_specific","True","True","True","True","True","True","True","True","True","True","True",0.857142857142857,"Tier 2 - provisional",3.13202647860602,6.90565949747971e-28,TRUE
"ADAMTS1",2.64991614591567,2.13130552695245e-41,2.57857248902115,7.91889798100038e-37,2.55358216756869,4.0027746585415e-36,2.59243269180444,2.11575979704207e-37,2.6486197755102,6.56793339557911e-51,1,6,"sex=Female;sex=Male;location=Left;location=Right;age_stratum=age_lower;age_stratum=age_upper",1,2.35534348504784,2.76143397409172,"False",3.87422017012054,6.52413631603621,4.93390483208982,2.64991614591566,-1.59023148394639,"adjacent_specific","True","True","True","True","True","True","True","True","True","True","True",0.857142857142857,"Tier 2 - provisional",1.80101970006418,2.45783196563231e-25,TRUE
"CD248",2.39106871297058,1.62202217615102e-37,2.34980900127554,2.52950721371704e-33,2.34638588411312,9.84691655372862e-33,2.36565081851951,3.97134004739786e-34,2.38668530612245,9.65869814125208e-47,1,6,"sex=Female;sex=Male;location=Left;location=Right;age_stratum=age_lower;age_stratum=age_upper",1,2.23923840835439,2.51341367777528,"False",4.32059090922675,6.71165962219733,6.32704830633624,2.39106871297058,-0.384611315861092,"non_monotonic","True","True","True","True","True","True","True","True","True","True","True",0.857142857142857,"Tier 2 - provisional",1.57678978978815,3.33678846527309e-23,TRUE
"OGN",3.53674396684044,5.70250388365678e-37,3.48144543012719,7.93075755537111e-33,3.41885230796127,2.67231219076211e-32,3.50899638289165,7.06470641513005e-34,3.54574653061224,1.94452252200483e-43,1,6,"sex=Female;sex=Male;location=Left;location=Right;age_stratum=age_lower;age_stratum=age_upper",1,3.28081171776653,3.66811986214241,"False",3.30635910781111,6.84310307465155,2.9400667799724,3.53674396684043,-3.90303629467915,"adjacent_specific","True","True","True","True","True","True","True","True","True","True","True",0.857142857142857,"Tier 2 - provisional",2.3090654949942,1.01211735886534e-21,TRUE
"EBF1",2.16672632646726,9.08001660576968e-34,2.12793894037124,4.29304403270903e-30,2.1242359818132,1.52804271051206e-29,2.1460978361027,3.77189650093417e-31,2.17047257142857,1.69513695164021e-42,1,6,"sex=Female;sex=Male;location=Left;location=Right;age_stratum=age_lower;age_stratum=age_upper",1,1.91549738464203,2.29681334941654,"False",3.24613916743097,5.41286549389822,3.81384045123165,2.16672632646725,-1.59902504266657,"adjacent_specific","True","True","True","True","True","True","True","True","True","True","True",0.857142857142857,"Tier 2 - provisional",1.44878007053157,2.15097035100238e-19,TRUE
"RERGL",3.16146887208054,3.51065264556156e-34,3.04042524819363,1.451717867135e-29,3.08251765887288,6.39249412855899e-30,3.06385387238633,2.14322024434957e-30,3.16110893877551,2.9335431751671e-43,1,6,"sex=Female;sex=Male;location=Left;location=Right;age_stratum=age_lower;age_stratum=age_upper",1,2.98058964567086,3.44183740717462,"False",2.418880992096,5.58034986417654,2.27535800882021,3.16146887208054,-3.30499185535633,"adjacent_specific","True","True","True","True","True","True","True","True","True","True","True",0.857142857142857,"Tier 2 - provisional",2.36210747776964,6.72870113361599e-18,TRUE
"SLIT3",2.13701034477997,5.09915664001344e-32,2.13240826724576,1.35006083158503e-28,2.14676411580265,2.0116920190279e-28,2.14580972185164,4.76580721025945e-29,2.13931510204082,1.58833805895065e-40,1,6,"sex=Female;sex=Male;location=Left;location=Right;age_stratum=age_lower;age_stratum=age_upper",1,1.96723688572622,2.28992631953589,"False",2.74377658602721,4.88078693080717,2.9414366436719,2.13701034477996,-1.93935028713527,"adjacent_specific","True","True","True","True","True","True","True","True","True","True","True",0.857142857142857,"Tier 2 - provisional",1.36570065021895,2.38351887171951e-17,TRUE
"TAC1",2.96522267683534,5.40838358860503e-25,2.80275508289406,7.87135096771997e-21,2.84610361039885,4.24805312435085e-21,2.82729803660716,2.36243442073146e-21,2.96069710204082,1.26772336295144e-32,1,6,"sex=Female;sex=Male;location=Left;location=Right;age_stratum=age_lower;age_stratum=age_upper",1,2.62062995709256,3.28144958697861,"False",2.5447449451992,5.50996762203454,4.18741120487439,2.96522267683534,-1.32255641716015,"adjacent_specific","True","True","True","True","True","True","True","True","True","True","True",0.857142857142857,"Tier 2 - provisional",1.64156125885456,4.02712404633493e-09,TRUE
"GLUD1",-0.563899634576613,2.57583251187589e-17,-0.57583562315113,8.82118395712422e-16,-0.545585426617987,1.51822965665207e-15,-0.57498297862365,1.21016788102105e-15,-0.563387673469387,5.41169394637664e-14,0.959183673469388,6,"sex=Female;sex=Male;location=Left;location=Right;age_stratum=age_lower;age_stratum=age_upper",1,-0.663719761368181,-0.467088345504397,"False",8.60430229757471,8.04040266299811,7.74156976832947,-0.563899634576606,-0.298832894668639,"monotonic_down","True","False","True","True","True","True","True","True","True","True","True",0.857117877299586,"Tier 2 - provisional",-0.566006911645516,4.03233924029856e-11,TRUE
"TPD52",-0.733584140843568,6.19601293011693e-16,-0.715403167225014,1.53180233984017e-13,-0.72903749856748,8.74596188184501e-14,-0.71567560921411,1.86728338588136e-13,-0.732317897959184,7.47444577659049e-21,1,6,"sex=Female;sex=Male;location=Left;location=Right;age_stratum=age_lower;age_stratum=age_upper",1,-0.817580619123888,-0.665435553258758,"False",9.66686096218152,8.93327682133796,8.58591591243041,-0.733584140843561,-0.347360908907552,"monotonic_down","True","False","True","True","True","True","True","True","True","True","True",0.856920206740525,"Tier 2 - provisional",-0.459827919833059,2.35014166737985e-05,FALSE
"NUDT6",-0.669648040708517,2.3457326120242e-16,-0.671249995319498,1.49449018075068e-14,-0.678601185166417,1.43075889189928e-14,-0.662794177832901,1.40908259399435e-14,-0.668235285714284,2.60935870439565e-17,0.969387755102041,6,"sex=Female;sex=Male;location=Left;location=Right;age_stratum=age_lower;age_stratum=age_upper",1,-0.812976288186675,-0.547980026645646,"False",6.10223571080497,5.43258767009645,4.75737607336233,-0.669648040708521,-0.675211596734112,"monotonic_down","True","False","True","True","True","True","True","True","True","True","True",0.856612585637831,"Tier 2 - provisional",-0.638680016384471,1.17845270926177e-09,TRUE
"HEATR5A",-0.707273851450399,5.00504639243083e-17,-0.685856834218956,2.15258808356599e-14,-0.68879850029386,3.18815210402739e-14,-0.674000497865947,1.17120601845792e-14,-0.707576653061224,5.95562632061995e-16,0.969387755102041,6,"sex=Female;sex=Male;location=Left;location=Right;age_stratum=age_lower;age_stratum=age_upper",1,-0.791111544977985,-0.599245052440722,"False",5.71808790121597,5.01081404976557,4.54238489372533,-0.707273851450399,-0.468429156040242,"monotonic_down","True","False","True","True","True","True","True","True","True","True","True",0.85652401794628,"Tier 2 - provisional",-0.565428215587315,5.78214633584084e-08,TRUE
"EHHADH",-0.870324371289065,7.40831425833445e-14,-0.893599710387812,1.01102546576331e-12,-0.84278499247672,2.63726916486729e-12,-0.889458164362601,1.41346560094965e-12,-0.871797959183674,3.03482146234897e-12,0.948979591836735,6,"sex=Female;sex=Male;location=Left;location=Right;age_stratum=age_lower;age_stratum=age_upper",1,-1.04760680636425,-0.736894403053982,"False",5.65178965163595,4.78146528034689,3.8580545096565,-0.870324371289064,-0.923410770690392,"monotonic_down","True","False","True","True","True","True","True","True","True","True","True",0.856505906041796,"Tier 2 - provisional",-0.614519777295773,2.02043828091073e-05,TRUE
"ESYT1",0.617916989263528,8.31652612468407e-18,0.593620231304837,8.13213399156833e-15,0.59609976788534,1.19389014084664e-14,0.600705999341253,2.33953407074746e-15,0.617801183673469,4.37053747173366e-19,0.989795918367347,6,"sex=Female;sex=Male;location=Left;location=Right;age_stratum=age_lower;age_stratum=age_upper",1,0.587247872450066,0.640683568347306,"False",8.08719013917032,8.70510712843385,9.10574255745568,0.617916989263529,0.400635429021836,"monotonic_up","True","False","True","True","True","True","True","True","True","True","True",0.855870829675613,"Tier 2 - provisional",0.315279704468183,3.95181148009015e-05,FALSE
"GREM1",2.67039134601187,3.87719939175839e-35,2.66524638927404,9.40490515157027e-32,2.62707093813038,4.29569607329588e-31,2.67116102424316,1.04051066980731e-31,2.67016669387755,3.5439428100216e-26,0.989795918367347,6,"sex=Female;sex=Male;location=Left;location=Right;age_stratum=age_lower;age_stratum=age_upper",1,2.48531001470014,2.95589047729944,"False",5.16033483621784,7.83072618222971,7.28373852892626,2.67039134601187,-0.546987653303449,"adjacent_specific","True","True","True","True","True","True","True","True","True","True","True",0.855685131195335,"Tier 2 - provisional",1.95590537938705,1.24688782939978e-19,TRUE
"C3",3.31938394862415,7.06167505865949e-35,3.28962569948743,5.15370740828286e-31,3.30102240231907,1.33950482329638e-30,3.31664445773044,6.00610529001774e-32,3.31808551020408,1.3605340245916e-27,0.989795918367347,6,"sex=Female;sex=Male;location=Left;location=Right;age_stratum=age_lower;age_stratum=age_upper",1,2.94966553696979,3.53216050960978,"False",5.06235958008221,8.38174352870636,7.09975577954563,3.31938394862415,-1.28198774916073,"adjacent_specific","True","True","True","True","True","True","True","True","True","True","True",0.855685131195335,"Tier 2 - provisional",2.47464607407526,1.39849262804782e-23,TRUE
"IGFBP6",3.19958428420052,1.52630552658094e-34,3.14788184189435,1.80384915939996e-30,3.09636701627813,6.91408872857235e-30,3.17259642114952,2.38436386478641e-31,3.19460163265306,1.51077388068475e-43,0.989795918367347,6,"sex=Female;sex=Male;location=Left;location=Right;age_stratum=age_lower;age_stratum=age_upper",1,2.95068886608831,3.3129238876933,"False",3.5283261503379,6.72791043453841,4.25936876714898,3.19958428420051,-2.46854166738943,"adjacent_specific","True","True","True","True","True","True","True","True","True","True","True",0.855685131195335,"Tier 2 - provisional",1.87128042626669,1.16975996522225e-20,TRUE
"CILP",3.1998097692273,2.13352411673679e-33,3.08198151784203,1.45830803747053e-29,3.03933409210318,6.39582385775337e-29,3.11232709252702,6.22083993864659e-31,3.20132559183673,1.62972189118201e-41,0.989795918367347,6,"sex=Female;sex=Male;location=Left;location=Right;age_stratum=age_lower;age_stratum=age_upper",1,2.76062834185723,3.31313699350244,"False",2.88150783862219,6.08131760784949,3.07146732492275,3.1998097692273,-3.00985028292674,"adjacent_specific","True","True","True","True","True","True","True","True","True","True","True",0.855685131195335,"Tier 2 - provisional",1.79343950388502,2.03737231914593e-19,TRUE
"SFRP1",2.34103959499527,5.37671164065317e-33,2.33177209965445,1.45830803747053e-29,2.28649476515392,4.92212430242431e-29,2.35275937712202,1.07326440366526e-30,2.33775826530612,1.36168760511849e-41,0.989795918367347,6,"sex=Female;sex=Male;location=Left;location=Right;age_stratum=age_lower;age_stratum=age_upper",1,2.2043867563044,2.38054636336768,"False",3.17299018341225,5.51402977840752,2.65757674244315,2.34103959499527,-2.85645303596437,"adjacent_specific","True","True","True","True","True","True","True","True","True","True","True",0.855685131195335,"Tier 2 - provisional",1.53616044056123,8.6136592109828e-18,TRUE
"MGP",2.98323327103368,4.08986946323381e-34,2.86522453021934,1.75217912590958e-29,2.85406691493882,6.93825007877261e-29,2.87891923025647,1.08467859104005e-29,2.98315746938775,4.28663242189213e-43,0.989795918367347,6,"sex=Female;sex=Male;location=Left;location=Right;age_stratum=age_lower;age_stratum=age_upper",1,2.73147679677755,3.21000544130689,"False",4.37062196855128,7.35385523958496,5.63950591713406,2.98323327103368,-1.7143493224509,"adjacent_specific","True","True","True","True","True","True","True","True","True","True","True",0.855685131195335,"Tier 2 - provisional",1.66770625296153,1.4601723530362e-19,TRUE
"MFAP5",3.36644975837782,6.23094302242607e-33,3.33125754559185,1.95313209322076e-29,3.27490448427652,7.95951891607147e-29,3.36867987277199,3.70886944267116e-31,3.36580044897959,5.94030690124391e-42,0.989795918367347,6,"sex=Female;sex=Male;location=Left;location=Right;age_stratum=age_lower;age_stratum=age_upper",1,3.07053791247038,3.45767344034963,"False",2.89492462365932,6.26137438203713,3.56913035763687,3.36644975837781,-2.69224402440026,"adjacent_specific","True","True","True","True","True","True","True","True","True","True","True",0.855685131195335,"Tier 2 - provisional",1.94637190494883,4.60882139811157e-19,TRUE
"LYVE1",2.10707158741141,3.26371534512371e-29,2.12395730927385,2.33037228840892e-26,2.07286901529018,7.05280247670387e-26,2.13944400351429,6.68439782183339e-27,2.10690571428572,1.30550413503048e-37,0.989795918367347,6,"sex=Female;sex=Male;location=Left;location=Right;age_stratum=age_lower;age_stratum=age_upper",1,2.02877345023735,2.13452813272036,"False",3.75338152713056,5.86045311454196,3.43291606990413,2.1070715874114,-2.42753704463783,"adjacent_specific","True","True","True","True","True","True","True","True","True","True","True",0.855685131195335,"Tier 2 - provisional",1.1504767524712,8.16507737757465e-16,TRUE
"PCOLCE2",3.01727184336497,1.53801401141342e-28,2.99613728837588,2.96631676347778e-25,2.95269968019167,1.34614462164159e-24,3.02528895383119,3.26883863899663e-26,3.01972640816327,2.98531015507333e-36,0.989795918367347,6,"sex=Female;sex=Male;location=Left;location=Right;age_stratum=age_lower;age_stratum=age_upper",1,2.81686942482376,3.09765506159119,"False",2.51641073438627,5.53368257775124,2.73757114449677,3.01727184336496,-2.79611143325447,"adjacent_specific","True","True","True","True","True","True","True","True","True","True","True",0.855685131195335,"Tier 2 - provisional",1.80601440295749,4.42944889437248e-13,TRUE
"CCDC80",2.40108385416312,3.48256458845197e-27,2.36616928072144,6.90361789647389e-24,2.37528358473272,1.34150260641282e-23,2.38404803473696,2.23645070620503e-24,2.40143844897959,1.58038388022148e-34,0.989795918367347,6,"sex=Female;sex=Male;location=Left;location=Right;age_stratum=age_lower;age_stratum=age_upper",1,2.08541656923651,2.53297951561336,"False",3.01227503830406,5.41335889246717,3.55510434336789,2.40108385416311,-1.85825454909928,"adjacent_specific","True","True","True","True","True","True","True","True","True","True","True",0.855685131195335,"Tier 2 - provisional",1.31081476362562,1.12008016984521e-12,TRUE
"DPT",2.91139344430416,1.09304340736759e-25,2.78309634706263,1.08263230008921e-21,2.73806366546058,4.55592452486106e-21,2.81127698440792,1.8606620882645e-22,2.91069163265306,3.9856301604539e-33,0.989795918367347,6,"sex=Female;sex=Male;location=Left;location=Right;age_stratum=age_lower;age_stratum=age_upper",1,2.66553933623196,3.04069790201695,"False",2.65692776202699,5.56832120633114,2.66180947382365,2.91139344430416,-2.90651173250749,"adjacent_specific","True","True","True","True","True","True","True","True","True","True","True",0.855685131195335,"Tier 2 - provisional",1.34809427898434,1.83347874450919e-09,TRUE
"TGFBR3",1.98967950635164,3.66575978637401e-34,1.98965033914974,3.35868550394823e-31,1.96493453402552,1.48200161211676e-30,1.99797235468244,2.22321535671162e-31,1.98577791836735,2.19378218923976e-41,0.989795918367347,6,"sex=Female;sex=Male;location=Left;location=Right;age_stratum=age_lower;age_stratum=age_upper",1,1.9161585175023,2.04602363539646,"False",5.97881038861967,7.96848989497131,6.82957529177247,1.98967950635164,-1.13891460319885,"adjacent_specific","True","True","True","True","True","True","True","True","True","True","True",0.854945869706031,"Tier 2 - provisional",1.27227685602285,1.25357781214516e-19,TRUE
"ATP6V0D2",-0.678850104549419,4.89581741972131e-17,-0.67118158082618,1.02494255283337e-14,-0.65860362539744,3.48725237459522e-14,-0.670069462891331,1.38272006824025e-14,-0.679022408163266,5.44667402392094e-13,0.948979591836735,6,"sex=Female;sex=Male;location=Left;location=Right;age_stratum=age_lower;age_stratum=age_upper",1,-0.745150423976197,-0.581373618667079,"False",3.74324514183981,3.06439503729039,2.79186543733509,-0.67885010454942,-0.272529599955305,"monotonic_down","True","False","True","True","True","True","True","True","True","True","True",0.854862200862589,"Tier 2 - provisional",-0.599803883964914,8.39998669820098e-10,TRUE
"DTX4",-0.797452385398513,8.33296109025752e-16,-0.771942295721042,2.67935252837761e-13,-0.732084806573775,7.73770322345047e-13,-0.778699433552857,1.53690145833634e-13,-0.795451224489796,8.43029023663962e-20,0.969387755102041,6,"sex=Female;sex=Male;location=Left;location=Right;age_stratum=age_lower;age_stratum=age_upper",1,-0.900427098407278,-0.666145202501459,"False",8.89632130329664,8.09886891789812,7.5741773811133,-0.797452385398516,-0.52469153678482,"monotonic_down","True","False","True","True","True","True","True","True","True","True","True",0.854851058577084,"Tier 2 - provisional",-0.322102826412288,0.00198983952564121,FALSE
"RSPO3",2.38129335456094,3.23833208067226e-36,2.38809110287165,7.93075755537111e-33,2.36700387003025,3.89771839335847e-32,2.4122859666111,1.38684403313427e-34,2.37947706122449,1.66007482168536e-39,0.979591836734694,6,"sex=Female;sex=Male;location=Left;location=Right;age_stratum=age_lower;age_stratum=age_upper",1,2.22928263478467,2.49440024011501,"False",4.66530733102402,7.04660068558496,5.12470942811262,2.38129335456093,-1.92189125747234,"adjacent_specific","True","True","True","True","True","True","True","True","True","True","True",0.854227405247813,"Tier 2 - provisional",1.63044632688379,3.60554875661575e-23,TRUE
"FBLN2",2.22986941440363,4.47437488158487e-35,2.17997432281472,4.55624913775307e-31,2.1799280253362,1.47331229798637e-30,2.20501024436954,5.19918360573467e-33,2.2308512244898,3.60541248196716e-44,0.979591836734694,6,"sex=Female;sex=Male;location=Left;location=Right;age_stratum=age_lower;age_stratum=age_upper",1,2.09972571699088,2.30913446936167,"False",4.21804782850696,6.44791724291059,4.92556237892338,2.22986941440363,-1.52235486398721,"adjacent_specific","True","True","True","True","True","True","True","True","True","True","True",0.854227405247813,"Tier 2 - provisional",1.43499903845493,9.16476548054346e-20,TRUE
"SRPX",2.16880664596357,3.43141247231219e-29,2.10806658962308,2.83699254485821e-25,2.08250058502807,1.26872017689222e-24,2.12113872906615,1.22760217588817e-25,2.16753285714286,1.76564799105226e-36,0.979591836734694,6,"sex=Female;sex=Male;location=Left;location=Right;age_stratum=age_lower;age_stratum=age_upper",1,2.01202116269968,2.21412690420327,"False",5.48665036378848,7.65545700975205,4.63592988251559,2.16880664596356,-3.01952712723645,"adjacent_specific","True","True","True","True","True","True","True","True","True","True","True",0.854227405247813,"Tier 2 - provisional",1.0803915967115,4.8405349736525e-14,TRUE
"CCNJL",-0.561101305218506,1.52002935524893e-16,-0.571788499418708,1.31731294002214e-15,-0.546734242989771,3.64238140407389e-15,-0.573333504494964,1.39981156233627e-15,-0.56069893877551,8.1925805489232e-16,0.948979591836735,6,"sex=Female;sex=Male;location=Left;location=Right;age_stratum=age_lower;age_stratum=age_upper",1,-0.676179570883991,-0.508627877534563,"False",3.84668705851705,3.28558575329854,3.00676637904145,-0.561101305218504,-0.278819374257095,"monotonic_down","True","False","True","True","True","True","True","True","True","True","True",0.854127056235595,"Tier 2 - provisional",-0.343676308562522,4.43830446265639e-06,FALSE
"PHLDA1",0.895784462196087,4.57437802196529e-15,0.884492648803922,4.6475789800264e-13,0.886919224456187,7.28054254599701e-13,0.896671790944441,1.27348540398629e-13,0.894414571428573,3.94060756518976e-20,0.918367346938776,6,"sex=Female;sex=Male;location=Left;location=Right;age_stratum=age_lower;age_stratum=age_upper",1,0.694568650322564,1.0209972896125,"False",3.92251640590705,4.81830086810313,7.43384306802356,0.895784462196083,2.61554219992042,"monotonic_up","True","False","True","True","True","True","True","True","True","True","True",0.853893190342819,"Tier 2 - provisional",0.529218474826575,7.41464185467588e-05,TRUE
"ENC1",0.617273840657426,5.72286124957511e-17,0.616035632318464,7.23922438212365e-15,0.600413655064415,2.68080505422561e-14,0.616239314566378,9.0463220196412e-15,0.614585755102042,1.04908379294358e-17,0.959183673469388,6,"sex=Female;sex=Male;location=Left;location=Right;age_stratum=age_lower;age_stratum=age_upper",1,0.504045476287739,0.705179530150472,"False",6.40284296601607,7.02011680667349,8.86234014933492,0.617273840657425,1.84222334266142,"monotonic_up","True","False","True","True","True","True","True","True","True","True","True",0.853459555390257,"Tier 2 - provisional",0.807644409474871,1.92504966780929e-17,TRUE
"CDC42SE2",-0.887409236271011,5.04189938236886e-14,-0.861782134241903,9.23953025568969e-12,-0.829543837769927,3.37016707190435e-11,-0.863262347495518,1.03240741083121e-11,-0.886778979591837,2.55936861776809e-18,0.989795918367347,6,"sex=Female;sex=Male;location=Left;location=Right;age_stratum=age_lower;age_stratum=age_upper",1,-0.988715688749698,-0.787135453698337,"False",7.73939460659564,6.85198537032463,5.74636443784712,-0.887409236271014,-1.10562093247751,"monotonic_down","True","False","True","True","True","True","True","True","True","True","True",0.853200641555899,"Tier 2 - provisional",-0.380724982848066,0.00480254338722285,FALSE
"TCEAL4",0.876805383372833,6.63308078713201e-16,0.834483745100689,4.78972814272177e-13,0.803823338345823,1.74676774487059e-12,0.842569900884312,2.49852972324347e-13,0.875455714285716,8.48584055216614e-22,0.938775510204082,6,"sex=Female;sex=Male;location=Left;location=Right;age_stratum=age_lower;age_stratum=age_upper",1,0.790705122173184,0.925102497223509,"False",7.67018000066607,8.5469853840389,9.00326783009842,0.87680538337283,0.456282446059518,"monotonic_up","True","False","True","True","True","True","True","True","True","True","True",0.853143119934513,"Tier 2 - provisional",0.175242055247438,0.0420211373891251,FALSE
"EFEMP1",2.30608017855748,6.10935225228219e-27,2.24479105328752,2.49673691843474e-23,2.15872612524132,2.48287843675944e-23,2.26150056962766,9.02960557264783e-24,2.30451571428571,1.47339474419081e-27,0.969387755102041,6,"sex=Female;sex=Male;location=Left;location=Right;age_stratum=age_lower;age_stratum=age_upper",1,2.11693242960937,2.37247153140104,"False",5.93769210772994,8.24377228628742,6.23808915742005,2.30608017855748,-2.00568312886736,"adjacent_specific","True","True","True","True","True","True","True","True","True","True","True",0.852769679300292,"Tier 2 - provisional",1.20487344252713,8.04956269873039e-12,TRUE
"PEX11A",-0.784764032900543,7.8085934189084e-15,-0.792798861732826,3.32729059251186e-13,-0.733841087994736,3.10898612368321e-13,-0.790287119373021,4.52097135379164e-13,-0.784317632653062,9.05446299072793e-17,0.948979591836735,6,"sex=Female;sex=Male;location=Left;location=Right;age_stratum=age_lower;age_stratum=age_upper",1,-0.875921787139821,-0.563328642714794,"False",7.17263772741368,6.38787369451313,5.15992990051236,-0.784764032900544,-1.22794379400077,"monotonic_down","True","False","True","True","True","True","True","True","True","True","True",0.852753498014006,"Tier 2 - provisional",-0.432922020149606,0.000191563878339837,FALSE
"AHI1",0.567333390555965,5.44489612057273e-17,0.565619524678488,4.72008965478465e-15,0.547196691258307,1.72194248592382e-14,0.564052555883076,6.63800012451724e-15,0.56703712244898,6.03222116701065e-13,0.969387755102041,6,"sex=Female;sex=Male;location=Left;location=Right;age_stratum=age_lower;age_stratum=age_upper",1,0.494501732381399,0.70375034798634,"False",4.18972285612799,4.75705624668395,4.67111182872384,0.567333390555965,-0.0859444179601078,"field_shift_then_plateau","True","False","True","True","True","True","True","True","True","True","True",0.852642857864249,"Tier 2 - provisional",0.586043422185223,1.90814514084448e-11,TRUE
"UCHL1",2.05092864618413,5.77401555598961e-27,1.95577231853945,9.17446901848173e-23,1.95478613543293,2.35207932149315e-22,1.97770898190108,8.61845241068629e-24,2.04204191836735,3.02228320486271e-34,0.989795918367347,6,"sex=Female;sex=Male;location=Left;location=Right;age_stratum=age_lower;age_stratum=age_upper",1,1.94323429468118,2.11396405040363,"False",3.12998084940819,5.18090949559231,3.52719032026174,2.05092864618413,-1.65371917533057,"adjacent_specific","True","True","True","True","True","True","True","True","True","True","True",0.85252601109101,"Tier 2 - provisional",1.05071766170496,1.04897163570778e-10,TRUE
"GK",-0.892963701781811,1.63514585338392e-14,-0.887436861283789,1.2609522941518e-12,-0.840742277029944,3.75270345910764e-12,-0.889149270164327,1.41346560094965e-12,-0.891705877551021,6.27423837026508e-16,0.928571428571429,6,"sex=Female;sex=Male;location=Left;location=Right;age_stratum=age_lower;age_stratum=age_upper",1,-1.05089285346488,-0.810203572737461,"False",7.20151065174606,6.30854694996425,6.38333741587445,-0.892963701781805,0.0747904659101958,"field_shift_then_plateau","True","False","True","True","True","True","True","True","True","True","True",0.852464989486631,"Tier 2 - provisional",-0.408632433237771,0.00150765749812447,FALSE
"HYAL2",0.544829583560558,3.80639235428871e-18,0.530023304559996,2.30577483708804e-15,0.515699313059959,8.67148495058879e-15,0.534239150600821,1.27333644716304e-15,0.546399183673468,1.34455437552041e-21,0.969387755102041,6,"sex=Female;sex=Male;location=Left;location=Right;age_stratum=age_lower;age_stratum=age_upper",1,0.442718534209097,0.607853421122035,"False",6.38201159109369,6.92684117465424,7.68142057368283,0.544829583560555,0.75457939902859,"monotonic_up","True","False","True","True","True","True","True","True","True","True","True",0.852322651801578,"Tier 2 - provisional",0.325156154243449,4.53695093175403e-06,FALSE
"TRIB2",0.81799562214111,7.21272908285821e-15,0.785886301561355,2.3962772020225e-12,0.799948798551906,1.5496310148755e-12,0.799619839333863,3.80554100478888e-13,0.818800591836734,5.59623613294091e-19,0.989795918367347,6,"sex=Female;sex=Male;location=Left;location=Right;age_stratum=age_lower;age_stratum=age_upper",1,0.74025067840097,0.911724278837599,"False",3.41440658585164,4.23240220799275,4.42013071888664,0.81799562214111,0.187728510893895,"monotonic_up","True","False","True","True","True","True","True","True","True","True","True",0.85196603090735,"Tier 2 - provisional",0.387731915293389,0.000272007864946059,FALSE
"MAD2L1BP",-0.546518974694369,2.60039502199251e-19,-0.504272398321771,1.75072329582192e-15,-0.487259795772324,6.33577983813201e-15,-0.503796401671721,2.33953407074746e-15,-0.548954857142858,4.644839632842e-23,0.969387755102041,6,"sex=Female;sex=Male;location=Left;location=Right;age_stratum=age_lower;age_stratum=age_upper",1,-0.564927845246667,-0.483554794876539,"False",8.33116401345585,7.78464503876148,7.5037087726359,-0.546518974694364,-0.280936266125582,"monotonic_down","True","False","False","True","True","True","True","True","True","True","True",0.85133758267557,"Tier 2 - provisional",-0.274207379018839,1.3430321194994e-05,FALSE
"KLF2",2.0016365056803,7.32327192206247e-38,1.91849129506682,4.41394762393371e-33,1.93933821454508,3.24374131256831e-33,1.92083960702806,5.39812281952805e-33,1.99973883673469,9.58835134858531e-46,1,6,"sex=Female;sex=Male;location=Left;location=Right;age_stratum=age_lower;age_stratum=age_upper",1,1.67600508792232,2.20142973283664,"False",6.07405981599371,8.07569632167401,7.06686053649998,2.0016365056803,-1.00883578517403,"adjacent_specific","True","True","True","True","True","True","True","True","True","True","True",0.851320806790487,"Tier 2 - provisional",1.42984606950608,6.6432070045495e-21,TRUE
"ADH1B",2.25485425088553,3.33587808137901e-29,2.23408547052015,9.18537746687561e-26,2.17995449886275,3.02438037799306e-25,2.24951173414752,3.19489262152953e-26,2.25006812244898,1.0197063124475e-31,0.959183673469388,6,"sex=Female;sex=Male;location=Left;location=Right;age_stratum=age_lower;age_stratum=age_upper",1,2.00019906202475,2.40495694077081,"False",6.4427329252155,8.69758717610103,3.66916554024005,2.25485425088552,-5.02842163586097,"adjacent_specific","True","True","True","True","True","True","True","True","True","True","True",0.85131195335277,"Tier 2 - provisional",1.29295929484991,1.25183164692261e-14,TRUE
"NBAS",0.526145375246063,1.75441820065859e-17,0.527750191955931,2.04424570385874e-15,0.508050983842903,6.92292132848609e-15,0.529460385694158,2.05643670139734e-15,0.525497020408163,2.67237443568183e-17,0.959183673469388,6,"sex=Female;sex=Male;location=Left;location=Right;age_stratum=age_lower;age_stratum=age_upper",1,0.468213962369448,0.603761530431913,"False",4.94509096495587,5.47123634020193,5.68299284830714,0.526145375246064,0.21175650810521,"monotonic_up","True","False","True","True","True","True","True","True","True","True","True",0.851076016394468,"Tier 2 - provisional",0.340035559438631,2.63829357691767e-06,FALSE
"RANBP2",0.509711530396719,2.33788779391489e-17,0.50284605172239,6.05611233513968e-15,0.49240788919875,2.14625329241838e-14,0.50973694302064,1.14441899308294e-15,0.512752571428572,2.5324957629189e-12,0.989795918367347,6,"sex=Female;sex=Male;location=Left;location=Right;age_stratum=age_lower;age_stratum=age_upper",1,0.458414111156783,0.582811704770776,"False",5.97252326760909,6.48223479800581,7.05322285863257,0.509711530396718,0.570988060626766,"monotonic_up","True","False","False","True","True","True","True","True","True","True","True",0.850301321158953,"Tier 2 - provisional",0.523464683867697,1.89751695615047e-11,TRUE
"APOD",2.01129302866985,9.72827558456523e-27,1.94447495619199,4.99020066233162e-23,1.91565933770679,2.14231837852885e-22,1.9571030126032,2.42593389160187e-23,2.01122702040816,4.3722701220637e-35,0.979591836734694,6,"sex=Female;sex=Male;location=Left;location=Right;age_stratum=age_lower;age_stratum=age_upper",1,1.76558142677744,2.08957039357164,"False",2.86874398274669,4.88003701141654,3.67084387148876,2.01129302866985,-1.20919313992778,"adjacent_specific","True","True","True","True","True","True","True","True","True","True","True",0.850261330690098,"Tier 2 - provisional",1.11089990558985,6.77271503702209e-11,TRUE
"ANGPT2",0.688433978124276,2.54239418149108e-16,0.652349538800352,1.93269831708366e-13,0.679711618768268,1.28290414339301e-14,0.6500356014913,2.66011377945632e-13,0.676905959183674,3.12073548132726e-21,0.989795918367347,6,"sex=Female;sex=Male;location=Left;location=Right;age_stratum=age_lower;age_stratum=age_upper",1,0.525350786303635,0.760375324295098,"False",2.44953514199777,3.13796912012204,4.31409428783477,0.688433978124275,1.17612516771272,"monotonic_up","True","False","True","True","True","True","True","True","True","True","True",0.850237497763307,"Tier 2 - provisional",0.467556514272356,4.9207124258604e-06,FALSE
"PHYH",-0.654645667127466,1.77400163861435e-15,-0.664569711835848,6.58101435031042e-14,-0.633084652156421,2.00506961622763e-13,-0.670629764679262,3.44134410331497e-14,-0.653823877551021,7.54458066192073e-14,0.959183673469388,6,"sex=Female;sex=Male;location=Left;location=Right;age_stratum=age_lower;age_stratum=age_upper",1,-0.667697068364316,-0.604218735380956,"False",8.85328418470079,8.19863851757332,7.62091816124968,-0.654645667127463,-0.577720356323648,"monotonic_down","True","False","True","True","True","True","True","True","True","True","True",0.850079126785279,"Tier 2 - provisional",-0.553206737171011,4.59061966022153e-08,TRUE
"ALDH3A1",-0.84792824396201,1.26473600238227e-12,-0.879762725309682,1.03327224069188e-11,-0.83774423635502,3.60613066383489e-11,-0.878611925359325,1.313950827861e-11,-0.848472204081632,4.09063814527337e-10,0.959183673469388,6,"sex=Female;sex=Male;location=Left;location=Right;age_stratum=age_lower;age_stratum=age_upper",1,-1.0337051717124,-0.585142553846925,"False",4.85902252715294,4.01109428319094,4.14734315504011,-0.847928243962007,0.136248871849177,"field_shift_then_plateau","True","False","True","True","True","True","True","True","True","True","True",0.849764899717491,"Tier 2 - provisional",-0.655227138918568,1.92944766567631e-05,TRUE
"RMND5A",-0.719851182737419,8.33160377143492e-17,-0.665261863571152,2.30198206270708e-13,-0.643509385988791,8.68490377834158e-13,-0.669653361409939,1.70409988873375e-13,-0.719544775510204,7.14367736567572e-19,0.979591836734694,6,"sex=Female;sex=Male;location=Left;location=Right;age_stratum=age_lower;age_stratum=age_upper",1,-0.807701825330469,-0.590806770651291,"False",6.8997087298374,6.17985754709998,5.71697223263363,-0.719851182737419,-0.46288531446635,"monotonic_down","True","False","True","True","True","True","True","True","True","True","True",0.849159667394057,"Tier 2 - provisional",-0.269085533435577,0.00211346801611034,FALSE
"C1D",-0.794784929999724,2.31408719121379e-15,-0.783992143497527,3.48592110196749e-13,-0.77305199426225,1.01793370710492e-12,-0.764424610923759,6.23949751057561e-14,-0.796103510204081,3.47459220766501e-16,0.928571428571429,6,"sex=Female;sex=Male;location=Left;location=Right;age_stratum=age_lower;age_stratum=age_upper",1,-0.91775553260786,-0.698742860725108,"False",7.71154461657532,6.91675968657559,6.8780714599038,-0.794784929999722,-0.0386882266717929,"field_shift_then_plateau","True","False","True","True","True","True","True","True","True","True","True",0.849064517521805,"Tier 2 - provisional",-0.915803379611402,3.79884379220602e-12,TRUE
"SNORA74B",-0.527416894269143,8.44446929666374e-17,-0.522548301398183,1.46489153950959e-14,-0.519337275889022,3.48725237459522e-14,-0.514540051570586,1.00273289468489e-14,-0.527044061224489,6.87498434930561e-12,0.989795918367347,6,"sex=Female;sex=Male;location=Left;location=Right;age_stratum=age_lower;age_stratum=age_upper",1,-0.598347732111977,-0.433942000381857,"False",3.93721971276002,3.40980281849088,3.45996835272818,-0.52741689426914,0.0501655342373057,"field_shift_then_plateau","True","False","True","True","True","True","True","True","True","True","True",0.848968542218488,"Tier 2 - provisional",-0.380910395498249,8.10391596036844e-07,FALSE
"C1R",1.93664455578855,4.78902871834655e-37,1.90469497082148,7.93075755537111e-33,1.8970654471904,3.89771839335847e-32,1.91980465488857,7.06470641513005e-34,1.93519236734694,1.24032096802553e-40,0.989795918367347,6,"sex=Female;sex=Male;location=Left;location=Right;age_stratum=age_lower;age_stratum=age_upper",1,1.68457975801291,2.07649359146588,"False",6.66789416285159,8.60453871864013,8.15572973176319,1.93664455578855,-0.448808986876948,"non_monotonic","True","True","True","True","True","True","True","True","True","True","True",0.848877629111155,"Tier 2 - provisional",1.26221060774448,7.19745427115411e-28,TRUE
"ENAH",1.01431371457802,9.55671193881497e-13,0.96227867197416,2.47809907584524e-10,0.90933817513941,8.6597497703816e-10,0.969812022827443,1.8704200995546e-10,1.01316965306123,3.17406508982718e-17,0.979591836734694,6,"sex=Female;sex=Male;location=Left;location=Right;age_stratum=age_lower;age_stratum=age_upper",1,0.867701419993398,1.11084781290133,"False",5.23088913292825,6.24520284750627,6.66952349024259,1.01431371457802,0.424320642736323,"monotonic_up","True","False","True","True","True","True","True","True","True","True","True",0.84871789134787,"Tier 2 - provisional",0.210107809488097,0.183450184913274,FALSE
"RAP1GAP",-0.85602548155402,3.95392960550812e-13,-0.874622570041638,7.22554539754366e-12,-0.917819360206086,3.61102538010707e-13,-0.87688059385901,7.71853197127496e-12,-0.858583224489796,3.81834503807031e-16,0.938775510204082,6,"sex=Female;sex=Male;location=Left;location=Right;age_stratum=age_lower;age_stratum=age_upper",1,-1.03991070482259,-0.770640702388515,"False",5.43420456676331,4.57817908520929,4.1550009125537,-0.856025481554017,-0.423178172655588,"monotonic_down","True","False","True","True","True","True","True","True","True","True","True",0.847591894789147,"Tier 2 - provisional",-0.732569466617516,1.85317508926012e-06,TRUE
"TBCC",-0.542313203736206,7.37978451591543e-16,-0.553790195538741,2.16014839956147e-14,-0.512581248078339,1.07951323724908e-14,-0.546332364339744,1.90860009687345e-14,-0.543529265306123,1.66386199571057e-12,0.969387755102041,6,"sex=Female;sex=Male;location=Left;location=Right;age_stratum=age_lower;age_stratum=age_upper",1,-0.567966093808215,-0.452653786475245,"False",6.87548604804578,6.33317284430958,6.09068313284529,-0.542313203736204,-0.242489711464292,"monotonic_down","True","False","True","True","True","True","True","True","True","True","True",0.847079810498221,"Tier 2 - provisional",-0.47128180301195,3.43009469980022e-08,FALSE
"BIN2",-0.59599629084345,2.5274362677967e-17,-0.586753556025507,7.05469904078816e-15,-0.599110019861071,2.97576226513953e-15,-0.589454512188635,6.281159049804e-15,-0.597732571428572,2.14660214048838e-18,0.928571428571429,6,"sex=Female;sex=Male;location=Left;location=Right;age_stratum=age_lower;age_stratum=age_upper",1,-0.652476849949583,-0.55591661028067,"False",4.75495842106043,4.15896213021699,3.7610299202521,-0.595996290843447,-0.397932209964891,"monotonic_down","True","False","True","True","True","True","True","True","True","True","True",0.847074897432534,"Tier 2 - provisional",-0.458858131838991,8.63282177198651e-09,FALSE
"SNORA72",0.71601852939712,3.89533364924803e-14,0.735033640832234,5.65199554028686e-13,0.729629091207214,1.33823427882374e-12,0.739358920658573,4.65274431025977e-13,0.720718775510204,5.83347948905304e-13,0.948979591836735,6,"sex=Female;sex=Male;location=Left;location=Right;age_stratum=age_lower;age_stratum=age_upper",1,0.655142286868171,0.814718219322859,"False",4.42387523359083,5.13989376298794,6.00488699487106,0.716018529397119,0.864993231883115,"monotonic_up","True","False","True","True","True","True","True","True","True","True","True",0.846983760246864,"Tier 2 - provisional",1.01283787068428,9.34570835477666e-17,TRUE
"PTPN11",0.544804961755444,1.69481381725017e-15,0.564676668935483,1.81159926574649e-14,0.567847181331261,2.4805113264226e-14,0.567064900575349,1.67378820992022e-14,0.545621265306122,9.69063672206056e-17,0.959183673469388,6,"sex=Female;sex=Male;location=Left;location=Right;age_stratum=age_lower;age_stratum=age_upper",1,0.402730560228044,0.623799110890033,"False",3.92289803925031,4.46770300100575,4.65367523376394,0.544804961755442,0.185972232758187,"monotonic_up","True","False","True","True","True","True","True","True","True","True","True",0.846945557305387,"Tier 2 - provisional",0.535868649923802,1.17689481010008e-09,TRUE
"F10",0.693607999059052,9.72887901511588e-16,0.703405662856046,4.30259713630527e-14,0.688069733517135,1.54666918576884e-13,0.707577489596439,3.39512763020565e-14,0.695932040816327,9.30471773891098e-21,0.908163265306122,6,"sex=Female;sex=Male;location=Left;location=Right;age_stratum=age_lower;age_stratum=age_upper",1,0.652345936779473,0.726021008409142,"False",3.07699614921602,3.77060414827507,3.73939839710903,0.693607999059052,-0.0312057511660364,"field_shift_then_plateau","True","False","True","True","True","True","True","True","True","True","True",0.846882794648945,"Tier 2 - provisional",0.38281105800962,6.00799942673158e-05,FALSE
"MAP1LC3B",-0.525445750412391,1.0390737210362e-17,-0.506427276709231,8.60162951040263e-15,-0.506255975934773,1.59227813648943e-14,-0.512249421516265,2.71150177323922e-15,-0.524253714285715,4.88030480399002e-20,0.969387755102041,6,"sex=Female;sex=Male;location=Left;location=Right;age_stratum=age_lower;age_stratum=age_upper",1,-0.583932924212484,-0.469264494742055,"False",8.28756860217916,7.76212285176677,7.44398026525903,-0.52544575041239,-0.318142586507737,"monotonic_down","True","False","True","True","True","True","True","True","True","True","True",0.84655319383182,"Tier 2 - provisional",-0.31923228850873,5.44839412865159e-06,FALSE
"RAB42",-0.733121498914382,1.11832297382331e-15,-0.721789932835441,1.94705565256849e-13,-0.708617326452492,6.42483429513269e-13,-0.71598041367227,2.57897109862117e-13,-0.732571551020406,7.83082736528842e-14,0.928571428571429,6,"sex=Female;sex=Male;location=Left;location=Right;age_stratum=age_lower;age_stratum=age_upper",1,-0.815934826505294,-0.680352259595815,"False",4.92714407166378,4.1940225727494,3.82722343434226,-0.73312149891438,-0.366799138407141,"monotonic_down","True","False","True","True","True","True","True","True","True","True","True",0.846428210961956,"Tier 2 - provisional",-0.678231422384333,3.45977418448768e-10,TRUE
"SKI",0.659931017516916,4.94351214530717e-16,0.644477181745714,1.3621104913891e-13,0.642033042774071,2.91045549030911e-13,0.657000852156844,9.44935756481317e-15,0.657045632653061,9.69801779194378e-21,0.959183673469388,6,"sex=Female;sex=Male;location=Left;location=Right;age_stratum=age_lower;age_stratum=age_upper",1,0.605013832264409,0.706011184905862,"False",6.3749413964904,7.03487241400732,7.0456421012475,0.659931017516911,0.0107696872401827,"field_shift_then_plateau","True","False","True","True","True","True","True","True","True","True","True",0.846387378205941,"Tier 2 - provisional",0.265570999084922,0.0013818383170843,FALSE
"LTBP2",0.919703976067948,1.65487020240273e-15,0.836103116627714,4.46136194705739e-12,0.876562787188171,2.30633312271953e-13,0.850895900667455,7.2185403031932e-13,0.922265510204083,2.32588853489375e-19,0.938775510204082,6,"sex=Female;sex=Male;location=Left;location=Right;age_stratum=age_lower;age_stratum=age_upper",1,0.792697154071483,0.976233868449338,"False",3.78646090038829,4.70616487645623,5.48215337090461,0.919703976067946,0.775988494448382,"monotonic_up","True","False","True","True","True","True","True","True","True","True","True",0.846336242226369,"Tier 2 - provisional",0.42798649352764,0.000151780903480432,FALSE
"UQCRQ",-0.742458587735892,2.50811354598127e-16,-0.68518722246701,5.73783227292595e-13,-0.69520437259285,4.64918002983382e-13,-0.676606436752887,6.25278662259474e-13,-0.741051061224489,3.92620442963663e-18,0.969387755102041,6,"sex=Female;sex=Male;location=Left;location=Right;age_stratum=age_lower;age_stratum=age_upper",1,-0.803806563092651,-0.63160281728792,"False",5.63495905570238,4.89250046796649,4.45497762327267,-0.742458587735892,-0.437522844693812,"monotonic_down","True","False","True","True","True","True","True","True","True","True","True",0.846291996270128,"Tier 2 - provisional",-0.387178069913607,0.000201537379373736,FALSE
"BAG3",0.757708037137624,8.96868386660517e-15,0.748473060777147,9.69807354840525e-13,0.718501252909645,3.50548132700099e-12,0.751234870084743,9.65245358302055e-13,0.756149673469389,1.08631998311318e-17,0.948979591836735,6,"sex=Female;sex=Male;location=Left;location=Right;age_stratum=age_lower;age_stratum=age_upper",1,0.670736684527369,0.838196419991863,"False",6.49502958539028,7.2527376225279,7.32483175889865,0.757708037137623,0.072094136370751,"field_shift_then_plateau","True","False","True","True","True","True","True","True","True","True","True",0.846268835507891,"Tier 2 - provisional",0.252944373412141,0.0116210007224647,FALSE
"PBLD",-0.917789624651279,1.75173035656736e-11,-0.960025749125716,8.39126988890458e-11,-0.888062662496257,1.80287089901125e-10,-0.961726664947124,9.3314373905843e-11,-0.917937673469387,5.78818098225451e-13,0.938775510204082,6,"sex=Female;sex=Male;location=Left;location=Right;age_stratum=age_lower;age_stratum=age_upper",1,-1.03614782754978,-0.665648050057587,"False",8.60920246674052,7.69141284208924,5.71959806697227,-0.917789624651277,-1.97181477511697,"monotonic_down","True","False","True","True","True","True","True","True","True","True","True",0.846085285755601,"Tier 2 - provisional",-0.372185824468421,0.0199883710660686,FALSE
"DMRTA1",-0.815895605214687,6.62461366508733e-14,-0.816800374156198,3.41481939878729e-12,-0.769596027264326,9.4657907940481e-12,-0.817552879078625,3.990577859578e-12,-0.818413387755102,6.22733645641278e-10,0.938775510204082,6,"sex=Female;sex=Male;location=Left;location=Right;age_stratum=age_lower;age_stratum=age_upper",1,-0.983554526585282,-0.684119424778697,"False",3.53109018582558,2.71519458061089,2.02115390321846,-0.815895605214686,-0.694040677392431,"monotonic_down","True","False","True","True","True","True","True","True","True","True","True",0.845786758612586,"Tier 2 - provisional",-0.75013597260002,1.44814013695299e-07,TRUE
"BDH2",-0.619239148592958,2.89237944292011e-15,-0.645439745783031,2.61936143487706e-14,-0.622370692668398,9.57503732135552e-14,-0.639683818573723,3.29301644346083e-14,-0.677599142857144,2.34659063601842e-18,0.918367346938776,6,"sex=Female;sex=Male;location=Left;location=Right;age_stratum=age_lower;age_stratum=age_upper",1,-0.699650476392105,-0.564823555426814,"False",4.09258014229074,3.47334099369779,3.06962967823632,-0.619239148592957,-0.403711315461467,"monotonic_down","True","False","True","True","True","True","True","True","True","True","True",0.845739635482443,"Tier 2 - provisional",-0.632804149127917,7.38758805838334e-10,TRUE
"ESRRA",-0.563443707263505,4.86722913786896e-16,-0.558839915170478,6.19077033900185e-14,-0.542559623556095,2.37041464284094e-13,-0.557869906501827,8.24883978486366e-14,-0.563469714285714,4.82009663908665e-20,0.979591836734694,6,"sex=Female;sex=Male;location=Left;location=Right;age_stratum=age_lower;age_stratum=age_upper",1,-0.645664759464005,-0.456745390764384,"False",7.03291553474756,6.46947182748406,6.3753396292059,-0.563443707263501,-0.0941321982781593,"field_shift_then_plateau","True","False","True","True","True","True","True","True","True","True","True",0.845632079951778,"Tier 2 - provisional",-0.288206971644775,0.000191563878339837,FALSE
"SLC25A24",-0.742540101017364,1.86507272415918e-14,-0.741904386185921,1.15795607972003e-12,-0.738583421987151,2.3530936691785e-12,-0.744865591488312,1.12155996267753e-12,-0.74281224489796,1.28025728519095e-12,0.948979591836735,6,"sex=Female;sex=Male;location=Left;location=Right;age_stratum=age_lower;age_stratum=age_upper",1,-0.893002661932752,-0.64241541913754,"False",7.23995496444673,6.49741486342936,5.95000322596377,-0.742540101017366,-0.54741163746559,"monotonic_down","True","False","True","True","True","True","True","True","True","True","True",0.845249597223621,"Tier 2 - provisional",-0.518442752396109,1.18706370574892e-05,TRUE
"HPGD",-0.814836159115282,2.54281336687991e-15,-0.759094363235939,2.88374941899097e-12,-0.741679601193238,9.5187747131007e-12,-0.770141899456059,7.92802445298016e-13,-0.813202938775511,3.18947215763161e-17,0.959183673469388,6,"sex=Female;sex=Male;location=Left;location=Right;age_stratum=age_lower;age_stratum=age_upper",1,-0.840126431838174,-0.775443429636658,"False",9.93041483527283,9.11557867615754,5.26553742089082,-0.814836159115281,-3.85004125526672,"monotonic_down","True","False","True","True","True","True","True","True","True","True","True",0.845104711297988,"Tier 2 - provisional",-0.408534453771229,0.000366345157126662,FALSE
"SLC35F5",-0.646149786673703,2.05801328838271e-15,-0.638525231773056,2.91803344956986e-13,-0.623000144372648,1.03724076506443e-12,-0.642868325171832,2.11664892144404e-13,-0.645869102040818,1.52893992113622e-17,0.969387755102041,6,"sex=Female;sex=Male;location=Left;location=Right;age_stratum=age_lower;age_stratum=age_upper",1,-0.676771153121265,-0.586318619716828,"False",8.87555648171249,8.22940669503878,8.03028994578923,-0.646149786673707,-0.199116749249548,"monotonic_down","True","False","True","True","True","True","True","True","True","True","True",0.845056551098893,"Tier 2 - provisional",-0.337052056395806,0.000214702240582433,FALSE
"CROT",-0.721836143770848,8.4980487294845e-14,-0.736333233919852,1.76048566590896e-12,-0.681747020711623,2.22026009110885e-12,-0.734488343353605,2.35923548121348e-12,-0.724927693877551,8.93013495003753e-11,0.959183673469388,6,"sex=Female;sex=Male;location=Left;location=Right;age_stratum=age_lower;age_stratum=age_upper",1,-0.795590710365385,-0.628559202594856,"False",4.56630961787894,3.84447347410809,3.37414934382101,-0.721836143770846,-0.470324130287079,"monotonic_down","True","False","True","True","True","True","True","True","True","True","True",0.845009809394606,"Tier 2 - provisional",-0.591565557511457,1.82567597033872e-06,TRUE
"SLC25A20",-0.666105631234818,1.49724532023165e-15,-0.648705412071776,3.79783346041791e-13,-0.614687703672568,1.08014058671506e-12,-0.652577494525399,3.02722782691393e-13,-0.665881591836735,3.9130499895938e-18,0.969387755102041,6,"sex=Female;sex=Male;location=Left;location=Right;age_stratum=age_lower;age_stratum=age_upper",1,-0.748865529770087,-0.528908820136497,"False",7.86103890998196,7.19493327874715,5.5806491040619,-0.666105631234814,-1.61428417468525,"monotonic_down","True","False","True","True","True","True","True","True","True","True","True",0.844966237901981,"Tier 2 - provisional",-0.33065956296453,0.000341257847462051,FALSE
"PTER",-0.594849581597984,1.43037089762814e-15,-0.595601932015523,1.15681262387985e-13,-0.571396518678687,4.10550699616382e-13,-0.596358789806047,1.34026738030714e-13,-0.595047734693878,4.86455745030019e-17,0.969387755102041,6,"sex=Female;sex=Male;location=Left;location=Right;age_stratum=age_lower;age_stratum=age_upper",1,-0.660830990206314,-0.552222757340349,"False",7.17659554993586,6.58174596833788,6.68908773001471,-0.594849581597982,0.107341761676832,"field_shift_then_plateau","True","False","True","True","True","True","True","True","True","True","True",0.844860795735145,"Tier 2 - provisional",-0.430500684607027,2.25094042573347e-06,FALSE
"ZBTB8OS",-0.537994476759549,3.66626611928657e-17,-0.525140501512921,1.45756678680371e-14,-0.514433267429769,5.06812251442204e-14,-0.518767044131118,1.41614583547643e-14,-0.538048489795919,8.55710332635438e-14,0.959183673469388,6,"sex=Female;sex=Male;location=Left;location=Right;age_stratum=age_lower;age_stratum=age_upper",1,-0.653298636743324,-0.393218393842601,"False",7.42129191328338,6.88329743652383,6.54933767515574,-0.537994476759553,-0.33395976136809,"monotonic_down","True","False","True","True","True","True","True","True","True","True","True",0.844796071578079,"Tier 2 - provisional",-0.469658686479751,7.17871641289076e-09,FALSE
"TSC22D3",1.99510309141105,1.55469104839088e-23,1.9373302067531,2.12741587082135e-20,1.90758761144229,8.91153863668123e-20,1.95600840736577,5.08750985620139e-21,1.99894159183674,3.8337010479389e-29,0.959183673469388,6,"sex=Female;sex=Male;location=Left;location=Right;age_stratum=age_lower;age_stratum=age_upper",1,1.72064999934972,2.13165051207778,"False",4.32946678824496,6.32456987965601,5.07916839129805,1.99510309141105,-1.24540148835796,"adjacent_specific","True","True","True","True","True","True","True","True","True","True","True",0.844493736729311,"Tier 2 - provisional",1.14591176216571,4.57213458603818e-10,TRUE
"MAFF",0.660168679675377,7.23636056290719e-17,0.620883353916596,1.0353623373874e-13,0.61575340645955,2.63090609518152e-13,0.627520150219294,4.30564243197106e-14,0.662414469387756,1.73950224905989e-20,0.948979591836735,6,"sex=Female;sex=Male;location=Left;location=Right;age_stratum=age_lower;age_stratum=age_upper",1,0.532735883432823,0.71543095221755,"False",3.79161973882384,4.45178841849922,4.48506291860316,0.660168679675376,0.0332745001039409,"field_shift_then_plateau","True","False","True","True","True","True","True","True","True","True","True",0.844095235806984,"Tier 2 - provisional",0.547467474352299,4.51671194196489e-08,TRUE
"CSTB",-0.640181384921648,3.78827186510011e-14,-0.640857389417407,1.3816524773329e-12,-0.590154885737952,1.22719066565118e-12,-0.642565777788491,1.47170520183422e-12,-0.640183918367345,2.17939723470863e-15,0.989795918367347,6,"sex=Female;sex=Male;location=Left;location=Right;age_stratum=age_lower;age_stratum=age_upper",1,-0.69565836699061,-0.558167274775634,"False",11.3157632091426,10.6755818242209,10.7482243607035,-0.640181384921648,0.0726425364826024,"field_shift_then_plateau","True","False","True","True","True","True","True","True","True","True","True",0.843314953153295,"Tier 2 - provisional",-0.411541690772967,6.55928581625609e-05,FALSE
"NFAT5",0.601219706700694,6.92812071795734e-16,0.609520418601914,2.75476752066418e-14,0.626922336696377,6.40450434280587e-15,0.616489752729733,9.75102319331312e-15,0.600231448979592,5.92330412670684e-15,0.918367346938776,6,"sex=Female;sex=Male;location=Left;location=Right;age_stratum=age_lower;age_stratum=age_upper",1,0.538042791386659,0.695846019563261,"False",6.21614433449783,6.81736404119852,7.32278627822248,0.601219706700694,0.505422237023955,"monotonic_up","True","False","True","True","True","True","True","True","True","True","True",0.8430176155063,"Tier 2 - provisional",0.66302431934818,1.12901871020578e-11,TRUE
"GLRX",-0.740613563609162,1.09399324005811e-14,-0.713136919209954,3.32292323622084e-12,-0.694599165597344,1.14133088238914e-11,-0.714641388709408,3.63814525999172e-12,-0.739833346938775,8.63127038980257e-15,0.969387755102041,6,"sex=Female;sex=Male;location=Left;location=Right;age_stratum=age_lower;age_stratum=age_upper",1,-0.853219350273609,-0.581010991145837,"False",9.32516362602036,8.58455006241121,8.05441960234185,-0.740613563609157,-0.530130460069357,"monotonic_down","True","False","True","True","True","True","True","True","True","True","True",0.842840028467886,"Tier 2 - provisional",-0.497041833921985,3.08196972736288e-05,FALSE
"CBR3",0.857553654215622,1.13343459550031e-14,0.783743728956781,1.90750635827289e-11,0.785793959815349,2.83984072389214e-11,0.795532362860378,5.70779195596234e-12,0.856744040816327,3.76180779974555e-19,0.969387755102041,6,"sex=Female;sex=Male;location=Left;location=Right;age_stratum=age_lower;age_stratum=age_upper",1,0.78198784596802,0.91544062112285,"False",4.05474147204989,4.91229512626551,5.05018891537004,0.857553654215621,0.137893789104528,"field_shift_then_plateau","True","False","True","True","True","True","True","True","True","True","True",0.84246233140964,"Tier 2 - provisional",0.240703301172189,0.0295544955395679,FALSE
"WNK1",0.63783508289281,6.99291079871017e-15,0.639587262645239,4.34953350583259e-13,0.628693024568801,1.34485969601375e-12,0.653793797991152,1.6768630861535e-14,0.600709775510203,3.46291596638286e-16,0.959183673469388,6,"sex=Female;sex=Male;location=Left;location=Right;age_stratum=age_lower;age_stratum=age_upper",1,0.573488929623688,0.711371602975539,"False",5.40747163156386,6.04530671445667,6.5298916247318,0.637835082892808,0.484584910275133,"monotonic_up","True","False","True","True","True","True","True","True","True","True","True",0.842436452965285,"Tier 2 - provisional",0.325268032442451,0.000341152043954216,FALSE
"NAT1",-0.76359928932581,3.86096459284272e-14,-0.730949257226885,1.23976549971225e-11,-0.687970426105072,3.62789932811749e-11,-0.736413080414551,9.07575172810071e-12,-0.762601224489796,4.76722618448496e-19,0.979591836734694,6,"sex=Female;sex=Male;location=Left;location=Right;age_stratum=age_lower;age_stratum=age_upper",1,-0.832799447325357,-0.607911939946668,"False",10.0272353787632,9.26363608943735,7.85126841340359,-0.763599289325809,-1.41236767603376,"monotonic_down","True","False","True","True","True","True","True","True","True","True","True",0.841485641145418,"Tier 2 - provisional",-0.234737659836541,0.03024968117173,FALSE
"TRHDE",-0.93279208345514,3.29030334797984e-13,-0.915050085335164,3.23662599559077e-11,-0.857043137319214,9.05224062279467e-11,-0.917341228217689,3.4731416800526e-11,-0.932256346938775,6.83098623941356e-14,0.908163265306122,6,"sex=Female;sex=Male;location=Left;location=Right;age_stratum=age_lower;age_stratum=age_upper",1,-1.06958600306317,-0.679289660893679,"False",5.00477073261912,4.07197864916398,2.76094345883658,-0.93279208345514,-1.3110351903274,"monotonic_down","True","False","True","True","True","True","True","True","True","True","True",0.841454811725334,"Tier 2 - provisional",-0.508065337102554,0.000914230850177567,TRUE
"EIF2AK2",0.675722816098467,4.94314886378178e-14,0.691767387496167,7.89336757413557e-13,0.698990844887983,8.26209571975167e-13,0.693320055546006,8.68421530421664e-13,0.675161489795917,3.90266625889508e-18,0.938775510204082,6,"sex=Female;sex=Male;location=Left;location=Right;age_stratum=age_lower;age_stratum=age_upper",1,0.572898940868217,0.800631419981083,"False",6.42313558511757,7.09885840121604,7.13485382050704,0.675722816098467,0.0359954192910034,"field_shift_then_plateau","True","False","True","True","True","True","True","True","True","True","True",0.841399441084093,"Tier 2 - provisional",0.734948924646025,5.25508671629661e-10,TRUE
"MAP1B",1.86646403307476,1.30459806314462e-24,1.78903210018602,9.0131200619321e-21,1.76275946706693,3.79663142268553e-20,1.79371582830017,1.03062025838242e-20,1.87662624489796,1.21591238705154e-32,0.989795918367347,6,"sex=Female;sex=Male;location=Left;location=Right;age_stratum=age_lower;age_stratum=age_upper",1,1.66963864361033,2.06677177275756,"False",3.92117297003031,5.78763700310507,4.7121207227341,1.86646403307476,-1.07551628037097,"adjacent_specific","True","True","True","True","True","True","True","True","True","True","True",0.840615995494337,"Tier 2 - provisional",0.919399781248127,1.66999230444634e-08,TRUE
"ADAMTS4",0.873633991563084,3.42418597699715e-13,0.866046157956498,1.38111174246446e-11,0.886658891599822,6.44174823100677e-12,0.870760650127152,1.21844312401333e-11,0.872189244897959,6.73350521826033e-19,0.908163265306122,6,"sex=Female;sex=Male;location=Left;location=Right;age_stratum=age_lower;age_stratum=age_upper",1,0.565062553089253,1.01439316147639,"False",2.66318427029322,3.5368182618563,4.27814712162813,0.873633991563082,0.741328859771821,"monotonic_up","True","False","True","True","True","True","True","True","True","True","True",0.840596414771102,"Tier 2 - provisional",0.466574760459389,0.00114862714742715,FALSE
"SCG2",1.95695522079285,3.41244082913604e-21,1.97080361438373,6.73848509896985e-19,1.90352420470603,2.00154637210886e-18,1.98264493337925,4.57390250069089e-19,1.95614791836735,6.56687778286433e-17,0.989795918367347,6,"sex=Female;sex=Male;location=Left;location=Right;age_stratum=age_lower;age_stratum=age_upper",1,1.61696119978865,2.20629821896459,"False",4.16582039322908,6.12277561402193,3.56378415752648,1.95695522079285,-2.55899145649545,"adjacent_specific","True","True","True","True","True","True","True","True","True","True","True",0.840538515991776,"Tier 2 - provisional",1.27434102023033,2.63381615823699e-08,TRUE
"SPRY1",0.645663886716981,1.06761664997492e-15,0.618804590372621,5.60304435537939e-13,0.610079285419965,1.60353893150957e-12,0.633572483724383,1.42360158908732e-14,0.644191346938776,8.89850196274759e-21,0.959183673469388,6,"sex=Female;sex=Male;location=Left;location=Right;age_stratum=age_lower;age_stratum=age_upper",1,0.554014075970665,0.71413253826285,"False",5.61959159257877,6.26525547929575,6.47208280098104,0.645663886716982,0.206827321685286,"monotonic_up","True","False","True","True","True","True","True","True","True","True","True",0.840166395090196,"Tier 2 - provisional",0.25873620166755,0.00236796664101405,FALSE
"PPP1R15A",0.647077006275532,1.66225903446584e-15,0.638766884113443,2.4706290530878e-13,0.637309503415736,4.86218268250632e-13,0.641106138655137,2.4352203118607e-13,0.64947281632653,6.47570495955106e-18,0.928571428571429,6,"sex=Female;sex=Male;location=Left;location=Right;age_stratum=age_lower;age_stratum=age_upper",1,0.582172728005114,0.712357842564392,"False",3.93012577090954,4.57720277718507,4.59583127339697,0.647077006275531,0.0186284962119049,"field_shift_then_plateau","True","False","True","True","True","True","True","True","True","True","True",0.839759213345797,"Tier 2 - provisional",0.572239254675914,5.09261678025879e-08,TRUE
"VAV3",-0.724566843808692,2.61543627890633e-14,-0.682815197492325,1.38903293199484e-11,-0.68599745729237,1.88456236430321e-11,-0.687036905973247,1.15339640285388e-11,-0.722406612244896,4.06783550303833e-17,0.989795918367347,6,"sex=Female;sex=Male;location=Left;location=Right;age_stratum=age_lower;age_stratum=age_upper",1,-0.775653559070462,-0.654881404543537,"False",6.16344706966539,5.43888022585669,5.15028006340217,-0.724566843808693,-0.288600162454526,"monotonic_down","True","False","True","True","True","True","True","True","True","True","True",0.839152555713615,"Tier 2 - provisional",-0.308946302841884,0.00406958911573964,FALSE
"LACTB",-0.532530274995782,5.20599082920751e-15,-0.524495953666223,7.23287291514034e-13,-0.519146041425299,1.84111908255959e-12,-0.527110577148442,6.40364085710684e-13,-0.534009857142858,3.3336961454241e-16,1,6,"sex=Female;sex=Male;location=Left;location=Right;age_stratum=age_lower;age_stratum=age_upper",1,-0.637197396687976,-0.451840440695162,"False",7.06647513558431,6.53394486058853,6.23042030887513,-0.532530274995779,-0.303524551713401,"monotonic_down","True","False","True","True","True","True","True","True","True","True","True",0.83846891930178,"Tier 2 - provisional",-0.326824008976983,7.25656214035544e-05,FALSE
"VPS36",-0.581018053941832,2.00049862156326e-15,-0.57163878378701,3.42033826388672e-13,-0.551923319811651,1.27165312186223e-12,-0.575039963175601,2.72187213315281e-13,-0.578979755102042,1.0615326706966e-16,0.959183673469388,6,"sex=Female;sex=Male;location=Left;location=Right;age_stratum=age_lower;age_stratum=age_upper",1,-0.650029131305741,-0.465304930290412,"False",5.6883187316966,5.10730067775476,5.15791819226855,-0.581018053941833,0.0506175145137808,"field_shift_then_plateau","True","False","True","True","True","True","True","True","True","True","True",0.838328516059388,"Tier 2 - provisional",-0.357112455163781,4.11489508341278e-05,FALSE
"DUSP4",0.711231543666025,2.7999767031367e-14,0.681039197416008,8.06329351019829e-12,0.679968109711078,1.42801100991045e-11,0.686865197913174,5.23326394217203e-12,0.71150424489796,2.21370031442452e-14,0.969387755102041,6,"sex=Female;sex=Male;location=Left;location=Right;age_stratum=age_lower;age_stratum=age_upper",1,0.617883881916306,0.806131824569877,"False",3.5839239881418,4.29515553180782,6.30140903790958,0.711231543666023,2.00625350610176,"monotonic_up","True","False","True","True","True","True","True","True","True","True","True",0.837797390053247,"Tier 2 - provisional",0.608333393997192,5.3899316928947e-08,TRUE
"ADH6",-0.729405367794371,5.05823736089056e-14,-0.718340354267793,4.82190401555724e-12,-0.707263554980457,1.34521812729949e-11,-0.71629591882036,6.39891760532511e-12,-0.724085673469388,2.26631399976966e-12,0.938775510204082,6,"sex=Female;sex=Male;location=Left;location=Right;age_stratum=age_lower;age_stratum=age_upper",1,-0.766971717840997,-0.671664992295233,"False",4.56616225505851,3.83675688726414,3.20096881176551,-0.729405367794369,-0.635788075498634,"monotonic_down","True","False","True","True","True","True","True","True","True","True","True",0.837683537040457,"Tier 2 - provisional",-0.533865588325985,8.45459878818858e-06,TRUE
"HSBP1L1",-0.602158287159028,1.82649689177487e-14,-0.604857530080044,9.19339373353583e-13,-0.6087604840078,1.18614544140337e-12,-0.610896032876061,4.73866127382665e-13,-0.602827673469386,2.37521538220763e-17,0.959183673469388,6,"sex=Female;sex=Male;location=Left;location=Right;age_stratum=age_lower;age_stratum=age_upper",1,-0.708392184041473,-0.446074765117386,"False",8.07504161648994,7.47288332933092,6.33662444228047,-0.602158287159023,-1.13625888705045,"monotonic_down","True","False","True","True","True","True","True","True","True","True","True",0.837634092212589,"Tier 2 - provisional",-0.282435273222888,0.00105666791377148,FALSE
"STK17B",-0.88854648245692,1.91844909602742e-13,-0.858149136622606,3.24973400794027e-11,-0.804408887144331,9.27275816650308e-11,-0.857174429048425,4.09735980473881e-11,-0.886746,3.82499349851679e-13,0.908163265306122,6,"sex=Female;sex=Male;location=Left;location=Right;age_stratum=age_lower;age_stratum=age_upper",1,-0.914141352803958,-0.767655733791842,"False",6.07994672207943,5.19140023962251,4.33227847952757,-0.88854648245692,-0.859121760094947,"monotonic_down","True","False","True","True","True","True","True","True","True","True","True",0.83737792040783,"Tier 2 - provisional",-0.371375180915356,0.00793889992344539,FALSE
"TMTC1",1.78045240999,2.47209892251601e-27,1.75970929160446,5.09098871719218e-24,1.73970505948066,2.16205069026741e-23,1.77819687921547,4.94779142214484e-25,1.77630742857143,2.82955153027621e-32,0.979591836734694,6,"sex=Female;sex=Male;location=Left;location=Right;age_stratum=age_lower;age_stratum=age_upper",1,1.64419194919005,1.84661822663922,"False",3.94873052758989,5.72918293757989,4.32025844025125,1.78045240999,-1.40892449732864,"adjacent_specific","True","True","True","True","True","True","True","True","True","True","True",0.837063783219561,"Tier 2 - provisional",0.978588261816141,8.80728285018446e-12,TRUE
"MGAT4B",-0.705682962952824,7.88928158296671e-13,-0.700715093570083,4.19191316089586e-11,-0.685389094590199,1.27111573948111e-10,-0.704158711805007,3.86455144574896e-11,-0.705883714285713,3.92620442963663e-18,0.989795918367347,6,"sex=Female;sex=Male;location=Left;location=Right;age_stratum=age_lower;age_stratum=age_upper",1,-0.823802564053041,-0.60324957493947,"False",8.87741333333615,8.17173037038332,7.82642817838306,-0.705682962952823,-0.345302192000259,"monotonic_down","True","False","True","True","True","True","True","True","True","True","True",0.837004693041175,"Tier 2 - provisional",-0.255731197469445,0.0219669911807339,FALSE
"COL1A1",0.992631336266814,6.71148741534685e-12,0.953182188734405,8.76482243936083e-10,0.938879856093207,2.06146222395003e-09,0.962134534577924,6.03885354296387e-10,0.968521102040816,5.07513019588772e-17,0.928571428571429,6,"sex=Female;sex=Male;location=Left;location=Right;age_stratum=age_lower;age_stratum=age_upper",1,0.878623664799904,1.07075781114046,"False",3.02516857004869,4.0177999063155,6.93503490095405,0.992631336266812,2.91723499463856,"monotonic_up","True","False","True","True","True","True","True","True","True","True","True",0.836860766688095,"Tier 2 - provisional",0.199306768380626,0.213510335852758,FALSE
"TMED5",-0.652517633782891,8.16144282817262e-15,-0.640079139443793,1.12515052718743e-12,-0.626796500688801,3.61933051245484e-12,-0.641367421144239,1.24716139956268e-12,-0.651296326530612,8.08576487985605e-16,0.938775510204082,6,"sex=Female;sex=Male;location=Left;location=Right;age_stratum=age_lower;age_stratum=age_upper",1,-0.711110150181914,-0.605745637943095,"False",5.7207957295921,5.06827809580922,4.92595743958062,-0.652517633782888,-0.142320656228597,"field_shift_then_plateau","True","False","True","True","True","True","True","True","True","True","True",0.836607792646524,"Tier 2 - provisional",-0.426525305711875,3.25368086016483e-05,FALSE
"CSGALNACT1",0.963391629005948,3.13156265830466e-13,0.896908972033308,1.76922924799721e-10,0.892512052818716,3.31754001083946e-10,0.906758244740931,9.97657568284819e-11,0.955000612244897,2.90014770353604e-16,0.918367346938776,6,"sex=Female;sex=Male;location=Left;location=Right;age_stratum=age_lower;age_stratum=age_upper",1,0.819039962879232,1.02138104934013,"False",3.48165241569899,4.44504404470494,5.25099491232471,0.963391629005947,0.805950867619768,"monotonic_up","True","False","True","True","True","True","True","True","True","True","True",0.836347518205831,"Tier 2 - provisional",0.292619491682265,0.0295333167052282,FALSE
"GJA4",0.625405023316627,1.13950420837618e-16,0.564670626437216,5.90949070382626e-13,0.569204828117333,7.14646116815708e-13,0.573436525548807,1.1976102370252e-13,0.625434734693878,1.53850831070412e-21,0.959183673469388,6,"sex=Female;sex=Male;location=Left;location=Right;age_stratum=age_lower;age_stratum=age_upper",1,0.548758471113847,0.683951968428518,"False",2.45289815585324,3.07830317916987,3.34304218513033,0.625405023316624,0.264739005960464,"monotonic_up","True","False","True","True","True","True","True","True","True","True","True",0.836134497713998,"Tier 2 - provisional",0.257840638321392,0.00136912014093464,FALSE
"ARHGEF3",0.511463824424842,9.74811398685956e-16,0.512940505076854,7.58323549616463e-14,0.490428333195616,2.52452280715365e-13,0.518019493568831,3.50649109203906e-14,0.513598510204082,2.16967582891547e-19,0.938775510204082,6,"sex=Female;sex=Male;location=Left;location=Right;age_stratum=age_lower;age_stratum=age_upper",1,0.457489648319579,0.569977644561624,"False",3.01180467747279,3.52326850189763,3.71240027718645,0.51146382442484,0.189131775288817,"monotonic_up","True","False","False","True","True","True","True","True","True","True","True",0.835893290797918,"Tier 2 - provisional",0.30184529941684,2.41579747093666e-05,FALSE
"MRAP2",-0.615757876784818,2.74156939000468e-13,-0.640152455071937,9.12950338857593e-13,-0.602355434832316,2.19996441370983e-12,-0.641125482894462,1.04627519331636e-12,-0.614780714285715,5.17492415180221e-12,0.928571428571429,6,"sex=Female;sex=Male;location=Left;location=Right;age_stratum=age_lower;age_stratum=age_upper",1,-0.802918431901343,-0.509627520459975,"False",4.452962720195,3.83720484341018,3.45633180122246,-0.615757876784817,-0.380873042187725,"monotonic_down","True","False","True","True","True","True","True","True","True","True","True",0.835803614057103,"Tier 2 - provisional",-0.417122529939325,4.2643263039733e-05,FALSE
"SERPING1",1.7983854102326,1.82010689255932e-25,1.75598834175619,6.02517777911302e-22,1.73780286755548,2.36919872127321e-21,1.77701778112597,4.72239832681714e-23,1.79614779591837,8.07161933826562e-33,0.969387755102041,6,"sex=Female;sex=Male;location=Left;location=Right;age_stratum=age_lower;age_stratum=age_upper",1,1.64646100363281,1.91775464319732,"False",3.70016031597075,5.49854572620335,5.01184778447562,1.79838541023259,-0.48669794172773,"non_monotonic","True","True","True","True","True","True","True","True","True","True","True",0.835340275140019,"Tier 2 - provisional",0.900947970427652,2.97347924570683e-13,TRUE
"SPRY2",0.613415805388472,1.32584168176158e-15,0.582840976445357,7.3409505282991e-13,0.550307809920341,1.95318168879458e-12,0.585714521930309,6.55700423777006e-13,0.610944857142856,7.36731406799067e-15,0.948979591836735,6,"sex=Female;sex=Male;location=Left;location=Right;age_stratum=age_lower;age_stratum=age_upper",1,0.514552398254838,0.71639552045066,"False",7.54043534922283,8.1538511546113,8.34155545376241,0.61341580538847,0.187704299151108,"monotonic_up","True","False","True","True","True","True","True","True","True","True","True",0.835301780741991,"Tier 2 - provisional",0.594580012388831,1.36447105729201e-09,TRUE
"PPFIBP1",0.605095176082682,4.07971761666414e-15,0.572089237103958,2.58996857024577e-12,0.565660980463453,6.58129434358896e-12,0.576753386355292,1.71101655305923e-12,0.606063020408163,7.06477281679916e-21,0.979591836734694,6,"sex=Female;sex=Male;location=Left;location=Right;age_stratum=age_lower;age_stratum=age_upper",1,0.508092656643983,0.670131697921494,"False",2.72298146637955,3.32807664246223,3.34676464973082,0.605095176082682,0.0186880072685862,"field_shift_then_plateau","True","False","True","True","True","True","True","True","True","True","True",0.834995961513323,"Tier 2 - provisional",0.210538435473195,0.0100542658849798,FALSE
"MYH10",0.844008287283417,1.27830082295734e-12,0.842298123174022,4.99569917439093e-11,0.829364946190059,1.30308236746196e-10,0.841989471882614,6.12286363173211e-11,0.838847918367347,5.10193365108245e-18,0.908163265306122,6,"sex=Female;sex=Male;location=Left;location=Right;age_stratum=age_lower;age_stratum=age_upper",1,0.758922956154969,0.93748156672662,"False",2.76236500006735,3.60637328735077,4.04478552782451,0.844008287283416,0.438412240473743,"monotonic_up","True","False","True","True","True","True","True","True","True","True","True",0.834911787566061,"Tier 2 - provisional",0.222070956132383,0.0824964199873783,FALSE
"RGS2",1.86808504687589,5.51584402424557e-23,1.80788070385138,1.57486031522701e-19,1.77400017215237,6.55028647947418e-19,1.82041391525548,8.38212907010241e-20,1.86526289795918,1.30009365477204e-28,1,6,"sex=Female;sex=Male;location=Left;location=Right;age_stratum=age_lower;age_stratum=age_upper",1,1.58780233800545,2.10120081963539,"False",7.18336234477526,9.05144739165114,7.58965468396371,1.86808504687588,-1.46179270768743,"adjacent_specific","True","True","True","True","True","True","True","True","True","True","True",0.834868321422348,"Tier 2 - provisional",0.888044617346658,1.65713771882701e-07,TRUE
"TMEM43",0.655150916923618,5.68305235765676e-15,0.626189981372028,2.57062950170747e-12,0.600939612093117,9.34574098544816e-12,0.634580195363851,8.40560977506251e-13,0.65495375510204,1.42934185538036e-20,0.948979591836735,6,"sex=Female;sex=Male;location=Left;location=Right;age_stratum=age_lower;age_stratum=age_upper",1,0.573908881780205,0.689574264220088,"False",7.05436593146541,7.70951684838903,8.17668284738052,0.65515091692362,0.467165998991489,"monotonic_up","True","False","True","True","True","True","True","True","True","True","True",0.834510372593293,"Tier 2 - provisional",0.145462527570284,0.061598689403092,FALSE
"LPIN1",0.654834074735372,2.88354093814647e-14,0.621785813098209,1.0101009565147e-11,0.608462469295349,3.13310909100987e-11,0.625786632703174,8.05872065827878e-12,0.654466571428571,5.99598286053309e-15,0.979591836734694,6,"sex=Female;sex=Male;location=Left;location=Right;age_stratum=age_lower;age_stratum=age_upper",1,0.540478817974933,0.745095929522676,"False",4.33416532567289,4.98899940040826,5.63491419068795,0.65483407473537,0.645914790279691,"monotonic_up","True","False","True","True","True","True","True","True","True","True","True",0.834323786309379,"Tier 2 - provisional",0.382427745444968,0.000101525823209293,FALSE
"CEBPB",0.741909585568103,2.31967707417389e-15,0.687355817701893,2.81336384313391e-12,0.676256051506773,8.12130213013837e-12,0.68938824672305,2.93573283727398e-12,0.739042081632654,1.1168604997932e-20,0.918367346938776,6,"sex=Female;sex=Male;location=Left;location=Right;age_stratum=age_lower;age_stratum=age_upper",1,0.523065194199804,0.833784703456748,"False",6.75755026916178,7.49945985472988,8.92847415201146,0.7419095855681,1.42901429728157,"monotonic_up","True","False","True","True","True","True","True","True","True","True","True",0.834226280100812,"Tier 2 - provisional",0.254117223497587,0.00880479491787023,FALSE
"RAMP3",0.531543335457753,3.10019057562603e-14,0.542717048264009,6.9900888191091e-13,0.530711483868787,2.32938325976873e-12,0.552978539783447,6.97193282257819e-14,0.532542653061225,1.25162593104461e-15,0.959183673469388,6,"sex=Female;sex=Male;location=Left;location=Right;age_stratum=age_lower;age_stratum=age_upper",1,0.444588075062595,0.587673134121092,"False",4.73650918047263,5.26805251593039,5.16914428074131,0.531543335457754,-0.0989082351890804,"field_shift_then_plateau","True","False","True","True","True","True","True","True","True","True","True",0.834045437556518,"Tier 2 - provisional",0.284473759117054,0.000204312062482563,FALSE
"INHBB",1.0575764959664,7.51090916619683e-12,0.9963847862272,5.78046523480889e-10,1.04810109838202,4.63451041914147e-11,1.00211967410861,5.13810335533015e-10,1.06061346938775,1.52905712828993e-16,0.877551020408163,6,"sex=Female;sex=Male;location=Left;location=Right;age_stratum=age_lower;age_stratum=age_upper",1,0.763655744817958,1.38469520325394,"False",2.8945008277435,3.9520773237099,5.19372349763164,1.0575764959664,1.24164617392174,"monotonic_up","True","False","True","True","True","True","True","True","True","True","True",0.833949324834733,"Tier 2 - provisional",0.502416298294007,0.00572732319895666,TRUE
"STX2",1.01376846997828,6.08055472624821e-11,0.953338011603466,9.7947482978027e-09,0.938381376037388,2.15220681852827e-08,0.967541639451141,4.69376678366144e-09,1.01176644897959,9.11754609506381e-16,0.959183673469388,6,"sex=Female;sex=Male;location=Left;location=Right;age_stratum=age_lower;age_stratum=age_upper",1,0.857451085785971,1.14955358684312,"False",4.39687899040355,5.41064746038183,5.97539463338903,1.01376846997828,0.564747173007194,"monotonic_up","True","False","True","True","True","True","True","True","True","True","True",0.833757573609314,"Tier 2 - provisional",0.066854805529422,0.73189640768743,FALSE
"NUDT7",-0.508301088415302,1.92840402225387e-13,-0.544513801536069,3.19093004703532e-13,-0.552468234396209,2.53360068127006e-13,-0.548207508956744,2.33764728219125e-13,-0.507629632653062,7.30306054311214e-12,0.938775510204082,6,"sex=Female;sex=Male;location=Left;location=Right;age_stratum=age_lower;age_stratum=age_upper",1,-0.586321466193576,-0.420812719305498,"False",5.75235721652834,5.24405612811304,4.72317017613196,-0.508301088415299,-0.520885951981081,"monotonic_down","True","False","True","True","True","True","True","True","True","True","True",0.833690935256701,"Tier 2 - provisional",-0.466852367610403,1.41289477926567e-07,FALSE
"SLC41A1",0.644201559674597,7.68479714831592e-14,0.629212798653609,9.57610801246352e-12,0.629821617008503,1.51531652432668e-11,0.636472382585045,4.37545915074892e-12,0.642673755102042,5.88516301199853e-15,0.969387755102041,6,"sex=Female;sex=Male;location=Left;location=Right;age_stratum=age_lower;age_stratum=age_upper",1,0.554634695198815,0.748177054888634,"False",4.07451503888197,4.71871659855656,5.37730399503081,0.644201559674594,0.658587396474248,"monotonic_up","True","False","True","True","True","True","True","True","True","True","True",0.833562100375592,"Tier 2 - provisional",0.259858881595233,0.00348571118327037,FALSE
"TSTD1",-0.663282755953737,1.27602938331903e-14,-0.614427454254414,1.43047922878597e-11,-0.59727960897654,4.89142509832645e-11,-0.624121705229738,3.6887131093224e-12,-0.661489510204081,1.60378686696033e-19,0.979591836734694,6,"sex=Female;sex=Male;location=Left;location=Right;age_stratum=age_lower;age_stratum=age_upper",1,-0.715611777899678,-0.585765393732242,"False",9.6345046103287,8.97122185437496,8.54762618320147,-0.663282755953736,-0.423595671173487,"monotonic_down","True","False","True","True","True","True","True","True","True","True","True",0.832718783722899,"Tier 2 - provisional",-0.240916106761418,0.0103953236136849,FALSE
"SDHD",-0.601195077092524,2.04258591756583e-14,-0.598021176781953,1.55797503474322e-12,-0.582987049958199,5.35289468447e-12,-0.600321667949543,1.51882200419633e-12,-0.601151142857143,5.1397166591116e-12,0.938775510204082,6,"sex=Female;sex=Male;location=Left;location=Right;age_stratum=age_lower;age_stratum=age_upper",1,-0.660104073896919,-0.506207281998666,"False",8.81345251074177,8.21225743364925,7.2067205993471,-0.601195077092523,-1.00553683430215,"monotonic_down","True","False","True","True","True","True","True","True","True","True","True",0.832594010555125,"Tier 2 - provisional",-0.59141225714751,1.01110560520936e-08,TRUE
"USP11",0.645164651365352,1.10244922446099e-14,0.618545012141654,4.06802306877451e-12,0.605797275636991,1.28294233235507e-11,0.624805300700139,2.17044661254526e-12,0.644709959183674,1.35047371981798e-17,0.948979591836735,6,"sex=Female;sex=Male;location=Left;location=Right;age_stratum=age_lower;age_stratum=age_upper",1,0.576048009291998,0.689828558006725,"False",6.7018925794902,7.34705723085555,7.85038639766174,0.64516465136535,0.503329166806194,"monotonic_up","True","False","True","True","True","True","True","True","True","True","True",0.832540418222247,"Tier 2 - provisional",0.236429714436802,0.00431154015127814,FALSE
"BAK1",-0.752784513573674,1.8635198985255e-12,-0.735426387358211,1.54174616834209e-10,-0.707316841191656,5.49904253935073e-10,-0.733397139316267,1.99132079031098e-10,-0.75301448979592,3.98722993382585e-15,0.969387755102041,6,"sex=Female;sex=Male;location=Left;location=Right;age_stratum=age_lower;age_stratum=age_upper",1,-0.90143710370775,-0.637039060840787,"False",7.34551868575761,6.59273417218393,5.91851532095565,-0.752784513573673,-0.674218851228286,"monotonic_down","True","False","True","True","True","True","True","True","True","True","True",0.832528614984735,"Tier 2 - provisional",-0.309142386856975,0.0151473209734664,FALSE
"NAPEPLD",-0.663159873356148,1.2439679259809e-14,-0.627839338412224,5.47206565105293e-12,-0.623475629228698,1.1895680877787e-11,-0.632819119199819,3.7453143227953e-12,-0.663134530612244,1.46447546180288e-16,0.948979591836735,6,"sex=Female;sex=Male;location=Left;location=Right;age_stratum=age_lower;age_stratum=age_upper",1,-0.804670520346328,-0.461050446961734,"False",6.25571875163413,5.59255887827799,4.89907544841576,-0.663159873356145,-0.693483429862232,"monotonic_down","True","False","True","True","True","True","True","True","True","True","True",0.832284528011928,"Tier 2 - provisional",-0.277080624066566,0.00310686589845388,FALSE
"PHOSPHO2",-0.68072076981451,4.419942293486e-15,-0.630074205577782,6.18028204694883e-12,-0.613140414156553,2.1098271010786e-11,-0.626235172205765,8.40914432130102e-12,-0.681339632653061,2.89768405025599e-15,0.948979591836735,6,"sex=Female;sex=Male;location=Left;location=Right;age_stratum=age_lower;age_stratum=age_upper",1,-0.752807264546062,-0.567432591409398,"False",6.39532539899768,5.71460462918317,5.82443168731467,-0.680720769814513,0.109827058131508,"field_shift_then_plateau","True","False","True","True","True","True","True","True","True","True","True",0.832066611408969,"Tier 2 - provisional",-0.455529362346341,2.41826509720207e-05,FALSE
"TDP2",-0.739770157704239,2.62996215482166e-13,-0.706594961089792,5.93641112741994e-11,-0.694595981524954,1.59200677488006e-10,-0.708434312425121,6.31738697522088e-11,-0.739974918367347,3.66596941296839e-18,0.959183673469388,6,"sex=Female;sex=Male;location=Left;location=Right;age_stratum=age_lower;age_stratum=age_upper",1,-0.839542637903765,-0.638368552793937,"False",9.87812430370122,9.13835414599698,7.35190652512205,-0.739770157704235,-1.78644762087493,"monotonic_down","True","False","True","True","True","True","True","True","True","True","True",0.831972136498686,"Tier 2 - provisional",-0.268150516892575,0.0189118797431238,FALSE
"KRCC1",-0.605282103638244,1.49211540039401e-16,-0.555122855313457,4.79012804491003e-13,-0.548393618110884,1.31230396422761e-12,-0.552158879212035,6.57097542589543e-13,-0.605312204081634,4.91866842408216e-16,0.928571428571429,6,"sex=Female;sex=Male;location=Left;location=Right;age_stratum=age_lower;age_stratum=age_upper",1,-0.632260337767916,-0.561502146288992,"False",7.77255798430161,7.16727588066337,6.05258282163756,-0.605282103638245,-1.11469305902581,"monotonic_down","True","False","True","True","True","True","True","True","True","True","True",0.831730785727628,"Tier 2 - provisional",-0.422616315925204,2.00958968325853e-06,FALSE
"PMP22",1.71533756160731,1.73812281070674e-27,1.68435095814501,5.09098871719218e-24,1.66199755435512,2.16205069026741e-23,1.70314855993486,3.54837390021353e-25,1.71371471428571,4.63074792767123e-35,0.979591836734694,6,"sex=Female;sex=Male;location=Left;location=Right;age_stratum=age_lower;age_stratum=age_upper",1,1.54342389326401,1.78811251273852,"False",5.75718035962735,7.47251792123466,6.31409077472116,1.7153375616073,-1.1584271465135,"adjacent_specific","True","True","True","True","True","True","True","True","True","True","True",0.831681045115314,"Tier 2 - provisional",0.817947830870853,3.70614586968664e-13,TRUE
"LPCAT3",-0.713137358664023,9.5814362662409e-13,-0.70135164640378,7.13166816805367e-11,-0.689594024842334,1.90664772267896e-10,-0.699648158089916,9.25756354203775e-11,-0.709551020408163,1.03323429631115e-10,0.959183673469388,6,"sex=Female;sex=Male;location=Left;location=Right;age_stratum=age_lower;age_stratum=age_upper",1,-0.874090689232943,-0.617985194989535,"False",4.84453867051686,4.13140131185284,3.783878454084,-0.71313735866402,-0.34752285776884,"monotonic_down","True","False","True","True","True","True","True","True","True","True","True",0.831028562899256,"Tier 2 - provisional",-0.528611309844931,4.06557652023302e-05,TRUE
"TMEM100",1.72980980856974,2.76688010933895e-27,1.67463747741157,5.52653036246207e-24,1.66053024365578,2.16205069026741e-23,1.69775668478235,9.05287416436767e-26,1.7302326122449,1.6857768605182e-30,0.979591836734694,6,"sex=Female;sex=Male;location=Left;location=Right;age_stratum=age_lower;age_stratum=age_upper",1,1.59790315451496,1.7825959136446,"False",5.01927981141546,6.74908961998521,3.32129952592428,1.72980980856974,-3.42779009406092,"adjacent_specific","True","True","True","True","True","True","True","True","True","True","True",0.830987225062926,"Tier 2 - provisional",0.996317748809168,4.47407732586525e-12,TRUE
"FDX1",-0.556584693876515,9.60149644591665e-16,-0.519395982028026,1.33920988661362e-12,-0.493710325117843,4.28870324027795e-12,-0.520050481396768,1.54554553870795e-12,-0.555783061224489,1.57586697101441e-17,0.959183673469388,6,"sex=Female;sex=Male;location=Left;location=Right;age_stratum=age_lower;age_stratum=age_upper",1,-0.590498578839403,-0.483449656155158,"False",6.76872216177896,6.21213746790245,5.89367636169302,-0.556584693876511,-0.318461106209432,"monotonic_down","True","False","False","True","True","True","True","True","True","True","True",0.830362747449011,"Tier 2 - provisional",-0.228435797914763,0.00197306213495787,FALSE
"AQP11",-0.767201595251119,1.20371256773234e-13,-0.705373916874009,1.00975659019637e-10,-0.715369712869591,8.70455614281947e-11,-0.708037339194741,1.00718128306318e-10,-0.76761,2.13869304358037e-13,0.959183673469388,6,"sex=Female;sex=Male;location=Left;location=Right;age_stratum=age_lower;age_stratum=age_upper",1,-0.815502513816343,-0.705001710359748,"False",5.73438302349917,4.96718142824805,4.05047261871299,-0.767201595251115,-0.916708809535064,"monotonic_down","True","False","True","True","True","True","True","True","True","True","True",0.830237113870322,"Tier 2 - provisional",-0.433674550815737,0.000540180441981041,FALSE
"DSE",0.715511566368578,1.59905758256786e-13,0.701111488549532,1.57524689264539e-11,0.707840910471291,1.68480315073496e-11,0.717027209300769,1.08126824532131e-12,0.718190448979592,1.59761784409411e-16,0.918367346938776,6,"sex=Female;sex=Male;location=Left;location=Right;age_stratum=age_lower;age_stratum=age_upper",1,0.636361431980589,0.812639675491928,"False",4.64021687804445,5.35572844441302,5.27672893491993,0.715511566368574,-0.0789995094930944,"field_shift_then_plateau","True","False","True","True","True","True","True","True","True","True","True",0.829865094233417,"Tier 2 - provisional",0.293872904985638,0.000566622871269312,FALSE
"ST3GAL2",0.73199380735313,1.17243928975681e-13,0.696919935142699,3.67470026069187e-11,0.670711373003271,1.32483551974066e-10,0.71164416331495,4.08102374146384e-12,0.729103714285715,1.71005822000135e-17,0.938775510204082,6,"sex=Female;sex=Male;location=Left;location=Right;age_stratum=age_lower;age_stratum=age_upper",1,0.669215897879424,0.746795250188787,"False",4.31532267605789,5.04731648341102,6.12449964922847,0.731993807353126,1.07718316581745,"monotonic_up","True","False","True","True","True","True","True","True","True","True","True",0.829853483109546,"Tier 2 - provisional",0.152936469390004,0.0781935995076092,FALSE
"NFIX",0.582603514099223,7.1933641815497e-14,0.57350509203879,7.41437635267566e-12,0.551103448405215,2.71362167484463e-11,0.57719548175512,5.85427089019367e-12,0.58238187755102,4.86455745030019e-17,0.959183673469388,6,"sex=Female;sex=Male;location=Left;location=Right;age_stratum=age_lower;age_stratum=age_upper",1,0.478469853708241,0.704162915523727,"False",4.90866900716144,5.49127252126066,5.64396492092351,0.582603514099222,0.152692399662847,"monotonic_up","True","False","True","True","True","True","True","True","True","True","True",0.828918926877123,"Tier 2 - provisional",0.194730335224384,0.0205534376659898,FALSE
"ANXA13",-0.910777974166178,1.10978497349391e-10,-0.901915291747448,3.52453229027593e-09,-0.960354309826196,1.37472161002165e-10,-0.898801415915544,4.51160354129681e-09,-0.910266448979594,1.42639720299264e-12,0.928571428571429,6,"sex=Female;sex=Male;location=Left;location=Right;age_stratum=age_lower;age_stratum=age_upper",1,-1.0725957827665,-0.663575128844636,"False",7.15836589668121,6.24758792251503,5.81396066636647,-0.910777974166179,-0.433627256148561,"monotonic_down","True","False","True","True","True","True","True","True","True","True","True",0.828881999965417,"Tier 2 - provisional",-0.714379165730635,0.000131396482371383,TRUE
"PLK3",0.79351466326427,1.84048645802033e-12,0.771094057899256,1.83463680118274e-10,0.763195729416951,4.0232489272321e-10,0.772802031503834,1.98018439802924e-10,0.796768244897959,1.82766989780603e-17,0.928571428571429,6,"sex=Female;sex=Male;location=Left;location=Right;age_stratum=age_lower;age_stratum=age_upper",1,0.605745769801352,0.884016654907315,"False",2.81738880389291,3.61090346715718,3.81693837405821,0.793514663264269,0.206034906901031,"monotonic_up","True","False","True","True","True","True","True","True","True","True","True",0.828705850354293,"Tier 2 - provisional",0.71364184498183,1.54710172681376e-06,TRUE
"KRT24",2.33528285819532,1.5100484860425e-19,2.35907540497873,1.6087786526705e-17,2.45716964250932,2.61379179547648e-19,2.37267088842195,1.16579075650082e-17,2.33616730612245,1.82550655110784e-26,0.959183673469388,6,"sex=Female;sex=Male;location=Left;location=Right;age_stratum=age_lower;age_stratum=age_upper",1,1.91336946271041,2.99147805504749,"False",2.45424731321628,4.7895301714116,2.30306625319152,2.33528285819532,-2.48646391822008,"adjacent_specific","True","True","True","True","True","True","True","True","True","True","True",0.828408408389533,"Tier 2 - provisional",2.13763579580449,1.54825523891848e-11,TRUE
"LRRC26",-0.67318371033545,7.34718927446037e-13,-0.668205747228007,3.03905402848099e-11,-0.687301717699025,1.06662559782868e-11,-0.658390436335661,3.25335170343904e-11,-0.673178530612245,3.08252412917648e-14,0.938775510204082,6,"sex=Female;sex=Male;location=Left;location=Right;age_stratum=age_lower;age_stratum=age_upper",1,-0.72229134458536,-0.551552450465879,"False",5.05037900688472,4.37719529654927,3.94824073243687,-0.67318371033545,-0.428954564112395,"monotonic_down","True","False","True","True","True","True","True","True","True","True","True",0.828391637537859,"Tier 2 - provisional",-0.546374139079985,6.87545946792587e-06,TRUE
"TRNP1",0.870972558785516,1.12036986064645e-10,0.851312966276114,5.33278733637058e-09,0.818760500455486,1.72431670958015e-08,0.852258157157168,5.94768780331111e-09,0.874092959183673,7.82682163866979e-16,0.959183673469388,6,"sex=Female;sex=Male;location=Left;location=Right;age_stratum=age_lower;age_stratum=age_upper",1,0.693246970370784,1.08272598096703,"False",3.03845005062012,3.90942260940563,4.19838090867817,0.870972558785512,0.288958299272532,"monotonic_up","True","False","True","True","True","True","True","True","True","True","True",0.828356063336706,"Tier 2 - provisional",0.0538938263732847,0.752371192772566,FALSE
"BMP4",0.672205178330779,4.08348260323357e-12,0.714974749328233,9.98387868090126e-12,0.6940905972822,3.46859027590167e-11,0.720816164023458,6.76383521364583e-12,0.672907959183674,1.17265930017209e-12,0.887755102040816,6,"sex=Female;sex=Male;location=Left;location=Right;age_stratum=age_lower;age_stratum=age_upper",1,0.575701936733366,0.802731938207669,"False",6.53748250503433,7.20968768336511,8.40105969704498,0.67220517833078,1.19137201367987,"monotonic_up","True","False","True","True","True","True","True","True","True","True","True",0.827896787421839,"Tier 2 - provisional",0.658282301645628,5.32358940638433e-08,TRUE
"LOXL1",0.999382107236744,7.68481788396791e-11,0.928986967424488,1.52025337674778e-08,0.898266092914903,4.46499918600736e-08,0.940394926114817,9.22573162295117e-09,0.999557755102041,1.796351405038e-14,0.938775510204082,6,"sex=Female;sex=Male;location=Left;location=Right;age_stratum=age_lower;age_stratum=age_upper",1,0.846429732081303,1.17378373880459,"False",3.75973054221551,4.75911264945225,5.26774310871426,0.999382107236744,0.50863045926201,"monotonic_up","True","False","True","True","True","True","True","True","True","True","True",0.82773902786855,"Tier 2 - provisional",0.0540473829822351,0.767019217734153,FALSE
"MED12",0.52691148457458,3.66353157763202e-14,0.555407034293222,1.07655928061487e-13,0.578591608874878,6.7873896824717e-15,0.556529447803066,1.18870560225067e-13,0.528460571428571,1.71204438862395e-11,0.86734693877551,6,"sex=Female;sex=Male;location=Left;location=Right;age_stratum=age_lower;age_stratum=age_upper",1,0.425523639532844,0.672058818356604,"False",5.21421466961301,5.74112615418758,5.94454432845798,0.52691148457458,0.203418174270395,"monotonic_up","True","False","True","True","True","True","True","True","True","True","True",0.827635508351771,"Tier 2 - provisional",0.760166782726734,1.70148353206219e-17,TRUE
"LRRC31",-0.871237321601713,8.26988533630397e-12,-0.800994385306052,3.38463533563524e-09,-0.81757028574123,2.23986097558518e-09,-0.803132178413492,3.58096788867507e-09,-0.867502285714289,5.78624601046968e-16,0.969387755102041,6,"sex=Female;sex=Male;location=Left;location=Right;age_stratum=age_lower;age_stratum=age_upper",1,-1.03700923678185,-0.607539941492556,"False",7.27889444709781,6.4076571254961,5.01671914469411,-0.871237321601712,-1.39093798080199,"monotonic_down","True","False","True","True","True","True","True","True","True","True","True",0.827629907649492,"Tier 2 - provisional",-0.290613722130578,0.0613438331351275,FALSE
"PODXL",0.715663076250468,1.50045833075763e-12,0.697794542487673,1.34867851757877e-10,0.667617972205272,4.89787214665042e-10,0.709865329394447,3.42567342141563e-11,0.715028489795917,2.23448331606222e-13,0.948979591836735,6,"sex=Female;sex=Male;location=Left;location=Right;age_stratum=age_lower;age_stratum=age_upper",1,0.675072518886572,0.723452122223299,"False",5.37361116147354,6.08927423772401,7.03914041648574,0.71566307625047,0.949866178761728,"monotonic_up","True","False","True","True","True","True","True","True","True","True","True",0.827340205869358,"Tier 2 - provisional",0.206257178163062,0.0718269586399598,FALSE
"VEGFC",1.65707133417181,7.9581930131581e-29,1.61925765658064,2.91761230610932e-25,1.58418082400772,1.09015642123322e-24,1.6283945229006,1.51942623768021e-25,1.65347975510204,4.39426742835647e-37,0.979591836734694,6,"sex=Female;sex=Male;location=Left;location=Right;age_stratum=age_lower;age_stratum=age_upper",1,1.53167565712343,1.70198891621981,"False",3.13678363366081,4.79385496783263,4.36046959991215,1.65707133417182,-0.433385367920476,"non_monotonic","True","True","True","True","True","True","True","True","True","True","True",0.827031523575002,"Tier 2 - provisional",0.950671103948855,1.75914432331019e-13,TRUE
"SMOC2",0.772345148515742,7.07244285050479e-12,0.772992485779733,2.22535571537923e-10,0.741984887550449,7.98425836272638e-10,0.774280963700727,2.4589488979749e-10,0.770306938775511,6.18174841196603e-14,0.918367346938776,6,"sex=Female;sex=Male;location=Left;location=Right;age_stratum=age_lower;age_stratum=age_upper",1,0.708903003307597,0.841692308485459,"False",5.44199266535171,6.21433781386745,6.4359310002249,0.772345148515741,0.22159318635745,"monotonic_up","True","False","True","True","True","True","True","True","True","True","True",0.82678480253745,"Tier 2 - provisional",0.308721227313356,0.0199948963031773,FALSE
"STMN3",0.892855549258784,3.92399263531103e-12,0.861720683729961,4.49149702137787e-10,0.829958978706002,1.53213607448329e-09,0.869514529683641,3.10594434905575e-10,0.899633265306123,6.06908428260936e-17,0.887755102040816,6,"sex=Female;sex=Male;location=Left;location=Right;age_stratum=age_lower;age_stratum=age_upper",1,0.720618898221283,0.989863446208625,"False",3.29860435080899,4.19145990006777,5.3687400843524,0.892855549258782,1.17728018428463,"monotonic_up","True","False","True","True","True","True","True","True","True","True","True",0.826570841157925,"Tier 2 - provisional",0.140970434910729,0.282519944209949,FALSE
"DBI",-0.561802566805737,3.78827186510011e-14,-0.526102025870649,2.32416258019347e-11,-0.513984586966421,7.34233161967709e-11,-0.529031473570639,2.04114582851554e-11,-0.560445387755102,4.88705726577957e-17,0.989795918367347,6,"sex=Female;sex=Male;location=Left;location=Right;age_stratum=age_lower;age_stratum=age_upper",1,-0.670826571099273,-0.4197189682525,"False",10.5609823455979,9.99917977879215,9.94268737856854,-0.561802566805738,-0.0564924002236164,"field_shift_then_plateau","True","False","True","True","True","True","True","True","True","True","True",0.826361943724538,"Tier 2 - provisional",-0.365589908062664,8.17697207121584e-05,FALSE
"KLC1",0.656695825153323,1.34624841055197e-13,0.61347082931384,7.33024313366967e-11,0.605190231074421,1.80287089901125e-10,0.623809544820679,1.8744612114563e-11,0.655274326530612,5.29642749198714e-19,0.969387755102041,6,"sex=Female;sex=Male;location=Left;location=Right;age_stratum=age_lower;age_stratum=age_upper",1,0.605212344001793,0.68584757638536,"False",4.45150497742145,5.10820080257477,5.04598630976172,0.656695825153323,-0.0622144928130561,"field_shift_then_plateau","True","False","True","True","True","True","True","True","True","True","True",0.82612389296695,"Tier 2 - provisional",0.166226957492568,0.0690684159503197,FALSE
"SEPSECS",-0.604021775749088,8.09384853009237e-13,-0.617136790295431,1.37158463522882e-11,-0.571331253391204,2.42809519962288e-11,-0.612517946566034,1.86633857600959e-11,-0.60870906122449,2.97214263717893e-12,0.928571428571429,6,"sex=Female;sex=Male;location=Left;location=Right;age_stratum=age_lower;age_stratum=age_upper",1,-0.680507837481565,-0.488290654696009,"False",5.13919224378127,4.53517046803218,4.2456103422691,-0.604021775749089,-0.28956012576308,"monotonic_down","True","False","True","True","True","True","True","True","True","True","True",0.825754099021202,"Tier 2 - provisional",-0.23732098738405,0.00978434688037803,FALSE
"STC1",0.66774512960249,4.31470460634812e-13,0.634351099019387,9.15993899037621e-11,0.635900905487078,1.3231171956859e-10,0.639240502838236,6.86920038503209e-11,0.669233448979592,5.66351988358503e-19,0.959183673469388,6,"sex=Female;sex=Male;location=Left;location=Right;age_stratum=age_lower;age_stratum=age_upper",1,0.569190675032184,0.708040790248459,"False",2.40721435086184,3.07495948046433,4.37914886687853,0.667745129602491,1.3041893864142,"monotonic_up","True","False","True","True","True","True","True","True","True","True","True",0.825466370560825,"Tier 2 - provisional",0.287688229980605,0.00815409881984262,FALSE
"LY6E",0.69450019098435,3.28422540563506e-10,0.731725046436541,1.05174325702309e-09,0.734675462072174,1.38505771310899e-09,0.748350778142919,1.50377840485963e-10,0.694465836734693,1.09951467135193e-12,0.959183673469388,6,"sex=Female;sex=Male;location=Left;location=Right;age_stratum=age_lower;age_stratum=age_upper",1,0.475181787105687,0.827860270782689,"False",3.90856504353325,4.6030652345176,6.04250453116044,0.694500190984347,1.43943929664285,"monotonic_up","True","False","True","True","True","True","True","True","True","True","True",0.824850101410148,"Tier 2 - provisional",0.416166858279699,0.00089194472945615,FALSE
"PCYOX1L",0.538672723279287,1.94664410976613e-15,0.507075178965666,1.62186315230649e-12,0.511159112326804,1.86223702322996e-12,0.507745128136813,1.86046491860868e-12,0.539036775510205,1.54102957091386e-14,0.928571428571429,6,"sex=Female;sex=Male;location=Left;location=Right;age_stratum=age_lower;age_stratum=age_upper",1,0.477391358487968,0.585944441640598,"False",4.81369667462325,5.35236939790253,5.84365046968693,0.538672723279283,0.491281071784404,"monotonic_up","True","False","True","True","True","True","True","True","True","True","True",0.824515472529013,"Tier 2 - provisional",0.455809937110133,1.16068440160111e-07,FALSE
"ABI3BP",1.5415588926528,4.49461725839346e-25,1.56217012780337,9.26101679708805e-23,1.52632316515969,3.4251765273029e-22,1.57648999481756,2.01169477897913e-23,1.54125663265306,4.154725203171e-27,0.989795918367347,6,"sex=Female;sex=Male;location=Left;location=Right;age_stratum=age_lower;age_stratum=age_upper",1,1.47995452245834,1.66045588212817,"False",5.14619645121867,6.68775534387147,3.89653096183566,1.5415588926528,-2.79122438203581,"adjacent_specific","True","True","True","True","True","True","True","True","True","True","True",0.824411568895576,"Tier 2 - provisional",0.922556701195121,1.26005607618575e-11,TRUE
"ABCD3",-0.6995885862659,8.48012120704087e-12,-0.681332175429507,6.54465015803302e-10,-0.666467280863701,1.79757466309876e-09,-0.682417851568205,7.26067737650638e-10,-0.702408285714286,1.22078049439309e-10,0.969387755102041,6,"sex=Female;sex=Male;location=Left;location=Right;age_stratum=age_lower;age_stratum=age_upper",1,-0.874664582683021,-0.576488823873416,"False",6.72732415236712,6.02773556610122,5.08990398055243,-0.699588586265902,-0.937831585548786,"monotonic_down","True","False","True","True","True","True","True","True","True","True","True",0.824179931570622,"Tier 2 - provisional",-0.406449669043887,0.00151270923893473,FALSE
"PRAF2",0.630434110263724,1.00495548903968e-12,0.616121950583035,9.35236965846985e-11,0.610272093908028,2.04939166930174e-10,0.620097732023372,7.75236026891286e-11,0.629079510204082,1.60669492123465e-16,0.959183673469388,6,"sex=Female;sex=Male;location=Left;location=Right;age_stratum=age_lower;age_stratum=age_upper",1,0.537514743576064,0.725077318349123,"False",3.24266310297355,3.87309721323727,4.43124832884813,0.63043411026372,0.558151115610865,"monotonic_up","True","False","True","True","True","True","True","True","True","True","True",0.824099795078245,"Tier 2 - provisional",0.195029122743494,0.0476870592946592,FALSE
"APLNR",0.576598294000835,4.74938056166429e-11,0.636096871541958,1.42634965593619e-11,0.612012028790717,5.20333975167412e-11,0.636447823100707,1.70078402086663e-11,0.578159591836735,8.37523891163504e-13,0.908163265306122,6,"sex=Female;sex=Male;location=Left;location=Right;age_stratum=age_lower;age_stratum=age_upper",1,0.494577744074772,0.69570730274658,"False",3.65820432614785,4.23480262014868,4.49817206524019,0.576598294000836,0.26336944509151,"monotonic_up","True","False","True","True","True","True","True","True","True","True","True",0.824071485856061,"Tier 2 - provisional",0.404770052191661,0.000157950169495026,FALSE
"LRRC19",-0.867660852951085,9.92681445277336e-11,-0.805845690549819,1.97884769092948e-08,-0.784734167456488,5.19987551903815e-08,-0.815485891064492,1.24253833197795e-08,-0.865948326530614,3.92300757578967e-15,0.979591836734694,6,"sex=Female;sex=Male;location=Left;location=Right;age_stratum=age_lower;age_stratum=age_upper",1,-0.939905674352408,-0.763346766640609,"False",8.73932315064204,7.87166229769096,4.90067838146248,-0.867660852951087,-2.97098391622847,"monotonic_down","True","False","True","True","True","True","True","True","True","True","True",0.823956294798022,"Tier 2 - provisional",-0.209567387017809,0.212590055563519,FALSE
"PTGS2",1.11381263270452,5.98744658840195e-10,0.955427963579952,4.30246187332417e-07,0.952633307950561,6.29616309013798e-07,0.968525199481029,2.73199696457216e-07,1.10533269387755,1.21700096888941e-14,0.969387755102041,6,"sex=Female;sex=Male;location=Left;location=Right;age_stratum=age_lower;age_stratum=age_upper",1,0.779215225667498,1.38459633934382,"False",2.49289838127109,3.60671101397561,4.14585456965842,1.11381263270452,0.539143555682806,"monotonic_up","True","False","True","True","True","True","True","True","True","True","True",0.823630840766897,"Tier 2 - provisional",0.167784078429718,0.498384869827565,FALSE
"SCOC",-0.619320092901796,2.4984371528858e-12,-0.604876771505655,2.16887839287443e-10,-0.629411368235274,3.73888139663076e-11,-0.604214732357483,2.66865822126991e-10,-0.619412081632656,6.47935905391705e-10,0.979591836734694,6,"sex=Female;sex=Male;location=Left;location=Right;age_stratum=age_lower;age_stratum=age_upper",1,-0.703090446200718,-0.582919087596436,"False",7.42626798315901,6.80694789025722,6.60460736096066,-0.619320092901793,-0.202340529296554,"monotonic_down","True","False","True","True","True","True","True","True","True","True","True",0.823602637482625,"Tier 2 - provisional",-0.819740856998462,8.83235248731292e-13,TRUE
"GREM2",1.68860002874088,3.27915085035584e-21,1.71821070510468,2.98134631995033e-19,1.67036620848942,1.10791604538227e-18,1.72062560337201,3.90235222810403e-19,1.68857089795918,5.12775049488053e-18,0.979591836734694,6,"sex=Female;sex=Male;location=Left;location=Right;age_stratum=age_lower;age_stratum=age_upper",1,1.51577092368729,1.9409672632548,"False",4.52318526029405,6.21178528903492,2.94188087638551,1.68860002874087,-3.26990441264941,"adjacent_specific","True","True","True","True","True","True","True","True","True","True","True",0.823568081129612,"Tier 2 - provisional",1.14789848341324,8.39017411567462e-09,TRUE
"DEFB1",-1.00935768332419,1.84698308721242e-08,-0.994477430217352,2.70645678274786e-07,-0.925873329385173,9.20131812349406e-07,-1.00113056420738,2.40441894109275e-07,-1.00733773469388,3.34147308357146e-10,0.938775510204082,6,"sex=Female;sex=Male;location=Left;location=Right;age_stratum=age_lower;age_stratum=age_upper",1,-1.26339468948844,-0.697922412648156,"False",8.15112202136413,7.14176433803994,5.06079166663607,-1.00935768332419,-2.08097267140387,"monotonic_down","True","False","True","True","True","True","True","True","True","True","True",0.823484881497681,"Tier 2 - provisional",-0.369891603765047,0.128151302700223,FALSE
"AKAP12",2.01451709633885,2.36680178409239e-20,1.93339392139262,4.76315955728889e-17,1.92187912552934,1.26632651279357e-16,1.95638671805227,1.01507478023657e-17,2.01451685714286,1.90225247900476e-27,0.979591836734694,6,"sex=Female;sex=Male;location=Left;location=Right;age_stratum=age_lower;age_stratum=age_upper",1,1.88008138210172,2.18369503757166,"False",4.42059585420078,6.43511295053964,4.87348263636701,2.01451709633885,-1.56163031417263,"adjacent_specific","True","True","True","True","True","True","True","True","True","True","True",0.82319914870557,"Tier 2 - provisional",0.768010088275397,3.17788450043859e-05,TRUE
"SMAGP",-0.73291277809891,8.34973600497671e-11,-0.719253270822146,3.58448034161383e-09,-0.724397412901297,4.1477505307502e-09,-0.717418225569479,4.49865507790518e-09,-0.731505877551021,1.5070659110801e-15,0.979591836734694,6,"sex=Female;sex=Male;location=Left;location=Right;age_stratum=age_lower;age_stratum=age_upper",1,-0.886743978325587,-0.617758752214352,"False",7.91801778602185,7.18510500792294,7.27088013840149,-0.732912778098908,0.085775130478555,"field_shift_then_plateau","True","False","True","True","True","True","True","True","True","True","True",0.823071023142789,"Tier 2 - provisional",-0.361318716482023,0.012064902654006,FALSE
"TMEM135",-0.518329102407194,1.85216470478341e-13,-0.527599808961664,4.22568811447572e-12,-0.513012089209599,1.47052145654009e-11,-0.524173296437724,5.72894600222392e-12,-0.521226693877552,3.43488324500831e-12,0.928571428571429,6,"sex=Female;sex=Male;location=Left;location=Right;age_stratum=age_lower;age_stratum=age_upper",1,-0.591465229231514,-0.470854044682993,"False",5.19212854387897,4.67379944147178,4.43559693523436,-0.518329102407193,-0.238202506237417,"monotonic_down","True","False","True","True","True","True","True","True","True","True","True",0.823010923008111,"Tier 2 - provisional",-0.510921171032523,3.49680350666799e-08,TRUE
"TAF3",0.543521763290406,2.90995014675021e-14,0.530270036117535,4.70736536316954e-12,0.527228880705345,9.82375995138078e-12,0.540721652392239,5.07880546129255e-13,0.541955020408163,2.78224559682669e-13,0.928571428571429,6,"sex=Female;sex=Male;location=Left;location=Right;age_stratum=age_lower;age_stratum=age_upper",1,0.451555640581693,0.670368852911174,"False",4.53348462798546,5.07700639127587,5.13160288854456,0.543521763290408,0.0545964972686858,"field_shift_then_plateau","True","False","True","True","True","True","True","True","True","True","True",0.822866793036643,"Tier 2 - provisional",0.247292004456348,0.0020327997808932,FALSE
"PLS3",0.787708668476699,2.83523031844049e-12,0.750634453763532,4.79000222123472e-10,0.722079113808417,1.64474746232284e-09,0.75853911310703,2.91089378902645e-10,0.789063163265305,7.17857286211921e-16,0.918367346938776,6,"sex=Female;sex=Male;location=Left;location=Right;age_stratum=age_lower;age_stratum=age_upper",1,0.640251541645156,0.894961237830226,"False",6.28012505750302,7.06783372597971,8.3351813816003,0.787708668476699,1.26734765562059,"monotonic_up","True","False","True","True","True","True","True","True","True","True","True",0.822809684011456,"Tier 2 - provisional",0.0957549895303585,0.436688304146558,FALSE
"EPHA2",0.846062863591313,1.27592668316188e-11,0.832548861445274,6.54465015803302e-10,0.842158384979559,6.41862286748347e-10,0.831785952769553,7.98714948049099e-10,0.843661489795918,1.4653570149808e-16,0.877551020408163,6,"sex=Female;sex=Male;location=Left;location=Right;age_stratum=age_lower;age_stratum=age_upper",1,0.744267995123514,0.950350546457887,"False",3.9140689917393,4.76013185533061,5.27594810195011,0.846062863591312,0.5158162466195,"monotonic_up","True","False","True","True","True","True","True","True","True","True","True",0.821861589901194,"Tier 2 - provisional",1.13200530980394,2.01466251073718e-12,TRUE
"CAV1",2.02329958519689,5.79726814280817e-20,1.93586803987002,1.258073883194e-16,1.89191708741131,4.75351182272696e-16,1.94895848738501,7.98457422440391e-17,2.02138130612245,7.40835950420258e-27,0.989795918367347,6,"sex=Female;sex=Male;location=Left;location=Right;age_stratum=age_lower;age_stratum=age_upper",1,1.86366313644884,2.07200624495438,"False",6.6591105397217,8.68241012491858,7.23443808628439,2.02329958519689,-1.44797203863419,"adjacent_specific","True","True","True","True","True","True","True","True","True","True","True",0.821820661566265,"Tier 2 - provisional",0.60471188310936,0.000135615807062161,TRUE
"PLN",3.16907149628973,9.07315762899689e-20,2.94499773920243,5.61302369449559e-16,2.93767475734523,1.25439780556231e-15,2.96717968868,3.37408848169294e-16,2.99277383673469,9.28424542429293e-24,0.989795918367347,6,"sex=Female;sex=Male;location=Left;location=Right;age_stratum=age_lower;age_stratum=age_upper",1,2.90948211848697,3.40009783675696,"False",4.29045990925086,7.45953140554058,4.73694127026235,3.16907149628972,-2.72259013527823,"adjacent_specific","True","True","True","True","True","True","True","True","True","True","True",0.821762296370126,"Tier 2 - provisional",1.15146675286504,0.0001941588525735,TRUE
"AVIL",-0.825171863714334,9.65559385369492e-12,-0.771008667524552,1.18119863693232e-09,-0.724518923848961,4.00821719130732e-09,-0.783548966734119,4.1530229431747e-10,-0.8248,1.74973231145438e-10,0.918367346938776,6,"sex=Female;sex=Male;location=Left;location=Right;age_stratum=age_lower;age_stratum=age_upper",1,-0.985026208088888,-0.50871537668322,"False",5.14228608817859,4.31711422446426,3.50498654430829,-0.825171863714332,-0.812127680155968,"monotonic_down","True","False","True","True","True","True","True","True","True","True","True",0.821465076263503,"Tier 2 - provisional",-0.429700013701877,0.0035198261675357,FALSE
"PRELP",1.77466343296693,4.31717022854344e-22,1.70859204942327,1.30511430588189e-18,1.70124765590459,3.60532039726085e-18,1.72273513223141,5.54333543879456e-19,1.77378967346939,2.12774418121351e-29,1,6,"sex=Female;sex=Male;location=Left;location=Right;age_stratum=age_lower;age_stratum=age_upper",1,1.65467013977144,1.82864853898893,"False",3.12604114966975,4.90070458263667,3.43853308297398,1.77466343296692,-1.46217149966269,"adjacent_specific","True","True","True","True","True","True","True","True","True","True","True",0.821216228171861,"Tier 2 - provisional",0.746093262750047,1.18584688278399e-06,TRUE
"PTGIS",1.57450619386462,2.97427477719325e-33,1.49642771010536,1.48822822584465e-28,1.49156062128387,6.12144329823761e-28,1.50678267381758,4.14702820552054e-29,1.57532012244898,2.83268244118845e-42,1,6,"sex=Female;sex=Male;location=Left;location=Right;age_stratum=age_lower;age_stratum=age_upper",1,1.49797047741696,1.62297450710792,"False",2.67657491594685,4.25108110981147,3.21292746589784,1.57450619386462,-1.03815364391363,"adjacent_specific","True","True","True","True","True","True","True","True","True","True","True",0.821173407864669,"Tier 2 - provisional",0.867661862735943,5.11875743158451e-17,TRUE
"HES4",0.71083161292347,8.6967368161332e-11,0.729589284074759,8.17939543430135e-10,0.674505012362885,2.16935475551907e-09,0.741114926439571,2.94997871579884e-10,0.710879061224489,3.26792118881725e-10,0.928571428571429,6,"sex=Female;sex=Male;location=Left;location=Right;age_stratum=age_lower;age_stratum=age_upper",1,0.622949997025446,0.784915489788974,"False",4.59829554776911,5.30912716069257,5.33867418438531,0.710831612923466,0.0295470236927348,"field_shift_then_plateau","True","False","True","True","True","True","True","True","True","True","True",0.821104287195965,"Tier 2 - provisional",0.231696600763415,0.0758742404927055,FALSE
"HEPACAM2",-1.0049470830875,1.20716199685603e-09,-0.952099762327304,8.8966911620397e-08,-1.01251253109895,8.23987394216651e-09,-0.958628037395479,7.79633720127161e-08,-1.00509728571429,7.35228967105004e-14,0.918367346938776,6,"sex=Female;sex=Male;location=Left;location=Right;age_stratum=age_lower;age_stratum=age_upper",1,-1.23632809424091,-0.665949637097578,"False",9.98138824661844,8.97644116353094,5.39134667298875,-1.0049470830875,-3.58509449054219,"monotonic_down","True","False","True","True","True","True","True","True","True","True","True",0.820993686051647,"Tier 2 - provisional",-0.450507697053521,0.0398340359957011,FALSE
"WDR35",0.556579896135536,2.17923030238461e-13,0.529884352899813,6.57036830064708e-11,0.527038982657525,1.27476360624432e-10,0.532207387838325,6.2738699803196e-11,0.558786448979592,9.96671570551874e-17,0.969387755102041,6,"sex=Female;sex=Male;location=Left;location=Right;age_stratum=age_lower;age_stratum=age_upper",1,0.478091264235863,0.655027393725935,"False",2.73352191838589,3.29010181452142,4.15649166366949,0.556579896135534,0.866389849148074,"monotonic_up","True","False","True","True","True","True","True","True","True","True","True",0.820492920832205,"Tier 2 - provisional",0.221129371936104,0.0119982782570328,FALSE
"DNMT1",0.525071354236925,2.81961839683035e-12,0.557637009437605,7.44025530910514e-12,0.549627126409392,1.99795332216692e-11,0.559861015791617,7.19962065910045e-12,0.524367081632653,2.32428410044975e-13,0.908163265306122,6,"sex=Female;sex=Male;location=Left;location=Right;age_stratum=age_lower;age_stratum=age_upper",1,0.477454056248268,0.614346213557926,"False",6.71771774801684,7.24278910225377,8.26831158227444,0.525071354236927,1.02552248002067,"monotonic_up","True","False","True","True","True","True","True","True","True","True","True",0.820486054014799,"Tier 2 - provisional",0.572037842689571,3.21477498420157e-09,TRUE
"IRS1",0.89737952981003,1.25994845812204e-09,0.913161880829803,1.24014247976355e-08,0.814391854946707,1.83017944287372e-08,0.926032880897195,6.39069076945328e-09,0.900281510204081,6.03421001893933e-13,0.887755102040816,6,"sex=Female;sex=Male;location=Left;location=Right;age_stratum=age_lower;age_stratum=age_upper",1,0.457122253248639,1.11146542505431,"False",3.80697789844536,4.70435742825539,5.27938028153538,0.89737952981003,0.575022853279989,"monotonic_up","True","False","True","True","True","True","True","True","True","True","True",0.819951780464748,"Tier 2 - provisional",0.456386696862486,0.0174130094468604,FALSE
"LTBP3",0.707742447282882,4.51877565987135e-12,0.686703663456595,4.51753946815952e-10,0.679944862341468,9.57565584603257e-10,0.696947485715411,1.72657681998495e-10,0.71205193877551,1.62825507450635e-17,0.928571428571429,6,"sex=Female;sex=Male;location=Left;location=Right;age_stratum=age_lower;age_stratum=age_upper",1,0.658536026823652,0.729686288812966,"False",3.86243648289507,4.57017893017795,4.72372164323894,0.707742447282882,0.153542713060986,"monotonic_up","True","False","True","True","True","True","True","True","True","True","True",0.819882594646188,"Tier 2 - provisional",0.163470004380052,0.143301219238042,FALSE
"KATNAL1",0.805086910607553,7.29889537743123e-11,0.742618605437306,1.83043451717957e-08,0.735532991459457,3.44116928442999e-08,0.753722536222141,9.06391585615953e-09,0.805093224489796,7.76653320196885e-16,0.979591836734694,6,"sex=Female;sex=Male;location=Left;location=Right;age_stratum=age_lower;age_stratum=age_upper",1,0.646704323095958,0.978618527077515,"False",3.12453511768775,3.92962202829531,3.82553803335567,0.805086910607553,-0.104083994939637,"field_shift_then_plateau","True","False","True","True","True","True","True","True","True","True","True",0.819681918515896,"Tier 2 - provisional",0.0802463418709409,0.612946486471828,FALSE
"SESTD1",0.684181777452503,1.65997725539446e-11,0.669382406875123,9.86461219818203e-10,0.644434767986253,3.30553435916232e-09,0.675524328285904,6.90190458625059e-10,0.684721346938776,7.35228967105004e-14,0.948979591836735,6,"sex=Female;sex=Male;location=Left;location=Right;age_stratum=age_lower;age_stratum=age_upper",1,0.613521672208765,0.776768613659114,"False",3.61503668447797,4.29921846193047,4.77031650387364,0.684181777452502,0.471098041943169,"monotonic_up","True","False","True","True","True","True","True","True","True","True","True",0.819138113490936,"Tier 2 - provisional",0.152512118175499,0.197882334857483,FALSE
"IQGAP2",-0.651849374733852,4.12984008444935e-10,-0.672072288391957,1.75887582757279e-09,-0.643077345260622,6.06573368808025e-09,-0.674070098543731,1.82485061249043e-09,-0.651034448979592,1.30386316584728e-12,0.959183673469388,6,"sex=Female;sex=Male;location=Left;location=Right;age_stratum=age_lower;age_stratum=age_upper",1,-0.746244085967253,-0.594059476079693,"False",7.95933667384317,7.30748729910933,5.22795724677652,-0.65184937473385,-2.0795300523328,"monotonic_down","True","False","True","True","True","True","True","True","True","True","True",0.818994008377996,"Tier 2 - provisional",-0.291265634257903,0.0202968964898019,FALSE
"RAMP2",0.569072156949263,1.15180820482161e-13,0.552866311410632,1.72717773709436e-11,0.544494134801974,4.66741150657023e-11,0.561395332467917,4.81094397335651e-12,0.563325387755102,7.62107247037054e-18,0.918367346938776,6,"sex=Female;sex=Male;location=Left;location=Right;age_stratum=age_lower;age_stratum=age_upper",1,0.473990377031588,0.627526401033485,"False",3.00996542575603,3.57903758270529,3.42904645579938,0.569072156949264,-0.149991126905918,"field_shift_then_plateau","True","False","True","True","True","True","True","True","True","True","True",0.818990521581936,"Tier 2 - provisional",0.1915971613138,0.0212620832254736,FALSE
"CLYBL",-0.56431923483297,2.96074010736078e-13,-0.557602887428598,2.0064545773349e-11,-0.540983175135254,7.01647710385316e-11,-0.554371524374609,2.7524039679185e-11,-0.563403387755104,2.46365261590254e-14,0.918367346938776,6,"sex=Female;sex=Male;location=Left;location=Right;age_stratum=age_lower;age_stratum=age_upper",1,-0.731686612659372,-0.476522590611812,"False",6.61520321518966,6.05088398035669,5.16684857099959,-0.564319234832971,-0.884035409357097,"monotonic_down","True","False","True","True","True","True","True","True","True","True","True",0.818863903432551,"Tier 2 - provisional",-0.379848328620781,9.25878028029833e-05,FALSE
"RHOQ",0.943141079077659,6.07369989297755e-11,0.86757273306598,1.70043644026047e-08,0.860502552823855,3.09712951977261e-08,0.877324971703992,1.11539801138009e-08,0.943122653061224,7.20342795213326e-16,0.908163265306122,6,"sex=Female;sex=Male;location=Left;location=Right;age_stratum=age_lower;age_stratum=age_upper",1,0.715553719189599,1.05086358018459,"False",5.69311702171851,6.63625810079617,6.89048613587668,0.943141079077657,0.254228035080507,"monotonic_up","True","False","True","True","True","True","True","True","True","True","True",0.818631658810574,"Tier 2 - provisional",-0.00936073600185672,0.958865030485634,FALSE
"GAS1",2.45625229455907,4.90735223275473e-19,2.31056260396538,1.56753972761291e-15,2.28589082833031,4.64093704414334e-15,2.33422785505273,5.83834731503662e-16,2.46057065306122,4.71217950889458e-26,0.989795918367347,6,"sex=Female;sex=Male;location=Left;location=Right;age_stratum=age_lower;age_stratum=age_upper",1,2.21013109436812,2.65058756521025,"False",3.18519877541561,5.64145106997468,4.57562038583827,2.45625229455907,-1.06583068413641,"adjacent_specific","True","True","True","True","True","True","True","True","True","True","True",0.818576427221264,"Tier 2 - provisional",0.817026261349871,0.000555260694325341,TRUE
"MAPK6",-0.674984854134047,4.18726655494478e-12,-0.656728965344712,3.55087812214089e-10,-0.64445545152251,9.46166043388086e-10,-0.665632516674874,1.56617020093288e-10,-0.673885714285716,5.51506484061883e-13,0.928571428571429,6,"sex=Female;sex=Male;location=Left;location=Right;age_stratum=age_lower;age_stratum=age_upper",1,-0.703246652392688,-0.62964039044003,"False",7.56041973768032,6.88543488354628,5.97778493011644,-0.674984854134042,-0.907649953429832,"monotonic_down","True","False","True","True","True","True","True","True","True","True","True",0.818488446133847,"Tier 2 - provisional",-0.251991870701252,0.0277279877267928,FALSE
"CD164",-0.591374291913029,3.70596662829967e-13,-0.572089009011529,5.44062737181428e-11,-0.581593765148366,4.06708076469581e-11,-0.578514899063184,2.81781513075406e-11,-0.590594857142857,1.5170226977689e-14,0.928571428571429,6,"sex=Female;sex=Male;location=Left;location=Right;age_stratum=age_lower;age_stratum=age_upper",1,-0.716094471863874,-0.507529131259018,"False",9.48998184633012,8.89860755441709,8.30917364228586,-0.591374291913027,-0.589433912131238,"monotonic_down","True","False","True","True","True","True","True","True","True","True","True",0.818261926281556,"Tier 2 - provisional",-0.301092518781362,0.00173061647222532,FALSE
"ZHX2",0.577187147384949,8.73227913232897e-13,0.558574527332311,1.17819143141118e-10,0.553330034177898,2.56770572238402e-10,0.566500320433246,4.53981174938799e-11,0.575728000000001,5.8633801266938e-11,0.948979591836735,6,"sex=Female;sex=Male;location=Left;location=Right;age_stratum=age_lower;age_stratum=age_upper",1,0.525741967256431,0.619472689281327,"False",6.1653506031715,6.74253775055644,6.9653652216478,0.577187147384945,0.222827471091361,"monotonic_up","True","False","True","True","True","True","True","True","True","True","True",0.817815151786597,"Tier 2 - provisional",0.502290560536378,5.52742797934859e-08,TRUE
"DUSP1",1.55430900797031,1.26858853542545e-27,1.44715360557036,5.61587191933029e-23,1.43449081826945,2.15997250102217e-22,1.43854041746271,7.38619215552022e-23,1.55411148979592,3.02228320486271e-34,1,6,"sex=Female;sex=Male;location=Left;location=Right;age_stratum=age_lower;age_stratum=age_upper",1,1.38815172990493,1.70099415265005,"False",4.5689698091598,6.12327881713011,4.88642057408757,1.55430900797032,-1.23685824304254,"adjacent_specific","True","True","True","True","True","True","True","True","True","True","True",0.817653828969311,"Tier 2 - provisional",1.19526277008125,2.43635591630028e-13,TRUE
"IFITM2",0.817411057781152,2.4034092157686e-11,0.792636713957331,1.78681552076311e-09,0.779524970941244,4.24682728683663e-09,0.807115141273108,5.16772383570936e-10,0.816800673469388,1.22083419261347e-12,0.887755102040816,6,"sex=Female;sex=Male;location=Left;location=Right;age_stratum=age_lower;age_stratum=age_upper",1,0.641989549155756,0.938517885115868,"False",7.93185078090242,8.74926183868357,9.90496545764827,0.817411057781145,1.1557036189647,"monotonic_up","True","False","True","True","True","True","True","True","True","True","True",0.817352781886958,"Tier 2 - provisional",0.21213295667307,0.100221497299174,FALSE
"ATPAF1",-0.502471202548536,3.185971636028e-12,-0.502713535477871,1.0568072366707e-10,-0.520491839106392,2.51789647198884e-11,-0.500116566311059,1.43347393426626e-10,-0.502379673469387,5.98623367509447e-12,0.969387755102041,6,"sex=Female;sex=Male;location=Left;location=Right;age_stratum=age_lower;age_stratum=age_upper",1,-0.550115443380855,-0.444240345090112,"False",7.82112512308901,7.31865392054047,7.14468944576138,-0.50247120254854,-0.17396447477909,"monotonic_down","True","False","True","True","True","True","True","True","True","True","True",0.817077819130687,"Tier 2 - provisional",-0.707251038388135,2.23062368458332e-14,TRUE
"MGST1",-0.624662906106999,2.41431662033062e-11,-0.611323698270743,1.33052286856076e-09,-0.563856494952141,3.49537743056258e-09,-0.612902819653562,1.41109546119849e-09,-0.624855673469389,2.1888433813594e-13,0.969387755102041,6,"sex=Female;sex=Male;location=Left;location=Right;age_stratum=age_lower;age_stratum=age_upper",1,-0.686064494515534,-0.505317888204869,"False",11.3574183568032,10.7327554506962,10.185796579326,-0.624662906107002,-0.546958871370149,"monotonic_down","True","False","True","True","True","True","True","True","True","True","True",0.816978355294967,"Tier 2 - provisional",-0.388570762423567,0.00125024478754616,FALSE
"HTATIP2",-0.63929676968719,6.29678427788133e-11,-0.636757739753742,1.74916154144585e-09,-0.618628784090071,5.2042121825677e-09,-0.646112581208324,7.57005372420633e-10,-0.639281755102043,3.92230568823915e-13,0.959183673469388,6,"sex=Female;sex=Male;location=Left;location=Right;age_stratum=age_lower;age_stratum=age_upper",1,-0.725835106586508,-0.562761269343716,"False",7.82641598637405,7.18711921668686,6.8877569309531,-0.639296769687187,-0.299362285733765,"monotonic_down","True","False","True","True","True","True","True","True","True","True","True",0.816488721049396,"Tier 2 - provisional",-0.237187444522071,0.0465664042605974,FALSE
"HMCN1",0.880929388953893,1.05641887729066e-10,0.811184369308592,2.44171424741367e-08,0.785684765559985,6.92308172423391e-08,0.819125567510734,1.78839842361019e-08,0.877785551020408,1.02337166763211e-14,0.928571428571429,6,"sex=Female;sex=Male;location=Left;location=Right;age_stratum=age_lower;age_stratum=age_upper",1,0.718565724601326,1.0124381604499,"False",2.55991943532486,3.44084882427876,3.49448106701511,0.880929388953891,0.0536322427363544,"field_shift_then_plateau","True","False","True","True","True","True","True","True","True","True","True",0.816396981622828,"Tier 2 - provisional",0.189823234974432,0.271384874766007,FALSE
"PIM3",0.6376504349328,2.59238605913558e-12,0.609928938943712,3.95558378926435e-10,0.600360237096976,9.77152350924967e-10,0.61462915670404,3.02487569860067e-10,0.639155918367348,1.99559636819136e-15,0.938775510204082,6,"sex=Female;sex=Male;location=Left;location=Right;age_stratum=age_lower;age_stratum=age_upper",1,0.444649802184264,0.749575741315537,"False",7.32906768558022,7.96671812051302,8.42958866754496,0.637650434932797,0.46287054703194,"monotonic_up","True","False","True","True","True","True","True","True","True","True","True",0.816268492893694,"Tier 2 - provisional",0.697323447497142,6.57369453595382e-09,TRUE
"KLHL15",0.599010809403978,4.24777066526815e-12,0.576785349116197,3.06886719499265e-10,0.565249178064645,8.48210490494162e-10,0.587275731078883,7.45298268110087e-11,0.600009632653062,2.3133803901136e-11,0.948979591836735,6,"sex=Female;sex=Male;location=Left;location=Right;age_stratum=age_lower;age_stratum=age_upper",1,0.492633704036357,0.74351540157655,"False",4.53504791459822,5.13405872400219,5.4302143889857,0.599010809403975,0.296155664983509,"monotonic_up","True","False","True","True","True","True","True","True","True","True","True",0.816146194522291,"Tier 2 - provisional",0.355100898204271,0.000930207274138749,FALSE
"SLFN11",0.564219689587699,1.34624841055197e-13,0.551198315922689,1.68366699201919e-11,0.563107667865957,9.13084311959379e-12,0.559483475862246,4.94685863863424e-12,0.566007632653061,2.23597939439814e-14,0.897959183673469,6,"sex=Female;sex=Male;location=Left;location=Right;age_stratum=age_lower;age_stratum=age_upper",1,0.495390182378352,0.662164790485261,"False",3.37297759133032,3.93719728091802,3.79780871867634,0.564219689587699,-0.139388562241688,"field_shift_then_plateau","True","False","True","True","True","True","True","True","True","True","True",0.816035075964145,"Tier 2 - provisional",0.374304892651066,4.32501395214132e-06,FALSE
"ARID5B",0.66760529671214,3.57676176056487e-12,0.669566481614723,1.05514296805951e-10,0.654132553798636,3.18640323273698e-10,0.677274802425625,5.51689015404728e-11,0.669427387755102,1.31420529705121e-15,0.877551020408163,6,"sex=Female;sex=Male;location=Left;location=Right;age_stratum=age_lower;age_stratum=age_upper",1,0.502113093454613,0.757659600683908,"False",6.32042595924019,6.98803125595233,7.54583531966701,0.667605296712138,0.557804063714681,"monotonic_up","True","False","True","True","True","True","True","True","True","True","True",0.815881242252548,"Tier 2 - provisional",0.174460733225014,0.0790583672206768,FALSE
"SLC30A10",-0.917608298183438,7.37969505683191e-11,-0.838985444310001,2.30881721862476e-08,-0.77353199039614,7.34860407580276e-08,-0.831772023253424,3.014051448677e-08,-0.855898857142858,3.34509281235444e-09,0.908163265306122,6,"sex=Female;sex=Male;location=Left;location=Right;age_stratum=age_lower;age_stratum=age_upper",1,-0.989261590031309,-0.817620899151997,"False",4.80441383094273,3.8868055327593,2.70490688318227,-0.917608298183437,-1.18189864957702,"monotonic_down","True","False","True","True","True","True","True","True","True","True","True",0.815640929975666,"Tier 2 - provisional",-0.360115410827081,0.0430865094312155,FALSE
"TTC7B",0.965893742402041,1.08224069813497e-08,0.923334885187942,4.31829352568135e-07,0.913648281024855,7.48419405775947e-07,0.930701899112837,3.66490526964251e-07,0.963827346938775,5.26684109598778e-13,0.928571428571429,6,"sex=Female;sex=Male;location=Left;location=Right;age_stratum=age_lower;age_stratum=age_upper",1,0.801561771560595,1.06585998254395,"False",2.40661466010989,3.37250840251193,3.36899907976313,0.965893742402039,-0.0035093227487994,"field_shift_then_plateau","True","False","True","True","True","True","True","True","True","True","True",0.815496180458407,"Tier 2 - provisional",-0.067475013298475,0.757953550059339,FALSE
"F3",0.823829069352017,3.16279444823062e-11,0.789637451123621,3.18168543828325e-09,0.767517252158417,9.21447493634999e-09,0.801591009884502,1.37471578398732e-09,0.820652693877551,4.24161538220065e-13,0.887755102040816,6,"sex=Female;sex=Male;location=Left;location=Right;age_stratum=age_lower;age_stratum=age_upper",1,0.624300946165879,0.984848253281914,"False",4.55548043600479,5.37930950535681,5.30436739337642,0.823829069352016,-0.0749421119803956,"field_shift_then_plateau","True","False","True","True","True","True","True","True","True","True","True",0.815348709369587,"Tier 2 - provisional",0.690691696746627,1.3763804517041e-05,TRUE
"ACSM3",-0.755153277892435,1.35621147992214e-10,-0.722472699703164,1.18530328351428e-08,-0.728650655987936,1.29839111956376e-08,-0.719033923312895,1.50247304052552e-08,-0.753184061224489,1.24358448677917e-14,0.948979591836735,6,"sex=Female;sex=Male;location=Left;location=Right;age_stratum=age_lower;age_stratum=age_upper",1,-0.851388192686668,-0.660671830404817,"False",7.68617388340714,6.93102060551471,6.00414217313609,-0.755153277892431,-0.926878432378626,"monotonic_down","True","False","True","True","True","True","True","True","True","True","True",0.815217781044898,"Tier 2 - provisional",-0.295959238587027,0.048655103160285,FALSE
"SLC15A3",0.648924369781794,2.54902898318913e-11,0.661056674170893,2.8925287494621e-10,0.672224810565067,2.19260913479845e-10,0.674510543872529,5.00811343001269e-11,0.650245714285715,8.50081720463786e-13,0.897959183673469,6,"sex=Female;sex=Male;location=Left;location=Right;age_stratum=age_lower;age_stratum=age_upper",1,0.529664114958094,0.799852254048106,"False",3.86061090776265,4.50953527754444,4.51376932623035,0.648924369781794,0.0042340486859062,"field_shift_then_plateau","True","False","True","True","True","True","True","True","True","True","True",0.815060519507052,"Tier 2 - provisional",0.402339902518002,5.73367776272332e-05,FALSE
"TMEM41B",-0.51302634039343,4.37599761165913e-12,-0.505362250116802,2.20050512846003e-10,-0.499239244307935,5.0645468758008e-10,-0.508707525079745,1.8038318972017e-10,-0.512592693877551,6.23324790151973e-16,0.969387755102041,6,"sex=Female;sex=Male;location=Left;location=Right;age_stratum=age_lower;age_stratum=age_upper",1,-0.603959771332544,-0.437219339656932,"False",7.72077691949766,7.20775057910423,7.252065153655,-0.513026340393428,0.0443145745507722,"field_shift_then_plateau","True","False","False","True","True","True","True","True","True","True","True",0.814991822986781,"Tier 2 - provisional",-0.140174293848741,0.0810830943378694,FALSE
"ANXA6",0.987013810125531,9.38190985026056e-10,0.927647889810532,8.90997858019473e-08,0.925084965848295,1.34601605409491e-07,0.935727225389643,7.1211147275415e-08,0.985124816326532,1.74940458799004e-13,0.887755102040816,6,"sex=Female;sex=Male;location=Left;location=Right;age_stratum=age_lower;age_stratum=age_upper",1,0.859760085825807,1.10511610475747,"False",4.17363184143871,5.16064565156425,5.6286039278535,0.987013810125531,0.467958276289258,"monotonic_up","True","False","True","True","True","True","True","True","True","True","True",0.814869316278129,"Tier 2 - provisional",0.0327440553265056,0.868823853595981,FALSE
"NPY6R",-0.541357740740213,5.16982051275626e-13,-0.5158906000913,7.31133343868792e-11,-0.478316188561166,1.65745226068229e-10,-0.512891246684873,9.87233707300669e-11,-0.539317204081633,1.69062630244097e-10,0.938775510204082,6,"sex=Female;sex=Male;location=Left;location=Right;age_stratum=age_lower;age_stratum=age_upper",1,-0.641555019620433,-0.403750919600276,"False",3.34594989035964,2.80459214961943,2.46835834039087,-0.54135774074021,-0.336233809228561,"monotonic_down","True","False","False","True","True","True","True","True","True","True","True",0.814788711530874,"Tier 2 - provisional",-0.414048484872381,1.541261968654e-05,FALSE
"IER3",0.764764149607637,4.61482354304646e-11,0.715518536841029,7.3242766384506e-09,0.753998665630805,7.92733247068213e-10,0.710924210400297,9.54095759574513e-09,0.763568326530613,1.65021606941399e-11,0.938775510204082,6,"sex=Female;sex=Male;location=Left;location=Right;age_stratum=age_lower;age_stratum=age_upper",1,0.432437878261076,0.995001618925874,"False",8.55778777019867,9.32255191980631,10.0963779948111,0.76476414960764,0.773826075004759,"monotonic_up","True","False","True","True","True","True","True","True","True","True","True",0.814756648808707,"Tier 2 - provisional",0.901391512878098,2.33238141595031e-09,TRUE
"MGAT4A",-0.68641942369272,7.20898833589091e-12,-0.660530917294545,8.70392166561959e-10,-0.614033439052387,2.56920700641665e-09,-0.664728143291818,7.45149932708134e-10,-0.686759204081631,1.54515396799076e-13,0.918367346938776,6,"sex=Female;sex=Male;location=Left;location=Right;age_stratum=age_lower;age_stratum=age_upper",1,-0.737698510642197,-0.625842131245112,"False",6.06490123439589,5.37848181070317,4.29464684263704,-0.686419423692718,-1.08383496806613,"monotonic_down","True","False","True","True","True","True","True","True","True","True","True",0.814521008128243,"Tier 2 - provisional",-0.198377542288851,0.086929667394287,FALSE
"NDUFS7",-0.512670122754699,3.30945217901486e-12,-0.51914719605621,5.54646439798975e-11,-0.531261397889775,2.8140839782555e-11,-0.52416526039327,3.39560367099297e-11,-0.512758979591837,2.01336944115992e-12,0.928571428571429,6,"sex=Female;sex=Male;location=Left;location=Right;age_stratum=age_lower;age_stratum=age_upper",1,-0.554025814141908,-0.4959200148392,"False",7.52876856332936,7.01609844057466,6.83762818195099,-0.512670122754699,-0.178470258623672,"monotonic_down","True","False","True","True","True","True","True","True","True","True","True",0.814420602159534,"Tier 2 - provisional",-0.53727690142,3.49854044773824e-08,TRUE
"PKDCC",-0.579879734028483,1.35805133823925e-13,-0.537054319736443,9.68675112636872e-11,-0.573277787006199,1.13504419015704e-12,-0.529833986710695,1.13398756892839e-10,-0.57853269387755,2.95479866091783e-12,0.928571428571429,6,"sex=Female;sex=Male;location=Left;location=Right;age_stratum=age_lower;age_stratum=age_upper",1,-0.634306568763344,-0.486642342548461,"False",6.57544405589098,5.9955643218625,5.9418502419206,-0.579879734028482,-0.0537140799419013,"field_shift_then_plateau","True","False","True","True","True","True","True","True","True","True","True",0.81396995447771,"Tier 2 - provisional",-0.604835014890745,3.00427069451676e-09,TRUE
"MSN",0.882607672711293,1.41482742973797e-10,0.809981480920328,3.42081502570779e-08,0.821425909924284,3.14446938055224e-08,0.832612548447971,4.47606764351378e-09,0.881347387755103,5.67248628237027e-14,0.918367346938776,6,"sex=Female;sex=Male;location=Left;location=Right;age_stratum=age_lower;age_stratum=age_upper",1,0.789525317790593,0.928962816537649,"False",5.91116404880027,6.79377172151156,6.68788419075467,0.882607672711292,-0.10588753075689,"field_shift_then_plateau","True","False","True","True","True","True","True","True","True","True","True",0.813807372548826,"Tier 2 - provisional",0.151443554330349,0.240042770067686,FALSE
"CSNK1G3",-0.528036426892283,3.36836201290344e-13,-0.508855191764494,6.24785687596511e-11,-0.488332922017464,2.25148123748902e-10,-0.519284822498892,8.42161668463153e-12,-0.529001755102041,2.73981998375688e-12,0.928571428571429,6,"sex=Female;sex=Male;location=Left;location=Right;age_stratum=age_lower;age_stratum=age_upper",1,-0.63372602615833,-0.456390360793824,"False",4.9876156473401,4.45957922044781,4.1831448907268,-0.528036426892282,-0.276434329721012,"monotonic_down","True","False","False","True","True","True","True","True","True","True","True",0.813316067262702,"Tier 2 - provisional",-0.242598986559696,0.00431684352267572,FALSE
"CALB2",1.50008740150592,1.53888317601475e-25,1.40156357768822,3.99206185906619e-21,1.42659552614678,1.53169687335261e-21,1.42002328660568,2.18393520987635e-22,1.50354171428571,1.39292674345716e-33,0.989795918367347,6,"sex=Female;sex=Male;location=Left;location=Right;age_stratum=age_lower;age_stratum=age_upper",1,1.34799489832981,1.68716254032718,"False",2.85287294621274,4.35296034771866,3.03642620000973,1.50008740150592,-1.31653414770894,"adjacent_specific","True","True","True","True","True","True","True","True","True","True","True",0.81293967245878,"Tier 2 - provisional",1.08178848803877,2.59526941468002e-11,TRUE
"GPX8",0.763892774520168,1.60123193538574e-10,0.740572337534194,9.29525577170138e-09,0.706852849043414,3.13174671891315e-08,0.747196655360594,6.97381319817834e-09,0.762383551020408,3.45641646884391e-12,0.918367346938776,6,"sex=Female;sex=Male;location=Left;location=Right;age_stratum=age_lower;age_stratum=age_upper",1,0.692254312117094,0.83782809316163,"False",3.97448042866999,4.73837320319016,5.48248151302778,0.763892774520164,0.744108309837623,"monotonic_up","True","False","True","True","True","True","True","True","True","True","True",0.812891492640266,"Tier 2 - provisional",0.0231651481790745,0.88590723775791,FALSE
"B4GALNT2",-0.874651393975195,2.81464591845103e-08,-0.938892754887848,3.39587026417222e-08,-0.827396508929196,4.38503702165098e-08,-0.937254336771373,4.07736987985726e-08,-0.880463510204081,1.66535813613255e-08,0.846938775510204,6,"sex=Female;sex=Male;location=Left;location=Right;age_stratum=age_lower;age_stratum=age_upper",1,-1.17466207804947,-0.571081122848884,"False",4.98596715272556,4.11131575875036,3.11451165531559,-0.874651393975194,-0.99680410343477,"monotonic_down","True","False","True","True","True","True","True","True","True","True","True",0.812833942635572,"Tier 2 - provisional",-0.492946576097691,0.0172224375927811,FALSE
"S1PR1",1.40892139436223,6.36857030269886e-24,1.41844959544725,1.06915911868914e-21,1.40699202689174,3.93560404925939e-21,1.43819331674007,3.60891727934253e-23,1.40735146938776,4.50820649186454e-29,0.979591836734694,6,"sex=Female;sex=Male;location=Left;location=Right;age_stratum=age_lower;age_stratum=age_upper",1,1.24766827858112,1.46351346879167,"False",3.5800982611865,4.98901965554873,4.11446934365549,1.40892139436223,-0.874550311893234,"adjacent_specific","True","True","True","True","True","True","True","True","True","True","True",0.812688090636903,"Tier 2 - provisional",0.768331015878797,1.69946008648097e-11,TRUE
"PDE6A",-0.918075466032209,2.40445651234385e-09,-0.855813868238774,2.33455914352942e-07,-0.796288746373493,7.94027422621342e-07,-0.862599728652974,1.97001531022332e-07,-0.920146571428571,3.20012094743382e-11,0.928571428571429,6,"sex=Female;sex=Male;location=Left;location=Right;age_stratum=age_lower;age_stratum=age_upper",1,-1.03944625121392,-0.694210093963804,"False",6.26696209958623,5.34888663355402,2.9313323684959,-0.918075466032208,-2.41755426505812,"monotonic_down","True","False","True","True","True","True","True","True","True","True","True",0.812581159807353,"Tier 2 - provisional",-0.142664343177793,0.495544265308349,FALSE
"ITGA5",0.917244958568432,2.35058054434598e-08,0.831388641751031,2.38862238606419e-06,0.802713499774623,5.72698543110331e-06,0.8340375774177,2.43686754974407e-06,0.917827102040817,8.37554607847685e-13,0.989795918367347,6,"sex=Female;sex=Male;location=Left;location=Right;age_stratum=age_lower;age_stratum=age_upper",1,0.718072821267338,1.07870068675753,"False",2.88029958971877,3.7975445482872,3.85805859246089,0.917244958568429,0.0605140441736873,"field_shift_then_plateau","True","False","True","True","True","True","True","True","True","True","True",0.812368980619154,"Tier 2 - provisional",-0.0289779131152727,0.910816752184791,FALSE
"YPEL3",-0.608069973509207,2.71917499419919e-10,-0.635974134087328,9.90584768123451e-10,-0.636516564607092,1.45854328735624e-09,-0.638464489418109,9.79560767206589e-10,-0.610275959183672,9.66488738388211e-13,0.918367346938776,6,"sex=Female;sex=Male;location=Left;location=Right;age_stratum=age_lower;age_stratum=age_upper",1,-0.680352003554476,-0.554657807407553,"False",6.36510505703951,5.75703508353031,5.32804000887301,-0.608069973509205,-0.4289950746573,"monotonic_down","True","False","True","True","True","True","True","True","True","True","True",0.81236569024247,"Tier 2 - provisional",-0.59875976540967,2.1068622663953e-06,TRUE
"GIPC2",-0.709199433027452,6.58767514409521e-11,-0.677868638181033,6.66007796265581e-09,-0.657475650960866,1.92926189149618e-08,-0.677841630279137,7.66325723313928e-09,-0.706864938775511,4.3883562530549e-15,0.938775510204082,6,"sex=Female;sex=Male;location=Left;location=Right;age_stratum=age_lower;age_stratum=age_upper",1,-0.775319715513312,-0.628195214482847,"False",7.23003471404478,6.52083528101733,6.0908183037332,-0.70919943302745,-0.430016977284132,"monotonic_down","True","False","True","True","True","True","True","True","True","True","True",0.812362266234677,"Tier 2 - provisional",-0.190132134272541,0.159657742616013,FALSE
"TPSG1",-0.862185437749616,7.20122486979338e-10,-0.85658611897412,1.54859883917993e-08,-0.934794820675619,8.35993379011193e-11,-0.856119962573957,1.79928444273375e-08,-0.86308281632653,9.75138615530331e-11,0.86734693877551,6,"sex=Female;sex=Male;location=Left;location=Right;age_stratum=age_lower;age_stratum=age_upper",1,-0.951473987312435,-0.788263756274569,"False",6.02261247269794,5.16042703494832,4.00127058765578,-0.862185437749615,-1.15915644729254,"monotonic_down","True","False","True","True","True","True","True","True","True","True","True",0.812306150256202,"Tier 2 - provisional",-0.758850917373217,5.35457706873455e-05,TRUE
"CKAP4",0.557487976553166,4.04619432424851e-11,0.576875901042797,2.95097122381167e-10,0.513473664777484,1.23823211402955e-10,0.57635445834141,3.62814250421801e-10,0.557001469387759,6.42733097631736e-12,0.918367346938776,6,"sex=Female;sex=Male;location=Left;location=Right;age_stratum=age_lower;age_stratum=age_upper",1,0.446541169688654,0.612944906104698,"False",8.74070391356918,9.29819189012234,9.24858068185085,0.557487976553167,-0.0496112082714912,"field_shift_then_plateau","True","False","True","True","True","True","True","True","True","True","True",0.811901006961964,"Tier 2 - provisional",0.53856886531035,1.43107024095479e-06,TRUE
"KREMEN1",-0.757655829605376,1.04370579565493e-10,-0.74867381467604,3.23285216549467e-09,-0.747837797891627,4.97653252440512e-09,-0.739534351714737,4.14305892627654e-09,-0.75931693877551,4.16409848904427e-10,0.877551020408163,6,"sex=Female;sex=Male;location=Left;location=Right;age_stratum=age_lower;age_stratum=age_upper",1,-0.911027660811178,-0.666796222044821,"False",4.76535331264848,4.0076974830431,3.82255887639097,-0.757655829605375,-0.185138606652135,"monotonic_down","True","False","True","True","True","True","True","True","True","True","True",0.810915519354507,"Tier 2 - provisional",-0.879586933881838,1.41692692017319e-08,TRUE
"STRADB",-0.590411929969736,1.62974004740009e-12,-0.563747899326486,3.06469203548347e-10,-0.553870801580115,8.0358489337274e-10,-0.569917862262706,1.76192772408979e-10,-0.591714816326531,8.58376586316271e-14,0.918367346938776,6,"sex=Female;sex=Male;location=Left;location=Right;age_stratum=age_lower;age_stratum=age_upper",1,-0.659064868204227,-0.485514512610303,"False",5.507008649061,4.91659671909127,4.05323841026353,-0.590411929969736,-0.863358308827733,"monotonic_down","True","False","True","True","True","True","True","True","True","True","True",0.810845993516721,"Tier 2 - provisional",-0.195409194336259,0.0292776036694363,FALSE
"TRAF3IP2",-0.53492189423632,4.85970605687508e-13,-0.50609072596872,1.33905349049792e-10,-0.46933240377621,3.29556238095406e-10,-0.507750146178394,1.37959289407297e-10,-0.532877224489795,4.96061477387097e-14,0.928571428571429,6,"sex=Female;sex=Male;location=Left;location=Right;age_stratum=age_lower;age_stratum=age_upper",1,-0.610431279084028,-0.457810193100535,"False",6.24203595787876,5.70711406364244,4.7948254108047,-0.534921894236322,-0.912288652837742,"monotonic_down","True","False","False","True","True","True","True","True","True","True","True",0.810753842180096,"Tier 2 - provisional",-0.216191021305235,0.0102005905740994,FALSE
"C2CD4B",0.82801918554798,5.54087783131677e-11,0.727957197603876,3.86377010968295e-08,0.727038008959756,5.74347155505144e-08,0.739624840078508,1.83326063595171e-08,0.83309167346939,9.29028316984516e-12,0.938775510204082,6,"sex=Female;sex=Male;location=Left;location=Right;age_stratum=age_lower;age_stratum=age_upper",1,0.737697559865463,0.916967320561575,"False",4.95678495615732,5.7848041417053,6.73374429053498,0.828019185547981,0.948940148829687,"monotonic_up","True","False","True","True","True","True","True","True","True","True","True",0.810486220726284,"Tier 2 - provisional",0.529927404998766,0.00122501153191037,TRUE
"ARFIP1",-0.556571839617735,4.80042731235432e-12,-0.533032178378717,7.24426313781421e-10,-0.531200109660457,1.24735231423212e-09,-0.531192416561276,9.34224986381449e-10,-0.555974020408163,1.05132091662771e-11,0.948979591836735,6,"sex=Female;sex=Male;location=Left;location=Right;age_stratum=age_lower;age_stratum=age_upper",1,-0.644172456261352,-0.493193518714095,"False",6.07118156840856,5.51460972879083,5.32494145747032,-0.556571839617734,-0.189668271320502,"monotonic_down","True","False","True","True","True","True","True","True","True","True","True",0.810356567167489,"Tier 2 - provisional",-0.431472314540518,3.5691553828775e-05,FALSE
"RBMS3",1.38071091995796,5.19525830486756e-24,1.36454295605282,5.41064163638547e-21,1.35908517486376,1.62355406074992e-20,1.37240257510586,3.44248204994053e-21,1.38249746938776,4.99384927603147e-32,0.989795918367347,6,"sex=Female;sex=Male;location=Left;location=Right;age_stratum=age_lower;age_stratum=age_upper",1,1.28489761055535,1.46890453932743,"False",3.27154243473665,4.65225335469461,3.58802889822877,1.38071091995796,-1.06422445646584,"adjacent_specific","True","True","True","True","True","True","True","True","True","True","True",0.810295342341965,"Tier 2 - provisional",0.667649098619111,9.74423789012173e-09,TRUE
"ANO6",0.782120431977893,2.89836222631608e-10,0.759732976080929,1.42407757974201e-08,0.71069899290374,4.87787920148476e-08,0.773842945726976,4.92743268286171e-09,0.778912938775509,1.01145926638348e-13,0.897959183673469,6,"sex=Female;sex=Male;location=Left;location=Right;age_stratum=age_lower;age_stratum=age_upper",1,0.690484895724386,0.886541340708084,"False",4.47563243409132,5.25775286606921,6.12657320313422,0.782120431977892,0.868820337065011,"monotonic_up","True","False","True","True","True","True","True","True","True","True","True",0.810021284179937,"Tier 2 - provisional",0.00425948822068153,0.980315201606913,FALSE
"SRPX2",0.678183063396664,1.51801222021312e-11,0.652254199200379,1.20922969749578e-09,0.640035715520925,3.04411307452669e-09,0.653424484678609,1.32890857278915e-09,0.684144081632653,5.43052268322811e-16,0.897959183673469,6,"sex=Female;sex=Male;location=Left;location=Right;age_stratum=age_lower;age_stratum=age_upper",1,0.484666913403741,0.752685619360056,"False",2.70506952770408,3.38325259110074,5.88548431618138,0.67818306339666,2.50223172508064,"monotonic_up","True","False","True","True","True","True","True","True","True","True","True",0.809994406149927,"Tier 2 - provisional",0.239412464165541,0.0487584528377665,FALSE
"PECAM1",1.40586005873678,7.42169610381698e-30,1.35783854398469,8.73259168242981e-26,1.34463663653164,4.03989319786418e-25,1.36729311189679,2.94868270007416e-26,1.40830708163265,4.12699699417018e-32,0.989795918367347,6,"sex=Female;sex=Male;location=Left;location=Right;age_stratum=age_lower;age_stratum=age_upper",1,1.21379619913926,1.51803861658352,"False",5.78100474776767,7.18686480650445,6.71270903654583,1.40586005873678,-0.47415576995862,"non_monotonic","True","True","True","True","True","True","True","True","True","True","True",0.80981645576567,"Tier 2 - provisional",0.763624309108183,2.38605039833945e-17,TRUE
"SACS",0.845830907917595,1.05243660266321e-09,0.78600800945762,1.17805634960109e-07,0.778458147555241,2.08544170447347e-07,0.802004231847594,4.20048896266951e-08,0.846687469387756,3.84140912162238e-11,0.928571428571429,6,"sex=Female;sex=Male;location=Left;location=Right;age_stratum=age_lower;age_stratum=age_upper",1,0.644302595703689,1.11910175316991,"False",4.44564701862725,5.29147792654484,5.74677816299649,0.84583090791759,0.455300236451648,"monotonic_up","True","False","True","True","True","True","True","True","True","True","True",0.809716732868462,"Tier 2 - provisional",0.213910127264982,0.218968484551197,FALSE
"TWIST1",0.656227709528509,4.79745265295168e-11,0.640679434918891,2.70664500350628e-09,0.618866751630946,8.5390283009206e-09,0.640193648569907,3.23725331797162e-09,0.656505959183674,1.27190761505148e-15,0.918367346938776,6,"sex=Female;sex=Male;location=Left;location=Right;age_stratum=age_lower;age_stratum=age_upper",1,0.607592264465235,0.703509053289923,"False",2.31315416526251,2.96938187479101,4.55834800813584,0.656227709528507,1.58896613334483,"monotonic_up","True","False","True","True","True","True","True","True","True","True","True",0.809583642781353,"Tier 2 - provisional",0.108058503266675,0.359466904390397,FALSE
"C9orf40",-0.525770642296981,3.72781171325712e-12,-0.50170577048202,5.9194075146531e-10,-0.516487806600252,2.29297802284704e-10,-0.500847641164178,7.34865231814948e-10,-0.52572257142857,2.98514934117868e-11,0.948979591836735,6,"sex=Female;sex=Male;location=Left;location=Right;age_stratum=age_lower;age_stratum=age_upper",1,-0.620456273289844,-0.381216868771183,"False",6.26787312133764,5.74210247904065,5.54087219243382,-0.525770642296986,-0.201230286606831,"monotonic_down","True","False","True","True","True","True","True","True","True","True","True",0.808745509300433,"Tier 2 - provisional",-0.32510359069222,0.000741550907969719,FALSE
"PHF20",0.527808062512123,2.22982570627931e-12,0.517444012423232,1.38239761048068e-10,0.500997151255206,4.69070805365408e-10,0.526808185791729,3.11803184149313e-11,0.526784489795918,1.00169888471134e-14,0.908163265306122,6,"sex=Female;sex=Male;location=Left;location=Right;age_stratum=age_lower;age_stratum=age_upper",1,0.409914153934605,0.605051394910236,"False",4.04779042485024,4.57559848736236,5.64802759080134,0.527808062512121,1.07242910343898,"monotonic_up","True","False","True","True","True","True","True","True","True","True","True",0.808550517542225,"Tier 2 - provisional",0.214769534382376,0.0124503396074741,FALSE
"NR1H3",-0.514309198296135,1.89246843911726e-11,-0.526475120208758,1.71086934520647e-10,-0.497982553451364,5.97639934047513e-10,-0.525824047634726,2.11350283477602e-10,-0.51500812244898,9.84146719732988e-12,0.908163265306122,6,"sex=Female;sex=Male;location=Left;location=Right;age_stratum=age_lower;age_stratum=age_upper",1,-0.591599480005182,-0.425308595333136,"False",5.48268251594601,4.96837331764988,4.6428286764257,-0.514309198296133,-0.325544641224174,"monotonic_down","True","False","False","True","True","True","True","True","True","True","True",0.808534283309865,"Tier 2 - provisional",-0.301583404555936,0.00161886756180437,FALSE
"LXN",-0.646891086488962,4.01620403265723e-12,-0.606624610595106,1.16136781097396e-09,-0.655094618950495,7.1649693308195e-12,-0.613617345179153,6.70301179039535e-10,-0.644278571428572,3.67633452470232e-14,0.908163265306122,6,"sex=Female;sex=Male;location=Left;location=Right;age_stratum=age_lower;age_stratum=age_upper",1,-0.720391522308528,-0.554580287104116,"False",8.65624485734783,8.00935377085887,6.82154459838789,-0.646891086488964,-1.18780917247098,"monotonic_down","True","False","True","True","True","True","True","True","True","True","True",0.808318154480879,"Tier 2 - provisional",-0.403202862882753,0.000729388505049289,FALSE
"SERPINI1",0.676256949886367,8.48012120704087e-12,0.665354611008132,4.43010971328519e-10,0.682800707171329,2.04939166930174e-10,0.673955523157322,2.10056926771838e-10,0.676304326530612,1.36782542881435e-14,0.857142857142857,6,"sex=Female;sex=Male;location=Left;location=Right;age_stratum=age_lower;age_stratum=age_upper",1,0.59362750504202,0.80158308842082,"False",4.64173081821067,5.31798776809704,5.21902473403189,0.676256949886367,-0.0989630340651448,"field_shift_then_plateau","True","False","True","True","True","True","True","True","True","True","True",0.808214205508005,"Tier 2 - provisional",0.26975454837495,0.0198684117889518,FALSE
"NR1H4",-1.24450938541946,4.69724778053127e-05,-1.31370924575454,8.08098798059516e-05,-1.0552123275373,0.0001639247873403,-1.30828170507681,9.17450889621224e-05,-1.24601171428571,1.68359405258994e-05,0.795918367346939,6,"sex=Female;sex=Male;location=Left;location=Right;age_stratum=age_lower;age_stratum=age_upper",1,-1.57056772910477,-0.387871634998856,"False",6.51955491822859,5.27504553280913,3.18167738892396,-1.24450938541946,-2.09336814388517,"monotonic_down","True","True","True","True","True","True","True","True","True","False","True",0.808199966740526,"Tier 2 - provisional",-0.651741676936168,0.152125797259161,FALSE
"IL6R",-0.633733883157823,2.05171988858937e-11,-0.625104827438684,7.42447034684303e-10,-0.57886571559311,2.02261520501703e-09,-0.624182386923467,9.16655752844735e-10,-0.634291897959184,8.89274729668305e-11,0.887755102040816,6,"sex=Female;sex=Male;location=Left;location=Right;age_stratum=age_lower;age_stratum=age_upper",1,-0.796447058612703,-0.539479872465702,"False",4.89850540563577,4.26477152247795,2.80562774321534,-0.633733883157821,-1.45914377926261,"monotonic_down","True","False","True","True","True","True","True","True","True","True","True",0.808110605986976,"Tier 2 - provisional",-0.475788028824162,0.000106740273718738,FALSE
"PLCL2",-0.628162008286743,7.83029534090234e-12,-0.57278175340201,4.22795362124423e-09,-0.558649221962937,1.1473501010862e-08,-0.5781224200609,3.05579046531487e-09,-0.62991775510204,2.67127941791585e-14,0.948979591836735,6,"sex=Female;sex=Male;location=Left;location=Right;age_stratum=age_lower;age_stratum=age_upper",1,-0.691113662561541,-0.511192680015228,"False",5.54915150904483,4.92098950075808,3.07047964916396,-0.628162008286745,-1.85050985159412,"monotonic_down","True","False","True","True","True","True","True","True","True","True","True",0.807723422543636,"Tier 2 - provisional",-0.239543588944624,0.0352870759167056,FALSE
"HEG1",1.37890470353075,1.55354866052562e-28,1.3467393994196,9.78976848456553e-25,1.3374801594774,3.98770984306302e-24,1.3621882324007,4.87640608043147e-26,1.373328,7.2416928096205e-36,0.979591836734694,6,"sex=Female;sex=Male;location=Left;location=Right;age_stratum=age_lower;age_stratum=age_upper",1,1.31078889833367,1.44067714869886,"False",5.10109548346241,6.48000018699316,6.28170875911695,1.37890470353075,-0.198291427876205,"non_monotonic","True","True","True","True","True","True","True","True","True","True","True",0.807565933777785,"Tier 2 - provisional",0.732500073870897,3.85585687229025e-13,TRUE
"ACTN1",0.977243292648774,2.08542201187654e-08,0.903115464725287,1.49649812452433e-06,0.879771798187423,3.24275744342362e-06,0.91440544492294,1.06586304705759e-06,0.97647306122449,1.32705062545505e-12,0.908163265306122,6,"sex=Female;sex=Male;location=Left;location=Right;age_stratum=age_lower;age_stratum=age_upper",1,0.812765145003532,1.10225049267402,"False",6.28154265176153,7.25878594441031,7.87428570554746,0.977243292648776,0.615499761137151,"monotonic_up","True","False","True","True","True","True","True","True","True","True","True",0.807281026974823,"Tier 2 - provisional",-0.164320409577971,0.379223396647009,FALSE
"ZNF436",-0.517952669665,2.49657580826295e-11,-0.524516159959774,4.28899436689993e-10,-0.507709365856417,1.40135387244403e-09,-0.513545821727548,3.41255947038956e-10,-0.518777142857143,3.34492082118701e-12,0.918367346938776,6,"sex=Female;sex=Male;location=Left;location=Right;age_stratum=age_lower;age_stratum=age_upper",1,-0.64435413419639,-0.3367203530266,"False",4.37095286410904,3.85300019444404,3.54981855218251,-0.517952669665,-0.303181642261536,"monotonic_down","True","False","True","True","True","True","True","True","True","True","True",0.807001093303783,"Tier 2 - provisional",-0.596476633046324,7.49699332756489e-09,TRUE
"TGFBR2",0.537759019288438,5.07383297458041e-12,0.520938328638612,4.10513652526174e-10,0.519958735122868,6.80665520600587e-10,0.53131867928056,7.89965292718987e-11,0.538474632653061,1.18694807759273e-15,0.918367346938776,6,"sex=Female;sex=Male;location=Left;location=Right;age_stratum=age_lower;age_stratum=age_upper",1,0.503263657838543,0.567516761761614,"False",6.43937384075068,6.97713286003912,6.94364891106938,0.537759019288439,-0.0334839489697467,"field_shift_then_plateau","True","False","True","True","True","True","True","True","True","True","True",0.806881447286118,"Tier 2 - provisional",0.0904865454749517,0.261202823308366,FALSE
"DUSP21",-0.632703345455511,9.13730225176856e-09,-0.642741184522489,7.42395629757658e-08,-0.612746252223299,2.38479399079129e-07,-0.642116475738199,8.6196093497349e-08,-0.635382408163265,6.13618315619187e-06,0.969387755102041,6,"sex=Female;sex=Male;location=Left;location=Right;age_stratum=age_lower;age_stratum=age_upper",1,-0.804047088362471,-0.421054717445194,"False",3.5822404700443,2.94953712458879,2.81064528252289,-0.632703345455512,-0.138891842065894,"field_shift_then_plateau","True","False","True","True","True","True","True","True","True","True","True",0.806746653861415,"Tier 2 - provisional",-0.551145902120678,0.000213075602628368,TRUE
"KCNJ8",0.958878478676193,1.53770139937172e-07,0.88385464471004,7.57051762199142e-06,0.86866137830625,1.32619052844913e-05,0.887359249347325,7.49948090983153e-06,0.959964204081632,1.3969800488696e-11,0.948979591836735,6,"sex=Female;sex=Male;location=Left;location=Right;age_stratum=age_lower;age_stratum=age_upper",1,0.792293843367688,1.08340540733718,"False",2.69332634625454,3.65220482493073,3.78906451826584,0.958878478676191,0.136859693335108,"field_shift_then_plateau","True","False","True","True","True","True","True","True","True","True","True",0.806707233636655,"Tier 2 - provisional",-0.175093022000771,0.415068351826269,FALSE
"RFK",-0.627061239129051,2.04428565124068e-11,-0.617258148608433,9.90584768123451e-10,-0.567625380288541,2.36636619665663e-09,-0.623692555027556,6.27849847193261e-10,-0.629341428571431,1.12901910154735e-12,0.887755102040816,6,"sex=Female;sex=Male;location=Left;location=Right;age_stratum=age_lower;age_stratum=age_upper",1,-0.751679742150543,-0.476290312426409,"False",10.4289197261795,9.80185848705044,9.20173027326882,-0.627061239129041,-0.600128213781627,"monotonic_down","True","False","True","True","True","True","True","True","True","True","True",0.806655656294269,"Tier 2 - provisional",-0.230970768080103,0.0420607139464031,FALSE
"SULT1B1",-0.84420278765227,3.87914758948889e-09,-0.778777412251265,4.28243472891084e-07,-0.765844425237036,8.3754832137175e-07,-0.783199435020392,3.98385608186518e-07,-0.842394081632654,3.30688025373076e-12,0.938775510204082,6,"sex=Female;sex=Male;location=Left;location=Right;age_stratum=age_lower;age_stratum=age_upper",1,-0.936229695043587,-0.671179290958042,"False",8.39519506368232,7.55099227603005,4.99925676883742,-0.844202787652268,-2.55173550719263,"monotonic_down","True","False","True","True","True","True","True","True","True","True","True",0.806654239816016,"Tier 2 - provisional",-0.164635635408459,0.401630277947031,FALSE
"SOX18",1.39581579919415,4.40930011074793e-28,1.31079161562677,7.37894233202856e-24,1.31998945229086,1.07947296290688e-23,1.32661513890552,3.54837390021353e-25,1.39556718367347,6.07665888267982e-33,0.989795918367347,6,"sex=Female;sex=Male;location=Left;location=Right;age_stratum=age_lower;age_stratum=age_upper",1,1.31959909079853,1.487556012129,"False",3.82082137991678,5.21663717911093,4.95390612478148,1.39581579919414,-0.262731054329441,"non_monotonic","True","True","True","True","True","True","True","True","True","True","True",0.806455960882962,"Tier 2 - provisional",0.845299712585215,1.45036179997407e-12,TRUE
"RFTN1",0.574236071115869,1.80350844501113e-10,0.577850710027533,2.85905035667904e-09,0.587655966820434,2.22197839031451e-09,0.587251633538867,1.08214845137241e-09,0.575929183673468,2.60678833489645e-12,0.928571428571429,6,"sex=Female;sex=Male;location=Left;location=Right;age_stratum=age_lower;age_stratum=age_upper",1,0.519128723806037,0.644776745104685,"False",4.65341887495041,5.22765494606628,5.19913419981286,0.574236071115867,-0.0285207462534238,"field_shift_then_plateau","True","False","True","True","True","True","True","True","True","True","True",0.806383670478683,"Tier 2 - provisional",0.409393307097947,6.68428457100723e-07,FALSE
"PLEKHA4",0.643310010236873,3.50402083033056e-11,0.619092940233527,3.23285216549467e-09,0.605676754218441,8.40965707068764e-09,0.629786737156504,1.11216501084654e-09,0.64399306122449,1.28172624613207e-14,0.908163265306122,6,"sex=Female;sex=Male;location=Left;location=Right;age_stratum=age_lower;age_stratum=age_upper",1,0.543251167244652,0.715878177416761,"False",3.59564946910719,4.23895947934406,4.65366769636951,0.643310010236871,0.414708217025448,"monotonic_up","True","False","True","True","True","True","True","True","True","True","True",0.806032920451179,"Tier 2 - provisional",0.163957747196958,0.159691200511329,FALSE
"CCDC88C",-0.568316422508836,5.41335904724571e-13,-0.527036901288915,2.44491226869343e-10,-0.518167993565734,6.35056874175396e-10,-0.526485350029494,3.01137814301552e-10,-0.567904489795918,4.57822301189115e-12,0.897959183673469,6,"sex=Female;sex=Male;location=Left;location=Right;age_stratum=age_lower;age_stratum=age_upper",1,-0.685390711571307,-0.424354248038188,"False",4.00753613618737,3.43921971367854,3.30218490341247,-0.568316422508834,-0.137034810266067,"field_shift_then_plateau","True","False","True","True","True","True","True","True","True","True","True",0.806009210046432,"Tier 2 - provisional",-0.262948555178361,0.00492588788973424,FALSE
"CLU",1.33474062846585,2.04549040095075e-26,1.304036603273,8.19435321660683e-23,1.28855063780755,3.34289844076829e-22,1.31580042744165,1.83866100513745e-23,1.33431491836735,2.540931497846e-28,0.989795918367347,6,"sex=Female;sex=Male;location=Left;location=Right;age_stratum=age_lower;age_stratum=age_upper",1,1.23440661739396,1.40602717592771,"False",4.09703765923449,5.43177828770034,4.09757627042093,1.33474062846585,-1.33420201727941,"adjacent_specific","True","True","True","True","True","True","True","True","True","True","True",0.805973460000549,"Tier 2 - provisional",0.747405118265394,2.67907121253995e-13,TRUE
"SHISA3",1.42990821161202,3.39871290162605e-23,1.39100630894775,7.47123847955535e-20,1.36084110277699,3.04583588844479e-19,1.40453722320598,1.85813648510455e-20,1.42944073469388,1.07702906811353e-30,0.989795918367347,6,"sex=Female;sex=Male;location=Left;location=Right;age_stratum=age_lower;age_stratum=age_upper",1,1.23727796495109,1.55048445012853,"False",2.98217527575061,4.41208348736263,3.07494659816675,1.42990821161202,-1.33713688919588,"adjacent_specific","True","True","True","True","True","True","True","True","True","True","True",0.805947063268945,"Tier 2 - provisional",0.789808963549886,1.53007042214013e-08,TRUE
"DENND5A",0.649374313872778,8.12785029561011e-11,0.604148235653915,1.57215153303231e-08,0.595472516732931,3.32877661646765e-08,0.606243309658318,1.59029695842461e-08,0.645997285714286,1.66762012532135e-15,0.948979591836735,6,"sex=Female;sex=Male;location=Left;location=Right;age_stratum=age_lower;age_stratum=age_upper",1,0.578260286722711,0.702615342065281,"False",3.48709034350474,4.13646465737751,4.11671178228165,0.649374313872777,-0.0197528750958611,"field_shift_then_plateau","True","False","True","True","True","True","True","True","True","True","True",0.805889855641043,"Tier 2 - provisional",0.0465814959899255,0.711297044003565,FALSE
"XAF1",2.03727122684119,7.00086734297761e-16,2.07310217931293,2.32937072780568e-14,2.13400103276504,4.93851911542289e-15,2.09489450414294,9.75102319331312e-15,2.04266240816327,9.02330784248985e-19,0.959183673469388,6,"sex=Female;sex=Male;location=Left;location=Right;age_stratum=age_lower;age_stratum=age_upper",1,1.63928536074494,2.59076326598357,"False",5.04300650986896,7.08027773671014,6.02148053239151,2.03727122684118,-1.05879720431863,"adjacent_specific","True","True","True","True","True","True","True","True","True","True","True",0.805831677541494,"Tier 2 - provisional",2.26009185351751,8.09568684483986e-12,TRUE
"CCND1",0.647019384646822,5.76908529145204e-10,0.646453745692944,1.0554935011345e-08,0.609610314176684,3.6743496373894e-08,0.655442357617375,5.51380002453024e-09,0.643044204081632,4.25186295888346e-10,0.918367346938776,6,"sex=Female;sex=Male;location=Left;location=Right;age_stratum=age_lower;age_stratum=age_upper",1,0.515336144176703,0.735094028597359,"False",4.48358598704952,5.13060537169634,6.93369891041548,0.647019384646819,1.80309353871915,"monotonic_up","True","False","True","True","True","True","True","True","True","True","True",0.805774491657737,"Tier 2 - provisional",0.402994784390224,0.00332815896000446,FALSE
"SLC9A3",-0.768203748133669,1.29916342918974e-09,-0.732974249196275,8.07719246304849e-08,-0.641425978227025,1.05160957289385e-07,-0.736857883176011,7.60396704758525e-08,-0.77395281632653,7.76772773018644e-08,0.918367346938776,6,"sex=Female;sex=Male;location=Left;location=Right;age_stratum=age_lower;age_stratum=age_upper",1,-0.771114658617741,-0.567460104341634,"False",3.97584936594257,3.2076456178089,2.77029610664709,-0.768203748133668,-0.437349511161816,"monotonic_down","True","False","True","True","True","True","True","True","True","True","True",0.805641635709861,"Tier 2 - provisional",-0.438762409391203,0.00936967623371433,FALSE
"DENND1B",-0.583039422658708,1.28958882969324e-10,-0.559959689060364,9.8617265514167e-09,-0.528194140177846,3.42919212587148e-08,-0.554180975894604,1.27990679487596e-08,-0.582064612244897,1.23860302601316e-13,0.959183673469388,6,"sex=Female;sex=Male;location=Left;location=Right;age_stratum=age_lower;age_stratum=age_upper",1,-0.694479207668365,-0.482046166358137,"False",6.58192164815791,5.99888222549921,5.14413838645495,-0.583039422658708,-0.854743839044253,"monotonic_down","True","False","True","True","True","True","True","True","True","True","True",0.805637981456161,"Tier 2 - provisional",-0.150577427445678,0.186572800798213,FALSE
"SLC16A1",-0.843990249701254,7.0348549923969e-08,-0.836178008337598,8.9498684138008e-07,-0.741559817422222,2.47571310855316e-06,-0.848490181655361,5.56144599117214e-07,-0.841604469387754,3.96971889995711e-07,0.918367346938776,6,"sex=Female;sex=Male;location=Left;location=Right;age_stratum=age_lower;age_stratum=age_upper",1,-1.02389893791283,-0.660524302037036,"False",8.22977551554809,7.38578526584683,6.53399761684157,-0.843990249701254,-0.851787649005264,"monotonic_down","True","False","True","True","True","True","True","True","True","True","True",0.805552216943143,"Tier 2 - provisional",-0.525861797946536,0.0130958659835614,TRUE
"NAT2",-0.743617395444378,8.04799311313008e-09,-0.701877211725269,4.51467159725265e-07,-0.654799081423583,1.5331653219607e-06,-0.705876523105945,4.20658863574155e-07,-0.742260244897961,9.71366339111892e-13,0.969387755102041,6,"sex=Female;sex=Male;location=Left;location=Right;age_stratum=age_lower;age_stratum=age_upper",1,-0.837906923864869,-0.541985899042793,"False",9.13238385838961,8.38876646294524,6.40725937478031,-0.743617395444378,-1.98150708816493,"monotonic_down","True","False","True","True","True","True","True","True","True","True","True",0.80537072181863,"Tier 2 - provisional",-0.084889644630867,0.646340754365155,FALSE
"NAT8B",-0.603520940250793,6.81348492382509e-12,-0.581306989327116,6.75444170925985e-10,-0.549585650896094,2.35852528685868e-09,-0.580476779416372,8.35312306045536e-10,-0.602963306122448,5.20942285888058e-10,0.887755102040816,6,"sex=Female;sex=Male;location=Left;location=Right;age_stratum=age_lower;age_stratum=age_upper",1,-0.628834254902032,-0.512264788628921,"False",4.32008415171767,3.71656321146688,3.36025979911223,-0.603520940250789,-0.356303412354646,"monotonic_down","True","False","True","True","True","True","True","True","True","True","True",0.805275589114344,"Tier 2 - provisional",-0.409701093001562,0.000278686260293888,FALSE
"PRKD1",0.720824405437069,1.94639133929916e-10,0.653632020108619,6.0098493406391e-08,0.641667104170601,1.31562612080319e-07,0.666873028316045,2.01474986605181e-08,0.716688571428572,1.08040489731547e-14,0.948979591836735,6,"sex=Female;sex=Male;location=Left;location=Right;age_stratum=age_lower;age_stratum=age_upper",1,0.579677652049182,0.853020602813126,"False",3.81181321948478,4.53263762492185,4.48955510911533,0.720824405437068,-0.0430825158065202,"field_shift_then_plateau","True","False","True","True","True","True","True","True","True","True","True",0.805264631806414,"Tier 2 - provisional",0.0311996385270523,0.845227615172142,FALSE
"PTPRR",-0.981516862655363,1.06431026744887e-09,-0.838445155073888,6.90568168262761e-07,-0.823146097096716,1.37137624551987e-06,-0.846724278566211,5.45002464748398e-07,-0.981717632653063,8.6658776800324e-13,0.908163265306122,6,"sex=Female;sex=Male;location=Left;location=Right;age_stratum=age_lower;age_stratum=age_upper",1,-1.11726420318766,-0.809110686663697,"False",8.17099227680314,7.18947541414778,4.44758710123882,-0.981516862655361,-2.74188831290896,"monotonic_down","True","False","True","True","True","True","True","True","True","True","True",0.805060787865637,"Tier 2 - provisional",-0.25201595563339,0.230899809655223,FALSE
"PPARG",-0.70868670131843,7.29242435896451e-10,-0.654312684890873,1.12253779669024e-07,-0.592015379427077,3.20675876682437e-07,-0.65811570753645,1.0309431659864e-07,-0.70821263265306,5.35382274106695e-13,0.959183673469388,6,"sex=Female;sex=Male;location=Left;location=Right;age_stratum=age_lower;age_stratum=age_upper",1,-0.784141833049215,-0.576272472529087,"False",8.95886558293948,8.25017888162106,7.32953827339792,-0.708686701318427,-0.920640608223135,"monotonic_down","True","False","True","True","True","True","True","True","True","True","True",0.804832852466812,"Tier 2 - provisional",-0.094399368836548,0.542515462866557,FALSE
"NEURL1B",-0.633345786658465,5.23984112917717e-11,-0.630124365449802,1.55738080000162e-09,-0.599549820694691,5.48176143950354e-09,-0.636965720845159,9.61514046420788e-10,-0.633531591836736,1.32882969631145e-12,0.877551020408163,6,"sex=Female;sex=Male;location=Left;location=Right;age_stratum=age_lower;age_stratum=age_upper",1,-0.726299361788529,-0.471024998533784,"False",9.2644557067718,8.63110992011334,7.36777018657085,-0.633345786658463,-1.26333973354249,"monotonic_down","True","False","True","True","True","True","True","True","True","True","True",0.804713351760143,"Tier 2 - provisional",-0.384970210248894,0.0018482266275938,FALSE
"IMPA1",-0.625210621559681,3.26926987707886e-10,-0.626857277125176,6.16045284642613e-09,-0.613363271951602,1.55700345121952e-08,-0.63048265439698,5.54039639679466e-09,-0.623364163265307,7.15361431563662e-10,0.908163265306122,6,"sex=Female;sex=Male;location=Left;location=Right;age_stratum=age_lower;age_stratum=age_upper",1,-0.735128415736068,-0.55076259418485,"False",6.12819376394854,5.50298314238886,4.41578009466653,-0.625210621559678,-1.08720304772234,"monotonic_down","True","False","True","True","True","True","True","True","True","True","True",0.804587324568897,"Tier 2 - provisional",-0.323482657560473,0.00971628859203562,FALSE
"CLDN5",1.33347669428405,1.61270621632215e-22,1.34068707506366,2.40739310280917e-20,1.35377074836773,2.45872217536495e-20,1.35230155270521,7.79179233117379e-21,1.33046942857143,2.10762812793445e-26,0.979591836734694,6,"sex=Female;sex=Male;location=Left;location=Right;age_stratum=age_lower;age_stratum=age_upper",1,1.1991798784435,1.49601236391963,"False",5.16984927926416,6.50332597354821,4.69190659285576,1.33347669428405,-1.81141938069245,"adjacent_specific","True","True","True","True","True","True","True","True","True","True","True",0.804408289095664,"Tier 2 - provisional",0.81189991097188,1.14971054080005e-09,TRUE
"OPN3",-0.772853882732514,1.29533860413646e-10,-0.736188486540924,1.28727516789517e-08,-0.68102873854678,4.05324758595319e-08,-0.737751615455207,1.36576808892777e-08,-0.771343061224488,4.06857838070817e-14,0.86734693877551,6,"sex=Female;sex=Male;location=Left;location=Right;age_stratum=age_lower;age_stratum=age_upper",1,-0.924692061379861,-0.56016398793107,"False",9.44464976246848,8.67179587973596,7.33876906419246,-0.772853882732514,-1.3330268155435,"monotonic_down","True","False","True","True","True","True","True","True","True","True","True",0.804279658923701,"Tier 2 - provisional",-0.160791131706403,0.282437192757613,FALSE
"CXCL2",1.03397477905041,5.2620279847e-09,0.902280379167112,1.57162945877895e-06,0.870569346885385,3.88174495558012e-06,0.916391954685116,9.54437362682836e-07,1.03761995918367,3.42277281793083e-12,0.887755102040816,6,"sex=Female;sex=Male;location=Left;location=Right;age_stratum=age_lower;age_stratum=age_upper",1,0.780250549487016,1.26347285926439,"False",5.12497525636464,6.15895003541504,8.42840350126039,1.03397477905041,2.26945346584535,"monotonic_up","True","False","True","True","True","True","True","True","True","True","True",0.804153969084374,"Tier 2 - provisional",0.332570516817978,0.17329995156352,FALSE
"RAB31",0.884473161989347,6.90713293079704e-09,0.865245348446957,1.67194671400091e-07,0.837138886035161,4.42137742396441e-07,0.868019093018845,1.70401055639519e-07,0.883895204081632,2.39043660959231e-12,0.857142857142857,6,"sex=Female;sex=Male;location=Left;location=Right;age_stratum=age_lower;age_stratum=age_upper",1,0.733448245003815,0.962819407173647,"False",5.5622742014971,6.44674736348644,6.84840019169165,0.884473161989347,0.401652828205204,"monotonic_up","True","False","True","True","True","True","True","True","True","True","True",0.804086344251735,"Tier 2 - provisional",-0.0627453536252041,0.708512278728166,FALSE
"SLC25A34",-0.789198559731843,8.23597993359885e-10,-0.751435836564349,5.01366472377955e-08,-0.70068116917277,1.73920669070634e-07,-0.75024966327111,5.94451964338139e-08,-0.787060081632654,1.26035409233729e-11,0.887755102040816,6,"sex=Female;sex=Male;location=Left;location=Right;age_stratum=age_lower;age_stratum=age_upper",1,-0.954867865944808,-0.502794462117468,"False",6.24227748451857,5.45307892478673,3.44945207231717,-0.789198559731841,-2.00362685246956,"monotonic_down","True","False","True","True","True","True","True","True","True","True","True",0.804066465130128,"Tier 2 - provisional",-0.286605317115827,0.0820433563884728,FALSE
"ABAT",-0.524070177490798,1.41458353432911e-10,-0.534152964222554,1.39221178976376e-09,-0.493194320090318,3.76452438345039e-09,-0.537040647990287,1.27492546149271e-09,-0.524710653061224,1.05493011237993e-09,0.918367346938776,6,"sex=Female;sex=Male;location=Left;location=Right;age_stratum=age_lower;age_stratum=age_upper",1,-0.568026812162644,-0.428512936209943,"False",5.33017813174442,4.80610795425363,4.67941638229491,-0.524070177490795,-0.126691571958721,"field_shift_then_plateau","True","False","False","True","True","True","True","True","True","True","True",0.804036937669961,"Tier 2 - provisional",-0.243417838226375,0.0151968199352372,FALSE
"TMEM144",-0.690184142730362,1.39561627966818e-10,-0.654885387826049,1.48076070011971e-08,-0.657631099513295,1.89430736851332e-08,-0.663695041617137,8.20666713419922e-09,-0.687045061224489,8.2833667467028e-15,0.908163265306122,6,"sex=Female;sex=Male;location=Left;location=Right;age_stratum=age_lower;age_stratum=age_upper",1,-0.825320866880443,-0.565128108362646,"False",7.87326688325144,7.18308274052108,6.6689668251593,-0.690184142730359,-0.51411591536178,"monotonic_down","True","False","True","True","True","True","True","True","True","True","True",0.803868816462891,"Tier 2 - provisional",-0.151371561522658,0.253900569722461,FALSE
"PCDHB16",0.785478728166402,9.06150825115171e-11,0.693285520168409,6.02199626052345e-08,0.682907102678921,1.22966655488197e-07,0.704607907683149,2.85169114348939e-08,0.783724367346939,1.61531076745445e-15,0.918367346938776,6,"sex=Female;sex=Male;location=Left;location=Right;age_stratum=age_lower;age_stratum=age_upper",1,0.584438347637822,0.875915703149227,"False",2.29040219197845,3.07588092014486,3.50789120459097,0.785478728166403,0.432010284446113,"monotonic_up","True","False","True","True","True","True","True","True","True","True","True",0.803717583278332,"Tier 2 - provisional",0.0502484382333754,0.759667273616381,FALSE
"CAPZA2",-0.533300801773411,7.29099032286615e-11,-0.534476631881861,1.65318205863724e-09,-0.545412286890458,1.08964622420713e-09,-0.533285187980067,2.06102459661618e-09,-0.539206653061225,1.81919436907804e-14,0.918367346938776,6,"sex=Female;sex=Male;location=Left;location=Right;age_stratum=age_lower;age_stratum=age_upper",1,-0.594772796486689,-0.473877133581146,"False",9.61173703852502,9.07843623675161,8.95583888775377,-0.533300801773414,-0.122597348997838,"field_shift_then_plateau","True","False","True","True","True","True","True","True","True","True","True",0.803527089815668,"Tier 2 - provisional",-0.844220853591675,2.19451899338992e-16,TRUE
"INPP5J",-0.533936658899029,8.07608040144077e-12,-0.523528386206045,5.20766860691823e-10,-0.501060822587602,1.830627368052e-09,-0.529500454397041,2.90757688074466e-10,-0.530136367346939,6.82748326596918e-14,0.897959183673469,6,"sex=Female;sex=Male;location=Left;location=Right;age_stratum=age_lower;age_stratum=age_upper",1,-0.575227253180663,-0.456844987592784,"False",4.51958779379475,3.98565113489573,3.63342741834806,-0.533936658899027,-0.352223716547671,"monotonic_down","True","False","True","True","True","True","True","True","True","True","True",0.803413029969125,"Tier 2 - provisional",-0.153245373430725,0.0867561195042538,FALSE
"SLC44A3",-0.690789687842243,3.03772592640618e-09,-0.636930493723556,3.53244225816846e-07,-0.631116878157613,6.00117919553696e-07,-0.637216992150692,3.8891850344346e-07,-0.690260510204081,1.03656107033445e-12,0.979591836734694,6,"sex=Female;sex=Male;location=Left;location=Right;age_stratum=age_lower;age_stratum=age_upper",1,-0.75360069751587,-0.544413532253332,"False",8.26783289875887,7.57704321091662,7.45745139369199,-0.690789687842245,-0.119591817224632,"field_shift_then_plateau","True","False","True","True","True","True","True","True","True","True","True",0.802950475717097,"Tier 2 - provisional",-0.169960031456487,0.286786258364515,FALSE
"HOXB7",-0.522415653730451,1.43658745666971e-09,-0.531399748821285,1.34343286093282e-08,-0.536067154254568,1.46518269775262e-08,-0.528948847492351,1.69198825420894e-08,-0.522623714285715,1.6776999538352e-12,0.959183673469388,6,"sex=Female;sex=Male;location=Left;location=Right;age_stratum=age_lower;age_stratum=age_upper",1,-0.589386130487268,-0.479433025883908,"False",8.22476205675393,7.70234640302348,7.21339041610138,-0.522415653730452,-0.488955986922104,"monotonic_down","True","False","True","True","True","True","True","True","True","True","True",0.802638964217731,"Tier 2 - provisional",-0.217974722528962,0.0504536458040793,FALSE
"DEGS1",0.713388264596168,1.8527757518236e-10,0.688180668162797,1.20734203952186e-08,0.656324702921988,4.02029084938988e-08,0.699905861797615,4.78168972194556e-09,0.710093224489796,6.76714067671695e-14,0.877551020408163,6,"sex=Female;sex=Male;location=Left;location=Right;age_stratum=age_lower;age_stratum=age_upper",1,0.612104423831456,0.780053350267648,"False",6.95858056367346,7.67196882826963,8.09341366359557,0.713388264596166,0.42144483532595,"monotonic_up","True","False","True","True","True","True","True","True","True","True","True",0.802507119762913,"Tier 2 - provisional",0.0408209963528779,0.752371192772566,FALSE
"PLA1A",0.797451164492104,5.81509812480138e-09,0.761745252278715,2.69220469392267e-07,0.714796413642942,9.00191574062978e-07,0.773114455090983,1.55517315507381e-07,0.793367632653061,4.06324267439064e-11,0.908163265306122,6,"sex=Female;sex=Male;location=Left;location=Right;age_stratum=age_lower;age_stratum=age_upper",1,0.590247257917,0.933669666791689,"False",2.64202742598265,3.43947859047475,3.850585731482,0.797451164492104,0.411107141007245,"monotonic_up","True","False","True","True","True","True","True","True","True","True","True",0.802504355369925,"Tier 2 - provisional",0.469629221810398,0.00883946600253376,FALSE
"DCN",1.71043999459187,1.86425298444091e-20,1.68377578731443,7.73785944635495e-18,1.65663457750666,2.92363922418482e-17,1.70613449339391,9.0418362257057e-19,1.7107322244898,2.53222939051491e-27,0.918367346938776,6,"sex=Female;sex=Male;location=Left;location=Right;age_stratum=age_lower;age_stratum=age_upper",1,1.54036812787772,1.78309526179105,"False",7.97616519250391,9.68660518709577,7.97238461310443,1.71043999459187,-1.71422057399134,"adjacent_specific","True","True","True","True","True","True","True","True","True","True","True",0.802260599822612,"Tier 2 - provisional",0.750453153732428,1.01065337159311e-06,TRUE
"TBC1D2",-0.516261952796906,9.03861616830021e-10,-0.526591791433807,8.61042190926259e-09,-0.494981822077971,2.9921362024552e-08,-0.531573598777533,6.23920060453519e-09,-0.516639551020407,1.38332106014333e-12,0.948979591836735,6,"sex=Female;sex=Male;location=Left;location=Right;age_stratum=age_lower;age_stratum=age_upper",1,-0.556754075085427,-0.442782292374664,"False",7.57332056150124,7.05705860870434,6.92226166111679,-0.516261952796905,-0.134796947587545,"field_shift_then_plateau","True","False","False","True","True","True","True","True","True","True","True",0.802217752276709,"Tier 2 - provisional",-0.0690587891854727,0.494096849075284,FALSE
"CD81",0.7954941206336,4.34534005965236e-09,0.745741620852284,3.28514543916221e-07,0.711355368716783,9.90928545954227e-07,0.756507279596124,1.98872187942366e-07,0.794993346938774,6.52036261057412e-13,0.918367346938776,6,"sex=Female;sex=Male;location=Left;location=Right;age_stratum=age_lower;age_stratum=age_upper",1,0.701634888335517,0.841310449303153,"False",8.17807409141692,8.97356821205052,9.63056890977351,0.795494120633604,0.657000697722983,"monotonic_up","True","False","True","True","True","True","True","True","True","True","True",0.802201489614264,"Tier 2 - provisional",-0.119387178315137,0.284528347949216,FALSE
"COL3A1",0.804349690505971,4.60325860659379e-09,0.792977972181863,9.34539605620872e-08,0.761240518635566,2.78364751480625e-07,0.802169964044574,6.33632847434852e-08,0.803468244897958,2.25302375818194e-12,0.86734693877551,6,"sex=Female;sex=Male;location=Left;location=Right;age_stratum=age_lower;age_stratum=age_upper",1,0.727928746865109,0.820999449176451,"False",8.63945820099554,9.44380789150151,10.3686441391747,0.804349690505967,0.924836247673234,"monotonic_up","True","False","True","True","True","True","True","True","True","True","True",0.802186577042155,"Tier 2 - provisional",-0.0508965022255378,0.729219399513666,FALSE
"SOCS1",0.561471591583472,1.17964363757639e-10,0.557136946539499,2.895543231161e-09,0.582514535359462,4.70175809704612e-10,0.565360512743404,1.29236434617098e-09,0.561835081632652,9.42823237877002e-13,0.908163265306122,6,"sex=Female;sex=Male;location=Left;location=Right;age_stratum=age_lower;age_stratum=age_upper",1,0.412924538536227,0.772168437584435,"False",3.31222401136152,3.87369560294499,4.00228991343879,0.561471591583472,0.128594310493807,"field_shift_then_plateau","True","False","True","True","True","True","True","True","True","True","True",0.801949319414842,"Tier 2 - provisional",0.75402928393134,1.33154995240394e-11,TRUE
"TAGLN",2.55386001006239,1.308201706079e-16,2.39261114891486,2.13791841258479e-13,2.3294483440687,7.83227061832402e-13,2.40994281052804,1.47502763814304e-13,2.55180404081633,2.70331208897903e-22,0.979591836734694,6,"sex=Female;sex=Male;location=Left;location=Right;age_stratum=age_lower;age_stratum=age_upper",1,2.25159892540594,2.79797667810874,"False",6.64643614765557,9.20029615771795,7.68671004873217,2.55386001006238,-1.51358610898578,"adjacent_specific","True","True","True","True","True","True","True","True","True","True","True",0.8018703257649,"Tier 2 - provisional",0.614044132778582,0.0232687703516221,TRUE
"BST2",0.885111317347269,1.91195065086142e-08,0.877768499500827,2.85867421445028e-07,0.878122171858711,3.89846787787614e-07,0.889587279291888,1.82115689091009e-07,0.885829285714284,9.45586753712936e-10,0.846938775510204,6,"sex=Female;sex=Male;location=Left;location=Right;age_stratum=age_lower;age_stratum=age_upper",1,0.690591678657458,1.09089309038549,"False",6.43831544565214,7.3234267629994,7.6092562958981,0.885111317347266,0.285829532898692,"monotonic_up","True","False","True","True","True","True","True","True","True","True","True",0.801859256006501,"Tier 2 - provisional",0.267562114101332,0.0912159241227024,FALSE
"BHLHE40",0.747767156547714,5.28207122095234e-10,0.711312040378484,4.15658681632421e-08,0.670654793996427,1.4459939637098e-07,0.715716781777246,3.74243745669268e-08,0.74366118367347,2.64273681046205e-09,0.887755102040816,6,"sex=Female;sex=Male;location=Left;location=Right;age_stratum=age_lower;age_stratum=age_upper",1,0.567747330987561,0.85249757878583,"False",4.02306038147627,4.77082753802399,5.9133743942601,0.747767156547714,1.14254685623612,"monotonic_up","True","False","True","True","True","True","True","True","True","True","True",0.801782039920003,"Tier 2 - provisional",0.279337469197537,0.0739747513082891,FALSE
"COX7A1",1.9221974394476,1.30870979653379e-18,1.81516032981637,3.22476887847288e-15,1.78749562774082,1.04533263849164e-14,1.83160328312274,1.51228137416066e-15,1.921226,1.82819325431988e-25,0.979591836734694,6,"sex=Female;sex=Male;location=Left;location=Right;age_stratum=age_lower;age_stratum=age_upper",1,1.72354318233381,2.10305290197687,"False",5.3412192954397,7.26341673488729,5.89035197977045,1.9221974394476,-1.37306475511685,"adjacent_specific","True","True","True","True","True","True","True","True","True","True","True",0.801678153135513,"Tier 2 - provisional",0.514871730902471,0.00221229120473848,TRUE
"THBD",1.24452648273955,1.53801401141342e-28,1.22333892384475,3.77833400333418e-25,1.22259997002411,1.11183090307219e-24,1.23232550017302,1.15845909692156e-25,1.23965097959184,1.07925226901155e-36,1,6,"sex=Female;sex=Male;location=Left;location=Right;age_stratum=age_lower;age_stratum=age_upper",1,1.1015318955435,1.32964218813802,"False",3.16127638985325,4.4058028725928,4.17448664790604,1.24452648273955,-0.231316224686763,"non_monotonic","True","True","True","True","True","True","True","True","True","True","True",0.801667065988911,"Tier 2 - provisional",0.690596062913876,7.78655166360736e-13,TRUE
"C1S",1.27189926955951,3.70010273443659e-25,1.24299988882844,8.32333658617802e-22,1.2370027744438,2.63773174890833e-21,1.25202676148869,3.42906445865689e-22,1.27046555102041,1.95781850147692e-30,0.989795918367347,6,"sex=Female;sex=Male;location=Left;location=Right;age_stratum=age_lower;age_stratum=age_upper",1,1.13078535181899,1.35001191911714,"False",7.78929655610469,9.06119582566419,8.48191329309103,1.2718992695595,-0.579282532573163,"adjacent_specific","True","True","True","True","True","True","True","True","True","True","True",0.801613694683081,"Tier 2 - provisional",0.71718743213682,1.62080959805739e-14,TRUE
"NTS",-0.946552791909137,0.0001276208466583,-1.14402231120094,1.52356218202792e-05,-0.967953807094175,3.73636666258512e-05,-1.1409826201635,1.72394158127529e-05,-0.956256673469388,0.000750593436097,0.795918367346939,6,"sex=Female;sex=Male;location=Left;location=Right;age_stratum=age_lower;age_stratum=age_upper",1,-1.35889226436656,-0.550515961843399,"False",4.29201789979706,3.34546510788792,2.9347579465943,-0.946552791909136,-0.41070716129362,"monotonic_down","True","True","True","True","True","True","True","True","True","False","True",0.801255216249392,"Tier 2 - provisional",-0.965507303327153,0.00420601306310217,TRUE
"ECSCR",1.2644633731032,1.30950703432276e-24,1.21592796641928,4.68605232713464e-21,1.20019808765303,1.90278624786504e-20,1.22467834679435,2.11227713034427e-21,1.2779826122449,2.70467512214781e-31,1,6,"sex=Female;sex=Male;location=Left;location=Right;age_stratum=age_lower;age_stratum=age_upper",1,1.12070221031685,1.2966895078394,"False",4.13671707644377,5.40118044954698,4.79538867462973,1.2644633731032,-0.605791774917246,"adjacent_specific","True","True","True","True","True","True","True","True","True","True","True",0.801137711887091,"Tier 2 - provisional",0.621262560023585,3.12649326437712e-09,TRUE
"HBEGF",1.80238645885741,1.17614398233394e-19,1.70785360096965,3.29646021333451e-16,1.74872446982053,9.61038795097711e-17,1.69709590067511,4.55777039251094e-16,1.80279718367347,9.90484238464272e-27,0.979591836734694,6,"sex=Female;sex=Male;location=Left;location=Right;age_stratum=age_lower;age_stratum=age_upper",1,1.41973949885227,1.98288348917719,"False",4.2978236969271,6.10021015578451,5.70339025451721,1.80238645885741,-0.396819901267302,"non_monotonic","True","True","True","True","True","True","True","True","True","True","True",0.801088035042867,"Tier 2 - provisional",1.90827913251197,3.04877671244438e-14,TRUE
"DOK4",-0.564136483801082,9.88035557071775e-10,-0.541641320313262,4.96467643964345e-08,-0.5301197711215,1.16096988609237e-07,-0.544476094348223,4.64924339265895e-08,-0.564520510204082,5.93251009346209e-14,0.969387755102041,6,"sex=Female;sex=Male;location=Left;location=Right;age_stratum=age_lower;age_stratum=age_upper",1,-0.66086361149164,-0.480089015337447,"False",7.83465874993052,7.27052226612944,6.34096311395968,-0.564136483801082,-0.929559152169763,"monotonic_down","True","False","True","True","True","True","True","True","True","True","True",0.800773409681966,"Tier 2 - provisional",-0.0709927760530931,0.557532849328257,FALSE
"CASP7",-0.642770666949462,3.30671385243469e-09,-0.649923926584699,3.61133235289452e-08,-0.6202086541404,1.18949167211059e-07,-0.656287382237617,2.67424219420476e-08,-0.64416587755102,4.89261784808234e-11,0.908163265306122,6,"sex=Female;sex=Male;location=Left;location=Right;age_stratum=age_lower;age_stratum=age_upper",1,-0.815529743665201,-0.510345655268039,"False",7.11595941154097,6.47318874459151,4.62630149973601,-0.642770666949459,-1.8468872448555,"monotonic_down","True","False","True","True","True","True","True","True","True","True","True",0.800748836523888,"Tier 2 - provisional",-0.142675223130703,0.314554062366617,FALSE
"LDB2",1.23925825695187,1.06658621184283e-25,1.2079686461941,4.1007094909068e-22,1.20600621539203,1.09243869367354e-21,1.21594152460272,2.0026180156693e-22,1.23731159183674,5.94132790873419e-32,1,6,"sex=Female;sex=Male;location=Left;location=Right;age_stratum=age_lower;age_stratum=age_upper",1,1.12811242649175,1.28773231213037,"False",3.58734385386012,4.82660211081199,4.21532557775797,1.23925825695188,-0.611276533054024,"adjacent_specific","True","True","True","True","True","True","True","True","True","True","True",0.800569189013864,"Tier 2 - provisional",0.744437815965312,1.3638244288762e-10,TRUE
"FMO4",-0.554822259932609,1.01146072353177e-11,-0.516610976358137,3.03408003409435e-09,-0.483658042660467,1.0201089966569e-08,-0.519122143261841,2.87348939104722e-09,-0.55603106122449,1.69046173979474e-14,0.918367346938776,6,"sex=Female;sex=Male;location=Left;location=Right;age_stratum=age_lower;age_stratum=age_upper",1,-0.608201864378143,-0.426335910106114,"False",6.43424791359235,5.87942565365974,4.66970987253122,-0.554822259932605,-1.20971578112853,"monotonic_down","True","False","False","True","True","True","True","True","True","True","True",0.800367354784095,"Tier 2 - provisional",-0.116784380930618,0.219193340098245,FALSE
"DCBLD2",0.554685884913845,1.82374803417156e-09,0.558589190570157,2.41450146994436e-08,0.526455652904611,8.40059614438221e-08,0.55962528145594,2.60352776384666e-08,0.550708591836734,1.19361072716013e-12,0.938775510204082,6,"sex=Female;sex=Male;location=Left;location=Right;age_stratum=age_lower;age_stratum=age_upper",1,0.421614410022451,0.664969264989623,"False",3.46382684799408,4.01851273290793,4.37096975930937,0.554685884913844,0.352457026401446,"monotonic_up","True","False","True","True","True","True","True","True","True","True","True",0.799846961683207,"Tier 2 - provisional",0.108668406016717,0.362478087234453,FALSE
"FAM13A",-0.596529070943452,2.81367853449788e-09,-0.605538154391824,2.78386063474488e-08,-0.562651030959612,9.52418613678234e-08,-0.604061225024112,3.39648793848369e-08,-0.594939306122448,3.49249872667431e-07,0.918367346938776,6,"sex=Female;sex=Male;location=Left;location=Right;age_stratum=age_lower;age_stratum=age_upper",1,-0.778743377938671,-0.478603533726211,"False",4.92880277222292,4.33227370127947,4.05981622297294,-0.596529070943451,-0.272457478306523,"monotonic_down","True","False","True","True","True","True","True","True","True","True","True",0.799843435662877,"Tier 2 - provisional",-0.574075930459601,2.35392288395096e-05,TRUE
"SLC41A2",-0.634798913567909,1.3620080010583e-09,-0.615144911388404,5.61728336750854e-08,-0.563637431359041,1.76489887992061e-07,-0.61259604521037,6.99143070106608e-08,-0.635289020408163,7.2670691185419e-13,0.928571428571429,6,"sex=Female;sex=Male;location=Left;location=Right;age_stratum=age_lower;age_stratum=age_upper",1,-0.792762761866449,-0.421459532561124,"False",7.25814654777817,6.62334763421026,4.96475404659595,-0.634798913567909,-1.65859358761431,"monotonic_down","True","False","True","True","True","True","True","True","True","True","True",0.79980965251869,"Tier 2 - provisional",-0.112477932017103,0.413983232092625,FALSE
"GAPT",-0.753466681229822,1.16367535504201e-09,-0.721242998893103,6.78798778240638e-08,-0.693482025227386,2.02400588163759e-07,-0.719765830769615,8.09217629460275e-08,-0.751218285714285,1.07586666920077e-07,0.877551020408163,6,"sex=Female;sex=Male;location=Left;location=Right;age_stratum=age_lower;age_stratum=age_upper",1,-0.942543488764255,-0.613254801143386,"False",3.93860591097625,3.18513922974643,2.63443418917973,-0.753466681229817,-0.550705040566704,"monotonic_down","True","False","True","True","True","True","True","True","True","True","True",0.799512209608056,"Tier 2 - provisional",-0.768719353049813,1.38206247034884e-08,TRUE
"PLEKHB2",-0.565554112088157,6.96711476122009e-11,-0.54450452975466,5.39083896136371e-09,-0.566377674847537,1.32911574637691e-09,-0.547290134254492,5.04513090110095e-09,-0.565561775510204,1.0509354393659e-11,0.908163265306122,6,"sex=Female;sex=Male;location=Left;location=Right;age_stratum=age_lower;age_stratum=age_upper",1,-0.731316711439266,-0.45333146011647,"False",8.17591151950446,7.61035740741631,6.98457734279721,-0.565554112088154,-0.625780064619097,"monotonic_down","True","False","True","True","True","True","True","True","True","True","True",0.799118958894092,"Tier 2 - provisional",-0.458009499661774,5.73762161068205e-05,FALSE
"PTPRM",1.25202042861128,1.39010795161023e-24,1.2078788826127,6.89455863278158e-21,1.20243873610343,2.11872385883303e-20,1.21728017982519,2.68325583140449e-21,1.24937518367347,1.64734034470751e-31,0.989795918367347,6,"sex=Female;sex=Male;location=Left;location=Right;age_stratum=age_lower;age_stratum=age_upper",1,1.16330061768462,1.29757841071734,"False",4.95549850936503,6.20751893797631,5.67514101020879,1.25202042861128,-0.532377927767521,"adjacent_specific","True","True","True","True","True","True","True","True","True","True","True",0.799105051381957,"Tier 2 - provisional",0.581349866993304,4.88656373592523e-09,TRUE
"WASF1",0.820662953427813,1.64334745120757e-08,0.748993802274878,1.62506611298536e-06,0.736892904737458,2.98447014719845e-06,0.757620267343035,1.2147593080618e-06,0.823919755102042,1.92164009932448e-12,0.928571428571429,6,"sex=Female;sex=Male;location=Left;location=Right;age_stratum=age_lower;age_stratum=age_upper",1,0.696045777804261,0.911639035970281,"False",2.89502052227746,3.71568347570527,3.92535011834379,0.82066295342781,0.209666642638518,"monotonic_up","True","False","True","True","True","True","True","True","True","True","True",0.798932111142773,"Tier 2 - provisional",-0.0857955904769477,0.639677812263902,FALSE
"MAP7D3",0.609557971560431,1.20399451400745e-10,0.563242614495435,2.62426750061392e-08,0.571610598282639,2.33730113111754e-08,0.554599558268369,3.21393517559353e-08,0.608713530612245,5.71582398620436e-15,0.928571428571429,6,"sex=Female;sex=Male;location=Left;location=Right;age_stratum=age_lower;age_stratum=age_upper",1,0.39903602828286,0.723028251990949,"False",2.96299226439969,3.57255023596012,3.45288583215836,0.609557971560431,-0.11966440380176,"field_shift_then_plateau","True","False","True","True","True","True","True","True","True","True","True",0.798463190102088,"Tier 2 - provisional",0.0895493390892223,0.464283323806217,FALSE
"SGPP1",-0.533818387657506,1.59961103463965e-10,-0.549266181762803,1.24686585126752e-09,-0.531310254156778,3.97859138399523e-09,-0.54539754611112,1.66372408126863e-09,-0.533201918367344,8.70037295663184e-08,0.86734693877551,6,"sex=Female;sex=Male;location=Left;location=Right;age_stratum=age_lower;age_stratum=age_upper",1,-0.635706124724873,-0.408966624101105,"False",6.6533081315311,6.11948974387359,5.5759999535037,-0.533818387657504,-0.543489790369899,"monotonic_down","True","False","True","True","True","True","True","True","True","True","True",0.798169863302462,"Tier 2 - provisional",-0.480645428552218,1.55655545486181e-05,FALSE
"ACER3",-0.601016066135425,5.44836130994045e-11,-0.560110894591539,1.05658716369053e-08,-0.528094648576744,3.67842320938558e-08,-0.55411185236368,1.36888047553029e-08,-0.601227816326531,9.56368604527908e-12,0.908163265306122,6,"sex=Female;sex=Male;location=Left;location=Right;age_stratum=age_lower;age_stratum=age_upper",1,-0.676140839522389,-0.507039635478427,"False",5.01413801889147,4.41312195275605,3.86394826999352,-0.601016066135426,-0.549173682762526,"monotonic_down","True","False","True","True","True","True","True","True","True","True","True",0.798146206584496,"Tier 2 - provisional",-0.363036224283957,0.00201042977771065,FALSE
"NFIL3",-0.56920117202557,6.46104412912383e-10,-0.579132854622732,6.87056705071676e-09,-0.568138405698477,1.64383385620869e-08,-0.568728886612647,7.49855859169487e-09,-0.566687469387755,3.10222808154453e-10,0.887755102040816,6,"sex=Female;sex=Male;location=Left;location=Right;age_stratum=age_lower;age_stratum=age_upper",1,-0.733446607073226,-0.478730250297665,"False",7.64341098435544,7.07420981232988,7.07734141958182,-0.569201172025565,0.0031316072519391,"field_shift_then_plateau","True","False","True","True","True","True","True","True","True","True","True",0.797924557176707,"Tier 2 - provisional",-0.82566194191837,5.13721651729239e-12,TRUE
"CBS",-0.770836120062839,1.60997042387032e-07,-0.796528621409603,6.61185693771147e-07,-0.754051776971379,2.06255474886547e-06,-0.796177998397832,7.44554783607041e-07,-0.77264224489796,3.38433439264611e-06,0.877551020408163,6,"sex=Female;sex=Male;location=Left;location=Right;age_stratum=age_lower;age_stratum=age_upper",1,-1.01340763480525,-0.4233717079322,"False",4.17461919540894,3.4037830753461,3.02851903279349,-0.770836120062838,-0.375264042552614,"monotonic_down","True","False","True","True","True","True","True","True","True","True","True",0.797828451244208,"Tier 2 - provisional",-0.393616050116638,0.0499103496699662,FALSE
"HMOX1",-0.764759836742994,2.68712703305373e-09,-0.713155693991481,2.52438672142968e-07,-0.678750273229754,7.79401169631689e-07,-0.716038613459144,2.4824488311397e-07,-0.765801999999999,5.14942629055667e-10,0.897959183673469,6,"sex=Female;sex=Male;location=Left;location=Right;age_stratum=age_lower;age_stratum=age_upper",1,-0.934071288128863,-0.634150212272556,"False",6.14220674657258,5.37744690982958,4.16654177313199,-0.764759836742993,-1.21090513669759,"monotonic_down","True","False","True","True","True","True","True","True","True","True","True",0.797775605187967,"Tier 2 - provisional",-0.365240628565849,0.034862188529145,FALSE
"MKX",0.708300903720468,1.80729924550966e-08,0.656764719145281,1.25399231016675e-06,0.631159623890257,3.29084587561553e-06,0.659912605175433,1.21416012545691e-06,0.710977795918367,8.83745735110773e-13,0.959183673469388,6,"sex=Female;sex=Male;location=Left;location=Right;age_stratum=age_lower;age_stratum=age_upper",1,0.55613432791172,0.884991260371084,"False",2.36443030594279,3.07273120966325,3.48855875111143,0.708300903720466,0.415827541448182,"monotonic_up","True","False","True","True","True","True","True","True","True","True","True",0.797521612768239,"Tier 2 - provisional",0.0298535998664517,0.882895760803588,FALSE
"BCL2L15",-0.74050111129155,6.58091703842958e-08,-0.70177500346476,2.23229176481067e-06,-0.653001821794445,7.31059639350517e-06,-0.701402880978391,2.49238050040081e-06,-0.739406857142857,4.41447668830173e-11,0.948979591836735,6,"sex=Female;sex=Male;location=Left;location=Right;age_stratum=age_lower;age_stratum=age_upper",1,-0.876365992402666,-0.490476273373305,"False",8.72691918597615,7.9864180746846,6.78971630322659,-0.740501111291545,-1.19670177145802,"monotonic_down","True","False","True","True","True","True","True","True","True","True","True",0.797489935102043,"Tier 2 - provisional",-0.1987970810026,0.311959014143352,FALSE
"SPARCL1",1.80738869509719,3.27421908988758e-18,1.74595306736279,2.79173517235915e-15,1.72390194553876,8.54277423867486e-15,1.76379677161516,1.06834776184931e-15,1.80780363265306,4.47516371362833e-25,0.979591836734694,6,"sex=Female;sex=Male;location=Left;location=Right;age_stratum=age_lower;age_stratum=age_upper",1,1.69057449886966,1.8511659959543,"False",7.25436932925987,9.06175802435705,6.92878004227265,1.80738869509718,-2.13297798208441,"adjacent_specific","True","True","True","True","True","True","True","True","True","True","True",0.797182094215414,"Tier 2 - provisional",0.53198741805536,0.000907235542408069,TRUE
"ZBTB16",1.77675005255669,2.75669191415826e-19,1.68685569993791,4.94335976821656e-16,1.66623620123584,1.57123625905474e-15,1.68820815217265,6.17939579136461e-16,1.77448755102041,2.51735077053519e-26,0.969387755102041,6,"sex=Female;sex=Male;location=Left;location=Right;age_stratum=age_lower;age_stratum=age_upper",1,1.54578366702792,1.8342881020578,"False",2.78910695277259,4.56585700532928,2.59875775067624,1.77675005255669,-1.96709925465305,"adjacent_specific","True","True","True","True","True","True","True","True","True","True","True",0.796873499162084,"Tier 2 - provisional",0.946915430963258,7.14125844192471e-06,TRUE
"METRN",-0.549595697469189,2.0425774512669e-11,-0.528614279197686,1.90547922689302e-09,-0.522423717958707,4.02602424111936e-09,-0.521501110273884,2.35373809976216e-09,-0.550825081632654,7.7934953927904e-11,0.877551020408163,6,"sex=Female;sex=Male;location=Left;location=Right;age_stratum=age_lower;age_stratum=age_upper",1,-0.673827490643522,-0.408247259735577,"False",6.52740118576051,5.97780548829132,5.90280339194272,-0.549595697469189,-0.0750020963486015,"field_shift_then_plateau","True","False","True","True","True","True","True","True","True","True","True",0.796836849868479,"Tier 2 - provisional",-0.710056754737218,2.09569066180498e-11,TRUE
"TNFRSF17",-0.932424326836284,4.77391563238514e-07,-0.964838971982118,1.65555013509583e-06,-0.980152486327591,1.48122826354987e-06,-0.953584179357662,2.11387686357372e-06,-0.931318734693877,3.19626863600106e-10,0.806122448979592,6,"sex=Female;sex=Male;location=Left;location=Right;age_stratum=age_lower;age_stratum=age_upper",1,-1.1776186031861,-0.824472856703143,"False",6.8031830053474,5.87075867851112,3.45485150690615,-0.932424326836282,-2.41590717160497,"monotonic_down","True","False","True","True","True","True","True","True","True","True","True",0.796799259731195,"Tier 2 - provisional",-0.724743694408299,0.00172350007824926,TRUE
"TNK1",-0.566891054491854,9.16140458256876e-11,-0.542616879025956,7.44722797729759e-09,-0.502031766907789,2.31883127314916e-08,-0.545718900424717,6.758279530783e-09,-0.567750897959184,4.11912212841658e-12,0.897959183673469,6,"sex=Female;sex=Male;location=Left;location=Right;age_stratum=age_lower;age_stratum=age_upper",1,-0.615782435474863,-0.441685876025461,"False",5.1895505734798,4.62265951898795,4.16196100713232,-0.566891054491849,-0.460698511855626,"monotonic_down","True","False","True","True","True","True","True","True","True","True","True",0.796523984392134,"Tier 2 - provisional",-0.0979031597362677,0.346799703358055,FALSE
"HMGCS2",-0.891256423622082,1.459306917794e-06,-0.871833213193627,1.48662472335839e-05,-0.791132124387667,4.95495221733176e-05,-0.865982145783699,1.77451879551985e-05,-0.891421469387756,1.89784803861829e-09,0.897959183673469,6,"sex=Female;sex=Male;location=Left;location=Right;age_stratum=age_lower;age_stratum=age_upper",1,-1.03868068974715,-0.583169192456177,"False",11.4816204718736,10.5903640482515,7.47223618512743,-0.89125642362208,-3.11812786312404,"monotonic_down","True","False","True","True","True","True","True","True","True","True","True",0.796466531816649,"Tier 2 - provisional",-0.262845049363167,0.34391115327889,FALSE
"EFNA1",-0.921552203326096,6.28650943011215e-07,-0.857337792765203,1.77187131940947e-05,-0.865490416974561,1.87127622552291e-05,-0.848477209881392,2.1772788395441e-05,-0.919246163265306,2.60505138918319e-07,0.908163265306122,6,"sex=Female;sex=Male;location=Left;location=Right;age_stratum=age_lower;age_stratum=age_upper",1,-1.02332006988148,-0.807101490858524,"False",8.30551285274564,7.38396064941955,7.31735628099294,-0.921552203326091,-0.0666043684266037,"field_shift_then_plateau","True","False","True","True","True","True","True","True","True","True","True",0.79634436468094,"Tier 2 - provisional",-0.385200257968956,0.150781584536332,FALSE
"RGS1",1.18816857258296,9.90556866629782e-28,1.16729575633288,3.91481997254065e-24,1.17408351385392,6.29298062085059e-24,1.17798273734774,6.25004368149813e-25,1.18746634693878,3.16857698433222e-32,0.989795918367347,6,"sex=Female;sex=Male;location=Left;location=Right;age_stratum=age_lower;age_stratum=age_upper",1,1.02512009450707,1.39774943761987,"False",3.12795069519968,4.31611926778264,4.04529391911204,1.18816857258296,-0.270825348670602,"non_monotonic","True","True","True","True","True","True","True","True","True","True","True",0.796206256647684,"Tier 2 - provisional",0.927742279789823,5.08651177165831e-16,TRUE
"S1PR2",0.543709898958676,2.20734545889667e-10,0.535625096390503,7.38892344368672e-09,0.541083907230249,7.70399361982614e-09,0.545640514220888,2.35678964177751e-09,0.543388979591837,2.8184762812784e-14,0.897959183673469,6,"sex=Female;sex=Male;location=Left;location=Right;age_stratum=age_lower;age_stratum=age_upper",1,0.457849225333813,0.645566588033686,"False",3.85579298078463,4.39950287974331,4.27114814552306,0.543709898958677,-0.128354734220252,"field_shift_then_plateau","True","False","True","True","True","True","True","True","True","True","True",0.796048953360704,"Tier 2 - provisional",0.252300654880587,0.0100113277039104,FALSE
"OLFML2B",0.703450276697053,3.83692078253476e-09,0.649160204229658,4.20769768692137e-07,0.630380784387705,1.01541869575451e-06,0.661154544493622,1.97603217768487e-07,0.703233265306122,1.93804665596211e-13,0.928571428571429,6,"sex=Female;sex=Male;location=Left;location=Right;age_stratum=age_lower;age_stratum=age_upper",1,0.588431249814154,0.774015618249332,"False",3.70458486969961,4.40803514639667,5.59267693210486,0.703450276697052,1.18464178570819,"monotonic_up","True","False","True","True","True","True","True","True","True","True","True",0.795992757746321,"Tier 2 - provisional",-0.0367098755861069,0.817109485223052,FALSE
"NT5DC3",0.680575430727027,1.55019984516157e-08,0.638557419526608,8.71474303194804e-07,0.597621325151056,2.87946205178441e-06,0.648604784421585,5.11239075135032e-07,0.678600285714286,6.06622032168832e-12,0.948979591836735,6,"sex=Female;sex=Male;location=Left;location=Right;age_stratum=age_lower;age_stratum=age_upper",1,0.502459291982628,0.878234924175186,"False",3.52045320138949,4.20102863211652,4.20118825440196,0.680575430727027,0.0001596222854463,"field_shift_then_plateau","True","False","True","True","True","True","True","True","True","True","True",0.795892224615923,"Tier 2 - provisional",-0.0029969147900669,0.987611721836019,FALSE
"SERPINA3",1.53750795832229,4.38846292245641e-21,1.46924634915261,1.16348747906341e-17,1.47120986067492,2.24992168328526e-17,1.48411438276881,3.45926178208907e-18,1.53666624489796,1.42596576634475e-28,0.989795918367347,6,"sex=Female;sex=Male;location=Left;location=Right;age_stratum=age_lower;age_stratum=age_upper",1,1.34787622071365,1.71397636451134,"False",3.30409057860685,4.84159853692914,4.13069965947065,1.53750795832228,-0.710898877458486,"adjacent_specific","True","True","True","True","True","True","True","True","True","True","True",0.795875858177928,"Tier 2 - provisional",0.805003775865592,2.68496835700443e-07,TRUE
"IRS2",0.646898824856313,2.16117073385373e-10,0.582360867840669,6.1845707772338e-08,0.619141453058831,5.40029333739276e-09,0.574813982199064,7.89866503049737e-08,0.64728230612245,4.60522404677859e-12,0.918367346938776,6,"sex=Female;sex=Male;location=Left;location=Right;age_stratum=age_lower;age_stratum=age_upper",1,0.463935864783983,0.762201282931192,"False",6.04906296511776,6.69596178997407,7.07153589503843,0.646898824856313,0.37557410506436,"monotonic_up","True","False","True","True","True","True","True","True","True","True","True",0.795711757522572,"Tier 2 - provisional",0.689858284370481,1.26440580113759e-07,TRUE
"MPDU1",-0.573619233556689,2.33709507171352e-10,-0.514666930305391,8.69220437573286e-08,-0.539089177551262,1.97519850561573e-08,-0.517255273296654,8.23629895521517e-08,-0.571860979591837,1.52641472234415e-11,0.959183673469388,6,"sex=Female;sex=Male;location=Left;location=Right;age_stratum=age_lower;age_stratum=age_upper",1,-0.68163973981572,-0.480096581957668,"False",7.95683619147897,7.38321695792227,6.75928146578147,-0.573619233556694,-0.623935492140805,"monotonic_down","True","False","True","True","True","True","True","True","True","True","True",0.795651520309359,"Tier 2 - provisional",-0.286562201223921,0.015533752470281,FALSE
"SLC27A2",-0.879626298541526,3.23458984551401e-08,-0.81053112603159,1.91097414638586e-06,-0.757664250472042,6.14045389477704e-06,-0.813464678065356,1.91618106915716e-06,-0.87953542857143,4.36242547354249e-11,0.877551020408163,6,"sex=Female;sex=Male;location=Left;location=Right;age_stratum=age_lower;age_stratum=age_upper",1,-1.12202067557944,-0.671675687211474,"False",9.03230524984133,8.15267895129981,7.67806936358052,-0.879626298541524,-0.474609587719289,"monotonic_down","True","False","True","True","True","True","True","True","True","True","True",0.795536263264033,"Tier 2 - provisional",-0.243734324509069,0.274598875487477,FALSE
"HPGDS",-0.669374928830553,8.62442958816148e-08,-0.718167329426842,9.00212679189582e-08,-0.681751105983194,2.94850587524487e-07,-0.711970051745475,1.15434947787305e-07,-0.667935530612245,4.32674828267678e-06,0.857142857142857,6,"sex=Female;sex=Male;location=Left;location=Right;age_stratum=age_lower;age_stratum=age_upper",1,-0.779922597587976,-0.476373182426313,"False",4.92887592278995,4.2595009939594,2.74940512329321,-0.669374928830553,-1.51009587066619,"monotonic_down","True","False","True","True","True","True","True","True","True","True","True",0.795501323654213,"Tier 2 - provisional",-0.735754151283902,8.7025069999532e-06,TRUE
"HDHD3",-0.579407530826812,2.36934773030645e-10,-0.555829635802278,1.42407757974201e-08,-0.526687627082819,4.88683702977355e-08,-0.557088757759162,1.50511189249277e-08,-0.580798122448979,4.49043576033928e-14,0.897959183673469,6,"sex=Female;sex=Male;location=Left;location=Right;age_stratum=age_lower;age_stratum=age_upper",1,-0.659335911999312,-0.50189359904627,"False",7.79383861362772,7.21443108280091,6.808839761326,-0.579407530826813,-0.405591321474904,"monotonic_down","True","False","True","True","True","True","True","True","True","True","True",0.79545675987432,"Tier 2 - provisional",-0.123179606633845,0.283544641126165,FALSE
"ATRX",0.602800656613144,1.56687053369447e-10,0.600064623807089,4.05514220756707e-09,0.601385963653397,5.58385121275342e-09,0.607091686332079,2.4311969318808e-09,0.602800387755103,3.71440236824894e-11,0.846938775510204,6,"sex=Female;sex=Male;location=Left;location=Right;age_stratum=age_lower;age_stratum=age_upper",1,0.501487786270543,0.665828842767496,"False",6.08418595524534,6.68698661185848,7.04912692434956,0.602800656613142,0.362140312491075,"monotonic_up","True","False","True","True","True","True","True","True","True","True","True",0.79522439756732,"Tier 2 - provisional",0.347854670110675,0.00421981637125532,FALSE
"HMGN5",-0.565309122912203,3.94441839128448e-09,-0.585568351688048,2.05005889589696e-08,-0.574224490911825,4.76567046149984e-08,-0.58088570796753,2.6700672082279e-08,-0.560638938775512,4.87763232361899e-08,0.887755102040816,6,"sex=Female;sex=Male;location=Left;location=Right;age_stratum=age_lower;age_stratum=age_upper",1,-0.692779886739669,-0.398848065859521,"False",5.80224468386693,5.23693556095473,4.80307334914911,-0.565309122912203,-0.433862211805621,"monotonic_down","True","False","True","True","True","True","True","True","True","True","True",0.794992994426197,"Tier 2 - provisional",-0.790977292117475,5.32407257726271e-10,TRUE
"TMEM87B",-0.626186495469601,9.0562823199524e-11,-0.558209384064044,4.76654221277277e-08,-0.545181879188036,1.15863226161579e-07,-0.56047668033152,4.68953883694363e-08,-0.626012530612246,1.04327470683253e-13,0.918367346938776,6,"sex=Female;sex=Male;location=Left;location=Right;age_stratum=age_lower;age_stratum=age_upper",1,-0.645271606916839,-0.5788357113158,"False",7.33873050579429,6.71254401032469,6.30168722544612,-0.626186495469602,-0.410856784878566,"monotonic_down","True","False","True","True","True","True","True","True","True","True","True",0.794794552399313,"Tier 2 - provisional",-0.141405564170291,0.240236084060235,FALSE
"SASH1",1.16645594542129,1.04069529409866e-27,1.16720345230372,1.13341924166155e-24,1.1572485228453,4.88582205747246e-24,1.17176826629393,9.12503181472928e-25,1.16629648979592,1.55962138242682e-25,0.979591836734694,6,"sex=Female;sex=Male;location=Left;location=Right;age_stratum=age_lower;age_stratum=age_upper",1,1.0376575901166,1.23525329396683,"False",4.70165715794879,5.86811310337008,5.08851616433999,1.16645594542129,-0.779596939030088,"adjacent_specific","True","True","True","True","True","True","True","True","True","True","True",0.794741937555222,"Tier 2 - provisional",0.702906683223457,5.86584579381213e-13,TRUE
"DRAM1",0.531050486628045,9.74529294028519e-11,0.523836088004448,3.42354430045891e-09,0.529786528090039,3.37146155628932e-09,0.532733433348589,1.22349420132982e-09,0.53226924489796,1.15897137400106e-12,0.877551020408163,6,"sex=Female;sex=Male;location=Left;location=Right;age_stratum=age_lower;age_stratum=age_upper",1,0.378651243024779,0.704011094411006,"False",3.5998645711956,4.13091505782364,5.39382549006335,0.531050486628043,1.26291043223971,"monotonic_up","True","False","True","True","True","True","True","True","True","True","True",0.794677895258738,"Tier 2 - provisional",0.292577909872377,0.00103267580812055,FALSE
"TMEM47",1.44005649856209,2.92529626555841e-21,1.40191206455093,3.73033552907295e-18,1.37453204902215,1.50427306177978e-17,1.41326880319001,1.66694125141764e-18,1.44119836734694,4.08693215496116e-27,0.989795918367347,6,"sex=Female;sex=Male;location=Left;location=Right;age_stratum=age_lower;age_stratum=age_upper",1,1.30367337427811,1.4868871129124,"False",5.84617287575711,7.2862293743192,6.15845300522563,1.44005649856209,-1.12777636909357,"adjacent_specific","True","True","True","True","True","True","True","True","True","True","True",0.794594936544305,"Tier 2 - provisional",0.579614788607964,4.81760814652131e-06,TRUE
"PEA15",0.73472185765879,2.30197281985864e-08,0.707673647174521,6.50578985283639e-07,0.6713794389791,1.9977660692585e-06,0.721150561300896,3.02121653254687e-07,0.733756,4.24230301847708e-12,0.897959183673469,6,"sex=Female;sex=Male;location=Left;location=Right;age_stratum=age_lower;age_stratum=age_upper",1,0.650894257002532,0.798297256846341,"False",6.45191042286919,7.18663228052798,7.86677914765451,0.734721857658791,0.680146867126529,"monotonic_up","True","False","True","True","True","True","True","True","True","True","True",0.794447286531654,"Tier 2 - provisional",-0.157057124328256,0.156402822980973,FALSE
"PMEPA1",0.660597794213147,1.86601513469459e-09,0.628536767491076,1.05719631062352e-07,0.603689816421802,3.13162392446732e-07,0.630246672785872,1.09181608219879e-07,0.665062897959185,5.27598049361475e-08,0.897959183673469,6,"sex=Female;sex=Male;location=Left;location=Right;age_stratum=age_lower;age_stratum=age_upper",1,0.517185955570545,0.725254514392342,"False",5.77840451323607,6.43900230744922,8.37228346220456,0.660597794213147,1.93328115475534,"monotonic_up","True","False","True","True","True","True","True","True","True","True","True",0.794431397925054,"Tier 2 - provisional",0.421166118221109,0.00409276332718044,FALSE
"FABP2",-0.929442658536205,1.04447600957216e-07,-0.836387074739301,8.55785086180172e-06,-0.828202298622049,1.31643083745295e-05,-0.825709244965775,1.07218858599508e-05,-0.93134848979592,2.27269402276324e-09,0.887755102040816,6,"sex=Female;sex=Male;location=Left;location=Right;age_stratum=age_lower;age_stratum=age_upper",1,-1.15876180255226,-0.483601163268294,"False",6.66859022576949,5.73914756723329,2.85787902700777,-0.929442658536201,-2.88126854022552,"monotonic_down","True","False","True","True","True","True","True","True","True","True","True",0.794190057674803,"Tier 2 - provisional",-0.250498558888662,0.318588437743822,FALSE
"HIBCH",-0.516364184610998,1.17976817809539e-08,-0.539178286010417,4.26282074831803e-08,-0.539004824858504,6.13164686494681e-08,-0.536841338478838,5.35744268817889e-08,-0.515976612244898,3.1963652039597e-08,0.918367346938776,6,"sex=Female;sex=Male;location=Left;location=Right;age_stratum=age_lower;age_stratum=age_upper",1,-0.611756269807653,-0.381903712731566,"False",7.7277647336129,7.21140054900191,6.62618788587245,-0.516364184610998,-0.585212663129456,"monotonic_down","True","False","True","True","True","True","True","True","True","True","True",0.793781662342419,"Tier 2 - provisional",-0.518038860849018,2.12807176836463e-05,TRUE
"ACADS",-0.582970460074595,1.15736649739875e-08,-0.585795738024386,1.27346714950005e-07,-0.535478901595009,4.03929366984437e-07,-0.590011389207069,1.09191250304498e-07,-0.583177020408164,2.39496860170187e-10,0.918367346938776,6,"sex=Female;sex=Male;location=Left;location=Right;age_stratum=age_lower;age_stratum=age_upper",1,-0.827454160124549,-0.418043619160025,"False",7.88357310803772,7.30060264796312,4.92185285224532,-0.582970460074595,-2.3787497957178,"monotonic_down","True","False","True","True","True","True","True","True","True","True","True",0.793716546947742,"Tier 2 - provisional",-0.0960280542827759,0.491425575590686,FALSE
"GDA",-0.679204404337938,6.58181209846406e-10,-0.607216593382158,2.1075115234144e-07,-0.579839527064921,6.37569371457294e-07,-0.607925175047518,2.26862363744728e-07,-0.675103632653062,1.17081687559204e-11,0.918367346938776,6,"sex=Female;sex=Male;location=Left;location=Right;age_stratum=age_lower;age_stratum=age_upper",1,-0.731366944093231,-0.563875303685531,"False",5.09827338145424,4.41906897711631,3.49737217060821,-0.679204404337938,-0.921696806508102,"monotonic_down","True","False","True","True","True","True","True","True","True","True","True",0.793683877961901,"Tier 2 - provisional",-0.159991370311204,0.258776409315312,FALSE
"ALDH1A1",-0.648332410036157,6.85726256213562e-08,-0.701416638609821,7.46910734172193e-08,-0.67137690359718,2.31818847471422e-07,-0.696872296607323,9.53282453639348e-08,-0.648295102040814,2.00413542137046e-10,0.846938775510204,6,"sex=Female;sex=Male;location=Left;location=Right;age_stratum=age_lower;age_stratum=age_upper",1,-0.848036855475513,-0.564448936239454,"False",9.25482274393878,8.60649033390263,7.17326455043957,-0.648332410036154,-1.43322578346306,"monotonic_down","True","False","True","True","True","True","True","True","True","True","True",0.793426237109913,"Tier 2 - provisional",-1.26509513714774,1.66221648756682e-18,TRUE
"SVOPL",-0.777444921626646,6.32098132446807e-07,-0.840340630830456,7.31317041180757e-07,-0.741752689623525,1.85376929925621e-06,-0.836900100691525,8.81663747873696e-07,-0.777564897959182,4.24646965582708e-06,0.826530612244898,6,"sex=Female;sex=Male;location=Left;location=Right;age_stratum=age_lower;age_stratum=age_upper",1,-1.0269892184388,-0.624969098061721,"False",3.75471315693297,2.97726823530633,2.257868858929,-0.777444921626643,-0.719399376377329,"monotonic_down","True","False","True","True","True","True","True","True","True","True","True",0.793356520426514,"Tier 2 - provisional",-0.536880575946391,0.012336437259036,TRUE
"RIOK3",-0.578510335901382,2.88846220155966e-10,-0.550443914786046,2.49332417144691e-08,-0.547755407443734,4.11364501672816e-08,-0.55974245673956,1.06655471792453e-08,-0.57644930612245,3.0713604332306e-13,0.897959183673469,6,"sex=Female;sex=Male;location=Left;location=Right;age_stratum=age_lower;age_stratum=age_upper",1,-0.606661688838294,-0.533642452988618,"False",9.30057168949392,8.72206135359254,6.93368877170064,-0.578510335901379,-1.7883725818919,"monotonic_down","True","False","True","True","True","True","True","True","True","True","True",0.793334600528759,"Tier 2 - provisional",-0.27027814447692,0.0197451667011795,FALSE
"SAA1",1.03061380498168,9.56110975370397e-07,1.00883933523551,8.90986173725418e-06,1.06042808711537,3.02171721067744e-06,1.01293865190394,8.81593703643164e-06,1.03228902040816,2.86731932591608e-10,0.795918367346939,6,"sex=Female;sex=Male;location=Left;location=Right;age_stratum=age_lower;age_stratum=age_upper",1,0.776076518308846,1.36028853079798,"False",2.63353726198412,3.6641510669658,4.18202532390884,1.03061380498168,0.517874256943041,"monotonic_up","True","True","True","True","True","True","True","True","True","False","True",0.793263498104019,"Tier 2 - provisional",0.70009679932244,0.0169979600408568,TRUE
"UBE2L6",0.762487885539532,8.20364872391358e-08,0.735508015928778,1.81526017271257e-06,0.795499601163537,1.25951570151072e-07,0.739250361966168,1.74087643377731e-06,0.761619551020408,1.06030965772679e-07,0.897959183673469,6,"sex=Female;sex=Male;location=Left;location=Right;age_stratum=age_lower;age_stratum=age_upper",1,0.566642586751858,1.07680601109583,"False",8.12859588529709,8.89108377083662,9.10850456511642,0.762487885539526,0.217420794279803,"monotonic_up","True","False","True","True","True","True","True","True","True","True","True",0.793252321096687,"Tier 2 - provisional",0.942771075905624,1.6539669949035e-07,TRUE
"FRK",-0.633187918945618,1.00548990872551e-09,-0.592288796253664,1.07503071016591e-07,-0.569707814576507,3.13162392446732e-07,-0.591116297540297,1.26439790148115e-07,-0.633194,8.83412596006364e-13,0.908163265306122,6,"sex=Female;sex=Male;location=Left;location=Right;age_stratum=age_lower;age_stratum=age_upper",1,-0.76108176767236,-0.44881254794388,"False",5.68799939981627,5.05481148087065,4.42789382579204,-0.633187918945617,-0.62691765507861,"monotonic_down","True","False","True","True","True","True","True","True","True","True","True",0.793248088555966,"Tier 2 - provisional",-0.16889749503023,0.210684287682095,FALSE
"NQO2",0.7214110696548,1.64679722004265e-07,0.755844133416588,4.4617533084262e-07,0.64275421673609,4.03314934852867e-07,0.759797089280036,4.22475970689517e-07,0.722281265306122,2.76032140263127e-07,0.857142857142857,6,"sex=Female;sex=Male;location=Left;location=Right;age_stratum=age_lower;age_stratum=age_upper",1,0.518762087261858,0.826052708761084,"False",5.76817286055797,6.48958393021277,7.40729079914568,0.721411069654796,0.917706868932908,"monotonic_up","True","False","True","True","True","True","True","True","True","True","True",0.79322709230481,"Tier 2 - provisional",0.194647386604967,0.311146308149673,FALSE
"CEBPA",-0.552173801774219,2.62523815179325e-09,-0.52169572578145,1.83677942879741e-07,-0.483765323648178,6.24862183509648e-07,-0.523347875880517,1.86406242583863e-07,-0.552496489795917,1.23376440405308e-13,0.948979591836735,6,"sex=Female;sex=Male;location=Left;location=Right;age_stratum=age_lower;age_stratum=age_upper",1,-0.621441173997988,-0.397368783995244,"False",9.55247151764172,9.00029771586751,8.84306620506434,-0.552173801774218,-0.15723151080317,"monotonic_down","True","False","False","True","True","True","True","True","True","True","True",0.792374943483788,"Tier 2 - provisional",-0.061778633637946,0.635544643208912,FALSE
"PRR15L",-0.719838449378671,1.03124182347522e-07,-0.664072238386743,5.27575513822516e-06,-0.648247652244365,1.04202824083864e-05,-0.664348085489254,5.6995951381588e-06,-0.719073469387755,2.25802310962722e-11,0.948979591836735,6,"sex=Female;sex=Male;location=Left;location=Right;age_stratum=age_lower;age_stratum=age_upper",1,-0.789432105480339,-0.539918386209521,"False",9.65895919332204,8.93912074394337,8.53799221409846,-0.719838449378672,-0.401128529844904,"monotonic_down","True","False","True","True","True","True","True","True","True","True","True",0.792128782785841,"Tier 2 - provisional",-0.0316812208587904,0.889118825941484,FALSE
"ZBTB20",1.14124292647905,6.94319593261612e-25,1.10984132802642,2.66205363789646e-21,1.12527208936697,1.69072207321068e-21,1.11667176843528,1.55601152453603e-21,1.14135891836735,2.07642976892162e-31,0.989795918367347,6,"sex=Female;sex=Male;location=Left;location=Right;age_stratum=age_lower;age_stratum=age_upper",1,1.10409614372329,1.20781321680776,"False",5.99064101001482,7.13188393649387,6.58221573175006,1.14124292647905,-0.549668204743812,"adjacent_specific","True","True","True","True","True","True","True","True","True","True","True",0.792102368911508,"Tier 2 - provisional",0.846167536486802,2.30068959634301e-11,TRUE
"CEBPD",1.11631302616756,1.24029793534326e-25,1.08883501461607,3.88044265752809e-22,1.09367762914337,6.65305816136759e-22,1.09689141473213,1.56746696155575e-22,1.11425257142857,5.00058206814612e-33,1,6,"sex=Female;sex=Male;location=Left;location=Right;age_stratum=age_lower;age_stratum=age_upper",1,0.899406628711719,1.22232586192195,"False",7.87688926253667,8.99320228870423,8.57560290233515,1.11631302616756,-0.417599386369076,"non_monotonic","True","True","True","True","True","True","True","True","True","True","True",0.792059643901148,"Tier 2 - provisional",0.680443987215296,1.12322025813347e-10,TRUE
"ADH1C",-0.733959726681294,7.97358210482296e-07,-0.720708920196449,8.14295991459071e-06,-0.651124522619714,2.74897874426009e-05,-0.718870799963472,9.26131035852382e-06,-0.733235857142859,1.8137795466992e-09,0.928571428571429,6,"sex=Female;sex=Male;location=Left;location=Right;age_stratum=age_lower;age_stratum=age_upper",1,-0.990111085270859,-0.538090816835432,"False",11.6034907784442,10.8695310517629,5.74943752467701,-0.733959726681293,-5.12009352708592,"monotonic_down","True","False","True","True","True","True","True","True","True","True","True",0.791912396260712,"Tier 2 - provisional",-0.222340290291596,0.309947900839506,FALSE
"TMEM61",-0.629947927483925,1.41465323836786e-08,-0.659433028773254,4.7707223696994e-08,-0.699712226694754,4.50590505806786e-09,-0.657649604239193,5.78704314081211e-08,-0.629905387755102,6.43420887064419e-09,0.846938775510204,6,"sex=Female;sex=Male;location=Left;location=Right;age_stratum=age_lower;age_stratum=age_upper",1,-0.725968030392468,-0.506386172598711,"False",4.8589841998304,4.22903627234648,3.399070258803,-0.629947927483924,-0.829966013543483,"monotonic_down","True","False","True","True","True","True","True","True","True","True","True",0.791818011815985,"Tier 2 - provisional",-0.499509237717439,0.000817300783952149,FALSE
"NEXN",2.1743371006628,7.50283356485501e-15,2.04392999078176,5.88329053159894e-12,2.00088884830573,1.83834479911658e-11,2.06344653265479,3.39334000557266e-12,2.17466816326531,4.05751130219517e-21,0.979591836734694,6,"sex=Female;sex=Male;location=Left;location=Right;age_stratum=age_lower;age_stratum=age_upper",1,1.95458170774593,2.33384965684077,"False",3.86074425274037,6.03508135340317,4.63826387876145,2.1743371006628,-1.39681747464172,"adjacent_specific","True","True","True","True","True","True","True","True","True","True","True",0.791587260280209,"Tier 2 - provisional",0.412549016717543,0.118871820913329,FALSE
"CLEC14A",1.12081100479421,2.90598299713471e-25,1.08206720537746,1.2847401346638e-21,1.08563982620813,2.42487010921696e-21,1.09229176042028,2.77299620476219e-22,1.12402302040816,1.97003560875016e-30,1,6,"sex=Female;sex=Male;location=Left;location=Right;age_stratum=age_lower;age_stratum=age_upper",1,1.08153110359621,1.14923638601182,"False",3.9146640246561,5.03547502945031,4.38658849941036,1.12081100479421,-0.64888653003995,"adjacent_specific","True","True","True","True","True","True","True","True","True","True","True",0.791576228955533,"Tier 2 - provisional",0.594483853276463,1.03607666823842e-09,TRUE
"CXCL1",0.73971200576492,2.79077007385248e-07,0.738771647993875,2.4098000595945e-06,0.696479751806922,7.31424938012177e-06,0.751786056808826,1.35379377165664e-06,0.741301448979592,2.61153182926914e-08,0.887755102040816,6,"sex=Female;sex=Male;location=Left;location=Right;age_stratum=age_lower;age_stratum=age_upper",1,0.612468713925606,0.804246288441049,"False",5.58750277323477,6.32721477899969,8.9221423109755,0.739712005764916,2.59492753197581,"monotonic_up","True","False","True","True","True","True","True","True","True","True","True",0.791148839356939,"Tier 2 - provisional",0.729788115040588,0.000151634564303915,TRUE
"ZFPM2",1.27692301662614,7.4974435743554e-24,1.2066119708593,8.0455084762445e-20,1.20505208056896,2.02218478508199e-19,1.21905991253214,1.68376280469957e-20,1.27898816326531,1.28339970874403e-31,0.979591836734694,6,"sex=Female;sex=Male;location=Left;location=Right;age_stratum=age_lower;age_stratum=age_upper",1,1.21660831260974,1.31153104411422,"False",2.81662222280934,4.09354523943548,3.04601874405416,1.27692301662614,-1.04752649538132,"adjacent_specific","True","True","True","True","True","True","True","True","True","True","True",0.791088592475481,"Tier 2 - provisional",0.597529754133377,3.6351051557213e-08,TRUE
"CDKN2B",-0.777311963700037,5.63708264424919e-09,-0.716501225358997,5.83171831906323e-07,-0.693821036805263,1.44441126941084e-06,-0.725343013487004,4.03033206334775e-07,-0.778034326530615,3.11417305042359e-12,0.86734693877551,6,"sex=Female;sex=Male;location=Left;location=Right;age_stratum=age_lower;age_stratum=age_upper",1,-0.850065403424253,-0.635087037554523,"False",8.65044385062908,7.87313188692904,4.4309187489198,-0.777311963700035,-3.44221313800924,"monotonic_down","True","False","True","True","True","True","True","True","True","True","True",0.791043960645522,"Tier 2 - provisional",-0.10239954530128,0.582663081620207,FALSE
"ZFP36",1.13367516393632,7.42169610381698e-30,1.06227046447848,3.74196620137267e-25,1.0742279784019,3.22827413321169e-25,1.06052319072477,5.96530676558217e-25,1.13196714285714,2.61152269792739e-38,1,6,"sex=Female;sex=Male;location=Left;location=Right;age_stratum=age_lower;age_stratum=age_upper",1,0.998899710853026,1.29050814501671,"False",9.45253071474436,10.5862058786807,9.98157542378555,1.13367516393632,-0.604630454895123,"adjacent_specific","True","True","True","True","True","True","True","True","True","True","True",0.790162176034177,"Tier 2 - provisional",0.875545307879481,8.18044823062028e-15,TRUE
"EFHD1",1.09356721015302,1.08961890136304e-34,1.06103245474534,3.03923321722707e-30,1.06722263975079,5.21479778367659e-30,1.06940366568519,3.77189650093417e-31,1.09192314285714,1.51077388068475e-43,1,6,"sex=Female;sex=Male;location=Left;location=Right;age_stratum=age_lower;age_stratum=age_upper",1,1.04351482341144,1.13236969347685,"False",2.54128809889605,3.63485530904908,3.0077105351378,1.09356721015302,-0.627144773911276,"adjacent_specific","True","True","True","True","True","True","True","True","True","True","True",0.790073746767524,"Tier 2 - provisional",0.697254428263974,8.03412814802185e-19,TRUE
"TMEM171",-0.81520849624351,7.9141975470913e-07,-0.757785074536185,2.23528214662765e-05,-0.706573408072904,6.55093627344019e-05,-0.763560864436337,2.0186123078903e-05,-0.815695755102041,1.28237192666483e-09,0.918367346938776,6,"sex=Female;sex=Male;location=Left;location=Right;age_stratum=age_lower;age_stratum=age_upper",1,-0.91056058586555,-0.631197059527175,"False",9.84056630815427,9.02535781191077,6.12692454695746,-0.815208496243507,-2.89843326495331,"monotonic_down","True","False","True","True","True","True","True","True","True","True","True",0.789970466676786,"Tier 2 - provisional",0.0176649771075415,0.952719832946397,FALSE
"OLFML3",1.49217877866965,2.18519971602343e-20,1.4588092259222,1.50193896746913e-17,1.43343359308708,5.64937784910335e-17,1.47898737647425,1.61799934507982e-18,1.48602808163265,1.63299875653853e-26,0.959183673469388,6,"sex=Female;sex=Male;location=Left;location=Right;age_stratum=age_lower;age_stratum=age_upper",1,1.38576426025305,1.54739879836162,"False",5.94036055313062,7.43253933180026,6.62401606832682,1.49217877866964,-0.808523263473443,"adjacent_specific","True","True","True","True","True","True","True","True","True","True","True",0.789965096024987,"Tier 2 - provisional",0.605071398333981,1.03439315714715e-06,TRUE
"FBN1",1.42288991462972,1.69003480804222e-20,1.38905193016527,1.35073678838352e-17,1.37834002775651,3.98768430430503e-17,1.40066173946231,6.08134354105603e-18,1.42895681632653,3.92415208069619e-28,0.989795918367347,6,"sex=Female;sex=Male;location=Left;location=Right;age_stratum=age_lower;age_stratum=age_upper",1,1.21366923698535,1.50455783670179,"False",2.84370602582715,4.26659594045687,3.93117593378424,1.42288991462972,-0.335420006672632,"non_monotonic","True","True","True","True","True","True","True","True","True","True","True",0.78968476386158,"Tier 2 - provisional",0.619653845799767,7.18877910460291e-06,TRUE
"TMEM170A",-0.562925739522399,1.07270221526095e-09,-0.544473350170983,4.76654221277277e-08,-0.499002646101189,1.48847765963527e-07,-0.547051818888283,4.55342303860111e-08,-0.560982653061224,5.93717189856014e-12,0.887755102040816,6,"sex=Female;sex=Male;location=Left;location=Right;age_stratum=age_lower;age_stratum=age_upper",1,-0.602620213990552,-0.422424779622828,"False",6.78016974996583,6.21724401044344,5.89360101393854,-0.562925739522396,-0.323642996504895,"monotonic_down","True","False","False","True","True","True","True","True","True","True","True",0.789440229278671,"Tier 2 - provisional",-0.126979611760322,0.287796752054556,FALSE
"ACAA2",-0.59104876102868,1.13162819378265e-08,-0.584241995346567,2.00344600637146e-07,-0.528741801531377,5.9670648760708e-07,-0.591396097454815,1.33483944872406e-07,-0.592830734693877,3.69546546164112e-10,0.897959183673469,6,"sex=Female;sex=Male;location=Left;location=Right;age_stratum=age_lower;age_stratum=age_upper",1,-0.704871856106861,-0.447923563482112,"False",9.9055066806562,9.31445791962753,7.88876099107576,-0.591048761028674,-1.42569692855177,"monotonic_down","True","False","True","True","True","True","True","True","True","True","True",0.78928447131721,"Tier 2 - provisional",-0.186889639932159,0.181426750693273,FALSE
"PHLDA3",0.830937414611237,1.83816037468669e-07,0.746478114229263,1.36083369252679e-05,0.725547582971597,2.74897874426009e-05,0.756594352507039,1.00632313238092e-05,0.821340040816326,4.47927322010894e-11,0.908163265306122,6,"sex=Female;sex=Male;location=Left;location=Right;age_stratum=age_lower;age_stratum=age_upper",1,0.655537801028014,0.975649079220266,"False",4.21545556692056,5.04639298153179,5.26106752861946,0.830937414611232,0.214674547087669,"monotonic_up","True","False","True","True","True","True","True","True","True","True","True",0.789244581393525,"Tier 2 - provisional",-0.168013938684179,0.361672677044885,FALSE
"PLEKHO2",0.688572031639276,2.49762903769919e-09,0.645274506747449,2.10782467518931e-07,0.658549909897164,1.58348967209991e-07,0.661678158409948,5.03843296032766e-08,0.686193224489796,1.19569525662876e-11,0.86734693877551,6,"sex=Female;sex=Male;location=Left;location=Right;age_stratum=age_lower;age_stratum=age_upper",1,0.600272407973399,0.809420969966689,"False",4.57139722004598,5.25996925168525,5.16153883037435,0.688572031639273,-0.0984304213109084,"field_shift_then_plateau","True","False","True","True","True","True","True","True","True","True","True",0.789113209705167,"Tier 2 - provisional",0.13071141804194,0.246759455292682,FALSE
"CWH43",-0.722492478964801,1.53715476949758e-07,-0.670533706179281,6.70415403849927e-06,-0.666962446844418,9.53980876327667e-06,-0.672880672582403,6.70806259918447e-06,-0.724314448979593,7.61962930405168e-10,0.928571428571429,6,"sex=Female;sex=Male;location=Left;location=Right;age_stratum=age_lower;age_stratum=age_upper",1,-0.787036411243239,-0.599378943432486,"False",7.44801186399826,6.72551938503346,2.87964418697025,-0.722492478964798,-3.8458751980632,"monotonic_down","True","False","True","True","True","True","True","True","True","True","True",0.788931583206319,"Tier 2 - provisional",-0.184717051784975,0.362964481271246,FALSE
"PAM",0.595511262451446,2.09851761553036e-08,0.620372033222132,8.03336477322935e-08,0.580029771179561,2.77611889491555e-07,0.629994333210092,4.13583171901278e-08,0.592429387755102,3.60617995490068e-10,0.857142857142857,6,"sex=Female;sex=Male;location=Left;location=Right;age_stratum=age_lower;age_stratum=age_upper",1,0.463320325144124,0.671011603430124,"False",4.87684635925143,5.47235762170287,5.68305335352332,0.595511262451444,0.210695731820448,"monotonic_up","True","False","True","True","True","True","True","True","True","True","True",0.788869142768121,"Tier 2 - provisional",0.0049578384584847,0.97592294716859,FALSE
"MMRN1",1.40331525772151,7.22356711013723e-20,1.4247906929345,7.1692204449805e-18,1.37869962949417,2.42335588707788e-17,1.43586430057895,3.50035076555282e-18,1.40097316326531,3.57688934075844e-27,0.948979591836735,6,"sex=Female;sex=Male;location=Left;location=Right;age_stratum=age_lower;age_stratum=age_upper",1,1.22726252174362,1.47578275586514,"False",2.70321900764987,4.10653426537138,2.53854948962292,1.40331525772151,-1.56798477574846,"adjacent_specific","True","True","True","True","True","True","True","True","True","True","True",0.788371620224649,"Tier 2 - provisional",0.734143197375057,2.93502459834957e-07,TRUE
"LYPLA1",-1.04059931240979,3.02059426285988e-31,-1.03640117461564,9.01709488919905e-28,-1.04354467713227,1.28022984882628e-27,-1.03154407573397,1.20534971410605e-27,-1.04193657142857,1.50186668832375e-32,1,6,"sex=Female;sex=Male;location=Left;location=Right;age_stratum=age_lower;age_stratum=age_upper",1,-1.09843064362646,-1.01037705727287,"False",7.86732564113297,6.82672632872319,7.48416022382245,-1.04059931240978,0.657433895099265,"adjacent_specific","True","True","True","True","True","True","True","True","True","True","True",0.788314369615403,"Tier 2 - provisional",-1.07980027095541,9.02669152195874e-22,TRUE
"UGDH",-0.624967598479666,1.26885733418167e-09,-0.577992283624029,1.6784044817156e-07,-0.534795630690999,5.69862195693498e-07,-0.582491132055919,1.40979273035449e-07,-0.62440479591837,5.29087359371034e-10,0.887755102040816,6,"sex=Female;sex=Male;location=Left;location=Right;age_stratum=age_lower;age_stratum=age_upper",1,-0.715191662998665,-0.533770972345556,"False",9.23107257805718,8.60610497957751,6.94732775217253,-0.624967598479669,-1.65877722740498,"monotonic_down","True","False","True","True","True","True","True","True","True","True","True",0.787929487475301,"Tier 2 - provisional",-0.245405733648032,0.0720606956640809,FALSE
"TMEM141",-0.519473318022612,3.04881074053252e-08,-0.504900025743577,5.76457211537052e-07,-0.499579269226734,9.8642204423618e-07,-0.501421437651792,7.18850386398477e-07,-0.519365632653061,2.25307741189418e-11,0.948979591836735,6,"sex=Female;sex=Male;location=Left;location=Right;age_stratum=age_lower;age_stratum=age_upper",1,-0.718772720462098,-0.391229675191434,"False",9.89564321673176,9.37616989870916,9.23754660600992,-0.519473318022607,-0.13862329269924,"field_shift_then_plateau","True","False","False","True","True","True","True","True","True","True","True",0.787627321553923,"Tier 2 - provisional",-0.160620390827789,0.213236444745341,FALSE
"CSRP2",1.10998491226273,1.73149286906947e-22,1.11250027739454,4.53881499704945e-20,1.1105656788957,1.17696762330212e-19,1.11765510934941,3.69798715643923e-20,1.11079765306122,6.78980017442671e-29,0.989795918367347,6,"sex=Female;sex=Male;location=Left;location=Right;age_stratum=age_lower;age_stratum=age_upper",1,1.03088395174809,1.202895465816,"False",4.19118876930845,5.30117368157118,4.99451336970069,1.10998491226273,-0.306660311870493,"non_monotonic","True","True","True","True","True","True","True","True","True","True","True",0.787599847572238,"Tier 2 - provisional",0.522709784219611,2.02694085718746e-08,TRUE
"CMTM3",0.565311023785972,8.08922306747673e-10,0.533536516516604,6.87422078519267e-08,0.533326105193898,9.81281505871988e-08,0.54520380074588,1.99649889203774e-08,0.564691285714285,8.35307330488773e-12,0.887755102040816,6,"sex=Female;sex=Male;location=Left;location=Right;age_stratum=age_lower;age_stratum=age_upper",1,0.520740084053947,0.574824264432766,"False",5.19232699517483,5.7576380189608,6.12030915941976,0.565311023785973,0.362671140458959,"monotonic_up","True","False","True","True","True","True","True","True","True","True","True",0.787523169495372,"Tier 2 - provisional",0.17081249049507,0.0187672918480212,FALSE
"PDP1",0.67245771499801,3.74783710843494e-07,0.743908902504065,2.07804179107187e-07,0.66755261868205,5.63851541297056e-07,0.741000919382435,2.51121527419823e-07,0.675045142857143,2.30198503819855e-07,0.806122448979592,6,"sex=Female;sex=Male;location=Left;location=Right;age_stratum=age_lower;age_stratum=age_upper",1,0.391512005798162,0.78199262449119,"False",4.39676606494518,5.06922377994319,6.03186842645299,0.67245771499801,0.962644646509799,"monotonic_up","True","False","True","True","True","True","True","True","True","True","True",0.787456312337974,"Tier 2 - provisional",0.52590741651259,0.00329488657825643,TRUE
"FOXF1",1.40801517840305,3.24755222758361e-20,1.38694646723629,1.67253666895908e-17,1.38472285439181,3.80680069839977e-17,1.3944013416788,1.28522260755577e-17,1.40941910204082,1.65412805377546e-27,0.979591836734694,6,"sex=Female;sex=Male;location=Left;location=Right;age_stratum=age_lower;age_stratum=age_upper",1,1.29586361828471,1.54271145067725,"False",6.41092436560971,7.81893954401276,6.72573995795918,1.40801517840305,-1.09319958605358,"adjacent_specific","True","True","True","True","True","True","True","True","True","True","True",0.787413755421225,"Tier 2 - provisional",0.62029059617123,7.45860106072981e-06,TRUE
"CHST11",0.561712427772876,2.93843715922622e-09,0.54539722353793,9.66052752303202e-08,0.56095028015594,5.19240338488832e-08,0.554760099072363,4.41474133638018e-08,0.560533387755103,1.66393894758086e-09,0.887755102040816,6,"sex=Female;sex=Male;location=Left;location=Right;age_stratum=age_lower;age_stratum=age_upper",1,0.336851061100735,0.831535628596521,"False",3.51609624844305,4.07780867621593,4.26276839590221,0.561712427772876,0.18495971968628,"monotonic_up","True","False","True","True","True","True","True","True","True","True","True",0.787314810243116,"Tier 2 - provisional",0.322867044693915,0.000699303761469424,FALSE
"PCSK5",1.05676418802854,3.79976405870089e-31,1.02158045512822,7.50396675598899e-27,1.02595756856515,1.49738212965917e-26,1.02837449180411,2.72202633109341e-27,1.05798285714286,3.17191057674827e-29,1,6,"sex=Female;sex=Male;location=Left;location=Right;age_stratum=age_lower;age_stratum=age_upper",1,0.945162998794092,1.13780691959742,"False",5.13884550153985,6.19560968956839,5.10827597081117,1.05676418802854,-1.08733371875723,"adjacent_specific","True","True","True","True","True","True","True","True","True","True","True",0.787255746794873,"Tier 2 - provisional",0.755628409770846,6.96125441896516e-15,TRUE
"THSD7A",1.36621365292339,3.03498079832632e-21,1.32825098424476,4.58217893452754e-18,1.30963346043459,1.70191242582827e-17,1.34204027810152,1.19790766431929e-18,1.36548093877551,1.14837522312523e-28,0.979591836734694,6,"sex=Female;sex=Male;location=Left;location=Right;age_stratum=age_lower;age_stratum=age_upper",1,1.24599224157626,1.51088343939508,"False",2.68418977700764,4.05040342993102,3.27492765287156,1.36621365292338,-0.775475777059456,"adjacent_specific","True","True","True","True","True","True","True","True","True","True","True",0.787237675233684,"Tier 2 - provisional",0.662998644724282,1.87705941323481e-06,TRUE
"OTC",-0.840359032869826,1.6073950491452e-06,-0.82315308714865,1.55358703818639e-05,-0.756830612084672,4.97867482635409e-05,-0.824417693213783,1.62884111686247e-05,-0.842413632653061,2.79875039592682e-06,0.857142857142857,6,"sex=Female;sex=Male;location=Left;location=Right;age_stratum=age_lower;age_stratum=age_upper",1,-1.06501569335079,-0.538550123987847,"False",5.22882908759651,4.38847005472669,3.01550028905264,-0.840359032869823,-1.37296976567405,"monotonic_down","True","False","True","True","True","True","True","True","True","True","True",0.787021803036784,"Tier 2 - provisional",-0.598530328586545,0.014946121949131,TRUE
"RCAN2",1.08525906621413,2.67042725048007e-21,1.13175620195505,2.12741587082135e-20,1.11758028198643,8.53605935370431e-20,1.12837496106762,3.28506844274306e-20,1.08845232653061,1.34346167940267e-22,0.959183673469388,6,"sex=Female;sex=Male;location=Left;location=Right;age_stratum=age_lower;age_stratum=age_upper",1,1.0093209301161,1.15971346555752,"False",4.64266049807931,5.72791956429344,4.07000723354335,1.08525906621413,-1.65791233075009,"adjacent_specific","True","True","True","True","True","True","True","True","True","True","True",0.786952736386594,"Tier 2 - provisional",0.768761873914113,2.56922567456014e-10,TRUE
"FAM107A",1.04390325588548,1.29277079528815e-23,1.05720439650925,1.1377228365947e-21,1.04585445251283,4.49593614133293e-21,1.06602232411416,3.48022786243409e-22,1.04975232653061,1.18204236879065e-28,0.979591836734694,6,"sex=Female;sex=Male;location=Left;location=Right;age_stratum=age_lower;age_stratum=age_upper",1,0.91296754044852,1.09033002097773,"False",3.25593998488711,4.29984324077259,2.9976675939517,1.04390325588548,-1.3021756468209,"adjacent_specific","True","True","True","True","True","True","True","True","True","True","True",0.786884862141331,"Tier 2 - provisional",0.67677945029298,4.28773860156413e-10,TRUE
"LUM",0.750392430502033,5.81195113435852e-08,0.718757763893771,1.52740324065963e-06,0.695672245609202,3.61584370347278e-06,0.734765879217271,6.1336677304233e-07,0.749302857142858,3.08420987331971e-10,0.857142857142857,6,"sex=Female;sex=Male;location=Left;location=Right;age_stratum=age_lower;age_stratum=age_upper",1,0.583199526844373,0.812737311998973,"False",9.03823361994002,9.78862605044205,9.86384628315173,0.750392430502034,0.0752202327096789,"field_shift_then_plateau","True","False","True","True","True","True","True","True","True","True","True",0.78676057910067,"Tier 2 - provisional",0.012458718297045,0.955377457918118,FALSE
"APOL1",0.552798193499983,7.06107494371545e-08,0.533023547641036,1.65665685547026e-06,0.546542188317512,1.12953118940596e-06,0.539984919590867,1.15604875350873e-06,0.553616612244898,1.4741042673799e-07,0.948979591836735,6,"sex=Female;sex=Male;location=Left;location=Right;age_stratum=age_lower;age_stratum=age_upper",1,0.420843344927972,0.720660225906568,"False",4.8831123340113,5.43591052751128,5.70315689403666,0.552798193499982,0.267246366525383,"monotonic_up","True","False","True","True","True","True","True","True","True","True","True",0.786361391079572,"Tier 2 - provisional",0.538905143314902,4.00544288563414e-05,TRUE
"PRPH",1.67292880841676,1.55729505245521e-18,1.5813079820627,3.33735109778135e-15,1.5738235470899,7.71355489805173e-15,1.60105962100373,8.04404368624175e-16,1.67088669387755,1.9634600673807e-25,0.989795918367347,6,"sex=Female;sex=Male;location=Left;location=Right;age_stratum=age_lower;age_stratum=age_upper",1,1.54737761172702,1.74891092333188,"False",3.84600470569422,5.51893351411097,3.66319804620637,1.67292880841676,-1.8557354679046,"adjacent_specific","True","True","True","True","True","True","True","True","True","True","True",0.786325687785979,"Tier 2 - provisional",0.64886515270958,0.000330734493586259,TRUE
"ADAMTS5",1.32289789549394,5.60945381344402e-20,1.30317055111785,6.00819689722057e-18,1.33056183823057,1.96014973229418e-18,1.31156868972309,3.77651739376074e-18,1.32075285714286,8.77043871966692e-23,0.989795918367347,6,"sex=Female;sex=Male;location=Left;location=Right;age_stratum=age_lower;age_stratum=age_upper",1,1.14324119602583,1.41502365758479,"False",3.79903647508455,5.12193437057849,4.72295677222244,1.32289789549394,-0.39897759835605,"non_monotonic","True","True","True","True","True","True","True","True","True","True","True",0.786063426584598,"Tier 2 - provisional",0.808028501235907,1.57416243167659e-07,TRUE
"B3GNT6",-0.64880430242926,3.45716048540741e-08,-0.632458884724136,5.38235984686207e-07,-0.634366898776424,6.76516258422507e-07,-0.628018900442609,6.71862236040322e-07,-0.646877224489796,3.70999824218748e-08,0.86734693877551,6,"sex=Female;sex=Male;location=Left;location=Right;age_stratum=age_lower;age_stratum=age_upper",1,-0.920135165387496,-0.486408987754063,"False",6.389580472402,5.74077616997274,4.19313078576567,-0.648804302429261,-1.54764538420707,"monotonic_down","True","False","True","True","True","True","True","True","True","True","True",0.785289677806098,"Tier 2 - provisional",-0.383858798180406,0.0157168390521073,FALSE
"DUSP6",1.0109315133309,4.9226308650785e-26,1.01437143849817,2.90319259491615e-23,1.01087440994609,9.06797285990802e-23,1.01661460213745,3.46256559941056e-23,1.01114753061225,2.64387514127005e-24,0.989795918367347,6,"sex=Female;sex=Male;location=Left;location=Right;age_stratum=age_lower;age_stratum=age_upper",1,0.87839939943566,1.14257220399876,"False",7.99378312071256,9.00471463404346,8.63903310077493,1.0109315133309,-0.365681533268532,"non_monotonic","True","True","True","True","True","True","True","True","True","True","True",0.785283091088062,"Tier 2 - provisional",1.13115649807066,3.09447462495311e-20,TRUE
"LIMCH1",0.577643388551402,2.12287872718889e-08,0.547734377556648,8.59180761615751e-07,0.533941075876945,1.9004066938574e-06,0.556220077396483,5.10683963454664e-07,0.575625367346939,3.58875421636355e-12,0.918367346938776,6,"sex=Female;sex=Male;location=Left;location=Right;age_stratum=age_lower;age_stratum=age_upper",1,0.51852026359877,0.640374619839851,"False",2.8600490844093,3.43769247296071,3.30186689472066,0.577643388551402,-0.135825578240046,"field_shift_then_plateau","True","False","True","True","True","True","True","True","True","True","True",0.785075758360013,"Tier 2 - provisional",-0.00718523041541389,0.966162962582274,FALSE
"AMIGO2",0.95541784907193,6.34061147237393e-06,0.87219479494923,0.0001496377958195,0.844055519045104,0.0002777401296268,0.879707665908134,0.0001350045733499,0.956998653061225,3.47607330666469e-09,0.86734693877551,6,"sex=Female;sex=Male;location=Left;location=Right;age_stratum=age_lower;age_stratum=age_upper",1,0.747580655056967,1.10659324692714,"False",2.92857545929197,3.8839933083639,4.36286163597278,0.955417849071929,0.478868327608879,"monotonic_up","True","False","True","True","True","True","True","True","True","True","True",0.784956038733091,"Tier 2 - provisional",-0.357713753113241,0.117132790662166,FALSE
"IFITM3",0.755192146817115,5.91455872458026e-08,0.713220745033255,1.78400550460072e-06,0.710905227762376,2.53823715479906e-06,0.727130568900962,8.75524843529628e-07,0.754749428571429,9.96611577000584e-09,0.846938775510204,6,"sex=Female;sex=Male;location=Left;location=Right;age_stratum=age_lower;age_stratum=age_upper",1,0.587506074879055,0.927826313159851,"False",8.41464776240384,9.16983990922095,10.6294866880777,0.755192146817112,1.45964677885679,"monotonic_up","True","False","True","True","True","True","True","True","True","True","True",0.784425619789045,"Tier 2 - provisional",0.0858030965210818,0.667088077501577,FALSE
"C16orf89",1.18366867606932,8.63920409141017e-22,1.19102372194763,1.97144273596982e-19,1.19719396876683,3.04583588844479e-19,1.20179093049092,6.26827425196398e-20,1.18952906122449,1.58775283700965e-27,0.959183673469388,6,"sex=Female;sex=Male;location=Left;location=Right;age_stratum=age_lower;age_stratum=age_upper",1,1.07949951900558,1.30690412603908,"False",4.19829320343263,5.38196187950195,3.48306690152661,1.18366867606932,-1.89889497797534,"adjacent_specific","True","True","True","True","True","True","True","True","True","True","True",0.784279475158004,"Tier 2 - provisional",0.823298378660154,5.98656726240148e-10,TRUE
"SPTBN1",0.976204285201545,1.20156796667944e-33,0.998033800902051,3.35868550394823e-31,0.983274905288916,1.47331229798637e-30,1.00115250035695,2.9155007895769e-31,0.987380163265306,1.59123100192014e-26,0.989795918367347,6,"sex=Female;sex=Male;location=Left;location=Right;age_stratum=age_lower;age_stratum=age_upper",1,0.945295224444976,1.01124017241454,"False",4.97172452846922,5.94792881367077,5.77173581400283,0.976204285201547,-0.17619299966794,"non_monotonic","True","False","True","True","True","True","True","True","True","True","True",0.784116116974053,"Tier 2 - provisional",1.00647106148129,6.45195027490094e-24,TRUE
"PDE8A",-0.56624592519175,1.59563055192313e-09,-0.510051723589318,3.142273001898e-07,-0.469304501890323,1.06303130268909e-06,-0.512436058561634,3.02121653254687e-07,-0.565748244897959,3.73394723925943e-11,0.908163265306122,6,"sex=Female;sex=Male;location=Left;location=Right;age_stratum=age_lower;age_stratum=age_upper",1,-0.617116300562912,-0.501248654391012,"False",7.21075957087033,6.64451364567859,5.30655332486605,-0.566245925191748,-1.33796032081253,"monotonic_down","True","False","False","True","True","True","True","True","True","True","True",0.78404670448571,"Tier 2 - provisional",-0.129279609890564,0.306437408726818,FALSE
"PROX1",0.577988479193545,2.13079942146079e-08,0.562696046917511,4.31999312912676e-07,0.531438068727248,1.39098961696505e-06,0.572152642671696,2.26862363744728e-07,0.58004587755102,2.50367915181906e-08,0.887755102040816,6,"sex=Female;sex=Male;location=Left;location=Right;age_stratum=age_lower;age_stratum=age_upper",1,0.484070833548444,0.607913569757351,"False",4.2971403692001,4.87512884839365,6.65977983782913,0.577988479193544,1.78465098943548,"monotonic_up","True","False","True","True","True","True","True","True","True","True","True",0.783904138956527,"Tier 2 - provisional",0.533859817601147,0.000134015684181529,TRUE
"AGT",0.545559239136117,1.34107375552266e-10,0.517114688206034,1.49915596997874e-08,0.519790928894646,1.85862764649133e-08,0.518335455628223,1.58599847570795e-08,0.542986367346939,1.32762813007924e-13,0.836734693877551,6,"sex=Female;sex=Male;location=Left;location=Right;age_stratum=age_lower;age_stratum=age_upper",1,0.374209606482588,0.627688367190688,"False",3.10406057310944,3.64961981224556,5.47043075449105,0.545559239136117,1.82081094224549,"monotonic_up","True","False","True","True","True","True","True","True","True","True","True",0.783785671007531,"Tier 2 - provisional",0.525643833956759,3.30695779700287e-06,TRUE
"APPL2",-0.700536683398052,1.17788851930795e-08,-0.641706202505397,1.12584121239046e-06,-0.611575814449214,3.24379458184234e-06,-0.641838633225226,1.24099532843791e-06,-0.700184000000001,3.72522768537484e-12,0.86734693877551,6,"sex=Female;sex=Male;location=Left;location=Right;age_stratum=age_lower;age_stratum=age_upper",1,-0.827175467567105,-0.572961177550522,"False",8.09710763681012,7.39657095341206,5.44775193492895,-0.700536683398052,-1.94881901848312,"monotonic_down","True","False","True","True","True","True","True","True","True","True","True",0.78366088327303,"Tier 2 - provisional",-0.111280051016869,0.517662285751747,FALSE
"GPR155",0.650185890935579,1.01364513515762e-07,0.57990920043931,9.76830930654471e-06,0.577358304731865,1.35797548904777e-05,0.585077995094623,8.40864812075661e-06,0.65053793877551,1.2820358424239e-11,0.938775510204082,6,"sex=Female;sex=Male;location=Left;location=Right;age_stratum=age_lower;age_stratum=age_upper",1,0.516347281360947,0.739870771778918,"False",3.26645520772663,3.91664109866221,3.92422043622582,0.650185890935577,0.0075793375636146,"field_shift_then_plateau","True","False","True","True","True","True","True","True","True","True","True",0.782748448612109,"Tier 2 - provisional",-0.0244400325679528,0.900963269423212,FALSE
"IL1B",0.780468184937177,2.11625431488894e-07,0.765612113601598,2.53283424103857e-06,0.751076714493659,4.80861853494128e-06,0.767071233375522,2.65915311343413e-06,0.776467959183674,3.61345084846872e-10,0.816326530612245,6,"sex=Female;sex=Male;location=Left;location=Right;age_stratum=age_lower;age_stratum=age_upper",1,0.664377019497143,0.85922444693448,"False",3.28945116334147,4.06991934827865,5.258376811579,0.780468184937179,1.18845746330036,"monotonic_up","True","False","True","True","True","True","True","True","True","True","True",0.782707464139539,"Tier 2 - provisional",0.749089796426102,0.000256733637181137,TRUE
"KCNH2",0.805521023060241,1.57915347342436e-06,0.723293714104448,6.69014047608897e-05,0.702148485433586,0.0001262164132399,0.733815271771153,5.09922132808878e-05,0.801515265306123,6.85907393343517e-10,0.908163265306122,6,"sex=Female;sex=Male;location=Left;location=Right;age_stratum=age_lower;age_stratum=age_upper",1,0.623250080566792,0.944336566926609,"False",3.8984432249362,4.70396424799644,5.02017157252916,0.805521023060241,0.31620732453272,"monotonic_up","True","False","True","True","True","True","True","True","True","True","True",0.782648337215813,"Tier 2 - provisional",-0.232885481890214,0.218960139341101,FALSE
"GPR161",0.545896042657818,1.17618025060294e-07,0.564790108477004,4.80398734748316e-07,0.49111477161353,8.50305547452295e-07,0.573131376639761,2.88013382875134e-07,0.542329673469387,3.38444406828822e-10,0.877551020408163,6,"sex=Female;sex=Male;location=Left;location=Right;age_stratum=age_lower;age_stratum=age_upper",1,0.232924814232629,0.691468443479132,"False",3.11854099634901,3.66443703900683,3.61389596389156,0.545896042657819,-0.050541075115269,"field_shift_then_plateau","True","False","False","True","True","True","True","True","True","True","True",0.782266568843038,"Tier 2 - provisional",0.23016025692759,0.104952065932452,FALSE
"HSD17B2",-0.841481136948756,1.67937448452019e-06,-0.758052311021369,6.67589346574637e-05,-0.682000603653435,0.0002187479536433,-0.766768682990213,5.55721437726203e-05,-0.843183795918367,1.89177708532005e-09,0.887755102040816,6,"sex=Female;sex=Male;location=Left;location=Right;age_stratum=age_lower;age_stratum=age_upper",1,-1.04418719634519,-0.620197365511402,"False",10.6927702491807,9.85128911223196,5.52642321501225,-0.841481136948753,-4.32486589721971,"monotonic_down","True","False","True","True","True","True","True","True","True","True","True",0.782222255381867,"Tier 2 - provisional",0.0490324380572445,0.867265701541572,FALSE
"EHBP1",0.532017735586953,2.90309355844945e-08,0.515953554942744,6.98050582332082e-07,0.519476876022937,7.95063671354623e-07,0.522607706840944,4.74383380712946e-07,0.532009510204082,5.04082581941363e-12,0.908163265306122,6,"sex=Female;sex=Male;location=Left;location=Right;age_stratum=age_lower;age_stratum=age_upper",1,0.401816546743626,0.61249798280822,"False",4.17620588521425,4.7082236208012,4.72571204479384,0.532017735586951,0.0174884239926393,"field_shift_then_plateau","True","False","True","True","True","True","True","True","True","True","True",0.781992242584436,"Tier 2 - provisional",0.0250094528877155,0.868564037295491,FALSE
"WWTR1",1.80568850594724,1.43308644735287e-16,1.71739561016201,1.22814792930931e-13,1.70360446738661,3.08752749680588e-13,1.73591383243438,5.13618562338978e-14,1.80537126530612,8.75309469488258e-23,0.969387755102041,6,"sex=Female;sex=Male;location=Left;location=Right;age_stratum=age_lower;age_stratum=age_upper",1,1.6430324921208,1.94896668190921,"False",4.51789372334073,6.32358222928796,5.4981252148597,1.80568850594723,-0.825457014428265,"adjacent_specific","True","True","True","True","True","True","True","True","True","True","True",0.781946146595192,"Tier 2 - provisional",0.416394978312199,0.0232480086546448,FALSE
"SSPN",1.318001177952,4.00829172610424e-21,1.28115334786766,5.95475688488962e-18,1.24612943501321,2.26082431890353e-17,1.29360646044224,1.89244635185064e-18,1.32018351020408,4.95823341256363e-25,0.969387755102041,6,"sex=Female;sex=Male;location=Left;location=Right;age_stratum=age_lower;age_stratum=age_upper",1,1.23591759596073,1.39562955190983,"False",5.35444005695829,6.67244123491029,5.08495374561054,1.318001177952,-1.58748748929976,"adjacent_specific","True","True","True","True","True","True","True","True","True","True","True",0.781603032467827,"Tier 2 - provisional",0.732596220505305,5.36866473959295e-07,TRUE
"NFIA",0.600505046228249,3.73510761519103e-09,0.558327099483688,3.48628260267918e-07,0.545175961321835,7.79389549829959e-07,0.572430800986222,9.22377365783471e-08,0.600969265306122,1.62641163298213e-12,0.86734693877551,6,"sex=Female;sex=Male;location=Left;location=Right;age_stratum=age_lower;age_stratum=age_upper",1,0.491932871607967,0.676025925755194,"False",6.69662792285313,7.29713296908138,7.19090691335628,0.600505046228251,-0.106226055725097,"field_shift_then_plateau","True","False","True","True","True","True","True","True","True","True","True",0.781341765583293,"Tier 2 - provisional",0.000390494504777648,0.997599944011821,FALSE
"IFIT1",2.14911630411356,7.62279034892689e-13,2.25548989811579,3.76188724423771e-12,2.30255673652751,2.0181697086294e-12,2.25934307110163,4.24196137150816e-12,2.14501583673469,7.3769537163228e-17,0.897959183673469,6,"sex=Female;sex=Male;location=Left;location=Right;age_stratum=age_lower;age_stratum=age_upper",1,1.63390703774467,2.79557750463318,"False",6.68039018175938,8.82950648587294,5.88083393464077,2.14911630411356,-2.94867255123217,"adjacent_specific","True","True","True","True","True","True","True","True","True","True","True",0.781312699280365,"Tier 2 - provisional",2.50841139807997,3.08698145511132e-10,TRUE
"EDN2",-0.848467516827214,1.64481175224828e-08,-0.768532794110378,1.68144862580016e-06,-0.711512694121731,5.63427928886275e-06,-0.769225162039284,1.8190141960151e-06,-0.852228489795919,3.43119032307188e-09,0.795918367346939,6,"sex=Female;sex=Male;location=Left;location=Right;age_stratum=age_lower;age_stratum=age_upper",1,-1.00358785271122,-0.558790721691915,"False",5.26576578453703,4.41729826770981,3.44898943466184,-0.848467516827213,-0.968308833047974,"monotonic_down","True","False","True","True","True","True","True","True","True","False","True",0.781271512038721,"Tier 2 - provisional",-0.315218732361484,0.120449579614858,FALSE
"RAB6B",-0.624010553726147,3.1076863384723e-07,-0.651222939783113,8.25087071398453e-07,-0.605384918649531,2.79207903903016e-06,-0.649060885544779,9.79824853771434e-07,-0.616234693877551,3.80411126947344e-06,0.836734693877551,6,"sex=Female;sex=Male;location=Left;location=Right;age_stratum=age_lower;age_stratum=age_upper",1,-0.843830306462299,-0.414950351605863,"False",4.09717629085167,3.47316573712553,3.00259672325442,-0.624010553726143,-0.470569013871111,"monotonic_down","True","False","True","True","True","True","True","True","True","True","True",0.780931596380988,"Tier 2 - provisional",-0.912977884943821,1.2985335108185e-08,TRUE
"HOOK3",0.5870517087381,1.5054068279478e-07,0.562704053388676,2.90524017899975e-06,0.551681577220753,5.52335774244279e-06,0.581591052752485,5.18695083891362e-07,0.58552387755102,1.87778674332349e-08,0.908163265306122,6,"sex=Female;sex=Male;location=Left;location=Right;age_stratum=age_lower;age_stratum=age_upper",1,0.4323048668101,0.807124354292652,"False",4.25255134186523,4.83960305060333,5.51059041109389,0.587051708738097,0.670987360490568,"monotonic_up","True","False","True","True","True","True","True","True","True","True","True",0.780908027130401,"Tier 2 - provisional",0.0848819016690024,0.607062404607815,FALSE
"SH3BGRL2",-0.54900611980451,6.56235298955582e-08,-0.523816593620374,1.93147244286272e-06,-0.498720331036999,5.44187205615709e-06,-0.530854516658557,1.32690541555966e-06,-0.54956193877551,1.21354581473665e-11,0.918367346938776,6,"sex=Female;sex=Male;location=Left;location=Right;age_stratum=age_lower;age_stratum=age_upper",1,-0.64635329326812,-0.455802702993331,"False",9.28736766478042,8.73836154497591,7.48472450988626,-0.549006119804508,-1.25363703508965,"monotonic_down","True","False","False","True","True","True","True","True","True","True","True",0.780854459705128,"Tier 2 - provisional",0.0543318993486651,0.672079350430215,FALSE
"MX1",2.12831828804656,1.77902711035992e-13,2.15821031253638,4.41088775428491e-12,2.23897959176123,6.72353938677344e-13,2.1688445514333,3.98021870082873e-12,2.12797506122449,1.04908379294358e-17,0.897959183673469,6,"sex=Female;sex=Male;location=Left;location=Right;age_stratum=age_lower;age_stratum=age_upper",1,1.73736472987057,2.55504684628331,"False",5.18606192597076,7.31438021401732,5.83818517968952,2.12831828804655,-1.4761950343278,"adjacent_specific","True","True","True","True","True","True","True","True","True","True","True",0.780818983337319,"Tier 2 - provisional",2.54045471065417,2.99593504114874e-11,TRUE
"LRP12",-0.513737760123167,2.92603818654846e-08,-0.51150389022146,3.74324547519768e-07,-0.468981741022348,1.26033458377241e-06,-0.504668107462817,4.75501260900182e-07,-0.521698775510205,7.54615348177744e-07,0.887755102040816,6,"sex=Female;sex=Male;location=Left;location=Right;age_stratum=age_lower;age_stratum=age_upper",1,-0.591013725569594,-0.386210563749577,"False",4.19828097038611,3.68454321026294,3.63063031756646,-0.513737760123164,-0.0539128926964855,"field_shift_then_plateau","True","False","False","True","True","True","True","True","True","True","True",0.780692090248173,"Tier 2 - provisional",-0.494098723446362,8.81645681764815e-05,FALSE
"PIP5K1B",-0.568071233927623,2.54917273023218e-08,-0.537352657038982,1.08809760382934e-06,-0.525564211599895,2.24970910000241e-06,-0.543278914718225,8.24079759024481e-07,-0.568127714285715,9.12233478370993e-11,0.897959183673469,6,"sex=Female;sex=Male;location=Left;location=Right;age_stratum=age_lower;age_stratum=age_upper",1,-0.657668853450965,-0.458022667814976,"False",8.19860736751265,7.63053613358503,6.35507224270015,-0.568071233927621,-1.27546389088488,"monotonic_down","True","False","True","True","True","True","True","True","True","True","True",0.780686017071045,"Tier 2 - provisional",-0.00868834779336469,0.957630149844591,FALSE
"HLA-DMB",-0.745171508160611,1.38803238890874e-06,-0.747318228647452,8.61121952392423e-06,-0.714298409474248,2.17382727460408e-05,-0.744189101513971,1.00561448052481e-05,-0.751821795918367,3.95955712324597e-07,0.836734693877551,6,"sex=Female;sex=Male;location=Left;location=Right;age_stratum=age_lower;age_stratum=age_upper",1,-1.03399639896009,-0.368341635566882,"False",5.67108768043027,4.92591617226966,4.92323774293095,-0.74517150816061,-0.0026784293387125,"field_shift_then_plateau","True","False","True","True","True","True","True","True","True","True","True",0.780520082166284,"Tier 2 - provisional",-0.716490774290758,1.11793983089558e-08,TRUE
"CDK2AP2",-0.564920465068919,6.15515571926253e-09,-0.564808146860743,8.05508286652465e-08,-0.544174555301752,2.33260628623039e-07,-0.564795948968758,9.13588449821589e-08,-0.56512163265306,1.30667983784478e-09,0.826530612244898,6,"sex=Female;sex=Male;location=Left;location=Right;age_stratum=age_lower;age_stratum=age_upper",1,-0.687295655866401,-0.390580293380674,"False",7.5993296454495,7.03440918038058,6.92227722731124,-0.56492046506892,-0.11213195306934,"field_shift_then_plateau","True","False","True","True","True","True","True","True","True","True","True",0.78051874072093,"Tier 2 - provisional",-0.431774336685111,0.000976479863092959,FALSE
"COL14A1",0.967366238551713,4.40930011074793e-28,0.947155890070549,1.71239389269965e-24,0.94009536086176,7.00163827813171e-24,0.953225473087741,7.24555125662017e-25,0.971501265306123,4.95111515965342e-30,0.989795918367347,6,"sex=Female;sex=Male;location=Left;location=Right;age_stratum=age_lower;age_stratum=age_upper",1,0.913415338960564,0.986831813883657,"False",3.728355298299,4.69572153685071,3.91820794397482,0.967366238551713,-0.777513592875894,"adjacent_specific","True","False","True","True","True","True","True","True","True","True","True",0.780481980486089,"Tier 2 - provisional",0.612611174150517,9.82838223033e-13,TRUE
"GPX3",1.65204759544381,4.00826208948496e-18,1.60659757086861,2.43464154455892e-15,1.59658925839688,6.11294489818192e-15,1.63239526251385,2.39092830725782e-16,1.65171197959184,1.01155638586871e-23,0.928571428571429,6,"sex=Female;sex=Male;location=Left;location=Right;age_stratum=age_lower;age_stratum=age_upper",1,1.37586095444606,1.8160762136367,"False",5.27506473891559,6.9271123343594,4.43706828383269,1.65204759544381,-2.4900440505267,"adjacent_specific","True","True","True","True","True","True","True","True","True","True","True",0.780364066082848,"Tier 2 - provisional",0.622488250552633,0.000136921739664885,TRUE
"TMEM139",-0.725842529964669,4.62936155818091e-07,-0.69851691727084,7.86184104667512e-06,-0.619280056262246,2.56300829827577e-05,-0.697654435527661,8.73295701433144e-06,-0.725374040816328,1.13951095602004e-08,0.857142857142857,6,"sex=Female;sex=Male;location=Left;location=Right;age_stratum=age_lower;age_stratum=age_upper",1,-0.867888774735159,-0.508410487030168,"False",6.00386063187264,5.27801810190797,5.08634687314827,-0.725842529964671,-0.191671228759697,"monotonic_down","True","False","True","True","True","True","True","True","True","True","True",0.780232157547882,"Tier 2 - provisional",-0.154647635163207,0.471262149373162,FALSE
"GDPD3",-0.831317328084555,2.0197215292602e-06,-0.804831763112024,2.25459374663664e-05,-0.70838465916665,7.45153129327527e-05,-0.815197385810251,1.73739117199093e-05,-0.829851999999999,3.9594313917952e-08,0.826530612244898,6,"sex=Female;sex=Male;location=Left;location=Right;age_stratum=age_lower;age_stratum=age_upper",1,-0.947737358563003,-0.574770064330113,"False",7.94369626327536,7.1123789351908,4.09315484139733,-0.831317328084555,-3.01922409379348,"monotonic_down","True","False","True","True","True","True","True","True","True","True","True",0.780184725556532,"Tier 2 - provisional",-0.151308991470312,0.573084864693676,FALSE
"REP15",-0.769304814397663,2.66232873044072e-07,-0.721192487982411,8.50175321768214e-06,-0.775242175591395,1.19038094670308e-06,-0.731767028704548,5.87636419447717e-06,-0.766861102040817,2.12375141792899e-09,0.846938775510204,6,"sex=Female;sex=Male;location=Left;location=Right;age_stratum=age_lower;age_stratum=age_upper",1,-0.897420574999393,-0.521755295390529,"False",8.35957745908647,7.59027264468881,4.57747960334283,-0.769304814397662,-3.01279304134597,"monotonic_down","True","False","True","True","True","True","True","True","True","True","True",0.780151370682704,"Tier 2 - provisional",-0.381963827171473,0.0718081412887238,FALSE
"ACTG2",2.81867476025081,8.28671349586427e-14,2.57869654778487,9.83786727987498e-11,2.47632117426702,3.54087493369557e-10,2.59283503496243,8.84258493065138e-11,2.82124391836735,2.22176268167608e-18,0.959183673469388,6,"sex=Female;sex=Male;location=Left;location=Right;age_stratum=age_lower;age_stratum=age_upper",1,2.45033770547717,3.1069166503504,"False",5.14574349193088,7.96441825218168,5.59935413433295,2.81867476025081,-2.36506411784873,"adjacent_specific","True","True","True","True","True","True","True","True","True","True","True",0.779934089357711,"Tier 2 - provisional",0.496000824605299,0.211377027820761,FALSE
"LRRC49",0.515466866993347,1.45252632108495e-08,0.519839148710603,1.45133490588472e-07,0.489210113037556,4.86988364084493e-07,0.51602476737154,1.83556135870528e-07,0.511897183673469,5.63496634846491e-11,0.857142857142857,6,"sex=Female;sex=Male;location=Left;location=Right;age_stratum=age_lower;age_stratum=age_upper",1,0.441679031691916,0.596720470572553,"False",3.13334841531425,3.64881528230759,4.19755040966086,0.515466866993346,0.54873512735327,"monotonic_up","True","False","False","True","True","True","True","True","True","True","True",0.779853435638646,"Tier 2 - provisional",0.12122412882784,0.317321254866173,FALSE
"GJB1",-0.627778288677024,1.43749333238836e-06,-0.578062828744674,3.82132497305513e-05,-0.535688504998012,0.0001128646555522,-0.576380332029763,4.28765203858212e-05,-0.625637224489795,4.18199733193492e-09,0.948979591836735,6,"sex=Female;sex=Male;location=Left;location=Right;age_stratum=age_lower;age_stratum=age_upper",1,-0.849650074616102,-0.447820041570115,"False",8.82092936341092,8.1931510747339,8.32901723679598,-0.627778288677021,0.135866162062077,"field_shift_then_plateau","True","False","True","True","True","True","True","True","True","True","True",0.779842901083274,"Tier 2 - provisional",-0.0443314645482858,0.842856716317922,FALSE
"HLA-DQA1",-0.950457664857935,3.65410524523258e-05,-0.907956213794456,0.0003020837005012,-0.904366643506323,0.0003843796189337,-0.893053263836419,0.0003663406036434,-0.949958020408163,2.96500735922431e-05,0.826530612244898,6,"sex=Female;sex=Male;location=Left;location=Right;age_stratum=age_lower;age_stratum=age_upper",1,-1.06139108250644,-0.826085260900562,"False",6.21266465164374,5.26220698678581,5.05234888427983,-0.950457664857931,-0.209858102505983,"monotonic_down","True","False","True","True","True","True","True","True","True","True","True",0.779500336357995,"Tier 2 - provisional",-0.960651108426722,9.09707814713316e-05,TRUE
"GSTT1",-1.01521300152734,0.0001604161209157,-1.06529588323209,0.0002743385374486,-1.04429868851272,0.0004274981981793,-1.07609906539813,0.000242412733997,-1.0141846122449,2.83116035325979e-05,0.744897959183674,6,"sex=Female;sex=Male;location=Left;location=Right;age_stratum=age_lower;age_stratum=age_upper",1,-1.28934665474304,-0.802311749911367,"False",7.43188039215337,6.41666739062603,5.93078605491788,-1.01521300152734,-0.485881335708152,"monotonic_down","True","True","True","True","True","True","True","True","True","False","True",0.779375937121391,"Tier 2 - provisional",-0.623937580387894,0.119925518629958,FALSE
"TNFAIP6",0.683490315957454,1.4118301486614e-06,0.718898368881667,2.60504744520396e-06,0.691206587993864,6.5615001097641e-06,0.732295324290171,1.38957260617301e-06,0.683822897959184,1.10161359058224e-09,0.816326530612245,6,"sex=Female;sex=Male;location=Left;location=Right;age_stratum=age_lower;age_stratum=age_upper",1,0.47611119924003,0.769177425598969,"False",4.14328947217029,4.82677978812774,5.85846385932043,0.683490315957452,1.03168407119269,"monotonic_up","True","False","True","True","True","True","True","True","True","True","True",0.779283561883115,"Tier 2 - provisional",-0.074640256835684,0.686173263155425,FALSE
"SH3RF3",0.524152253805254,3.65426495100425e-09,0.504656257104971,1.29868903273808e-07,0.509205838354918,1.39929157943389e-07,0.513056026419287,6.33204431941576e-08,0.524324326530613,2.66051205393964e-13,0.857142857142857,6,"sex=Female;sex=Male;location=Left;location=Right;age_stratum=age_lower;age_stratum=age_upper",1,0.399736206659676,0.614813977293073,"False",2.8943529103734,3.41850516417866,3.8766279876341,0.524152253805253,0.458122823455446,"monotonic_up","True","False","True","True","True","True","True","True","True","True","True",0.779113675292283,"Tier 2 - provisional",0.0617835557848596,0.612712329063875,FALSE
"HERC5",1.6610660764941,6.08675780402061e-14,1.749748383559,2.61451086068035e-13,1.77146826987433,2.39073470171548e-13,1.75702626460652,2.48510842144985e-13,1.65670457142857,2.95160452631107e-19,0.948979591836735,6,"sex=Female;sex=Male;location=Left;location=Right;age_stratum=age_lower;age_stratum=age_upper",1,1.46457158549142,2.06271135963488,"False",4.69422494010099,6.35529101659508,4.92005552881992,1.6610660764941,-1.43523548777517,"adjacent_specific","True","True","True","True","True","True","True","True","True","True","True",0.778997751586397,"Tier 2 - provisional",1.95036076700984,2.76212468434211e-11,TRUE
"HOOK1",-0.569000523214745,1.37423218870716e-06,-0.542446182282777,2.31751941797681e-05,-0.535573904396977,3.6481056073988e-05,-0.539851491286684,2.67599340704085e-05,-0.568104346938775,1.16224982447448e-09,0.948979591836735,6,"sex=Female;sex=Male;location=Left;location=Right;age_stratum=age_lower;age_stratum=age_upper",1,-0.62783684544931,-0.456517231359342,"False",8.51429006801696,7.94528954480222,7.82401673927454,-0.56900052321474,-0.121272805527679,"field_shift_then_plateau","True","False","True","True","True","True","True","True","True","True","True",0.778850216270531,"Tier 2 - provisional",-0.0316220494903822,0.875305718064251,FALSE
"BDH1",-0.556845187499874,8.37490177807718e-08,-0.527359569391688,2.77563652177658e-06,-0.491988793964666,8.89733129846845e-06,-0.534296475717022,1.95993254967335e-06,-0.556376306122449,1.16469580503836e-10,0.908163265306122,6,"sex=Female;sex=Male;location=Left;location=Right;age_stratum=age_lower;age_stratum=age_upper",1,-0.639954474198336,-0.454109461696773,"False",7.36913880876481,6.81229362126494,5.67548530033596,-0.556845187499871,-1.13680832092897,"monotonic_down","True","False","False","True","True","True","True","True","True","True","True",0.778524988619602,"Tier 2 - provisional",0.00531982366911337,0.976005276691627,FALSE
"IFIT3",1.96897193904693,2.79225376814854e-13,1.99140053293034,7.89193257040344e-12,2.03921717124024,3.49390191458523e-12,2.00924450978843,4.92881948078551e-12,1.96946759183674,1.08631998311318e-17,0.897959183673469,6,"sex=Female;sex=Male;location=Left;location=Right;age_stratum=age_lower;age_stratum=age_upper",1,1.55794119538548,2.50709656803093,"False",4.18623098957804,6.15520292862497,5.11309591181082,1.96897193904693,-1.04210701681415,"adjacent_specific","True","True","True","True","True","True","True","True","True","True","True",0.778400040263141,"Tier 2 - provisional",2.15558862683117,1.73201027858349e-09,TRUE
"TUBB6",1.72484226979289,4.68142711929016e-16,1.65635249459892,2.48908193546677e-13,1.6251853290368,8.17722395132481e-13,1.6706672937269,1.44886506359029e-13,1.72247253061224,1.46123422953281e-22,0.989795918367347,6,"sex=Female;sex=Male;location=Left;location=Right;age_stratum=age_lower;age_stratum=age_upper",1,1.54761181906899,1.89438430248276,"False",5.90922001699855,7.63406228679143,7.11674348373742,1.72484226979288,-0.517318803054013,"adjacent_specific","True","True","True","True","True","True","True","True","True","True","True",0.778310029431497,"Tier 2 - provisional",0.366856385137187,0.0372455245392977,FALSE
"SCIN",-0.669727014888905,1.00554040493216e-06,-0.646225652125807,1.43988148613281e-05,-0.602788228181035,4.3131780884768e-05,-0.655944899874884,1.00730941481689e-05,-0.668023102040816,4.65893598976223e-09,0.877551020408163,6,"sex=Female;sex=Male;location=Left;location=Right;age_stratum=age_lower;age_stratum=age_upper",1,-0.760863832122583,-0.494829811883916,"False",8.72110269455222,8.05137567966331,4.84500436789824,-0.669727014888904,-3.20637131176507,"monotonic_down","True","False","True","True","True","True","True","True","True","True","True",0.7775353584414,"Tier 2 - provisional",-0.0522459819134013,0.818384650043919,FALSE
"SHD",-0.549662648476287,7.22657484404208e-08,-0.520482927315297,2.07670064106335e-06,-0.506093866726979,4.56514117640306e-06,-0.523806968066716,1.91212755206458e-06,-0.552751265306124,1.54253824481731e-10,0.897959183673469,6,"sex=Female;sex=Male;location=Left;location=Right;age_stratum=age_lower;age_stratum=age_upper",1,-0.580605444542746,-0.501323283387301,"False",6.64471505434279,6.0950524058665,5.24028223904281,-0.549662648476287,-0.854770166823687,"monotonic_down","True","False","True","True","True","True","True","True","True","True","True",0.777475993211829,"Tier 2 - provisional",-0.129561147272829,0.361698158894824,FALSE
"CTNNAL1",0.642814305482418,1.88053687412798e-07,0.636915946840852,2.07670064106335e-06,0.5676305466405,6.44227381126867e-06,0.643766055838058,1.61625486640006e-06,0.643193591836734,8.96513346344229e-09,0.836734693877551,6,"sex=Female;sex=Male;location=Left;location=Right;age_stratum=age_lower;age_stratum=age_upper",1,0.34213678650707,0.793649472739199,"False",5.97024562423663,6.61305992971905,7.05829921554885,0.64281430548242,0.445239285829803,"monotonic_up","True","False","True","True","True","True","True","True","True","True","True",0.777046281778523,"Tier 2 - provisional",-0.0168679756186099,0.932994570023404,FALSE
"FLNA",1.95863209583098,7.79246999604313e-15,1.82554058478695,7.95835433454587e-12,1.79951929259777,2.12924878139596e-11,1.84096396474269,5.23326394217203e-12,1.95520351020408,9.24055869820982e-21,0.969387755102041,6,"sex=Female;sex=Male;location=Left;location=Right;age_stratum=age_lower;age_stratum=age_upper",1,1.64734718007749,2.26301443794674,"False",4.9688802675019,6.92751236333288,6.22451068177644,1.95863209583097,-0.703001681556439,"adjacent_specific","True","True","True","True","True","True","True","True","True","True","True",0.776730983416556,"Tier 2 - provisional",0.441884088857192,0.0746837305760217,FALSE
"CDX1",-0.604105024131594,2.50061617926561e-06,-0.563491668084482,5.03642561776687e-05,-0.589470134577196,2.42812813013359e-05,-0.56577705638355,5.00068736764745e-05,-0.603226816326531,3.04115984517381e-09,0.938775510204082,6,"sex=Female;sex=Male;location=Left;location=Right;age_stratum=age_lower;age_stratum=age_upper",1,-0.742623272451505,-0.456349120822471,"False",8.89392955922066,8.28982453508907,8.01200097588806,-0.604105024131588,-0.277823559201009,"monotonic_down","True","False","True","True","True","True","True","True","True","True","True",0.776487889004456,"Tier 2 - provisional",-0.124869005858177,0.538161033533457,FALSE
"NTM",0.588446060346781,1.09823480484832e-07,0.528561298911711,9.0359675263115e-06,0.518767757326912,1.61392118590422e-05,0.534542302435366,7.14112455790371e-06,0.591810163265306,7.64127178440871e-12,0.918367346938776,6,"sex=Female;sex=Male;location=Left;location=Right;age_stratum=age_lower;age_stratum=age_upper",1,0.458412067226654,0.649376279476004,"False",2.79968007994485,3.38812614029163,3.71265518161003,0.58844606034678,0.324529041318398,"monotonic_up","True","False","True","True","True","True","True","True","True","True","True",0.776407037617285,"Tier 2 - provisional",-0.0906689793863135,0.509492468062847,FALSE
"BEX1",1.61687654894504,5.51013343175232e-16,1.59923537704155,7.75609617621489e-14,1.55898043085599,2.86575137881648e-13,1.62563737588774,1.04891932296766e-14,1.61331216326531,4.37324021822792e-21,0.979591836734694,6,"sex=Female;sex=Male;location=Left;location=Right;age_stratum=age_lower;age_stratum=age_upper",1,1.40992810428301,1.84884703018065,"False",3.97614873648969,5.59302528543473,3.33211182092248,1.61687654894504,-2.26091346451225,"adjacent_specific","True","True","True","True","True","True","True","True","True","True","True",0.776389623709878,"Tier 2 - provisional",0.560639222273563,0.0039542421218467,TRUE
"TFPI",1.24717550801017,2.3808429553898e-20,1.22674732914,1.48026654420151e-17,1.19745842941428,5.71370905056649e-17,1.23901002441713,4.63511833445713e-18,1.24719775510204,5.69101704637045e-26,0.979591836734694,6,"sex=Female;sex=Male;location=Left;location=Right;age_stratum=age_lower;age_stratum=age_upper",1,1.10972391648391,1.31144759017435,"False",4.90445708518453,6.1516325931947,5.65599304294045,1.24717550801017,-0.495639550254255,"non_monotonic","True","True","True","True","True","True","True","True","True","True","True",0.776349786445855,"Tier 2 - provisional",0.501179178617922,6.63989910956202e-07,TRUE
"PPP1R14C",-0.612850749819499,4.8777054052101e-07,-0.595636124990038,6.81503451729043e-06,-0.540726902735929,2.30774723256936e-05,-0.600805662294141,5.85631219789915e-06,-0.612724510204083,1.8116575701957e-08,0.877551020408163,6,"sex=Female;sex=Male;location=Left;location=Right;age_stratum=age_lower;age_stratum=age_upper",1,-0.744701932515588,-0.489131298018441,"False",6.28723383773832,5.67438308791882,4.99391232688555,-0.612850749819501,-0.680470761033265,"monotonic_down","True","False","True","True","True","True","True","True","True","True","True",0.776242239987433,"Tier 2 - provisional",-0.0059114979244324,0.977723033440774,FALSE
"GMNN",-0.561935004200503,3.40562884654357e-09,-0.508135964197705,5.80503359133358e-07,-0.530874263443308,1.87254723411482e-07,-0.508845877384548,6.19659776307757e-07,-0.562304244897961,5.14938544023467e-13,0.86734693877551,6,"sex=Female;sex=Male;location=Left;location=Right;age_stratum=age_lower;age_stratum=age_upper",1,-0.636612841754758,-0.397023404452586,"False",9.20059704400841,8.63866203980791,8.71942418840573,-0.5619350042005,0.0807621485978131,"field_shift_then_plateau","True","False","True","True","True","True","True","True","True","True","True",0.776174954859446,"Tier 2 - provisional",-0.247608788334412,0.0546943862710286,FALSE
"MAL2",-0.674491654408234,8.21408229796864e-07,-0.587918373043207,6.16128065578169e-05,-0.564299610249158,0.0001328141696003,-0.587624433400014,6.64397165472349e-05,-0.674352714285714,7.14187967278343e-10,0.928571428571429,6,"sex=Female;sex=Male;location=Left;location=Right;age_stratum=age_lower;age_stratum=age_upper",1,-0.662916034579657,-0.599333985429839,"False",9.53939507636156,8.86490342195333,8.8512519166027,-0.674491654408234,-0.0136515053506354,"field_shift_then_plateau","True","False","True","True","True","True","True","True","True","True","True",0.77614958078455,"Tier 2 - provisional",-0.00155314863713636,0.993931244891898,FALSE
"CCL21",1.5469808046473,6.44818975977803e-14,1.64672900562707,1.58089355711376e-13,1.63200231653822,4.0817729359058e-13,1.66434276465383,6.85802798565105e-14,1.54540371428571,3.11685245734603e-12,0.969387755102041,6,"sex=Female;sex=Male;location=Left;location=Right;age_stratum=age_lower;age_stratum=age_upper",1,1.40169396840033,1.66988809498716,"False",4.48587461153208,6.03285541617938,4.10266714254438,1.5469808046473,-1.930188273635,"adjacent_specific","True","True","True","True","True","True","True","True","True","True","True",0.776115303777185,"Tier 2 - provisional",1.14874667644349,2.44257929595463e-08,TRUE
"DDR2",1.61433371352353,2.33788779391489e-17,1.55054326298178,1.92056933024991e-14,1.54055942807012,4.7086023637008e-14,1.56693321452963,7.79839517579216e-15,1.61493702040816,3.75912936921939e-24,0.969387755102041,6,"sex=Female;sex=Male;location=Left;location=Right;age_stratum=age_lower;age_stratum=age_upper",1,1.43977086841135,1.69072287908395,"False",3.95550604198785,5.56983975551137,4.37761479807231,1.61433371352352,-1.19222495743906,"adjacent_specific","True","True","True","True","True","True","True","True","True","True","True",0.77578398387546,"Tier 2 - provisional",0.436902722771227,0.00505971876435087,FALSE
"PLA2G12B",-0.835576423225339,7.96229197230867e-07,-0.769900756130127,2.66353752836611e-05,-0.759752007704055,4.19341184092192e-05,-0.772414549638103,2.66789111797811e-05,-0.836485102040816,1.12736814266319e-05,0.816326530612245,6,"sex=Female;sex=Male;location=Left;location=Right;age_stratum=age_lower;age_stratum=age_upper",1,-1.05673364083213,-0.59378171528086,"False",4.56818197109096,3.73260554786562,3.36149429527434,-0.83557642322534,-0.37111125259128,"monotonic_down","True","False","True","True","True","True","True","True","True","True","True",0.775714852523686,"Tier 2 - provisional",-0.345571165217659,0.15916680876126,FALSE
"LILRB2",0.587178736800599,8.89093182662061e-07,0.548157555453516,2.14144437819121e-05,0.540316697396234,3.46916754875173e-05,0.547196468366951,2.37431155667286e-05,0.585676,1.49322071303063e-09,0.918367346938776,6,"sex=Female;sex=Male;location=Left;location=Right;age_stratum=age_lower;age_stratum=age_upper",1,0.281833830469303,0.731335381094866,"False",3.12234758746624,3.70952632426683,3.88812109197889,0.587178736800597,0.178594767712055,"monotonic_up","True","False","True","True","True","True","True","True","True","True","True",0.775130112105591,"Tier 2 - provisional",0.122814907058875,0.47186794981886,FALSE
"OMD",1.50775628812304,7.61173253434463e-18,1.45999990385294,4.94926270148451e-15,1.45409031144364,1.11133171008127e-14,1.46562294608045,4.82843560031117e-15,1.50816387755102,1.55264723500666e-24,0.979591836734694,6,"sex=Female;sex=Male;location=Left;location=Right;age_stratum=age_lower;age_stratum=age_upper",1,1.35953463349175,1.55900498783945,"False",2.38081417194856,3.88857046007159,2.62642307457076,1.50775628812303,-1.26214738550084,"adjacent_specific","True","True","True","True","True","True","True","True","True","True","True",0.774980680478009,"Tier 2 - provisional",0.6093888977369,0.00037317558744497,TRUE
"SAMD13",-0.588843442126849,9.99731347108305e-08,-0.536279756335585,6.69196881587609e-06,-0.563894603885972,2.16294352050071e-06,-0.539695796246497,6.18182639397314e-06,-0.590700979591837,3.9167148136029e-10,0.897959183673469,6,"sex=Female;sex=Male;location=Left;location=Right;age_stratum=age_lower;age_stratum=age_upper",1,-0.702181726610489,-0.503062568747509,"False",8.91513292923666,8.32628948710981,7.01839895122624,-0.588843442126846,-1.30789053588358,"monotonic_down","True","False","True","True","True","True","True","True","True","True","True",0.774974480916523,"Tier 2 - provisional",-0.112610754377293,0.494956162912348,FALSE
"MN1",1.293082033905,5.73216785119813e-20,1.26087685218676,5.06919239260661e-17,1.24778868161839,1.59008481363037e-16,1.27492306596316,1.28522260755577e-17,1.29291453061225,3.0080389908336e-27,0.979591836734694,6,"sex=Female;sex=Male;location=Left;location=Right;age_stratum=age_lower;age_stratum=age_upper",1,1.2363022166945,1.35595331110198,"False",3.06036157320099,4.35344360710598,3.78933320187738,1.293082033905,-0.564110405228609,"adjacent_specific","True","True","True","True","True","True","True","True","True","True","True",0.774969046300816,"Tier 2 - provisional",0.585326111588049,1.47428603447381e-05,TRUE
"CFH",1.29086323596844,8.73050514634897e-19,1.32257295202496,3.37593592091176e-17,1.25408759662539,4.26159693082546e-17,1.33530914995969,1.2019859061198e-17,1.2893406122449,7.39397615293909e-20,0.938775510204082,6,"sex=Female;sex=Male;location=Left;location=Right;age_stratum=age_lower;age_stratum=age_upper",1,1.14864868887108,1.38561820643952,"False",5.66876568465812,6.95962892062655,5.15032354721541,1.29086323596844,-1.80930537341115,"adjacent_specific","True","True","True","True","True","True","True","True","True","True","True",0.774806039497862,"Tier 2 - provisional",0.745695142748184,1.49630328094336e-07,TRUE
"TUBG2",0.62906517877622,1.03621844819891e-07,0.565142312759624,8.65592970855057e-06,0.552407616831065,1.64736006131273e-05,0.577447759519178,4.24268345943743e-06,0.628785775510203,2.43320855524488e-11,0.887755102040816,6,"sex=Female;sex=Male;location=Left;location=Right;age_stratum=age_lower;age_stratum=age_upper",1,0.521089886507716,0.716169621050011,"False",3.87249108907438,4.5015562678506,4.39609278712376,0.62906517877622,-0.105463480726845,"field_shift_then_plateau","True","False","True","True","True","True","True","True","True","True","True",0.774780081766949,"Tier 2 - provisional",-0.0946462130744336,0.512222851645392,FALSE
"MXRA7",1.7193166785572,2.71882346589372e-16,1.61892438560929,3.3684121329813e-13,1.57239857603406,1.23544739502255e-12,1.62675000238033,3.01091602991571e-13,1.7176352244898,1.09560034957088e-22,0.989795918367347,6,"sex=Female;sex=Male;location=Left;location=Right;age_stratum=age_lower;age_stratum=age_upper",1,1.54746213345927,1.78307750766434,"False",4.10704154374922,5.82635822230642,5.24304024437827,1.7193166785572,-0.583317977928143,"adjacent_specific","True","True","True","True","True","True","True","True","True","True","True",0.774698121431652,"Tier 2 - provisional",0.39239640790516,0.0336991274605479,FALSE
"P2RY1",-0.542932091494149,1.69830771835351e-08,-0.536531638704133,2.76253549877995e-07,-0.500905931519214,9.37686075341681e-07,-0.529659762573079,3.50772119358951e-07,-0.541960510204082,4.24129799891668e-08,0.826530612244898,6,"sex=Female;sex=Male;location=Left;location=Right;age_stratum=age_lower;age_stratum=age_upper",1,-0.660332817133302,-0.37416558696774,"False",4.09701179267589,3.55407970118174,2.45749860997222,-0.542932091494147,-1.09658109120952,"monotonic_down","True","False","True","True","True","True","True","True","True","True","True",0.774675862603535,"Tier 2 - provisional",-0.380235438070963,0.00351386949151525,FALSE
"A1CF",-0.58166556527976,6.56441645561673e-07,-0.579481664947728,5.39425623400691e-06,-0.538437473172223,1.72859122496463e-05,-0.580297778446643,5.69773016222864e-06,-0.581419367346938,3.50908928686499e-09,0.86734693877551,6,"sex=Female;sex=Male;location=Left;location=Right;age_stratum=age_lower;age_stratum=age_upper",1,-0.598878109477497,-0.531830555207778,"False",7.76789094141386,7.1862253761341,5.92878160313412,-0.58166556527976,-1.25744377299998,"monotonic_down","True","False","True","True","True","True","True","True","True","True","True",0.77435588466316,"Tier 2 - provisional",-0.0399242839640607,0.832752792908231,FALSE
"USP2",-0.876802309556282,2.468066356403e-06,-0.817909084921964,5.25234218711491e-05,-0.726860711121497,0.0001767346242304,-0.801334799043558,6.50692067885572e-05,-0.878576897959183,1.24423187287331e-06,0.795918367346939,6,"sex=Female;sex=Male;location=Left;location=Right;age_stratum=age_lower;age_stratum=age_upper",1,-0.924050513330534,-0.737593757211539,"False",5.16340771212867,4.28660540257239,2.57048449261682,-0.876802309556281,-1.71612090995558,"monotonic_down","True","False","True","True","True","True","True","True","True","False","True",0.774122179884143,"Tier 2 - provisional",-0.373622658171932,0.170379096640332,FALSE
"DNASE1L3",-0.934974168779222,1.0644057995082e-06,-0.801740279332343,9.59992823016484e-05,-0.817213185443969,8.47069053022367e-05,-0.793199574933998,0.0001158668252732,-0.934002367346938,6.71144616583871e-09,0.816326530612245,6,"sex=Female;sex=Male;location=Left;location=Right;age_stratum=age_lower;age_stratum=age_upper",1,-1.00036582984618,-0.834466745095365,"False",7.94489557021737,7.00992140143815,4.45586086124194,-0.93497416877922,-2.55406054019622,"monotonic_down","True","False","True","True","True","True","True","True","True","True","True",0.774011895852408,"Tier 2 - provisional",-0.45608730223161,0.0509169845122552,FALSE
"FBLN1",1.26964398364243,3.25292671045619e-20,1.24512381642784,1.88117261381606e-17,1.22905488508044,6.55511122537413e-17,1.25500665001253,9.53133800991403e-18,1.26846375510204,1.52854447361997e-27,0.959183673469388,6,"sex=Female;sex=Male;location=Left;location=Right;age_stratum=age_lower;age_stratum=age_upper",1,1.02884108437407,1.37912402780695,"False",3.33793457337636,4.60757855701879,3.51419101767621,1.26964398364242,-1.09338753934258,"adjacent_specific","True","True","True","True","True","True","True","True","True","True","True",0.774003449900157,"Tier 2 - provisional",0.586092406793912,1.90898300174392e-06,TRUE
"KCNMB4",0.723485516243515,2.15713885844473e-07,0.653443174880888,1.39419077544057e-05,0.648419060529372,2.04805646604418e-05,0.668833400434038,6.55761311134022e-06,0.722970571428572,3.94940447295162e-10,0.846938775510204,6,"sex=Female;sex=Male;location=Left;location=Right;age_stratum=age_lower;age_stratum=age_upper",1,0.531402365008052,0.808909428453643,"False",3.12524973478679,3.8487352510303,4.2651693588411,0.723485516243513,0.416434107810793,"monotonic_up","True","False","True","True","True","True","True","True","True","True","True",0.773777750386286,"Tier 2 - provisional",-0.0976280239053823,0.583735802316577,FALSE
"ENPP1",-0.587142182196291,4.67585919482021e-08,-0.55786444888702,1.63260314480059e-06,-0.524120282372063,5.1401827429122e-06,-0.560474922447202,1.58372632488428e-06,-0.58302012244898,2.85430920392546e-09,0.846938775510204,6,"sex=Female;sex=Male;location=Left;location=Right;age_stratum=age_lower;age_stratum=age_upper",1,-0.645682853183069,-0.459901665374311,"False",4.93065512817042,4.34351294597413,3.62464913274433,-0.58714218219629,-0.718863813229794,"monotonic_down","True","False","True","True","True","True","True","True","True","True","True",0.773603852645362,"Tier 2 - provisional",-0.136931027706636,0.344695021316231,FALSE
"USH1C",-0.535687740509976,1.69566671774262e-07,-0.520730542446547,2.88039514960817e-06,-0.497141537546351,7.77799773068678e-06,-0.525888800668703,2.34806178752617e-06,-0.533987673469388,6.4935551660393e-11,0.877551020408163,6,"sex=Female;sex=Male;location=Left;location=Right;age_stratum=age_lower;age_stratum=age_upper",1,-0.62613362226579,-0.442113002588765,"False",7.78843207306348,7.2527443325535,6.92392121829701,-0.535687740509975,-0.328823114256496,"monotonic_down","True","False","False","True","True","True","True","True","True","True","True",0.773563384012157,"Tier 2 - provisional",0.0300078921379628,0.846023208505351,FALSE
"FAT4",0.54927717569771,1.79956786426557e-07,0.520979860514501,4.9190393765223e-06,0.49780769590999,1.28000818283933e-05,0.527812056935371,3.53734050479667e-06,0.547957000000001,1.14749178492668e-09,0.887755102040816,6,"sex=Female;sex=Male;location=Left;location=Right;age_stratum=age_lower;age_stratum=age_upper",1,0.427359755702272,0.678479856837196,"False",3.38441951059627,3.93369668629398,3.87944754823809,0.549277175697714,-0.0542491380558902,"field_shift_then_plateau","True","False","False","True","True","True","True","True","True","True","True",0.773378716763536,"Tier 2 - provisional",-0.0323014703974003,0.838640257223802,FALSE
"PRIMA1",1.12934879923145,2.69025930205831e-22,1.08392900427705,1.00221808905217e-18,1.08456188864906,2.09039685164403e-18,1.09737976459823,1.29443089123948e-19,1.12971726530612,4.66303022509255e-30,0.969387755102041,6,"sex=Female;sex=Male;location=Left;location=Right;age_stratum=age_lower;age_stratum=age_upper",1,1.06041513224701,1.16930291334447,"False",2.97690224171018,4.10625104094163,2.51995111122468,1.12934879923145,-1.58629992971695,"adjacent_specific","True","True","True","True","True","True","True","True","True","True","True",0.773043449341038,"Tier 2 - provisional",0.474344099608253,1.27915796229761e-06,FALSE
"MYC",0.57403995160261,8.00685268851995e-09,0.538188730782878,5.30780869009127e-07,0.501136992500497,1.79644302370623e-06,0.542821123026034,4.3694722214844e-07,0.572422693877552,4.77113804752405e-11,0.826530612244898,6,"sex=Female;sex=Male;location=Left;location=Right;age_stratum=age_lower;age_stratum=age_upper",1,0.392400279358876,0.66945924073304,"False",8.07061713528859,8.6446570868912,10.7289591233711,0.574039951602611,2.08430203647985,"monotonic_up","True","False","True","True","True","True","True","True","True","True","True",0.772768459225529,"Tier 2 - provisional",0.146325227929075,0.280153227020283,FALSE
"DUSP2",0.581596156145675,3.87715038749897e-07,0.546654662275051,1.08445739602241e-05,0.571981501427075,4.38417538571929e-06,0.555191590162994,7.30133747989584e-06,0.583666571428572,1.18681350048447e-08,0.887755102040816,6,"sex=Female;sex=Male;location=Left;location=Right;age_stratum=age_lower;age_stratum=age_upper",1,0.425616920834675,0.800002911188956,"False",3.89845697273158,4.48005312887725,6.06842945050408,0.581596156145675,1.58837632162682,"monotonic_up","True","False","True","True","True","True","True","True","True","True","True",0.772760258346916,"Tier 2 - provisional",0.578569819766972,1.64822109975124e-05,TRUE
"KRT12",-0.699524506227971,6.26800894568092e-07,-0.649218500661181,1.8019865437729e-05,-0.564335139386439,5.62585888305276e-05,-0.652720007962331,1.72773894829408e-05,-0.701273510204082,5.83817447607321e-07,0.846938775510204,6,"sex=Female;sex=Male;location=Left;location=Right;age_stratum=age_lower;age_stratum=age_upper",1,-0.793213982228072,-0.458313255052679,"False",4.31732793987796,3.61780343365,2.47158313985935,-0.699524506227967,-1.14622029379065,"monotonic_down","True","False","True","True","True","True","True","True","True","True","True",0.772680064094492,"Tier 2 - provisional",-0.206601884264568,0.315221640091193,FALSE
"LAMP3",0.532534560197559,2.43973381372617e-05,0.631379299635434,3.2555220381047e-06,0.646683195196005,2.34260046265985e-06,0.639324092109568,2.38147598758178e-06,0.533177204081633,7.42875470754046e-07,0.816326530612245,6,"sex=Female;sex=Male;location=Left;location=Right;age_stratum=age_lower;age_stratum=age_upper",1,0.349759490810175,0.760718669656534,"False",3.73083597600582,4.26337053620338,4.63405019038966,0.532534560197559,0.37067965418628,"monotonic_up","True","False","True","True","True","True","True","True","True","True","True",0.772340735492644,"Tier 2 - provisional",0.864253475800049,3.26028485422517e-08,TRUE
"MOXD1",0.60841611915581,2.1093507123442e-07,0.574459906113431,6.22216695735215e-06,0.554654204179536,1.41908704930986e-05,0.586600614163103,3.06500455292614e-06,0.605647387755103,1.03323429631115e-10,0.857142857142857,6,"sex=Female;sex=Male;location=Left;location=Right;age_stratum=age_lower;age_stratum=age_upper",1,0.514163297897709,0.656631582005372,"False",3.3991000996515,4.00751621880731,4.1611968347671,0.608416119155808,0.153680615959791,"monotonic_up","True","False","True","True","True","True","True","True","True","True","True",0.772096532455585,"Tier 2 - provisional",-0.0651038275541566,0.666043897363018,FALSE
"ABCG2",-0.885137843293157,5.08046698702248e-07,-0.732513961448601,9.30790529965264e-05,-0.742456428762308,9.11633260845366e-05,-0.741552284144393,7.58302324580265e-05,-0.885045408163265,1.59631239256144e-08,0.836734693877551,6,"sex=Female;sex=Male;location=Left;location=Right;age_stratum=age_lower;age_stratum=age_upper",1,-1.10962510426997,-0.563675606190245,"False",7.85957720250034,6.97443935920718,3.07364894409231,-0.885137843293158,-3.90079041511487,"monotonic_down","True","False","True","True","True","True","True","True","True","True","True",0.772078439542801,"Tier 2 - provisional",-0.244402125005544,0.321985301907314,FALSE
"SLC25A33",-0.552576899917538,2.63365899885578e-07,-0.504293559569684,1.35863270942836e-05,-0.446208154740436,4.48000304948695e-05,-0.504881292596029,1.43929801457012e-05,-0.552441265306121,5.86674872982122e-06,0.908163265306122,6,"sex=Female;sex=Male;location=Left;location=Right;age_stratum=age_lower;age_stratum=age_upper",1,-0.597750101179826,-0.396880857675197,"False",8.17803533149999,7.62545843158245,7.5970483534411,-0.552576899917541,-0.0284100781413512,"field_shift_then_plateau","True","False","False","True","True","True","True","True","True","True","True",0.771950705969204,"Tier 2 - provisional",-0.345077365542666,0.0206655980815419,FALSE
"C1orf198",0.524248004280714,6.10826468652376e-08,0.492570155638311,2.53958965901776e-06,0.465981899995932,7.48453953338229e-06,0.503608588266734,1.07198935495869e-06,0.522695836734695,1.01693684308652e-11,0.877551020408163,6,"sex=Female;sex=Male;location=Left;location=Right;age_stratum=age_lower;age_stratum=age_upper",1,0.431578570405102,0.576152862186661,"False",5.80128225163406,6.32553025591477,7.08637798650213,0.524248004280713,0.760847730587366,"monotonic_up","True","False","False","True","True","True","True","True","True","True","True",0.77194256010392,"Tier 2 - provisional",-0.100533005685173,0.327827148158214,FALSE
"PLTP",0.60032774309079,2.48684836421296e-07,0.569396151747747,6.0404244767626e-06,0.572921430556638,6.81837037133007e-06,0.586056652481271,1.772991795841e-06,0.597488979591837,1.10046508768631e-08,0.857142857142857,6,"sex=Female;sex=Male;location=Left;location=Right;age_stratum=age_lower;age_stratum=age_upper",1,0.440671752870659,0.706615331288379,"False",4.93964154957621,5.539969292667,5.99206875905216,0.600327743090789,0.452099466385164,"monotonic_up","True","False","True","True","True","True","True","True","True","True","True",0.771826794297199,"Tier 2 - provisional",0.0785130083076672,0.619881458091002,FALSE
"FAM107B",-0.538663805064043,9.05490312104415e-08,-0.548393476762541,5.74403835849222e-07,-0.464984822983769,5.18818601589735e-07,-0.549260399276852,6.09733451069239e-07,-0.538048653061225,6.72883686424965e-09,0.816326530612245,6,"sex=Female;sex=Male;location=Left;location=Right;age_stratum=age_lower;age_stratum=age_upper",1,-0.623823481236937,-0.345825759945573,"False",8.33902424513732,7.80036044007327,6.28127603151986,-0.538663805064044,-1.51908440855341,"monotonic_down","True","False","False","True","True","True","True","True","True","True","True",0.771794628917305,"Tier 2 - provisional",-0.22131870800272,0.112637878422975,FALSE
"PHGDH",0.676266987646835,3.23982614977631e-08,0.596897215416338,4.9635192152696e-06,0.580727490714359,1.03409289698429e-05,0.604273384543202,3.69561220027473e-06,0.674025469387755,2.4253926190729e-10,0.836734693877551,6,"sex=Female;sex=Male;location=Left;location=Right;age_stratum=age_lower;age_stratum=age_upper",1,0.55822273538061,0.737527378581206,"False",4.24973551883625,4.92600250648308,6.62379679946622,0.676266987646835,1.69779429298314,"monotonic_up","True","False","True","True","True","True","True","True","True","True","True",0.771484830887226,"Tier 2 - provisional",-0.0893843493370997,0.554050522090176,FALSE
"MRPL13",-0.818919181914747,1.92423693566044e-31,-0.792892372876505,3.65014954104891e-27,-0.795332004198615,8.22387138160783e-27,-0.790384505976566,6.01494310398437e-27,-0.819958714285713,4.93807944985681e-29,1,6,"sex=Female;sex=Male;location=Left;location=Right;age_stratum=age_lower;age_stratum=age_upper",1,-0.864331827822341,-0.77585483854688,"False",8.72728821284817,7.90836903093343,8.27047921092154,-0.818919181914747,0.362110179988108,"non_monotonic","True","False","True","True","True","True","True","True","True","True","True",0.770920883776893,"Tier 2 - provisional",-0.773562389301976,1.54008633161687e-19,TRUE
"TUBA1A",1.62668487937514,9.2784355385024e-17,1.52593686467725,1.4581874017388e-13,1.48666222185523,5.36082084722575e-13,1.53550093788176,1.12293352228373e-13,1.62376559183673,2.36080092634036e-23,0.989795918367347,6,"sex=Female;sex=Male;location=Left;location=Right;age_stratum=age_lower;age_stratum=age_upper",1,1.44658533693964,1.78685426132751,"False",7.45818712989519,9.08487200927033,8.72786454296015,1.62668487937514,-0.357007466310183,"non_monotonic","True","True","True","True","True","True","True","True","True","True","True",0.770653383374042,"Tier 2 - provisional",0.382175905300156,0.0172632932836756,FALSE
"ACSF2",-0.611523738532274,8.5528315156151e-07,-0.595128623149423,1.07085670858814e-05,-0.524206026365571,3.44475455757012e-05,-0.597976699148796,1.03799067723112e-05,-0.611876816326532,1.32528159760136e-08,0.846938775510204,6,"sex=Female;sex=Male;location=Left;location=Right;age_stratum=age_lower;age_stratum=age_upper",1,-0.7094155009151,-0.418025635302999,"False",7.77642763706052,7.16490389852826,5.68298742947003,-0.611523738532268,-1.48191646905823,"monotonic_down","True","False","True","True","True","True","True","True","True","True","True",0.770430931285386,"Tier 2 - provisional",-0.0118112082368537,0.957961707063425,FALSE
"CNKSR3",-0.543918050417927,2.02149925717796e-07,-0.554615648187001,1.13668310130448e-06,-0.545912448441889,2.10440700144463e-06,-0.564843851624349,5.73860689161858e-07,-0.543328408163265,9.97287094247953e-08,0.816326530612245,6,"sex=Female;sex=Male;location=Left;location=Right;age_stratum=age_lower;age_stratum=age_upper",1,-0.708510697624274,-0.369909180145636,"False",7.70406181075797,7.16014376034005,6.23948557210907,-0.543918050417928,-0.920658188230972,"monotonic_down","True","False","True","True","True","True","True","True","True","True","True",0.770121769218472,"Tier 2 - provisional",-0.499994651752703,0.000369711201568703,FALSE
"P2RX4",-0.564158630212021,1.01906088130395e-07,-0.527837848436529,4.02120718562799e-06,-0.507151365477009,9.94510183930829e-06,-0.533739256553543,3.11512408319144e-06,-0.564754448979592,1.18597384563573e-09,0.857142857142857,6,"sex=Female;sex=Male;location=Left;location=Right;age_stratum=age_lower;age_stratum=age_upper",1,-0.67574958877063,-0.400660535120857,"False",7.11899534775306,6.55483671754104,5.03262640041394,-0.564158630212021,-1.5222103171271,"monotonic_down","True","False","True","True","True","True","True","True","True","True","True",0.770120565552026,"Tier 2 - provisional",-0.0820491914919953,0.609944031606952,FALSE
"ACOT4",-0.529122091613801,1.32801096305548e-08,-0.503461080145987,5.64295365550522e-07,-0.458017007242622,1.84876030007131e-06,-0.501415784752108,6.77266518018936e-07,-0.530930040816327,3.3949409197792e-09,0.826530612244898,6,"sex=Female;sex=Male;location=Left;location=Right;age_stratum=age_lower;age_stratum=age_upper",1,-0.618967201254376,-0.335711666518379,"False",4.00810079988511,3.47897870827131,3.06632668069945,-0.529122091613799,-0.412652027571859,"monotonic_down","True","False","False","True","True","True","True","True","True","True","True",0.770097975448931,"Tier 2 - provisional",-0.152820098034568,0.223142041020692,FALSE
"NEUROD1",-0.986283447013257,1.79133126035427e-07,-0.754853539172969,0.0001169458399378,-0.849176265383366,5.2714754438484e-06,-0.745554679556694,0.000142102884982,-0.983371673469387,1.23643382682984e-07,0.816326530612245,6,"sex=Female;sex=Male;location=Left;location=Right;age_stratum=age_lower;age_stratum=age_upper",1,-1.32523285234721,-0.700928528995611,"False",4.99446849914135,4.0081850521281,2.81105657751404,-0.986283447013255,-1.19712847461405,"monotonic_down","True","False","True","True","True","True","True","True","True","True","True",0.770050580189418,"Tier 2 - provisional",-0.678120006406675,0.00773084408141324,TRUE
"CALU",0.640513344757801,1.2456113836108e-07,0.579114101609852,9.13179499723792e-06,0.532574626867968,2.99120982680797e-05,0.586804868021439,6.69224832490251e-06,0.641761551020407,4.196721509286e-11,0.846938775510204,6,"sex=Female;sex=Male;location=Left;location=Right;age_stratum=age_lower;age_stratum=age_upper",1,0.510829449289768,0.745071452787358,"False",7.04592731551761,7.68644066027541,8.81549836263522,0.640513344757801,1.12905770235981,"monotonic_up","True","False","True","True","True","True","True","True","True","True","True",0.769781145521422,"Tier 2 - provisional",-0.172696945352884,0.145319939870882,FALSE
"L1CAM",0.933805531931589,1.75565801016212e-23,0.898136255414524,6.38363564865807e-20,0.891665673215273,2.15546701316385e-19,0.90723895264385,1.41055442976855e-20,0.935149408163266,1.32169827867347e-30,0.979591836734694,6,"sex=Female;sex=Male;location=Left;location=Right;age_stratum=age_lower;age_stratum=age_upper",1,0.850876286861443,0.992688586837148,"False",3.7197464264092,4.65355195834079,3.90171883200292,0.933805531931591,-0.751833126337873,"adjacent_specific","True","False","True","True","True","True","True","True","True","True","True",0.769772365696498,"Tier 2 - provisional",0.480737288857804,5.02859543371657e-08,FALSE
"CNNM4",-0.583123788728651,3.33740942956767e-07,-0.542505922413507,1.16008979178627e-05,-0.5092963810022,3.37224150572628e-05,-0.546656438035315,1.03900702634198e-05,-0.581856897959184,6.61571044823632e-10,0.86734693877551,6,"sex=Female;sex=Male;location=Left;location=Right;age_stratum=age_lower;age_stratum=age_upper",1,-0.610486909259996,-0.514668739729082,"False",7.67640605984472,7.09328227111607,5.58346905932377,-0.583123788728654,-1.5098132117923,"monotonic_down","True","False","True","True","True","True","True","True","True","True","True",0.769339331388653,"Tier 2 - provisional",0.0323862892521097,0.853403117904024,FALSE
"SEMA3G",0.874794876609174,4.40930011074793e-28,0.831711050617991,6.90361789647389e-24,0.840310366995698,6.85601617398475e-24,0.840645522391767,5.96530676558217e-25,0.873956693877552,1.50186668832375e-32,0.969387755102041,6,"sex=Female;sex=Male;location=Left;location=Right;age_stratum=age_lower;age_stratum=age_upper",1,0.771376903662373,0.929546026310349,"False",2.78418047651974,3.65897535312891,2.94526040407511,0.874794876609171,-0.713714949053801,"adjacent_specific","True","False","True","True","True","True","True","True","True","True","True",0.769320468630148,"Tier 2 - provisional",0.603797751497426,4.10670957971418e-13,TRUE
"TMEM37",-0.716978000379106,3.5946984739159e-07,-0.636602200958064,2.69859283493093e-05,-0.590214436974468,8.06884940442306e-05,-0.64555354228999,2.00049269026343e-05,-0.716497795918368,1.64704763565871e-09,0.836734693877551,6,"sex=Female;sex=Male;location=Left;location=Right;age_stratum=age_lower;age_stratum=age_upper",1,-0.913536297118825,-0.504416087359736,"False",8.34915022195742,7.63217222157832,4.86039630392424,-0.716978000379103,-2.77177591765408,"monotonic_down","True","False","True","True","True","True","True","True","True","True","True",0.769068418030044,"Tier 2 - provisional",-0.0178953547176119,0.944552715629341,FALSE
"TPST1",1.12579165160142,1.35839772661402e-21,1.09431427035494,1.80259963909246e-18,1.08446925014125,6.09480972464486e-18,1.10983991369377,1.30027702269573e-19,1.12958775510204,4.76273566032688e-29,0.948979591836735,6,"sex=Female;sex=Male;location=Left;location=Right;age_stratum=age_lower;age_stratum=age_upper",1,1.05624048201365,1.18432823764146,"False",3.0655388910628,4.19133054266421,3.79997893656185,1.12579165160141,-0.391351606102359,"non_monotonic","True","True","True","True","True","True","True","True","True","True","True",0.769048823289328,"Tier 2 - provisional",0.473865882856508,5.1323816522753e-07,FALSE
"FABP4",2.35036694589178,1.39820080304151e-12,2.21054507661691,3.48272056225855e-10,2.2293146861304,3.86304751495296e-10,2.2419096615749,1.43660795187633e-10,2.35066942857143,1.14781316526729e-16,0.908163265306122,6,"sex=Female;sex=Male;location=Left;location=Right;age_stratum=age_lower;age_stratum=age_upper",1,1.78499640908728,2.62932672173598,"False",5.35320337808574,7.70357032397752,3.64384036997271,2.35036694589178,-4.05972995400481,"adjacent_specific","True","True","True","True","True","True","True","True","True","True","True",0.76872390482922,"Tier 2 - provisional",0.825657987754372,0.0293731122034033,TRUE
"RAB17",-0.574754308880696,8.04621801067003e-07,-0.543144484414321,1.7568105115298e-05,-0.524268224310058,3.83282196776151e-05,-0.549377567735787,1.41388427677999e-05,-0.574708734693878,8.25948145431099e-10,0.86734693877551,6,"sex=Female;sex=Male;location=Left;location=Right;age_stratum=age_lower;age_stratum=age_upper",1,-0.613436544409613,-0.50465474026296,"False",7.71501054445913,7.14025623557843,6.77823835574724,-0.574754308880697,-0.362017879831191,"monotonic_down","True","False","True","True","True","True","True","True","True","True","True",0.768097562131144,"Tier 2 - provisional",0.0622044799401468,0.700913862088834,FALSE
"RBMS1",1.29048542065029,3.27893997623146e-19,1.25339244929887,2.47352922385025e-16,1.24692231847059,6.11650168536656e-16,1.26422895232084,1.15847055721614e-16,1.29253685714286,2.76014213351145e-26,0.969387755102041,6,"sex=Female;sex=Male;location=Left;location=Right;age_stratum=age_lower;age_stratum=age_upper",1,1.19055027914774,1.34147979708032,"False",5.70197072373917,6.99245614438945,6.72960070327991,1.29048542065028,-0.262855441109539,"non_monotonic","True","True","True","True","True","True","True","True","True","True","True",0.768059732494766,"Tier 2 - provisional",0.452190945676938,2.45074603360981e-05,FALSE
"PKIB",-0.61516201594195,6.86388407875746e-06,-0.548547501006089,0.0002175354874785,-0.515125573918006,0.0005181299407933,-0.557282658783232,0.0001664219544255,-0.612816163265306,7.31688611980532e-09,0.918367346938776,6,"sex=Female;sex=Male;location=Left;location=Right;age_stratum=age_lower;age_stratum=age_upper",1,-0.73146891408091,-0.47405789350195,"False",10.1607772407597,9.54561522481773,5.00226358594773,-0.615162015941953,-4.54335163887,"monotonic_down","True","False","True","True","True","True","True","True","True","True","True",0.767966370239156,"Tier 2 - provisional",0.0751664496962874,0.718298957962695,FALSE
"CD163L1",-0.643276054228075,9.81932119948848e-07,-0.54756936494037,9.84169168760855e-05,-0.569897185043045,5.63819959191917e-05,-0.540315919729625,0.0001203304630549,-0.643728163265306,7.06886325411084e-07,0.897959183673469,6,"sex=Female;sex=Male;location=Left;location=Right;age_stratum=age_lower;age_stratum=age_upper",1,-0.862334718073944,-0.492711687969265,"False",4.68442423889895,4.04114818467088,3.37290153316512,-0.643276054228071,-0.668246651505762,"monotonic_down","True","False","True","True","True","True","True","True","True","True","True",0.76744148262272,"Tier 2 - provisional",-0.56033165222691,0.000591250430333413,TRUE
"IGSF10",1.40637171696065,8.91613993858218e-17,1.38797950354833,1.8880671177161e-14,1.40968192239501,1.31766891602544e-14,1.39173062403743,2.00973327372686e-14,1.40401910204082,2.75422725954512e-23,0.989795918367347,6,"sex=Female;sex=Male;location=Left;location=Right;age_stratum=age_lower;age_stratum=age_upper",1,1.25729791580902,1.60988992911898,"False",2.34985124683935,3.7562229638,2.30340700387365,1.40637171696065,-1.45281595992635,"adjacent_specific","True","True","True","True","True","True","True","True","True","True","True",0.767140685529508,"Tier 2 - provisional",0.854129535467516,9.25786065871831e-06,TRUE
"ADRA2A",-0.634459966460379,0.000208238776911,-0.682152834422811,0.0002375095319425,-0.539746871255399,0.0005752059303653,-0.68858441233046,0.0002115828171974,-0.634981387755102,0.0003369116401395,0.846938775510204,6,"sex=Female;sex=Male;location=Left;location=Right;age_stratum=age_lower;age_stratum=age_upper",1,-0.847626400379172,-0.467786226478989,"False",7.88635995350058,7.2518999870402,4.86458936627932,-0.634459966460378,-2.38731062076088,"monotonic_down","True","False","True","True","True","True","True","True","True","True","True",0.767033020075939,"Tier 2 - provisional",-0.237922016676508,0.37389868675737,FALSE
"RASSF6",-0.552357504568565,6.40710874838363e-07,-0.520595427121599,1.51247083987488e-05,-0.512617066941479,2.52413003202617e-05,-0.51627292419897,1.83239219796829e-05,-0.555222061224491,5.1922369121735e-09,0.86734693877551,6,"sex=Female;sex=Male;location=Left;location=Right;age_stratum=age_lower;age_stratum=age_upper",1,-0.678988901618209,-0.401593235920397,"False",6.15590735606344,5.60354985149488,4.58465435254172,-0.552357504568563,-1.01889549895316,"monotonic_down","True","False","True","True","True","True","True","True","True","True","True",0.766951471688777,"Tier 2 - provisional",-0.139989284529298,0.39905842348715,FALSE
"SLPI",0.630714396437341,0.0001552258361966,0.703313665946812,0.0001089714477548,0.579871519778809,0.000305972631301,0.707667690775035,0.0001036684261525,0.630963673469388,0.0002027903006527,0.816326530612245,6,"sex=Female;sex=Male;location=Left;location=Right;age_stratum=age_lower;age_stratum=age_upper",1,0.371779703875085,0.770874848300714,"False",8.3949249957443,9.02563939218164,9.01040709329193,0.630714396437343,-0.0152322988897122,"field_shift_then_plateau","True","False","True","True","True","True","True","True","True","True","True",0.766588246792143,"Tier 2 - provisional",0.677799460527174,0.00379114060945695,TRUE
"GALNT5",0.501823218461342,2.62683037294071e-06,0.550236754400377,2.05611500568874e-06,0.489571866088443,6.28430735731365e-06,0.549658666804527,2.31678586675559e-06,0.502115673469388,6.04724659266095e-07,0.806122448979592,6,"sex=Female;sex=Male;location=Left;location=Right;age_stratum=age_lower;age_stratum=age_upper",1,0.353671603010655,0.701835270781705,"False",3.85768056986419,4.35950378832553,4.43951946699596,0.501823218461343,0.0800156786704313,"field_shift_then_plateau","True","False","False","True","True","True","True","True","True","True","True",0.766512636578477,"Tier 2 - provisional",0.795041472582036,8.92420774413902e-09,TRUE
"LRRN4CL",1.21858018819463,1.03303766744472e-20,1.15191691995742,4.19162613246922e-17,1.14316480703411,1.19446516641912e-16,1.1700481762711,2.6971304803045e-18,1.2191642244898,8.30074386414193e-28,0.969387755102041,6,"sex=Female;sex=Male;location=Left;location=Right;age_stratum=age_lower;age_stratum=age_upper",1,1.11753161005549,1.26129970097335,"False",3.54617394582115,4.76475413401577,3.7153571612054,1.21858018819462,-1.04939697281037,"adjacent_specific","True","True","True","True","True","True","True","True","True","True","True",0.766318155445254,"Tier 2 - provisional",0.44950023366581,2.47924694680618e-05,FALSE
"MX2",1.52121619559085,2.16654403633331e-13,1.57674437309536,2.10103961783777e-12,1.63282180771676,3.53839997812389e-13,1.58866221933064,1.48369854282986e-12,1.52150604081633,3.70038724736671e-19,0.989795918367347,6,"sex=Female;sex=Male;location=Left;location=Right;age_stratum=age_lower;age_stratum=age_upper",1,1.23772733002437,1.9427399253453,"False",3.31998998993131,4.84120618552215,4.19500114437896,1.52121619559085,-0.646205041143198,"adjacent_specific","True","True","True","True","True","True","True","True","True","True","True",0.766006627547353,"Tier 2 - provisional",1.69674388117801,6.96710371830256e-10,TRUE
"ANPEP",-0.951811135490575,1.11424430162977e-05,-0.875696839653855,0.0001728766036443,-0.745576201150798,0.000572785521642,-0.889223989159289,0.0001328548897739,-0.950733102040814,7.43381471171133e-07,0.73469387755102,6,"sex=Female;sex=Male;location=Left;location=Right;age_stratum=age_lower;age_stratum=age_upper",1,-1.25886825231094,-0.490264759342962,"False",10.3487021689132,9.39689103342262,5.02854568236415,-0.951811135490573,-4.36834535105848,"monotonic_down","True","False","True","True","True","True","True","True","True","False","True",0.765807926612889,"Tier 2 - provisional",-0.099650468753322,0.788003741254345,FALSE
"RBP4",0.679293177959561,0.0015856233857363,0.791301923008388,0.0007197138099773,0.613641288309605,0.0020339253889088,0.779214834177166,0.0008584010539747,0.676463959183673,0.0021347439101766,0.806122448979592,6,"sex=Female;sex=Male;location=Left;location=Right;age_stratum=age_lower;age_stratum=age_upper",1,0.360280284666194,0.889685558404482,"False",4.85641609029568,5.53570926825524,5.89153509212782,0.67929317795956,0.355825823872581,"monotonic_up","True","False","True","True","True","True","True","True","True","True","True",0.765559345525715,"Tier 2 - provisional",0.494953131190027,0.124312349317778,FALSE
"KLRB1",-0.877574138985823,7.42789211099353e-07,-0.694705566237969,0.0002042891110348,-0.662739161516298,0.0004285831759313,-0.678908525824176,0.0002498606500183,-0.879630979591838,4.53639244540839e-08,0.826530612244898,6,"sex=Female;sex=Male;location=Left;location=Right;age_stratum=age_lower;age_stratum=age_upper",1,-1.1075708378294,-0.669062651855683,"False",6.27929748750264,5.40172334851682,4.12518609072491,-0.877574138985819,-1.27653725779191,"monotonic_down","True","False","True","True","True","True","True","True","True","True","True",0.765481590633429,"Tier 2 - provisional",-0.3361058751186,0.0331126385988053,FALSE
"MARVELD3",-0.60339283616473,4.75744697669331e-06,-0.53318989772456,0.0001877136957163,-0.485389283275091,0.0005495654093731,-0.539521745260717,0.0001582508566076,-0.599803224489795,1.61370565167265e-08,0.897959183673469,6,"sex=Female;sex=Male;location=Left;location=Right;age_stratum=age_lower;age_stratum=age_upper",1,-0.755939458216773,-0.358473852314338,"False",8.28891543613123,7.6855225999665,6.28093063564441,-0.603392836164731,-1.40459196432209,"monotonic_down","True","False","False","True","True","True","True","True","True","True","True",0.764411333503735,"Tier 2 - provisional",0.0758790706725302,0.702111532615327,FALSE
"SLMAP",0.843857929105197,1.09146590661683e-22,0.840606227835467,4.12411550748732e-20,0.853154609345875,2.44397592352488e-20,0.851976024222537,2.47371154917492e-21,0.842420959183674,1.0674712661045e-28,0.959183673469388,6,"sex=Female;sex=Male;location=Left;location=Right;age_stratum=age_lower;age_stratum=age_upper",1,0.750489108728472,0.974640733344668,"False",5.03362889945731,5.87748682856251,5.3066594489177,0.843857929105197,-0.570827379644813,"adjacent_specific","True","False","True","True","True","True","True","True","True","True","True",0.76410289233799,"Tier 2 - provisional",0.829911574410349,1.45856880729081e-14,TRUE
"SLC20A1",-0.718841571598061,5.72617096871873e-05,-0.751695209011102,0.0001171976173268,-0.589555838372578,0.0001961068427283,-0.757449853910823,0.0001080561289804,-0.721898081632652,4.07915103263574e-05,0.775510204081633,6,"sex=Female;sex=Male;location=Left;location=Right;age_stratum=age_lower;age_stratum=age_upper",1,-0.939306529687865,-0.437920667644292,"False",10.1596919536189,9.44085038202083,8.30817219895696,-0.718841571598055,-1.13267818306387,"monotonic_down","True","False","True","True","True","True","True","True","True","False","True",0.763987409923913,"Tier 2 - provisional",-0.136746076990185,0.640306549420307,FALSE
"AQP8",-0.981344449137425,3.25706977129802e-05,-0.829772713850763,0.0011684953889616,-0.749149886283955,0.0030510453192411,-0.843480704287063,0.0009435618604565,-0.980490204081633,9.54151160795027e-08,0.785714285714286,6,"sex=Female;sex=Male;location=Left;location=Right;age_stratum=age_lower;age_stratum=age_upper",1,-1.11795716179499,-0.699229003976411,"False",11.4336513005547,10.4523068514172,3.83282549995166,-0.981344449137428,-6.61948135146559,"monotonic_down","True","False","True","True","True","True","True","True","True","False","True",0.76388847035604,"Tier 2 - provisional",-0.217038080106698,0.581575076098307,FALSE
"MYL9",2.12245368375788,5.06976210520181e-12,1.94017953170927,2.85675690879976e-09,1.8952515845766,7.66275410251134e-09,1.95691288245444,2.14331893787686e-09,2.1214933877551,2.31706526056914e-17,0.948979591836735,6,"sex=Female;sex=Male;location=Left;location=Right;age_stratum=age_lower;age_stratum=age_upper",1,1.78308152205106,2.42277629643467,"False",5.62700103870822,7.7494547224661,6.39123551001045,2.12245368375788,-1.35821921245565,"adjacent_specific","True","True","True","True","True","True","True","True","True","True","True",0.763753670481949,"Tier 2 - provisional",0.150217142519619,0.680675941233554,FALSE
"TWSG1",0.628679801692058,1.0095329396628e-06,0.619135422733903,9.73140602194248e-06,0.53981155075037,2.94174354031075e-05,0.631262537582626,5.4107052372342e-06,0.626620448979591,1.31177612664438e-07,0.785714285714286,6,"sex=Female;sex=Male;location=Left;location=Right;age_stratum=age_lower;age_stratum=age_upper",1,0.477678167947981,0.650539204012952,"False",6.43908278720575,7.06776258889781,7.06930266979428,0.628679801692059,0.0015400808964711,"field_shift_then_plateau","True","False","True","True","True","True","True","True","True","False","True",0.763696173919205,"Tier 2 - provisional",0.0195272906738497,0.931114791068575,FALSE
"PITX2",-2.71036326709979,1.51386333877372e-09,-2.88011597773925,3.04468105440519e-09,-2.41351986612183,8.95589594122436e-12,-2.88204931819833,3.48126323088388e-09,-2.70953228571429,1.7769047213035e-09,0.918367346938776,6,"sex=Female;sex=Male;location=Left;location=Right;age_stratum=age_lower;age_stratum=age_upper",1,-3.24677218507576,-1.49155543179319,"False",8.72435906619999,6.01399579910021,7.7108331115527,-2.71036326709979,1.69683731245249,"adjacent_specific","True","True","True","True","True","True","True","True","True","True","True",0.763455750956763,"Tier 2 - provisional",-1.84388339605288,0.00156450103405247,TRUE
"PROM1",-0.564895033986387,1.56671152534074e-06,-0.545177610736926,2.0444696476455e-05,-0.472205709492256,6.32453479676591e-05,-0.550048917164676,1.77798000476269e-05,-0.566987836734694,1.63420355139758e-07,0.836734693877551,6,"sex=Female;sex=Male;location=Left;location=Right;age_stratum=age_lower;age_stratum=age_upper",1,-0.663841915896007,-0.4439612482406,"False",6.54068575776933,5.97579072378295,5.89928328319908,-0.564895033986385,-0.0765074405838657,"field_shift_then_plateau","True","False","False","True","True","True","True","True","True","True","True",0.763399209411082,"Tier 2 - provisional",-0.0526164897323968,0.78697415011377,FALSE
"UFM1",-0.798844172094202,2.25181916897702e-25,-0.767742509468091,1.62873086675174e-21,-0.785236541846558,2.8385262413499e-22,-0.767752880887879,2.35506855728227e-21,-0.799011673469387,1.49603834807251e-24,0.959183673469388,6,"sex=Female;sex=Male;location=Left;location=Right;age_stratum=age_lower;age_stratum=age_upper",1,-0.820627009766372,-0.733539735895421,"False",7.03220271757093,6.23335854547672,7.36929820754344,-0.798844172094204,1.13593966206671,"adjacent_specific","True","False","True","True","True","True","True","True","True","True","True",0.763293561171919,"Tier 2 - provisional",-0.754563241713203,2.40073952721719e-15,TRUE
"GAP43",0.706686158093898,1.82795676296705e-36,0.684042149081444,6.10579320130173e-32,0.684302587324938,2.01316629792839e-31,0.683907677014491,9.54399507073013e-32,0.711081551020408,4.83782770287477e-46,1,6,"sex=Female;sex=Male;location=Left;location=Right;age_stratum=age_lower;age_stratum=age_upper",1,0.669351142322761,0.732653651637841,"False",2.4158930074667,3.1225791655606,2.532580254453,0.706686158093897,-0.589998911107597,"adjacent_specific","True","False","True","True","True","True","True","True","True","True","True",0.763145867791532,"Tier 2 - provisional",0.530135357627567,1.60186715947216e-19,TRUE
"SLIT2",1.3350701394233,1.01039039521666e-17,1.30597635790958,4.24833750174659e-15,1.27965919631015,1.49717262539876e-14,1.32302063940166,9.29506035885604e-16,1.33602616326531,2.70939095687577e-24,0.969387755102041,6,"sex=Female;sex=Male;location=Left;location=Right;age_stratum=age_lower;age_stratum=age_upper",1,1.22312523224991,1.42873447774536,"False",3.94670619014435,5.28177632956764,3.84692026444726,1.3350701394233,-1.43485606512039,"adjacent_specific","True","True","True","True","True","True","True","True","True","True","True",0.762994997642334,"Tier 2 - provisional",0.428417007723503,0.0014329995083088,FALSE
"PAQR5",-0.601263953548798,1.16726355406941e-06,-0.557309020973894,3.24081425649106e-05,-0.512541833259436,0.0001003053209041,-0.555784746212758,3.62004563381026e-05,-0.602911387755102,1.03428982975149e-08,0.836734693877551,6,"sex=Female;sex=Male;location=Left;location=Right;age_stratum=age_lower;age_stratum=age_upper",1,-0.700280883852598,-0.39952990366947,"False",6.49677064530476,5.89550669175596,4.05437599622996,-0.601263953548794,-1.84113069552601,"monotonic_down","True","False","True","True","True","True","True","True","True","True","True",0.76283664247592,"Tier 2 - provisional",0.0139760758802258,0.949240006800739,FALSE
"TSHZ2",0.7240812219013,4.60979433021718e-27,0.700002965337047,3.51970879617904e-23,0.691392892989433,1.5050341480192e-22,0.702138519606279,3.60891727934253e-23,0.73753436734694,8.58619393706241e-34,0.989795918367347,6,"sex=Female;sex=Male;location=Left;location=Right;age_stratum=age_lower;age_stratum=age_upper",1,0.656252892014424,0.791576004710981,"False",2.74953159891631,3.47361282081761,3.26414256116266,0.724081221901299,-0.20947025965495,"non_monotonic","True","False","True","True","True","True","True","True","True","True","True",0.762828200147981,"Tier 2 - provisional",0.440569938093321,2.12731620472033e-11,FALSE
"ABHD3",-0.581173989921207,1.19360879545639e-06,-0.49855145490902,0.0001048440160135,-0.488043670032553,0.0001738572253707,-0.505960105800546,7.99023213893319e-05,-0.576911693877552,4.1784908403324e-09,0.887755102040816,6,"sex=Female;sex=Male;location=Left;location=Right;age_stratum=age_lower;age_stratum=age_upper",1,-0.63247677162018,-0.44973734017292,"False",9.56786994819987,8.98669595827867,6.86628055964372,-0.581173989921203,-2.12041539863495,"monotonic_down","True","False","False","True","True","True","True","True","True","True","True",0.762286235298675,"Tier 2 - provisional",0.0491602045250468,0.793580203373803,FALSE
"ZNF853",0.586252117333058,5.37503643219214e-07,0.52514849812799,3.11592598481976e-05,0.525073500420701,3.92957607974901e-05,0.534681783416595,1.99922034271363e-05,0.586003346938775,1.69360620409585e-10,0.846938775510204,6,"sex=Female;sex=Male;location=Left;location=Right;age_stratum=age_lower;age_stratum=age_upper",1,0.495405758934884,0.655354787377162,"False",4.04424337846731,4.63049549580037,4.5845899324027,0.586252117333056,-0.0459055633976701,"field_shift_then_plateau","True","False","True","True","True","True","True","True","True","True","True",0.762119095417991,"Tier 2 - provisional",-0.107302638559855,0.467836962668492,FALSE
"CSRNP1",0.936019836476369,2.18791108291065e-22,0.894622580598616,7.36264441789028e-19,0.912432915749067,2.59686600790311e-19,0.898983115684125,5.9139543661843e-19,0.936237979591835,3.52314533541613e-29,0.979591836734694,6,"sex=Female;sex=Male;location=Left;location=Right;age_stratum=age_lower;age_stratum=age_upper",1,0.795263344235829,0.985065385986786,"False",5.5992678862347,6.53528772271106,5.90608181105302,0.936019836476367,-0.629205911658042,"adjacent_specific","True","False","True","True","True","True","True","True","True","True","True",0.761935919386696,"Tier 2 - provisional",0.765506976703212,3.9827378937715e-11,TRUE
"DOCK11",0.588972443071036,8.93894539408507e-07,0.557885635844328,1.7603272836546e-05,0.552884921749889,2.63344771541248e-05,0.57362626356179,6.57040695361903e-06,0.589211142857144,1.14726648997694e-08,0.816326530612245,6,"sex=Female;sex=Male;location=Left;location=Right;age_stratum=age_lower;age_stratum=age_upper",1,0.481162002549532,0.704933847768801,"False",5.38708603523092,5.97605847830195,6.71015265761436,0.588972443071035,0.734094179312407,"monotonic_up","True","False","True","True","True","True","True","True","True","True","True",0.76185566821748,"Tier 2 - provisional",-0.00663735653400438,0.969597721996512,FALSE
"ECM2",1.36278875670442,6.28452108182888e-18,1.29568943172811,8.79128167997696e-15,1.27256059354913,2.97185800122889e-14,1.30709075386349,4.60321221079151e-15,1.36276518367347,8.44211165718208e-25,0.979591836734694,6,"sex=Female;sex=Male;location=Left;location=Right;age_stratum=age_lower;age_stratum=age_upper",1,1.25007035580786,1.47174299156952,"False",2.64631610785135,4.00910486455576,3.26372733241813,1.36278875670441,-0.745377532137629,"adjacent_specific","True","True","True","True","True","True","True","True","True","True","True",0.761461991832437,"Tier 2 - provisional",0.548557304555478,0.000313938449882234,TRUE
"MIER3",-0.548323321849843,1.61581450700651e-06,-0.515612090029672,3.21433805940411e-05,-0.451318788116527,0.0001060776640029,-0.519554428941235,2.89280029848136e-05,-0.548479714285716,2.68145222594647e-08,0.846938775510204,6,"sex=Female;sex=Male;location=Left;location=Right;age_stratum=age_lower;age_stratum=age_upper",1,-0.651357263910583,-0.30039674857801,"False",7.99080417377723,7.44248085192739,5.34708593989893,-0.548323321849844,-2.09539491202846,"monotonic_down","True","False","False","True","True","True","True","True","True","True","True",0.761341463285081,"Tier 2 - provisional",0.0202000922706557,0.915445061508053,FALSE
"CRLS1",-0.687359147053125,6.18132138820631e-29,-0.656551786162088,1.17656106754955e-24,-0.666692585842161,5.37616539587978e-25,-0.651944714094967,1.13281567963613e-24,-0.687124204081632,2.91874506143313e-28,1,6,"sex=Female;sex=Male;location=Left;location=Right;age_stratum=age_lower;age_stratum=age_upper",1,-0.783427459672904,-0.576756849575425,"False",8.87018457305094,8.18282542599781,8.87494937235877,-0.687359147053128,0.69212394636096,"adjacent_specific","True","False","True","True","True","True","True","True","True","True","True",0.761182270440149,"Tier 2 - provisional",-0.710210345044927,2.24911377079087e-20,TRUE
"SGK1",1.37732979750921,7.61471778835521e-14,1.49520774106521,3.60543888944536e-14,1.50263553054724,5.16437526243784e-14,1.49193550703181,4.94248571285875e-14,1.37854779591837,4.12142009341449e-16,0.908163265306122,6,"sex=Female;sex=Male;location=Left;location=Right;age_stratum=age_lower;age_stratum=age_upper",1,1.25324073033085,1.58982420790332,"False",8.38407499185262,9.76140478936183,7.18626269141698,1.3773297975092,-2.57514209794485,"adjacent_specific","True","True","True","True","True","True","True","True","True","True","True",0.761131318413642,"Tier 2 - provisional",1.85319501973204,8.10536268373209e-15,TRUE
"POSTN",0.551170882838802,3.74037851444594e-05,0.624364468766699,1.71213240274361e-05,0.591828031973009,4.49510787067515e-05,0.634758588485063,1.1348873528494e-05,0.551246040816328,7.35073216174562e-05,0.775510204081633,6,"sex=Female;sex=Male;location=Left;location=Right;age_stratum=age_lower;age_stratum=age_upper",1,0.368113267332455,0.658916981571005,"False",7.38407420416108,7.93524508699988,8.37603849675982,0.551170882838801,0.440793409759938,"monotonic_up","True","False","True","True","True","True","True","True","True","False","True",0.760859367305488,"Tier 2 - provisional",0.25121737343443,0.183108970973727,FALSE
"DDIT4",0.567023131650102,1.32309163296574e-06,0.535502522936072,2.61973726691564e-05,0.541304700056573,2.69743229018307e-05,0.550726669157486,1.02272133765064e-05,0.564241020408163,4.39369436980966e-08,0.826530612244898,6,"sex=Female;sex=Male;location=Left;location=Right;age_stratum=age_lower;age_stratum=age_upper",1,0.37187910880559,0.666598999771963,"False",5.90151246747775,6.46853559912785,7.85285632776832,0.567023131650099,1.38432072864047,"monotonic_up","True","False","True","True","True","True","True","True","True","True","True",0.760481283829199,"Tier 2 - provisional",0.460288176478608,0.00362235840990187,FALSE
"PRSS3",-0.577201402650017,2.85021013409208e-05,-0.511079807144026,0.0006446347552554,-0.510875897818665,0.000775817260597,-0.517318580958199,0.0005571393080032,-0.577835510204082,4.29820938419833e-08,0.908163265306122,6,"sex=Female;sex=Male;location=Left;location=Right;age_stratum=age_lower;age_stratum=age_upper",1,-0.67569628084801,-0.430009461198617,"False",9.68019852240094,9.10299711975093,8.24420775471273,-0.577201402650015,-0.858789365038202,"monotonic_down","True","False","True","True","True","True","True","True","True","True","True",0.76046249757801,"Tier 2 - provisional",0.112096091935913,0.582685016056252,FALSE
"BARX2",-0.529240718853586,8.5555674805926e-07,-0.504895198386638,1.3282460334564e-05,-0.49004240019249,2.73549840400572e-05,-0.500354845142411,1.62061105129313e-05,-0.530778714285713,6.31481524776708e-08,0.826530612244898,6,"sex=Female;sex=Male;location=Left;location=Right;age_stratum=age_lower;age_stratum=age_upper",1,-0.69324921362253,-0.425463558274144,"False",5.4974004081288,4.96815968927522,3.40686484149368,-0.529240718853585,-1.56129484778154,"monotonic_down","True","False","False","True","True","True","True","True","True","True","True",0.76040204072225,"Tier 2 - provisional",-0.111818991428623,0.494712113652628,FALSE
"HSPB8",2.06345955219666,2.6546028285632e-11,1.87437236445797,1.23242617960456e-08,1.85297446997193,2.42603604030681e-08,1.88913146205681,9.87328063839095e-09,2.06209216326531,1.1458963087718e-16,0.989795918367347,6,"sex=Female;sex=Male;location=Left;location=Right;age_stratum=age_lower;age_stratum=age_upper",1,1.69292188305545,2.37760165296945,"False",3.2613570070419,5.32481655923856,3.66904793302667,2.06345955219666,-1.65576862621189,"adjacent_specific","True","True","True","True","True","True","True","True","True","True","True",0.760349150691119,"Tier 2 - provisional",0.113662744769349,0.773629408831638,FALSE
"DRD5",-0.748174649998161,0.0006945283908285,-0.791560231676022,0.0009686349748998,-0.642903861122379,0.0032049841411442,-0.783804132174527,0.0011093312045899,-0.746628693877552,0.002553017951652,0.775510204081633,6,"sex=Female;sex=Male;location=Left;location=Right;age_stratum=age_lower;age_stratum=age_upper",1,-1.48280704297012,-0.219036740384075,"False",3.65571926171039,2.90754461171223,2.55453677559397,-0.74817464999816,-0.353007836118258,"monotonic_down","True","False","True","True","True","True","True","True","True","False","True",0.760283187515361,"Tier 2 - provisional",-0.484757318589666,0.14643090068351,FALSE
"PCDHB14",0.588745694235944,2.67055816254656e-07,0.501822881096635,3.86897428793605e-05,0.505996080489762,4.17907957742295e-05,0.51418818552606,1.91822106346635e-05,0.587235142857143,3.75551656110351e-09,0.846938775510204,6,"sex=Female;sex=Male;location=Left;location=Right;age_stratum=age_lower;age_stratum=age_upper",1,0.363009515963569,0.828216245452101,"False",3.07573305454164,3.66447874877758,4.61602219808968,0.588745694235942,0.951543449312092,"monotonic_up","True","False","True","True","True","True","True","True","True","True","True",0.759781489125949,"Tier 2 - provisional",0.00303286569717592,0.988086249770502,FALSE
"FLRT3",-0.685111135185879,0.0006152261881887,-0.699010001172,0.0014491938744526,-0.578618846847582,0.0047728779544885,-0.684036324217661,0.0017359132140577,-0.689267265306123,0.0010998767206436,0.826530612244898,6,"sex=Female;sex=Male;location=Left;location=Right;age_stratum=age_lower;age_stratum=age_upper",1,-0.858110574918425,-0.31964221825575,"False",6.84929915565933,6.16418802047346,5.63873919457695,-0.685111135185877,-0.525448825896503,"monotonic_down","True","False","True","True","True","True","True","True","True","True","True",0.759711326906828,"Tier 2 - provisional",-0.631628438277592,0.0300589243037946,TRUE
"THOP1",-0.527192222808952,1.21868496909011e-06,-0.520728187557537,9.77443995341024e-06,-0.506230240018889,1.99942096721408e-05,-0.525061551694055,8.56947263283101e-06,-0.527450285714287,2.42399536426783e-07,0.806122448979592,6,"sex=Female;sex=Male;location=Left;location=Right;age_stratum=age_lower;age_stratum=age_upper",1,-0.634460392707292,-0.301248469055943,"False",7.51098805006199,6.98379582725304,6.97797108522931,-0.527192222808951,-0.0058247420237229,"field_shift_then_plateau","True","False","True","True","True","True","True","True","True","True","True",0.759568849801284,"Tier 2 - provisional",-0.162499962185926,0.296089627351623,FALSE
"GLT8D2",0.574364674842126,8.70324388252614e-07,0.542358481765348,1.80915668901429e-05,0.527458207380472,3.59151793259805e-05,0.555369812079742,8.57382825616326e-06,0.573834693877552,5.46563279939205e-10,0.806122448979592,6,"sex=Female;sex=Male;location=Left;location=Right;age_stratum=age_lower;age_stratum=age_upper",1,0.499659470367821,0.64247539859687,"False",4.00069582587696,4.57506050071909,4.51655719556144,0.574364674842125,-0.0585033051576457,"field_shift_then_plateau","True","False","True","True","True","True","True","True","True","True","True",0.759203982964305,"Tier 2 - provisional",-0.14048142555088,0.259253128972733,FALSE
"S100A8",1.20430477788532,1.88174569067488e-05,0.983228453966019,0.001123438685429,0.977990093932982,0.0014023119210157,1.00734681502851,0.0007628686046458,1.20323979591837,4.17736006266642e-08,0.673469387755102,6,"sex=Female;sex=Male;location=Left;location=Right;age_stratum=age_lower;age_stratum=age_upper",1,0.441067209698319,1.61883258317336,"False",4.84412536202889,6.04843013991421,6.60225714245053,1.20430477788532,0.553827002536321,"monotonic_up","True","False","True","True","True","True","True","True","False","False","True",0.758936592286461,"Tier 2 - provisional",-0.172111293432473,0.690155179628179,FALSE
"ANGPTL1",1.68646602661649,4.10376920389301e-13,1.64294677267722,3.80047726588836e-11,1.56732225434529,1.36125392423181e-10,1.659346426389,2.25023206665955e-11,1.68241212244898,2.26113464339819e-18,0.969387755102041,6,"sex=Female;sex=Male;location=Left;location=Right;age_stratum=age_lower;age_stratum=age_upper",1,1.46368478949904,1.96201925498829,"False",2.98187768369718,4.66834371031366,2.50215526888981,1.68646602661648,-2.16618844142385,"adjacent_specific","True","True","True","True","True","True","True","True","True","True","True",0.758838462070337,"Tier 2 - provisional",0.44134861348782,0.0758779091010031,FALSE
"MLLT11",1.34933904427886,4.9539131015243e-17,1.28681369687364,4.77878334330691e-14,1.28513196493434,9.29538555054784e-14,1.29902791810216,2.36899367406059e-14,1.34735889795918,1.15144653734571e-23,1,6,"sex=Female;sex=Male;location=Left;location=Right;age_stratum=age_lower;age_stratum=age_upper",1,1.20735095307275,1.49236660829432,"False",3.05092839050904,4.40026743478789,3.8450263317392,1.34933904427886,-0.555241103048696,"adjacent_specific","True","True","True","True","True","True","True","True","True","True","True",0.758491568767632,"Tier 2 - provisional",0.438428361079489,0.00382018541665411,FALSE
"NAP1L5",1.52532518723021,2.46524716366326e-16,1.4320748087284,3.3684121329813e-13,1.40860570680157,1.04006869037745e-12,1.45381933176064,6.87724596575427e-14,1.5315472244898,1.0352261252783e-22,0.969387755102041,6,"sex=Female;sex=Male;location=Left;location=Right;age_stratum=age_lower;age_stratum=age_upper",1,1.38160683569664,1.64248208331628,"False",3.16062217376631,4.68594736099651,4.07658673177243,1.52532518723021,-0.609360629224085,"adjacent_specific","True","True","True","True","True","True","True","True","True","True","True",0.758436271187973,"Tier 2 - provisional",0.322633247835945,0.0395374354726959,FALSE
"PARP8",0.537940642649603,5.07900567474782e-05,0.580855108217235,5.72837097151616e-05,0.498217331019185,0.0001846560261316,0.585928326970415,5.11832587133775e-05,0.539809387755102,1.6547470243871e-05,0.806122448979592,6,"sex=Female;sex=Male;location=Left;location=Right;age_stratum=age_lower;age_stratum=age_upper",1,0.308227278344187,0.74303057023698,"False",4.14198447012641,4.67992511277601,5.19285443038198,0.537940642649601,0.512929317605968,"monotonic_up","True","False","False","True","True","True","True","True","True","True","True",0.758378349474824,"Tier 2 - provisional",0.594169192459787,0.00109072434031211,TRUE
"FCGR3B",0.716041997654404,1.37708316183422e-05,0.603844641224313,0.0006587481114907,0.596055068284099,0.0009143090181209,0.611325520725043,0.0005683928296435,0.712256612244897,1.12607494123532e-08,0.846938775510204,6,"sex=Female;sex=Male;location=Left;location=Right;age_stratum=age_lower;age_stratum=age_upper",1,0.446175012473954,0.987699907431345,"False",2.18468191527152,2.90072391292593,3.6687172066858,0.716041997654404,0.767993293759872,"monotonic_up","True","False","True","True","True","True","True","True","True","True","True",0.758275018137621,"Tier 2 - provisional",0.000869308415866428,0.997467653421497,FALSE
"RASIP1",0.95752800422012,2.08067747148877e-21,0.912811089849062,6.25503575304532e-18,0.914299980724537,1.2386550059416e-17,0.916097035020881,6.09097394519566e-18,0.953821836734694,1.80246776326731e-27,0.989795918367347,6,"sex=Female;sex=Male;location=Left;location=Right;age_stratum=age_lower;age_stratum=age_upper",1,0.816207356624602,1.01135101922813,"False",2.64767260891185,3.60520061313196,3.44440836609897,0.957528004220119,-0.160792247032998,"non_monotonic","True","False","True","True","True","True","True","True","True","True","True",0.758055710495893,"Tier 2 - provisional",0.452106901146878,2.11671086899565e-06,FALSE
"LMNA",0.620431081705715,2.49666381716264e-28,0.612363319142282,7.86334691776626e-25,0.606184583359939,3.54441033293903e-24,0.615159807188453,5.48144695136343e-25,0.621052734693878,7.92324012866426e-33,1,6,"sex=Female;sex=Male;location=Left;location=Right;age_stratum=age_lower;age_stratum=age_upper",1,0.500614285714754,0.69874454498799,"False",8.22420645180269,8.84463753350841,8.22390151468931,0.620431081705712,-0.620736018819096,"adjacent_specific","True","False","True","True","True","True","True","True","True","True","True",0.758025951367306,"Tier 2 - provisional",0.601439410644017,1.54931023479658e-18,TRUE
"IGKC",-0.671831104480736,2.92478085789769e-05,-0.681545257485777,0.0001054515871227,-0.698726615145976,8.34674211739833e-05,-0.668556317638524,0.0001309294971779,-1.16100093877551,2.96517897048617e-08,0.76530612244898,6,"sex=Female;sex=Male;location=Left;location=Right;age_stratum=age_lower;age_stratum=age_upper",1,-0.994327993696841,-0.478081872634292,"False",5.09192033724613,4.42008923276539,3.66892662844818,-0.671831104480736,-0.751162604317213,"monotonic_down","True","False","True","True","True","True","True","True","True","False","True",0.757846585023332,"Tier 2 - provisional",-0.71430079924056,0.000616819302368525,TRUE
"NSMCE2",-0.695184401557318,2.47996138183383e-29,-0.690648695191444,5.73124220502984e-26,-0.702199230333842,1.83245989389207e-26,-0.687672181336487,8.47732330182886e-26,-0.695992326530613,2.22179510193132e-28,0.959183673469388,6,"sex=Female;sex=Male;location=Left;location=Right;age_stratum=age_lower;age_stratum=age_upper",1,-0.759226154917091,-0.62745042632919,"False",7.63587966557106,6.94069526401374,7.62440630870137,-0.695184401557318,0.683711044687631,"adjacent_specific","True","False","True","True","True","True","True","True","True","True","True",0.757786860152159,"Tier 2 - provisional",-0.854825758035531,1.92011239877092e-28,TRUE
"NID1",0.682331350058395,1.20681042472362e-06,0.649034411896599,2.07001334714503e-05,0.643852795754794,3.02811854829478e-05,0.662565411451274,1.15949303764898e-05,0.690169387755101,6.61543198154118e-10,0.744897959183674,6,"sex=Female;sex=Male;location=Left;location=Right;age_stratum=age_lower;age_stratum=age_upper",1,0.57749376859499,0.729894471811058,"False",4.72575261956712,5.40808396962552,5.64738036793378,0.682331350058395,0.23929639830826,"monotonic_up","True","False","True","True","True","True","True","True","True","False","True",0.757659501120756,"Tier 2 - provisional",-0.231307297090085,0.0852982377337067,FALSE
"PTN",1.4705788734387,1.89406817738536e-14,1.49808080484748,5.02674459069112e-13,1.41102744570962,1.21086927560517e-12,1.51078132992836,3.0700235197167e-13,1.4682952244898,2.02847271364345e-16,0.938775510204082,6,"sex=Female;sex=Male;location=Left;location=Right;age_stratum=age_lower;age_stratum=age_upper",1,1.35881415384209,1.51060521654716,"False",4.6577235152477,6.1283023886864,3.86965240949105,1.4705788734387,-2.25864997919535,"adjacent_specific","True","True","True","True","True","True","True","True","True","True","True",0.757535938809331,"Tier 2 - provisional",0.532193199191363,0.00352548995774576,TRUE
"MYOC",1.52733315003492,8.91183858777547e-16,1.45468240029999,5.04963371935515e-13,1.40917076439929,1.86223702322996e-12,1.46877768187197,2.6673301058793e-13,1.52755691836735,5.77005805268699e-22,0.959183673469388,6,"sex=Female;sex=Male;location=Left;location=Right;age_stratum=age_lower;age_stratum=age_upper",1,1.24079648929809,1.70314176424314,"False",2.43990567371807,3.967238823753,2.42348460220542,1.52733315003492,-1.54375422154758,"adjacent_specific","True","True","True","True","True","True","True","True","True","True","True",0.757337411393904,"Tier 2 - provisional",0.776260693431156,0.000344410725941107,TRUE
"SLC1A1",-0.548784530729047,5.44967688352382e-07,-0.518100007711634,1.27618607776188e-05,-0.493146548759995,3.28912417905493e-05,-0.524343786887633,9.93986945435647e-06,-0.548664999999999,4.38229985414551e-08,0.795918367346939,6,"sex=Female;sex=Male;location=Left;location=Right;age_stratum=age_lower;age_stratum=age_upper",1,-0.7828201548351,-0.369506027691465,"False",6.51451949746124,5.96573496673219,4.43420970828635,-0.54878453072905,-1.53152525844584,"monotonic_down","True","False","False","True","True","True","True","True","True","False","True",0.75709609586837,"Tier 2 - provisional",-0.148811191247867,0.352757319827224,FALSE
"BEST2",-0.623621344658894,0.0007909786447844,-0.708383256045368,0.0004648980378856,-0.746236931543995,0.0002405480062489,-0.716997480280311,0.0003969370430737,-0.624527551020409,0.0001897952061101,0.775510204081633,6,"sex=Female;sex=Male;location=Left;location=Right;age_stratum=age_lower;age_stratum=age_upper",1,-0.94958799222037,-0.360706623790972,"False",8.14249488877554,7.51887354411665,3.66336453823184,-0.623621344658894,-3.85550900588481,"monotonic_down","True","False","True","True","True","True","True","True","True","False","True",0.756619135206076,"Tier 2 - provisional",-0.432001937434848,0.12048444524893,FALSE
"PKP2",-0.546466293515824,2.09017434207262e-05,-0.503746481101252,0.0003129711056469,-0.467979607616,0.0007857333026865,-0.501224886129664,0.0003502454280359,-0.546733183673471,7.32924945347891e-08,0.86734693877551,6,"sex=Female;sex=Male;location=Left;location=Right;age_stratum=age_lower;age_stratum=age_upper",1,-0.614515072643828,-0.457879736487756,"False",8.61875085651534,8.07228456299952,7.42809725141316,-0.546466293515826,-0.644187311586354,"monotonic_down","True","False","False","True","True","True","True","True","True","True","True",0.756349281017045,"Tier 2 - provisional",0.0304862290069129,0.895596140669826,FALSE
"ZNHIT3",-0.60940391113673,1.28559818536937e-27,-0.608956521333446,1.47818226218924e-24,-0.617175244466084,9.24364036306275e-25,-0.602278091948671,5.26819784877093e-25,-0.609194979591834,5.20078156331341e-26,0.989795918367347,6,"sex=Female;sex=Male;location=Left;location=Right;age_stratum=age_lower;age_stratum=age_upper",1,-0.669404972371302,-0.529583406563362,"False",8.31081112812221,7.70140721698549,8.22041907659869,-0.609403911136727,0.519011859613206,"adjacent_specific","True","False","True","True","True","True","True","True","True","True","True",0.756324882719153,"Tier 2 - provisional",-0.742673659952422,2.91447044267238e-26,TRUE
"MEOX2",1.51051708400331,7.43333848430353e-16,1.42920927835336,6.31658317088122e-13,1.39341990534771,2.21430788303493e-12,1.44132040823258,3.96618405228396e-13,1.51289469387755,2.46863796560793e-22,0.969387755102041,6,"sex=Female;sex=Male;location=Left;location=Right;age_stratum=age_lower;age_stratum=age_upper",1,1.28683416493294,1.64727172302843,"False",2.50109309885608,4.01161018285939,2.84164339013072,1.51051708400331,-1.16996679272867,"adjacent_specific","True","True","True","True","True","True","True","True","True","True","True",0.756281183333398,"Tier 2 - provisional",0.433545928971192,0.0168874069399577,FALSE
"PHF5A",-0.604827906916153,9.95821257007882e-26,-0.587051443615421,4.75529249099966e-22,-0.599005789498373,1.19090747049273e-22,-0.579652694863896,1.63698744652938e-22,-0.605654979591836,2.65471992946948e-19,1,6,"sex=Female;sex=Male;location=Left;location=Right;age_stratum=age_lower;age_stratum=age_upper",1,-0.651086695396845,-0.517014536143981,"False",8.02441406651406,7.41958615959791,7.86319210943408,-0.60482790691615,0.443605949836164,"non_monotonic","True","False","True","True","True","True","True","True","True","True","True",0.756217960258244,"Tier 2 - provisional",-0.628590892258772,6.39057252396406e-18,TRUE
"SLC17A4",-0.667071943135364,2.65303880623437e-06,-0.572899919655569,0.0001785982886313,-0.537040563508127,0.0004376829076872,-0.571345921408284,0.0001957313582914,-0.667423755102043,2.40262117919407e-08,0.816326530612245,6,"sex=Female;sex=Male;location=Left;location=Right;age_stratum=age_lower;age_stratum=age_upper",1,-0.721232943130156,-0.541464171153739,"False",6.02367094749756,5.3565990043622,2.90611750514462,-0.667071943135359,-2.45048149921758,"monotonic_down","True","False","True","True","True","True","True","True","True","True","True",0.755740375112392,"Tier 2 - provisional",0.078776139535361,0.70448470173155,FALSE
"OLFM1",0.926980181684807,2.18797020465693e-21,0.893101488205707,5.35201809302971e-18,0.84871318468934,6.52483872006844e-18,0.900255080668578,2.4724518361779e-18,0.926926795918368,3.50461140062649e-24,0.979591836734694,6,"sex=Female;sex=Male;location=Left;location=Right;age_stratum=age_lower;age_stratum=age_upper",1,0.822195402666341,0.94053260813923,"False",3.07496780766961,4.00194798935441,2.85593228999599,0.926980181684806,-1.14601569935842,"adjacent_specific","True","False","True","True","True","True","True","True","True","True","True",0.755673814598664,"Tier 2 - provisional",0.393629093332534,3.65104374792339e-06,FALSE
"APOBEC1",-1.73501411221744,4.64336797545249e-12,-1.73634868422787,1.42776677826993e-10,-1.55587785859471,7.31828229641554e-11,-1.74658637367418,1.25386416212754e-10,-1.73234902040816,3.29835025739288e-12,0.928571428571429,6,"sex=Female;sex=Male;location=Left;location=Right;age_stratum=age_lower;age_stratum=age_upper",1,-2.07606994648718,-1.33224530621175,"False",6.91551461970588,5.18050050748844,5.93243800703685,-1.73501411221744,0.751937499548408,"adjacent_specific","True","True","True","True","True","True","True","True","True","True","True",0.755573272437635,"Tier 2 - provisional",-1.04755086235178,0.00076498898579081,TRUE
"ATF1",-0.597604413292717,1.49205561682797e-27,-0.577961479598343,1.15495793021796e-23,-0.582443679756565,1.51322586563052e-23,-0.577704570554327,1.83866100513745e-23,-0.59761306122449,6.01403366092845e-27,1,6,"sex=Female;sex=Male;location=Left;location=Right;age_stratum=age_lower;age_stratum=age_upper",1,-0.637836783297566,-0.565483021245949,"False",6.47228430300845,5.87467988971574,6.07045527022139,-0.597604413292714,0.195775380505647,"non_monotonic","True","False","True","True","True","True","True","True","True","True","True",0.755568677114167,"Tier 2 - provisional",-0.523190724138237,3.18966239384706e-15,TRUE
"GXYLT2",-0.535568399851369,1.58434812717294e-06,-0.515332702252127,2.1041198849771e-05,-0.463983155713203,7.04158332804809e-05,-0.514892546182306,2.30008921578779e-05,-0.535338448979592,7.72136295965615e-06,0.795918367346939,6,"sex=Female;sex=Male;location=Left;location=Right;age_stratum=age_lower;age_stratum=age_upper",1,-0.693998879673088,-0.332329626995827,"False",5.41916818560414,4.88359978575277,4.79068818125354,-0.53556839985137,-0.092911604499239,"field_shift_then_plateau","True","False","False","True","True","True","True","True","True","False","True",0.755347313491274,"Tier 2 - provisional",-0.593123332294922,0.000103964813570999,TRUE
"SCGB2A1",-0.900952603481125,3.58180998364885e-05,-0.803906672315543,0.0006609590057027,-0.961153966284617,4.83008310197597e-06,-0.804005624476787,0.0006883953367625,-0.899840285714284,4.86988809024706e-06,0.724489795918367,6,"sex=Female;sex=Male;location=Left;location=Right;age_stratum=age_lower;age_stratum=age_upper",1,-1.29880661869293,-0.250054064331822,"False",7.10516047992159,6.20420787644047,3.70695701550396,-0.900952603481126,-2.4972508609365,"monotonic_down","True","False","True","True","True","True","True","True","True","False","True",0.755062057980071,"Tier 2 - provisional",-0.553046820620348,0.0824925554420813,FALSE
"MYH11",1.98518342223506,5.13013008914173e-11,1.82757921566122,1.47087150724926e-08,1.7921107371287,3.4601897541554e-08,1.83940412968054,1.29297622188887e-08,1.97999951020408,3.73963153926374e-16,0.979591836734694,6,"sex=Female;sex=Male;location=Left;location=Right;age_stratum=age_lower;age_stratum=age_upper",1,1.63725643585624,2.30186706512309,"False",5.3376666875058,7.32285010974085,4.83991811390702,1.98518342223505,-2.48293199583383,"adjacent_specific","True","True","True","True","True","True","True","True","True","True","True",0.75500038682946,"Tier 2 - provisional",0.141374129800671,0.716654931782121,FALSE
"CBLC",-0.56161263527097,5.57999167742793e-06,-0.536523023200226,6.28607109402056e-05,-0.485993508132817,0.0002023951422659,-0.537654412140733,6.48676698271494e-05,-0.560123510204082,2.52422003729392e-08,0.806122448979592,6,"sex=Female;sex=Male;location=Left;location=Right;age_stratum=age_lower;age_stratum=age_upper",1,-0.675211327935142,-0.467388170096752,"False",6.5307555110006,5.96914287572964,5.58798704019677,-0.561612635270967,-0.381155835532864,"monotonic_down","True","False","False","True","True","True","True","True","True","True","True",0.754923570879385,"Tier 2 - provisional",0.115914976117183,0.471066380627145,FALSE
"TXNDC9",-0.62819366765768,1.21260953046349e-25,-0.608425530757628,6.78065887715033e-22,-0.621069838429262,1.61450323918451e-22,-0.60537639290416,9.58968554025638e-22,-0.628654469387754,5.39774011854738e-21,0.979591836734694,6,"sex=Female;sex=Male;location=Left;location=Right;age_stratum=age_lower;age_stratum=age_upper",1,-0.684112340105657,-0.534946721291519,"False",8.05572455362759,7.42753088596991,7.64140652246821,-0.628193667657681,0.213875636498296,"non_monotonic","True","False","True","True","True","True","True","True","True","True","True",0.754829228873358,"Tier 2 - provisional",-0.636292546755653,4.23783284794615e-17,TRUE
"DES",2.28307931726463,1.11569602421934e-09,2.03261192341943,3.43339435966471e-07,1.96915842976222,8.66159933533495e-07,2.04885289948538,2.89979144026242e-07,2.2851407755102,4.45009523958351e-14,0.959183673469388,6,"sex=Female;sex=Male;location=Left;location=Right;age_stratum=age_lower;age_stratum=age_upper",1,1.83799423233898,2.65564224661473,"False",4.80621176699771,7.08929108426233,4.34824339372575,2.28307931726462,-2.74104769053658,"adjacent_specific","True","True","True","True","True","True","True","True","True","True","True",0.754628212714531,"Tier 2 - provisional",-0.0946479000900384,0.855768793742714,FALSE
"TYROBP",-0.633447971660687,2.14528549883289e-06,-0.613352473377003,2.45777332676241e-05,-0.618484072150361,2.65646099448535e-05,-0.600200680846042,3.00057112211914e-05,-0.633482265306121,7.10799356566888e-08,0.744897959183674,6,"sex=Female;sex=Male;location=Left;location=Right;age_stratum=age_lower;age_stratum=age_upper",1,-0.806991899849071,-0.551006849957328,"False",7.65663100812871,7.02318303646803,6.92086880538683,-0.633447971660684,-0.102314231081199,"field_shift_then_plateau","True","False","True","True","True","True","True","True","True","False","True",0.754578157791104,"Tier 2 - provisional",-1.05670047447939,3.78193865229341e-18,TRUE
"PAMR1",1.1028287685599,9.05029600320553e-19,1.0961495015784,2.10237599118633e-16,1.09699380162662,3.96248375944681e-16,1.10682233636058,7.87714274866127e-17,1.10247089795918,7.30609894729068e-26,0.948979591836735,6,"sex=Female;sex=Male;location=Left;location=Right;age_stratum=age_lower;age_stratum=age_upper",1,1.01878586519696,1.15985288062687,"False",2.94321918397651,4.04604795253641,3.17129974304914,1.1028287685599,-0.874748209487264,"adjacent_specific","True","True","True","True","True","True","True","True","True","True","True",0.754416974744197,"Tier 2 - provisional",0.548142553907958,6.21900920962183e-06,TRUE
"DLC1",1.43602621001831,1.53785243723421e-16,1.36954635924918,1.29539226732785e-13,1.38470511228985,1.26463291499671e-13,1.38315000665036,6.21331175528963e-14,1.43797563265306,4.35446391405614e-22,0.948979591836735,6,"sex=Female;sex=Male;location=Left;location=Right;age_stratum=age_lower;age_stratum=age_upper",1,1.07401009815141,1.64569383512615,"False",4.39812175907324,5.83414796909154,5.35758307295279,1.43602621001831,-0.476564896138751,"non_monotonic","True","True","True","True","True","True","True","True","True","True","True",0.754018958064029,"Tier 2 - provisional",0.435689425251626,0.00759213084442847,FALSE
"ACOX1",-0.536484016906058,1.77215269687058e-06,-0.510428594047587,2.94018662749622e-05,-0.457826893749903,9.82429197298744e-05,-0.514936516090493,2.56231086634249e-05,-0.537586081632654,3.09004797634449e-08,0.795918367346939,6,"sex=Female;sex=Male;location=Left;location=Right;age_stratum=age_lower;age_stratum=age_upper",1,-0.586913325358703,-0.464862904957771,"False",9.37034092485328,8.83385690794722,7.31098272190911,-0.536484016906055,-1.52287418603811,"monotonic_down","True","False","False","True","True","True","True","True","True","False","True",0.753959131352935,"Tier 2 - provisional",-0.0229890951962883,0.906307735472762,FALSE
"GDPD2",-0.585215871249584,2.36460715969043e-05,-0.611327838884199,5.28347838751215e-05,-0.558226055074634,0.0001659408555782,-0.615935579748415,4.8608737865705e-05,-0.584064040816327,5.86674872982122e-06,0.755102040816326,6,"sex=Female;sex=Male;location=Left;location=Right;age_stratum=age_lower;age_stratum=age_upper",1,-0.787403791234459,-0.265307458739056,"False",4.95535964817846,4.37014377692887,2.54003885706673,-0.585215871249586,-1.83010491986214,"monotonic_down","True","False","True","True","True","True","True","True","True","False","True",0.753517137642297,"Tier 2 - provisional",-0.0208154959255816,0.933161906260822,FALSE
"TEX11",-0.791950397515588,2.82937604281223e-06,-0.649075529196883,0.000327183976698,-0.593558541912842,0.0008969399336508,-0.662104815368352,0.000229490601943,-0.79578481632653,1.56964866734642e-07,0.775510204081633,6,"sex=Female;sex=Male;location=Left;location=Right;age_stratum=age_lower;age_stratum=age_upper",1,-1.06701027509289,-0.379039380432235,"False",6.22596226052006,5.43401186300447,2.83918739764169,-0.791950397515589,-2.59482446536278,"monotonic_down","True","False","True","True","True","True","True","True","True","False","True",0.753472623906756,"Tier 2 - provisional",0.106836801732216,0.673210118176545,FALSE
"ADORA2B",-0.663132458370604,7.57479583032972e-05,-0.642130493179939,0.0004570208099087,-0.525585530603348,0.001471535351904,-0.632241458541028,0.000546964070501,-0.666291102040814,1.61337816056247e-05,0.785714285714286,6,"sex=Female;sex=Male;location=Left;location=Right;age_stratum=age_lower;age_stratum=age_upper",1,-0.924965391129152,-0.274581784489436,"False",8.42769764192188,7.76456518355128,7.22598083954337,-0.663132458370605,-0.538584344007908,"monotonic_down","True","False","True","True","True","True","True","True","True","False","True",0.753397533360522,"Tier 2 - provisional",-0.0302325522366405,0.924363151280657,FALSE
"IFI44L",1.55116953082361,3.88666027310836e-10,1.68083987841271,3.58774146475587e-10,1.74600351252564,7.38584238037341e-11,1.69843072020334,2.16668547310925e-10,1.54777506122449,8.79444228707915e-14,0.959183673469388,6,"sex=Female;sex=Male;location=Left;location=Right;age_stratum=age_lower;age_stratum=age_upper",1,1.17197298233495,2.10774544182834,"False",3.21854817742891,4.76971770825251,3.59177152080055,1.5511695308236,-1.17794618745196,"adjacent_specific","True","True","True","True","True","True","True","True","True","True","True",0.753123222239926,"Tier 2 - provisional",1.87580307906788,1.31119020267877e-08,TRUE
"HEY2",0.698412806189339,4.29989094572956e-23,0.66936007575462,1.97144273596982e-19,0.666894133802071,5.44409910839652e-19,0.675906748885668,5.03232050772485e-20,0.68819,4.38278991456524e-28,1,6,"sex=Female;sex=Male;location=Left;location=Right;age_stratum=age_lower;age_stratum=age_upper",1,0.637459247348796,0.756378650446004,"False",2.51876678063264,3.21717958682198,3.05508473722845,0.698412806189337,-0.162094849593528,"non_monotonic","True","False","True","True","True","True","True","True","True","True","True",0.752848689934305,"Tier 2 - provisional",0.381902918582423,6.25770940526376e-08,FALSE
"KLK15",-0.544061993624805,6.28984910013399e-06,-0.522447112130078,5.58907837681203e-05,-0.584966136575573,2.19963961182319e-06,-0.526179547721479,5.18726108589334e-05,-0.544350979591838,7.45672948962683e-06,0.795918367346939,6,"sex=Female;sex=Male;location=Left;location=Right;age_stratum=age_lower;age_stratum=age_upper",1,-0.866971988187244,-0.324668386542148,"False",3.93363035085488,3.38956835723007,2.8506003113078,-0.544061993624805,-0.538968045922276,"monotonic_down","True","False","True","True","True","True","True","True","True","False","True",0.752824987631277,"Tier 2 - provisional",-0.52295821389111,0.00165921331180935,TRUE
"IL18",-0.509442348543883,0.0001059629818475,-0.533858775324676,0.000190983830034,-0.504268670457847,0.0004389994382633,-0.535082982742001,0.000194626762632,-0.509629673469386,1.04531293827382e-05,0.816326530612245,6,"sex=Female;sex=Male;location=Left;location=Right;age_stratum=age_lower;age_stratum=age_upper",1,-0.683132048750258,-0.263796640932849,"False",7.78215980353894,7.27271745499506,5.95665923068557,-0.509442348543882,-1.31605822430949,"monotonic_down","True","False","True","True","True","True","True","True","True","True","True",0.752743726906839,"Tier 2 - provisional",-0.0588736490519699,0.797363293888921,FALSE
"ELAVL4",1.40852073739271,1.08884532342066e-16,1.31936361305343,1.64074466186899e-13,1.30976256409743,3.98979375293842e-13,1.33401591940632,6.66421532068083e-14,1.40259106122449,3.43198557516628e-23,0.969387755102041,6,"sex=Female;sex=Male;location=Left;location=Right;age_stratum=age_lower;age_stratum=age_upper",1,1.2404047316319,1.54892769932166,"False",2.88447012512337,4.29299086251608,2.8361103359048,1.40852073739271,-1.45688052661129,"adjacent_specific","True","True","True","True","True","True","True","True","True","True","True",0.752616787375804,"Tier 2 - provisional",0.546582533986865,0.00168104893412103,TRUE
"RNASE6",-0.60030652661806,2.23196655698566e-05,-0.582507933614033,0.0001650608697857,-0.600637723513606,0.0001189862422232,-0.567853145840421,0.0002013360632776,-0.605495551020408,1.04819849471004e-06,0.785714285714286,6,"sex=Female;sex=Male;location=Left;location=Right;age_stratum=age_lower;age_stratum=age_upper",1,-0.82046232224048,-0.473098892905385,"False",6.98553126780913,6.38522474119108,6.37818275711827,-0.600306526618057,-0.0070419840728028,"field_shift_then_plateau","True","False","True","True","True","True","True","True","True","False","True",0.752298006579562,"Tier 2 - provisional",-0.955737553881503,8.42755943683269e-12,TRUE
"GYPC",1.22254959809308,4.11561780780053e-18,1.1578176984382,7.29417802970812e-15,1.1710208575893,6.7873896824717e-15,1.16814409851964,3.68272676729866e-15,1.22018012244898,4.26021069806245e-22,0.979591836734694,6,"sex=Female;sex=Male;location=Left;location=Right;age_stratum=age_lower;age_stratum=age_upper",1,1.07404247943909,1.30230402264303,"False",5.40329901107501,6.6258486091681,5.29788848801558,1.22254959809308,-1.32796012115252,"adjacent_specific","True","True","True","True","True","True","True","True","True","True","True",0.752193124000724,"Tier 2 - provisional",0.534765504570243,3.56538790984068e-06,TRUE
"TLN1",1.04251839262591,1.62487702353495e-19,0.996370432199479,3.32491757757299e-16,1.0065998701998,3.39703041325699e-16,1.00260897284394,2.35864611129418e-16,1.04200846938776,9.15558011889679e-27,0.989795918367347,6,"sex=Female;sex=Male;location=Left;location=Right;age_stratum=age_lower;age_stratum=age_upper",1,0.92657448813388,1.14585929173961,"False",4.90162919593763,5.94414758856355,5.71069312412478,1.04251839262591,-0.233454464438772,"non_monotonic","True","False","True","True","True","True","True","True","True","True","True",0.751698870038797,"Tier 2 - provisional",0.407043091348484,0.000108655657605968,FALSE
"APOBEC3B",-0.767471381872094,7.61271397893619e-05,-0.632035833033472,0.0026131988566178,-0.56194030010167,0.0067202370584482,-0.643524020307893,0.0021255180061416,-0.790599897959183,1.26512490577594e-06,0.816326530612245,6,"sex=Female;sex=Male;location=Left;location=Right;age_stratum=age_lower;age_stratum=age_upper",1,-0.934833908151673,-0.447194478531893,"False",8.76194572778094,7.99447434590884,6.41955059201971,-0.767471381872097,-1.57492375388913,"monotonic_down","True","False","True","True","True","True","True","True","True","True","True",0.751640832022025,"Tier 2 - provisional",0.0991069525767881,0.760666874472544,FALSE
"SH3BP5",1.09226720872896,1.26745390001651e-18,1.06586942238837,6.77928589602559e-16,1.06922558375484,1.11403822581408e-15,1.08292586332216,5.89496385193396e-17,1.09140630612245,8.54494894864373e-23,0.969387755102041,6,"sex=Female;sex=Male;location=Left;location=Right;age_stratum=age_lower;age_stratum=age_upper",1,0.926497720600501,1.18531634788534,"False",5.76545267095651,6.85771987968547,6.36149172526055,1.09226720872896,-0.496228154424922,"non_monotonic","True","True","True","True","True","True","True","True","True","True","True",0.751537609832594,"Tier 2 - provisional",0.462929194301255,1.08347278106819e-07,FALSE
"TMEM126B",-0.571703323054114,6.90708104311833e-26,-0.561554786926835,1.86210867711241e-22,-0.566336463121396,2.14231837852885e-22,-0.559211896463127,2.67116898202075e-22,-0.571523142857143,6.72688227800972e-24,0.979591836734694,6,"sex=Female;sex=Male;location=Left;location=Right;age_stratum=age_lower;age_stratum=age_upper",1,-0.625711183323808,-0.494723698742254,"False",8.26606545382173,7.69436213076762,8.12297183647079,-0.571703323054114,0.428609705703174,"non_monotonic","True","False","True","True","True","True","True","True","True","True","True",0.75148131859973,"Tier 2 - provisional",-0.725757647907251,6.92786820068096e-27,TRUE
"EMCN",1.05841177030746,1.23734259410792e-18,1.04606463378753,2.93701782310045e-16,1.02535974184788,1.08937983172455e-15,1.05991587491861,5.04468327750017e-17,1.06073636734694,2.72914164264847e-22,0.959183673469388,6,"sex=Female;sex=Male;location=Left;location=Right;age_stratum=age_lower;age_stratum=age_upper",1,0.968834532528946,1.07574982225371,"False",3.89989549760695,4.95830726791441,4.16846532007021,1.05841177030746,-0.789841947844208,"adjacent_specific","True","True","True","True","True","True","True","True","True","True","True",0.751260094466033,"Tier 2 - provisional",0.462573961503429,4.33558419796832e-05,FALSE
"C1QC",-0.744608692411276,0.0001137025997646,-0.736218968544855,0.0004887651284381,-0.743368747545646,0.0005142559199662,-0.718396369196521,0.0005957293736518,-0.743715551020408,1.10873366478419e-05,0.724489795918367,6,"sex=Female;sex=Male;location=Left;location=Right;age_stratum=age_lower;age_stratum=age_upper",1,-1.08678468062209,-0.553046778522641,"False",7.34310290137102,6.59849420895974,6.23638332861266,-0.744608692411275,-0.362110880347081,"monotonic_down","True","False","True","True","True","True","True","True","True","False","True",0.751163467076867,"Tier 2 - provisional",-1.29006671113884,4.21599202509343e-12,TRUE
"CXCR4",1.47341571498208,2.32125821729809e-13,1.49907308446681,4.92246654233179e-12,1.53991958457661,1.702567360658e-12,1.53100070926194,3.80962619124416e-13,1.47316183673469,1.73829761439183e-14,0.938775510204082,6,"sex=Female;sex=Male;location=Left;location=Right;age_stratum=age_lower;age_stratum=age_upper",1,1.30369034555984,1.69375211193888,"False",5.49659852995617,6.97001424493825,6.76347751544157,1.47341571498208,-0.206536729496679,"non_monotonic","True","True","True","True","True","True","True","True","True","True","True",0.750528987684281,"Tier 2 - provisional",1.5655028999332,5.28909256332176e-15,TRUE
"FGFR1",1.3885587626345,3.77742514395672e-16,1.31605889288205,3.51685322115307e-13,1.29686888865128,1.04006869037745e-12,1.33139738250621,1.34952039114531e-13,1.3891566122449,1.01210238689711e-22,0.969387755102041,6,"sex=Female;sex=Male;location=Left;location=Right;age_stratum=age_lower;age_stratum=age_upper",1,1.22177605484488,1.46832324039902,"False",3.22041552135712,4.60897428399162,3.79625765633933,1.3885587626345,-0.812716627652294,"adjacent_specific","True","True","True","True","True","True","True","True","True","True","True",0.750015641341529,"Tier 2 - provisional",0.267247390610546,0.0549336880711408,FALSE
"GPR160",-1.20952129465626,4.51099505731991e-17,-1.15482173048934,4.07682449739382e-14,-1.13981992874874,1.21696661501e-13,-1.15470283802241,5.17785731060729e-14,-1.20810653061224,7.76997586826021e-24,1,6,"sex=Female;sex=Male;location=Left;location=Right;age_stratum=age_lower;age_stratum=age_upper",1,-1.33404454663765,-1.08285746503144,"False",10.361041746417,9.1515204517607,9.57960171470774,-1.20952129465626,0.428081262947039,"non_monotonic","True","True","True","True","True","True","True","True","True","True","True",0.749556394920835,"Tier 2 - provisional",-0.596600475105061,0.000164449113184855,TRUE
"TM6SF2",-0.523993297486589,6.63408764437212e-06,-0.503479062271409,6.74437292531476e-05,-0.512735756470117,6.05006575510837e-05,-0.511140839215808,5.03553061086836e-05,-0.524388163265307,7.83838450693844e-07,0.785714285714286,6,"sex=Female;sex=Male;location=Left;location=Right;age_stratum=age_lower;age_stratum=age_upper",1,-0.646432181959976,-0.443749328224851,"False",4.70579234882435,4.18179905133776,3.13886846883015,-0.523993297486589,-1.04293058250761,"monotonic_down","True","False","True","True","True","True","True","True","True","False","True",0.7494295340051,"Tier 2 - provisional",-0.117968122090764,0.499600832247906,FALSE
"NPY1R",-0.604908589137746,0.0003547828282937,-0.592412364106704,0.0014213681797426,-0.519834189405515,0.0040994400301996,-0.595035702308341,0.0013949400788925,-0.603424408163264,0.0013392816571693,0.806122448979592,6,"sex=Female;sex=Male;location=Left;location=Right;age_stratum=age_lower;age_stratum=age_upper",1,-0.969095695258052,-0.36793717379462,"False",4.5180579417658,3.91314935262806,2.8688136145064,-0.604908589137745,-1.04433573812166,"monotonic_down","True","False","True","True","True","True","True","True","True","True","True",0.749241900228722,"Tier 2 - provisional",-0.385018949402831,0.126906421191624,FALSE
"HSBP1",-0.541348150392607,3.49298510246659e-26,-0.506017389339549,9.59824596593129e-22,-0.521857078661422,3.11061703029245e-23,-0.505952988887507,1.38295089530235e-21,-0.542166714285715,4.58138602806841e-21,0.989795918367347,6,"sex=Female;sex=Male;location=Left;location=Right;age_stratum=age_lower;age_stratum=age_upper",1,-0.582372760283029,-0.511886930574125,"False",9.79071201195042,9.24936386155781,9.83482486366146,-0.54134815039261,0.585461002103646,"adjacent_specific","True","False","True","True","True","True","True","True","True","True","True",0.748972087576732,"Tier 2 - provisional",-0.58201699354724,4.98165225146038e-20,TRUE
"RHOF",-0.57652995911332,2.56041203805499e-05,-0.520184650466151,0.0004846518744486,-0.465596637509912,0.0014248623328411,-0.524758489920408,0.0004416400272174,-0.574575061224491,2.62232577118431e-06,0.816326530612245,6,"sex=Female;sex=Male;location=Left;location=Right;age_stratum=age_lower;age_stratum=age_upper",1,-0.658117124684582,-0.396303001250868,"False",6.33068569293035,5.75415573381703,4.31484557015593,-0.576529959113323,-1.4393101636611,"monotonic_down","True","False","False","True","True","True","True","True","True","True","True",0.748878194429603,"Tier 2 - provisional",-0.0821636414623889,0.726339136590486,FALSE
"LRRC17",1.43416835301328,2.84260149051928e-16,1.37391243807883,1.84873445337137e-13,1.32331850283538,6.90436922622827e-13,1.38129175244788,1.5574412426619e-13,1.42667497959184,2.0603151953495e-21,0.918367346938776,6,"sex=Female;sex=Male;location=Left;location=Right;age_stratum=age_lower;age_stratum=age_upper",1,1.26139497205058,1.49284421328091,"False",3.22397071695279,4.65813906996606,3.73032324271374,1.43416835301328,-0.927815827252324,"adjacent_specific","True","True","True","True","True","True","True","True","True","True","True",0.748854262747654,"Tier 2 - provisional",0.760442265249334,9.91927095746619e-05,TRUE
"RARRES1",-0.562650721333366,1.86832661875696e-05,-0.526905674231617,0.000238815674086,-0.564407488001915,7.60542413954798e-05,-0.522743614627428,0.0002747641622038,-0.563341795918369,1.26451103378961e-06,0.795918367346939,6,"sex=Female;sex=Male;location=Left;location=Right;age_stratum=age_lower;age_stratum=age_upper",1,-0.832490229064652,-0.383112242678681,"False",9.0510078908134,8.48835716948003,7.04281860801574,-0.562650721333371,-1.44553856146429,"monotonic_down","True","False","True","True","True","True","True","True","True","False","True",0.748638294728572,"Tier 2 - provisional",-0.271937576001174,0.170029221910515,FALSE
"NKX2-3",1.20099041977559,1.98813643786205e-16,1.1904010334447,3.08344300657608e-14,1.17080888635132,1.00652741700182e-13,1.20165150158821,1.53342232963168e-14,1.20056951020408,2.05479516396129e-22,0.969387755102041,6,"sex=Female;sex=Male;location=Left;location=Right;age_stratum=age_lower;age_stratum=age_upper",1,1.13811321172965,1.2267510918248,"False",4.74239316106148,5.94338358083707,3.92119920493013,1.20099041977559,-2.02218437590694,"adjacent_specific","True","True","True","True","True","True","True","True","True","True","True",0.748590925078704,"Tier 2 - provisional",0.378276376648847,0.00292124603644213,FALSE
"ITGA7",1.65445869711167,1.62795725204434e-13,1.5149777551242,1.62359604488856e-10,1.52813604368358,1.80275197360098e-10,1.52948478634679,1.04518667015174e-10,1.65449036734694,1.79480700688063e-19,0.989795918367347,6,"sex=Female;sex=Male;location=Left;location=Right;age_stratum=age_lower;age_stratum=age_upper",1,1.37590764035141,1.79327949041525,"False",3.66705497478253,5.3215136718942,4.10207541957111,1.65445869711167,-1.21943825232309,"adjacent_specific","True","True","True","True","True","True","True","True","True","True","True",0.748108699527801,"Tier 2 - provisional",0.320197587512587,0.185692172573792,FALSE
"ARMC10",-0.566692583653132,1.90895769422082e-22,-0.564008852108037,9.01598850638531e-20,-0.581494030240568,5.0053502471352e-21,-0.557136081795457,4.87719721056225e-20,-0.565891387755102,4.42742812519236e-23,1,6,"sex=Female;sex=Male;location=Left;location=Right;age_stratum=age_lower;age_stratum=age_upper",1,-0.614214131502757,-0.555400950869758,"False",7.64660669472389,7.07991411107076,8.40684480180066,-0.56669258365313,1.32693069072989,"adjacent_specific","True","False","True","True","True","True","True","True","True","True","True",0.747750536940587,"Tier 2 - provisional",-0.747203821385037,1.28210692897219e-24,TRUE
"MPDZ",1.34146134349178,1.14365426804334e-15,1.27660034128836,7.85223554202096e-13,1.26340482084568,1.99598072708031e-12,1.29284291457988,2.70120806409195e-13,1.34329824489796,3.40655724184912e-22,0.989795918367347,6,"sex=Female;sex=Male;location=Left;location=Right;age_stratum=age_lower;age_stratum=age_upper",1,1.18375367614007,1.41148289684576,"False",3.2413314781032,4.58279282159497,3.81911770265152,1.34146134349178,-0.763675118943451,"adjacent_specific","True","True","True","True","True","True","True","True","True","True","True",0.747620917583271,"Tier 2 - provisional",0.28634857238575,0.0540660169580341,FALSE
"GULP1",-0.564988060183689,3.6070030933616e-05,-0.567630285653735,0.0001472790791485,-0.497121674661865,0.0004892242857846,-0.553938098270368,0.0001801088740133,-0.565256693877551,8.35282490784229e-05,0.755102040816326,6,"sex=Female;sex=Male;location=Left;location=Right;age_stratum=age_lower;age_stratum=age_upper",1,-0.773332741207891,-0.288164126502192,"False",6.34794053492907,5.78295247474538,4.85963489001608,-0.564988060183689,-0.923317584729305,"monotonic_down","True","False","False","True","True","True","True","True","True","False","True",0.747215732948239,"Tier 2 - provisional",-0.850050989070221,3.39388863968417e-06,TRUE
"FBLN5",1.30913216322068,1.31878522622346e-17,1.23731048504974,2.17193985845823e-14,1.23004335351788,5.18999367761891e-14,1.25372313178603,5.38538813377738e-15,1.30952791836735,4.14674392964946e-24,0.928571428571429,6,"sex=Female;sex=Male;location=Left;location=Right;age_stratum=age_lower;age_stratum=age_upper",1,1.17652379026844,1.35341570984558,"False",3.86572295805594,5.17485512127661,4.16202443137364,1.30913216322068,-1.01283068990297,"adjacent_specific","True","True","True","True","True","True","True","True","True","True","True",0.747197754475445,"Tier 2 - provisional",0.356009831221426,0.00281337294865978,FALSE
"RTN1",1.20037712784726,1.308201706079e-16,1.17615261171291,3.54786903149493e-14,1.16449007649931,9.69456705255485e-14,1.19234119852238,8.22700695070494e-15,1.20639983673469,3.57037020862253e-23,0.969387755102041,6,"sex=Female;sex=Male;location=Left;location=Right;age_stratum=age_lower;age_stratum=age_upper",1,1.09607413375561,1.29330765037692,"False",3.40519852797806,4.60557565582532,3.34844478676888,1.20037712784726,-1.25713086905643,"adjacent_specific","True","True","True","True","True","True","True","True","True","True","True",0.747137954568306,"Tier 2 - provisional",0.428378459816411,0.00173547104972763,FALSE
"MRPL42",-0.811550559366456,2.03667305853593e-20,-0.796224175576553,1.58469757003966e-17,-0.803548094683478,1.78091868445609e-17,-0.795442503129172,2.1858017790452e-17,-0.812512979591838,1.0416917255033e-19,0.989795918367347,6,"sex=Female;sex=Male;location=Left;location=Right;age_stratum=age_lower;age_stratum=age_upper",1,-0.854040311396522,-0.742561832356706,"False",7.22021361759407,6.40866305822762,7.21118304288041,-0.811550559366456,0.802519984652792,"adjacent_specific","True","False","True","True","True","True","True","True","True","True","True",0.746844383793784,"Tier 2 - provisional",-0.870934038032451,1.47335990074857e-14,TRUE
"GLG1",0.507187815609203,9.6856962751251e-26,0.491142012930786,3.2218436147326e-22,0.48976492303528,9.06512641366185e-22,0.490953813307986,4.46569232430571e-22,0.50796814285714,4.90193473247317e-24,0.979591836734694,6,"sex=Female;sex=Male;location=Left;location=Right;age_stratum=age_lower;age_stratum=age_upper",1,0.493778373947436,0.509548709644187,"False",6.19807594507835,6.70526376068756,6.75760786706729,0.507187815609204,0.0523441063797358,"field_shift_then_plateau","True","False","False","False","True","True","True","True","True","True","True",0.74645183474287,"Tier 2 - provisional",0.453357687433042,1.56428356141301e-14,FALSE
"CPOX",-0.681417434710718,3.40281152438251e-21,-0.683557924444148,8.59138517783452e-19,-0.699391802718088,2.018030466932e-19,-0.674958821639771,5.09952267370374e-19,-0.675077510204082,1.15682337767408e-19,0.979591836734694,6,"sex=Female;sex=Male;location=Left;location=Right;age_stratum=age_lower;age_stratum=age_upper",1,-0.779625843055765,-0.618265162145393,"False",4.32625211933038,3.64483468461967,4.52878229902353,-0.681417434710716,0.883947614403862,"adjacent_specific","True","False","True","True","True","True","True","True","True","True","True",0.746381091349468,"Tier 2 - provisional",-0.719070813065208,1.14258424781812e-14,TRUE
"LAMB2",1.20301605352408,7.87647234020323e-18,1.12082616587442,2.10283157470653e-14,1.10889936758838,5.93853670785964e-14,1.12373732001889,2.24917084537628e-14,1.19946334693878,2.63579846815529e-24,0.979591836734694,6,"sex=Female;sex=Male;location=Left;location=Right;age_stratum=age_lower;age_stratum=age_upper",1,1.09943757484684,1.30006343996365,"False",3.8917702370117,5.09478629053578,4.92212509253392,1.20301605352408,-0.172661198001862,"non_monotonic","True","True","True","True","True","True","True","True","True","True","True",0.746266385028346,"Tier 2 - provisional",0.364738515517946,0.00280659354071713,FALSE
"SAMD11",0.621805245151689,3.68049270789384e-20,0.649598501411875,4.40306181624118e-19,0.640280623952943,1.72051584140297e-18,0.657621364400992,5.26255241945251e-20,0.621441510204082,5.41904487200273e-15,0.979591836734694,6,"sex=Female;sex=Male;location=Left;location=Right;age_stratum=age_lower;age_stratum=age_upper",1,0.532475106604956,0.695875997750414,"False",4.83005917490301,5.4518644200547,5.19122841891066,0.621805245151689,-0.260636001144031,"non_monotonic","True","False","True","True","True","True","True","True","True","True","True",0.746029049757762,"Tier 2 - provisional",0.549924079291063,1.88005462147411e-11,TRUE
"KCTD12",1.19207538355653,1.47899508483134e-15,1.20406472266316,6.19077033900185e-14,1.12602030468551,8.39980124275551e-14,1.21457782675847,3.44134410331497e-14,1.19598342857143,1.43903460757766e-15,0.959183673469388,6,"sex=Female;sex=Male;location=Left;location=Right;age_stratum=age_lower;age_stratum=age_upper",1,1.01376510176465,1.2122130594136,"False",6.72516850999877,7.91724389355529,6.37391377650141,1.19207538355653,-1.54333011705388,"adjacent_specific","True","True","True","True","True","True","True","True","True","True","True",0.745946971449069,"Tier 2 - provisional",0.536995834299743,0.000636593877810499,TRUE
"CAV2",1.28143274670412,1.09659685761627e-15,1.22594064142543,6.20812906050048e-13,1.21341163212356,1.59052528442598e-12,1.23291584863038,5.23350513658723e-13,1.27859706122449,8.44060542199619e-22,0.989795918367347,6,"sex=Female;sex=Male;location=Left;location=Right;age_stratum=age_lower;age_stratum=age_upper",1,1.10004589793497,1.37987214268352,"False",4.37590514389842,5.65733789060254,5.01369773837904,1.28143274670412,-0.643640152223501,"adjacent_specific","True","True","True","True","True","True","True","True","True","True","True",0.744731171748071,"Tier 2 - provisional",0.277947002429966,0.0450790409554146,FALSE
"CNN1",2.05372029354627,7.68160663528423e-09,1.8629625535073,1.02765046385328e-06,1.81773183394351,2.21547498641856e-06,1.87997672925499,8.45961870108509e-07,2.05358012244898,2.54036562299274e-13,0.979591836734694,6,"sex=Female;sex=Male;location=Left;location=Right;age_stratum=age_lower;age_stratum=age_upper",1,1.62474239257569,2.4422282940336,"False",4.37726016771187,6.43098046125813,4.36593933072084,2.05372029354627,-2.0650411305373,"adjacent_specific","True","True","True","True","True","True","True","True","True","True","True",0.744354406051165,"Tier 2 - provisional",-0.209291086030195,0.633680242904312,FALSE
"HHLA2",-0.607709308247161,7.58218945798694e-05,-0.526875572487262,0.0015949302545063,-0.538411170174472,0.0014467617905627,-0.520480885561027,0.0018274857856634,-0.609009265306123,5.74857551934912e-07,0.806122448979592,6,"sex=Female;sex=Male;location=Left;location=Right;age_stratum=age_lower;age_stratum=age_upper",1,-0.698235300508026,-0.451185360621182,"False",8.28936606571498,7.68165675746781,4.51818004342556,-0.607709308247161,-3.16347671404225,"monotonic_down","True","False","True","True","True","True","True","True","True","True","True",0.744203307200958,"Tier 2 - provisional",0.0955003453507365,0.692058250973544,FALSE
"ZEB1",1.55820172429215,5.17726395932025e-13,1.47397460642931,1.65015247586283e-10,1.46719177622492,3.06350349978445e-10,1.48979011301272,9.55182424257794e-11,1.5537993877551,1.44720949793601e-18,0.979591836734694,6,"sex=Female;sex=Male;location=Left;location=Right;age_stratum=age_lower;age_stratum=age_upper",1,1.35461657815446,1.68917420914793,"False",4.18279068620052,5.74099241049267,4.93513966497277,1.55820172429215,-0.8058527455199,"adjacent_specific","True","True","True","True","True","True","True","True","True","True","True",0.743671848026014,"Tier 2 - provisional",0.221642279374242,0.320233369956886,FALSE
"TACC1",0.829951390094162,6.5328671210716e-20,0.800408787608398,9.75783672422727e-17,0.771591559431025,3.18215345820127e-16,0.799319234545874,1.36196939960362e-16,0.833103469387755,1.94967908908922e-24,1,6,"sex=Female;sex=Male;location=Left;location=Right;age_stratum=age_lower;age_stratum=age_upper",1,0.764074723841686,0.884326575840369,"False",6.25249413260518,7.08244552269934,6.61005507472842,0.829951390094162,-0.472390447970926,"non_monotonic","True","False","True","True","True","True","True","True","True","True","True",0.742962388065733,"Tier 2 - provisional",0.337041461388832,4.80621725989347e-05,FALSE
"CFD",1.40931980355877,8.91062210372059e-15,1.37521870939646,1.28979009341572e-12,1.33450392296113,4.65079536783624e-12,1.39671017182668,2.75220412310461e-13,1.40887008163265,5.7591067841007e-20,0.918367346938776,6,"sex=Female;sex=Male;location=Left;location=Right;age_stratum=age_lower;age_stratum=age_upper",1,1.12010661632565,1.59480046112123,"False",7.48169491559541,8.89101471915418,4.92008090793391,1.40931980355877,-3.97093381122027,"adjacent_specific","True","True","True","True","True","True","True","True","True","True","True",0.742921535684594,"Tier 2 - provisional",0.443039644334762,0.00811357787371282,FALSE
"TMEM71",0.538767816513739,5.24320237199793e-05,0.501105929458858,0.0005614496072201,0.508030056091171,0.0005613655256744,0.509406123718988,0.0004407793623274,0.541542163265306,4.5996988381324e-07,0.785714285714286,6,"sex=Female;sex=Male;location=Left;location=Right;age_stratum=age_lower;age_stratum=age_upper",1,0.370453351036022,0.691500900337663,"False",3.31707174930128,3.85583956581502,3.76708044825717,0.538767816513738,-0.0887591175578501,"field_shift_then_plateau","True","False","True","True","True","True","True","True","True","False","True",0.742685958760918,"Tier 2 - provisional",-0.028716331355739,0.90138949146957,FALSE
"SRP9",-0.762344096412585,5.45990940713433e-20,-0.747987150131944,3.46038638101215e-17,-0.766793251765749,7.92191754881383e-18,-0.74742513290934,4.80753315979879e-17,-0.763519102040815,4.86138620603459e-15,1,6,"sex=Female;sex=Male;location=Left;location=Right;age_stratum=age_lower;age_stratum=age_upper",1,-0.81968849349466,-0.742173479629608,"False",9.2911453794064,8.52880128299381,8.77784768587992,-0.762344096412583,0.249046402886108,"non_monotonic","True","False","True","True","True","True","True","True","True","True","True",0.742433906480119,"Tier 2 - provisional",-0.944229111953471,6.27013465568183e-19,TRUE
"CHP2",-0.57067102429674,0.0001780860911333,-0.531328834165145,0.0014278311760076,-0.486085785505907,0.0034096650232652,-0.539022815426681,0.0012074668858336,-0.570447489795919,2.93994130308722e-06,0.785714285714286,6,"sex=Female;sex=Male;location=Left;location=Right;age_stratum=age_lower;age_stratum=age_upper",1,-0.771408060500127,-0.398137079749841,"False",10.2251565786966,9.65448555439991,5.32124894131333,-0.570671024296736,-4.33323661308658,"monotonic_down","True","False","False","True","True","True","True","True","True","False","True",0.741949265682855,"Tier 2 - provisional",0.138668651299364,0.540899058717811,FALSE
"EGLN3",-0.561942483530069,0.0004809280988312,-0.522163281507606,0.0029759203412056,-0.501729350151726,0.0048201692180423,-0.526095180527337,0.0028187467791239,-0.562202040816326,7.59626509741124e-05,0.806122448979592,6,"sex=Female;sex=Male;location=Left;location=Right;age_stratum=age_lower;age_stratum=age_upper",1,-0.848203355439644,-0.382481180983834,"False",7.47880134130201,6.91685885777194,4.90851537254141,-0.561942483530068,-2.00834348523053,"monotonic_down","True","False","True","True","True","True","True","True","True","True","True",0.741931860662426,"Tier 2 - provisional",-0.038804161744819,0.900380183265952,FALSE
"COL4A2",0.580537374921202,1.87410018551469e-05,0.51907554834944,0.0004287239767871,0.506399183951592,0.0006894687614433,0.520116650042414,0.0004359461872614,0.580585265306124,5.79835457002334e-08,0.76530612244898,6,"sex=Female;sex=Male;location=Left;location=Right;age_stratum=age_lower;age_stratum=age_upper",1,0.42514544884241,0.708512314435681,"False",6.70380040498085,7.28433777990206,7.9549021902502,0.580537374921207,0.670564410348145,"monotonic_up","True","False","True","True","True","True","True","True","True","False","True",0.741890715428296,"Tier 2 - provisional",-0.262387573740954,0.0693973692169757,FALSE
"PALMD",1.09308838461545,1.70103488526722e-17,1.04108109340929,1.50772074294337e-14,1.02121020142137,5.1577935074193e-14,1.05101554428385,7.12116552440258e-15,1.10098924489796,3.34381850693184e-24,0.979591836734694,6,"sex=Female;sex=Male;location=Left;location=Right;age_stratum=age_lower;age_stratum=age_upper",1,0.882133850021499,1.16719998779083,"False",3.12937457167195,4.2224629562874,3.49660466774639,1.09308838461545,-0.725858288541009,"adjacent_specific","True","True","True","True","True","True","True","True","True","True","True",0.741602333992645,"Tier 2 - provisional",0.332191722323826,0.00304690220426382,FALSE
"CXCL3",0.583204871548561,8.73339043439297e-05,0.508918576271771,0.0015488051428032,0.478155340303307,0.0031149015033336,0.516733337498282,0.0012942203379044,0.582449836734693,4.61574206347522e-06,0.795918367346939,6,"sex=Female;sex=Male;location=Left;location=Right;age_stratum=age_lower;age_stratum=age_upper",1,0.513557318969615,0.651639502972188,"False",3.53201865400969,4.11522352555825,7.308366042495,0.583204871548561,3.19314251693675,"monotonic_up","True","False","False","True","True","True","True","True","True","False","True",0.741553973768687,"Tier 2 - provisional",0.549815514341793,0.00835710140353652,TRUE
"CRYAB",1.09439087394259,5.79432861268045e-19,1.00352955045586,4.06168905509835e-15,0.985942902196216,1.37730863867014e-14,1.01011744737726,2.83373881951057e-15,1.09444446938776,6.41998459230628e-26,0.969387755102041,6,"sex=Female;sex=Male;location=Left;location=Right;age_stratum=age_lower;age_stratum=age_upper",1,0.903478972300853,1.16467616440982,"False",4.1117560013732,5.20614687531579,4.13396083940921,1.09439087394259,-1.07218603590658,"adjacent_specific","True","True","True","True","True","True","True","True","True","True","True",0.741531028099412,"Tier 2 - provisional",0.308427780582178,0.00160319849256213,FALSE
"TPRKB",-0.646724524084782,1.21698699968481e-21,-0.625707697289011,1.79993592660492e-18,-0.652323681678622,1.59696475437516e-20,-0.62532300197232,2.53245243284709e-18,-0.647779857142856,1.41274920804911e-18,0.989795918367347,6,"sex=Female;sex=Male;location=Left;location=Right;age_stratum=age_lower;age_stratum=age_upper",1,-0.704758513865963,-0.558970875779484,"False",8.33161367286269,7.6848891487779,8.12059749440822,-0.646724524084784,0.435708345630316,"non_monotonic","True","False","True","True","True","True","True","True","True","True","True",0.741412416390706,"Tier 2 - provisional",-0.661378149808114,1.05841601680355e-14,TRUE
"PCDH7",1.14092365913131,1.97959119271538e-15,1.16120472070529,6.92696640147278e-14,1.15470857328408,1.59734825780925e-13,1.17211797770708,3.49024652264712e-14,1.14569987755102,3.87050995298976e-21,0.948979591836735,6,"sex=Female;sex=Male;location=Left;location=Right;age_stratum=age_lower;age_stratum=age_upper",1,1.04403827544185,1.26646907372059,"False",3.99237429417559,5.1332979533069,4.07322813206241,1.14092365913131,-1.06006982124448,"adjacent_specific","True","True","True","True","True","True","True","True","True","True","True",0.741079256876041,"Tier 2 - provisional",0.382825127369706,0.0051449215933144,FALSE
"ISG15",1.69384100268064,1.92447325668159e-10,1.76935363213868,8.73934260901799e-10,1.81908422626886,3.74635833631401e-10,1.77276403589442,9.56415215150393e-10,1.69335118367347,7.09090013900076e-15,0.846938775510204,6,"sex=Female;sex=Male;location=Left;location=Right;age_stratum=age_lower;age_stratum=age_upper",1,1.29364309582221,2.2253135175263,"False",7.46064109160868,9.15448209428932,7.8103415699923,1.69384100268063,-1.34414052429701,"adjacent_specific","True","True","True","True","True","True","True","True","True","True","True",0.740648807615964,"Tier 2 - provisional",2.15202003078975,1.36447105729201e-09,TRUE
"ETV7",0.52634697519422,0.0002904949313426,0.559099760943075,0.000427287863862,0.608227610498096,0.0001040416863836,0.56587664238617,0.000364436453739,0.51096293877551,4.38266274142414e-05,0.73469387755102,6,"sex=Female;sex=Male;location=Left;location=Right;age_stratum=age_lower;age_stratum=age_upper",1,0.337467430687797,0.820012222373549,"False",3.91636586840083,4.44271284359505,4.6446998529634,0.526346975194218,0.201987009368358,"monotonic_up","True","False","True","True","True","True","True","True","True","False","True",0.740386818590027,"Tier 2 - provisional",1.03095144659963,1.99979306813276e-08,TRUE
"AKR1B15",-0.590977738888712,0.0001079373461581,-0.538435011636347,0.0012471934561246,-0.481381957740622,0.0033859424556984,-0.539195826956494,0.0012725750392472,-0.59272,6.16954938846823e-06,0.76530612244898,6,"sex=Female;sex=Male;location=Left;location=Right;age_stratum=age_lower;age_stratum=age_upper",1,-0.756601126794104,-0.291735464160562,"False",7.62649108715479,7.03551334826608,3.60836876347063,-0.59097773888871,-3.42714458479545,"monotonic_down","True","False","False","True","True","True","True","True","True","False","True",0.739960991013198,"Tier 2 - provisional",-0.0201751227176079,0.947713833252398,FALSE
"IFI44",1.29056956255176,3.21604142704447e-11,1.39304745030206,3.37336646274253e-11,1.4301595645567,1.35649634482209e-11,1.41201013979754,1.29322423475527e-11,1.29201006122449,2.66178793517374e-15,0.959183673469388,6,"sex=Female;sex=Male;location=Left;location=Right;age_stratum=age_lower;age_stratum=age_upper",1,0.987169037673235,1.71223636150229,"False",3.15415728571001,4.44472684826177,4.02412186421021,1.29056956255176,-0.420604984051565,"non_monotonic","True","True","True","True","True","True","True","True","True","True","True",0.739900603210369,"Tier 2 - provisional",1.49442471587028,7.48921902194255e-09,TRUE
"NCS1",0.643812392485426,0.0001530322789309,0.552937887869183,0.0028414443031606,0.54329786675148,0.0038551178030483,0.563388733225951,0.002292383824188,0.649008857142856,4.25728568981091e-07,0.775510204081633,6,"sex=Female;sex=Male;location=Left;location=Right;age_stratum=age_lower;age_stratum=age_upper",1,0.448248752995746,0.814437051882872,"False",3.05187481681783,3.69568720930326,3.65649896101614,0.643812392485424,-0.0391882482871159,"field_shift_then_plateau","True","False","True","True","True","True","True","True","True","False","True",0.739900312948033,"Tier 2 - provisional",-0.430228956922129,0.0131676805698187,FALSE
"CDHR2",-0.5750101980886,8.87446216311077e-05,-0.531893133702103,0.000845068518243,-0.53277047244572,0.0009824984804589,-0.545736373208438,0.0005428104888989,-0.575931061224491,5.65109067419345e-06,0.755102040816326,6,"sex=Female;sex=Male;location=Left;location=Right;age_stratum=age_lower;age_stratum=age_upper",1,-0.586860948757798,-0.48529838875582,"False",7.39498457516101,6.81997437707241,4.42456480791887,-0.575010198088601,-2.39540956915354,"monotonic_down","True","False","True","True","True","True","True","True","True","False","True",0.739243430216633,"Tier 2 - provisional",0.0234414050875415,0.930413113604246,FALSE
"SON",0.661678685489615,2.96446147298072e-19,0.693192770342696,2.69644643696879e-18,0.706219164956954,1.11044938370043e-18,0.701521371031466,4.30983382387852e-19,0.664334081632656,1.77143592204698e-17,0.948979591836735,6,"sex=Female;sex=Male;location=Left;location=Right;age_stratum=age_lower;age_stratum=age_upper",1,0.623571118953033,0.709058753196709,"False",7.43537100755903,8.09704969304865,7.92943350169181,0.661678685489617,-0.167616191356832,"non_monotonic","True","False","True","True","True","True","True","True","True","True","True",0.739148055302924,"Tier 2 - provisional",0.726739060742162,3.10968190180234e-14,TRUE
"GRP",0.592472400976055,0.0005077825973954,0.512328818500447,0.005972854300419,0.524914546452247,0.005472754967912,0.515041699304278,0.005835272336543,0.591880163265307,2.9109160134669e-06,0.806122448979592,6,"sex=Female;sex=Male;location=Left;location=Right;age_stratum=age_lower;age_stratum=age_upper",1,0.408592362498765,0.751334303478755,"False",2.0922553183466,2.68472771932265,3.91926332830017,0.592472400976055,1.23453560897751,"monotonic_up","True","False","True","True","True","True","True","True","True","True","True",0.739068251740984,"Tier 2 - provisional",-0.339959992690089,0.097606564254885,FALSE
"SYT1",1.37572990964941,1.77040754834755e-13,1.31580986903395,4.691713401911e-11,1.29985573782235,1.1263356944226e-10,1.32835069563744,2.91053782580059e-11,1.38616812244898,1.48062636838607e-19,0.989795918367347,6,"sex=Female;sex=Male;location=Left;location=Right;age_stratum=age_lower;age_stratum=age_upper",1,1.25353864813501,1.49605493428055,"False",2.57317615731939,3.94890606696879,3.57175296117593,1.3757299096494,-0.377153105792864,"non_monotonic","True","True","True","True","True","True","True","True","True","True","True",0.737733468448237,"Tier 2 - provisional",0.349927731696087,0.082858550836334,FALSE
"IFITM1",0.54484743532732,4.08840541450185e-05,0.551860581765262,0.0001336163368702,0.616889167544502,8.54728027051976e-06,0.559461419855362,0.0001061141492926,0.544443734693877,2.13038118767301e-05,0.693877551020408,6,"sex=Female;sex=Male;location=Left;location=Right;age_stratum=age_lower;age_stratum=age_upper",1,0.267790854667451,0.787653012774342,"False",10.6344833310624,11.1793307663897,12.1376024869799,0.544847435327323,0.958271720590185,"monotonic_up","True","False","True","True","True","True","True","True","False","False","True",0.737644980548474,"Tier 2 - provisional",0.706711321805452,6.99087190623502e-05,TRUE
"SNORA30",-0.662713660604465,3.76068274853519e-20,-0.65401221284616,1.90252374236564e-17,-0.645856023487366,6.55511122537413e-17,-0.64635327073868,1.51738505831879e-17,-0.662013,2.09385981812551e-11,1,6,"sex=Female;sex=Male;location=Left;location=Right;age_stratum=age_lower;age_stratum=age_upper",1,-0.71359626040846,-0.548937780558705,"False",3.64623607007134,2.98352240946688,3.35798309397014,-0.662713660604463,0.374460684503269,"non_monotonic","True","False","True","True","True","True","True","True","True","True","True",0.737577086023201,"Tier 2 - provisional",-0.598072757906363,4.09285311137225e-11,TRUE
"RPE",-0.541400196666382,2.22583115711084e-21,-0.542204001361101,6.48858200852544e-19,-0.546248546177659,8.24753030355852e-19,-0.535864061561115,4.50746080252611e-19,-0.538023877551021,6.55261917639563e-22,0.979591836734694,6,"sex=Female;sex=Male;location=Left;location=Right;age_stratum=age_lower;age_stratum=age_upper",1,-0.568296299711518,-0.522579420143977,"False",6.12926860531044,5.58786840864405,6.34541176951222,-0.541400196666383,0.757543360868165,"adjacent_specific","True","False","True","True","True","True","True","True","True","True","True",0.737155192502116,"Tier 2 - provisional",-0.636839059055619,6.01423076221003e-18,TRUE
"SCUBE2",-0.511198511016457,0.0018068713679325,-0.542302199390744,0.0024956738748053,-0.449860531220926,0.0079375902622494,-0.530173657507974,0.0029707540308665,-0.512958,0.0033249949884716,0.755102040816326,6,"sex=Female;sex=Male;location=Left;location=Right;age_stratum=age_lower;age_stratum=age_upper",1,-0.599594979882514,-0.32399307584055,"False",5.94187766233292,5.43067915131647,3.62967280554621,-0.511198511016456,-1.80100634577026,"monotonic_down","True","False","False","True","True","True","True","True","True","False","True",0.736627678410509,"Tier 2 - provisional",-0.632753178028204,0.00547357988377645,TRUE
"JAM2",1.10131644115853,2.12213118784456e-16,1.08462985327067,3.48705267029746e-14,1.06677107447139,1.13199724010529e-13,1.09307140535027,2.17952341354812e-14,1.0974186122449,2.92899812369349e-22,0.938775510204082,6,"sex=Female;sex=Male;location=Left;location=Right;age_stratum=age_lower;age_stratum=age_upper",1,0.989417847185364,1.12898351651312,"False",3.09658290612656,4.1978993472851,2.89450214636598,1.10131644115853,-1.30339720091912,"adjacent_specific","True","True","True","True","True","True","True","True","True","True","True",0.7362810730682,"Tier 2 - provisional",0.435555056958025,0.000873892020831659,FALSE
"LGALS1",0.681890707983556,0.0004134224473248,0.574999898955744,0.0063531655172282,0.553757814637862,0.009558500670459,0.594327331044829,0.0042677239471391,0.680969265306123,1.28472972225721e-05,0.755102040816326,6,"sex=Female;sex=Male;location=Left;location=Right;age_stratum=age_lower;age_stratum=age_upper",1,0.473192564998531,0.834762680776569,"False",8.70381525414324,9.3857059621268,9.50898522759856,0.681890707983559,0.123279265471758,"field_shift_then_plateau","True","False","True","True","True","True","True","True","True","False","True",0.73606464025607,"Tier 2 - provisional",-0.670890204467388,8.74710033964499e-06,FALSE
"LCN2",0.635002584896244,0.0082992209741219,0.673301149203108,0.0097541502423378,0.624181292259153,0.0175664657994906,0.684483039489122,0.0085199353988935,0.634298979591838,0.0051942251946555,0.714285714285714,6,"sex=Female;sex=Male;location=Left;location=Right;age_stratum=age_lower;age_stratum=age_upper",1,0.00286389034221912,1.03726323955126,"False",8.11475411393542,8.74975669883166,10.8134473416892,0.635002584896245,2.06369064285757,"monotonic_up","True","False","True","True","True","True","True","True","True","False","True",0.735925259550269,"Tier 2 - provisional",1.09638671263191,0.000498519123699459,TRUE
"CAPN9",-0.591395290776264,0.0002631904403573,-0.544954950669037,0.0021242699968736,-0.570208132153566,0.0014301769770515,-0.55250309668137,0.0018286953196985,-0.590972775510205,6.06920823907774e-05,0.744897959183674,6,"sex=Female;sex=Male;location=Left;location=Right;age_stratum=age_lower;age_stratum=age_upper",1,-0.752437599583608,-0.392769523690718,"False",5.22813753190956,4.6367422411333,3.30364535063139,-0.591395290776265,-1.3330968905019,"monotonic_down","True","False","True","True","True","True","True","True","True","False","True",0.735859278394118,"Tier 2 - provisional",-0.266750592799142,0.286786258364515,FALSE
"SDC2",1.37966724677824,4.74217428195433e-14,1.34378657749746,6.91474016104698e-12,1.29142832309437,2.52688957245532e-11,1.36328233084529,2.05952085228475e-12,1.37991491836735,1.1215784051671e-19,0.918367346938776,6,"sex=Female;sex=Male;location=Left;location=Right;age_stratum=age_lower;age_stratum=age_upper",1,1.208559682119,1.43527778495736,"False",5.20955304143061,6.58922028820885,6.38745351572626,1.37966724677823,-0.20176677248259,"non_monotonic","True","True","True","True","True","True","True","True","True","True","True",0.735467406062273,"Tier 2 - provisional",0.16667758903349,0.260394363718858,FALSE
"CALD1",1.74781281838457,1.30894029917247e-10,1.65590714544945,1.49040422352692e-08,1.61613443180112,3.82159364975348e-08,1.66469848517384,1.38992812824292e-08,1.7570492244898,8.6839467724234e-16,0.928571428571429,6,"sex=Female;sex=Male;location=Left;location=Right;age_stratum=age_lower;age_stratum=age_upper",1,1.54398834752666,1.91928072746894,"False",5.19179772850027,6.93961054688483,6.42916446889788,1.74781281838456,-0.510446077986952,"adjacent_specific","True","True","True","True","True","True","True","True","True","True","True",0.735408542523741,"Tier 2 - provisional",-0.0166505938011364,0.964698718852207,FALSE
"LEAP2",-0.746142796480057,2.07769517753886e-05,-0.569871498281083,0.0019963774540195,-0.626946912494965,0.000571677993439,-0.566739506502606,0.0021722465732434,-0.746981408163263,6.93395382833968e-05,0.724489795918367,6,"sex=Female;sex=Male;location=Left;location=Right;age_stratum=age_lower;age_stratum=age_upper",1,-1.09546582943577,-0.4970268712292,"False",5.59230033659278,4.84615754011272,3.69168160990179,-0.746142796480055,-1.15447593021093,"monotonic_down","True","False","True","True","True","True","True","True","True","False","True",0.734916201747411,"Tier 2 - provisional",-0.29468375750451,0.258776409315312,FALSE
"HAND2",1.53358505395168,1.93428327612322e-13,1.37606650157566,3.34084465570324e-10,1.35657379773515,8.04990691422678e-10,1.37725619523429,3.84065663619167e-10,1.53551459183673,2.0992553962299e-19,0.979591836734694,6,"sex=Female;sex=Male;location=Left;location=Right;age_stratum=age_lower;age_stratum=age_upper",1,1.31176360610068,1.69119792438197,"False",2.92174566419116,4.45533071814283,3.01705411197207,1.53358505395168,-1.43827660617076,"adjacent_specific","True","True","True","True","True","True","True","True","True","True","True",0.734490324774207,"Tier 2 - provisional",0.263300400683138,0.247428919476485,FALSE
"SCARNA14",-0.736867514711568,1.3884171661166e-17,-0.757088611957271,3.5151461766322e-16,-0.757981388412762,6.41335474500187e-16,-0.754901361759607,5.03494756731329e-16,-0.737851979591837,4.37424183140521e-09,0.989795918367347,6,"sex=Female;sex=Male;location=Left;location=Right;age_stratum=age_lower;age_stratum=age_upper",1,-0.853276014865294,-0.594370596510508,"False",3.02123489745068,2.28436738273911,2.4527127195127,-0.736867514711566,0.168345336773589,"non_monotonic","True","False","True","True","True","True","True","True","True","True","True",0.734434722122439,"Tier 2 - provisional",-0.691407034618465,2.92434705364433e-10,TRUE
"CFL2",1.65770914827604,3.18344165273011e-11,1.55889418707861,5.78091235260061e-09,1.50953605985094,1.72798544756916e-08,1.58847326460849,1.74683284308319e-09,1.65704285714286,2.2448014838083e-16,0.948979591836735,6,"sex=Female;sex=Male;location=Left;location=Right;age_stratum=age_lower;age_stratum=age_upper",1,1.37524426379035,1.94049506400619,"False",5.29757481770482,6.95528396598086,5.36435180666745,1.65770914827603,-1.59093215931341,"adjacent_specific","True","True","True","True","True","True","True","True","True","True","True",0.734332409447563,"Tier 2 - provisional",0.0733506834432795,0.816456441996027,FALSE
"FHL1",1.74408238658141,4.22904541786142e-11,1.63249885718833,8.23549905858697e-09,1.59153498212353,2.19160540656589e-08,1.64669893928492,6.28215207161938e-09,1.74198967346939,4.08395945706221e-16,0.918367346938776,6,"sex=Female;sex=Male;location=Left;location=Right;age_stratum=age_lower;age_stratum=age_upper",1,1.49441869058273,1.85210785974442,"False",4.97154468546012,6.71562707204153,3.97227371139392,1.74408238658141,-2.74335336064761,"adjacent_specific","True","True","True","True","True","True","True","True","True","True","True",0.734118897062696,"Tier 2 - provisional",-0.0138120431531076,0.968110628634251,FALSE
"WASF3",1.14792649140967,4.97460182689396e-13,1.20589344900556,2.03502405732793e-12,1.14304787172786,6.31971295087868e-12,1.22460109280349,4.61292324231918e-13,1.1488173877551,1.4107139866971e-14,0.948979591836735,6,"sex=Female;sex=Male;location=Left;location=Right;age_stratum=age_lower;age_stratum=age_upper",1,0.967404891132597,1.46221978887026,"False",4.13420986590231,5.28213635731198,4.67820071368988,1.14792649140967,-0.603935643622099,"adjacent_specific","True","True","True","True","True","True","True","True","True","True","True",0.733785405565174,"Tier 2 - provisional",0.397746893223352,0.0151590952055793,FALSE
"NRXN3",1.47290994358967,8.84131680529372e-13,1.39374845955322,2.51804420601356e-10,1.36524299259749,7.06898329795108e-10,1.40638672762203,1.72262183743789e-10,1.47430222448979,1.74476913671851e-18,0.959183673469388,6,"sex=Female;sex=Male;location=Left;location=Right;age_stratum=age_lower;age_stratum=age_upper",1,1.19927828737809,1.77055051680165,"False",4.14833797749876,5.62124792108843,5.07083966530432,1.47290994358967,-0.550408255784107,"adjacent_specific","True","True","True","True","True","True","True","True","True","True","True",0.733714962248144,"Tier 2 - provisional",0.256284795121225,0.256225133624553,FALSE
"HERC6",1.41824389011926,3.8383040930535e-11,1.49657072782429,1.05389081961154e-10,1.51885603722252,8.74417513847509e-11,1.50498807872702,9.36262710113095e-11,1.41747710204082,6.25309404898926e-16,0.887755102040816,6,"sex=Female;sex=Male;location=Left;location=Right;age_stratum=age_lower;age_stratum=age_upper",1,1.14488499665658,1.79903073183652,"False",5.47706308058347,6.89530697070272,5.65420512689875,1.41824389011925,-1.24110184380398,"adjacent_specific","True","True","True","True","True","True","True","True","True","True","True",0.733557240697485,"Tier 2 - provisional",1.88239459569103,2.82045543395385e-11,TRUE
"NAV1",0.611431878528987,1.88873811321337e-21,0.575116671987762,1.17655784777658e-17,0.580105880369018,1.40259502717545e-17,0.569094186519253,1.09748904501815e-17,0.612063306122449,3.49207670357251e-23,1,6,"sex=Female;sex=Male;location=Left;location=Right;age_stratum=age_lower;age_stratum=age_upper",1,0.487906681133417,0.685846799345895,"False",4.04266957036288,4.65410144889186,4.34705893170203,0.611431878528984,-0.307042517189832,"non_monotonic","True","False","True","True","True","True","True","True","True","True","True",0.733432524534998,"Tier 2 - provisional",0.393509190449301,5.16413124405468e-08,FALSE
"SP110",0.939539231642965,1.42146489479029e-15,0.962576598253155,3.51544576141673e-14,0.986217132928282,1.21523658743853e-14,0.973258702067853,1.36073290533564e-14,0.936112938775509,4.17818958478449e-18,0.979591836734694,6,"sex=Female;sex=Male;location=Left;location=Right;age_stratum=age_lower;age_stratum=age_upper",1,0.858628314598027,1.07036633468371,"False",5.04981596097272,5.98935519261568,5.02692784237111,0.939539231642963,-0.962427350244575,"adjacent_specific","True","False","True","True","True","True","True","True","True","True","True",0.733368730824857,"Tier 2 - provisional",1.07647897666335,1.71385835443304e-12,TRUE
"RPS15A",-0.567701048851392,4.41125096039903e-21,-0.553286102175938,4.9578485453546e-18,-0.565728523998324,1.33629604924539e-18,-0.545430040113044,2.29072406917126e-18,-0.567435489795919,8.19653948630808e-25,0.989795918367347,6,"sex=Female;sex=Male;location=Left;location=Right;age_stratum=age_lower;age_stratum=age_upper",1,-0.624466522372805,-0.475201242582029,"False",10.9745902437652,10.4068891949138,11.1437535582182,-0.567701048851392,0.736864363304457,"adjacent_specific","True","False","True","True","True","True","True","True","True","True","True",0.733096329525001,"Tier 2 - provisional",-0.768657626649972,9.25748294297211e-30,TRUE
"SGK2",-0.608766927172034,5.22901369043407e-05,-0.502336641359856,0.0020225525291744,-0.439294979292236,0.0057217463354655,-0.509128765949909,0.0017484524649925,-0.60853269387755,2.47421782699756e-06,0.744897959183674,6,"sex=Female;sex=Male;location=Left;location=Right;age_stratum=age_lower;age_stratum=age_upper",1,-0.719920102419709,-0.420757676960289,"False",6.81662611735771,6.20785919018568,4.06568692177021,-0.608766927172031,-2.14217226841546,"monotonic_down","True","False","False","True","True","True","True","True","True","False","True",0.732967327053323,"Tier 2 - provisional",0.150287480988808,0.484147667888838,FALSE
"PCDH9",0.953155947525589,2.93760790501929e-16,0.94868143958673,3.66150879977086e-14,0.946823272649424,7.49614316818601e-14,0.963495392332771,5.6877849422273e-15,0.960033469387756,1.08761914454469e-22,0.979591836734694,6,"sex=Female;sex=Male;location=Left;location=Right;age_stratum=age_lower;age_stratum=age_upper",1,0.870184497878167,1.03628662572999,"False",2.82541743430076,3.77857338182634,2.90124711639253,0.953155947525586,-0.877326265433812,"adjacent_specific","True","False","True","True","True","True","True","True","True","True","True",0.732249936059566,"Tier 2 - provisional",0.438317714349374,0.00040851748532563,FALSE
"TWIST2",0.757613327644015,9.89968203530077e-19,0.756483850865125,1.85125044903148e-16,0.743505006964333,6.50341682896234e-16,0.765235420005102,4.65509294235463e-17,0.757734979591837,1.49580647049341e-25,0.959183673469388,6,"sex=Female;sex=Male;location=Left;location=Right;age_stratum=age_lower;age_stratum=age_upper",1,0.651673985242319,0.814973717854901,"False",2.75496030642425,3.51257363406827,2.93626528266389,0.757613327644014,-0.576308351404377,"adjacent_specific","True","False","True","True","True","True","True","True","True","True","True",0.732007477151208,"Tier 2 - provisional",0.271819872636508,0.000129839030417594,FALSE
"AHNAK2",1.69926194516135,2.96265844488898e-10,1.60052074386532,3.32346341657642e-08,1.57990065971097,6.65218845246079e-08,1.59579562321971,4.09919342552853e-08,1.69913746938776,2.24895605493674e-15,0.948979591836735,6,"sex=Female;sex=Male;location=Left;location=Right;age_stratum=age_lower;age_stratum=age_upper",1,1.421449276786,2.00938284234633,"False",2.56189755154169,4.26115949670304,3.81244490068124,1.69926194516135,-0.448714596021798,"non_monotonic","True","True","True","True","True","True","True","True","True","True","True",0.731880059805716,"Tier 2 - provisional",0.0980544328599817,0.790290727955921,FALSE
"C1QB",-0.610630181214108,0.0004324680358482,-0.621049900263942,0.0010830851102252,-0.616889388447113,0.0013718506109185,-0.609224483458037,0.0012981192757535,-0.610396979591838,6.43549343050171e-05,0.663265306122449,6,"sex=Female;sex=Male;location=Left;location=Right;age_stratum=age_lower;age_stratum=age_upper",1,-0.953102060799302,-0.351865493032737,"False",8.42509470116062,7.81446451994651,7.44384261143453,-0.610630181214112,-0.370621908511979,"monotonic_down","True","False","True","True","True","True","True","True","False","False","True",0.731722446712153,"Tier 2 - provisional",-1.10517335265065,1.79259944721883e-11,TRUE
"RETNLB",-0.657999232383082,0.0134400805394743,-0.707834176759136,0.0154121871973849,-0.845665856848109,0.0022475418178137,-0.714874395527154,0.0145373873050018,-0.657296693877551,0.0060004711499108,0.673469387755102,6,"sex=Female;sex=Male;location=Left;location=Right;age_stratum=age_lower;age_stratum=age_upper",1,-1.00438737462796,-0.380931286747443,"False",8.47895489220506,7.82095565982198,6.17150966930899,-0.65799923238308,-1.64944599051299,"monotonic_down","True","False","True","True","True","True","True","True","False","False","True",0.731141894623947,"Tier 2 - provisional",-0.422276988120896,0.325819122867951,FALSE
"CLIC6",-0.797655070728862,0.000434569608874,-0.638506743429874,0.0092060680033831,-0.568966878360531,0.020093940638034,-0.631220939756596,0.0101667127830791,-0.798662734693877,0.001796701011996,0.693877551020408,6,"sex=Female;sex=Male;location=Left;location=Right;age_stratum=age_lower;age_stratum=age_upper",1,-1.19201570573806,-0.419996695837243,"False",4.91179420293097,4.11413913220211,3.17738130682227,-0.797655070728859,-0.936757825379841,"monotonic_down","True","False","True","True","True","True","True","True","False","False","True",0.730703887686362,"Tier 2 - provisional",-0.58789804659758,0.0677008259213486,FALSE
"PLAT",0.977901995755092,8.37801992949304e-17,0.966035739905909,1.51987806337427e-14,0.977257712370995,1.40137963725299e-14,0.970058368552545,1.418677996365e-14,0.975935265306124,1.47332472802543e-16,0.938775510204082,6,"sex=Female;sex=Male;location=Left;location=Right;age_stratum=age_lower;age_stratum=age_upper",1,0.694750461003514,1.13607179557915,"False",5.86591192724612,6.84381392300121,6.07152238195734,0.977901995755091,-0.77229154104387,"adjacent_specific","True","False","True","True","True","True","True","True","True","True","True",0.730386134688091,"Tier 2 - provisional",0.666039674459736,5.39130310435008e-07,TRUE
"REG1A",-2.57366631725354,2.78676971151745e-05,-2.89064924393941,1.35641181455776e-05,-2.66848775332,4.30469905992028e-05,-2.88379257689595,1.5317827373412e-05,-2.57248375510204,0.0002547321774937,0.86734693877551,6,"sex=Female;sex=Male;location=Left;location=Right;age_stratum=age_lower;age_stratum=age_upper",1,-4.80568988288778,-1.0875585035738,"False",6.34165832775604,3.76799201050251,7.06538622799522,-2.57366631725353,3.29739421749271,"adjacent_specific","True","True","True","True","True","True","True","True","True","True","True",0.730103908654394,"Tier 2 - provisional",-3.07866637769552,0.000257512477157622,TRUE
"A2M",0.803459552107267,2.66604272228388e-18,0.792472974416527,8.31474082654062e-16,0.788934132517063,1.9777483460648e-15,0.798785303372053,4.60035684782116e-16,0.802951265306122,2.44726158615812e-23,0.959183673469388,6,"sex=Female;sex=Male;location=Left;location=Right;age_stratum=age_lower;age_stratum=age_upper",1,0.697018061096314,0.858825287596739,"False",9.54874506318874,10.352204615296,9.29559413229556,0.803459552107265,-1.05661048300044,"adjacent_specific","True","False","True","True","True","True","True","True","True","True","True",0.72991824640644,"Tier 2 - provisional",0.348666504563477,1.50976861895532e-06,FALSE
"CDO1",1.30866453746915,1.76326321351439e-13,1.248396708881,4.93167868710826e-11,1.23354839809059,1.17760452100131e-10,1.25792641148424,3.66849596559625e-11,1.30828285714286,1.94481976912625e-19,0.969387755102041,6,"sex=Female;sex=Male;location=Left;location=Right;age_stratum=age_lower;age_stratum=age_upper",1,1.11628527041894,1.40633203786452,"False",2.39947512238204,3.70813965985119,2.62077763379535,1.30866453746915,-1.08736202605585,"adjacent_specific","True","True","True","True","True","True","True","True","True","True","True",0.729848052982328,"Tier 2 - provisional",0.400806643004468,0.0378008738556224,FALSE
"MFAP4",1.31398892686768,5.45715713160728e-14,1.29423619701553,5.44728508131468e-12,1.2619652688554,1.82025433875827e-11,1.31438912137198,1.33575272166447e-12,1.31480877551021,2.96754523593579e-19,0.897959183673469,6,"sex=Female;sex=Male;location=Left;location=Right;age_stratum=age_lower;age_stratum=age_upper",1,1.18536630606696,1.36461631291266,"False",5.06040819658404,6.37439712345172,4.29873064239032,1.31398892686768,-2.0756664810614,"adjacent_specific","True","True","True","True","True","True","True","True","True","True","True",0.729752610993875,"Tier 2 - provisional",0.269867718707196,0.0413614371250106,FALSE
"GDF15",0.556645716830925,0.0046390148608748,0.563421607445087,0.0091592117091052,0.422165010009228,0.0302600983656512,0.55777656635245,0.0100326092683061,0.555405387755102,0.0019780439284565,0.724489795918367,6,"sex=Female;sex=Male;location=Left;location=Right;age_stratum=age_lower;age_stratum=age_upper",1,0.20090286470505,0.607680625569211,"False",4.90947143537551,5.46611715220643,8.91604067827024,0.556645716830923,3.44992352606381,"monotonic_up","True","False","False","True","True","True","True","True","True","False","True",0.729729670680392,"Tier 2 - provisional",0.582078345204882,0.0440844703262187,TRUE
"RERG",1.40371893837893,5.2789159715915e-13,1.33162778632998,1.52022057173188e-10,1.30591846710014,4.20057709404354e-10,1.33720970301364,1.49204181097559e-10,1.40203402040816,8.69947658392486e-19,0.948979591836735,6,"sex=Female;sex=Male;location=Left;location=Right;age_stratum=age_lower;age_stratum=age_upper",1,1.27129158737711,1.51656671771249,"False",2.982025497615,4.38574443599393,3.12495627387487,1.40371893837893,-1.26078816211906,"adjacent_specific","True","True","True","True","True","True","True","True","True","True","True",0.72938545067782,"Tier 2 - provisional",0.231394560084446,0.263047819700408,FALSE
"CCNG1",-0.860529142257332,5.49443357302229e-16,-0.87768570179321,1.8892626613532e-14,-0.91891822647777,4.48072088549408e-16,-0.875090892528581,2.61642280590207e-14,-0.861539428571427,1.68561328283285e-15,0.979591836734694,6,"sex=Female;sex=Male;location=Left;location=Right;age_stratum=age_lower;age_stratum=age_upper",1,-1.03393741681403,-0.781238634754615,"False",7.74835468621461,6.88782554395728,7.18374305471746,-0.860529142257333,0.295917510760185,"non_monotonic","True","False","True","True","True","True","True","True","True","True","True",0.729231438651402,"Tier 2 - provisional",-1.06095191100831,2.08215905280198e-14,TRUE
"LYST",0.719371835021258,4.51518846438936e-19,0.719628569194226,7.76397796858538e-17,0.735543724147091,2.59265614092703e-17,0.727292211960747,2.24567568422555e-17,0.715142775510204,2.77931440709471e-20,0.938775510204082,6,"sex=Female;sex=Male;location=Left;location=Right;age_stratum=age_lower;age_stratum=age_upper",1,0.674583215590599,0.800554225890203,"False",4.81902973656644,5.53840157158769,4.81771894337439,0.719371835021255,-0.720682628213301,"adjacent_specific","True","False","True","True","True","True","True","True","True","True","True",0.729155082869139,"Tier 2 - provisional",0.647535549419313,1.78392561888717e-10,TRUE
"RAB23",0.679062297597829,0.0003684981960279,0.611760195750408,0.003380070748226,0.604992157196024,0.0043004392510441,0.620854936587637,0.0029154296927879,0.677107081632653,2.1037564978358e-06,0.673469387755102,6,"sex=Female;sex=Male;location=Left;location=Right;age_stratum=age_lower;age_stratum=age_upper",1,0.494156051192759,0.859802467298699,"False",2.90371539127687,3.5827776888747,3.72914152703804,0.679062297597826,0.146363838163338,"field_shift_then_plateau","True","False","True","True","True","True","True","True","False","False","True",0.728986170871571,"Tier 2 - provisional",-0.479038105763874,0.0159221182402629,FALSE
"GLI3",1.25424178387012,6.63519981266783e-14,1.19808926284624,2.05975063339169e-11,1.18598259663603,4.85381900955039e-11,1.21067263807072,1.14332794982442e-11,1.25397581632653,6.00732506488579e-20,0.969387755102041,6,"sex=Female;sex=Male;location=Left;location=Right;age_stratum=age_lower;age_stratum=age_upper",1,1.11676935717943,1.3902345802097,"False",3.65742890022996,4.91167068410008,3.83217960523951,1.25424178387012,-1.07949107886057,"adjacent_specific","True","True","True","True","True","True","True","True","True","True","True",0.728963093467315,"Tier 2 - provisional",0.254479324135903,0.128543263832996,FALSE
"FAM20C",0.856142451580001,5.34174784330347e-17,0.844457092184884,1.0759072718035e-14,0.838288958050764,2.68080505422561e-14,0.855232173089982,2.68129718405884e-15,0.856758183673469,1.17092066984713e-21,0.979591836734694,6,"sex=Female;sex=Male;location=Left;location=Right;age_stratum=age_lower;age_stratum=age_upper",1,0.803265588156274,0.928428882978267,"False",5.3350541251196,6.1911965766996,6.00312568864505,0.856142451580003,-0.188070888054553,"non_monotonic","True","False","True","True","True","True","True","True","True","True","True",0.728604520098034,"Tier 2 - provisional",0.303503269516813,0.00119706872954671,FALSE
"MEIS1",1.19449701736666,6.67748622547387e-14,1.13745200842476,2.36280286175044e-11,1.10884464439793,7.74132289311226e-11,1.1469915421016,1.63699127548307e-11,1.19358293877551,1.9814304296606e-19,1,6,"sex=Female;sex=Male;location=Left;location=Right;age_stratum=age_lower;age_stratum=age_upper",1,1.01055144527754,1.38792096998746,"False",3.52730248424493,4.72179950161159,3.41423801426331,1.19449701736666,-1.30756148734828,"adjacent_specific","True","True","True","True","True","True","True","True","True","True","True",0.728579232828986,"Tier 2 - provisional",0.298526136569827,0.0757054490281278,FALSE
"PDE2A",0.762566951278311,1.74050187072123e-18,0.751255723560642,5.28151235031538e-16,0.745003410607889,1.49142406117797e-15,0.760640867012179,1.15847055721614e-16,0.763281530612244,3.75912936921939e-24,0.959183673469388,6,"sex=Female;sex=Male;location=Left;location=Right;age_stratum=age_lower;age_stratum=age_upper",1,0.67810872513083,0.837967076017188,"False",2.96190320076668,3.72447015204499,2.74540709216355,0.762566951278308,-0.97906305988144,"adjacent_specific","True","False","True","True","True","True","True","True","True","True","True",0.728381945752219,"Tier 2 - provisional",0.309201305361954,0.000131848994813647,FALSE
"CCL5",-0.601503130607331,0.0004315393071302,-0.544343203841597,0.0036428316278176,-0.489365934088622,0.0085887163817525,-0.54552028784305,0.0036615872734032,-0.600192448979591,4.25727896121525e-05,0.704081632653061,6,"sex=Female;sex=Male;location=Left;location=Right;age_stratum=age_lower;age_stratum=age_upper",1,-0.832194717934226,-0.240774491150514,"False",8.04120127671642,7.43969814610909,6.09576318027996,-0.601503130607332,-1.34393496582913,"monotonic_down","True","False","False","True","True","True","True","True","True","False","True",0.728311611378018,"Tier 2 - provisional",0.294636298655223,0.0584392832761798,FALSE
"USP18",1.53423624146174,6.45469553672577e-11,1.57483653595261,5.99709118352674e-10,1.62408582662302,2.09253233395914e-10,1.58340746690723,5.45410172667606e-10,1.53221310204082,2.69666840275964e-15,0.846938775510204,6,"sex=Female;sex=Male;location=Left;location=Right;age_stratum=age_lower;age_stratum=age_upper",1,1.28187071081433,1.96721376442423,"False",4.24868463777807,5.7829208792398,4.70580183423686,1.53423624146173,-1.07711904500294,"adjacent_specific","True","True","True","True","True","True","True","True","True","True","True",0.727922858696837,"Tier 2 - provisional",2.01975147758322,7.91066204487028e-11,TRUE
"CNGA1",-0.530019095436104,0.0010544794370323,-0.501113332506202,0.0043963308401566,-0.500799766183026,0.0050545220351508,-0.513446359831299,0.0033069099741577,-0.528973714285713,0.0010140713812557,0.724489795918367,6,"sex=Female;sex=Male;location=Left;location=Right;age_stratum=age_lower;age_stratum=age_upper",1,-0.755800695235147,-0.27468630295218,"False",4.58472388073657,4.05470478530047,2.94463577653171,-0.530019095436102,-1.11006900876876,"monotonic_down","True","False","True","True","True","True","True","True","True","False","True",0.727555991972729,"Tier 2 - provisional",0.0581634507483677,0.836015057221655,FALSE
"CXCL10",0.591942790092978,0.0105865560295984,0.682160402682215,0.006647874396727,0.73237632619044,0.003667514596883,0.687485944627442,0.0063307309006508,0.58975669387755,0.0062100989722711,0.642857142857143,6,"sex=Female;sex=Male;location=Left;location=Right;age_stratum=age_lower;age_stratum=age_upper",1,0.207677851704086,1.1121939534318,"False",5.71361287429482,6.3055556643878,7.54826910888962,0.591942790092978,1.24271344450182,"monotonic_up","True","False","True","True","True","True","True","True","False","False","True",0.727543314846875,"Tier 2 - provisional",1.06330509998903,0.000220350039028911,TRUE
"FERMT2",1.5293202352219,7.30068858286336e-11,1.42959675252606,1.30918536489335e-08,1.4072570436747,2.85405071247839e-08,1.44189673506626,1.00771161519254e-08,1.53052834693878,3.91520658924167e-16,0.979591836734694,6,"sex=Female;sex=Male;location=Left;location=Right;age_stratum=age_lower;age_stratum=age_upper",1,1.29589356686756,1.75336338108186,"False",3.65864107063796,5.18796130585986,4.41387681870123,1.5293202352219,-0.774084487158622,"adjacent_specific","True","True","True","True","True","True","True","True","True","True","True",0.726934307986983,"Tier 2 - provisional",0.000807043016282131,0.997599944011821,FALSE
"MANEA",-0.710532629519476,2.13160108118187e-16,-0.747281730722578,1.26380374263167e-15,-0.766850233301757,3.13405669301728e-16,-0.745651965827076,1.78715504968184e-15,-0.709257714285713,9.84804867143803e-16,0.969387755102041,6,"sex=Female;sex=Male;location=Left;location=Right;age_stratum=age_lower;age_stratum=age_upper",1,-0.770040256507896,-0.690677000815725,"False",4.80165839676571,4.09112576724623,4.72130010069443,-0.710532629519479,0.630174333448208,"adjacent_specific","True","False","True","True","True","True","True","True","True","True","True",0.726849234086542,"Tier 2 - provisional",-0.989001072580678,2.34927162936159e-19,TRUE
"TTC28",0.889615475022013,1.6944350831851e-18,0.830743802494555,6.09082209913811e-15,0.835528466744128,8.16371895647093e-15,0.842616754643327,1.02815380002148e-15,0.889580755102039,5.63025847289171e-25,0.959183673469388,6,"sex=Female;sex=Male;location=Left;location=Right;age_stratum=age_lower;age_stratum=age_upper",1,0.845408649314851,0.912029605889824,"False",4.41913950855235,5.30875498357436,4.19586890689566,0.889615475022009,-1.11288607667869,"adjacent_specific","True","False","True","True","True","True","True","True","True","True","True",0.72647453985378,"Tier 2 - provisional",0.356528939986878,0.000272911105052016,FALSE
"IGHA1",-0.709934818152175,0.0073073378861181,-0.668756469819339,0.0213697185456556,-0.68585913212815,0.0199734626507909,-0.65998798802847,0.0233296748871255,-0.71279587755102,0.0025201421148697,0.663265306122449,6,"sex=Female;sex=Male;location=Left;location=Right;age_stratum=age_lower;age_stratum=age_upper",1,-1.03553914172554,-0.433419668534302,"False",11.7790780119624,11.0691431938102,8.37110589914881,-0.709934818152174,-2.69803729466139,"monotonic_down","True","False","True","True","True","True","True","True","False","False","True",0.725879085845763,"Tier 2 - provisional",-0.377254781680399,0.365942407043297,FALSE
"TUBB2B",1.19835601791828,1.34537348740478e-14,1.11477674046609,1.32194339097011e-11,1.11756421283429,1.96324290044024e-11,1.13175721936842,3.68776636437694e-12,1.19922130612245,1.1168604997932e-20,0.979591836734694,6,"sex=Female;sex=Male;location=Left;location=Right;age_stratum=age_lower;age_stratum=age_upper",1,1.01901738257776,1.29470515860628,"False",3.38180534604568,4.58016136396396,3.64191347698327,1.19835601791828,-0.938247886980689,"adjacent_specific","True","True","True","True","True","True","True","True","True","True","True",0.72584565201013,"Tier 2 - provisional",0.372817816173703,0.0218625913627535,FALSE
"TCEAL2",1.6593692454933,1.28958882969324e-10,1.46592238477113,7.69432952833181e-08,1.45982076697934,1.20923457657851e-07,1.47822013449115,6.25029866671794e-08,1.65628951020408,1.06505876430659e-15,0.989795918367347,6,"sex=Female;sex=Male;location=Left;location=Right;age_stratum=age_lower;age_stratum=age_upper",1,1.30419276747457,1.95739505261239,"False",2.84159091193486,4.50096015742815,2.89787496842723,1.6593692454933,-1.60308518900092,"adjacent_specific","True","True","True","True","True","True","True","True","True","True","True",0.725492653092673,"Tier 2 - provisional",0.0945421262399134,0.790619959440732,FALSE
"NFKBIA",0.626787117902258,1.16868936876593e-17,0.656251915264576,9.48838137565982e-17,0.664563387843514,7.93647478405183e-17,0.657214618958976,1.13446943872616e-16,0.626152244897959,1.11933328117008e-22,0.948979591836735,6,"sex=Female;sex=Male;location=Left;location=Right;age_stratum=age_lower;age_stratum=age_upper",1,0.54677809659305,0.703672099622761,"False",8.82227428435129,9.44906140225354,8.76399139819122,0.626787117902255,-0.685070004062322,"adjacent_specific","True","False","True","True","True","True","True","True","True","True","True",0.725463706121376,"Tier 2 - provisional",0.678939963444186,4.00954408767027e-13,TRUE
"MRPS28",-0.811708181495882,2.87103987399021e-18,-0.773219485479465,3.59302827017293e-15,-0.792449146029232,1.03592906159781e-15,-0.767615387889073,4.82733260468969e-15,-0.810378122448978,1.17798113169597e-18,0.969387755102041,6,"sex=Female;sex=Male;location=Left;location=Right;age_stratum=age_lower;age_stratum=age_upper",1,-0.882595115745227,-0.777485202393255,"False",6.93984040158302,6.12813222008714,6.54823021327682,-0.811708181495881,0.420097993189677,"non_monotonic","True","False","True","True","True","True","True","True","True","True","True",0.725460638018293,"Tier 2 - provisional",-0.978693377895753,9.53289247547155e-17,TRUE
"NUDCD2",-0.574409251267075,5.14327736114881e-20,-0.563802708034821,3.36161546483406e-17,-0.583866379969085,1.72051584140297e-18,-0.563014372741646,4.74743885449217e-17,-0.575295387755102,2.18820043939589e-23,0.969387755102041,6,"sex=Female;sex=Male;location=Left;location=Right;age_stratum=age_lower;age_stratum=age_upper",1,-0.612228482229656,-0.521174196152343,"False",8.1850461805332,7.61063692926613,8.27391566882487,-0.574409251267071,0.663278739558744,"adjacent_specific","True","False","True","True","True","True","True","True","True","True","True",0.724994529638476,"Tier 2 - provisional",-0.76588529827768,1.69632965979444e-22,TRUE
"LAMA1",-0.6939374271747,0.0015708820504076,-0.606701279188833,0.0114404685108517,-0.699890763636606,0.002607908141784,-0.615058065497173,0.0103721354724759,-0.690366244897958,0.0003523146720408,0.673469387755102,6,"sex=Female;sex=Male;location=Left;location=Right;age_stratum=age_lower;age_stratum=age_upper",1,-1.03448135090348,-0.341468644237976,"False",8.3527429557033,7.6588055285286,3.86868497750947,-0.6939374271747,-3.79012055101913,"monotonic_down","True","False","True","True","True","True","True","True","False","False","True",0.724842548120798,"Tier 2 - provisional",0.00619251245159079,0.98866083060811,FALSE
"PLAC9",0.735891644761164,5.62877625057384e-18,0.740347341166059,5.44398622711053e-16,0.728991394369479,1.88383124134248e-15,0.747724780989418,2.10955469892567e-16,0.739489102040816,2.70992326364964e-23,0.938775510204082,6,"sex=Female;sex=Male;location=Left;location=Right;age_stratum=age_lower;age_stratum=age_upper",1,0.614967282926611,0.819412690313014,"False",3.41453259105006,4.15042423581122,3.0612553747007,0.735891644761164,-1.08916886111052,"adjacent_specific","True","False","True","True","True","True","True","True","True","True","True",0.72459333284245,"Tier 2 - provisional",0.530625843392988,1.84731149556452e-07,TRUE
"C1QTNF7",0.894146708330835,4.49827821045662e-16,0.879239450743239,9.01356810065756e-14,0.868001150113636,2.64690395844402e-13,0.883529939226616,7.95565395494814e-14,0.897115959183674,1.11907409525209e-22,0.979591836734694,6,"sex=Female;sex=Male;location=Left;location=Right;age_stratum=age_lower;age_stratum=age_upper",1,0.839718471504462,0.944597609221989,"False",2.50284235699561,3.39698906532644,2.45304429884011,0.894146708330832,-0.943944766486324,"adjacent_specific","True","False","True","True","True","True","True","True","True","True","True",0.724495246412845,"Tier 2 - provisional",0.360629380956577,0.0014647755567264,FALSE
"CADM3",0.648460815591533,1.53494943683088e-18,0.652673590667,1.37309644555425e-16,0.654798807794081,2.26310074883848e-16,0.656731472156161,9.49874793536215e-17,0.653899061224489,2.50200068116231e-23,0.948979591836735,6,"sex=Female;sex=Male;location=Left;location=Right;age_stratum=age_lower;age_stratum=age_upper",1,0.61744537863218,0.651299087516979,"False",2.80715635160858,3.45561716720012,2.59691631437599,0.648460815591531,-0.858700852824128,"adjacent_specific","True","False","True","True","True","True","True","True","True","True","True",0.724061619289188,"Tier 2 - provisional",0.360465704531839,3.16222146359452e-06,FALSE
"SELP",0.880145926836977,2.03728116119607e-15,0.891626012118634,8.63023585593068e-14,0.886943613847909,1.97867853364529e-13,0.884653303065543,1.14801386102866e-13,0.879870204081632,2.97479009447654e-19,0.969387755102041,6,"sex=Female;sex=Male;location=Left;location=Right;age_stratum=age_lower;age_stratum=age_upper",1,0.73386251652339,0.987756527145672,"False",3.2899295494418,4.17007547627878,3.65054797982933,0.880145926836974,-0.519527496449449,"adjacent_specific","True","False","True","True","True","True","True","True","True","True","True",0.724057089703607,"Tier 2 - provisional",0.554790713339452,2.56440537702266e-05,TRUE
"LGI1",0.860125799266361,7.75397134335186e-17,0.850050586960078,1.51987806337427e-14,0.833442341344517,5.22543570729788e-14,0.857861678523071,7.56347812029289e-15,0.857580836734694,4.17239102393111e-23,0.948979591836735,6,"sex=Female;sex=Male;location=Left;location=Right;age_stratum=age_lower;age_stratum=age_upper",1,0.797466593760351,0.932143300147923,"False",2.63268644805392,3.49281224732028,2.32250943687237,0.860125799266359,-1.17030281044791,"adjacent_specific","True","False","True","True","True","True","True","True","True","True","True",0.723559206853768,"Tier 2 - provisional",0.581230324756653,2.47497224373938e-06,TRUE
"ZEB2",0.615811343323268,4.52683745908497e-18,0.620221998273034,3.87586605247999e-16,0.609026049803162,1.40624535237618e-15,0.624103412666469,2.76468101281177e-16,0.617428693877551,2.96963855106154e-18,0.979591836734694,6,"sex=Female;sex=Male;location=Left;location=Right;age_stratum=age_lower;age_stratum=age_upper",1,0.539156665881905,0.656226539379315,"False",4.51641639356845,5.13222773689172,4.26195490981657,0.615811343323266,-0.870272827075148,"adjacent_specific","True","False","True","True","True","True","True","True","True","True","True",0.722897771126666,"Tier 2 - provisional",0.404204397445672,3.75308182240761e-07,FALSE
"TCEAL7",1.42161533471826,2.4941485043367e-12,1.35351282133024,4.99952779751676e-10,1.3172679070056,1.51072209407272e-09,1.37311509014522,2.01583464874285e-10,1.42037191836735,6.37683913710102e-18,0.918367346938776,6,"sex=Female;sex=Male;location=Left;location=Right;age_stratum=age_lower;age_stratum=age_upper",1,1.29563548041825,1.46436722864968,"False",2.98648751162578,4.40810284634404,3.04079095005302,1.42161533471826,-1.36731189629102,"adjacent_specific","True","True","True","True","True","True","True","True","True","True","True",0.722882472604752,"Tier 2 - provisional",0.153804859204922,0.471548643024198,FALSE
"LIFR",0.960696405476349,6.22187981182421e-16,0.937582233920785,1.48801402318617e-13,0.928656734171544,3.91530259576312e-13,0.952593475710512,2.36899367406059e-14,0.960205428571428,6.89601504972942e-21,0.948979591836735,6,"sex=Female;sex=Male;location=Left;location=Right;age_stratum=age_lower;age_stratum=age_upper",1,0.865394314464415,1.03173270988591,"False",2.92154427653526,3.88224068201161,2.44039256446478,0.960696405476349,-1.44184811754683,"adjacent_specific","True","False","True","True","True","True","True","True","True","True","True",0.722734336799148,"Tier 2 - provisional",0.405932418061657,0.000746998094116843,FALSE
"GCLM",-0.726237304914492,1.14201931175208e-16,-0.734037324889483,6.64795495916093e-15,-0.696587210623325,1.46096715080903e-14,-0.7300322511498,9.30505184814033e-15,-0.725488346938775,1.44704040839891e-14,0.979591836734694,6,"sex=Female;sex=Male;location=Left;location=Right;age_stratum=age_lower;age_stratum=age_upper",1,-0.822437595702424,-0.654255678978444,"False",6.41747701251699,5.6912397076025,6.08616311203805,-0.726237304914488,0.394923404435547,"non_monotonic","True","False","True","True","True","True","True","True","True","True","True",0.722210870822925,"Tier 2 - provisional",-0.608614309821654,3.87171374560373e-08,TRUE
"DDX5",0.672497457444032,1.11873541086254e-17,0.693051408169032,2.54071997486322e-16,0.689956543160451,6.11650168536656e-16,0.699741540129408,9.74670036184488e-17,0.364221387755103,8.52577302917901e-11,0.928571428571429,6,"sex=Female;sex=Male;location=Left;location=Right;age_stratum=age_lower;age_stratum=age_upper",1,0.589838681122518,0.752752158142956,"False",5.89869771291577,6.5711951703598,6.86152038138768,0.672497457444035,0.29032521102788,"monotonic_up","True","False","True","True","True","True","True","False","True","True","True",0.722121327508167,"Tier 2 - provisional",0.456833862296006,3.96489509101359e-07,FALSE
"DACT3",1.41311907379267,1.50902869771284e-11,1.30974809728731,4.65940198047e-09,1.30975166828862,6.90161641367678e-09,1.33159219741815,1.77227438055674e-09,1.40623812244898,1.18755246287551e-16,0.979591836734694,6,"sex=Female;sex=Male;location=Left;location=Right;age_stratum=age_lower;age_stratum=age_upper",1,1.16469623282239,1.64032133612549,"False",4.12089612779294,5.53401520158561,4.21937899471521,1.41311907379267,-1.3146362068704,"adjacent_specific","True","True","True","True","True","True","True","True","True","True","True",0.721578482340182,"Tier 2 - provisional",0.156565068605259,0.537855183247966,FALSE
"MSRB3",1.61516593517876,3.15768163263048e-10,1.48332723252862,6.60263757866543e-08,1.44428842621809,1.66857712773795e-07,1.50298077117035,3.9619490814855e-08,1.61068212244898,3.16141156004053e-15,0.948979591836735,6,"sex=Female;sex=Male;location=Left;location=Right;age_stratum=age_lower;age_stratum=age_upper",1,1.34059605661825,1.84975008766552,"False",3.41571637965616,5.03088231483492,3.87281024180599,1.61516593517876,-1.15807207302893,"adjacent_specific","True","True","True","True","True","True","True","True","True","True","True",0.7213796193049,"Tier 2 - provisional",-0.0926990039356532,0.763362763194733,FALSE
"RBPMS2",1.27389654425117,2.00715723463231e-13,1.15791903539709,2.42163290276243e-10,1.14575274034944,5.3218232503708e-10,1.16864558933405,1.62366346049037e-10,1.27751748979592,2.81796465073481e-19,0.989795918367347,6,"sex=Female;sex=Male;location=Left;location=Right;age_stratum=age_lower;age_stratum=age_upper",1,1.11536474336128,1.37722847834539,"False",3.258682943491,4.53257948774216,3.34804373406346,1.27389654425116,-1.1845357536787,"adjacent_specific","True","True","True","True","True","True","True","True","True","True","True",0.721364288661169,"Tier 2 - provisional",0.20312811931832,0.276438556979983,FALSE
"RHOJ",0.950967114139456,2.22983052422184e-15,0.914211076857282,9.31313547825764e-13,0.900861995513408,2.64273631988943e-12,0.922471949100053,5.46199035715839e-13,0.945750428571429,1.29962215594683e-21,0.989795918367347,6,"sex=Female;sex=Male;location=Left;location=Right;age_stratum=age_lower;age_stratum=age_upper",1,0.89733761869812,0.972046114334865,"False",2.81620341202261,3.76717052616207,3.18998220935033,0.950967114139456,-0.577188316811742,"adjacent_specific","True","False","True","True","True","True","True","True","True","True","True",0.721206665823097,"Tier 2 - provisional",0.234620641663588,0.0311335607122585,FALSE
"FAM162B",0.998214872659043,2.41992899000333e-15,0.987083277235391,3.05023726390874e-13,0.945542858789002,1.07098962282064e-12,1.00032344265246,8.55438135151652e-14,1.00068906122449,1.76573489884528e-16,0.928571428571429,6,"sex=Female;sex=Male;location=Left;location=Right;age_stratum=age_lower;age_stratum=age_upper",1,0.887718306688556,1.06972000719912,"False",3.49371212090697,4.49192699356601,3.9250814136708,0.998214872659044,-0.56684557989521,"adjacent_specific","True","False","True","True","True","True","True","True","True","True","True",0.72112805515253,"Tier 2 - provisional",0.435156022857081,0.00144221885279117,FALSE
"RORA",0.936377354576352,1.04596946196095e-14,0.964448266355592,1.44529493122197e-13,0.993744923178952,3.17009940062485e-14,0.980263316682172,2.10652668007044e-14,0.933348693877551,2.47575457692842e-17,0.918367346938776,6,"sex=Female;sex=Male;location=Left;location=Right;age_stratum=age_lower;age_stratum=age_upper",1,0.879897083720999,1.05000547633213,"False",4.35790921735226,5.2942865719286,4.60006820738183,0.936377354576347,-0.694218364546774,"adjacent_specific","True","False","True","True","True","True","True","True","True","True","True",0.720370522305426,"Tier 2 - provisional",0.708541801075934,3.31898786827331e-07,TRUE
"REV3L",0.645045809950552,1.75147036692763e-17,0.646732564324323,1.93186494717625e-15,0.645072347246376,4.16068104638567e-15,0.656578055882931,2.31760866074388e-16,0.645544897959185,9.06245299454549e-17,0.979591836734694,6,"sex=Female;sex=Male;location=Left;location=Right;age_stratum=age_lower;age_stratum=age_upper",1,0.591745635340442,0.700973071678598,"False",5.94235115886485,6.5873969688154,6.11454730894639,0.645045809950552,-0.472849659869003,"non_monotonic","True","False","True","True","True","True","True","True","True","True","True",0.719808468681837,"Tier 2 - provisional",0.486964249217306,1.53608736215617e-07,FALSE
"ANKRA2",-0.57626563620419,2.59404645472767e-17,-0.587593548333846,9.08392471507826e-16,-0.593917317187555,9.02705645316617e-16,-0.58315100355193,1.1944742529286e-15,-0.575472918367345,1.42466546814987e-16,0.989795918367347,6,"sex=Female;sex=Male;location=Left;location=Right;age_stratum=age_lower;age_stratum=age_upper",1,-0.688648836959132,-0.483262972555043,"False",6.60302020860898,6.0267545724048,6.27563023186907,-0.576265636204186,0.248875659464271,"non_monotonic","True","False","True","True","True","True","True","True","True","True","True",0.719382716603064,"Tier 2 - provisional",-0.519621454076189,2.01174008757489e-09,TRUE
"SCARNA9L",0.516791514781236,2.00290084048064e-18,0.52588872460914,8.5764445287602e-17,0.546008928809299,3.3212061631941e-18,0.524907444195751,1.19576405330192e-16,0.700451755102041,9.42234170398833e-24,0.969387755102041,6,"sex=Female;sex=Male;location=Left;location=Right;age_stratum=age_lower;age_stratum=age_upper",1,0.472427089900283,0.607892264379107,"False",2.12603831313902,2.64282982792025,2.2813400518343,0.516791514781235,-0.361489776085957,"non_monotonic","True","False","True","True","True","True","True","True","True","True","True",0.719380964750912,"Tier 2 - provisional",0.688619507136788,8.38358957986481e-20,TRUE
"TSPYL5",1.1668083740001,2.36901451127185e-12,1.15768560504764,1.13960452624235e-10,1.14564888162046,2.55585056303794e-10,1.17217160215481,5.3734678371523e-11,1.16727444897959,1.02861945169087e-17,0.959183673469388,6,"sex=Female;sex=Male;location=Left;location=Right;age_stratum=age_lower;age_stratum=age_upper",1,0.978001003290891,1.38580693364942,"False",3.22069246622016,4.38750084022025,3.47153614065363,1.16680837400009,-0.915964699566622,"adjacent_specific","True","True","True","True","True","True","True","True","True","True","True",0.719312681102695,"Tier 2 - provisional",0.24939769626806,0.144258870637545,FALSE
"SYNM",1.6247154427255,7.18405516341409e-10,1.43111408718383,3.03400277916722e-07,1.40772969464692,6.00117919553696e-07,1.44791514524863,2.13400082311573e-07,1.6229612244898,1.81919436907804e-14,0.989795918367347,6,"sex=Female;sex=Male;location=Left;location=Right;age_stratum=age_lower;age_stratum=age_upper",1,1.28448036697695,1.90376393451348,"False",4.32711677785048,5.95183222057598,4.24474056279021,1.62471544272549,-1.70709165778577,"adjacent_specific","True","True","True","True","True","True","True","True","True","True","True",0.718750309035126,"Tier 2 - provisional",0.0167223142193999,0.968083913597829,FALSE
"TOMM5",-0.586699030659208,5.60945381344402e-20,-0.564066748371623,1.0157472277299e-16,-0.578159112386187,2.51919590480939e-17,-0.560181841890498,1.34843596096631e-16,-0.584650081632654,3.28466791176163e-21,0.948979591836735,6,"sex=Female;sex=Male;location=Left;location=Right;age_stratum=age_lower;age_stratum=age_upper",1,-0.640230966747712,-0.490950239680238,"False",9.77022990006641,9.1835308694072,9.96691804313059,-0.586699030659203,0.783387173723382,"adjacent_specific","True","False","True","True","True","True","True","True","True","True","True",0.718667669105479,"Tier 2 - provisional",-0.756212937104479,6.69382253444841e-21,TRUE
"EML1",1.46066847213343,1.0641024282053e-10,1.35402798315824,2.18377745205568e-08,1.31466691577138,5.98268479033341e-08,1.36953501512543,1.4294461107292e-08,1.45586628571429,8.1925805489232e-16,0.969387755102041,6,"sex=Female;sex=Male;location=Left;location=Right;age_stratum=age_lower;age_stratum=age_upper",1,1.21065424830909,1.6879141354825,"False",2.56804773774417,4.02871620987759,2.97653046856199,1.46066847213343,-1.0521857413156,"adjacent_specific","True","True","True","True","True","True","True","True","True","True","True",0.718491618258028,"Tier 2 - provisional",0.0108408001633308,0.973271734887537,FALSE
"C1orf53",-0.775751462087827,5.35666881551605e-18,-0.722800104449981,1.73563903544797e-14,-0.732516168660486,1.40945720190831e-14,-0.720152211168775,2.38846700811168e-14,-0.774321387755102,2.52011933550637e-19,0.979591836734694,6,"sex=Female;sex=Male;location=Left;location=Right;age_stratum=age_lower;age_stratum=age_upper",1,-0.840254120992974,-0.667903872163302,"False",6.91452295816914,6.13877149608132,6.49761859502903,-0.775751462087822,0.358847098947709,"non_monotonic","True","False","True","True","True","True","True","True","True","True","True",0.718431274072229,"Tier 2 - provisional",-0.581143657939888,1.19177160650383e-07,TRUE
"FRMD6",0.651600414882874,4.15084483981088e-18,0.634123177752825,2.39041192013951e-15,0.630560249074244,5.88601498109211e-15,0.6401059079255,1.0437557263955e-15,0.651978918367349,2.44726158615812e-23,0.979591836734694,6,"sex=Female;sex=Male;location=Left;location=Right;age_stratum=age_lower;age_stratum=age_upper",1,0.527105627442424,0.716138876154641,"False",3.79994103992461,4.45154145480748,4.08003225602531,0.651600414882872,-0.371509198782167,"non_monotonic","True","False","True","True","True","True","True","True","True","True","True",0.718247112617202,"Tier 2 - provisional",0.251618037092885,0.000274822887767721,FALSE
"APOM",-0.793568435582036,1.69070990965824e-16,-0.769295754641684,5.73900673284711e-14,-0.743377916099963,2.17060860868947e-13,-0.766494918991552,7.96808433854432e-14,-0.792168693877552,1.04406578377167e-11,0.979591836734694,6,"sex=Female;sex=Male;location=Left;location=Right;age_stratum=age_lower;age_stratum=age_upper",1,-0.840891721752953,-0.693954550751354,"False",4.45561535582986,3.66204692024782,3.96556836993648,-0.793568435582035,0.30352144968866,"non_monotonic","True","False","True","True","True","True","True","True","True","True","True",0.71804255390615,"Tier 2 - provisional",-0.625448794548594,1.30530186636438e-07,TRUE
"PDLIM3",1.72983550310714,1.41363646419063e-09,1.61405837903837,1.50918112595456e-07,1.55017312358794,4.36749561321215e-07,1.63117001221721,1.09191250304498e-07,1.72916473469388,3.27695473267316e-14,0.877551020408163,6,"sex=Female;sex=Male;location=Left;location=Right;age_stratum=age_lower;age_stratum=age_upper",1,1.54781724968586,1.82797588146153,"False",4.32680720604485,6.05664270915199,4.52887203593163,1.72983550310714,-1.52777067322036,"adjacent_specific","True","True","True","True","True","True","True","True","True","True","True",0.717949020238114,"Tier 2 - provisional",-0.162716319867329,0.606049864431442,FALSE
"LDOC1",1.02006979594553,1.65375456338436e-13,1.01173725447376,1.11092264498935e-11,0.994618084077094,3.13310909100987e-11,1.0233268709617,5.2110634124765e-12,1.01890918367347,8.01701124084402e-19,0.969387755102041,6,"sex=Female;sex=Male;location=Left;location=Right;age_stratum=age_lower;age_stratum=age_upper",1,0.942870144858176,1.06091675398983,"False",2.70825409090451,3.72832388685003,2.98567763644385,1.02006979594553,-0.742646250406183,"adjacent_specific","True","True","True","True","True","True","True","True","True","True","True",0.717567455909164,"Tier 2 - provisional",0.222302682958277,0.092199178233657,FALSE
"RSPO2",1.12179898324835,1.04801463828391e-12,1.1238532529509,3.94545017737273e-11,1.09206766711025,1.31901131216714e-10,1.13142190319972,3.16989097748058e-11,1.12275159183673,4.27889911556737e-17,0.938775510204082,6,"sex=Female;sex=Male;location=Left;location=Right;age_stratum=age_lower;age_stratum=age_upper",1,1.01223503705355,1.28595661756791,"False",3.35220695913721,4.47400594238556,2.70447281126699,1.12179898324834,-1.76953313111857,"adjacent_specific","True","True","True","True","True","True","True","True","True","True","True",0.717271044071797,"Tier 2 - provisional",0.575896585567583,0.00246171253478511,TRUE
"RUFY3",0.619783919355374,4.05093225642232e-18,0.605838721844237,1.12843360028317e-15,0.631707276961806,3.28363432483327e-17,0.617058623934953,4.68567724682303e-17,0.619341224489797,1.56929439806089e-14,0.969387755102041,6,"sex=Female;sex=Male;location=Left;location=Right;age_stratum=age_lower;age_stratum=age_upper",1,0.543939843327617,0.699875620448677,"False",4.87080858857693,5.4905925079323,5.13405996830691,0.619783919355371,-0.356532539625395,"non_monotonic","True","False","True","True","True","True","True","True","True","True","True",0.717097616508841,"Tier 2 - provisional",0.616329886912574,1.43872424823246e-11,TRUE
"MED21",-0.692747741427197,6.79688367596199e-18,-0.677751924653534,2.6271065659732e-15,-0.702783085099675,1.8686000065755e-16,-0.665690152500956,1.03545208987064e-15,-0.692346653061223,1.0835815694324e-17,0.948979591836735,6,"sex=Female;sex=Male;location=Left;location=Right;age_stratum=age_lower;age_stratum=age_upper",1,-0.806728908385667,-0.521029981832915,"False",6.98360504173126,6.29085730030406,6.7036702016558,-0.692747741427198,0.412812901351733,"non_monotonic","True","False","True","True","True","True","True","True","True","True","True",0.71669738138144,"Tier 2 - provisional",-1.03684306817329,4.91324408075347e-27,TRUE
"SCGN",1.03090270756145,6.67440718918244e-13,1.04057248744421,1.84877988537058e-11,0.997003771461345,6.79646548105808e-11,1.05780220247862,4.34078754548612e-12,1.02714563265306,5.97765964144232e-15,0.959183673469388,6,"sex=Female;sex=Male;location=Left;location=Right;age_stratum=age_lower;age_stratum=age_upper",1,0.921744204627136,1.16008621233334,"False",3.63682996045769,4.66773266801914,2.79745974991141,1.03090270756144,-1.87027291810772,"adjacent_specific","True","True","True","True","True","True","True","True","True","True","True",0.716589379545961,"Tier 2 - provisional",0.444806863466345,0.00727401453452772,FALSE
"PTGDS",1.28818594942249,2.60903801821471e-10,1.30946278365508,3.11062974576706e-09,1.37924966949021,2.96510175300931e-10,1.32002018402213,2.43383221089792e-09,1.28802224489796,5.24395499728904e-10,0.928571428571429,6,"sex=Female;sex=Male;location=Left;location=Right;age_stratum=age_lower;age_stratum=age_upper",1,1.08278142938552,1.5891930000361,"False",6.40197363753042,7.6901595869529,5.97452420769479,1.28818594942249,-1.71563537925811,"adjacent_specific","True","True","True","True","True","True","True","True","True","True","True",0.715522914909318,"Tier 2 - provisional",1.03222562428057,7.30850840828971e-07,TRUE
"THBS1",0.98790624216278,8.14533070106076e-15,0.950395739346566,2.09038022508183e-12,0.882478109713726,3.15969199681152e-12,0.944367492326447,2.88279534130189e-12,0.992030081632652,4.13368329722823e-13,0.948979591836735,6,"sex=Female;sex=Male;location=Left;location=Right;age_stratum=age_lower;age_stratum=age_upper",1,0.834008591631781,1.03079073778546,"False",6.0589826120785,7.04688885424128,6.18561813741051,0.987906242162781,-0.861270716830769,"adjacent_specific","True","False","True","True","True","True","True","True","True","True","True",0.715452313870508,"Tier 2 - provisional",0.713799883302175,5.14247590772636e-06,TRUE
"TGFB1I1",1.37021675192008,3.32172773655722e-11,1.27997009586167,7.14336238588498e-09,1.23841351731337,2.13938221915558e-08,1.28767942955595,6.38361587495051e-09,1.3708586122449,2.079215716485e-16,0.959183673469388,6,"sex=Female;sex=Male;location=Left;location=Right;age_stratum=age_lower;age_stratum=age_upper",1,1.18311801319967,1.51612402799086,"False",5.45067486384154,6.82089161576162,6.18706317629092,1.37021675192008,-0.633828439470701,"adjacent_specific","True","True","True","True","True","True","True","True","True","True","True",0.715210512466949,"Tier 2 - provisional",0.0752327525366407,0.772811934359444,FALSE
"LAMA2",1.04776697132492,7.46197570880072e-16,0.95262681604676,1.52311135298905e-12,0.96743451741825,1.15533280200289e-12,0.964307682445021,5.75758718161121e-13,1.04913612244898,7.63179619131863e-19,0.938775510204082,6,"sex=Female;sex=Male;location=Left;location=Right;age_stratum=age_lower;age_stratum=age_upper",1,0.883511796823866,1.1079151319273,"False",4.97603679033413,6.02380376165904,4.82785938878517,1.04776697132491,-1.19594437287387,"adjacent_specific","True","False","True","True","True","True","True","True","True","True","True",0.715136047923304,"Tier 2 - provisional",0.339018202257224,0.00816163307587213,FALSE
"AFF3",0.759693915164361,5.11825733750027e-16,0.753450005655287,7.05084701192388e-14,0.743539570362895,2.10034894077141e-13,0.751325747633577,9.63987610717826e-14,0.758785510204081,5.79662566538068e-19,0.969387755102041,6,"sex=Female;sex=Male;location=Left;location=Right;age_stratum=age_lower;age_stratum=age_upper",1,0.713330339438824,0.834189409552347,"False",2.80653778137277,3.56623169653713,2.43824664243963,0.759693915164363,-1.12798505409751,"adjacent_specific","True","False","True","True","True","True","True","True","True","True","True",0.714814384764729,"Tier 2 - provisional",0.413433098776089,6.09568618234053e-05,FALSE
"CCDC50",0.968343416422454,7.95408715256575e-15,0.922610029445781,3.52348457543473e-12,0.908885779921989,9.76944838905163e-12,0.933341204183898,1.53638958439472e-12,0.974411306122449,8.49642544110855e-18,0.969387755102041,6,"sex=Female;sex=Male;location=Left;location=Right;age_stratum=age_lower;age_stratum=age_upper",1,0.849239619844345,1.1061338578947,"False",4.63467705477303,5.60302047119549,4.97859199499244,0.968343416422453,-0.624428476203046,"adjacent_specific","True","False","True","True","True","True","True","True","True","True","True",0.714763450156059,"Tier 2 - provisional",0.470398084074814,0.000926890426300022,FALSE
"AOC3",1.02023491134384,8.5109925824032e-14,0.963185287260802,3.67584064005402e-11,0.943530299200866,1.08678016575372e-10,0.971552182513529,2.47539327090432e-11,1.01911075510204,8.63331871041372e-20,1,6,"sex=Female;sex=Male;location=Left;location=Right;age_stratum=age_lower;age_stratum=age_upper",1,0.914026732146502,1.10451275001877,"False",3.43904372551489,4.45927863685873,3.35620332411378,1.02023491134384,-1.10307531274495,"adjacent_specific","True","False","True","True","True","True","True","True","True","True","True",0.71476068712571,"Tier 2 - provisional",0.157243154549303,0.247763464976395,FALSE
"NAP1L3",1.10909458007648,3.0931995886477e-13,1.05607733538882,7.95903936984902e-11,1.03827924824306,2.12268560847784e-10,1.07181520116098,2.69804557160952e-11,1.10822644897959,3.60909278866929e-19,0.969387755102041,6,"sex=Female;sex=Male;location=Left;location=Right;age_stratum=age_lower;age_stratum=age_upper",1,0.930059417560242,1.29138025717357,"False",2.4229730855577,3.53206766563417,2.6432995602672,1.10909458007648,-0.888768105366968,"adjacent_specific","True","True","True","True","True","True","True","True","True","True","True",0.714626198592564,"Tier 2 - provisional",0.200097225652378,0.199792633253685,FALSE
"VIM",1.02580560500157,9.48247999521597e-16,0.972761705803457,7.13642262852434e-13,0.949214339540448,2.44994855745502e-12,0.987359198589302,1.62541231417141e-13,1.02548393877551,9.85009185434001e-20,0.908163265306122,6,"sex=Female;sex=Male;location=Left;location=Right;age_stratum=age_lower;age_stratum=age_upper",1,0.830699931094973,1.11173521932085,"False",9.94698147510598,10.9727870801075,10.3258803287653,1.02580560500157,-0.646906751342229,"adjacent_specific","True","False","True","True","True","True","True","True","True","True","True",0.714552870018038,"Tier 2 - provisional",0.239815369410761,0.00255286173805791,FALSE
"XRCC4",-0.556746619800281,5.95557284998416e-19,-0.53889100059676,5.51283534913966e-16,-0.550188693921342,2.28416623324679e-16,-0.55069344742079,5.31339495995176e-18,-0.557094734693877,3.56400636805211e-14,0.969387755102041,6,"sex=Female;sex=Male;location=Left;location=Right;age_stratum=age_lower;age_stratum=age_upper",1,-0.628024064674758,-0.43196747522643,"False",4.87005105834229,4.31330443854201,4.6806151763632,-0.556746619800278,0.367310737821192,"non_monotonic","True","False","True","True","True","True","True","True","True","True","True",0.714537786330932,"Tier 2 - provisional",-0.486268736292842,3.34689454959264e-10,FALSE
"BCHE",1.39355937259845,9.60939065485717e-10,1.35610585715012,3.70734023124169e-08,1.3160510692687,1.01472846777663e-07,1.36391457122519,3.40729434348165e-08,1.39140365306122,1.67709294546326e-14,0.948979591836735,6,"sex=Female;sex=Male;location=Left;location=Right;age_stratum=age_lower;age_stratum=age_upper",1,1.18841092133799,1.55845173443836,"False",2.85161393603899,4.24517330863744,2.41934845990909,1.39355937259845,-1.82582484872835,"adjacent_specific","True","True","True","True","True","True","True","True","True","True","True",0.714082771172586,"Tier 2 - provisional",0.181161011063844,0.549952035839947,FALSE
"SYNPO2",1.67276086237286,3.13442026061407e-08,1.54321400636066,2.16559796280567e-06,1.5233429530426,3.6928979639031e-06,1.55466904278013,1.92384425720648e-06,1.67399771428571,1.09645020629268e-12,0.938775510204082,6,"sex=Female;sex=Male;location=Left;location=Right;age_stratum=age_lower;age_stratum=age_upper",1,1.3426503453828,1.98664634740599,"False",3.49666324747142,5.16942410984427,3.29806409309124,1.67276086237285,-1.87136001675303,"adjacent_specific","True","True","True","True","True","True","True","True","True","True","True",0.713371945953355,"Tier 2 - provisional",-0.214378659842704,0.561566740624115,FALSE
"PRDX3",-0.505352338816271,2.03158066124815e-17,-0.515270822743732,7.73544853372333e-16,-0.52716761190781,2.60091789536149e-16,-0.512644433817509,1.09530478078557e-15,-0.503422571428572,2.74644423081612e-21,0.979591836734694,6,"sex=Female;sex=Male;location=Left;location=Right;age_stratum=age_lower;age_stratum=age_upper",1,-0.536996267341847,-0.490249958945682,"False",9.88713895772077,9.38178661890451,9.63068282576649,-0.505352338816266,0.24889620686198,"non_monotonic","True","False","True","True","True","True","True","True","True","True","True",0.713257567579654,"Tier 2 - provisional",-0.778907248279552,7.19745427115411e-28,TRUE
"PALLD",1.24899076748004,7.82995512691958e-12,1.1513580425289,3.19290384966234e-09,1.13251811143314,7.45128495019205e-09,1.15845175000477,2.83422991111942e-09,1.24770175510204,2.88061151077645e-17,0.989795918367347,6,"sex=Female;sex=Male;location=Left;location=Right;age_stratum=age_lower;age_stratum=age_upper",1,1.04615039916969,1.42880802713219,"False",8.04917483775595,9.29816560523599,8.6593245669823,1.24899076748004,-0.638841038253688,"adjacent_specific","True","True","True","True","True","True","True","True","True","True","True",0.712895092515279,"Tier 2 - provisional",0.144230794569808,0.507582328772595,FALSE
"ZCCHC2",0.59806233691959,2.12970740445148e-16,0.616345309142304,3.9468123584517e-15,0.62545363806611,2.78417250164829e-15,0.62057006186269,2.62859229870862e-15,0.642094326530613,6.87491068476831e-24,0.959183673469388,6,"sex=Female;sex=Male;location=Left;location=Right;age_stratum=age_lower;age_stratum=age_upper",1,0.527938337701979,0.692409555976906,"False",3.14433132307819,3.74239365999778,3.33583809972623,0.598062336919588,-0.406555560271551,"non_monotonic","True","False","True","True","True","True","True","True","True","True","True",0.712506286295673,"Tier 2 - provisional",0.668585711889654,1.1373617286806e-12,TRUE
"FBXO22",-0.522943777034049,2.05999065902643e-18,-0.516063632698622,6.54917104740832e-16,-0.525412888306242,3.50196655186273e-16,-0.509265551402837,5.03915625462544e-16,-0.523500408163265,3.54480214772192e-17,0.969387755102041,6,"sex=Female;sex=Male;location=Left;location=Right;age_stratum=age_lower;age_stratum=age_upper",1,-0.593273269995983,-0.420378868373101,"False",5.27379599060675,4.7508522135727,5.6718480571188,-0.522943777034049,0.920995843546107,"adjacent_specific","True","False","True","True","True","True","True","True","True","True","True",0.71237289354144,"Tier 2 - provisional",-0.565780690870043,3.52099254168342e-13,TRUE
"OR51E2",1.0209909777477,8.73526642705696e-13,1.01651544376109,4.27073380497504e-11,0.976721869504868,1.54351175549833e-10,1.02918602713401,1.92245919839563e-11,1.022879,1.05861878303212e-16,0.959183673469388,6,"sex=Female;sex=Male;location=Left;location=Right;age_stratum=age_lower;age_stratum=age_upper",1,0.817562005152849,1.15609524529492,"False",2.94716021718079,3.96815119492849,3.23175239056432,1.0209909777477,-0.736398804364172,"adjacent_specific","True","True","True","True","True","True","True","True","True","True","True",0.712273752888017,"Tier 2 - provisional",0.395495649447864,0.0165051734373148,FALSE
"FLVCR1",-0.923109792367941,3.40629199113385e-15,-0.87547947027089,1.86513403120647e-12,-0.830652687835886,5.84361586705783e-12,-0.872279141474633,2.5446646179255e-12,-0.932232408163265,6.7461399177489e-13,0.959183673469388,6,"sex=Female;sex=Male;location=Left;location=Right;age_stratum=age_lower;age_stratum=age_upper",1,-1.07229624262009,-0.780674284358058,"False",5.03813525415573,4.11502546178779,5.00060715998523,-0.923109792367938,0.885581698197432,"adjacent_specific","True","False","True","True","True","True","True","True","True","True","True",0.711912558041473,"Tier 2 - provisional",-0.639242495651791,7.80108914848603e-06,TRUE
"RGS5",1.37654217404817,1.40688797404693e-11,1.24073317051135,9.06804272283737e-09,1.2600003241953,7.70399361982614e-09,1.25001795202014,7.46888146239868e-09,1.37563934693878,5.69153453853319e-16,0.959183673469388,6,"sex=Female;sex=Male;location=Left;location=Right;age_stratum=age_lower;age_stratum=age_upper",1,1.19898529042756,1.58183110323715,"False",6.3878207617387,7.76436293578687,7.55144729129126,1.37654217404816,-0.212915644495609,"non_monotonic","True","True","True","True","True","True","True","True","True","True","True",0.711667797263737,"Tier 2 - provisional",0.11964874216738,0.624718785093911,FALSE
"CKS1B",-0.754926939008905,1.30458333589413e-16,-0.743793192930091,2.81537612059463e-14,-0.775886638750699,1.21899583348535e-15,-0.741756623043404,3.83929662831457e-14,-0.762000530612247,2.33697192765883e-18,0.928571428571429,6,"sex=Female;sex=Male;location=Left;location=Right;age_stratum=age_lower;age_stratum=age_upper",1,-0.802769123695893,-0.692330855173045,"False",7.15503745753143,6.40011051852253,7.58890671246784,-0.754926939008906,1.18879619394531,"adjacent_specific","True","False","True","True","True","True","True","True","True","True","True",0.711141600557356,"Tier 2 - provisional",-0.793446611256841,2.16632780034352e-11,TRUE
"ACTR6",-0.500829228249828,1.0026258545643e-18,-0.493886658608448,2.6537449523204e-16,-0.499647985630395,2.41879231856119e-16,-0.48933344950053,3.0143617530566e-16,-0.503083673469388,2.63889822650871e-16,0.948979591836735,6,"sex=Female;sex=Male;location=Left;location=Right;age_stratum=age_lower;age_stratum=age_upper",1,-0.531909036765528,-0.45663878773789,"False",5.43659841535789,4.93576918710806,5.00468903635661,-0.500829228249827,0.0689198492485543,"field_shift_then_plateau","True","False","False","False","True","True","True","True","True","True","True",0.710675708869389,"Tier 2 - provisional",-0.60839688812369,7.39601417997772e-17,TRUE
"OCIAD2",-0.725062854065446,4.35111666170124e-15,-0.732947583406291,1.79625548104725e-13,-0.714330506311073,6.59415175371557e-13,-0.739603683424748,9.74963709860049e-14,-0.72657514285714,1.33179048157155e-18,0.969387755102041,6,"sex=Female;sex=Male;location=Left;location=Right;age_stratum=age_lower;age_stratum=age_upper",1,-0.768036016127235,-0.64557002285421,"False",9.27070907703393,8.54564622296849,8.98822178092163,-0.725062854065447,0.442575557953141,"non_monotonic","True","False","True","True","True","True","True","True","True","True","True",0.710449020212604,"Tier 2 - provisional",-0.369744805969922,0.000326633591028526,FALSE
"HBB",1.67352123350696,6.43018782379761e-11,1.5023927810138,2.46902499270272e-08,1.52673917426768,2.08901547277808e-08,1.51970891346312,1.62223526312125e-08,1.70205557142857,2.34865868623553e-14,0.836734693877551,6,"sex=Female;sex=Male;location=Left;location=Right;age_stratum=age_lower;age_stratum=age_upper",1,1.52001092670378,1.83844497322015,"False",8.83260044521717,10.5061216787241,8.48469503025385,1.67352123350695,-2.02142664847027,"adjacent_specific","True","True","True","True","True","True","True","True","True","True","True",0.709757830011353,"Tier 2 - provisional",0.658050126216012,0.0355259891434757,TRUE
"BLOC1S2",-0.636952569159976,4.9539131015243e-17,-0.618138003249482,1.64532942372492e-14,-0.62924974838449,9.46857019710149e-15,-0.608740685148001,1.17120601845792e-14,-0.637257102040817,5.88516301199853e-15,0.969387755102041,6,"sex=Female;sex=Male;location=Left;location=Right;age_stratum=age_lower;age_stratum=age_upper",1,-0.735656453600537,-0.557578278417275,"False",6.14008529210146,5.50313272294149,5.70808052208251,-0.636952569159975,0.204947799141026,"non_monotonic","True","False","True","True","True","True","True","True","True","True","True",0.709663444787095,"Tier 2 - provisional",-0.830453726662739,8.31073436427576e-20,TRUE
"TSHZ3",0.946709767251723,2.18469596057529e-14,0.905471540135197,7.89193257040344e-12,0.900043917090766,1.64199454614765e-11,0.918571193323369,2.39738598702409e-12,0.950280775510203,1.53819599255007e-20,0.959183673469388,6,"sex=Female;sex=Male;location=Left;location=Right;age_stratum=age_lower;age_stratum=age_upper",1,0.838849264118354,1.03798617499047,"False",3.25747108010984,4.20418084736156,3.6134096268776,0.946709767251722,-0.590771220483958,"adjacent_specific","True","False","True","True","True","True","True","True","True","True","True",0.709580039320048,"Tier 2 - provisional",0.237620005907361,0.0586697024167037,FALSE
"LPP",0.907043194274434,2.31933354712836e-14,0.888558999573961,3.36975886262145e-12,0.895263094668243,3.95687951978595e-12,0.898751010846085,1.49734439045113e-12,0.905103102040817,2.83836258863438e-18,0.948979591836735,6,"sex=Female;sex=Male;location=Left;location=Right;age_stratum=age_lower;age_stratum=age_upper",1,0.74804953589732,1.085355082193,"False",6.55644687082454,7.46349006509897,6.32230101628576,0.907043194274434,-1.14118904881321,"adjacent_specific","True","False","True","True","True","True","True","True","True","True","True",0.709554164344811,"Tier 2 - provisional",0.389217013823385,0.00316013417401224,FALSE
"SRD5A1",-0.555051151466579,4.56084664194017e-14,-0.612694795853916,1.02494255283337e-14,-0.568735608060823,5.41357273039403e-15,-0.61042041219621,1.418677996365e-14,-0.553004693877551,2.53419553983918e-12,0.959183673469388,6,"sex=Female;sex=Male;location=Left;location=Right;age_stratum=age_lower;age_stratum=age_upper",1,-0.66454801976615,-0.395490506563372,"False",4.60160973265327,4.04655858118669,4.64538886762016,-0.555051151466578,0.598830286433473,"adjacent_specific","True","False","True","True","True","True","True","True","True","True","True",0.709285156454949,"Tier 2 - provisional",-0.384301728050868,8.8485827489486e-06,FALSE
"TPM2",1.22811593513313,2.02835737354292e-12,1.11060223349439,1.80823574824193e-09,1.07578789525173,5.59267384006029e-09,1.11030907323235,2.14534381260905e-09,1.22782787755102,2.19659794141037e-17,0.969387755102041,6,"sex=Female;sex=Male;location=Left;location=Right;age_stratum=age_lower;age_stratum=age_upper",1,1.0214026417038,1.39680564925769,"False",4.92750582271666,6.15562175784979,5.7368314169081,1.22811593513312,-0.418790340941691,"non_monotonic","True","True","True","True","True","True","True","True","True","True","True",0.708832302758069,"Tier 2 - provisional",0.107949059100357,0.595930224153165,FALSE
"SLC7A2",0.681465907273475,6.76799757644078e-16,0.682005693332081,5.9237497682391e-14,0.645476501724786,1.44001537352655e-13,0.687782562215702,3.39512763020565e-14,0.679290591836735,2.94441848686485e-20,0.959183673469388,6,"sex=Female;sex=Male;location=Left;location=Right;age_stratum=age_lower;age_stratum=age_upper",1,0.546191438499611,0.753951113682722,"False",2.53024859777628,3.21171450504976,2.69799975344894,0.681465907273471,-0.513714751600816,"adjacent_specific","True","False","True","True","True","True","True","True","True","True","True",0.708793812128518,"Tier 2 - provisional",0.323389572002338,0.000439486762050369,FALSE
"SMARCA1",1.15522342812109,7.06224223633223e-12,1.10372593891267,1.05685315686939e-09,1.08238197386293,2.71600639176079e-09,1.11966614673212,4.54547228874241e-10,1.15611930612245,6.79807459232217e-17,0.959183673469388,6,"sex=Female;sex=Male;location=Left;location=Right;age_stratum=age_lower;age_stratum=age_upper",1,1.00040154892195,1.32460005109781,"False",3.91845873026661,5.07368215838769,4.82212532868038,1.15522342812109,-0.251556829707315,"non_monotonic","True","True","True","True","True","True","True","True","True","True","True",0.70854941578225,"Tier 2 - provisional",0.109045355234477,0.565876794178779,FALSE
"SIGLEC1",0.805814191697606,5.45715713160728e-14,0.818038223547195,1.47184737076817e-12,0.846997258599347,2.43233128889e-13,0.832720817625479,1.98651106922258e-13,0.807259551020408,2.14955865345674e-16,0.959183673469388,6,"sex=Female;sex=Male;location=Left;location=Right;age_stratum=age_lower;age_stratum=age_upper",1,0.665638655324808,1.01605167141324,"False",3.29437725163923,4.10019144333683,2.95977139566263,0.805814191697603,-1.1404200476742,"adjacent_specific","True","False","True","True","True","True","True","True","True","True","True",0.708544235203325,"Tier 2 - provisional",0.608959006269268,4.13704508897357e-07,TRUE
"FLNC",1.54451366093221,4.14285830251017e-09,1.38827679005599,7.71245413659568e-07,1.35351705958312,1.71131874018635e-06,1.40581480389205,5.33296696168047e-07,1.54050310204082,1.5598511300722e-13,0.959183673469388,6,"sex=Female;sex=Male;location=Left;location=Right;age_stratum=age_lower;age_stratum=age_upper",1,1.26723403173891,1.72721685409968,"False",4.39795175384332,5.94246541477554,4.53240292263869,1.54451366093221,-1.41006249213685,"adjacent_specific","True","True","True","True","True","True","True","True","True","True","True",0.708423205539313,"Tier 2 - provisional",-0.123382936272738,0.712258408024076,FALSE
"AGTR1",1.24658045628112,1.31979463354315e-10,1.18881330613743,1.26747005427551e-08,1.15742773884704,3.38328838475515e-08,1.1990929836289,9.69668830838755e-09,1.24566459183673,1.03382735233377e-15,0.969387755102041,6,"sex=Female;sex=Male;location=Left;location=Right;age_stratum=age_lower;age_stratum=age_upper",1,1.00981765508328,1.50442003203406,"False",2.32907701940994,3.57565747569106,2.36439259062801,1.24658045628112,-1.21126488506305,"adjacent_specific","True","True","True","True","True","True","True","True","True","True","True",0.708378217543524,"Tier 2 - provisional",0.0676213452112712,0.790581980973888,FALSE
"ITIH5",1.03210802045835,4.06121696517392e-12,1.01318539799786,2.60709754565941e-10,1.02262418447504,2.82738343010058e-10,1.02172534073162,1.8850905386099e-10,1.03671620408163,2.24533284190788e-17,0.969387755102041,6,"sex=Female;sex=Male;location=Left;location=Right;age_stratum=age_lower;age_stratum=age_upper",1,0.901875942996696,1.09277363011043,"False",3.42769054759059,4.45979856804894,3.56528030442149,1.03210802045834,-0.894518263627452,"adjacent_specific","True","True","True","True","True","True","True","True","True","True","True",0.70788179858025,"Tier 2 - provisional",0.246618979601188,0.132879193265553,FALSE
"FXYD1",0.979877069728344,8.28671349586427e-14,0.985888058160125,3.41481939878729e-12,0.961447131938837,1.15490944137432e-11,0.99666791026531,1.63627199527146e-12,0.979501795918368,7.1833805391419e-19,0.887755102040816,6,"sex=Female;sex=Male;location=Left;location=Right;age_stratum=age_lower;age_stratum=age_upper",1,0.866289475783943,1.03136170858472,"False",3.87529151461245,4.85516858434079,3.08453172369583,0.979877069728343,-1.77063686064496,"adjacent_specific","True","False","True","True","True","True","True","True","True","True","True",0.7077186777324,"Tier 2 - provisional",0.393514721071308,0.00525661235578042,FALSE
"CYYR1",0.815741790832423,1.02584307322325e-14,0.813908359302683,6.83933395386682e-13,0.809974520711824,1.45265497741006e-12,0.820259508299732,4.61043748674532e-13,0.817214489795918,1.80710741928591e-19,0.938775510204082,6,"sex=Female;sex=Male;location=Left;location=Right;age_stratum=age_lower;age_stratum=age_upper",1,0.713504158893589,0.914279472956963,"False",3.07173579834683,3.88747758917925,3.4156761228028,0.815741790832421,-0.471801466376448,"non_monotonic","True","False","True","True","True","True","True","True","True","True","True",0.707711285621033,"Tier 2 - provisional",0.248588218880681,0.0154245091637193,FALSE
"NXT2",-0.562682812138397,3.09936889630043e-17,-0.551155497021585,1.09017559961035e-14,-0.553530783209195,1.56829745618056e-14,-0.553326140026818,1.02886934414356e-14,-0.561437673469388,1.00464041843267e-10,0.979591836734694,6,"sex=Female;sex=Male;location=Left;location=Right;age_stratum=age_lower;age_stratum=age_upper",1,-0.64755185462059,-0.500583622375271,"False",3.14714624364514,2.58446343150674,2.955590292662,-0.562682812138395,0.371126861155261,"non_monotonic","True","False","True","True","True","True","True","True","True","True","True",0.707613537482286,"Tier 2 - provisional",-0.472576538012526,2.05937676054704e-08,FALSE
"GCA",-0.51533336058115,2.18687672285316e-16,-0.530549607271879,4.39663925924436e-15,-0.546361369620148,7.60962337493694e-16,-0.523385569167922,3.55844919996529e-15,-0.515852775510204,4.43114711087316e-19,0.969387755102041,6,"sex=Female;sex=Male;location=Left;location=Right;age_stratum=age_lower;age_stratum=age_upper",1,-0.559992219307547,-0.503767410538638,"False",6.81603760398204,6.30070424340089,6.84910885166737,-0.515333360581147,0.54840460826648,"adjacent_specific","True","False","True","True","True","True","True","True","True","True","True",0.707500931008536,"Tier 2 - provisional",-0.464714703721609,4.28089758823205e-09,FALSE
"PTBP2",1.14259958507932,2.53932052423319e-12,1.07401706563082,7.54357608773206e-10,1.06242040164584,1.60017750507623e-09,1.08823403246186,3.61525291811172e-10,1.14093334693878,6.42506025077314e-16,0.959183673469388,6,"sex=Female;sex=Male;location=Left;location=Right;age_stratum=age_lower;age_stratum=age_upper",1,0.910359072944924,1.41709040830651,"False",4.77880720768925,5.92140679276857,5.37278915689366,1.14259958507932,-0.548617635874911,"adjacent_specific","True","True","True","True","True","True","True","True","True","True","True",0.707473334646554,"Tier 2 - provisional",0.418691648123079,0.0335118094726565,FALSE
"TEK",0.76266516744272,5.88503491387875e-16,0.749155941043166,1.10688465236677e-13,0.735514890736544,3.66689318032219e-13,0.757152780682567,4.65290860933406e-14,0.766028816326532,6.60066844382077e-21,0.928571428571429,6,"sex=Female;sex=Male;location=Left;location=Right;age_stratum=age_lower;age_stratum=age_upper",1,0.649984949417317,0.840830909773532,"False",3.40597952096381,4.16864468840653,3.65847492316326,0.762665167442719,-0.510169765243275,"adjacent_specific","True","False","True","True","True","True","True","True","True","True","True",0.707277754400937,"Tier 2 - provisional",0.318201203085301,0.000773314271468719,FALSE
"CMC1",-0.566567913536056,1.59941117985683e-18,-0.535279218140061,3.33735109778135e-15,-0.5650659494253,1.35745346300895e-17,-0.535137302275442,4.3177382086956e-15,-0.564534489795918,3.47487666604965e-18,0.959183673469388,6,"sex=Female;sex=Male;location=Left;location=Right;age_stratum=age_lower;age_stratum=age_upper",1,-0.696338511825584,-0.46488540203223,"False",8.45161738831225,7.88504947477619,8.17346906711917,-0.566567913536056,0.288419592342977,"non_monotonic","True","False","True","True","True","True","True","True","True","True","True",0.707236169663225,"Tier 2 - provisional",-0.546977257662137,3.07413727473859e-11,TRUE
"CYP1B1",1.25586716012747,7.32571401662692e-10,1.24893707331812,1.12761313682865e-08,1.22925852711789,2.46626569202508e-08,1.26281578941239,7.3359643613395e-09,1.25806808163265,7.64643134821135e-11,0.928571428571429,6,"sex=Female;sex=Male;location=Left;location=Right;age_stratum=age_lower;age_stratum=age_upper",1,0.748293620979684,1.60858574722275,"False",3.33853354037915,4.59440070050662,3.58506124710782,1.25586716012747,-1.0093394533988,"adjacent_specific","True","True","True","True","True","True","True","True","True","True","True",0.707204565555698,"Tier 2 - provisional",0.224631036394238,0.380115675112054,FALSE
"RAB34",1.07989874207051,2.41324217869675e-13,1.01874329117931,9.57828934278608e-11,1.00521717112454,2.32079788212237e-10,1.02959283873613,5.44748949258998e-11,1.08029404081633,1.32916112259527e-18,0.938775510204082,6,"sex=Female;sex=Male;location=Left;location=Right;age_stratum=age_lower;age_stratum=age_upper",1,0.961808604849024,1.12773621227238,"False",4.94612042861903,6.02601917068954,5.61093480799929,1.07989874207051,-0.415084362690255,"non_monotonic","True","True","True","True","True","True","True","True","True","True","True",0.707011822597998,"Tier 2 - provisional",0.137349104329076,0.309411773894552,FALSE
"GHR",1.01652726977595,5.30048205173943e-10,1.11721241130078,2.52239971975188e-10,1.00128833135232,1.57629948966691e-10,1.12283743162157,2.3309410629622e-10,1.0160176122449,9.53039057701926e-10,0.908163265306122,6,"sex=Female;sex=Male;location=Left;location=Right;age_stratum=age_lower;age_stratum=age_upper",1,0.784054750269959,1.36343155535959,"False",4.12014376542757,5.13667103520351,3.56570475893933,1.01652726977595,-1.57096627626419,"adjacent_specific","True","True","True","True","True","True","True","True","True","True","True",0.706668396497444,"Tier 2 - provisional",0.743939881129752,0.000379684766639083,TRUE
"MYLK",1.4285920913898,1.19563331506202e-09,1.30540944954949,2.10518063086776e-07,1.26032377615094,5.6695862600832e-07,1.31152356903692,2.03274269665351e-07,1.42981114285715,3.10429585521991e-14,0.959183673469388,6,"sex=Female;sex=Male;location=Left;location=Right;age_stratum=age_lower;age_stratum=age_upper",1,1.17428886515692,1.64904397297792,"False",8.10194878867237,9.53054088006216,7.42045009596235,1.42859209138979,-2.11009078409982,"adjacent_specific","True","True","True","True","True","True","True","True","True","True","True",0.706531989995226,"Tier 2 - provisional",0.0708374263058068,0.838494593341917,FALSE
"FHL5",0.792875790577761,3.12109158661837e-15,0.778307162665346,4.9462246555676e-13,0.776357117079024,9.79043565999291e-13,0.783790144727792,3.57299484108331e-13,0.792209265306123,1.13665759140244e-21,0.938775510204082,6,"sex=Female;sex=Male;location=Left;location=Right;age_stratum=age_lower;age_stratum=age_upper",1,0.706804300844998,0.839508709503597,"False",2.54835767977974,3.3412334703575,2.81907592451325,0.792875790577762,-0.522157545844252,"adjacent_specific","True","False","True","True","True","True","True","True","True","True","True",0.706173628519845,"Tier 2 - provisional",0.29914867888812,0.0040324226270543,FALSE
"RAI2",1.15414467789996,1.03964521117488e-12,1.09394827931389,2.78113981182691e-10,1.07439743641748,7.39246303948547e-10,1.08769154381177,3.7540540185614e-10,1.15278106122449,8.04157447794269e-18,0.918367346938776,6,"sex=Female;sex=Male;location=Left;location=Right;age_stratum=age_lower;age_stratum=age_upper",1,1.02180361478106,1.26305510947607,"False",4.42580077933953,5.57994545723949,4.54419676251687,1.15414467789996,-1.03574869472261,"adjacent_specific","True","True","True","True","True","True","True","True","True","True","True",0.706161477927888,"Tier 2 - provisional",0.185354923157962,0.272507849437627,FALSE
"CTSG",1.12269355141742,6.69089305992378e-11,1.16429542543787,3.53206112662159e-10,1.13465062214959,1.06771454544173e-09,1.18216359430078,1.26898182546381e-10,1.12128048979592,2.43635897343576e-13,0.887755102040816,6,"sex=Female;sex=Male;location=Left;location=Right;age_stratum=age_lower;age_stratum=age_upper",1,0.999131888584333,1.2255181567847,"False",4.17457754552073,5.29727109693814,3.04520928054505,1.12269355141742,-2.2520618163931,"adjacent_specific","True","True","True","True","True","True","True","True","True","True","True",0.706071629173066,"Tier 2 - provisional",0.752117650371178,0.000125156551928161,TRUE
"ZSWIM3",-0.542918568605696,3.95556686472422e-18,-0.513160799468168,7.80026966230532e-15,-0.480100051575637,7.57321177104248e-15,-0.510103139941009,1.07128467739897e-14,-0.543656102040816,1.52573451617573e-16,0.979591836734694,6,"sex=Female;sex=Male;location=Left;location=Right;age_stratum=age_lower;age_stratum=age_upper",1,-0.555748443296388,-0.491011262693059,"False",3.80823436581758,3.26531579721188,3.69530649142045,-0.542918568605696,0.429990694208565,"non_monotonic","True","False","False","True","True","True","True","True","True","True","True",0.705938107946261,"Tier 2 - provisional",-0.359130769302951,1.28060479040624e-06,FALSE
"TIMP2",0.875924621930053,1.44040322720675e-14,0.86348122623127,1.52546076231733e-12,0.820970267692359,4.93211251425412e-12,0.863764064726214,1.85620251695725e-12,0.875322693877552,9.60557097214024e-16,0.918367346938776,6,"sex=Female;sex=Male;location=Left;location=Right;age_stratum=age_lower;age_stratum=age_upper",1,0.729096516499726,0.937400489329729,"False",6.93820604563655,7.8141306675666,7.12712360464793,0.875924621930047,-0.687007062918669,"adjacent_specific","True","False","True","True","True","True","True","True","True","True","True",0.705848272570189,"Tier 2 - provisional",0.28084849886405,0.0118955920147992,FALSE
"FGF7",1.37487706612033,1.29586768046571e-10,1.28029017006796,2.28989092748436e-08,1.25892853977963,5.02562978226548e-08,1.29734517678183,1.31362056670924e-08,1.36836183673469,1.206465767461e-15,0.918367346938776,6,"sex=Female;sex=Male;location=Left;location=Right;age_stratum=age_lower;age_stratum=age_upper",1,1.16467425134622,1.45846308159012,"False",2.53023578537407,3.9051128514944,2.99039172912412,1.37487706612033,-0.914721122370283,"adjacent_specific","True","True","True","True","True","True","True","True","True","True","True",0.705788813164422,"Tier 2 - provisional",-0.025746381756932,0.92641180247702,FALSE
"ALDOB",-1.23963747508563,9.02550791708288e-08,-1.32809557967794,9.8921509544885e-08,-1.2151675107934,3.13907191347846e-07,-1.33274442620458,9.98374625324129e-08,-1.23608257142857,7.45521999387155e-06,0.918367346938776,6,"sex=Female;sex=Male;location=Left;location=Right;age_stratum=age_lower;age_stratum=age_upper",1,-1.63050026590271,-0.914940629195348,"False",4.75487132435719,3.51523384927156,4.26963738112107,-1.23963747508563,0.754403531849517,"adjacent_specific","True","True","True","True","True","True","True","True","True","True","True",0.704664371431926,"Tier 2 - provisional",-0.957628622969077,0.00203797085235073,TRUE
"FOSB",1.05494952675259,3.08672364737416e-14,0.956371231573887,5.27964459538311e-11,0.965141271487803,5.75736496412476e-11,0.952091932937007,7.12512904580646e-11,1.05420551020408,2.44995384882862e-20,0.938775510204082,6,"sex=Female;sex=Male;location=Left;location=Right;age_stratum=age_lower;age_stratum=age_upper",1,0.783825183311966,1.17165619030634,"False",3.25638509074155,4.31133461749414,3.94748568885854,1.05494952675259,-0.3638489286356,"non_monotonic","True","False","True","True","True","True","True","True","True","True","True",0.704404413080537,"Tier 2 - provisional",0.651626624180274,0.000149289928435387,TRUE
"NDN",0.9603209852967,2.44697690048141e-12,0.976868766833577,3.94545017737273e-11,0.921412536869201,1.27476360624432e-10,0.995630734665255,6.38906427860074e-12,0.959398693877551,4.71374588047786e-13,0.918367346938776,6,"sex=Female;sex=Male;location=Left;location=Right;age_stratum=age_lower;age_stratum=age_upper",1,0.833942194401274,1.14168919915855,"False",5.39803213636422,6.35835312166092,4.64101730600924,0.960320985296697,-1.71733581565168,"adjacent_specific","True","False","True","True","True","True","True","True","True","True","True",0.703856700311231,"Tier 2 - provisional",0.31214535841381,0.0409978382475918,FALSE
"TCEAL3",0.995296994097849,4.8506245336614e-14,0.927205724874671,3.67073210339998e-11,0.883014903167651,1.30698337268742e-10,0.938191115760155,1.76654409428537e-11,0.995013918367347,3.70038724736671e-19,0.938775510204082,6,"sex=Female;sex=Male;location=Left;location=Right;age_stratum=age_lower;age_stratum=age_upper",1,0.89984841894425,1.04151566841462,"False",6.43147121522454,7.42676820932238,6.66082646704782,0.995296994097848,-0.765941742274568,"adjacent_specific","True","False","True","True","True","True","True","True","True","True","True",0.703448676876833,"Tier 2 - provisional",0.114316229057066,0.34038335475423,FALSE
"CXCL12",1.21525035307577,1.39652478433221e-11,1.18779310481041,8.9419416338445e-10,1.15555505240196,2.66463836001345e-09,1.20681991333091,3.16988303311349e-10,1.21401963265306,2.83005876211399e-16,0.877551020408163,6,"sex=Female;sex=Male;location=Left;location=Right;age_stratum=age_lower;age_stratum=age_upper",1,1.06987031727809,1.27456625107571,"False",5.41277905805801,6.62802941113378,4.59049021796187,1.21525035307577,-2.0375391931719,"adjacent_specific","True","True","True","True","True","True","True","True","True","True","True",0.703410854467631,"Tier 2 - provisional",0.174088887743685,0.337209769835053,FALSE
"NCOA1",0.555436261854015,1.60158894260517e-15,0.572537053616733,2.81549750261651e-14,0.538423172095187,4.74802069288941e-14,0.577467647945126,1.56224851564642e-14,0.556373591836734,1.68179702163622e-16,0.959183673469388,6,"sex=Female;sex=Male;location=Left;location=Right;age_stratum=age_lower;age_stratum=age_upper",1,0.45700763357608,0.627840233343448,"False",6.40698556947883,6.96242183133285,6.2000011652973,0.555436261854018,-0.762420666035545,"adjacent_specific","True","False","True","True","True","True","True","True","True","True","True",0.703282063279306,"Tier 2 - provisional",0.438022372097969,5.03833572694904e-07,FALSE
"ATF3",1.0951149771694,9.5814362662409e-13,1.01298023147314,5.2955329411604e-10,0.999430865082552,1.22561018291951e-09,1.00533909459575,7.11859564025513e-10,1.09342081632653,2.62655621269852e-18,0.948979591836735,6,"sex=Female;sex=Male;location=Left;location=Right;age_stratum=age_lower;age_stratum=age_upper",1,0.788144007655494,1.2444959051305,"False",2.87841372957301,3.97352870674242,3.44555334205646,1.0951149771694,-0.527975364685954,"adjacent_specific","True","True","True","True","True","True","True","True","True","True","True",0.702753460553793,"Tier 2 - provisional",0.939862103575026,2.65060123753977e-06,TRUE
"CTSF",0.900622663864148,1.72609885009899e-12,0.89386813761498,8.50386138021955e-11,0.896432003477286,1.21700632261877e-10,0.907703343882685,2.67987619319961e-11,0.898823877551021,5.12722430843072e-18,0.959183673469388,6,"sex=Female;sex=Male;location=Left;location=Right;age_stratum=age_lower;age_stratum=age_upper",1,0.807975749046018,1.00412211077011,"False",2.88121511511202,3.78183777897617,3.28699625669148,0.900622663864147,-0.494841522284688,"non_monotonic","True","False","True","True","True","True","True","True","True","True","True",0.701376704809386,"Tier 2 - provisional",0.242482396618145,0.0799271655231345,FALSE
"STAMBPL1",-0.679346130529369,3.22428026370922e-16,-0.632575853034154,5.63861611833481e-13,-0.604014051606305,1.91536538119703e-12,-0.629252967085721,7.85152960454637e-13,-0.679177020408163,9.64861657792828e-18,0.979591836734694,6,"sex=Female;sex=Male;location=Left;location=Right;age_stratum=age_lower;age_stratum=age_upper",1,-0.737240534120398,-0.564816308559092,"False",6.63973384300108,5.96038771247171,6.54144134774663,-0.679346130529368,0.581053635274921,"adjacent_specific","True","False","True","True","True","True","True","True","True","True","True",0.701188733832639,"Tier 2 - provisional",-0.426961118278745,1.47571307545033e-05,FALSE
"TRPC1",1.06574325772261,2.85559283624001e-11,1.03152869233484,2.27240758130082e-09,1.02115814040735,4.55196914229675e-09,1.05057002485673,6.56888779866554e-10,1.06592359183673,4.37661830621023e-13,0.959183673469388,6,"sex=Female;sex=Male;location=Left;location=Right;age_stratum=age_lower;age_stratum=age_upper",1,0.943890331802644,1.23208255756132,"False",3.93080755974203,4.99655081746465,4.07163293334264,1.06574325772261,-0.924917884122006,"adjacent_specific","True","True","True","True","True","True","True","True","True","True","True",0.701017672594408,"Tier 2 - provisional",0.368362248074088,0.0607833483815868,FALSE
"DEFA5",-1.76127645694004,0.0003567242322129,-1.91110915946467,0.0003197345667846,-1.55904187688741,0.0009873361586984,-1.90396024791044,0.0003527226629231,-1.75665067346939,0.0012236592826673,0.775510204081633,6,"sex=Female;sex=Male;location=Left;location=Right;age_stratum=age_lower;age_stratum=age_upper",1,-3.13095221393905,-0.692710421745121,"False",6.17717898026183,4.41590252332179,5.99638880808453,-1.76127645694004,1.58048628476273,"adjacent_specific","True","True","True","True","True","True","True","True","True","False","True",0.700832186325085,"Tier 2 - provisional",-1.38810921632329,0.0485429654140369,TRUE
"TMEM38B",-0.673712023934127,2.25897634861796e-16,-0.624054185416894,4.20926117036817e-13,-0.6128362581359,1.32944857536187e-12,-0.626402200121841,4.10991602502705e-13,-0.671934306122449,5.3166511117786e-18,0.969387755102041,6,"sex=Female;sex=Male;location=Left;location=Right;age_stratum=age_lower;age_stratum=age_upper",1,-0.79169670998156,-0.565935089943812,"False",7.07548355445869,6.40177153052457,6.63828348866148,-0.673712023934125,0.236511958136909,"non_monotonic","True","False","True","True","True","True","True","True","True","True","True",0.700029222022337,"Tier 2 - provisional",-0.410825245831011,1.67278120430103e-05,FALSE
"POLR2K",-0.554698622693698,1.49211540039401e-16,-0.543650519958339,3.51031216481569e-14,-0.564868908738618,2.62296236450271e-15,-0.538356047192185,4.18705757648277e-14,-0.554366224489796,5.18878783394297e-18,0.948979591836735,6,"sex=Female;sex=Male;location=Left;location=Right;age_stratum=age_lower;age_stratum=age_upper",1,-0.625237188902044,-0.437427728068339,"False",9.56000511410952,9.00530649141582,9.62655438234988,-0.554698622693701,0.621247890934056,"adjacent_specific","True","False","True","True","True","True","True","True","True","True","True",0.699076794980164,"Tier 2 - provisional",-0.831772493556751,1.47881971378896e-24,TRUE
"ITPR1",0.868391321190302,2.45624871487801e-13,0.855603826745163,2.04612538952119e-11,0.849325329356136,4.41670834874798e-11,0.863569394136473,1.28860127106379e-11,0.867787918367347,8.94450742945758e-19,0.928571428571429,6,"sex=Female;sex=Male;location=Left;location=Right;age_stratum=age_lower;age_stratum=age_upper",1,0.796421362396277,0.960939131769516,"False",3.39953334820567,4.26792466939597,3.62772806113018,0.868391321190303,-0.640196608265793,"adjacent_specific","True","False","True","True","True","True","True","True","True","True","True",0.698689532817822,"Tier 2 - provisional",0.240392099070134,0.0331523256918292,FALSE
"TCF4",0.959877222498021,1.84621672024419e-12,0.945705375900557,1.09603571370059e-10,0.938714438324006,2.25148123748902e-10,0.957519019488216,5.1669434130998e-11,0.967498122448981,5.22051519590776e-17,0.918367346938776,6,"sex=Female;sex=Male;location=Left;location=Right;age_stratum=age_lower;age_stratum=age_upper",1,0.793311984814975,1.03178900069435,"False",4.71129069680822,5.67116791930624,5.29927725436138,0.95987722249802,-0.371890664944862,"non_monotonic","True","False","True","True","True","True","True","True","True","True","True",0.698461257086881,"Tier 2 - provisional",0.194816609072242,0.08181984603313,FALSE
"JAM3",0.810587922458187,4.42101142697243e-14,0.757734243801281,3.02718021065518e-11,0.742884277301136,8.86247803453964e-11,0.762786794903849,2.43366277061788e-11,0.80869012244898,4.89039947410764e-20,0.979591836734694,6,"sex=Female;sex=Male;location=Left;location=Right;age_stratum=age_lower;age_stratum=age_upper",1,0.725453700077771,0.856850962711123,"False",3.44376820135373,4.25435612381191,3.68103351515505,0.810587922458187,-0.573322608656868,"adjacent_specific","True","False","True","True","True","True","True","True","True","True","True",0.697772434978961,"Tier 2 - provisional",0.143110423889801,0.180669956613266,FALSE
"ZNF277",-0.525179201253729,6.41563727395426e-14,-0.545933091834303,5.15065984348876e-13,-0.553584096821752,4.31688327037195e-13,-0.54139781362345,6.78929297949876e-13,-0.525581632653061,1.24850473536306e-11,0.989795918367347,6,"sex=Female;sex=Male;location=Left;location=Right;age_stratum=age_lower;age_stratum=age_upper",1,-0.584920189094842,-0.478793257717598,"False",6.18779155598905,5.66261235473533,6.32000835700366,-0.525179201253726,0.657396002268335,"adjacent_specific","True","False","True","True","True","True","True","True","True","True","True",0.696738474401819,"Tier 2 - provisional",-0.669003914776039,2.85963010855016e-13,TRUE
"ADAMTSL3",1.14327070881357,3.70853789265219e-10,1.10606912102436,1.96594852464107e-08,1.07793473571859,5.10030880449753e-08,1.12163901792107,1.04580963269672e-08,1.14429751020408,3.07670764448999e-15,0.938775510204082,6,"sex=Female;sex=Male;location=Left;location=Right;age_stratum=age_lower;age_stratum=age_upper",1,1.01891489391048,1.24512259957201,"False",2.47538337009385,3.61865407890742,2.48509707732222,1.14327070881356,-1.1335570015852,"adjacent_specific","True","True","True","True","True","True","True","True","True","True","True",0.696733066228699,"Tier 2 - provisional",0.111113510798063,0.639446416795292,FALSE
"AOX1",0.878166360881911,1.14912311119111e-13,0.8392747513558,2.71894723055168e-11,0.8476265522182,2.87553652113486e-11,0.845396948060955,2.07892514704275e-11,0.879784653061225,2.78791081639582e-17,0.928571428571429,6,"sex=Female;sex=Male;location=Left;location=Right;age_stratum=age_lower;age_stratum=age_upper",1,0.708466215190746,0.939456828275502,"False",3.39186030205734,4.27002666293925,3.36736415035753,0.878166360881911,-0.902662512581719,"adjacent_specific","True","False","True","True","True","True","True","True","True","True","True",0.696641252186599,"Tier 2 - provisional",0.309965721732937,0.0182112390320842,FALSE
"PI3",1.3243840163767,3.0801840494012e-07,1.3503269511204,1.65187688574551e-06,1.25647560826666,5.44187205615709e-06,1.35593757800055,1.63304335944283e-06,1.32591232653061,3.27551676366712e-07,0.908163265306122,6,"sex=Female;sex=Male;location=Left;location=Right;age_stratum=age_lower;age_stratum=age_upper",1,0.875550372989794,1.80587768225929,"False",7.26797441376278,8.59235843013949,8.37608110150871,1.3243840163767,-0.216277328630778,"non_monotonic","True","True","True","True","True","True","True","True","True","True","True",0.696061122436211,"Tier 2 - provisional",1.94903525097939,1.25654382056315e-08,TRUE
"IFI16",0.750128765128439,1.88395111636933e-12,0.78913404140443,7.54975199250192e-12,0.777420966956151,2.05151829992056e-11,0.7989050364176,3.08197168317855e-12,0.747724285714286,5.72246011058993e-13,0.918367346938776,6,"sex=Female;sex=Male;location=Left;location=Right;age_stratum=age_lower;age_stratum=age_upper",1,0.661316023895173,0.831579155567369,"False",6.71993758998197,7.47006635511041,7.14524628840075,0.750128765128439,-0.324820066709661,"non_monotonic","True","False","True","True","True","True","True","True","True","True","True",0.695576819053024,"Tier 2 - provisional",0.517393337227371,8.35187529453684e-07,TRUE
"CCNC",-0.662013216408598,6.25581472759692e-13,-0.682674356338563,7.08883414816776e-12,-0.703523144470548,1.93581532777127e-12,-0.679862931348603,9.6141896376451e-12,-0.662474897959183,1.20450038233695e-10,0.969387755102041,6,"sex=Female;sex=Male;location=Left;location=Right;age_stratum=age_lower;age_stratum=age_upper",1,-0.775626283886565,-0.618993920764274,"False",6.53546354714227,5.87345033073368,6.46073618630054,-0.662013216408591,0.587285855566869,"adjacent_specific","True","False","True","True","True","True","True","True","True","True","True",0.695456598927137,"Tier 2 - provisional",-0.780933642177547,1.70947717794729e-10,TRUE
"NEFL",1.21352537531567,8.84058357981865e-10,1.11077045592161,1.60564219285494e-07,1.12985574946269,1.33355342705261e-07,1.12310625318392,1.13341419224317e-07,1.21663032653061,9.9225486907779e-15,0.969387755102041,6,"sex=Female;sex=Male;location=Left;location=Right;age_stratum=age_lower;age_stratum=age_upper",1,1.00630897225896,1.41211673895791,"False",2.19254480939127,3.40607018470693,2.28642074034547,1.21352537531566,-1.11964944436146,"adjacent_specific","True","True","True","True","True","True","True","True","True","True","True",0.694927220637815,"Tier 2 - provisional",0.0910296810843989,0.745167776402839,FALSE
"CASQ2",1.26324314289367,7.76178551870781e-09,1.14668814484345,1.00279222702231e-06,1.11747618392076,2.20859757370142e-06,1.15634919663648,8.48922827496239e-07,1.2618317755102,2.13869304358037e-13,0.989795918367347,6,"sex=Female;sex=Male;location=Left;location=Right;age_stratum=age_lower;age_stratum=age_upper",1,0.971991428934547,1.56379816459149,"False",2.39133090445373,3.65457404734739,2.26691416752838,1.26324314289366,-1.38765987981901,"adjacent_specific","True","True","True","True","True","True","True","True","True","True","True",0.694725634691742,"Tier 2 - provisional",-0.116012343465343,0.673800339361174,FALSE
"MCCC1",-0.627130790568505,5.13297181550529e-14,-0.632374078671158,2.0118236742085e-12,-0.638535612322918,2.0974963807973e-12,-0.626672953784513,2.62137800428404e-12,-0.627353673469386,2.83546173514592e-14,0.959183673469388,6,"sex=Female;sex=Male;location=Left;location=Right;age_stratum=age_lower;age_stratum=age_upper",1,-0.761268651952823,-0.526732267156158,"False",5.86261583392111,5.23548504335261,5.43128438023677,-0.627130790568502,0.195799336884159,"non_monotonic","True","False","True","True","True","True","True","True","True","True","True",0.694313031012005,"Tier 2 - provisional",-0.654736200451067,2.7501952573723e-09,TRUE
"EGFL7",0.655965802566112,6.9364231293201e-16,0.5893587590488,3.11797225267572e-12,0.593908381094369,3.62762617246697e-12,0.593583635722283,2.30453869759697e-12,0.655393918367347,4.68458680307224e-22,0.989795918367347,6,"sex=Female;sex=Male;location=Left;location=Right;age_stratum=age_lower;age_stratum=age_upper",1,0.588950993179193,0.728749360906856,"False",2.54903089497486,3.20499669754097,2.96434142438685,0.655965802566114,-0.240655273154125,"non_monotonic","True","False","True","True","True","True","True","True","True","True","True",0.694254526512998,"Tier 2 - provisional",0.237070802910658,0.00517513775984468,FALSE
"CD46",-0.614678178670237,1.33216254101334e-13,-0.631504000253464,2.03350223503523e-12,-0.640458871572464,1.65130802787437e-12,-0.633343958404747,2.12267644039897e-12,-0.61392830612245,5.93038652852142e-11,0.959183673469388,6,"sex=Female;sex=Male;location=Left;location=Right;age_stratum=age_lower;age_stratum=age_upper",1,-0.783915656651533,-0.507158959920206,"False",6.95933655890352,6.34465838023329,7.67856363522635,-0.614678178670236,1.33390525499306,"adjacent_specific","True","False","True","True","True","True","True","True","True","True","True",0.694217634413184,"Tier 2 - provisional",-0.553940787539247,3.09927892459736e-07,TRUE
"KIF26A",1.00420143145397,2.86856939047524e-11,1.00688065598311,7.08840905620742e-10,0.893533118407724,3.39523980064336e-10,1.01781939833259,4.2419531848819e-10,1.00807318367347,2.1812649338275e-10,0.897959183673469,6,"sex=Female;sex=Male;location=Left;location=Right;age_stratum=age_lower;age_stratum=age_upper",1,0.815793052330006,1.19308675768802,"False",4.78540571327408,5.78960714472805,4.48534124124722,1.00420143145397,-1.30426590348082,"adjacent_specific","True","True","True","True","True","True","True","True","True","True","True",0.694124581868119,"Tier 2 - provisional",0.646577647687226,0.000881294642790536,TRUE
"PIGF",-0.506086942596147,8.98975531088994e-16,-0.489965645678216,3.32826895731039e-13,-0.494304515764552,3.76159175000123e-13,-0.489393686117618,4.26700045470235e-13,-0.502886428571428,4.92200496873216e-18,0.989795918367347,6,"sex=Female;sex=Male;location=Left;location=Right;age_stratum=age_lower;age_stratum=age_upper",1,-0.615233687254267,-0.400379516102153,"False",6.53620857270612,6.03012163010998,6.09370719293749,-0.50608694259614,0.0635855628275043,"field_shift_then_plateau","True","False","False","False","True","True","True","True","True","True","True",0.69409540292692,"Tier 2 - provisional",-0.28901666109842,7.90737992600994e-05,FALSE
"PLEC",0.610088850497321,8.73217743530348e-16,0.593917631120071,2.21503545428779e-13,0.623179294924316,6.11294489818192e-15,0.59149027102709,3.03835850449912e-13,0.610022857142856,6.46678137383378e-17,0.928571428571429,6,"sex=Female;sex=Male;location=Left;location=Right;age_stratum=age_lower;age_stratum=age_upper",1,0.5924339429357,0.648052445245773,"False",7.93776946871096,8.54785831920829,8.12518463490398,0.610088850497323,-0.422673684304304,"non_monotonic","True","False","True","True","True","True","True","True","True","True","True",0.694037315718662,"Tier 2 - provisional",0.766314559626687,4.77813759259556e-16,TRUE
"DIP2C",0.891063158561049,1.39191653294917e-12,0.829829835200779,5.92811865044635e-10,0.817032727408789,1.42753502619951e-09,0.838903570070675,3.50482079653786e-10,0.891148265306122,3.05634963225123e-18,0.979591836734694,6,"sex=Female;sex=Male;location=Left;location=Right;age_stratum=age_lower;age_stratum=age_upper",1,0.732625278870328,1.03989249572559,"False",4.04078153933018,4.93184469789123,4.54354669601293,0.891063158561047,-0.388298001878303,"non_monotonic","True","False","True","True","True","True","True","True","True","True","True",0.693694415709296,"Tier 2 - provisional",0.149126584644883,0.291133946976119,FALSE
"FAM43A",0.969547970112886,9.6052494829958e-11,0.993321833052105,9.71152794834935e-10,0.980564374241064,2.15440864600895e-09,0.993478751580337,1.13696266536126e-09,0.973918897959184,6.04557112328724e-10,0.908163265306122,6,"sex=Female;sex=Male;location=Left;location=Right;age_stratum=age_lower;age_stratum=age_upper",1,0.706918662808759,1.16000734179966,"False",6.5089630000249,7.47851097013778,6.5258279829324,0.969547970112885,-0.952682987205384,"adjacent_specific","True","False","True","True","True","True","True","True","True","True","True",0.693637114802169,"Tier 2 - provisional",1.06229534404372,1.12719810057377e-07,TRUE
"GPRASP1",0.695128808977463,3.84314259708491e-14,0.669933482010877,9.71095415551932e-12,0.683060681894975,5.82526974258003e-12,0.681940687554982,1.64726642246864e-12,0.696129408163266,1.23441050156392e-18,0.969387755102041,6,"sex=Female;sex=Male;location=Left;location=Right;age_stratum=age_lower;age_stratum=age_upper",1,0.610172319161636,0.795394828258328,"False",3.19919838838889,3.89432719736635,3.12083356355496,0.695128808977462,-0.773493633811392,"adjacent_specific","True","False","True","True","True","True","True","True","True","True","True",0.693570200130607,"Tier 2 - provisional",0.349133531927736,0.0012509691878712,FALSE
"NBEA",1.17380572387239,1.42107115748605e-09,1.10034825758194,1.26576443222309e-07,1.05782027703861,3.65963146114724e-07,1.11179601125699,9.27944658188631e-08,1.17447644897959,3.50956343175795e-14,0.959183673469388,6,"sex=Female;sex=Male;location=Left;location=Right;age_stratum=age_lower;age_stratum=age_upper",1,0.951714256856661,1.424605302494,"False",2.67581431869603,3.84962004256843,2.64850451820827,1.17380572387239,-1.20111552436016,"adjacent_specific","True","True","True","True","True","True","True","True","True","True","True",0.693462879695016,"Tier 2 - provisional",0.0639507628554925,0.819308467337403,FALSE
"RARRES2",0.953742425457095,4.97176731226738e-10,1.01255773229766,1.14985333019531e-09,0.942702981475459,3.50991915452428e-09,1.02883316414888,4.12735603988518e-10,0.953235755102041,8.18230900883329e-10,0.897959183673469,6,"sex=Female;sex=Male;location=Left;location=Right;age_stratum=age_lower;age_stratum=age_upper",1,0.778757076238016,1.1728813308033,"False",8.31199715783342,9.26573958329052,8.0708116195976,0.953742425457092,-1.19492796369292,"adjacent_specific","True","True","True","True","True","True","True","True","True","True","True",0.693029418207798,"Tier 2 - provisional",0.515273834886008,0.00523803964497154,TRUE
"GSN",0.783868709943263,4.07944022825148e-14,0.743582909107268,1.61613297407715e-11,0.68684658724031,2.66306324315223e-11,0.739746331453866,2.20660384046714e-11,0.78309036734694,1.06268525234318e-14,0.938775510204082,6,"sex=Female;sex=Male;location=Left;location=Right;age_stratum=age_lower;age_stratum=age_upper",1,0.678084453194815,0.77451609506654,"False",8.95041639311806,9.73428510306134,7.680638347901,0.783868709943272,-2.05364675516034,"adjacent_specific","True","False","True","True","True","True","True","True","True","True","True",0.692877587170406,"Tier 2 - provisional",0.317967249722733,0.006944695627861,FALSE
"ADIPOQ",1.16813500940581,3.65339686884977e-09,1.14256262734963,6.20984614130409e-08,1.15625444943085,6.06760571378876e-08,1.15314373487626,4.77211148759448e-08,1.16693708163265,5.78818098225451e-13,0.918367346938776,6,"sex=Female;sex=Male;location=Left;location=Right;age_stratum=age_lower;age_stratum=age_upper",1,0.814745595967016,1.38202574134319,"False",2.61787867523179,3.7860136846376,2.60578593326371,1.16813500940581,-1.18022775137389,"adjacent_specific","True","True","True","True","True","True","True","True","True","True","True",0.692856374087787,"Tier 2 - provisional",0.607624135190905,0.018086230868872,TRUE
"MRGPRF",1.2291265409405,4.29140422194528e-09,1.11885112304073,6.04903326379482e-07,1.10174216008331,1.1388381261334e-06,1.13378822215197,3.98385608186518e-07,1.22955702040816,1.0093749264851e-13,0.979591836734694,6,"sex=Female;sex=Male;location=Left;location=Right;age_stratum=age_lower;age_stratum=age_upper",1,0.983299497140079,1.43116170689455,"False",3.86518591989896,5.09431246083946,3.93036174359862,1.2291265409405,-1.16395071724084,"adjacent_specific","True","True","True","True","True","True","True","True","True","True","True",0.692847585659931,"Tier 2 - provisional",-0.143352700148758,0.548672346882332,FALSE
"PRICKLE2",0.67079727254489,4.26152549335832e-14,0.64485151258499,1.15729567704851e-11,0.633151457069876,3.37016707190435e-11,0.651960287054401,5.7296286995938e-12,0.669024224489796,9.80507510907528e-20,0.979591836734694,6,"sex=Female;sex=Male;location=Left;location=Right;age_stratum=age_lower;age_stratum=age_upper",1,0.550744210311716,0.819968708599,"False",2.92411587438994,3.59491314693482,3.06958483873807,0.670797272544888,-0.52532830819675,"adjacent_specific","True","False","True","True","True","True","True","True","True","True","True",0.692692196640552,"Tier 2 - provisional",0.1690447268577,0.0650268578826695,FALSE
"ARHGAP18",-0.575576618947922,1.20623858961242e-14,-0.557374997373161,2.58150827837523e-12,-0.530735439046409,8.72961674430124e-12,-0.546748277951449,1.63458177772871e-12,-0.576683061224491,8.15120995782368e-16,0.989795918367347,6,"sex=Female;sex=Male;location=Left;location=Right;age_stratum=age_lower;age_stratum=age_upper",1,-0.643009667447167,-0.445919218667039,"False",7.45837042179317,6.88279380284524,7.34983680478241,-0.575576618947923,0.467043001937166,"non_monotonic","True","False","True","True","True","True","True","True","True","True","True",0.69255567727856,"Tier 2 - provisional",-0.369671510335033,4.66385089742299e-05,FALSE
"PRNP",1.05643342421511,5.46506831487385e-11,1.01013866029156,5.59035535139928e-09,0.989915021418025,1.37598507268641e-08,1.02726524609907,2.10031945923967e-09,1.05749995918367,3.94086065129982e-16,0.928571428571429,6,"sex=Female;sex=Male;location=Left;location=Right;age_stratum=age_lower;age_stratum=age_upper",1,0.93922875170805,1.12712712451349,"False",5.50554446802754,6.56197789224265,6.24088033288916,1.05643342421511,-0.321097559353488,"non_monotonic","True","True","True","True","True","True","True","True","True","True","True",0.692324112568684,"Tier 2 - provisional",0.0376944526875662,0.850226506100399,FALSE
"PIGP",-0.55970950962864,6.08675780402061e-14,-0.568495197380558,1.61454323029807e-12,-0.576054175203895,1.38955392035578e-12,-0.552231706102377,1.70658967958652e-13,-0.561935346938776,1.28614684545786e-15,0.969387755102041,6,"sex=Female;sex=Male;location=Left;location=Right;age_stratum=age_lower;age_stratum=age_upper",1,-0.659618928566255,-0.431718250860986,"False",7.86099060322808,7.30128109359944,7.76877631227434,-0.559709509628637,0.467495218674894,"non_monotonic","True","False","True","True","True","True","True","True","True","True","True",0.691890409984713,"Tier 2 - provisional",-0.83996288184462,2.84703571368765e-19,TRUE
"SH3YL1",-0.825830498115178,3.77750159585403e-11,-0.825119343050293,1.02722563364243e-09,-0.825822669324159,1.51296118867416e-09,-0.816399342035009,1.3506823305608e-09,-0.827361836734696,6.82849994573244e-12,0.979591836734694,6,"sex=Female;sex=Male;location=Left;location=Right;age_stratum=age_lower;age_stratum=age_upper",1,-1.09795457843961,-0.649318991514077,"False",7.20250004441892,6.37666954630374,7.13919214455474,-0.825830498115174,0.762522598250995,"adjacent_specific","True","False","True","True","True","True","True","True","True","True","True",0.691652602263178,"Tier 2 - provisional",-0.570712783763639,0.000455191833609435,TRUE
"MAP7",-0.74585419917392,3.22278844157515e-13,-0.71283629489833,8.00690717820956e-11,-0.723382682036564,6.64256250299844e-11,-0.716848841000656,7.08336521536807e-11,-0.744652020408163,5.91870142619662e-17,0.979591836734694,6,"sex=Female;sex=Male;location=Left;location=Right;age_stratum=age_lower;age_stratum=age_upper",1,-0.832807842536929,-0.662491774235023,"False",6.39523962259688,5.64938542342296,6.1732083291402,-0.74585419917392,0.523822905717242,"adjacent_specific","True","False","True","True","True","True","True","True","True","True","True",0.691548106355663,"Tier 2 - provisional",-0.376507404759109,0.0020327997808932,FALSE
"APOL3",0.701725643952548,2.33045356169244e-13,0.689626927262944,1.86882137900101e-11,0.726939134369298,6.81624242455251e-13,0.692341906424791,1.86053142428792e-11,0.699884897959183,2.93856708281149e-15,0.959183673469388,6,"sex=Female;sex=Male;location=Left;location=Right;age_stratum=age_lower;age_stratum=age_upper",1,0.556638621167403,0.934624143294163,"False",4.75526036235416,5.45698600630671,5.25292384059769,0.701725643952543,-0.204062165709013,"non_monotonic","True","False","True","True","True","True","True","True","True","True","True",0.691488392487864,"Tier 2 - provisional",0.597346638652274,4.32735663728753e-09,TRUE
"FRAS1",0.699031952324535,5.90033755908539e-13,0.722669953924981,6.12043484349214e-12,0.674341165410485,1.31504226205224e-11,0.730916474577226,2.80878006249868e-12,0.699618836734694,2.58489324980772e-14,0.918367346938776,6,"sex=Female;sex=Male;location=Left;location=Right;age_stratum=age_lower;age_stratum=age_upper",1,0.590589697484721,0.778587164911038,"False",2.86737770140559,3.56640965373012,3.10890210465851,0.699031952324533,-0.457507549071607,"non_monotonic","True","False","True","True","True","True","True","True","True","True","True",0.691480458565084,"Tier 2 - provisional",0.58062629662247,3.60492399403316e-06,TRUE
"TMEFF2",0.669028762969864,1.10244922446099e-14,0.653059347994941,2.0118236742085e-12,0.632737962916897,7.28620500709776e-12,0.660834493449121,8.09697093621105e-13,0.667471795918367,2.56972168959398e-20,0.928571428571429,6,"sex=Female;sex=Male;location=Left;location=Right;age_stratum=age_lower;age_stratum=age_upper",1,0.519004153319556,0.767361231026224,"False",2.65802320706777,3.32705197003764,2.60107871921836,0.669028762969863,-0.725973250819274,"adjacent_specific","True","False","True","True","True","True","True","True","True","True","True",0.691417372406852,"Tier 2 - provisional",0.372128225639266,0.000252907217824756,FALSE
"SDR42E1",-0.510749972073475,3.16735599091904e-16,-0.494284787075026,8.49075333821839e-14,-0.471172359248635,2.6490950080869e-13,-0.489894743014393,1.0721333916433e-13,-0.510705693877551,9.03181874958298e-15,0.938775510204082,6,"sex=Female;sex=Male;location=Left;location=Right;age_stratum=age_lower;age_stratum=age_upper",1,-0.56611599952913,-0.401295529026609,"False",4.27299959714705,3.76224962507357,3.71231819214108,-0.510749972073473,-0.0499314329324929,"field_shift_then_plateau","True","False","False","False","True","True","True","True","True","True","True",0.691352941787847,"Tier 2 - provisional",-0.30518741931611,2.89880665289059e-05,FALSE
"PTX3",1.06443336670906,3.92198736593952e-11,0.989184810186585,9.08709000583713e-09,0.985168614633708,1.50065891873944e-08,0.997930627342968,6.8757293666883e-09,1.06459808163265,8.47056545704792e-15,0.938775510204082,6,"sex=Female;sex=Male;location=Left;location=Right;age_stratum=age_lower;age_stratum=age_upper",1,0.907234607343403,1.21024076939636,"False",3.12818243403514,4.1926158007442,2.90249415765841,1.06443336670906,-1.2901216430858,"adjacent_specific","True","False","True","True","True","True","True","True","True","True","True",0.690778096259088,"Tier 2 - provisional",0.289068266144654,0.150781584536332,FALSE
"GPM6B",1.10723567223326,2.24653103128724e-10,1.02916561869054,3.68640556096011e-08,1.01461656810918,7.53852294231105e-08,1.03796075904489,2.93483668477118e-08,1.10996126530612,2.95650853209519e-15,0.948979591836735,6,"sex=Female;sex=Male;location=Left;location=Right;age_stratum=age_lower;age_stratum=age_upper",1,0.967670770787847,1.20908217801314,"False",2.77588891186513,3.88312458409838,2.53146100213118,1.10723567223325,-1.3516635819672,"adjacent_specific","True","True","True","True","True","True","True","True","True","True","True",0.690747463650695,"Tier 2 - provisional",0.10620869221738,0.645077810342445,FALSE
"FZD7",1.0743975200214,2.93914227581654e-10,1.0356909523894,1.81053898092367e-08,1.01691754822363,4.09801304480018e-08,1.05312509618648,7.60002788883292e-09,1.07648440816327,5.16162737790787e-14,0.928571428571429,6,"sex=Female;sex=Male;location=Left;location=Right;age_stratum=age_lower;age_stratum=age_upper",1,0.958981211702523,1.11570715540718,"False",5.18035308588391,6.25475060590531,6.09968597651841,1.0743975200214,-0.155064629386902,"non_monotonic","True","True","True","True","True","True","True","True","True","True","True",0.690503787255029,"Tier 2 - provisional",0.136350654302981,0.534088108048528,FALSE
"PDE1A",0.764629527282639,7.6420561252349e-13,0.750119777871566,6.67296510271509e-11,0.731903622162117,2.07650983397978e-10,0.758196518978164,3.67868455620903e-11,0.76534569387755,2.2747483301912e-17,0.948979591836735,6,"sex=Female;sex=Male;location=Left;location=Right;age_stratum=age_lower;age_stratum=age_upper",1,0.63732178707104,0.919358033247642,"False",3.02981490425167,3.79444443153431,3.1599308537031,0.76462952728264,-0.634513577831206,"adjacent_specific","True","False","True","True","True","True","True","True","True","True","True",0.690403362584305,"Tier 2 - provisional",0.22518397885699,0.0566296969860401,FALSE
"INSL5",1.57828814421893,0.0031669467739603,1.89601966627931,0.0010873307389637,1.44849020164579,0.0031183125731758,1.87438093775809,0.001254147636642,1.57769946938775,0.0027457932158816,0.73469387755102,6,"sex=Female;sex=Male;location=Left;location=Right;age_stratum=age_lower;age_stratum=age_upper",1,0.488459781614994,2.85557373274876,"False",4.88349079361453,6.46177893783346,2.78046802627658,1.57828814421893,-3.68131091155688,"adjacent_specific","True","True","True","True","True","True","True","True","True","False","True",0.690126518200384,"Tier 2 - provisional",1.98307610275876,0.00833972333938158,TRUE
"TRIM22",0.907089270521339,6.95392183316673e-10,0.932857310996201,5.1173070386639e-09,0.956790770265187,2.71600639176079e-09,0.946641353598334,2.37214102566926e-09,0.910950653061225,9.70437449024095e-12,0.948979591836735,6,"sex=Female;sex=Male;location=Left;location=Right;age_stratum=age_lower;age_stratum=age_upper",1,0.664171303876757,1.21484655711669,"False",4.02485665769557,4.93194592821691,4.22213123153123,0.907089270521338,-0.709814696685678,"adjacent_specific","True","False","True","True","True","True","True","True","True","True","True",0.689993739080381,"Tier 2 - provisional",1.02052899971995,5.03444110986082e-08,TRUE
"PPIL3",-0.619058229605479,2.69510596054825e-13,-0.614568280410752,1.51960257159054e-11,-0.613198091767822,2.74224870869955e-11,-0.609893262638284,2.0607334793816e-11,-0.618891469387753,1.28252106986583e-11,0.979591836734694,6,"sex=Female;sex=Male;location=Left;location=Right;age_stratum=age_lower;age_stratum=age_upper",1,-0.731514960772289,-0.443085739982214,"False",8.62119612826687,8.0021378986614,8.55229268956973,-0.619058229605475,0.55015479090833,"adjacent_specific","True","False","True","True","True","True","True","True","True","True","True",0.689684210849792,"Tier 2 - provisional",-0.73374532140835,1.95854302164181e-11,TRUE
"LATS2",0.793415643608363,1.63682370976185e-12,0.766802697892499,2.15949979042188e-10,0.7548898767116,5.41561244903709e-10,0.769939751945897,2.09665920481387e-10,0.791823673469389,2.73744939783557e-15,0.959183673469388,6,"sex=Female;sex=Male;location=Left;location=Right;age_stratum=age_lower;age_stratum=age_upper",1,0.628198824472283,0.894330651164587,"False",4.60508626297704,5.3985019065854,5.12317970302545,0.793415643608363,-0.275322203559957,"non_monotonic","True","False","True","True","True","True","True","True","True","True","True",0.689409623443409,"Tier 2 - provisional",0.221036292174243,0.0853203530782224,FALSE
"GPM6A",1.46050931400771,5.03952482327419e-07,1.28953140954397,3.76229258551195e-05,1.28551679160344,4.95495221733176e-05,1.30496047810121,3.01095436894785e-05,1.45739114285714,7.63189362255089e-11,0.959183673469388,6,"sex=Female;sex=Male;location=Left;location=Right;age_stratum=age_lower;age_stratum=age_upper",1,1.11408912606236,1.77088142221952,"False",2.32823783418744,3.78874714819515,2.26012606824252,1.46050931400771,-1.52862107995263,"adjacent_specific","True","True","True","True","True","True","True","True","True","True","True",0.689310964272424,"Tier 2 - provisional",-0.298824483067957,0.401218602879343,FALSE
"JAG1",0.550642142861943,4.86554792496325e-15,0.536944297071843,9.24133143010739e-13,0.543323251166897,8.89331272811749e-13,0.53832325551911,9.91039852349055e-13,0.551345612244898,7.46606847776642e-18,0.948979591836735,6,"sex=Female;sex=Male;location=Left;location=Right;age_stratum=age_lower;age_stratum=age_upper",1,0.455647674025491,0.621411293412191,"False",3.98872585048989,4.53936799335183,4.23235945751333,0.550642142861946,-0.307008535838501,"non_monotonic","True","False","True","True","True","True","True","True","True","True","True",0.688452144724567,"Tier 2 - provisional",0.676618183911201,1.83395783844342e-14,TRUE
"RBP7",0.936984154163782,2.10288203115207e-12,0.84473565532221,1.78099443872507e-09,0.842947804431071,2.84586804457986e-09,0.849937288119267,1.56375124156443e-09,0.943385755102041,1.03088417003736e-15,0.959183673469388,6,"sex=Female;sex=Male;location=Left;location=Right;age_stratum=age_lower;age_stratum=age_upper",1,0.77757676979772,1.03348048028323,"False",3.22018797790372,4.1571721320675,3.37920620868314,0.936984154163779,-0.77796592338436,"adjacent_specific","True","False","True","True","True","True","True","True","True","True","True",0.688431196137559,"Tier 2 - provisional",0.211580566069558,0.162927907006843,FALSE
"OAS3",1.18045626968675,1.4414008017716e-08,1.23989263284002,3.73188575918304e-08,1.26191342230238,3.00366515540476e-08,1.23756215522569,4.48770406872295e-08,1.17916134693878,6.12097769962366e-12,0.826530612244898,6,"sex=Female;sex=Male;location=Left;location=Right;age_stratum=age_lower;age_stratum=age_upper",1,0.878665454677845,1.5865779400593,"False",4.60507889378114,5.78553516346789,5.54527829461984,1.18045626968674,-0.240256868848046,"non_monotonic","True","True","True","True","True","True","True","True","True","True","True",0.688268644519152,"Tier 2 - provisional",1.61002004880345,5.91156430717281e-09,TRUE
"CKS2",-0.936803943188383,3.27710966616304e-12,-0.885308190220192,7.46925583013852e-10,-0.905908969664352,4.1404484743301e-10,-0.883916249919955,9.26781908467919e-10,-0.935028653061226,1.00594454007457e-16,0.918367346938776,6,"sex=Female;sex=Male;location=Left;location=Right;age_stratum=age_lower;age_stratum=age_upper",1,-1.00097749641108,-0.801908326920246,"False",9.25614249253701,8.31933854934863,10.0914077850222,-0.936803943188384,1.77206923567359,"adjacent_specific","True","False","True","True","True","True","True","True","True","True","True",0.688193939330182,"Tier 2 - provisional",-0.772863530544125,1.13013542014871e-05,TRUE
"OAS2",1.08378639357626,3.52766244428277e-08,1.18422204284076,2.78690740894297e-08,1.2231938964631,1.17637637195844e-08,1.19285686788311,2.37913465587368e-08,1.07732987755102,3.49071599762958e-12,0.846938775510204,6,"sex=Female;sex=Male;location=Left;location=Right;age_stratum=age_lower;age_stratum=age_upper",1,0.856304930335434,1.41032969316453,"False",3.16844688120732,4.25223327478358,3.71101746895296,1.08378639357625,-0.541215805830617,"adjacent_specific","True","True","True","True","True","True","True","True","True","True","True",0.688113381417704,"Tier 2 - provisional",1.51235110675923,8.12740954478143e-09,TRUE
"GNG11",0.857249321749759,3.45987668312063e-12,0.83461103204057,2.79032945727077e-10,0.817963860629102,7.75492915545879e-10,0.843261947596305,1.70267273104643e-10,0.856593346938775,2.09164140924209e-16,0.918367346938776,6,"sex=Female;sex=Male;location=Left;location=Right;age_stratum=age_lower;age_stratum=age_upper",1,0.790865655265896,0.884794227545719,"False",7.40241956483932,8.25966888658907,7.54180360058491,0.857249321749757,-0.717865286004164,"adjacent_specific","True","False","True","True","True","True","True","True","True","True","True",0.687627155537519,"Tier 2 - provisional",0.107012703836944,0.387451935817292,FALSE
"SAMD9L",0.868755585288552,1.17804170347185e-09,0.910745376253775,4.36771305675052e-09,0.94726404317692,1.06108292047426e-09,0.920017210067482,2.97807848725564e-09,0.86888681632653,3.52757902307467e-11,0.938775510204082,6,"sex=Female;sex=Male;location=Left;location=Right;age_stratum=age_lower;age_stratum=age_upper",1,0.626921623478718,1.20366613137221,"False",4.76876261541625,5.6375182007048,4.32551551269056,0.86875558528855,-1.31200268801424,"adjacent_specific","True","False","True","True","True","True","True","True","True","True","True",0.687447927625657,"Tier 2 - provisional",1.28112790773948,6.1038189905821e-12,TRUE
"ZDHHC14",0.512164110332077,2.88834546245497e-14,0.528126218587895,4.08673587874103e-13,0.517145664327344,1.35597663812336e-12,0.525081362813693,5.56998549615282e-13,0.538641265306122,1.47853637682606e-11,0.928571428571429,6,"sex=Female;sex=Male;location=Left;location=Right;age_stratum=age_lower;age_stratum=age_upper",1,0.457744115704993,0.609854544843471,"False",5.41229906745436,5.92446317778643,5.47956866101247,0.512164110332077,-0.444894516773965,"non_monotonic","True","False","True","True","True","True","True","True","True","True","True",0.68743795847618,"Tier 2 - provisional",0.710720479216368,4.76136953625804e-16,TRUE
"ROR1",0.580970028408948,6.13458330119164e-13,0.591882753909314,1.21972584654364e-11,0.560422004676225,3.98534910163547e-11,0.596401504306575,8.75978011508191e-12,0.580424387755103,9.3485451888318e-17,0.969387755102041,6,"sex=Female;sex=Male;location=Left;location=Right;age_stratum=age_lower;age_stratum=age_upper",1,0.481255532529005,0.683009807584401,"False",3.40430423222735,3.98527426063629,3.34123565987072,0.580970028408946,-0.644038600765573,"adjacent_specific","True","False","True","True","True","True","True","True","True","True","True",0.687288002959445,"Tier 2 - provisional",0.167992490755777,0.050159380745415,FALSE
"SLC25A28",0.53909347138574,5.17541158349152e-14,0.540586637868137,2.42603876949527e-12,0.555724327029881,7.82304971415625e-13,0.54405551080099,1.91378898975122e-12,0.53818530612245,1.28589156959027e-14,0.959183673469388,6,"sex=Female;sex=Male;location=Left;location=Right;age_stratum=age_lower;age_stratum=age_upper",1,0.435587810414644,0.686183096254503,"False",5.57829283849714,6.11738630988288,5.82534229067867,0.53909347138574,-0.292044019204213,"non_monotonic","True","False","True","True","True","True","True","True","True","True","True",0.687176015080053,"Tier 2 - provisional",0.531692427778512,1.66612595786697e-08,TRUE
"C7",1.03563908088915,1.0838563623704e-10,0.962591943962869,1.9038320966311e-08,0.971033831618117,2.08660313534006e-08,0.964389367268863,2.04074761535787e-08,1.03434897959184,7.59748707255656e-16,0.938775510204082,6,"sex=Female;sex=Male;location=Left;location=Right;age_stratum=age_lower;age_stratum=age_upper",1,0.810771216574738,1.17010620998333,"False",2.52068389250089,3.55632297339004,2.41980755185226,1.03563908088915,-1.13651542153778,"adjacent_specific","True","False","True","True","True","True","True","True","True","True","True",0.686584292852934,"Tier 2 - provisional",0.0954090679160009,0.642079932280535,FALSE
"DHFR",-0.614421836617073,3.06448932794351e-14,-0.600282352398723,4.59192538130567e-12,-0.614209494155011,2.10150593105236e-12,-0.602695139464944,4.41225279730493e-12,-0.61555912244898,7.71025528115086e-14,0.938775510204082,6,"sex=Female;sex=Male;location=Left;location=Right;age_stratum=age_lower;age_stratum=age_upper",1,-0.684144051138887,-0.508222251947444,"False",5.40657266091857,4.7921508243015,5.67864560761764,-0.614421836617074,0.886494783316146,"adjacent_specific","True","False","True","True","True","True","True","True","True","True","True",0.686545277899272,"Tier 2 - provisional",-0.589522641324579,2.82800370661522e-08,TRUE
"NDUFAF4",-0.561477326693821,3.00878889947268e-14,-0.541871395883828,5.04561286735327e-12,-0.576560961471074,3.93396406062951e-14,-0.543054872229803,5.47042372032994e-12,-0.559225306122449,1.5170226977689e-14,0.969387755102041,6,"sex=Female;sex=Male;location=Left;location=Right;age_stratum=age_lower;age_stratum=age_upper",1,-0.633648393222433,-0.529651479170988,"False",7.27947336967386,6.71799604298004,7.30375845049884,-0.561477326693819,0.585762407518808,"adjacent_specific","True","False","True","True","True","True","True","True","True","True","True",0.686453965252514,"Tier 2 - provisional",-0.756561017110987,7.72862686952858e-16,TRUE
"CCDC85A",0.855489427258447,1.25100441285373e-10,0.854922389466753,2.85190312357223e-09,0.807082624666741,9.96454271621024e-09,0.865533900364378,1.58204024882319e-09,0.855688448979592,5.10461942373614e-15,0.948979591836735,6,"sex=Female;sex=Male;location=Left;location=Right;age_stratum=age_lower;age_stratum=age_upper",1,0.686193054993246,0.969492632483853,"False",2.27088441374227,3.12637384100071,2.37937255696124,0.855489427258444,-0.747001284039476,"adjacent_specific","True","False","True","True","True","True","True","True","True","True","True",0.686240578303864,"Tier 2 - provisional",0.331200991866208,0.0435338168290221,FALSE
"QKI",0.889232134161554,2.28482888968869e-12,0.824187728945255,9.57279931132617e-10,0.818948994066297,1.77262854275836e-09,0.836454462972581,3.86853261936659e-10,0.889927755102041,1.13994837141588e-17,0.938775510204082,6,"sex=Female;sex=Male;location=Left;location=Right;age_stratum=age_lower;age_stratum=age_upper",1,0.722228215965361,0.94694320021506,"False",4.12058564756972,5.00981778173127,4.59371134372075,0.889232134161552,-0.416106438010527,"non_monotonic","True","False","True","True","True","True","True","True","True","True","True",0.685973918137712,"Tier 2 - provisional",0.0856709281688076,0.482401893928664,FALSE
"OLFML2A",0.677593130210846,1.90522922505198e-13,0.648678546391943,4.86602624325828e-11,0.644484691346637,9.8624873307263e-11,0.657153358269542,2.02992432684694e-11,0.674396612244898,9.29791827053452e-19,0.959183673469388,6,"sex=Female;sex=Male;location=Left;location=Right;age_stratum=age_lower;age_stratum=age_upper",1,0.621908494255816,0.729198529243622,"False",3.45415547259727,4.13174860280811,3.88865908761628,0.677593130210844,-0.243089515191827,"non_monotonic","True","False","True","True","True","True","True","True","True","True","True",0.685594889189189,"Tier 2 - provisional",0.232954944585771,0.0245772310604665,FALSE
"ARL6IP1",-0.547565899181364,2.197086919609e-15,-0.523315909579873,1.17071789578835e-12,-0.527979334340446,1.31362546967252e-12,-0.524980544907649,1.19918834267648e-12,-0.546989142857145,1.41649835289253e-16,0.938775510204082,6,"sex=Female;sex=Male;location=Left;location=Right;age_stratum=age_lower;age_stratum=age_upper",1,-0.624608235273499,-0.486444106158361,"False",9.3432419120775,8.79567601289614,9.17647431895909,-0.547565899181359,0.380798306062951,"non_monotonic","True","False","True","True","True","True","True","True","True","True","True",0.685287264591269,"Tier 2 - provisional",-0.37470292644698,1.22454769062287e-05,FALSE
"PI16",0.662909791425227,2.21650136322438e-12,0.659875183327605,7.14185785897402e-11,0.678549267182514,2.6839121890746e-11,0.672342660995077,1.31392252541324e-11,0.66349918367347,1.09176240376355e-17,0.959183673469388,6,"sex=Female;sex=Male;location=Left;location=Right;age_stratum=age_lower;age_stratum=age_upper",1,0.576893246303997,0.709067462520083,"False",3.18713670678245,3.85004649820768,3.0341483075492,0.662909791425226,-0.815898190658475,"adjacent_specific","True","False","True","True","True","True","True","True","True","True","True",0.685204386430565,"Tier 2 - provisional",0.342143560049903,0.00256466562212059,FALSE
"PCP4",1.72471828749917,1.83607545912309e-05,1.49411142488831,0.000610787691861,1.42013280423558,0.0012267695154563,1.50482055602261,0.0005772810205085,1.72405416326531,2.09070486465812e-08,0.887755102040816,6,"sex=Female;sex=Male;location=Left;location=Right;age_stratum=age_lower;age_stratum=age_upper",1,1.0743106041278,2.36572032609278,"False",2.73402237589224,4.4587406633914,4.21918597921645,1.72471828749917,-0.23955468417495,"non_monotonic","True","True","True","True","True","True","True","True","True","True","True",0.685073757234329,"Tier 2 - provisional",-0.745591894757278,0.0941405629880333,FALSE
"SMTN",1.51737580254501,1.16515431075233e-06,1.36003891659655,5.48456042724516e-05,1.32337953223429,0.0001017736612203,1.37694936284672,4.42447145349009e-05,1.52032995918367,2.28003417028955e-10,0.897959183673469,6,"sex=Female;sex=Male;location=Left;location=Right;age_stratum=age_lower;age_stratum=age_upper",1,1.14471867318447,1.84322346188629,"False",3.64295653447226,5.16033233701726,4.76060009640222,1.51737580254501,-0.399732240615038,"non_monotonic","True","True","True","True","True","True","True","True","True","True","True",0.684431650097593,"Tier 2 - provisional",-0.449309363047263,0.189896307772633,FALSE
"FMO2",0.789488196658035,5.06512271151343e-12,0.736003687436065,1.39875928057646e-09,0.758120348076427,5.54806046908074e-10,0.738781187397869,1.40439051898705e-09,0.792639551020408,1.24092552824228e-17,0.979591836734694,6,"sex=Female;sex=Male;location=Left;location=Right;age_stratum=age_lower;age_stratum=age_upper",1,0.559580358286139,0.930584289076251,"False",2.27989166485568,3.06937986151371,2.48333186921582,0.789488196658036,-0.58604799229789,"adjacent_specific","True","False","True","True","True","True","True","True","True","True","True",0.684329504485886,"Tier 2 - provisional",0.25848228485994,0.0601194615528797,FALSE
"MYOF",0.774685348203234,1.29916963707245e-11,0.798119534484312,1.13646390092174e-10,0.72846633988664,1.54175998388357e-10,0.796860335545769,1.44753627883436e-10,0.775560612244897,3.7276526676274e-10,0.887755102040816,6,"sex=Female;sex=Male;location=Left;location=Right;age_stratum=age_lower;age_stratum=age_upper",1,0.699303412227413,0.849491397233904,"False",7.39327299190822,8.16795834011145,7.80741716393629,0.774685348203231,-0.360541176175167,"non_monotonic","True","False","True","True","True","True","True","True","True","True","True",0.683433869574836,"Tier 2 - provisional",0.563294897746961,0.000119437903947302,TRUE
"LTBP4",0.742749729363494,7.1955887078902e-13,0.727867694594775,6.57036830064708e-11,0.703231836532275,2.29260993257306e-10,0.741461822356206,1.24048365478175e-11,0.74320281632653,3.27482286359811e-16,0.908163265306122,6,"sex=Female;sex=Male;location=Left;location=Right;age_stratum=age_lower;age_stratum=age_upper",1,0.613042346534622,0.816026676803194,"False",4.88590214647454,5.62865187583803,4.40176157975227,0.742749729363491,-1.22689029608576,"adjacent_specific","True","False","True","True","True","True","True","True","True","True","True",0.683031089553857,"Tier 2 - provisional",0.273827333917509,0.0165428561176153,FALSE
"WFDC1",1.1603256817295,2.61668319991309e-09,1.10181530242585,1.62412348981652e-07,1.05092473880093,5.01191860518609e-07,1.10275122242493,1.78013203448144e-07,1.16356816326531,1.60530434388218e-13,0.887755102040816,6,"sex=Female;sex=Male;location=Left;location=Right;age_stratum=age_lower;age_stratum=age_upper",1,0.974484408463769,1.3456153558938,"False",6.10616201080136,7.26648769253086,6.31843212012958,1.1603256817295,-0.948055572401276,"adjacent_specific","True","True","True","True","True","True","True","True","True","True","True",0.682590257267455,"Tier 2 - provisional",-0.0585183373273401,0.819671780883241,FALSE
"TSPAN4",0.821582190171315,3.9503899976376e-12,0.803071568212077,3.10365635668023e-10,0.774117386073592,1.07773530560099e-09,0.814229226063439,1.31989878885976e-10,0.821630346938776,8.53596085668694e-16,0.897959183673469,6,"sex=Female;sex=Male;location=Left;location=Right;age_stratum=age_lower;age_stratum=age_upper",1,0.700380700524764,0.874033214074792,"False",4.36527579595039,5.18685798612171,4.73700991944257,0.821582190171315,-0.449848066679142,"non_monotonic","True","False","True","True","True","True","True","True","True","True","True",0.682128755188107,"Tier 2 - provisional",0.104440485445144,0.286011128647282,FALSE
"SLC25A16",-0.500184939122474,3.1893757041475e-13,-0.517886063365803,3.08156561358923e-12,-0.488728521178123,8.83553402972002e-12,-0.514826979346144,4.20962251777097e-12,-0.49891281632653,2.48775547029313e-11,0.938775510204082,6,"sex=Female;sex=Male;location=Left;location=Right;age_stratum=age_lower;age_stratum=age_upper",1,-0.559435097135346,-0.460145505954389,"False",5.92085182127812,5.42066688215565,5.19149848073623,-0.500184939122478,-0.22916840141942,"monotonic_down","True","False","False","True","True","True","True","False","True","True","True",0.681897138703217,"Tier 2 - provisional",-0.415729632522592,1.37866147695771e-06,FALSE
"PRICKLE1",0.752085473449593,2.12278405422686e-12,0.720412554670203,3.51361739845636e-10,0.710344427360858,8.40415892638206e-10,0.736307849870666,4.68438462429643e-11,0.766073836734694,3.53913708251763e-15,0.938775510204082,6,"sex=Female;sex=Male;location=Left;location=Right;age_stratum=age_lower;age_stratum=age_upper",1,0.657209664084756,0.830046256547789,"False",3.47106021351886,4.22314568696845,3.773133119988,0.752085473449592,-0.450012566980449,"non_monotonic","True","False","True","True","True","True","True","True","True","True","True",0.681670580584563,"Tier 2 - provisional",0.222275270580052,0.0416832808635704,FALSE
"PDLIM4",0.953642301667022,6.81979185190879e-10,0.873146575274533,1.27501102309831e-07,0.849500400416237,3.14885106813718e-07,0.883523471079503,8.58981515908393e-08,0.956242224489796,1.07487790019668e-14,0.989795918367347,6,"sex=Female;sex=Male;location=Left;location=Right;age_stratum=age_lower;age_stratum=age_upper",1,0.77452937791242,1.07809379729768,"False",3.17967400318265,4.13331630484968,3.81254479819895,0.953642301667023,-0.320771506650723,"non_monotonic","True","False","True","True","True","True","True","True","True","True","True",0.681584787004403,"Tier 2 - provisional",-0.0192325451218676,0.931224660511069,FALSE
"CRYBG3",0.52892687366972,2.03221898909442e-13,0.515207019299499,2.74565689210176e-11,0.519917172571512,3.02485389666958e-11,0.523152434565378,7.97523716369547e-12,0.527221306122449,4.76726652973026e-12,0.979591836734694,6,"sex=Female;sex=Male;location=Left;location=Right;age_stratum=age_lower;age_stratum=age_upper",1,0.492446636828309,0.584908466747555,"False",7.32724516247977,7.85617203614949,7.12243242597919,0.528926873669722,-0.733739610170301,"adjacent_specific","True","False","True","True","True","True","True","True","True","True","True",0.680751861875104,"Tier 2 - provisional",0.297228898244134,0.000775294620907805,FALSE
"FRY",0.811057548445552,7.25000616685664e-12,0.751959644870169,2.61305984175531e-09,0.74041722583134,5.94492373189875e-09,0.761814318364225,1.35374133283277e-09,0.810784571428572,1.22674267793956e-16,0.959183673469388,6,"sex=Female;sex=Male;location=Left;location=Right;age_stratum=age_lower;age_stratum=age_upper",1,0.717405409278941,0.864776858806553,"False",3.04808356394328,3.85914111238883,3.4909452964165,0.81105754844555,-0.36819581597233,"non_monotonic","True","False","True","True","True","True","True","True","True","True","True",0.680615146874702,"Tier 2 - provisional",0.156983832937227,0.265141003953725,FALSE
"EMILIN1",0.919846918549181,1.86901924468932e-10,0.863611496576864,2.3222606324607e-08,0.857586706460935,4.04891530483148e-08,0.872050473574698,1.6990680262405e-08,0.919458795918368,8.47056545704792e-15,0.948979591836735,6,"sex=Female;sex=Male;location=Left;location=Right;age_stratum=age_lower;age_stratum=age_upper",1,0.820554252993011,0.949482202909152,"False",5.39907100171758,6.31891792026676,6.10715819300561,0.91984691854918,-0.21175972726115,"non_monotonic","True","False","True","True","True","True","True","True","True","True","True",0.680355684589518,"Tier 2 - provisional",0.0829320395105839,0.640403610146618,FALSE
"RRAD",0.651537470180405,3.95392960550812e-13,0.616457924285675,1.29048777533503e-10,0.613938761274475,2.36910695517471e-10,0.612466384541882,1.75047723474148e-10,0.652012938775511,2.48756551874045e-17,0.959183673469388,6,"sex=Female;sex=Male;location=Left;location=Right;age_stratum=age_lower;age_stratum=age_upper",1,0.574041046641018,0.684170573595395,"False",2.94236317356835,3.59390064374876,3.12010532313727,0.651537470180407,-0.473795320611488,"non_monotonic","True","False","True","True","True","True","True","True","True","True","True",0.680267848695532,"Tier 2 - provisional",0.244602314958566,0.0198368643306422,FALSE
"INMT",0.573772997844231,8.24111835185688e-15,0.535699500110565,7.85446071711805e-12,0.535843165544645,1.2958508921273e-11,0.543906004118473,2.06256259538726e-12,0.574541142857143,5.8001117330199e-21,0.938775510204082,6,"sex=Female;sex=Male;location=Left;location=Right;age_stratum=age_lower;age_stratum=age_upper",1,0.490848010401784,0.65770883284284,"False",2.6145228062394,3.18829580408363,2.92626842346815,0.573772997844229,-0.262027380615479,"non_monotonic","True","False","True","True","True","True","True","True","True","True","True",0.680267063094314,"Tier 2 - provisional",0.153557590491595,0.0420175145979423,FALSE
"LRRK2",0.808246473748431,8.5557441604858e-11,0.778114800754684,5.85696382511776e-09,0.768306944287894,1.22514369870767e-08,0.78706851051741,3.63740919121614e-09,0.808293081632653,7.21202217919825e-14,0.959183673469388,6,"sex=Female;sex=Male;location=Left;location=Right;age_stratum=age_lower;age_stratum=age_upper",1,0.679399455277316,0.993694492314845,"False",2.94960076772932,3.75784724147775,2.95524054845067,0.808246473748431,-0.802606693027077,"adjacent_specific","True","False","True","True","True","True","True","True","True","True","True",0.679979635251926,"Tier 2 - provisional",0.221479326020037,0.0994539575808071,FALSE
"CCL24",-0.894056938805325,6.8426721686174e-11,-0.876749168805529,2.34682753819508e-09,-0.900996236895614,1.08750685858878e-09,-0.886578033696599,1.43018852496911e-09,-0.894447551020408,2.05169236099378e-08,0.887755102040816,6,"sex=Female;sex=Male;location=Left;location=Right;age_stratum=age_lower;age_stratum=age_upper",1,-1.08248522654973,-0.74007294604455,"False",4.45793393715505,3.56387699834972,5.2985078461614,-0.894056938805322,1.73463084781167,"adjacent_specific","True","False","True","True","True","True","True","True","True","True","True",0.679657946808497,"Tier 2 - provisional",-0.888055959470658,8.96894052565883e-07,TRUE
"CD36",0.923632119033745,2.50666152983799e-10,0.913244962962608,5.52001782669242e-09,0.907046055393365,9.97434165626753e-09,0.933284567614787,1.14768130874032e-09,0.924644326530613,1.03815755575505e-11,0.887755102040816,6,"sex=Female;sex=Male;location=Left;location=Right;age_stratum=age_lower;age_stratum=age_upper",1,0.764637105454648,0.961862252489198,"False",4.8183670240842,5.74199914311794,3.19345871722564,0.923632119033744,-2.5485404258923,"adjacent_specific","True","False","True","True","True","True","True","True","True","True","True",0.679611508501236,"Tier 2 - provisional",0.33723981428227,0.0514901534873091,FALSE
"MUC5B",0.96848172176317,1.527069087394e-09,0.942710763409481,4.79432270017593e-08,0.905562527501099,1.46576499240331e-07,0.93368822554765,6.25876890913987e-08,0.898056571428572,1.33456029895638e-08,0.918367346938776,6,"sex=Female;sex=Male;location=Left;location=Right;age_stratum=age_lower;age_stratum=age_upper",1,0.731726274590004,1.23016268974392,"False",6.6593333421828,7.62781506394596,5.83935961385632,0.968481721763169,-1.78845545008965,"adjacent_specific","True","False","True","True","True","True","True","True","True","True","True",0.679383766502445,"Tier 2 - provisional",1.37245230586426,1.8304459614148e-11,TRUE
"MEST",-0.548790592216242,3.30945217901486e-12,-0.550739557238039,1.00562040951019e-10,-0.542797340500895,2.51676966173861e-10,-0.541245867171452,9.640330651451e-11,-0.546683489795918,2.85985406677811e-10,0.979591836734694,6,"sex=Female;sex=Male;location=Left;location=Right;age_stratum=age_lower;age_stratum=age_upper",1,-0.660692615637676,-0.479987657212178,"False",4.9438618613144,4.39507126909816,5.695374472252,-0.548790592216242,1.30030320315384,"adjacent_specific","True","False","True","True","True","True","True","True","True","True","True",0.67926284448649,"Tier 2 - provisional",-0.527782620030989,4.03548567591503e-07,TRUE
"LMOD1",1.27830067366777,5.64091117624952e-08,1.14564451634089,5.80333150768015e-06,1.12733784421362,1.00574150173103e-05,1.15598657461735,4.91056615102441e-06,1.28746759183674,2.78728710191111e-12,0.918367346938776,6,"sex=Female;sex=Male;location=Left;location=Right;age_stratum=age_lower;age_stratum=age_upper",1,0.990952780460995,1.5234306546332,"False",2.8195145214128,4.09781519508056,2.78168105084698,1.27830067366777,-1.31613414423358,"adjacent_specific","True","True","True","True","True","True","True","True","True","True","True",0.679000819445787,"Tier 2 - provisional",-0.121988988257881,0.703804443567099,FALSE
"ARMCX1",0.993922830020804,1.0778693380131e-09,0.939900161038488,8.67158646658698e-08,0.926443661370474,1.72737534141443e-07,0.95954511114917,2.84673844578398e-08,0.994034408163266,2.14321220920147e-13,0.928571428571429,6,"sex=Female;sex=Male;location=Left;location=Right;age_stratum=age_lower;age_stratum=age_upper",1,0.822297734571191,1.17821652452087,"False",4.79352570628055,5.78744853630135,4.53434950556237,0.993922830020803,-1.25309903073898,"adjacent_specific","True","False","True","True","True","True","True","True","True","True","True",0.678802368735005,"Tier 2 - provisional",0.0320708505357483,0.892360220319754,FALSE
"PBX3",1.04416139641664,9.86304148891956e-10,1.00177517274493,5.61363935003692e-08,0.958962411417075,1.76323277350544e-07,1.01908073297668,2.45344915078107e-08,1.04290987755102,8.9616093401047e-14,0.887755102040816,6,"sex=Female;sex=Male;location=Left;location=Right;age_stratum=age_lower;age_stratum=age_upper",1,0.793118270649426,1.33243863913733,"False",4.46474035136585,5.50890174778248,5.0983946030147,1.04416139641664,-0.410507144767782,"non_monotonic","True","True","True","True","True","True","True","True","True","True","True",0.678740066146084,"Tier 2 - provisional",-0.0553176506892124,0.789910423101474,FALSE
"GAS7",0.643393250498889,1.52718413719149e-13,0.605015098064073,6.90578275316828e-11,0.605394644046881,1.07886474819968e-10,0.603533606167776,8.94096594301643e-11,0.643461326530611,8.32346971797423e-19,0.938775510204082,6,"sex=Female;sex=Male;location=Left;location=Right;age_stratum=age_lower;age_stratum=age_upper",1,0.498777320731506,0.727424937443915,"False",3.25761241750311,3.901005668002,3.24230258567821,0.643393250498888,-0.658703082323784,"adjacent_specific","True","False","True","True","True","True","True","True","True","True","True",0.67847463052019,"Tier 2 - provisional",0.15091862303666,0.0976374376686088,FALSE
"NR2F2",0.629038876942554,1.32971099337007e-13,0.60756064430265,2.55944707871523e-11,0.590282991975768,8.73708454080226e-11,0.612111157321843,1.92245919839563e-11,0.63066836734694,7.84924951583611e-19,0.908163265306122,6,"sex=Female;sex=Male;location=Left;location=Right;age_stratum=age_lower;age_stratum=age_upper",1,0.561124545464597,0.699366707474772,"False",7.5696206987543,8.19865957569685,7.78463514486813,0.629038876942552,-0.414024430828729,"non_monotonic","True","False","True","True","True","True","True","True","True","True","True",0.677362325678633,"Tier 2 - provisional",0.180255225748141,0.049702932102205,FALSE
"MITF",0.928697888899346,1.31111598629762e-10,0.872362492856061,1.84662449811505e-08,0.87109495569454,2.80451386412149e-08,0.883470530320801,1.08983873840088e-08,0.927234714285713,1.96525564331465e-15,0.918367346938776,6,"sex=Female;sex=Male;location=Left;location=Right;age_stratum=age_lower;age_stratum=age_upper",1,0.786943144406417,0.98554496177847,"False",4.50062586505239,5.42932375395174,4.84800847447316,0.928697888899346,-0.581315279478575,"adjacent_specific","True","False","True","True","True","True","True","True","True","True","True",0.677318523389542,"Tier 2 - provisional",0.0853176002295763,0.640403610146618,FALSE
"KLF6",0.820698746357574,1.45218039830244e-12,0.762478362535412,6.38949821822901e-10,0.751177979929873,1.51167991261848e-09,0.75349728947988,8.172148150247e-10,0.81958775510204,1.88713574440663e-12,0.897959183673469,6,"sex=Female;sex=Male;location=Left;location=Right;age_stratum=age_lower;age_stratum=age_upper",1,0.611407518013327,0.927912544029371,"False",6.53600519634896,7.35670394270653,6.11167596623005,0.82069874635757,-1.24502797647648,"adjacent_specific","True","False","True","True","True","True","True","True","True","True","True",0.676989289610397,"Tier 2 - provisional",0.930634733912619,8.56677563016487e-10,TRUE
"HAUS1",-0.61524512357644,5.01727975875028e-13,-0.599149143098637,6.08767572674714e-11,-0.628720597239888,4.19939965459817e-12,-0.584227444797214,2.60974304718831e-11,-0.614612897959184,1.47831598920671e-14,0.928571428571429,6,"sex=Female;sex=Male;location=Left;location=Right;age_stratum=age_lower;age_stratum=age_upper",1,-0.709769378861232,-0.478259230458678,"False",7.51968445499801,6.90443933142157,7.54117029981727,-0.61524512357644,0.636730968395702,"adjacent_specific","True","False","True","True","True","True","True","True","True","True","True",0.676989060654814,"Tier 2 - provisional",-0.876849877208267,7.33846982376926e-17,TRUE
"TMOD1",0.969595060318379,5.99435493777652e-10,0.886586470601739,1.20951787364827e-07,0.880418358053361,2.01516156183319e-07,0.895951817407211,8.78249549076577e-08,0.967669489795919,7.01795619312984e-15,0.948979591836735,6,"sex=Female;sex=Male;location=Left;location=Right;age_stratum=age_lower;age_stratum=age_upper",1,0.801914405038685,1.11398930894009,"False",3.00276761511486,3.97236267543324,2.95970912211782,0.969595060318379,-1.01265355331543,"adjacent_specific","True","False","True","True","True","True","True","True","True","True","True",0.676877458944434,"Tier 2 - provisional",-0.0154289594429935,0.947784495653567,FALSE
"LRCH2",1.00061315011589,1.58637452940181e-08,0.954903144293005,6.07793681403759e-07,0.942362148859858,1.09788926964623e-06,0.967592774339856,4.01135616525167e-07,1.00277791836735,7.35672332731299e-13,0.948979591836735,6,"sex=Female;sex=Male;location=Left;location=Right;age_stratum=age_lower;age_stratum=age_upper",1,0.813510323043204,1.19316656974073,"False",2.56138259957951,3.5619957496954,2.63994413525869,1.00061315011589,-0.922051614436714,"adjacent_specific","True","False","True","True","True","True","True","True","True","True","True",0.67674905070574,"Tier 2 - provisional",-0.0394848078578136,0.880118861765262,FALSE
"HP1BP3",0.583956715827022,2.45624871487801e-13,0.589024790739001,8.0451631759823e-12,0.586387811283327,1.59013050807195e-11,0.600760394280979,8.98350696446395e-13,0.584625306122448,2.38260888502236e-14,0.887755102040816,6,"sex=Female;sex=Male;location=Left;location=Right;age_stratum=age_lower;age_stratum=age_upper",1,0.513953900692656,0.640167023937593,"False",6.88655125146097,7.47050796728799,7.06136807481468,0.58395671582702,-0.409139892473307,"non_monotonic","True","False","True","True","True","True","True","True","True","True","True",0.676712964936473,"Tier 2 - provisional",0.445625476998183,1.33434934884174e-05,FALSE
"ID4",0.898164787057383,2.10229307228331e-10,0.884215883435937,7.31269273092722e-09,0.911176467310435,3.11224280386229e-09,0.901837261593189,2.02688366335324e-09,0.895021469387755,3.95055911750876e-10,0.887755102040816,6,"sex=Female;sex=Male;location=Left;location=Right;age_stratum=age_lower;age_stratum=age_upper",1,0.818353089946974,1.04015460381068,"False",5.24668471259376,6.14484949965114,5.33860584101603,0.898164787057386,-0.806243658635116,"adjacent_specific","True","False","True","True","True","True","True","True","True","True","True",0.676665596784371,"Tier 2 - provisional",0.460033901356525,0.0111626804399711,FALSE
"PDZRN4",1.37533624216378,1.12750601765319e-06,1.18818524887455,9.12766273637813e-05,1.1819770583801,0.0001217158277729,1.20173065657782,7.62364692631274e-05,1.37383102040816,2.54423807621563e-10,0.938775510204082,6,"sex=Female;sex=Male;location=Left;location=Right;age_stratum=age_lower;age_stratum=age_upper",1,1.0024739413484,1.71887067770528,"False",2.37506281018162,3.75039905234541,2.3704413219653,1.37533624216378,-1.3799577303801,"adjacent_specific","True","True","True","True","True","True","True","True","True","True","True",0.676407165058102,"Tier 2 - provisional",-0.333045670550836,0.331600632515531,FALSE
"GSTM3",1.03111272070702,1.96037287676408e-08,0.989410718652557,6.43834105620247e-07,0.994030931892584,7.7491738838574e-07,0.999393375653887,5.01234898386049e-07,1.03369,2.26881863634454e-12,0.928571428571429,6,"sex=Female;sex=Male;location=Left;location=Right;age_stratum=age_lower;age_stratum=age_upper",1,0.858390244506269,1.23677474276733,"False",3.37866746628856,4.40978018699559,3.11449423873549,1.03111272070702,-1.29528594826009,"adjacent_specific","True","False","True","True","True","True","True","True","True","True","True",0.676119726994651,"Tier 2 - provisional",0.0828638210005219,0.762215867953264,FALSE
"CLIP3",0.718576884035579,2.62605960691567e-11,0.667963249080955,6.69326293121139e-09,0.665608757460763,1.09082863881982e-08,0.66201496593832,8.74730950108308e-09,0.719851836734694,1.8075722750359e-16,0.989795918367347,6,"sex=Female;sex=Male;location=Left;location=Right;age_stratum=age_lower;age_stratum=age_upper",1,0.644992578671744,0.756037604667955,"False",2.55354146089482,3.2721183449304,2.71925400340162,0.718576884035577,-0.552864341528777,"adjacent_specific","True","False","True","True","True","True","True","True","True","True","True",0.676070806946022,"Tier 2 - provisional",0.146642171857749,0.264185096142274,FALSE
"MREG",-0.659262444779405,3.57676176056487e-12,-0.617265451281298,8.69480475575223e-10,-0.605928281472172,2.20415113463548e-09,-0.622194139885341,6.65460764734005e-10,-0.657240938775509,2.15093520066873e-14,0.969387755102041,6,"sex=Female;sex=Male;location=Left;location=Right;age_stratum=age_lower;age_stratum=age_upper",1,-0.717443637686682,-0.594648968318867,"False",7.42237141074881,6.7631089659694,7.11837584950918,-0.659262444779405,0.355266883539778,"non_monotonic","True","False","True","True","True","True","True","True","True","True","True",0.675865355575774,"Tier 2 - provisional",-0.186201748164278,0.0937343440480198,FALSE
"PGAP2",-0.54181497485104,1.49596336703715e-13,-0.539263223651555,8.96982233492255e-12,-0.541850567673873,1.20610384717221e-11,-0.53430972927797,1.17360982496564e-11,-0.537893673469387,2.97488287015214e-13,0.908163265306122,6,"sex=Female;sex=Male;location=Left;location=Right;age_stratum=age_lower;age_stratum=age_upper",1,-0.654783924899402,-0.462409532890987,"False",5.28873720267784,4.7469222278268,5.21110171096398,-0.541814974851038,0.464179483137174,"non_monotonic","True","False","True","True","True","True","True","True","True","True","True",0.675736526439787,"Tier 2 - provisional",-0.524029839641481,5.04620008719323e-08,TRUE
"PKD1",0.62571693925238,1.79415657885351e-12,0.60303200686575,2.55529734615428e-10,0.595022461119722,6.09270362404658e-10,0.613370578389433,7.09350227832994e-11,0.625778,3.48688824625386e-15,0.948979591836735,6,"sex=Female;sex=Male;location=Left;location=Right;age_stratum=age_lower;age_stratum=age_upper",1,0.534535098240497,0.758586423974796,"False",4.11849642221431,4.74421336146669,4.38502919164966,0.62571693925238,-0.359184169817027,"non_monotonic","True","False","True","True","True","True","True","True","True","True","True",0.675731931867694,"Tier 2 - provisional",0.286465051666204,0.00801580374209184,FALSE
"PPP1R9A",0.563922832913083,5.84010424707323e-13,0.57323031212809,1.28385879290629e-11,0.55188601998975,4.66741150657023e-11,0.58071082633552,4.90596081669402e-12,0.563668326530613,1.72487120719173e-13,0.897959183673469,6,"sex=Female;sex=Male;location=Left;location=Right;age_stratum=age_lower;age_stratum=age_upper",1,0.50944578632238,0.596255328850281,"False",6.00247856583507,6.56640139874816,5.65004722077261,0.563922832913083,-0.916354177975546,"adjacent_specific","True","False","True","True","True","True","True","True","True","True","True",0.675592639535049,"Tier 2 - provisional",0.544317206796316,9.38969488745445e-08,TRUE
"THAP2",-0.509221396495894,2.30159271535372e-14,-0.500375646079311,2.83639613346412e-12,-0.494906394054356,7.14788849835918e-12,-0.49508693468392,3.50631681839273e-12,-0.51013312244898,1.13450683028713e-14,0.897959183673469,6,"sex=Female;sex=Male;location=Left;location=Right;age_stratum=age_lower;age_stratum=age_upper",1,-0.601143918260243,-0.367514325848477,"False",3.76650005913321,3.25727866263731,3.40366191811431,-0.509221396495894,0.146383255476993,"field_shift_then_plateau","True","False","False","False","True","True","True","True","True","True","True",0.675072666068456,"Tier 2 - provisional",-0.660363458797836,2.25820687505229e-14,TRUE
"ANGPT1",0.742455137639328,6.45312720927713e-10,0.738725770033172,1.40881940977492e-08,0.736229356329884,2.24210362891381e-08,0.750483922947774,6.24895801961081e-09,0.745554142857143,2.72843242344906e-14,0.959183673469388,6,"sex=Female;sex=Male;location=Left;location=Right;age_stratum=age_lower;age_stratum=age_upper",1,0.673220295557173,0.839011057771359,"False",3.19880251842088,3.94125765606021,3.30135896930086,0.742455137639324,-0.639898686759352,"adjacent_specific","True","False","True","True","True","True","True","True","True","True","True",0.674443398880708,"Tier 2 - provisional",0.203578378071253,0.178817436336254,FALSE
"MRRF",-0.681479460721377,2.88147648189302e-12,-0.64463511086977,6.81990060451482e-10,-0.637418575395212,1.46753382015598e-09,-0.632335802905812,6.42681445495355e-10,-0.681743795918368,2.3449038330592e-14,0.938775510204082,6,"sex=Female;sex=Male;location=Left;location=Right;age_stratum=age_lower;age_stratum=age_upper",1,-0.824182082420233,-0.578404620204944,"False",5.22669081456151,4.54521135384014,4.78709052305131,-0.681479460721374,0.241879169211169,"non_monotonic","True","False","True","True","True","True","True","True","True","True","True",0.674200594768772,"Tier 2 - provisional",-0.610444351687639,2.11671086899565e-06,TRUE
"PLP1",1.15854980853516,4.56905193544047e-09,1.05906753587188,5.90774637811591e-07,1.0436804193974,1.09788926964623e-06,1.07929377356013,2.71596085794189e-07,1.15793746938775,6.9494594965625e-13,0.877551020408163,6,"sex=Female;sex=Male;location=Left;location=Right;age_stratum=age_lower;age_stratum=age_upper",1,0.969418371589603,1.30482053490045,"False",4.04609939880069,5.20464920733585,2.71453957293518,1.15854980853516,-2.49010963440068,"adjacent_specific","True","True","True","True","True","True","True","True","True","True","True",0.674073385173396,"Tier 2 - provisional",0.104355786675211,0.714908664451729,FALSE
"HMMR",-0.835440056215028,5.09475749858867e-11,-0.816706598155692,2.74983994056911e-09,-0.825514372623303,2.75121353680743e-09,-0.814533622927971,3.45110917396657e-09,-0.83398269387755,5.9881046866449e-12,0.877551020408163,6,"sex=Female;sex=Male;location=Left;location=Right;age_stratum=age_lower;age_stratum=age_upper",1,-0.921651904779514,-0.678729865479596,"False",5.7851434215283,4.94970336531328,6.23506692081238,-0.835440056215026,1.2853635554991,"adjacent_specific","True","False","True","True","True","True","True","True","True","True","True",0.67341984981467,"Tier 2 - provisional",-0.654777759475829,0.000102394591379118,TRUE
"COL4A5",0.599373454126042,1.75340229959892e-11,0.620400516393766,1.2968718942981e-10,0.628338837581925,1.19960105917887e-10,0.631140724586019,3.27369304833955e-11,0.598603469387755,1.91200893543572e-11,0.908163265306122,6,"sex=Female;sex=Male;location=Left;location=Right;age_stratum=age_lower;age_stratum=age_upper",1,0.507773061782944,0.737624674141102,"False",3.34067774435467,3.94005119848071,3.21891182997161,0.599373454126038,-0.721139368509099,"adjacent_specific","True","False","True","True","True","True","True","True","True","True","True",0.673245524226424,"Tier 2 - provisional",0.56032851798821,9.53484230000331e-07,TRUE
"MAD2L1",-0.981843451766726,1.38328994356287e-09,-0.936613512996604,8.56650705682582e-08,-0.991358264477158,1.0627502865122e-08,-0.935043838695119,1.00928353579011e-07,-0.982081224489796,7.48602381857627e-13,0.887755102040816,6,"sex=Female;sex=Male;location=Left;location=Right;age_stratum=age_lower;age_stratum=age_upper",1,-1.17075562965394,-0.797025310341135,"False",6.99996447786163,6.01812102609491,8.03080071587235,-0.981843451766725,2.01267968977744,"adjacent_specific","True","False","True","True","True","True","True","True","True","True","True",0.672774524241452,"Tier 2 - provisional",-0.935135471564559,1.65099223379434e-05,TRUE
"PLEKHO1",1.17063765926495,2.93276933207553e-08,1.07563888831223,2.23154060802299e-06,1.08152063209943,2.59850363255963e-06,1.09143205798068,1.45598640435166e-06,1.16966889795918,6.59897515374918e-12,0.887755102040816,6,"sex=Female;sex=Male;location=Left;location=Right;age_stratum=age_lower;age_stratum=age_upper",1,0.974238844527588,1.3007352858489,"False",5.35578786301019,6.52642552227514,5.74407065386237,1.17063765926495,-0.782354868412771,"adjacent_specific","True","True","True","True","True","True","True","True","True","True","True",0.672592043783582,"Tier 2 - provisional",-0.00648763719881216,0.983285233362793,FALSE
"CNRIP1",0.652692972685015,5.095077523145e-12,0.630646420401994,5.20976631255261e-10,0.609355781416439,1.71332904527099e-09,0.636284542414707,3.63781401746368e-10,0.653553285714285,4.26857110175667e-16,0.928571428571429,6,"sex=Female;sex=Male;location=Left;location=Right;age_stratum=age_lower;age_stratum=age_upper",1,0.584484824593699,0.667653055633025,"False",3.93504836978759,4.58774134247261,3.70443144757084,0.652692972685015,-0.883309894901768,"adjacent_specific","True","False","True","True","True","True","True","True","True","True","True",0.672579103801949,"Tier 2 - provisional",0.0901246834310702,0.32416609016584,FALSE
"NR2F6",-0.510282713326335,1.36377189822897e-13,-0.49192686039081,2.32416258019347e-11,-0.495495915318771,2.81116999996848e-11,-0.490324680217075,3.09853788586893e-11,-0.510022897959185,4.3901946562218e-17,0.928571428571429,6,"sex=Female;sex=Male;location=Left;location=Right;age_stratum=age_lower;age_stratum=age_upper",1,-0.619910139357319,-0.443108115646525,"False",5.73067740232772,5.22039468900138,4.55231880839569,-0.510282713326336,-0.66807588060569,"monotonic_down","True","False","False","False","True","True","True","True","True","True","True",0.672317361933704,"Tier 2 - provisional",-0.204427126531914,0.00805492244657432,FALSE
"ZNF253",-0.526751170881806,3.13156265830466e-13,-0.521924520016091,2.0668432075465e-11,-0.538373495219412,5.79076511012588e-12,-0.539436844162344,6.36307915188259e-14,-0.527725673469388,8.99083783597334e-14,0.908163265306122,6,"sex=Female;sex=Male;location=Left;location=Right;age_stratum=age_lower;age_stratum=age_upper",1,-0.62398621359583,-0.468119669610876,"False",3.86497130208805,3.33822013120624,3.72593694851494,-0.526751170881805,0.387716817308702,"non_monotonic","True","False","True","True","True","True","True","True","True","True","True",0.671908592673921,"Tier 2 - provisional",-0.394066743535154,2.225590303896e-05,FALSE
"LRRFIP1",0.55826703136048,1.78316287248643e-13,0.522665633336462,9.45516825895915e-11,0.513548250570921,2.53793075037244e-10,0.523598995112324,1.04209878398052e-10,0.556274326530612,5.54233262330429e-16,0.938775510204082,6,"sex=Female;sex=Male;location=Left;location=Right;age_stratum=age_lower;age_stratum=age_upper",1,0.422998234024814,0.666584096985636,"False",5.86652978461501,6.42479681597549,6.01621534301827,0.558267031360483,-0.408581472957223,"non_monotonic","True","False","True","True","True","True","True","True","True","True","True",0.671617837683796,"Tier 2 - provisional",0.176441288083958,0.0379276318035282,FALSE
"POPDC2",1.460043029926,1.29048253860966e-05,1.25599786113614,0.0005219230574226,1.25092166000696,0.0006588479065359,1.27336552184946,0.0004332940057706,1.45646812244898,1.3607467422954e-08,0.908163265306122,6,"sex=Female;sex=Male;location=Left;location=Right;age_stratum=age_lower;age_stratum=age_upper",1,1.04680247142753,1.80549020669568,"False",3.20441329148204,4.66445632140804,3.57383055337888,1.460043029926,-1.09062576802916,"adjacent_specific","True","True","True","True","True","True","True","True","True","True","True",0.671468838814438,"Tier 2 - provisional",-0.499374121104521,0.215458448058339,FALSE
"GALNT3",-0.841907109876718,3.79393321002949e-09,-0.794432701164245,2.41320056299296e-07,-0.821323415130728,1.11715743569115e-07,-0.80255163267607,1.82422904623116e-07,-0.841686204081634,2.69579481464081e-12,0.969387755102041,6,"sex=Female;sex=Male;location=Left;location=Right;age_stratum=age_lower;age_stratum=age_upper",1,-1.04446275130951,-0.684549950068083,"False",8.09242426775773,7.25051715788101,7.56103278520555,-0.841907109876719,0.310515627324538,"non_monotonic","True","False","True","True","True","True","True","True","True","True","True",0.671067776397994,"Tier 2 - provisional",-0.237355448150187,0.217964116487759,FALSE
"CAP2",1.17191896072073,6.75211152957363e-07,1.0764663330649,2.4884035212677e-05,1.0357976004684,5.48705398626761e-05,1.07723236405469,2.63410365462674e-05,1.16548457142857,1.16025248594438e-10,0.928571428571429,6,"sex=Female;sex=Male;location=Left;location=Right;age_stratum=age_lower;age_stratum=age_upper",1,0.920836711419895,1.40046264858558,"False",2.28372842880509,3.45564738952581,2.52685194933815,1.17191896072073,-0.928795440187667,"adjacent_specific","True","True","True","True","True","True","True","True","True","True","True",0.671001222106064,"Tier 2 - provisional",-0.318404876875488,0.215361034210287,FALSE
"ST3GAL4",1.13426686676416,1.45333978896106e-05,1.2700710744941,7.65653445345312e-06,1.02959884238045,5.84227401803384e-06,1.25767370508577,9.4945494700608e-06,1.14222314285714,2.46673067755944e-05,0.806122448979592,6,"sex=Female;sex=Male;location=Left;location=Right;age_stratum=age_lower;age_stratum=age_upper",1,0.701786170545176,1.56207881880798,"False",5.11949424102762,6.25376110779178,4.82552422739336,1.13426686676416,-1.42823688039841,"adjacent_specific","True","True","True","True","True","True","True","True","True","True","True",0.67099376773857,"Tier 2 - provisional",1.28097961072742,0.000323866059350766,TRUE
"SERPINA1",-0.955797297333522,7.57316049860237e-09,-0.955072940537767,1.05165594981857e-07,-1.00199952996458,2.23888610249449e-08,-0.951869437619129,1.27270484365767e-07,-0.954858204081631,9.16608437112966e-12,0.86734693877551,6,"sex=Female;sex=Male;location=Left;location=Right;age_stratum=age_lower;age_stratum=age_upper",1,-1.150371895696,-0.781299662224662,"False",8.75341734643072,7.7976200490972,8.38436537644295,-0.95579729733352,0.586745327345751,"adjacent_specific","True","False","True","True","True","True","True","True","True","True","True",0.670541389269009,"Tier 2 - provisional",-0.637967146031288,0.00404063598415084,TRUE
"HOXB13",1.39715540461551,9.34910488387639e-05,1.5455490763015,7.35605905833745e-05,1.16870188766085,3.71510598421297e-05,1.53489198276338,8.63105790620333e-05,1.40116271428571,3.83516415851674e-05,0.714285714285714,6,"sex=Female;sex=Male;location=Left;location=Right;age_stratum=age_lower;age_stratum=age_upper",1,0.0766200260355885,1.87622293373237,"False",3.61066416224164,5.00781956685715,3.93304102081352,1.39715540461551,-1.07477854604363,"adjacent_specific","True","True","True","True","True","True","True","True","True","False","True",0.670532570295737,"Tier 2 - provisional",1.40683859554031,0.00483996862174172,TRUE
"CP",0.664397833007465,2.62605960691567e-11,0.684623409725207,2.17754275216634e-10,0.655570389456312,7.88123949235966e-10,0.691481859956156,1.35824448107621e-10,0.653992163265306,2.92205477843276e-15,0.86734693877551,6,"sex=Female;sex=Male;location=Left;location=Right;age_stratum=age_lower;age_stratum=age_upper",1,0.593796777339649,0.728882418926191,"False",2.93126604038127,3.59566387338874,2.58152793980718,0.664397833007467,-1.01413593358156,"adjacent_specific","True","False","True","True","True","True","True","True","True","True","True",0.670394329874298,"Tier 2 - provisional",0.369124271707523,0.000828937788041072,FALSE
"MUC12",1.03854533350259,4.09802016841165e-07,1.14111839544543,3.02787492326677e-07,1.00911225067172,6.88541764528432e-07,1.1261348228938,3.85626870767447e-07,1.03934934693877,1.00443584061825e-08,0.795918367346939,6,"sex=Female;sex=Male;location=Left;location=Right;age_stratum=age_lower;age_stratum=age_upper",1,0.442675791884461,1.51514957682792,"False",5.87705382868221,6.9155991621848,5.20801148488447,1.03854533350259,-1.70758767730033,"adjacent_specific","True","True","True","True","True","True","True","True","True","False","True",0.670345809787243,"Tier 2 - provisional",1.53730657127009,7.98066863806625e-09,TRUE
"COLEC12",0.729961915925278,7.1759454193307e-10,0.756938864302315,3.70289793387524e-09,0.747962934601683,7.72123013321578e-09,0.768636688315351,1.56812048906118e-09,0.731109387755102,1.45422492577197e-11,0.887755102040816,6,"sex=Female;sex=Male;location=Left;location=Right;age_stratum=age_lower;age_stratum=age_upper",1,0.580377046225502,0.931218308820597,"False",6.02407088443907,6.75403280036435,4.8898746403124,0.72996191592528,-1.86415816005195,"adjacent_specific","True","False","True","True","True","True","True","True","True","True","True",0.669685349588951,"Tier 2 - provisional",0.143804493712612,0.258652711981486,FALSE
"C1QTNF3",0.812779159478185,3.47183191279249e-10,0.768280615335976,3.43924686216702e-08,0.752838467393142,8.00458387700064e-08,0.77666548955619,2.37913465587368e-08,0.812108448979592,4.75879844706377e-15,0.928571428571429,6,"sex=Female;sex=Male;location=Left;location=Right;age_stratum=age_lower;age_stratum=age_upper",1,0.621074991304208,0.962607258803895,"False",2.4812374497511,3.29401660922928,2.75072147892665,0.812779159478183,-0.543295130302632,"adjacent_specific","True","False","True","True","True","True","True","True","True","True","True",0.669412652679072,"Tier 2 - provisional",0.0797183277399374,0.640478202726988,FALSE
"AKR1C1",1.1594140419779,4.09239638174261e-06,1.06313758776209,8.06793183490679e-05,0.990302051186729,0.0002210492277286,1.06116826988731,8.88757444889586e-05,1.16005083673469,3.61763826683333e-05,0.948979591836735,6,"sex=Female;sex=Male;location=Left;location=Right;age_stratum=age_lower;age_stratum=age_upper",1,0.824951243709529,1.61913290158399,"False",4.383280645123,5.54269468710089,3.54605811595402,1.1594140419779,-1.99663657114687,"adjacent_specific","True","True","True","True","True","True","True","True","True","True","True",0.669315753529336,"Tier 2 - provisional",0.533321220871483,0.147441299473218,FALSE
"AMOTL1",0.781591968279896,7.89904636854731e-10,0.728688832157232,9.56035966350871e-08,0.72119440292119,1.73499676422071e-07,0.740964489347398,4.48083124471409e-08,0.781577367346938,8.89484995036791e-15,0.969387755102041,6,"sex=Female;sex=Male;location=Left;location=Right;age_stratum=age_lower;age_stratum=age_upper",1,0.632953795216484,0.926683692560752,"False",3.14212932126267,3.92372128954257,3.45310836707878,0.781591968279895,-0.470612922463787,"non_monotonic","True","False","True","True","True","True","True","True","True","True","True",0.669244065662465,"Tier 2 - provisional",-0.00101273567895393,0.99496655959051,FALSE
"ARMCX2",0.927778868157761,1.43640328690247e-09,0.883955469444069,9.18301784067615e-08,0.862540531801319,2.2049562404408e-07,0.903383352070474,2.73527466416855e-08,0.93332012244898,4.64588349224794e-14,0.887755102040816,6,"sex=Female;sex=Male;location=Left;location=Right;age_stratum=age_lower;age_stratum=age_upper",1,0.773633031231422,1.09372825028565,"False",4.02436926385499,4.95214813201274,4.71579227565758,0.92777886815776,-0.236355856355166,"non_monotonic","True","False","True","True","True","True","True","True","True","True","True",0.668797652194258,"Tier 2 - provisional",-0.014332049211891,0.948502315794989,FALSE
"PPP1R12A",0.680319129193854,1.59922485367705e-10,0.638543061204858,2.21951792704748e-08,0.637687946166063,3.34221201534993e-08,0.644451018455956,1.66945334210798e-08,0.679549020408163,1.90970392476254e-15,0.979591836734694,6,"sex=Female;sex=Male;location=Left;location=Right;age_stratum=age_lower;age_stratum=age_upper",1,0.517254015358129,0.861624676525539,"False",7.0679672439876,7.74828637318145,7.24602464394941,0.680319129193848,-0.502261729232035,"adjacent_specific","True","False","True","True","True","True","True","True","True","True","True",0.668792919211215,"Tier 2 - provisional",0.0629544676272398,0.649927028352306,FALSE
"COPZ2",0.948519334529963,5.38505017623761e-09,0.876365652476888,5.37239754959784e-07,0.846627004600764,1.37373855523136e-06,0.889803993751298,3.11674416208956e-07,0.945421795918367,1.76536317592541e-13,0.928571428571429,6,"sex=Female;sex=Male;location=Left;location=Right;age_stratum=age_lower;age_stratum=age_upper",1,0.838838116906609,1.01282647442251,"False",3.89514552671243,4.84366486124239,4.52214755366253,0.948519334529963,-0.321517307579858,"non_monotonic","True","False","True","True","True","True","True","True","True","True","True",0.668606549670373,"Tier 2 - provisional",-0.114502012574724,0.530927520725876,FALSE
"SERPINF1",0.978600852456159,2.74814866700214e-09,0.964543443939745,5.97431539867215e-08,0.949810967197473,1.22884813944992e-07,0.991597906830685,8.45875632915031e-09,0.977793346938775,9.72739743188577e-12,0.836734693877551,6,"sex=Female;sex=Male;location=Left;location=Right;age_stratum=age_lower;age_stratum=age_upper",1,0.795029583643101,1.07926153831957,"False",5.76140754631653,6.74000839877269,6.42435081146776,0.978600852456161,-0.315657587304926,"non_monotonic","True","False","True","True","True","True","True","True","True","True","True",0.668598858361506,"Tier 2 - provisional",0.0134405095802991,0.939650817964618,FALSE
"PCDHB4",0.540069248129652,1.74670265660896e-11,0.531353531837324,8.73977410937094e-10,0.522198032493246,2.16583613153983e-09,0.536397212836515,5.94369379894805e-10,0.536296979591837,3.23937165394989e-16,0.959183673469388,6,"sex=Female;sex=Male;location=Left;location=Right;age_stratum=age_lower;age_stratum=age_upper",1,0.484048572258299,0.608087330957949,"False",2.56207388957726,3.10214313770691,2.69823278267948,0.54006924812965,-0.403910355027425,"non_monotonic","True","False","True","True","True","True","True","True","True","True","True",0.668255061284838,"Tier 2 - provisional",0.133266639168539,0.154830841041997,FALSE
"EFNA5",0.568510489474666,5.6304249844432e-12,0.573634328330256,1.08356997587395e-10,0.582871924929482,8.48852257987854e-11,0.581821331153887,4.09438865873469e-11,0.569678938775511,3.01073260565617e-11,0.887755102040816,6,"sex=Female;sex=Male;location=Left;location=Right;age_stratum=age_lower;age_stratum=age_upper",1,0.419372649242515,0.729888972424938,"False",4.79132491047815,5.35983539995281,3.51579408678306,0.568510489474668,-1.84404131316976,"adjacent_specific","True","False","True","True","True","True","True","True","True","True","True",0.667547059723219,"Tier 2 - provisional",0.424634704725203,6.82075912957951e-05,FALSE
"MAP1A",0.963463333220788,3.62133004011134e-09,0.868583790497813,6.57663410060189e-07,0.859063990758563,1.13259294505292e-06,0.873235548890644,6.21031773833026e-07,0.968330734693876,7.08649627311545e-14,0.928571428571429,6,"sex=Female;sex=Male;location=Left;location=Right;age_stratum=age_lower;age_stratum=age_upper",1,0.773376875258572,1.11153313423485,"False",3.21551695159551,4.1789802848163,3.78464881166358,0.963463333220786,-0.394331473152719,"non_monotonic","True","False","True","True","True","True","True","True","True","True","True",0.667423305688578,"Tier 2 - provisional",-0.0480357350309846,0.832752792908231,FALSE
"CCL2",1.13855396074106,8.33413282152962e-08,1.10808357945935,1.56302434247685e-06,1.06690090293809,3.95886231018144e-06,1.12238732795598,1.09090957896939e-06,1.13786497959184,1.66168981975657e-10,0.826530612244898,6,"sex=Female;sex=Male;location=Left;location=Right;age_stratum=age_lower;age_stratum=age_upper",1,0.940654502815895,1.24118860391913,"False",6.11914539825366,7.25769935899471,6.59784955412062,1.13855396074106,-0.659849804874094,"adjacent_specific","True","True","True","True","True","True","True","True","True","True","True",0.667267730698109,"Tier 2 - provisional",0.00332355866508686,0.990937440614159,FALSE
"IMMP1L",-0.580792860795063,5.86305098450732e-13,-0.549872616540109,1.76792433160698e-10,-0.588317324355965,1.82345295350543e-12,-0.535836989959235,8.21781295761302e-11,-0.581747632653062,1.58196468303996e-13,0.908163265306122,6,"sex=Female;sex=Male;location=Left;location=Right;age_stratum=age_lower;age_stratum=age_upper",1,-0.624786444081066,-0.516266607466854,"False",5.6586028473844,5.07780998658934,5.61093644693545,-0.58079286079506,0.53312646034611,"adjacent_specific","True","False","True","True","True","True","True","True","True","True","True",0.667246627132536,"Tier 2 - provisional",-0.654290643428073,5.47811336852924e-10,TRUE
"KCNN3",0.800284331409419,9.86686601621899e-10,0.747013657540159,1.10916005136775e-07,0.741617667995666,1.86836665238078e-07,0.749092971069678,1.14128646545214e-07,0.802423183673469,1.39163587175121e-14,0.948979591836735,6,"sex=Female;sex=Male;location=Left;location=Right;age_stratum=age_lower;age_stratum=age_upper",1,0.66171845631127,0.948222929374884,"False",2.91690889934833,3.71719323075775,3.04676465523145,0.800284331409416,-0.670428575526292,"adjacent_specific","True","False","True","True","True","True","True","True","True","True","True",0.667176672806706,"Tier 2 - provisional",0.00362168134142995,0.985170328198466,FALSE
"PHOX2B",0.729629055415517,1.05243660266321e-09,0.691331761033607,7.92920902406396e-08,0.69682051081404,8.86506696949574e-08,0.70161549670099,4.27844563264123e-08,0.729707673469387,1.54596650384215e-14,0.969387755102041,6,"sex=Female;sex=Male;location=Left;location=Right;age_stratum=age_lower;age_stratum=age_upper",1,0.668588316851479,0.776545091790571,"False",2.76691495876332,3.49654401417884,2.64248036035816,0.729629055415518,-0.854063653820682,"adjacent_specific","True","False","True","True","True","True","True","True","True","True","True",0.667156020327272,"Tier 2 - provisional",0.144276545566408,0.364910117175485,FALSE
"REC8",0.764379262782288,7.58826565140918e-10,0.752650285930821,2.14651531355729e-08,0.799454933727552,1.58873953196516e-09,0.758457746587993,1.76552142930123e-08,0.765490448979592,2.72034395156519e-12,0.908163265306122,6,"sex=Female;sex=Male;location=Left;location=Right;age_stratum=age_lower;age_stratum=age_upper",1,0.634017537641516,1.00353576073005,"False",3.49681157932695,4.26119084210923,3.59563061488021,0.764379262782287,-0.665560227229022,"adjacent_specific","True","False","True","True","True","True","True","True","True","True","True",0.66684310124488,"Tier 2 - provisional",0.907430526756836,3.90551426129545e-08,TRUE
"ANXA1",0.952758454060265,1.39209339062616e-09,0.876785145417368,1.8355364254466e-07,0.825329803815849,6.11532183671371e-07,0.889247059408534,1.08330039990525e-07,0.95113012244898,1.67954845383396e-13,0.887755102040816,6,"sex=Female;sex=Male;location=Left;location=Right;age_stratum=age_lower;age_stratum=age_upper",1,0.729063139417141,1.02679491526161,"False",6.90508378963474,7.85784224369501,7.66899118727694,0.952758454060267,-0.188851056418064,"non_monotonic","True","False","True","True","True","True","True","True","True","True","True",0.666137074911954,"Tier 2 - provisional",-0.0992954376754338,0.511749134699026,FALSE
"FOXF2",0.857218260612889,3.55894139734293e-08,0.85342691242665,4.43643809648138e-07,0.830657917770212,1.03617267745496e-06,0.86751131971471,2.38770132485e-07,0.859596612244898,9.55899841903606e-12,0.918367346938776,6,"sex=Female;sex=Male;location=Left;location=Right;age_stratum=age_lower;age_stratum=age_upper",1,0.762001888612334,0.938370220746974,"False",6.41566352653793,7.27288178715082,5.64106408362917,0.857218260612885,-1.63181770352165,"adjacent_specific","True","False","True","True","True","True","True","True","True","True","True",0.666104154550296,"Tier 2 - provisional",-0.0314356262585678,0.887828015385979,FALSE
"THBS4",1.50728149296359,6.95141977259223e-06,1.34624089027495,0.0002148574209163,1.33085724518656,0.0003043550478647,1.35458705387239,0.0002040585950631,1.50897065306122,3.47098742245184e-09,0.806122448979592,6,"sex=Female;sex=Male;location=Left;location=Right;age_stratum=age_lower;age_stratum=age_upper",1,0.951592462771702,2.09934626028951,"False",2.76177744863672,4.26905894160031,3.26002291381115,1.50728149296359,-1.00903602778916,"adjacent_specific","True","True","True","True","True","True","True","True","True","True","True",0.666090768028961,"Tier 2 - provisional",-0.438790703578204,0.285776843941026,FALSE
"PRDM1",0.824549844623299,1.21000467156531e-10,0.780049887403912,1.41918673182365e-08,0.800300531920329,7.82522808512583e-09,0.778164608367259,1.72024134715861e-08,0.817032489795919,2.36184729726813e-14,0.877551020408163,6,"sex=Female;sex=Male;location=Left;location=Right;age_stratum=age_lower;age_stratum=age_upper",1,0.618450446791611,0.935756308281312,"False",4.07738651262529,4.90193635724859,4.68955053177563,0.824549844623299,-0.21238582547296,"non_monotonic","True","False","True","True","True","True","True","True","True","True","True",0.665710569571257,"Tier 2 - provisional",1.21473205869049,3.78984961675368e-14,TRUE
"ERBB3",-0.707291535146811,3.82331064591545e-10,-0.679318903358633,2.44041266856077e-08,-0.68902915489947,2.21163096438242e-08,-0.684367141941296,2.04492187066936e-08,-0.711489061224492,7.98486647417349e-12,0.938775510204082,6,"sex=Female;sex=Male;location=Left;location=Right;age_stratum=age_lower;age_stratum=age_upper",1,-0.833400071249636,-0.582824792287484,"False",7.44815871849351,6.74086718334671,7.04615120310488,-0.707291535146807,0.305284019758168,"non_monotonic","True","False","True","True","True","True","True","True","True","True","True",0.665580256906084,"Tier 2 - provisional",-0.257098826053598,0.0787847684431117,FALSE
"MAL",0.878141252583393,1.45506420342649e-08,0.845897705553683,4.43643809648138e-07,0.863724014779266,3.35496534000175e-07,0.857967560278093,2.73472328953514e-07,0.878892857142857,1.17961964233318e-11,0.918367346938776,6,"sex=Female;sex=Male;location=Left;location=Right;age_stratum=age_lower;age_stratum=age_upper",1,0.639671660676949,0.992069077554584,"False",3.89880147435105,4.77694272693445,3.44181865808574,0.878141252583391,-1.33512406884871,"adjacent_specific","True","False","True","True","True","True","True","True","True","True","True",0.66556635405937,"Tier 2 - provisional",0.155985783015755,0.453237742015774,FALSE
"EPHA4",0.568815415392832,1.3059990582301e-10,0.555256406993833,6.19731317160033e-09,0.524673173722605,2.15525123533879e-08,0.561419716155457,3.96204243480398e-09,0.569568530612244,3.27107770612643e-12,0.969387755102041,6,"sex=Female;sex=Male;location=Left;location=Right;age_stratum=age_lower;age_stratum=age_upper",1,0.500937248801149,0.635427181190379,"False",4.0259695355461,4.59478495093893,3.69424266498456,0.56881541539283,-0.900542285954372,"adjacent_specific","True","False","True","True","True","True","True","True","True","True","True",0.665343683777696,"Tier 2 - provisional",0.24713255466789,0.0276988468126441,FALSE
"PROS1",0.799724275056121,1.56430878927229e-08,0.827157208571261,7.58224235358781e-08,0.712533141039442,5.17838002734148e-08,0.833194356518196,6.4888444582757e-08,0.799026326530612,2.80281885809524e-08,0.887755102040816,6,"sex=Female;sex=Male;location=Left;location=Right;age_stratum=age_lower;age_stratum=age_upper",1,0.603109734016114,0.874255670775244,"False",4.52283372881212,5.32255800386824,4.97008740320664,0.79972427505612,-0.352470600661596,"non_monotonic","True","False","True","True","True","True","True","True","True","True","True",0.665334831890901,"Tier 2 - provisional",0.232217184948625,0.218168254510429,FALSE
"TSPAN2",1.05681607093755,3.15782943197496e-07,0.981711155216057,1.15538249806999e-05,0.972461973186351,1.75382794018043e-05,0.995839049568688,8.20238400475812e-06,1.06001902040816,6.9474461803405e-11,0.918367346938776,6,"sex=Female;sex=Male;location=Left;location=Right;age_stratum=age_lower;age_stratum=age_upper",1,0.804362693662568,1.33343460939223,"False",4.00787076978675,5.0646868407243,4.2275631781796,1.05681607093755,-0.837123662544693,"adjacent_specific","True","False","True","True","True","True","True","True","True","True","True",0.665155233617481,"Tier 2 - provisional",-0.191846257345729,0.445862693576699,FALSE
"PHF3",0.537123590554421,2.1469410014354e-11,0.56544857723241,7.82656509454254e-11,0.596634387788586,3.21408197977716e-12,0.570454234551893,5.25218368538212e-11,0.537271591836737,1.97313190846581e-13,0.86734693877551,6,"sex=Female;sex=Male;location=Left;location=Right;age_stratum=age_lower;age_stratum=age_upper",1,0.485196562452373,0.644873811703841,"False",7.46919158754653,8.00631517810094,7.5212058590768,0.537123590554415,-0.485109319024144,"non_monotonic","True","False","True","True","True","True","True","True","True","True","True",0.6650560953297,"Tier 2 - provisional",0.773719833673476,1.62606291886987e-13,TRUE
"NACAD",0.662020161272404,2.38019037236542e-10,0.63494331573153,1.72984770372528e-08,0.624316012383616,3.83514607957019e-08,0.639354761055804,1.48549268866781e-08,0.656635551020408,7.51773326569058e-15,0.948979591836735,6,"sex=Female;sex=Male;location=Left;location=Right;age_stratum=age_lower;age_stratum=age_upper",1,0.575273014090295,0.699888255705239,"False",2.5967251374417,3.2587452987141,2.65436996630521,0.662020161272402,-0.60437533240889,"adjacent_specific","True","False","True","True","True","True","True","True","True","True","True",0.664935836604611,"Tier 2 - provisional",0.0956774046671279,0.477056561315842,FALSE
"HLF",0.684099144471974,4.98233196985047e-10,0.642412127892359,5.4003640131566e-08,0.645394767123591,6.67138455169537e-08,0.650369195544593,3.39971403993634e-08,0.68380893877551,5.97033885700755e-15,0.969387755102041,6,"sex=Female;sex=Male;location=Left;location=Right;age_stratum=age_lower;age_stratum=age_upper",1,0.593493997328456,0.76523347573493,"False",2.5594526587026,3.24355180317457,2.66532898659859,0.684099144471972,-0.578222816575977,"adjacent_specific","True","False","True","True","True","True","True","True","True","True","True",0.664853238188607,"Tier 2 - provisional",0.101844296474112,0.484370664941353,FALSE
"CMA1",0.738421854717871,1.23120256095373e-08,0.782522615006915,2.23506836865573e-08,0.740574972840433,7.68177750372712e-08,0.784184417114385,2.38392890474475e-08,0.73606187755102,6.01368877742372e-11,0.877551020408163,6,"sex=Female;sex=Male;location=Left;location=Right;age_stratum=age_lower;age_stratum=age_upper",1,0.579188586498271,0.812784655420786,"False",2.75034657281071,3.48876842752858,2.3041563964456,0.738421854717869,-1.18461203108298,"adjacent_specific","True","False","True","True","True","True","True","True","True","True","True",0.664478255327845,"Tier 2 - provisional",0.382727858504712,0.0200586728267039,FALSE
"MAGEH1",0.780058535281988,6.65367543809709e-09,0.788005283619073,6.9830091083873e-08,0.725820314346726,2.30707242643416e-07,0.802647139344197,2.77185508374728e-08,0.778293510204083,2.71396889026543e-11,0.897959183673469,6,"sex=Female;sex=Male;location=Left;location=Right;age_stratum=age_lower;age_stratum=age_upper",1,0.634575963457072,0.84196581767669,"False",4.79683651639854,5.57689505168053,4.90573531804035,0.780058535281987,-0.671159733640174,"adjacent_specific","True","False","True","True","True","True","True","True","True","True","True",0.664251385008147,"Tier 2 - provisional",-0.0187595881282267,0.912863232382173,FALSE
"TMEM200B",0.61921684624322,5.05653443257553e-11,0.577764004970632,9.30638919246272e-09,0.580380989415416,1.17639676064565e-08,0.582459108785531,7.36418524396256e-09,0.621195510204082,1.8933019269627e-15,0.959183673469388,6,"sex=Female;sex=Male;location=Left;location=Right;age_stratum=age_lower;age_stratum=age_upper",1,0.507771431932504,0.726855127019488,"False",4.9129862514501,5.53220309769332,5.0202440331423,0.61921684624322,-0.511959064551017,"adjacent_specific","True","False","True","True","True","True","True","True","True","True","True",0.664232373631115,"Tier 2 - provisional",0.124582392279212,0.286335273004469,FALSE
"AKAP13",0.507341717154835,5.85795885850706e-11,0.545618655513882,6.97216253752133e-11,0.561582708892553,2.44541938095099e-11,0.544681537377724,8.8564078615916e-11,0.506598244897958,3.71535082163798e-13,0.86734693877551,6,"sex=Female;sex=Male;location=Left;location=Right;age_stratum=age_lower;age_stratum=age_upper",1,0.47812948971999,0.56171954708664,"False",6.36038426851868,6.86772598567351,5.98076074732132,0.507341717154837,-0.886965238352196,"adjacent_specific","True","False","True","True","True","True","True","True","True","True","True",0.663998270197617,"Tier 2 - provisional",0.740384349059273,1.81498588985096e-13,TRUE
"CRABP1",0.744272411809259,3.13546437910564e-09,0.736254232605875,6.41683323576993e-08,0.752258837608477,4.43916731915685e-08,0.745932943608766,3.86570540119394e-08,0.741186530612245,2.62854669433621e-13,0.918367346938776,6,"sex=Female;sex=Male;location=Left;location=Right;age_stratum=age_lower;age_stratum=age_upper",1,0.490348288750715,1.04681124728021,"False",3.07183126525527,3.81610367706453,2.92731370566033,0.744272411809256,-0.8887899714042,"adjacent_specific","True","False","True","True","True","True","True","True","True","True","True",0.663732632229164,"Tier 2 - provisional",0.330217922722123,0.0476011745868032,FALSE
"ADCY4",0.544056052643862,1.77443104847909e-11,0.521062541580662,2.14905618070823e-09,0.531093780231197,1.49665154034062e-09,0.522706854942655,2.2055800804527e-09,0.541241346938775,1.24430071600618e-11,0.948979591836735,6,"sex=Female;sex=Male;location=Left;location=Right;age_stratum=age_lower;age_stratum=age_upper",1,0.391395645000881,0.641789505184639,"False",3.37315803810733,3.91721409075119,3.57666714877319,0.544056052643862,-0.340546941978003,"non_monotonic","True","False","True","True","True","True","True","True","True","True","True",0.663271210596847,"Tier 2 - provisional",0.384132222627277,0.000285361213453753,FALSE
"FAM110B",0.73055896237747,1.17844076399527e-10,0.687871475928082,1.5918834198729e-08,0.668605622272727,4.34837174262744e-08,0.69643072706324,9.56091127165274e-09,0.727057346938776,2.66998020337579e-15,0.908163265306122,6,"sex=Female;sex=Male;location=Left;location=Right;age_stratum=age_lower;age_stratum=age_upper",1,0.596614736844309,0.85106524809403,"False",2.71300626059773,3.4435652229752,2.91547108203322,0.730558962377467,-0.528094140941971,"adjacent_specific","True","False","True","True","True","True","True","True","True","True","True",0.66314334861426,"Tier 2 - provisional",0.105696747466072,0.460247756294764,FALSE
"SORBS1",1.00905253651289,1.91023098418537e-07,0.935178959442801,8.12697757854951e-06,0.901346123229265,1.86831281654304e-05,0.943281694654429,7.01502115684638e-06,1.00350040816327,3.19769627847978e-11,0.918367346938776,6,"sex=Female;sex=Male;location=Left;location=Right;age_stratum=age_lower;age_stratum=age_upper",1,0.79560224745727,1.22680593839993,"False",3.46967374474727,4.47872628126017,3.98674873018781,1.00905253651289,-0.491977551072353,"non_monotonic","True","False","True","True","True","True","True","True","True","True","True",0.662922910511575,"Tier 2 - provisional",-0.157638921794858,0.514805143468278,FALSE
"FILIP1",0.91846932013269,5.85997665517605e-08,0.82833632889987,5.40799130388598e-06,0.829039554760328,6.85722695883386e-06,0.835908433304166,4.54471896305239e-06,0.920024653061225,3.7166110167181e-12,0.959183673469388,6,"sex=Female;sex=Male;location=Left;location=Right;age_stratum=age_lower;age_stratum=age_upper",1,0.696493146687552,1.14624108412552,"False",2.77892855017803,3.69739787031071,2.89455808568388,0.918469320132687,-0.80283978462684,"adjacent_specific","True","False","True","True","True","True","True","True","True","True","True",0.662385719812878,"Tier 2 - provisional",-0.0932867364215464,0.682278693439855,FALSE
"CHMP4C",-0.752209373853111,3.64508902098267e-09,-0.709638871747271,2.33228733864827e-07,-0.732755424446217,1.13016088581247e-07,-0.709342892049874,2.61848113728728e-07,-0.753006489795919,4.69163870921229e-11,0.948979591836735,6,"sex=Female;sex=Male;location=Left;location=Right;age_stratum=age_lower;age_stratum=age_upper",1,-0.830606834355399,-0.644541935605067,"False",5.95619578155267,5.20398640769956,5.73336026100284,-0.752209373853105,0.529373853303274,"adjacent_specific","True","False","True","True","True","True","True","True","True","True","True",0.662201417854187,"Tier 2 - provisional",-0.312469855947395,0.0686121194986205,FALSE
"EMP3",0.91691232981868,5.45455373837173e-09,0.865122865618082,3.35242125224733e-07,0.838777879794866,8.3771028615025e-07,0.885472001066535,1.03341632370301e-07,0.916815469387753,1.45010502434639e-12,0.877551020408163,6,"sex=Female;sex=Male;location=Left;location=Right;age_stratum=age_lower;age_stratum=age_upper",1,0.838770787701782,0.942003831190599,"False",5.29131137673337,6.20822370655205,5.52202981700903,0.916912329818681,-0.686193889543026,"adjacent_specific","True","False","True","True","True","True","True","True","True","True","True",0.661977789137124,"Tier 2 - provisional",-0.0607395050294836,0.723829427551775,FALSE
"ERRFI1",0.736976448960779,6.41407762915031e-11,0.70204686187219,6.97999630799355e-09,0.746464927228291,3.66180546306903e-10,0.700422656120967,8.56106422391537e-09,0.736159306122448,2.1501340315607e-14,0.86734693877551,6,"sex=Female;sex=Male;location=Left;location=Right;age_stratum=age_lower;age_stratum=age_upper",1,0.512738211730459,0.853220466760974,"False",7.41287777282616,8.14985422178693,7.76919540691597,0.736976448960769,-0.380658814870954,"non_monotonic","True","False","True","True","True","True","True","True","True","True","True",0.66088251572375,"Tier 2 - provisional",0.757788966988043,3.61345346663746e-07,TRUE
"VSNL1",-0.575896606478279,6.31704559230434e-11,-0.564350205962918,2.05177196584685e-09,-0.554808182622429,4.88942740313737e-09,-0.567036420347347,1.93852867415355e-09,-0.576999469387756,6.44888934890888e-11,0.908163265306122,6,"sex=Female;sex=Male;location=Left;location=Right;age_stratum=age_lower;age_stratum=age_upper",1,-0.654293115973918,-0.518838513059896,"False",4.56273799296441,3.98684138648612,6.04738782311028,-0.57589660647828,2.06054643662416,"adjacent_specific","True","False","True","True","True","True","True","True","True","True","True",0.660675987672603,"Tier 2 - provisional",-0.550128143977028,1.39965427838897e-06,TRUE
"TMEM200A",0.94841088200181,4.11031628597711e-06,1.04416155944013,3.01822459718108e-06,0.911169663011133,8.00320564171485e-06,1.02707297744214,3.77941510466637e-06,0.946146326530612,7.7303594937267e-06,0.826530612244898,6,"sex=Female;sex=Male;location=Left;location=Right;age_stratum=age_lower;age_stratum=age_upper",1,0.709982164841573,1.14906513786129,"False",5.31838802790062,6.26679890990242,6.00326130264822,0.948410882001806,-0.263537607254205,"non_monotonic","True","True","True","True","True","True","True","True","True","True","True",0.660660544894352,"Tier 2 - provisional",1.46099757754218,9.45865425076283e-08,TRUE
"PBK",-0.90275589546007,8.32801252234948e-09,-0.864737833509101,3.2389335027437e-07,-0.898501276847994,1.2451665885017e-07,-0.866204915520905,3.44570836650683e-07,-0.905220979591837,5.10501349004959e-11,0.86734693877551,6,"sex=Female;sex=Male;location=Left;location=Right;age_stratum=age_lower;age_stratum=age_upper",1,-1.05056328618684,-0.657356491141033,"False",5.6427396241125,4.73998372865242,6.05511441260096,-0.902755895460072,1.31513068394853,"adjacent_specific","True","False","True","True","True","True","True","True","True","True","True",0.660599393420192,"Tier 2 - provisional",-0.687755890257256,0.00120599852551154,TRUE
"TAGLN3",0.961721692773914,7.50073764552207e-07,0.888014454610998,2.41268856424031e-05,0.879800075652348,3.59091357435727e-05,0.897300215596253,2.00883066593266e-05,0.95894093877551,1.82148398282266e-10,0.948979591836735,6,"sex=Female;sex=Male;location=Left;location=Right;age_stratum=age_lower;age_stratum=age_upper",1,0.722058872825594,1.19653687724361,"False",2.36577074912613,3.32749244190004,2.37902737451522,0.961721692773913,-0.948465067384818,"adjacent_specific","True","False","True","True","True","True","True","True","True","True","True",0.660551679407967,"Tier 2 - provisional",-0.0966645885977596,0.735133435927325,FALSE
"ZBTB47",0.722781568019248,1.15157438242636e-09,0.667829964279992,1.60399692911431e-07,0.65633485638591,3.28955967418019e-07,0.674224125352443,1.22897497006768e-07,0.723242469387755,2.11111315292862e-14,0.948979591836735,6,"sex=Female;sex=Male;location=Left;location=Right;age_stratum=age_lower;age_stratum=age_upper",1,0.589619494395954,0.839328255809123,"False",3.25059217906832,3.97337374708757,3.58054595367763,0.722781568019248,-0.392827793409938,"non_monotonic","True","False","True","True","True","True","True","True","True","True","True",0.66037634247894,"Tier 2 - provisional",-0.0531411016996937,0.707389850100138,FALSE
"CACNA1H",0.939696899580749,1.2612678863651e-07,0.85506138577006,7.97076284649791e-06,0.85605263761627,9.93622274009438e-06,0.865833264244654,5.96930218100115e-06,0.940658530612246,1.38100957396414e-11,0.938775510204082,6,"sex=Female;sex=Male;location=Left;location=Right;age_stratum=age_lower;age_stratum=age_upper",1,0.810866898721219,1.00418473475941,"False",3.77996872528934,4.71966562487008,4.02974937051278,0.939696899580747,-0.689916254357304,"adjacent_specific","True","False","True","True","True","True","True","True","True","True","True",0.660175886957077,"Tier 2 - provisional",-0.108442353240668,0.648003289417395,FALSE
"ZNF25",0.620042572430096,1.18705481931617e-10,0.584041673891438,1.59460670936191e-08,0.582679575505397,2.48466815737916e-08,0.592011575006927,8.7435655903862e-09,0.61868106122449,2.49005092012546e-15,0.938775510204082,6,"sex=Female;sex=Male;location=Left;location=Right;age_stratum=age_lower;age_stratum=age_upper",1,0.557588803539802,0.673288646214822,"False",4.12103001067279,4.74107258310289,4.30662801768829,0.620042572430096,-0.434444565414599,"non_monotonic","True","False","True","True","True","True","True","True","True","True","True",0.660094809685186,"Tier 2 - provisional",0.139850282223003,0.242733707899025,FALSE
"SLC39A4",-0.586948172030339,2.96321034483844e-10,-0.561858323952467,1.58306158293425e-08,-0.529670297317799,5.51905247712014e-08,-0.563880209761942,1.59301840250877e-08,-0.584237551020409,1.93241107897403e-12,0.948979591836735,6,"sex=Female;sex=Male;location=Left;location=Right;age_stratum=age_lower;age_stratum=age_upper",1,-0.684177465839643,-0.486902914030539,"False",8.13006854223528,7.54312037020494,8.29506355372648,-0.586948172030337,0.751943183521537,"adjacent_specific","True","False","True","True","True","True","True","True","True","True","True",0.659990551903633,"Tier 2 - provisional",-0.173201803856092,0.135348885173919,FALSE
"TUBB2A",0.802295775900267,1.36552645282468e-09,0.71457316232169,3.46976586225831e-07,0.689889233180329,9.15062886269977e-07,0.714743714470965,3.84518425903716e-07,0.80153426530612,3.44711489867861e-09,0.938775510204082,6,"sex=Female;sex=Male;location=Left;location=Right;age_stratum=age_lower;age_stratum=age_upper",1,0.560530230848553,1.00316419695443,"False",8.84292259677966,9.64521837267992,8.77366104567546,0.802295775900264,-0.871557327004462,"adjacent_specific","True","False","True","True","True","True","True","True","True","True","True",0.659863868981806,"Tier 2 - provisional",0.0576059140895945,0.763342849941578,FALSE
"MYADM",0.669243616920497,2.5530565389312e-10,0.636565354861606,2.2972835380945e-08,0.611237986689403,7.20862720252276e-08,0.641118870285369,1.94770853583612e-08,0.663279693877551,3.78286247757142e-15,0.918367346938776,6,"sex=Female;sex=Male;location=Left;location=Right;age_stratum=age_lower;age_stratum=age_upper",1,0.558569467064486,0.72148455616481,"False",5.40956334341711,6.07880696033761,5.81797352282258,0.669243616920497,-0.260833437515024,"non_monotonic","True","False","True","True","True","True","True","True","True","True","True",0.659798470620514,"Tier 2 - provisional",0.00209040306513123,0.98866083060811,FALSE
"CRTAP",0.797996522183213,1.31349343324254e-09,0.740337946483056,1.60399692911431e-07,0.719591208127436,3.95899234536854e-07,0.748592785943171,1.12755386218179e-07,0.800097999999999,6.3143819083291e-14,0.908163265306122,6,"sex=Female;sex=Male;location=Left;location=Right;age_stratum=age_lower;age_stratum=age_upper",1,0.705859676619741,0.85069667161719,"False",4.019603175365,4.81759969754821,4.37543961311137,0.797996522183213,-0.442160084436843,"non_monotonic","True","False","True","True","True","True","True","True","True","True","True",0.659724580274785,"Tier 2 - provisional",0.0268795559909272,0.892360220319754,FALSE
"KANK2",1.11778010135027,1.35156105691754e-06,1.02318673305644,4.45540940505313e-05,0.983714901669895,9.60462591513617e-05,1.0355314216508,3.59172203613028e-05,1.11936424489796,4.26465467973907e-10,0.887755102040816,6,"sex=Female;sex=Male;location=Left;location=Right;age_stratum=age_lower;age_stratum=age_upper",1,0.826815238205888,1.39137276356892,"False",3.40922231932377,4.52700242067404,3.76668478173821,1.11778010135027,-0.760317638935833,"adjacent_specific","True","True","True","True","True","True","True","True","True","True","True",0.659557726814997,"Tier 2 - provisional",-0.458612824623782,0.0265803056478048,FALSE
"TPPP3",0.7899137338166,6.68941406378843e-09,0.740410300869001,4.38960737728451e-07,0.719759052420417,1.04511642205621e-06,0.742857948321772,4.44020145646991e-07,0.790573346938775,6.43090294439387e-13,0.928571428571429,6,"sex=Female;sex=Male;location=Left;location=Right;age_stratum=age_lower;age_stratum=age_upper",1,0.552168689161753,0.897267802078917,"False",3.35844705412662,4.14836078794322,3.97163764635914,0.789913733816597,-0.176723141584078,"non_monotonic","True","False","True","True","True","True","True","True","True","True","True",0.659522185021741,"Tier 2 - provisional",0.0416905217774686,0.840937691321123,FALSE
"CDKN3",-0.916753360859563,5.42663090878934e-09,-0.874761843943707,2.48239017412831e-07,-0.905304356201515,1.10318324753243e-07,-0.875692295326042,2.6826409538976e-07,-0.916307163265308,2.37137968973315e-11,0.846938775510204,6,"sex=Female;sex=Male;location=Left;location=Right;age_stratum=age_lower;age_stratum=age_upper",1,-0.997985375206905,-0.733205396446311,"False",6.78659248477662,5.86983912391706,7.42448478472979,-0.916753360859564,1.55464566081274,"adjacent_specific","True","False","True","True","True","True","True","True","True","True","True",0.659225170757851,"Tier 2 - provisional",-0.828141575548141,9.33670888856748e-05,TRUE
"KRTAP13-2",0.945217929793287,6.79285265642749e-05,1.14408498849413,7.51358910732611e-06,0.970390679086196,1.62286178001889e-05,1.15483008632298,6.32404914421848e-06,0.945449346938775,1.87274410195935e-06,0.785714285714286,6,"sex=Female;sex=Male;location=Left;location=Right;age_stratum=age_lower;age_stratum=age_upper",1,0.185782850326785,1.31096212822138,"False",2.41384177154659,3.35905970133987,2.15548198162612,0.945217929793287,-1.20357771971376,"adjacent_specific","True","True","True","True","True","True","True","True","True","False","True",0.659137772556719,"Tier 2 - provisional",1.19497123317004,0.000206564677958049,TRUE
"ERI3",-0.561406941286249,9.82733009009474e-12,-0.541794225564267,8.03374112108304e-10,-0.539548186510077,1.40580696471543e-09,-0.532590084782453,8.5217832643446e-10,-0.560420244897959,6.59160320535404e-11,0.887755102040816,6,"sex=Female;sex=Male;location=Left;location=Right;age_stratum=age_lower;age_stratum=age_upper",1,-0.702659328829804,-0.412263535999378,"False",5.11570329326487,4.55429635197862,4.78033315024362,-0.561406941286251,0.226036798265003,"non_monotonic","True","False","True","True","True","True","True","True","True","True","True",0.659058046168028,"Tier 2 - provisional",-0.586202350736163,7.66528696612733e-08,TRUE
"APIP",-0.666538481616335,2.20137344877424e-10,-0.656752550281111,7.39038991992574e-09,-0.650015960559692,1.4494303022373e-08,-0.662608213452272,5.54039639679466e-09,-0.667525612244899,1.29600423734605e-11,0.877551020408163,6,"sex=Female;sex=Male;location=Left;location=Right;age_stratum=age_lower;age_stratum=age_upper",1,-0.758026068485776,-0.578583561374868,"False",8.14547453935761,7.47893605774127,8.13616424596451,-0.666538481616337,0.657228188223232,"adjacent_specific","True","False","True","True","True","True","True","True","True","True","True",0.658927703988747,"Tier 2 - provisional",-0.747458168019953,1.01638998288189e-07,TRUE
"S100B",0.890452994479235,1.19237368707871e-07,0.841680945209096,3.77389448862714e-06,0.834557910657315,5.81765476191046e-06,0.854397857129808,2.4764643067776e-06,0.893386040816327,2.35091633418196e-11,0.918367346938776,6,"sex=Female;sex=Male;location=Left;location=Right;age_stratum=age_lower;age_stratum=age_upper",1,0.629826992141572,1.01764625253834,"False",3.30549738300516,4.19595037748439,3.19360881291073,0.890452994479233,-1.00234156457366,"adjacent_specific","True","False","True","True","True","True","True","True","True","True","True",0.658624047406918,"Tier 2 - provisional",-0.0526214810013129,0.829394873348458,FALSE
"LAYN",0.979023595395817,1.43740418936029e-07,0.895462158160016,8.29947314775069e-06,0.886498398698012,1.28000818283933e-05,0.907705568870709,5.96851805968263e-06,0.978443530612246,1.89059364523867e-11,0.908163265306122,6,"sex=Female;sex=Male;location=Left;location=Right;age_stratum=age_lower;age_stratum=age_upper",1,0.847975949413299,1.04795590278593,"False",3.11486164812426,4.09388524352008,3.81219697315732,0.979023595395817,-0.281688270362761,"non_monotonic","True","False","True","True","True","True","True","True","True","True","True",0.658563116882671,"Tier 2 - provisional",-0.131625004089669,0.581283636982896,FALSE
"PLCXD3",0.547317858267442,2.05280735991351e-10,0.513575277462037,2.68979345285759e-08,0.495293709176003,8.05048214764435e-08,0.515617045032939,2.67147837188147e-08,0.545966530612246,3.5131024724915e-15,0.969387755102041,6,"sex=Female;sex=Male;location=Left;location=Right;age_stratum=age_lower;age_stratum=age_upper",1,0.468964887117199,0.583789233431511,"False",2.23726297682071,2.78458083508815,2.24133229736968,0.547317858267441,-0.543248537718473,"adjacent_specific","True","False","False","True","True","True","True","True","True","True","True",0.657812778175094,"Tier 2 - provisional",0.0898842673546135,0.415919204872934,FALSE
"DNER",0.712757453030453,5.04734902269522e-09,0.64895381754429,6.87358794541666e-07,0.655729525504485,7.12474432168421e-07,0.648630158998782,7.7577644510101e-07,0.714256040816327,1.37972484988762e-13,0.969387755102041,6,"sex=Female;sex=Male;location=Left;location=Right;age_stratum=age_lower;age_stratum=age_upper",1,0.597263669169795,0.819274102950768,"False",2.48723688072706,3.19999433375751,2.35546131427301,0.712757453030453,-0.8445330194845,"adjacent_specific","True","False","True","True","True","True","True","True","True","True","True",0.657429355598438,"Tier 2 - provisional",0.0734856897120958,0.679073440903274,FALSE
"RCN2",-0.5714552952586,1.12951242379899e-11,-0.531779236905345,2.85190312357223e-09,-0.573019099847168,3.15546007315138e-11,-0.522274041562996,3.04705638293834e-09,-0.570948326530613,4.53375866169068e-13,0.908163265306122,6,"sex=Female;sex=Male;location=Left;location=Right;age_stratum=age_lower;age_stratum=age_upper",1,-0.70286111002806,-0.519694957396235,"False",6.69516981626878,6.12371452101018,6.91236386888492,-0.571455295258595,0.788649347874734,"adjacent_specific","True","False","True","True","True","True","True","True","True","True","True",0.65732802075939,"Tier 2 - provisional",-0.8446003638412,3.30593355512504e-16,TRUE
"STON1",0.654645843015542,2.4036888285093e-09,0.591841820346655,4.49683565900873e-07,0.585143099959408,7.91666221146081e-07,0.597797080629467,3.4793459200676e-07,0.654295571428571,6.51710773118146e-14,0.979591836734694,6,"sex=Female;sex=Male;location=Left;location=Right;age_stratum=age_lower;age_stratum=age_upper",1,0.532569507258647,0.76919998963092,"False",2.91144414430443,3.56608998731997,3.15445487767846,0.65464584301554,-0.411635109641518,"non_monotonic","True","False","True","True","True","True","True","True","True","True","True",0.656123913728524,"Tier 2 - provisional",-0.00194331799629571,0.990625253460525,FALSE
"DEFA6",-1.2908401404398,0.0001278137508978,-1.34540294097605,0.0002012516379247,-1.16773189865288,0.0006709726242021,-1.34220277121833,0.0002195702779303,-1.2937826122449,0.0011770764148088,0.73469387755102,6,"sex=Female;sex=Male;location=Left;location=Right;age_stratum=age_lower;age_stratum=age_upper",1,-2.39415505790938,-0.416513342177511,"False",5.193574796888,3.9027346564482,6.07885581548904,-1.2908401404398,2.17612115904083,"adjacent_specific","True","True","True","True","True","True","True","True","True","False","True",0.656029768122417,"Tier 2 - provisional",-1.14325298705099,0.0152908946125821,TRUE
"PCSK2",0.687597625877521,8.35418370791338e-10,0.610109087985461,2.91978608302662e-07,0.618644245990499,2.73104442817425e-07,0.622149016338339,1.20617979249854e-07,0.686044081632653,2.84604329638755e-13,0.959183673469388,6,"sex=Female;sex=Male;location=Left;location=Right;age_stratum=age_lower;age_stratum=age_upper",1,0.518920013220818,0.757723396187377,"False",3.30195991963455,3.98955754551207,2.71556041142291,0.68759762587752,-1.27399713408917,"adjacent_specific","True","False","True","True","True","True","True","True","True","True","True",0.6558529522503,"Tier 2 - provisional",0.221163846893311,0.1396605119077,FALSE
"TNS1",0.807146261686476,2.10981868883008e-08,0.744683747929796,1.59610064794218e-06,0.733976456465862,2.84176802708061e-06,0.75643520440027,9.61292312082317e-07,0.80010793877551,1.09951467135193e-12,0.928571428571429,6,"sex=Female;sex=Male;location=Left;location=Right;age_stratum=age_lower;age_stratum=age_upper",1,0.671427886399646,0.914283813891046,"False",3.29345040352998,4.10059666521645,3.40515608789114,0.807146261686472,-0.695440577325312,"adjacent_specific","True","False","True","True","True","True","True","True","True","True","True",0.655822898405909,"Tier 2 - provisional",-0.117066716794287,0.478659013191178,FALSE
"CCBE1",0.91932519117446,9.63662658588755e-07,0.837748901853855,3.71720787013106e-05,0.847223026922552,3.79007324667974e-05,0.846883835329738,3.06881264470456e-05,0.919583,2.05939591772e-10,0.948979591836735,6,"sex=Female;sex=Male;location=Left;location=Right;age_stratum=age_lower;age_stratum=age_upper",1,0.65286610318915,1.19006398111251,"False",2.46914898931884,3.3884741804933,2.42125418584742,0.919325191174459,-0.967219994645882,"adjacent_specific","True","False","True","True","True","True","True","True","True","True","True",0.655620457194995,"Tier 2 - provisional",-0.180218982912986,0.448139653729102,FALSE
"DZIP1",0.79783343810428,8.1325230462914e-08,0.74726115116562,3.35956701530877e-06,0.751352807717845,3.89350831738059e-06,0.758273999721835,2.23351771873715e-06,0.80710387755102,4.78749104763575e-12,0.938775510204082,6,"sex=Female;sex=Male;location=Left;location=Right;age_stratum=age_lower;age_stratum=age_upper",1,0.649070671218638,0.951451426667421,"False",2.49273427505627,3.29056771316055,2.67523691632206,0.79783343810428,-0.615330796838486,"adjacent_specific","True","False","True","True","True","True","True","True","True","True","True",0.655155988622084,"Tier 2 - provisional",-0.0797247804890695,0.688597815721254,FALSE
"RAVER2",-0.519969045241792,7.66162267851379e-12,-0.461579281003185,7.94149455153531e-09,-0.449907867034312,2.1302936226101e-08,-0.460795021227986,9.5567930321207e-09,-0.521024020408165,2.64421639902257e-14,0.948979591836735,6,"sex=Female;sex=Male;location=Left;location=Right;age_stratum=age_lower;age_stratum=age_upper",1,-0.599840747541694,-0.432231872572766,"False",6.37769449079872,5.85772544555693,4.74349358623859,-0.519969045241792,-1.11423185931834,"monotonic_down","True","False","False","False","True","True","True","True","True","True","True",0.654967731460643,"Tier 2 - provisional",-0.157342702511992,0.0875213512060522,FALSE
"KIF18A",-0.612865694161442,3.70643802738601e-10,-0.611500374219911,7.03848067443232e-09,-0.611038546610575,1.05971804292033e-08,-0.614174610366704,6.82357414426228e-09,-0.610921510204082,5.23829412862128e-11,0.86734693877551,6,"sex=Female;sex=Male;location=Left;location=Right;age_stratum=age_lower;age_stratum=age_upper",1,-0.6880276876667,-0.452779978311529,"False",4.46860565405284,3.8557399598914,5.4968676131557,-0.612865694161441,1.6411276532643,"adjacent_specific","True","False","True","True","True","True","True","True","True","True","True",0.654389025680027,"Tier 2 - provisional",-0.413965829630448,0.00127574814150973,FALSE
"CDK1",-0.930041310106314,8.92996981023531e-09,-0.885086091796973,4.13440341385514e-07,-0.930624775708293,9.52418613678234e-08,-0.889854013332353,3.88576679910366e-07,-0.928548204081633,3.74201406811506e-11,0.816326530612245,6,"sex=Female;sex=Male;location=Left;location=Right;age_stratum=age_lower;age_stratum=age_upper",1,-1.05474890939875,-0.770457156664948,"False",5.91412171680273,4.98408040669642,6.98128967389407,-0.930041310106314,1.99720926719765,"adjacent_specific","True","False","True","True","True","True","True","True","True","True","True",0.654006990568788,"Tier 2 - provisional",-0.768348412232028,0.000445392665288734,TRUE
"SYNE1",0.524733761795196,2.04739896629776e-11,0.50474061302078,1.9946610946795e-09,0.490730906939534,5.84001885937496e-09,0.511659557968466,9.58745467975991e-10,0.523820530612245,1.97094683762905e-15,0.887755102040816,6,"sex=Female;sex=Male;location=Left;location=Right;age_stratum=age_lower;age_stratum=age_upper",1,0.446945302535925,0.612912467540532,"False",3.67420596002832,4.19893972182351,3.41074945650182,0.524733761795195,-0.788190265321698,"adjacent_specific","True","False","False","True","True","True","True","True","True","True","True",0.653590278957613,"Tier 2 - provisional",0.12924556335399,0.141661205989007,FALSE
"RAMP1",1.23759563675302,6.4753821360841e-06,1.07764881781394,0.0002785690702028,1.04359346944435,0.0004964318810109,1.09686647327987,0.0002052015345621,1.23566204081633,4.46533890161102e-09,0.857142857142857,6,"sex=Female;sex=Male;location=Left;location=Right;age_stratum=age_lower;age_stratum=age_upper",1,0.820437615494603,1.59150294426411,"False",3.36905230764204,4.60664794439506,4.24859263006627,1.23759563675302,-0.358055314328789,"non_monotonic","True","True","True","True","True","True","True","True","True","True","True",0.653388660188388,"Tier 2 - provisional",-0.539870070469994,0.0538596684654565,FALSE
"MPZ",0.700756353491524,5.17690465559715e-09,0.660957943837512,3.27070359173141e-07,0.648074149145442,6.82953438691935e-07,0.670105514662108,2.04763523565293e-07,0.701676285714285,3.5922862097552e-13,0.918367346938776,6,"sex=Female;sex=Male;location=Left;location=Right;age_stratum=age_lower;age_stratum=age_upper",1,0.509066219656231,0.85543343074429,"False",2.57597036532837,3.2767267188199,2.32818295444109,0.700756353491525,-0.948543764378806,"adjacent_specific","True","False","True","True","True","True","True","True","True","True","True",0.653302037066286,"Tier 2 - provisional",0.117771232088449,0.480890984755887,FALSE
"CCDC34",-0.607840855527252,3.56899266592822e-10,-0.596068367211033,1.26230397358125e-08,-0.630546853390229,1.12802757650869e-09,-0.597361322674709,1.33510759654619e-08,-0.606301959183672,1.30935071739572e-12,0.877551020408163,6,"sex=Female;sex=Male;location=Left;location=Right;age_stratum=age_lower;age_stratum=age_upper",1,-0.802715098464146,-0.491251371583428,"False",6.2166319012511,5.60879104572385,7.03475527713577,-0.607840855527251,1.42596423141192,"adjacent_specific","True","False","True","True","True","True","True","True","True","True","True",0.652932429506784,"Tier 2 - provisional",-0.575741235416384,9.90717994438263e-06,TRUE
"REG4",-1.25293237033714,4.25078870134875e-05,-1.25002612868528,0.0001645089346825,-1.34156437798434,4.63872441869101e-05,-1.25073917308136,0.0001727097685343,-1.24618314285714,1.79477306321189e-05,0.755102040816326,6,"sex=Female;sex=Male;location=Left;location=Right;age_stratum=age_lower;age_stratum=age_upper",1,-1.65570810510327,-1.05570993909783,"False",6.25783413468814,5.004901764351,5.47123047119438,-1.25293237033714,0.466328706843382,"non_monotonic","True","True","True","True","True","True","True","True","True","False","True",0.65275794723704,"Tier 2 - provisional",-1.4159185122579,0.000775294620907805,TRUE
"ZCCHC24",0.635211196982923,1.51917586809793e-09,0.587076894130047,1.97622636068393e-07,0.576331887466611,4.09647578256179e-07,0.598326209410873,8.19568517232488e-08,0.630225265306122,1.02853589604683e-13,0.938775510204082,6,"sex=Female;sex=Male;location=Left;location=Right;age_stratum=age_lower;age_stratum=age_upper",1,0.445188574192547,0.732983581361514,"False",4.11667734588623,4.75188854286915,4.43072743113814,0.635211196982922,-0.321161111731016,"non_monotonic","True","False","True","True","True","True","True","True","True","True","True",0.652503160409819,"Tier 2 - provisional",-0.0306934471061915,0.825613961518149,FALSE
"SLC10A4",0.602572866496605,4.10742584681191e-08,0.599816560273609,4.89369807511158e-07,0.599414424662228,6.77990743380607e-07,0.606077499924175,3.71823319188016e-07,0.602177591836734,2.96042922937363e-12,0.948979591836735,6,"sex=Female;sex=Male;location=Left;location=Right;age_stratum=age_lower;age_stratum=age_upper",1,0.539160245409742,0.676974977582567,"False",2.09380046564743,2.69637333214403,2.11502784661251,0.602572866496604,-0.581345485531525,"adjacent_specific","True","False","True","True","True","True","True","True","True","True","True",0.652058001915378,"Tier 2 - provisional",0.140578594123366,0.362268278637635,FALSE
"PDK3",-0.570748483705161,1.26798237879686e-09,-0.568695286264066,2.33568399361753e-08,-0.5120261274607,5.12666156833417e-08,-0.561698863948762,2.99115139540501e-08,-0.573395020408164,2.36787202598736e-09,0.897959183673469,6,"sex=Female;sex=Male;location=Left;location=Right;age_stratum=age_lower;age_stratum=age_upper",1,-0.616143597984896,-0.421735619984101,"False",4.97026872916982,4.39952024546466,5.23513289046983,-0.570748483705156,0.835612645005169,"adjacent_specific","True","False","True","True","True","True","True","True","True","True","True",0.65198373179693,"Tier 2 - provisional",-0.535033570478627,2.43580938603834e-05,TRUE
"MAB21L2",1.03816088088746,3.38467627177994e-06,0.935689971453815,0.0001120364846753,0.92649401387256,0.0001591753733596,0.930764339229548,0.000128407269056,1.03921926530612,1.63808706295577e-09,0.897959183673469,6,"sex=Female;sex=Male;location=Left;location=Right;age_stratum=age_lower;age_stratum=age_upper",1,0.832216571039077,1.21148328429902,"False",3.56233177097449,4.60049265186194,3.55859426121828,1.03816088088745,-1.04189839064366,"adjacent_specific","True","False","True","True","True","True","True","True","True","True","True",0.651905170816638,"Tier 2 - provisional",-0.244685949389092,0.389407126307875,FALSE
"SETBP1",0.774698165859798,1.67737813340667e-09,0.70154889731216,3.29754354767191e-07,0.696317105626917,5.42594987853681e-07,0.718237074561729,9.93262077670088e-08,0.773967714285715,6.58392064251762e-14,0.887755102040816,6,"sex=Female;sex=Male;location=Left;location=Right;age_stratum=age_lower;age_stratum=age_upper",1,0.695082542239516,0.800383678386677,"False",4.45699550747716,5.23169367333696,3.6888377924118,0.7746981658598,-1.54285588092517,"adjacent_specific","True","False","True","True","True","True","True","True","True","True","True",0.651802860531055,"Tier 2 - provisional",0.00603377976983124,0.97633309002956,FALSE
"ID1",0.573612573856464,1.0641024282053e-10,0.547239737404398,1.00445293353214e-08,0.552397948600719,1.07286696423636e-08,0.545748946889198,1.23484278929618e-08,0.571207102040816,1.17416754673026e-11,0.887755102040816,6,"sex=Female;sex=Male;location=Left;location=Right;age_stratum=age_lower;age_stratum=age_upper",1,0.417916963241895,0.748764274094786,"False",9.15260550728465,9.72621808114111,9.34838815861255,0.573612573856463,-0.377829922528555,"non_monotonic","True","False","True","True","True","True","True","True","True","True","True",0.651611213024207,"Tier 2 - provisional",0.863547839087984,1.07928792681424e-14,TRUE
"NFIB",0.594052729061829,9.745532566753e-11,0.565978741735677,9.9919456067873e-09,0.594686685610812,1.3847321401569e-09,0.570227337894776,8.208849182391e-09,0.59249857142857,1.75563302454385e-12,0.877551020408163,6,"sex=Female;sex=Male;location=Left;location=Right;age_stratum=age_lower;age_stratum=age_upper",1,0.544227355610799,0.68274178102503,"False",6.56515888381075,7.15921161287258,6.7687582847355,0.59405272906183,-0.390453328137082,"non_monotonic","True","False","True","True","True","True","True","True","True","True","True",0.651508269745135,"Tier 2 - provisional",0.329208225845701,0.00579145551716008,FALSE
"CPE",0.682245259146276,1.44737114541455e-08,0.720035640811376,3.48310228695065e-08,0.688641231970817,1.13020959633507e-07,0.725210783590905,2.98602875012482e-08,0.681380836734696,5.64030106365836e-09,0.826530612244898,6,"sex=Female;sex=Male;location=Left;location=Right;age_stratum=age_lower;age_stratum=age_upper",1,0.544298488373098,0.839034373794843,"False",6.61532942872221,7.29757468786848,6.46140374520004,0.682245259146273,-0.836170942668436,"adjacent_specific","True","False","True","True","True","True","True","True","True","True","True",0.6513500173186,"Tier 2 - provisional",0.0673368776223174,0.677332580517105,FALSE
"LRFN5",0.645147408676035,7.26390859635959e-10,0.604890421555214,7.64461784397556e-08,0.60325667810651,1.15863226161579e-07,0.611271454372391,5.48070516798323e-08,0.64994387755102,1.61747839608146e-14,0.897959183673469,6,"sex=Female;sex=Male;location=Left;location=Right;age_stratum=age_lower;age_stratum=age_upper",1,0.481702210970044,0.820828149022472,"False",2.97270086013843,3.61784826881447,2.94296104964109,0.645147408676034,-0.674887219173377,"adjacent_specific","True","False","True","True","True","True","True","True","True","True","True",0.650890943637153,"Tier 2 - provisional",0.172711380679527,0.210716438359444,FALSE
"TRPS1",0.639780991419014,1.35184820679219e-08,0.600473643313665,7.81332233338267e-07,0.595138297578567,1.28547316741352e-06,0.606654273539301,6.05746429745809e-07,0.640105428571429,6.36196996670507e-13,0.948979591836735,6,"sex=Female;sex=Male;location=Left;location=Right;age_stratum=age_lower;age_stratum=age_upper",1,0.53425799576958,0.735331966908943,"False",2.62402741314435,3.26380840456336,2.98855528443871,0.639780991419013,-0.275253120124649,"non_monotonic","True","False","True","True","True","True","True","True","True","True","True",0.650653518061886,"Tier 2 - provisional",-0.0281996647916526,0.859111301355908,FALSE
"OIP5",-0.859773753507671,2.57695164151655e-08,-0.804632906639001,1.38785958002863e-06,-0.822015737810865,1.05312553925029e-06,-0.805662732642898,1.48572775302684e-06,-0.858069020408164,1.04508736639357e-10,0.857142857142857,6,"sex=Female;sex=Male;location=Left;location=Right;age_stratum=age_lower;age_stratum=age_upper",1,-1.00880945051431,-0.654312748163052,"False",6.65386830087995,5.79409454737228,6.996650953568,-0.859773753507671,1.20255640619572,"adjacent_specific","True","False","True","True","True","True","True","True","True","True","True",0.650334576297683,"Tier 2 - provisional",-0.601946977298455,0.00437104229465542,TRUE
"HOXB8",-0.682089675426848,7.05261114692858e-08,-0.715760853044675,1.82395107210842e-07,-0.62984200077234,3.38181400255461e-07,-0.703351822194218,2.18480149097236e-07,-0.684605142857142,3.89476530350953e-07,0.857142857142857,6,"sex=Female;sex=Male;location=Left;location=Right;age_stratum=age_lower;age_stratum=age_upper",1,-0.78982313341328,-0.583019487616619,"False",5.61001619635336,4.92792652092652,6.7237649722382,-0.682089675426846,1.79583845131168,"adjacent_specific","True","False","True","True","True","True","True","True","True","True","True",0.650281803494292,"Tier 2 - provisional",-0.424798355780911,0.0129453863970586,FALSE
"TBX2",0.512462899653465,3.40276207735363e-10,0.500690438643189,5.44722285785199e-09,0.517001605260149,2.04982074306939e-09,0.507405456104223,2.87863371880201e-09,0.50832506122449,8.98543210313488e-12,0.887755102040816,6,"sex=Female;sex=Male;location=Left;location=Right;age_stratum=age_lower;age_stratum=age_upper",1,0.42206805902175,0.641228036374502,"False",3.52560884076047,4.03807174041394,3.75771635862112,0.512462899653467,-0.280355381792818,"non_monotonic","True","False","True","True","True","True","True","True","True","True","True",0.650184509169074,"Tier 2 - provisional",0.394813228209072,0.000177989386413511,FALSE
"PDGFRL",0.72894512790125,1.32962025434349e-07,0.731193661249421,1.15939264893368e-06,0.708434364108158,2.76675832914305e-06,0.738388506060864,9.24682606902798e-07,0.728623102040816,1.85423218226531e-11,0.887755102040816,6,"sex=Female;sex=Male;location=Left;location=Right;age_stratum=age_lower;age_stratum=age_upper",1,0.645197942525774,0.814956400579459,"False",3.53776335867907,4.26670848658032,3.91713528280996,0.728945127901246,-0.349573203770356,"non_monotonic","True","False","True","True","True","True","True","True","True","True","True",0.650020057934912,"Tier 2 - provisional",0.0160650253071079,0.945816945811757,FALSE
"IMPA2",-0.502047538259837,2.7191198958285e-09,-0.477854674338652,1.56784797806999e-07,-0.485840962743325,1.32181000651125e-07,-0.481271211640116,1.34842902940809e-07,-0.50056587755102,8.41139583226489e-12,0.969387755102041,6,"sex=Female;sex=Male;location=Left;location=Right;age_stratum=age_lower;age_stratum=age_upper",1,-0.615984364989968,-0.406941792586295,"False",8.60908896495002,8.10704142669019,7.27513866612579,-0.502047538259831,-0.831902760564402,"monotonic_down","True","False","False","False","True","True","True","True","True","True","True",0.649792842108354,"Tier 2 - provisional",-0.245415712611439,0.0296519494811007,FALSE
"GCHFR",-0.674294256583248,5.10844206845183e-09,-0.654311387158189,1.35010609539171e-07,-0.654094648617158,1.89823302360708e-07,-0.648279922774238,1.73573779129741e-07,-0.674742979591836,2.91999924477619e-12,0.877551020408163,6,"sex=Female;sex=Male;location=Left;location=Right;age_stratum=age_lower;age_stratum=age_upper",1,-0.717151493847404,-0.60326515411185,"False",6.63565290084442,5.96135864426117,6.44415921293782,-0.674294256583252,0.482800568676649,"non_monotonic","True","False","True","True","True","True","True","True","True","True","True",0.649741188441032,"Tier 2 - provisional",-0.422616182991812,0.00583081945018756,FALSE
"GCNT1",-0.528294307362078,3.02457801624637e-09,-0.53110462960125,2.04403618603028e-08,-0.50151434571351,7.07088108435303e-08,-0.534423835467044,1.80975533541732e-08,-0.529654183673469,3.66266419290543e-09,0.897959183673469,6,"sex=Female;sex=Male;location=Left;location=Right;age_stratum=age_lower;age_stratum=age_upper",1,-0.711419242029633,-0.359476662687434,"False",4.99124981334602,4.46295550598394,4.85149328092659,-0.528294307362073,0.388537774942645,"non_monotonic","True","False","True","True","True","True","True","True","True","True","True",0.649712438496705,"Tier 2 - provisional",-0.259642908009695,0.0231418632690301,FALSE
"VCL",0.938999083661095,6.94582217260611e-07,0.872200240551228,2.1008856086856e-05,0.86065968234515,3.34923043425623e-05,0.881888252528897,1.71398862862365e-05,0.937839367346938,1.59348142878526e-10,0.877551020408163,6,"sex=Female;sex=Male;location=Left;location=Right;age_stratum=age_lower;age_stratum=age_upper",1,0.715650846395043,1.15112700089756,"False",3.59701350808686,4.53601259174795,3.74842146170999,0.938999083661092,-0.787591130037959,"adjacent_specific","True","False","True","True","True","True","True","True","True","True","True",0.649647288625473,"Tier 2 - provisional",-0.255200930689966,0.211474303984405,FALSE
"SORBS2",1.09198659929878,1.09069801152438e-06,0.973291101481165,5.52024540335056e-05,0.943972664182511,0.0001066555506679,0.978944466961696,5.28504042612768e-05,1.09584122448979,4.70954454969895e-10,0.846938775510204,6,"sex=Female;sex=Male;location=Left;location=Right;age_stratum=age_lower;age_stratum=age_upper",1,0.88190402045675,1.25547779640934,"False",3.85395438677243,4.94594098607121,4.20570681983902,1.09198659929878,-0.740234166232188,"adjacent_specific","True","False","True","True","True","True","True","True","True","True","True",0.6494980581445,"Tier 2 - provisional",-0.321153546380018,0.189904614369325,FALSE
"FCER1G",-0.836004002096137,1.35126380616787e-07,-0.849444429893188,8.45480335280206e-07,-0.862838208424238,7.54009555762933e-07,-0.826493209305658,8.42165726858814e-07,-0.832570571428571,4.91811858939716e-09,0.816326530612245,6,"sex=Female;sex=Male;location=Left;location=Right;age_stratum=age_lower;age_stratum=age_upper",1,-1.07180298112813,-0.667154349578387,"False",7.23394857815053,6.3979445760544,6.68749956675151,-0.836004002096134,0.289554990697113,"non_monotonic","True","False","True","True","True","True","True","True","True","True","True",0.649241938573022,"Tier 2 - provisional",-1.39091141876594,4.01025990377651e-20,TRUE
"PDE9A",0.824473026833319,9.33476458703633e-09,0.762098502353149,8.13692105513659e-07,0.75572189933005,1.32007378186933e-06,0.762619896055772,8.86151665496122e-07,0.824559387755102,5.30348440500953e-08,0.857142857142857,6,"sex=Female;sex=Male;location=Left;location=Right;age_stratum=age_lower;age_stratum=age_upper",1,0.398877619010539,1.06002552937387,"False",6.99478632656577,7.81925935339909,4.61049662740796,0.824473026833318,-3.20876272599113,"adjacent_specific","True","False","True","True","True","True","True","True","True","True","True",0.648952729028014,"Tier 2 - provisional",0.909258123124017,2.08955168380644e-06,TRUE
"MUC4",0.501293435677194,2.30197281985864e-08,0.527509597592945,6.27337344120624e-08,0.522921543461077,1.1117001436839e-07,0.527337775777101,7.17271287960267e-08,0.500051142857144,1.03455348047072e-09,0.918367346938776,6,"sex=Female;sex=Male;location=Left;location=Right;age_stratum=age_lower;age_stratum=age_upper",1,0.418024502494651,0.666600481972212,"False",5.47076916493563,5.97206260061282,4.13493828566688,0.501293435677194,-1.83712431494594,"adjacent_specific","True","False","True","True","True","True","True","True","True","True","True",0.648892441240913,"Tier 2 - provisional",0.870471536780938,8.10536268373209e-15,TRUE
"PODN",0.541718381847476,3.56671266877081e-11,0.514910457190682,4.5863446462908e-09,0.520207135728696,4.72451455196359e-09,0.516068939441978,4.89319896602388e-09,0.542069428571429,6.38999408372716e-16,0.86734693877551,6,"sex=Female;sex=Male;location=Left;location=Right;age_stratum=age_lower;age_stratum=age_upper",1,0.520020892620391,0.576428064647695,"False",3.14839073851374,3.69010912036122,3.39312562397874,0.541718381847475,-0.296983496382476,"non_monotonic","True","False","True","True","True","True","True","True","True","True","True",0.648818404715889,"Tier 2 - provisional",0.103876969259018,0.297087359870224,FALSE
"RAB9B",0.883326941051822,1.51302255442477e-06,0.834077617133977,2.94879965374671e-05,0.805727154565083,6.12585287630068e-05,0.842144913227214,2.51348723253518e-05,0.882883836734694,4.86842420293474e-10,0.897959183673469,6,"sex=Female;sex=Male;location=Left;location=Right;age_stratum=age_lower;age_stratum=age_upper",1,0.62124071469972,1.16921226264819,"False",2.63949578866724,3.52282272971906,2.66136693139262,0.883326941051821,-0.86145579832644,"adjacent_specific","True","False","True","True","True","True","True","True","True","True","True",0.648787961270927,"Tier 2 - provisional",-0.221399397641696,0.297580523949186,FALSE
"IGLV1-44",-0.824367187051617,7.80571489700031e-07,-0.870610782945094,1.64866543537355e-06,-0.904314863941688,7.27078472554256e-07,-0.862626658978463,2.0829954828152e-06,-0.0568492653061225,0.15985452674878,0.816326530612245,6,"sex=Female;sex=Male;location=Left;location=Right;age_stratum=age_lower;age_stratum=age_upper",1,-1.21866435007367,-0.614150806472004,"False",5.15620832368145,4.33184113662983,3.56248544412905,-0.824367187051615,-0.769355692500782,"monotonic_down","True","False","True","True","True","True","True","False","True","True","True",0.648682185062426,"Tier 2 - provisional",-0.857342350134458,4.13083407610243e-05,TRUE
"ZMAT1",0.722665495703594,3.3678508293959e-08,0.697157195524768,8.58581376631483e-07,0.732882382708813,2.21354640144665e-07,0.710789851695414,3.95317512253711e-07,0.722161122448981,1.59695623882373e-08,0.887755102040816,6,"sex=Female;sex=Male;location=Left;location=Right;age_stratum=age_lower;age_stratum=age_upper",1,0.6238827706532,0.903224288673284,"False",3.72632971309086,4.44899520879445,3.22429382125293,0.722665495703592,-1.22470138754152,"adjacent_specific","True","False","True","True","True","True","True","True","True","True","True",0.648520660943138,"Tier 2 - provisional",0.754153767320855,2.15337114027552e-05,TRUE
"NKTR",0.539311499680895,9.04921320915208e-09,0.535423554540183,1.37700299845535e-07,0.559774593713377,3.61852232954696e-08,0.540218228515132,1.08641294798232e-07,0.537860244897959,7.8275189958931e-08,0.928571428571429,6,"sex=Female;sex=Male;location=Left;location=Right;age_stratum=age_lower;age_stratum=age_upper",1,0.478739031488685,0.635457106588551,"False",6.13355717516592,6.67286867484682,6.39879486601362,0.539311499680894,-0.274073808833193,"non_monotonic","True","False","True","True","True","True","True","True","True","True","True",0.648476637363474,"Tier 2 - provisional",0.795420710106758,7.05411098287525e-11,TRUE
"MAMDC2",0.773247942776581,8.07566717453709e-09,0.728280208075787,4.67731686328652e-07,0.702985724069311,1.22368231277372e-06,0.733810423379107,4.03471214611316e-07,0.772654408163266,1.37739077033207e-12,0.857142857142857,6,"sex=Female;sex=Male;location=Left;location=Right;age_stratum=age_lower;age_stratum=age_upper",1,0.676888531397062,0.798714050435589,"False",4.35947287920284,5.13272082197942,3.0417243232343,0.773247942776579,-2.09099649874512,"adjacent_specific","True","False","True","True","True","True","True","True","True","True","True",0.648254731654097,"Tier 2 - provisional",-0.00173160387665268,0.992619155321988,FALSE
"WSB1",0.694213949497226,1.69566671774262e-07,0.703014936312023,1.14362974274266e-06,0.750452540073003,1.46535619614708e-07,0.710237978985335,8.94258117991428e-07,0.695297632653062,3.13728350885188e-09,0.887755102040816,6,"sex=Female;sex=Male;location=Left;location=Right;age_stratum=age_lower;age_stratum=age_upper",1,0.496590528954297,0.85440506586828,"False",3.83068717417629,4.52490112367352,3.77108316549419,0.694213949497225,-0.753817958179327,"adjacent_specific","True","False","True","True","True","True","True","True","True","True","True",0.64804975687335,"Tier 2 - provisional",0.759035230809975,2.79088222996672e-05,TRUE
"PDE8B",0.573077761976967,1.20742889986613e-08,0.560038685561399,2.72847743716182e-07,0.548317518717788,5.88142841091426e-07,0.562767972857425,2.6002042438815e-07,0.572774816326531,6.86356260080087e-12,0.918367346938776,6,"sex=Female;sex=Male;location=Left;location=Right;age_stratum=age_lower;age_stratum=age_upper",1,0.498585260909689,0.653451042847025,"False",2.8278313556963,3.40090911767327,2.99473737354936,0.573077761976967,-0.40617174412391,"non_monotonic","True","False","True","True","True","True","True","True","True","True","True",0.646655810197179,"Tier 2 - provisional",0.0659992041439446,0.644477156956463,FALSE
"CHRDL1",0.544863757934433,2.90195325412439e-09,0.504003026482271,3.21281930980768e-07,0.499292023553112,5.4994767205358e-07,0.500972400610018,3.98775241703441e-07,0.542450653061225,7.06129184516625e-14,0.948979591836735,6,"sex=Female;sex=Male;location=Left;location=Right;age_stratum=age_lower;age_stratum=age_upper",1,0.464371037670564,0.650066772109844,"False",2.30793827866008,2.85280203659451,2.36700815363553,0.544863757934432,-0.485793882958985,"non_monotonic","True","False","False","True","True","True","True","True","True","True","True",0.646519541430054,"Tier 2 - provisional",0.055723955292338,0.669434967232472,FALSE
"SGCE",0.83465938454792,1.61374627531501e-07,0.805960514753619,3.18145618205945e-06,0.782584247231292,6.96042656993452e-06,0.820227267526444,1.80689683884548e-06,0.833668795918366,2.73368913130189e-11,0.846938775510204,6,"sex=Female;sex=Male;location=Left;location=Right;age_stratum=age_lower;age_stratum=age_upper",1,0.751810860418636,0.894001565953081,"False",5.66036819356272,6.49502757811064,5.38027942905517,0.834659384547919,-1.11474814905547,"adjacent_specific","True","False","True","True","True","True","True","True","True","True","True",0.646398247940213,"Tier 2 - provisional",-0.172195473567088,0.277468355645087,FALSE
"CC2D2A",0.755567988929613,8.19426458011793e-08,0.712107445465183,2.97837904646746e-06,0.711677401707871,3.95425858540733e-06,0.726899610311977,1.41549190353613e-06,0.753451836734694,4.1959049414076e-11,0.887755102040816,6,"sex=Female;sex=Male;location=Left;location=Right;age_stratum=age_lower;age_stratum=age_upper",1,0.622907019743678,0.919738985969753,"False",4.36835343300604,5.12392142193565,4.82317378696034,0.755567988929613,-0.300747634975308,"non_monotonic","True","False","True","True","True","True","True","True","True","True","True",0.645729975197153,"Tier 2 - provisional",-0.0470461767817303,0.820454158988454,FALSE
"IL20RA",-0.575570924654428,2.82711932082203e-09,-0.578682965860193,3.41428425953202e-08,-0.552247951267821,1.12765171494649e-07,-0.574423421217495,4.44838432533656e-08,-0.575618530612246,2.29895983935036e-11,0.857142857142857,6,"sex=Female;sex=Male;location=Left;location=Right;age_stratum=age_lower;age_stratum=age_upper",1,-0.593288533276406,-0.537701768177294,"False",5.44480816183766,4.86923723718323,5.83190970486003,-0.575570924654427,0.9626724676768,"adjacent_specific","True","False","True","True","True","True","True","True","True","True","True",0.645688479468348,"Tier 2 - provisional",-0.250991249708895,0.0457137355045452,FALSE
"B3GNT7",0.782560078989772,4.36766623887609e-06,0.860425837984404,3.45074123031617e-06,0.713974040524192,3.5378521099235e-06,0.857684135082104,4.00711005525198e-06,0.782064408163265,8.15600203253166e-07,0.816326530612245,6,"sex=Female;sex=Male;location=Left;location=Right;age_stratum=age_lower;age_stratum=age_upper",1,0.393903037736809,1.06734852580153,"False",4.62847543334326,5.41103551233303,3.61089718120747,0.782560078989769,-1.80013833112557,"adjacent_specific","True","False","True","True","True","True","True","True","True","True","True",0.645663404279595,"Tier 2 - provisional",1.00717956481826,1.37653415703814e-05,TRUE
"PCDHB5",0.521956732399341,1.14762405454813e-08,0.514293183873723,2.16664307520006e-07,0.512953357342217,3.20074481079589e-07,0.523284760006766,1.03261432416002e-07,0.523384571428571,7.72980669275464e-13,0.928571428571429,6,"sex=Female;sex=Male;location=Left;location=Right;age_stratum=age_lower;age_stratum=age_upper",1,0.465439274628738,0.578189237156263,"False",2.25020265957547,2.77215939197481,2.54340340942871,0.52195673239934,-0.2287559825461,"non_monotonic","True","False","True","True","True","True","True","True","True","True","True",0.645561235978764,"Tier 2 - provisional",0.0449641824719371,0.733912586010103,FALSE
"ADRB2",0.556601771286355,2.83010887360836e-10,0.539284253151113,1.43863334134654e-08,0.54089497313692,1.90546405423622e-08,0.550800455589126,3.67400938469226e-09,0.558449469387755,2.91976723635064e-12,0.857142857142857,6,"sex=Female;sex=Male;location=Left;location=Right;age_stratum=age_lower;age_stratum=age_upper",1,0.44730766762011,0.645542040752608,"False",4.43201482179672,4.98861659308307,3.59901501534082,0.556601771286352,-1.38960157774225,"adjacent_specific","True","False","True","True","True","True","True","True","True","True","True",0.645555353951462,"Tier 2 - provisional",0.262380222741673,0.0102404012212456,FALSE
"UBE2E2",0.754390720000815,1.09723241479915e-07,0.732139562713737,1.9817467168393e-06,0.732852020915069,2.56057564557262e-06,0.754810095460433,4.12428082837941e-07,0.75367987755102,2.00316900588016e-10,0.86734693877551,6,"sex=Female;sex=Male;location=Left;location=Right;age_stratum=age_lower;age_stratum=age_upper",1,0.581870036650368,0.936506149600299,"False",4.92760342123239,5.6819941412332,5.2604850572641,0.754390720000813,-0.4215090839691,"non_monotonic","True","False","True","True","True","True","True","True","True","True","True",0.645509187537696,"Tier 2 - provisional",-0.00401687362375953,0.985344269199175,FALSE
"DNAJB9",-0.542406269552904,1.89466755372891e-07,-0.594732663482385,1.40232967432438e-07,-0.630374972805008,1.74112599229082e-08,-0.583617566510382,1.63480591638334e-07,-0.543296408163265,2.88573584154967e-07,0.877551020408163,6,"sex=Female;sex=Male;location=Left;location=Right;age_stratum=age_lower;age_stratum=age_upper",1,-0.669887209669501,-0.486833208207215,"False",4.93123257101133,4.38882630145842,4.61718585954365,-0.542406269552904,0.22835955808523,"non_monotonic","True","False","True","True","True","True","True","True","True","True","True",0.64536783513475,"Tier 2 - provisional",-0.904153977240712,6.74874801021307e-12,TRUE
"ARHGAP10",0.62330221401433,2.86626319439766e-09,0.588333381219927,2.00441116256358e-07,0.591115262874258,2.44647593180355e-07,0.597666735414382,1.06225786949627e-07,0.61952530612245,6.88889667479848e-13,0.887755102040816,6,"sex=Female;sex=Male;location=Left;location=Right;age_stratum=age_lower;age_stratum=age_upper",1,0.541512171707547,0.718339741916096,"False",3.56365530606131,4.18695752007564,3.81865484208592,0.623302214014331,-0.368302677989722,"non_monotonic","True","False","True","True","True","True","True","True","True","True","True",0.645260350288235,"Tier 2 - provisional",0.0471649801556768,0.754520268842572,FALSE
"RSAD2",1.15968040202221,0.0001522220745776,1.36537725691253,3.79315170359124e-05,1.42541275378158,1.86229443029978e-05,1.37710248478314,3.35640980908879e-05,1.15596724489796,4.75060759001702e-06,0.612244897959184,6,"sex=Female;sex=Male;location=Left;location=Right;age_stratum=age_lower;age_stratum=age_upper",1,0.891873975133436,1.57625789752364,"False",5.54822945182668,6.70790985384889,3.53172438197977,1.15968040202221,-3.17618547186912,"adjacent_specific","True","True","True","True","True","True","True","True","False","False","True",0.645140502257522,"Tier 2 - provisional",1.77758177855143,1.45210876012057e-05,TRUE
"SEMA3E",0.596713452407251,2.65227397533219e-08,0.559331123476775,1.24074407779978e-06,0.54314141076209,2.85098420355786e-06,0.567226605042885,8.11329669731964e-07,0.591824163265307,1.458130555703e-12,0.938775510204082,6,"sex=Female;sex=Male;location=Left;location=Right;age_stratum=age_lower;age_stratum=age_upper",1,0.447019440201212,0.69003357560235,"False",2.52089650817648,3.11760996058373,2.33785564387862,0.59671345240725,-0.779754316705115,"adjacent_specific","True","False","True","True","True","True","True","True","True","True","True",0.644822423056484,"Tier 2 - provisional",0.0410609474083803,0.804045543492809,FALSE
"NRXN1",0.564622638388781,2.81618143724836e-09,0.512137590774592,4.76408340217031e-07,0.507240151726589,8.04865977291569e-07,0.517869862536252,3.48273267794592e-07,0.558392061224489,1.84715474957582e-13,0.938775510204082,6,"sex=Female;sex=Male;location=Left;location=Right;age_stratum=age_lower;age_stratum=age_upper",1,0.494551544201706,0.6203056038353,"False",2.74420914352139,3.30883178191017,2.38940654732893,0.564622638388781,-0.919425234581241,"adjacent_specific","True","False","True","True","True","True","True","True","True","True","True",0.644420762542837,"Tier 2 - provisional",0.14343063292037,0.270375097524875,FALSE
"IL6ST",0.537662462948645,3.25583511328961e-09,0.559514254020059,1.30103656804562e-08,0.552291854042544,2.65845697855307e-08,0.571395951993812,3.31408010171869e-09,0.535987020408164,1.28772270826441e-09,0.826530612244898,6,"sex=Female;sex=Male;location=Left;location=Right;age_stratum=age_lower;age_stratum=age_upper",1,0.329007639416577,0.6534749175166,"False",5.87508355650063,6.41274601944927,5.55198355298316,0.537662462948642,-0.860762466466112,"adjacent_specific","True","False","True","True","True","True","True","True","True","True","True",0.642939037726525,"Tier 2 - provisional",0.162413468998594,0.146987587377654,FALSE
"TYRP1",0.585587425036328,3.61924550745429e-08,0.605893951815566,1.58636686715482e-07,0.572514255550325,5.2149665931539e-07,0.603130576973287,1.9436791623564e-07,0.58528742857143,2.39946336618465e-10,0.857142857142857,6,"sex=Female;sex=Male;location=Left;location=Right;age_stratum=age_lower;age_stratum=age_upper",1,0.373266485626111,0.742950154719855,"False",2.88721181632186,3.47279924135819,2.95523327409458,0.585587425036329,-0.517565967263604,"adjacent_specific","True","False","True","True","True","True","True","True","True","True","True",0.642867093074227,"Tier 2 - provisional",0.644017235431653,7.14115701386047e-06,TRUE
"P2RY14",0.647998756215652,1.34725231875411e-07,0.671818298555978,4.92527026674311e-07,0.663707407850697,8.77163273426029e-07,0.678563337727874,3.81952042992043e-07,0.649623857142857,2.15151614068133e-09,0.846938775510204,6,"sex=Female;sex=Male;location=Left;location=Right;age_stratum=age_lower;age_stratum=age_upper",1,0.446591954336371,0.79209637392422,"False",5.52218681538308,6.17018557159873,4.17138420917899,0.64799875621565,-1.99880136241974,"adjacent_specific","True","False","True","True","True","True","True","True","True","True","True",0.642603774493034,"Tier 2 - provisional",0.18410730161,0.256719654924896,FALSE
"CXCL13",1.15562050028954,0.0019761298540729,1.25853085373349,0.0020845928971305,1.33156280638747,0.0011917929495884,1.28513661608097,0.0015866002928111,1.15784116326531,0.0012801729124194,0.73469387755102,6,"sex=Female;sex=Male;location=Left;location=Right;age_stratum=age_lower;age_stratum=age_upper",1,0.88722382705128,1.59970555096977,"False",4.66866266031738,5.82428316060691,4.47552670630041,1.15562050028954,-1.3487564543065,"adjacent_specific","True","True","True","True","True","True","True","True","True","False","True",0.642572605962153,"Tier 2 - provisional",1.62126962566263,0.000116680516041258,TRUE
"BHLHE41",0.661111044103532,3.62621638350085e-08,0.667386061017859,3.00056655370506e-07,0.625646048560201,1.00993278445629e-06,0.673435818821271,2.4068877494852e-07,0.663238693877551,9.70199802782674e-10,0.836734693877551,6,"sex=Female;sex=Male;location=Left;location=Right;age_stratum=age_lower;age_stratum=age_upper",1,0.536678476866562,0.842788232064477,"False",3.73200610643743,4.39311715054096,3.30084022441177,0.661111044103529,-1.09227692612919,"adjacent_specific","True","False","True","True","True","True","True","True","True","True","True",0.64236679445503,"Tier 2 - provisional",0.761794622430227,1.57628407509172e-06,TRUE
"GJC1",0.901949487366987,5.91407665209101e-06,0.791902587451074,0.0002373377892088,0.795249380315308,0.0002696352388116,0.799143937051979,0.000212537447207,0.904396979591837,3.14038496405414e-09,0.918367346938776,6,"sex=Female;sex=Male;location=Left;location=Right;age_stratum=age_lower;age_stratum=age_upper",1,0.695308695432392,1.063368124231,"False",2.86291285913087,3.76486234649786,3.53685917648017,0.90194948736699,-0.228003170017689,"non_monotonic","True","False","True","True","True","True","True","True","True","True","True",0.642221470861947,"Tier 2 - provisional",-0.27994408401751,0.238806487272091,FALSE
"MAP2",0.536735316405089,1.0305493666967e-07,0.508378481325992,3.28573353963367e-06,0.501280650471011,5.62921097842223e-06,0.515043519122715,2.34526583451501e-06,0.538734530612246,1.04640523086783e-11,0.959183673469388,6,"sex=Female;sex=Male;location=Left;location=Right;age_stratum=age_lower;age_stratum=age_upper",1,0.444501878693451,0.629965996915907,"False",2.47527665853192,3.012011974937,2.52951166276202,0.536735316405088,-0.482500312174986,"non_monotonic","True","False","True","True","True","True","True","True","True","True","True",0.641077328155247,"Tier 2 - provisional",0.0527596125506937,0.737114328611973,FALSE
"HLX",0.654404779693092,1.78066641538692e-07,0.605070978850081,7.96926834474344e-06,0.608615433163327,9.01061039322265e-06,0.612132101346419,6.18182639397314e-06,0.654246530612244,4.10827685776442e-11,0.928571428571429,6,"sex=Female;sex=Male;location=Left;location=Right;age_stratum=age_lower;age_stratum=age_upper",1,0.522281712692255,0.781348180393587,"False",4.04878429772535,4.70318907741844,4.42414709067967,0.654404779693091,-0.279041986738768,"non_monotonic","True","False","True","True","True","True","True","True","True","True","True",0.640862285065009,"Tier 2 - provisional",-0.0254823194817833,0.900069436589969,FALSE
"ITGA8",0.592716521240925,1.47937998882229e-09,0.546917250884203,2.00891627482187e-07,0.572484073379908,5.1835017169895e-08,0.556500857211204,9.49364421057661e-08,0.592385387755103,1.80541304109659e-11,0.877551020408163,6,"sex=Female;sex=Male;location=Left;location=Right;age_stratum=age_lower;age_stratum=age_upper",1,0.346554131410089,0.732938382484941,"False",5.16296662583636,5.75568314707729,4.58503190915953,0.592716521240924,-1.17065123791776,"adjacent_specific","True","False","True","True","True","True","True","True","True","True","True",0.640837364856279,"Tier 2 - provisional",0.498041999185767,7.13097492448578e-05,FALSE
"FNBP1",0.636909984194241,1.45202748021302e-08,0.59326712753862,9.65924460613145e-07,0.590690114194869,1.43205386133614e-06,0.600924520991485,6.63991887755766e-07,0.637854428571429,1.0883466652507e-11,0.887755102040816,6,"sex=Female;sex=Male;location=Left;location=Right;age_stratum=age_lower;age_stratum=age_upper",1,0.547585305521456,0.699866101322786,"False",5.23621533229101,5.87312531648525,4.69798546385158,0.636909984194241,-1.17513985263367,"adjacent_specific","True","False","True","True","True","True","True","True","True","True","True",0.640734501086631,"Tier 2 - provisional",0.111210426380775,0.442253232518275,FALSE
"RAD51AP1",-0.640655358221081,6.20247230843225e-09,-0.599754729309025,4.38867822050036e-07,-0.626131924705168,1.42098546778419e-07,-0.594165774686459,5.57911183724027e-07,-0.641965469387755,9.20064120815643e-10,0.86734693877551,6,"sex=Female;sex=Male;location=Left;location=Right;age_stratum=age_lower;age_stratum=age_upper",1,-0.722913036323472,-0.467089237287214,"False",5.49019146784163,4.84953610962055,6.30360402868049,-0.640655358221079,1.45406791905994,"adjacent_specific","True","False","True","True","True","True","True","True","True","True","True",0.640729659494423,"Tier 2 - provisional",-0.49035601626768,0.00101026968284125,FALSE
"CLIP1",0.571878297568915,1.81808654050042e-08,0.534259299066827,1.09435851798103e-06,0.514324657865898,2.84176802708061e-06,0.541346950519221,7.43672680570984e-07,0.573690428571428,6.79938516947244e-12,0.918367346938776,6,"sex=Female;sex=Male;location=Left;location=Right;age_stratum=age_lower;age_stratum=age_upper",1,0.478744115354771,0.658271332012657,"False",5.30873990780193,5.88061820537084,5.69272755152402,0.571878297568916,-0.187890653846822,"non_monotonic","True","False","True","True","True","True","True","True","True","True","True",0.640505573620219,"Tier 2 - provisional",0.0410347462985817,0.792215389442309,FALSE
"RAB12",0.56661579403087,8.30923588271045e-08,0.509534558204765,6.81319352918813e-06,0.538890523836287,1.78557171012343e-06,0.513078335680042,6.18182639397314e-06,0.566403020408163,2.86266283621808e-07,0.969387755102041,6,"sex=Female;sex=Male;location=Left;location=Right;age_stratum=age_lower;age_stratum=age_upper",1,0.44751377314236,0.692640679830314,"False",4.19089797139226,4.75751376542313,4.42474679339735,0.566615794030868,-0.332766972025777,"non_monotonic","True","False","True","True","True","True","True","True","True","True","True",0.640355356848657,"Tier 2 - provisional",0.362950050327347,0.0127502043040894,FALSE
"TNFAIP8L3",0.553368294995103,6.33275341324015e-08,0.56538964028561,3.61986868003111e-07,0.51072362611673,1.11303376707424e-06,0.573993983332676,2.09724149677135e-07,0.55085,1.8476910836978e-08,0.877551020408163,6,"sex=Female;sex=Male;location=Left;location=Right;age_stratum=age_lower;age_stratum=age_upper",1,0.471791144937247,0.586064938060388,"False",3.89679785346822,4.45016614846332,3.2525866314183,0.553368294995099,-1.19757951704502,"adjacent_specific","True","False","True","True","True","True","True","True","True","True","True",0.640330171395289,"Tier 2 - provisional",0.298623454384455,0.0309591546957973,FALSE
"KLF10",0.573567528181519,6.29829845212074e-09,0.535433802224653,4.82252617680497e-07,0.514759702671758,1.3219637473457e-06,0.534287650275446,5.61373422875268e-07,0.572680040816328,5.12983365018544e-10,0.897959183673469,6,"sex=Female;sex=Male;location=Left;location=Right;age_stratum=age_lower;age_stratum=age_upper",1,0.472623806048089,0.63448835069725,"False",8.61465168141118,9.18821920959269,8.82773075793978,0.573567528181513,-0.360488451652909,"non_monotonic","True","False","True","True","True","True","True","True","True","True","True",0.640216050728794,"Tier 2 - provisional",0.237419554306592,0.0777712762164331,FALSE
"TCEA2",0.579885418680014,6.52151330732708e-08,0.530219671382388,4.53964683340753e-06,0.526077944559577,6.88402069933344e-06,0.535128662683021,3.79904440151468e-06,0.58366424489796,5.32708840839668e-12,0.948979591836735,6,"sex=Female;sex=Male;location=Left;location=Right;age_stratum=age_lower;age_stratum=age_upper",1,0.462500666358158,0.703250537853469,"False",3.48121980112007,4.06110521980008,3.77359946655874,0.579885418680012,-0.287505753241348,"non_monotonic","True","False","True","True","True","True","True","True","True","True","True",0.640176903448447,"Tier 2 - provisional",-0.0239368581588874,0.886347846811625,FALSE
"PRDM6",0.533989413238346,1.22446936311631e-08,0.496720522971898,8.77054752824775e-07,0.486224262424998,1.81463526480435e-06,0.501765242174261,6.86877679446499e-07,0.53522093877551,5.8587793651607e-13,0.928571428571429,6,"sex=Female;sex=Male;location=Left;location=Right;age_stratum=age_lower;age_stratum=age_upper",1,0.415589965514857,0.676918873012101,"False",2.7872612481944,3.32125066143274,2.88760776006098,0.533989413238345,-0.433642901371765,"non_monotonic","True","False","False","True","True","True","True","True","True","True","True",0.63996862210553,"Tier 2 - provisional",0.0211819733956807,0.887811455743402,FALSE
"MARCO",0.737351360918834,1.94454472771803e-07,0.688597508237734,7.17438650525037e-06,0.687484912033222,9.49492519954398e-06,0.693480683340416,6.49546810354661e-06,0.736084448979592,3.05087273905371e-11,0.877551020408163,6,"sex=Female;sex=Male;location=Left;location=Right;age_stratum=age_lower;age_stratum=age_upper",1,0.542240310244173,0.881391635962101,"False",2.57532671877135,3.31267807969018,3.12853762249373,0.737351360918835,-0.184140457196449,"non_monotonic","True","False","True","True","True","True","True","True","True","True","True",0.639865790863232,"Tier 2 - provisional",0.0801576416121205,0.711251987956111,FALSE
"JAZF1",0.64618108135558,3.17879872312632e-08,0.610422613484579,1.34997902241897e-06,0.608713333995773,1.91259377877854e-06,0.621741501082792,6.87573886850233e-07,0.645699959183673,4.42366341613072e-12,0.877551020408163,6,"sex=Female;sex=Male;location=Left;location=Right;age_stratum=age_lower;age_stratum=age_upper",1,0.541766932761628,0.728515843010016,"False",3.62408587953108,4.27026696088666,3.65759284771624,0.646181081355579,-0.612674113170418,"adjacent_specific","True","False","True","True","True","True","True","True","True","True","True",0.639463710878902,"Tier 2 - provisional",-0.0375390384152842,0.813160785165779,FALSE
"SGCD",0.713445317620919,6.12465565088475e-07,0.661866885237695,1.95957151304835e-05,0.638176875732527,4.29208960592299e-05,0.66765102582187,1.71708454956374e-05,0.709076408163265,1.11855270186753e-10,0.908163265306122,6,"sex=Female;sex=Male;location=Left;location=Right;age_stratum=age_lower;age_stratum=age_upper",1,0.564054535490028,0.83141706978234,"False",2.49270792326274,3.20615324088365,2.95029570549473,0.713445317620918,-0.255857535388924,"non_monotonic","True","False","True","True","True","True","True","True","True","True","True",0.639212664579675,"Tier 2 - provisional",-0.175834814798492,0.272662193138682,FALSE
"MFSD2A",0.724062738761571,2.07295621641367e-07,0.699779042056454,3.51035747161164e-06,0.718325702868524,2.37711100029634e-06,0.707944162219463,2.66507270998333e-06,0.722181469387756,3.20984333547267e-09,0.846938775510204,6,"sex=Female;sex=Male;location=Left;location=Right;age_stratum=age_lower;age_stratum=age_upper",1,0.583393294912423,0.84597564525108,"False",4.1886925568839,4.91275529564547,4.48734881426221,0.724062738761569,-0.425406481383259,"non_monotonic","True","False","True","True","True","True","True","True","True","True","True",0.63850867561693,"Tier 2 - provisional",0.911920340662565,7.91277050335108e-07,TRUE
"ADM",0.629124316199225,2.38363673598564e-08,0.606545163297794,6.79266496161783e-07,0.550896416264062,2.23038441887883e-06,0.600267610730447,8.66936062046029e-07,0.629787020408161,6.36085153750816e-09,0.857142857142857,6,"sex=Female;sex=Male;location=Left;location=Right;age_stratum=age_lower;age_stratum=age_upper",1,0.56078127129926,0.646316545542839,"False",7.93246080626525,8.56158512246448,7.67171877671871,0.629124316199226,-0.88986634574577,"adjacent_specific","True","False","True","True","True","True","True","True","True","True","True",0.638401918440455,"Tier 2 - provisional",0.825032721417223,2.96984886720439e-08,TRUE
"LIMS2",0.934659662886915,7.80821118589725e-06,0.83047603056264,0.0002490261945087,0.83031658825254,0.0003026982825893,0.841107919335454,0.0002068271499688,0.930350040816327,5.36661604956149e-09,0.86734693877551,6,"sex=Female;sex=Male;location=Left;location=Right;age_stratum=age_lower;age_stratum=age_upper",1,0.665376775512536,1.20690624331158,"False",2.92054540744207,3.85520507032899,3.11082879944597,0.934659662886916,-0.744376270883014,"adjacent_specific","True","False","True","True","True","True","True","True","True","True","True",0.637538957494089,"Tier 2 - provisional",-0.358509561610959,0.118871820913329,FALSE
"NQO1",-0.715205902980151,2.56460828395042e-07,-0.675442863559601,7.08867303474875e-06,-0.586931025369004,2.01510682438212e-05,-0.680952520803378,6.20484575573865e-06,-0.713676591836732,9.17328236772066e-08,0.86734693877551,6,"sex=Female;sex=Male;location=Left;location=Right;age_stratum=age_lower;age_stratum=age_upper",1,-0.766402378743813,-0.570526155967396,"False",10.0277453740718,9.31253947109162,9.85999538941855,-0.715205902980143,0.547455918326929,"adjacent_specific","True","False","True","True","True","True","True","True","True","True","True",0.637505731900985,"Tier 2 - provisional",-0.259070592977271,0.185257861182845,FALSE
"TCEAL6",0.586212987727205,4.94349104498491e-08,0.55503596676997,1.83160134162067e-06,0.545671304475675,3.39464502377198e-06,0.563397275546799,1.15952306842984e-06,0.584251469387755,5.47516425862833e-12,0.897959183673469,6,"sex=Female;sex=Male;location=Left;location=Right;age_stratum=age_lower;age_stratum=age_upper",1,0.453146981355075,0.757018965546431,"False",3.57570398165322,4.16191696938042,3.47781989863411,0.586212987727202,-0.68409707074631,"adjacent_specific","True","False","True","True","True","True","True","True","True","True","True",0.637476517058565,"Tier 2 - provisional",-0.0504153578308872,0.72608924596759,FALSE
"AXL",0.644704222114002,1.08771553182868e-07,0.614874514246298,2.97910615595123e-06,0.593467314626925,7.09571277822789e-06,0.627001975615633,1.50502172053759e-06,0.646129489795917,4.04461178374349e-11,0.877551020408163,6,"sex=Female;sex=Male;location=Left;location=Right;age_stratum=age_lower;age_stratum=age_upper",1,0.609087396427564,0.65087408415967,"False",4.45005061901283,5.09475484112684,4.60479829035868,0.644704222114002,-0.489956550768153,"non_monotonic","True","False","True","True","True","True","True","True","True","True","True",0.637326282655051,"Tier 2 - provisional",-0.150835115796845,0.166625234782458,FALSE
"CYS1",0.512405673588904,3.02377233105328e-08,0.500165775727962,6.0181920734401e-07,0.485599646641725,1.43678475828421e-06,0.505797993243194,4.4038521039184e-07,0.510266591836735,3.87948543267013e-12,0.897959183673469,6,"sex=Female;sex=Male;location=Left;location=Right;age_stratum=age_lower;age_stratum=age_upper",1,0.441164466220893,0.574490643645689,"False",3.05078846253365,3.56319413612255,2.99417771668989,0.512405673588901,-0.569016419432661,"adjacent_specific","True","False","False","True","True","True","True","True","True","True","True",0.637009824188646,"Tier 2 - provisional",0.0193426970497459,0.896070029772757,FALSE
"SPON1",0.659566869640625,1.02710030070147e-05,0.710483810154908,1.27976883856999e-05,0.594943790846057,2.62035005542751e-05,0.710112989476516,1.40394413486058e-05,0.663017551020406,1.35325673467835e-05,0.857142857142857,6,"sex=Female;sex=Male;location=Left;location=Right;age_stratum=age_lower;age_stratum=age_upper",1,0.488892456560851,0.923110992508016,"False",5.27883277476547,5.93839964440609,3.9055432220666,0.659566869640623,-2.0328564223395,"adjacent_specific","True","False","True","True","True","True","True","True","True","True","True",0.636718312237112,"Tier 2 - provisional",0.745616011552964,0.000213794638735762,TRUE
"FRMD4A",0.643512262990055,5.1811637605177e-09,0.591691964233935,5.73814428589658e-07,0.581586401760978,1.11642425997169e-06,0.605169515104596,1.99970921243323e-07,0.64216106122449,7.20270022453791e-13,0.846938775510204,6,"sex=Female;sex=Male;location=Left;location=Right;age_stratum=age_lower;age_stratum=age_upper",1,0.544686640295668,0.724642594186669,"False",4.2025881592318,4.84610042222185,4.64821343941594,0.64351226299005,-0.197886982805905,"non_monotonic","True","False","True","True","True","True","True","True","True","True","True",0.636406597772442,"Tier 2 - provisional",-0.0330083638406289,0.821793726055555,FALSE
"RUNX1T1",0.744480829870738,2.59697144419641e-06,0.720939203466512,2.9580908675396e-05,0.716873124338288,4.0994707202964e-05,0.721122266573812,3.13847186000649e-05,0.742385224489796,3.16729627505372e-09,0.86734693877551,6,"sex=Female;sex=Male;location=Left;location=Right;age_stratum=age_lower;age_stratum=age_upper",1,0.595593340077878,0.918081060662892,"False",2.86842000649891,3.61290083636965,3.00970239318407,0.744480829870736,-0.603198443185578,"adjacent_specific","True","False","True","True","True","True","True","True","True","True","True",0.636323709282278,"Tier 2 - provisional",-0.150556043544009,0.454413681192946,FALSE
"PRKAA2",0.761744486667576,2.50223980530348e-07,0.728833075547399,5.44995352571087e-06,0.680762605788239,1.69997074785079e-05,0.741739659064748,3.19274058586257e-06,0.75968187755102,4.89893020810043e-10,0.826530612244898,6,"sex=Female;sex=Male;location=Left;location=Right;age_stratum=age_lower;age_stratum=age_upper",1,0.547081299162341,1.03643796141613,"False",2.95967707150275,3.72142155817032,2.76065547635688,0.761744486667575,-0.960766081813443,"adjacent_specific","True","False","True","True","True","True","True","True","True","True","True",0.63630393001079,"Tier 2 - provisional",-0.0825685828804152,0.679593622805117,FALSE
"GGH",-0.614943462097352,5.41174495148286e-08,-0.576988143671986,2.35210731468103e-06,-0.631419225967753,8.6581202355124e-08,-0.582787608925818,1.89639630068501e-06,-0.612823346938773,1.05548608446697e-10,0.877551020408163,6,"sex=Female;sex=Male;location=Left;location=Right;age_stratum=age_lower;age_stratum=age_upper",1,-0.751295198052505,-0.423822991632271,"False",9.47557616200558,8.86063269990824,10.1497569785764,-0.614943462097347,1.28912427866814,"adjacent_specific","True","False","True","True","True","True","True","True","True","True","True",0.635353176517007,"Tier 2 - provisional",-0.341389869807812,0.0296237370338707,FALSE
"RIMKLB",0.576844094518497,5.94997758539884e-08,0.53954809434474,2.67983484148933e-06,0.526106077502086,5.56319505663882e-06,0.548442516021886,1.60644628049029e-06,0.578146326530613,5.89777895088746e-12,0.897959183673469,6,"sex=Female;sex=Male;location=Left;location=Right;age_stratum=age_lower;age_stratum=age_upper",1,0.48139250185819,0.694136003842331,"False",2.96212019929824,3.53896429381673,3.21504046489122,0.576844094518495,-0.323923828925513,"non_monotonic","True","False","True","True","True","True","True","True","True","True","True",0.635189689911993,"Tier 2 - provisional",-0.0215423770017698,0.898012723335064,FALSE
"LMO3",0.968108855957024,7.89855272463537e-05,0.848924509739443,0.0014798759863263,0.84082122256584,0.0019124453262462,0.859749031135984,0.0012898996576439,0.965141224489796,1.36525712096254e-07,0.877551020408163,6,"sex=Female;sex=Male;location=Left;location=Right;age_stratum=age_lower;age_stratum=age_upper",1,0.664182826255244,1.25514292139008,"False",2.40757421826708,3.3756830742241,2.41843726854807,0.968108855957023,-0.957245805676032,"adjacent_specific","True","False","True","True","True","True","True","True","True","True","True",0.634786001303821,"Tier 2 - provisional",-0.511779008468818,0.0571308308957955,FALSE
"APOBEC3C",0.559443271484185,7.0572263777873e-07,0.574904707408721,2.86641392602779e-06,0.508816645112274,8.65862402045875e-06,0.578070381948647,2.71170907261868e-06,0.558104,1.28545835489808e-06,0.877551020408163,6,"sex=Female;sex=Male;location=Left;location=Right;age_stratum=age_lower;age_stratum=age_upper",1,0.44316443018832,0.732395684670032,"False",4.91345716003213,5.47290043151631,5.12700228073508,0.559443271484184,-0.345898150781236,"non_monotonic","True","False","True","True","True","True","True","True","True","True","True",0.634590918408106,"Tier 2 - provisional",0.406891563671379,0.00777760994089749,FALSE
"CTSC",-0.592237090891263,5.8883830933749e-08,-0.560287487473716,2.05818044135151e-06,-0.563096202875817,2.42571694201402e-06,-0.5466761743422,2.31262115550668e-06,-0.591181918367346,1.62998699404656e-08,0.877551020408163,6,"sex=Female;sex=Male;location=Left;location=Right;age_stratum=age_lower;age_stratum=age_upper",1,-0.761798733605218,-0.418641220592144,"False",8.25722024672894,7.66498315583768,8.04968688905136,-0.592237090891265,0.384703733213682,"non_monotonic","True","False","True","True","True","True","True","True","True","True","True",0.634574370257613,"Tier 2 - provisional",-0.848155336048266,5.59811074267814e-13,TRUE
"ST8SIA1",0.637861833622324,1.36489946682642e-07,0.614453558523825,2.87744517852651e-06,0.605008608249116,5.1022108527864e-06,0.626967321285123,1.39683045023109e-06,0.64156212244898,6.74634869150133e-11,0.857142857142857,6,"sex=Female;sex=Male;location=Left;location=Right;age_stratum=age_lower;age_stratum=age_upper",1,0.502834444173808,0.789961202972304,"False",2.87274782426472,3.51060965788704,2.77924180215713,0.637861833622324,-0.731367855729915,"adjacent_specific","True","False","True","True","True","True","True","True","True","True","True",0.634488469071084,"Tier 2 - provisional",0.144054163559345,0.38854338859086,FALSE
"SLC24A3",0.818873790520604,9.50193896433597e-07,0.776754860969679,1.85618233819073e-05,0.738947898953716,4.69386819962488e-05,0.785989269608909,1.47744666622423e-05,0.81662224489796,4.9430502402287e-10,0.816326530612245,6,"sex=Female;sex=Male;location=Left;location=Right;age_stratum=age_lower;age_stratum=age_upper",1,0.703934402125107,0.876769064193813,"False",3.44426673226031,4.26314052278092,4.093996449332,0.818873790520605,-0.169144073448912,"non_monotonic","True","False","True","True","True","True","True","True","True","True","True",0.634467561328236,"Tier 2 - provisional",-0.240364968230112,0.155668911208257,FALSE
"APOC2",-0.60246936238556,9.74107469475594e-09,-0.580126975858402,3.33013340818522e-07,-0.580771724990826,4.4631144940962e-07,-0.588611822464803,1.99219402056004e-07,-0.586339755102042,2.79748316121321e-07,0.826530612244898,6,"sex=Female;sex=Male;location=Left;location=Right;age_stratum=age_lower;age_stratum=age_upper",1,-0.834366285260754,-0.381564389336233,"False",3.7662686367488,3.16379927436324,4.98839157632185,-0.60246936238556,1.82459230195861,"adjacent_specific","True","False","True","True","True","True","True","True","True","True","True",0.634353002652812,"Tier 2 - provisional",-0.423260406626953,0.00125054104138893,FALSE
"PYCARD",-0.501140831213258,7.82853890383296e-08,-0.489751613971,1.159317969396e-06,-0.465385190172854,3.41964629622536e-06,-0.492496151087425,1.0891789427291e-06,-0.501517224489795,2.22757172492599e-09,0.897959183673469,6,"sex=Female;sex=Male;location=Left;location=Right;age_stratum=age_lower;age_stratum=age_upper",1,-0.617963350019469,-0.414844236558507,"False",8.71347834230763,8.21233751109438,8.11842272874049,-0.501140831213254,-0.0939147823538846,"field_shift_then_plateau","True","False","False","False","True","True","True","True","True","True","True",0.634232123183645,"Tier 2 - provisional",-0.108822636822952,0.411267202388557,FALSE
"PLIN2",-0.747923697485736,1.91438185058595e-07,-0.68254152134631,1.04775599879814e-05,-0.62545818167698,3.4552656704568e-05,-0.670961198499829,1.3142109333891e-05,-0.747604102040815,7.83260237144754e-07,0.846938775510204,6,"sex=Female;sex=Male;location=Left;location=Right;age_stratum=age_lower;age_stratum=age_upper",1,-0.930470132384998,-0.4643168632748,"False",7.60107526246819,6.85315156498245,7.21349641468965,-0.747923697485737,0.360344849707198,"non_monotonic","True","False","True","True","True","True","True","True","True","True","True",0.633885218340389,"Tier 2 - provisional",-0.615881360703849,0.00185352025927515,TRUE
"PRIM1",-0.541248959224365,8.49153852373667e-09,-0.516248698926579,3.69405362211569e-07,-0.548615763225636,4.78364327477321e-08,-0.504439742844505,3.98880894857859e-07,-0.540664653061224,1.22232876597304e-10,0.857142857142857,6,"sex=Female;sex=Male;location=Left;location=Right;age_stratum=age_lower;age_stratum=age_upper",1,-0.653068790099463,-0.429708180013343,"False",5.98058104798816,5.43933208876379,6.7745370007198,-0.541248959224365,1.335204911956,"adjacent_specific","True","False","True","True","True","True","True","True","True","True","True",0.63384172097746,"Tier 2 - provisional",-0.658003467424416,1.80087113453426e-08,TRUE
"TACR2",1.12666521011204,5.35482455644782e-05,0.985228083943699,0.001163998422557,0.96971974668303,0.0016216570800406,0.998269727092773,0.0009974936966033,1.12350869387755,8.40244955476985e-08,0.795918367346939,6,"sex=Female;sex=Male;location=Left;location=Right;age_stratum=age_lower;age_stratum=age_upper",1,0.753421693099702,1.48842697031058,"False",2.5941318098111,3.72079701992314,2.84241144237603,1.12666521011204,-0.878385577547109,"adjacent_specific","True","False","True","True","True","True","True","True","True","False","True",0.633604969961532,"Tier 2 - provisional",-0.553468685289277,0.0736682855564092,FALSE
"SCRG1",1.08602517771697,8.88734997375984e-05,0.953615356231999,0.001588827211886,0.949667020888656,0.0019379079205631,0.966679942053395,0.0013657132016707,1.08750546938775,1.60780426218032e-07,0.816326530612245,6,"sex=Female;sex=Male;location=Left;location=Right;age_stratum=age_lower;age_stratum=age_upper",1,0.767309112940498,1.39214635912939,"False",2.34353444679255,3.42955962450952,2.36549355689343,1.08602517771698,-1.06406606761609,"adjacent_specific","True","False","True","True","True","True","True","True","True","True","True",0.633297196465548,"Tier 2 - provisional",-0.584373813639978,0.0543398531737693,FALSE
"MUC1",0.67956717715044,2.79062254311814e-06,0.657496553209734,3.19127259227289e-05,0.637857003839404,6.2720464851399e-05,0.652199549831966,3.79741286584248e-05,0.675400081632652,3.83759787950622e-07,0.877551020408163,6,"sex=Female;sex=Male;location=Left;location=Right;age_stratum=age_lower;age_stratum=age_upper",1,0.483325305798593,0.833699986531355,"False",7.54473652876739,8.22430370591783,7.00992645710764,0.679567177150436,-1.21437724881019,"adjacent_specific","True","False","True","True","True","True","True","True","True","True","True",0.633014443127829,"Tier 2 - provisional",1.13675245772319,7.29043544992072e-10,TRUE
"SAMD9",0.655782530662024,1.47240547558778e-05,0.735744711922921,7.75048456460422e-06,0.753574725741891,5.68754872708893e-06,0.736110842873762,8.34248007354747e-06,0.653964530612244,7.23477137979206e-07,0.806122448979592,6,"sex=Female;sex=Male;location=Left;location=Right;age_stratum=age_lower;age_stratum=age_upper",1,0.517744408639235,0.921785608277961,"False",8.42868757110246,9.08447010176448,6.89215951476243,0.655782530662018,-2.19231058700205,"adjacent_specific","True","False","True","True","True","True","True","True","True","True","True",0.632789766022382,"Tier 2 - provisional",1.24426958484053,8.00982539528334e-11,TRUE
"SLC16A4",0.506073046834249,3.2606738073262e-08,0.441034133059131,6.34398828836123e-06,0.433964819120084,1.09456830199774e-05,0.443251331132815,6.09641600736791e-06,0.50286475510204,1.45422492577197e-11,0.948979591836735,6,"sex=Female;sex=Male;location=Left;location=Right;age_stratum=age_lower;age_stratum=age_upper",1,0.367746946185466,0.606254596029923,"False",2.5951538562769,3.10122690311115,3.7749415454398,0.50607304683425,0.673714642328644,"monotonic_up","True","False","False","False","True","True","True","True","True","True","True",0.632768362819763,"Tier 2 - provisional",-0.0395894557056253,0.760792819270371,FALSE
"POLD4",-0.501455227753808,1.40787524123955e-08,-0.474824761814686,6.61281826364202e-07,-0.460149235046766,1.61387612282293e-06,-0.480295245292932,4.79968276511149e-07,-0.500685632653061,1.070931691241e-11,0.877551020408163,6,"sex=Female;sex=Male;location=Left;location=Right;age_stratum=age_lower;age_stratum=age_upper",1,-0.577818742156735,-0.403241007318556,"False",9.62224234926378,9.12078712150997,7.94149536972634,-0.501455227753809,-1.17929175178363,"monotonic_down","True","False","False","False","True","True","True","True","True","True","True",0.631992010277948,"Tier 2 - provisional",-0.088561269220485,0.479953399693751,FALSE
"HHEX",0.618905294169818,2.89201014756796e-07,0.607704290034164,3.0848683390046e-06,0.611205450210316,3.54292198067733e-06,0.622144582661828,1.2147593080618e-06,0.619821306122448,1.0570964319672e-07,0.836734693877551,6,"sex=Female;sex=Male;location=Left;location=Right;age_stratum=age_lower;age_stratum=age_upper",1,0.566026707829842,0.691438405143626,"False",4.26545103617867,4.88435633034849,3.91661662529475,0.618905294169817,-0.967739705053739,"adjacent_specific","True","False","True","True","True","True","True","True","True","True","True",0.630875001033211,"Tier 2 - provisional",0.269896346609255,0.0421642356713147,FALSE
"GOLT1A",-0.908841883726529,1.03497468412564e-06,-0.786969194216046,8.25758935987049e-05,-0.68484850535927,0.0002777401296268,-0.78141203672627,9.69533026013725e-05,-0.909130408163264,1.89323343830017e-07,0.816326530612245,6,"sex=Female;sex=Male;location=Left;location=Right;age_stratum=age_lower;age_stratum=age_upper",1,-1.12948144084193,-0.636322986386565,"False",5.24374625021894,4.33490436649241,5.70430972454395,-0.908841883726525,1.36940535805154,"adjacent_specific","True","False","True","True","True","True","True","True","True","True","True",0.630566923373424,"Tier 2 - provisional",-0.317834840578768,0.250976125514143,FALSE
"CLIC4",0.574005049761244,1.48543624876582e-07,0.582173446107361,7.98887354188309e-07,0.525896254099765,2.56681170678856e-06,0.589468350548406,5.54658991968454e-07,0.571583836734694,8.62883803082695e-09,0.816326530612245,6,"sex=Female;sex=Male;location=Left;location=Right;age_stratum=age_lower;age_stratum=age_upper",1,0.378443645113597,0.791222730109699,"False",5.69373679647883,6.26774184624007,6.03555709403876,0.574005049761244,-0.232184752201306,"non_monotonic","True","False","True","True","True","True","True","True","True","True","True",0.630326996619104,"Tier 2 - provisional",0.0174795669167788,0.920420422924,FALSE
"CD14",0.566453663322486,1.09069801152438e-06,0.590590308692633,3.10424242542063e-06,0.518058802357491,8.72916011643937e-06,0.599948388037901,1.94117094181619e-06,0.566003224489794,2.49639361715733e-06,0.836734693877551,6,"sex=Female;sex=Male;location=Left;location=Right;age_stratum=age_lower;age_stratum=age_upper",1,0.390624014092722,0.650546916641,"False",6.8666644635539,7.43311812687638,6.45454795769172,0.566453663322482,-0.978570169184665,"adjacent_specific","True","False","True","True","True","True","True","True","True","True","True",0.629633152388529,"Tier 2 - provisional",0.22454132328051,0.154096343078828,FALSE
"GIMAP2",-0.523229870557807,8.19604573498823e-07,-0.548077113190145,2.01627444864877e-06,-0.524111515500757,5.42919796116122e-06,-0.54026428196377,2.54875368833762e-06,-0.522853591836736,1.19511791822255e-07,0.846938775510204,6,"sex=Female;sex=Male;location=Left;location=Right;age_stratum=age_lower;age_stratum=age_upper",1,-0.576950811124348,-0.445389696376624,"False",7.54500009796163,7.02177022740382,7.40115171322974,-0.52322987055781,0.37938148582592,"non_monotonic","True","False","True","True","True","True","True","True","True","True","True",0.629392835682653,"Tier 2 - provisional",-0.530306317971154,2.10075874107085e-06,TRUE
"HSD3B2",-1.13943334660842,0.0027449434853972,-1.0423715994415,0.0119160815941128,-0.828190168892616,0.0351782137066762,-1.0390194979607,0.0124194487446942,-1.13514028571428,0.0037515677328901,0.785714285714286,6,"sex=Female;sex=Male;location=Left;location=Right;age_stratum=age_lower;age_stratum=age_upper",0.833333333333333,-1.78508317153617,0.0116538324585571,"True",5.96239751066495,4.82296416405653,2.62732951445472,-1.13943334660842,-2.19563464960181,"monotonic_down","True","False","True","True","True","True","True","True","True","False","False",0.629013344574013,"Tier 2 - provisional",-0.644321481869299,0.284528347949216,FALSE
"MAGEE1",0.567966955952454,1.87325656000284e-07,0.511307926615866,1.27675654393889e-05,0.503317323802119,2.14975641932908e-05,0.522412497130497,6.53673760730497e-06,0.566557877551021,2.12722545188551e-10,0.897959183673469,6,"sex=Female;sex=Male;location=Left;location=Right;age_stratum=age_lower;age_stratum=age_upper",1,0.423960218304961,0.701676230342004,"False",3.08768315465411,3.65565011060656,3.44259910015763,0.567966955952455,-0.213051010448928,"non_monotonic","True","False","True","True","True","True","True","True","True","True","True",0.628329677479604,"Tier 2 - provisional",0.0428113789819411,0.808711515657615,FALSE
"PHLDB2",0.600634037733919,1.77377905523663e-06,0.549433516014903,5.55175274855087e-05,0.54137590777576,8.6948086909583e-05,0.554642304570032,4.86492812280267e-05,0.599357,5.27476501533543e-10,0.908163265306122,6,"sex=Female;sex=Male;location=Left;location=Right;age_stratum=age_lower;age_stratum=age_upper",1,0.447660124036614,0.762848300431161,"False",2.48644836565964,3.08708240339356,2.73588014222771,0.600634037733918,-0.351202261165851,"non_monotonic","True","False","True","True","True","True","True","True","True","True","True",0.627951216785876,"Tier 2 - provisional",-0.152617728940967,0.30761064820999,FALSE
"CDH2",0.567995604762925,5.15584135785067e-07,0.5144076634021,2.57132769863963e-05,0.519313169958402,2.71493822482159e-05,0.52367161689669,1.64454813935067e-05,0.570430265306122,1.10191840427625e-10,0.908163265306122,6,"sex=Female;sex=Male;location=Left;location=Right;age_stratum=age_lower;age_stratum=age_upper",1,0.415434915345038,0.724103853993223,"False",3.11271242416337,3.68070802892629,3.45135717341667,0.567995604762924,-0.229350855509618,"non_monotonic","True","False","True","True","True","True","True","True","True","True","True",0.627837032228755,"Tier 2 - provisional",-0.057471418064482,0.728220837206093,FALSE
"OLFM4",-1.04036218928952,0.0031669467739603,-1.06672194933895,0.0053520150907466,-0.916301149836323,0.0143869086260219,-1.07638044857391,0.0050233533755679,-1.03873210204082,0.0016809738430261,0.744897959183674,6,"sex=Female;sex=Male;location=Left;location=Right;age_stratum=age_lower;age_stratum=age_upper",1,-1.63436319320303,-0.630351230771581,"False",9.30123085100766,8.26086866171814,9.07723641067625,-1.04036218928952,0.816367748958102,"adjacent_specific","True","True","True","True","True","True","True","True","True","False","True",0.627404723912487,"Tier 2 - provisional",-0.677235145476072,0.214696905372451,FALSE
"CCL19",0.853378350860267,0.0097556375829233,1.08886750255206,0.0022092761549201,1.1444091560064,0.0014026187465686,1.11977130774089,0.0014660356050689,0.852467387755103,0.0095793642157224,0.714285714285714,6,"sex=Female;sex=Male;location=Left;location=Right;age_stratum=age_lower;age_stratum=age_upper",1,0.683347619951779,1.256444839252,"False",5.55568738893152,6.40906573979179,4.29960088150824,0.853378350860265,-2.10946485828355,"adjacent_specific","True","True","True","True","True","True","True","True","True","False","True",0.627358137900459,"Tier 2 - provisional",1.23737219250912,0.000855496671185697,TRUE
"CRIP2",0.508960129279406,1.80800942028416e-08,0.507075757158061,2.39975637001831e-07,0.49661148946706,5.18416746187669e-07,0.51278409059219,1.71703073746596e-07,0.508900653061224,4.47927322010894e-11,0.806122448979592,6,"sex=Female;sex=Male;location=Left;location=Right;age_stratum=age_lower;age_stratum=age_upper",1,0.405499209170435,0.585338491534239,"False",5.04340792739711,5.55236805667652,5.32283616938216,0.508960129279408,-0.229531887294356,"non_monotonic","True","False","False","True","True","True","True","True","True","True","True",0.6272359957001,"Tier 2 - provisional",-0.0012441677947308,0.991989228499262,FALSE
"SLC22A5",-0.530405070549572,5.59116124944095e-09,-0.472325629455535,1.15774995462456e-06,-0.448849146744231,3.41431411083658e-06,-0.465497515913196,1.46360500580312e-06,-0.530821530612244,9.89310931424956e-11,0.857142857142857,6,"sex=Female;sex=Male;location=Left;location=Right;age_stratum=age_lower;age_stratum=age_upper",1,-0.593046825146737,-0.407146350959962,"False",5.52690314243323,4.99649807188366,3.89392065617091,-0.530405070549572,-1.10257741571275,"monotonic_down","True","False","False","False","True","True","True","True","True","True","True",0.627160704748341,"Tier 2 - provisional",-0.0970543823040273,0.452698111191214,FALSE
"ASPM",-0.699641484013491,5.68117574450014e-07,-0.68734405064139,6.36949494508956e-06,-0.687712634621981,8.0748823949013e-06,-0.683495825787342,7.59980370542843e-06,-0.699137142857142,5.22360783120269e-09,0.785714285714286,6,"sex=Female;sex=Male;location=Left;location=Right;age_stratum=age_lower;age_stratum=age_upper",1,-0.833679852544598,-0.472123139188527,"False",5.79476039805162,5.09511891403813,6.71053144538358,-0.699641484013488,1.61541253134545,"adjacent_specific","True","False","True","True","True","True","True","True","True","False","True",0.627025865881517,"Tier 2 - provisional",-0.390904760955065,0.0487203961989397,FALSE
"REG3A",-0.928337032440374,0.0027510211951934,-0.990502239587389,0.0029643038379196,-0.837690634193483,0.0088942370390577,-0.985036185299651,0.0032030593680009,-0.931712775510205,0.0086575594001619,0.76530612244898,6,"sex=Female;sex=Male;location=Left;location=Right;age_stratum=age_lower;age_stratum=age_upper",1,-2.01283921883547,-0.0818781883866926,"False",3.77718701345158,2.8488499810112,5.1313359998434,-0.928337032440373,2.2824860188322,"adjacent_specific","True","False","True","True","True","True","True","True","True","False","True",0.626708729489661,"Tier 2 - provisional",-0.884636700053632,0.0456691497405782,TRUE
"ENPP2",0.537970486693414,4.29819545835123e-07,0.55883868097231,9.61556610678979e-07,0.572622172646777,6.58857764159735e-07,0.566734523317564,6.19363638148194e-07,0.538178979591836,3.85383468703537e-08,0.806122448979592,6,"sex=Female;sex=Male;location=Left;location=Right;age_stratum=age_lower;age_stratum=age_upper",1,0.42578658078135,0.684698809616251,"False",6.69746029109245,7.23543077778586,6.05106962935884,0.537970486693411,-1.18436114842702,"adjacent_specific","True","False","True","True","True","True","True","True","True","True","True",0.626627578080976,"Tier 2 - provisional",0.212276716567383,0.0613438331351275,FALSE
"SCNN1G",0.625126825568469,1.12158961755951e-05,0.663477745329918,1.87680046863393e-05,0.63867612422853,4.20303742204089e-05,0.670043285222785,1.5887535550472e-05,0.625988020408164,2.11705579783137e-08,0.816326530612245,6,"sex=Female;sex=Male;location=Left;location=Right;age_stratum=age_lower;age_stratum=age_upper",1,0.501677511526136,0.725835349326686,"False",2.50199615269277,3.12712297826124,2.27863945343116,0.625126825568469,-0.848483524830076,"adjacent_specific","True","False","True","True","True","True","True","True","True","True","True",0.6263420711595,"Tier 2 - provisional",0.809834339892209,3.01820848008587e-05,TRUE
"DPEP1",-0.51807706027206,1.44139970222302e-05,-0.536359738792318,3.19435799208581e-05,-0.474036931764286,0.0001068367321426,-0.535357686384114,3.52161651771368e-05,-0.51697006122449,0.000105024977751,0.887755102040816,6,"sex=Female;sex=Male;location=Left;location=Right;age_stratum=age_lower;age_stratum=age_upper",1,-0.803432329723385,-0.289166089453485,"False",3.54482698497367,3.02674992470161,7.42789611844724,-0.518077060272056,4.40114619374563,"adjacent_specific","True","False","False","True","True","True","True","True","True","True","True",0.625816541734104,"Tier 2 - provisional",-0.390753840378203,0.0201963789187038,FALSE
"FGF2",0.566625585782075,2.93143854867698e-06,0.496135220181066,0.0001509520845919,0.485356485448273,0.0002471951342274,0.503169130095632,0.0001190952202026,0.569016775510204,1.89457391555991e-09,0.938775510204082,6,"sex=Female;sex=Male;location=Left;location=Right;age_stratum=age_lower;age_stratum=age_upper",1,0.395013340413294,0.743075376446209,"False",2.61733947144799,3.18396505723006,2.71481642334617,0.566625585782075,-0.469148633883888,"non_monotonic","True","False","False","True","True","True","True","True","True","True","True",0.625414452078909,"Tier 2 - provisional",-0.163577564655234,0.253594096794287,FALSE
"SLC16A14",0.530957941511377,1.03428113214654e-07,0.496635571327149,4.17073289438249e-06,0.442587215349416,1.34966371808006e-05,0.506212877254843,2.22535786158276e-06,0.531662306122449,1.38468083721781e-08,0.857142857142857,6,"sex=Female;sex=Male;location=Left;location=Right;age_stratum=age_lower;age_stratum=age_upper",1,0.330788722721259,0.655769447235777,"False",3.82971339222708,4.36067133373845,3.93782102951086,0.530957941511375,-0.422850304227596,"non_monotonic","True","False","False","True","True","True","True","True","True","True","True",0.624921431991773,"Tier 2 - provisional",0.471110006094376,0.000423747385275984,FALSE
"ADAM28",-0.511283184699829,5.46820138604905e-08,-0.498040119151784,1.07231687272089e-06,-0.480576359204228,2.70493091944888e-06,-0.498901542741386,1.13536270632894e-06,-0.510313510204081,2.80815321215685e-08,0.826530612244898,6,"sex=Female;sex=Male;location=Left;location=Right;age_stratum=age_lower;age_stratum=age_upper",1,-0.704642128698699,-0.369113028484336,"False",4.61493524030424,4.10365205560441,3.47746586730176,-0.511283184699828,-0.626186188302646,"monotonic_down","True","False","False","False","True","True","True","True","True","True","True",0.624862073548748,"Tier 2 - provisional",-0.415821068219195,0.000100382218336101,FALSE
"ADAMTS8",0.657832238527182,3.96118875734863e-05,0.602531072474925,0.0005559898886086,0.588327715112431,0.0008746204679126,0.598629588737936,0.0006228439546975,0.65831175510204,5.08541758643987e-08,0.908163265306122,6,"sex=Female;sex=Male;location=Left;location=Right;age_stratum=age_lower;age_stratum=age_upper",1,0.536519491582799,0.766697664276138,"False",2.3120354200104,2.96986765853758,2.50617046740123,0.65783223852718,-0.46369719113635,"non_monotonic","True","False","True","True","True","True","True","True","True","True","True",0.624596493838726,"Tier 2 - provisional",-0.206557541151982,0.317257713220628,FALSE
"FYN",0.596578387821208,1.0306850876826e-07,0.563490491867383,3.38828598357014e-06,0.591997891266719,1.05052641384817e-06,0.580023983484029,8.96876370455933e-07,0.599145632653061,1.15264276007895e-08,0.816326530612245,6,"sex=Female;sex=Male;location=Left;location=Right;age_stratum=age_lower;age_stratum=age_upper",1,0.563871924171769,0.685460910328351,"False",5.57700976417567,6.17358815199687,5.67698350733108,0.596578387821206,-0.496604644665793,"non_monotonic","True","False","True","True","True","True","True","True","True","True","True",0.624510396226363,"Tier 2 - provisional",0.177453489104005,0.0972354354675577,FALSE
"CALHM2",0.540933928221333,4.11572723244133e-08,0.510495559952973,1.68940617144179e-06,0.502683870016447,3.05452614902814e-06,0.525768964308556,3.75924711332315e-07,0.541197102040816,1.63333973755579e-10,0.826530612244898,6,"sex=Female;sex=Male;location=Left;location=Right;age_stratum=age_lower;age_stratum=age_upper",1,0.428654907843899,0.607086622277928,"False",4.31858473593122,4.85951866415255,4.46739322150539,0.540933928221334,-0.392125442647162,"non_monotonic","True","False","True","True","True","True","True","True","True","True","True",0.624341669772071,"Tier 2 - provisional",-0.026488316888255,0.829379952320639,FALSE
"SYNGR3",0.545179072932509,7.29444566697739e-07,0.474550284306749,5.90832298954116e-05,0.46836860397374,9.02410887684779e-05,0.478819412189912,5.23741077545015e-05,0.54374424489796,2.81440660172104e-09,0.918367346938776,6,"sex=Female;sex=Male;location=Left;location=Right;age_stratum=age_lower;age_stratum=age_upper",1,0.437004172183429,0.590379572693374,"False",2.5625211305138,3.10770020344631,3.0101129680653,0.545179072932508,-0.0975872353810016,"field_shift_then_plateau","True","False","False","False","True","True","True","True","True","True","True",0.623867039664521,"Tier 2 - provisional",-0.00867816347434022,0.965161282592018,FALSE
"BNC2",0.68408108392121,4.52846180715777e-06,0.614238638522164,0.000146718456462,0.613272859535423,0.0001827600864963,0.622258816368338,0.0001191875945782,0.68900612244898,1.68183581274903e-09,0.86734693877551,6,"sex=Female;sex=Male;location=Left;location=Right;age_stratum=age_lower;age_stratum=age_upper",1,0.515640480192589,0.861521475120275,"False",2.8156470478633,3.49972813178451,2.96694838624941,0.68408108392121,-0.532779745535099,"adjacent_specific","True","False","True","True","True","True","True","True","True","True","True",0.623734574366692,"Tier 2 - provisional",-0.20781691135268,0.236396537655089,FALSE
"STX3",-0.541488515494711,2.10682520295777e-06,-0.487630427010559,7.95656649978797e-05,-0.484187583008748,0.0001099725726148,-0.488794845390931,8.14419827351277e-05,-0.541892346938775,1.27198201838808e-08,0.908163265306122,6,"sex=Female;sex=Male;location=Left;location=Right;age_stratum=age_lower;age_stratum=age_upper",1,-0.579006519062205,-0.4805540629498,"False",6.79830422777518,6.25681571228047,5.70749825260117,-0.541488515494712,-0.549317459679299,"monotonic_down","True","False","False","False","True","True","True","True","True","True","True",0.622420313423789,"Tier 2 - provisional",-0.05500342573614,0.770980011746751,FALSE
"IL3RA",0.540802299466472,1.3149611632455e-05,0.562588670646751,2.01163423689968e-05,0.525504956175463,5.84351165795769e-05,0.546225119739935,2.25317622956435e-05,0.54096706122449,6.01878625073498e-06,0.836734693877551,6,"sex=Female;sex=Male;location=Left;location=Right;age_stratum=age_lower;age_stratum=age_upper",1,0.391700881115193,0.603893482914519,"False",4.56844695459607,5.10924925406254,4.40428371423297,0.540802299466469,-0.704965539829576,"adjacent_specific","True","False","True","True","True","True","True","True","True","True","True",0.621835939753967,"Tier 2 - provisional",0.780947029748315,1.40472856902361e-06,TRUE
"CLDN8",0.895590995260216,0.0228448601529586,1.1652876882778,0.0060588653628474,0.848420485908269,0.0201141092488376,1.15656561920937,0.0065747561061079,0.899673367346941,0.0184155173801197,0.653061224489796,6,"sex=Female;sex=Male;location=Left;location=Right;age_stratum=age_lower;age_stratum=age_upper",1,0.242997827003886,1.79814853168811,"False",6.6464123595451,7.54200335480532,3.06336121890299,0.895590995260218,-4.47864213590233,"adjacent_specific","True","True","True","True","True","True","True","True","False","False","True",0.620940786218932,"Tier 2 - provisional",1.48188556863109,0.00647809690068145,TRUE
"TUSC3",0.65813768017985,0.0001305644767195,0.744571501065905,6.95214598848837e-05,0.625751217864758,0.0002075820194479,0.757362998196084,4.88131311157126e-05,0.659275877551021,0.0001345064874132,0.76530612244898,6,"sex=Female;sex=Male;location=Left;location=Right;age_stratum=age_lower;age_stratum=age_upper",1,0.395219742497113,0.860838162742202,"False",4.35468905776532,5.01282673794517,4.40675909398536,0.658137680179847,-0.606067643959813,"adjacent_specific","True","False","True","True","True","True","True","True","True","False","True",0.620783704116636,"Tier 2 - provisional",-0.0325376358141109,0.913883142747384,FALSE
"DNM3",0.529414413006404,2.67914659452897e-06,0.480314045753427,8.46865953904392e-05,0.504043053654542,3.96882584716888e-05,0.493058953311806,4.22355071214781e-05,0.528694857142858,6.38332271055846e-08,0.897959183673469,6,"sex=Female;sex=Male;location=Left;location=Right;age_stratum=age_lower;age_stratum=age_upper",1,0.483403020224952,0.601396390025971,"False",3.26765831467005,3.79707272767645,4.04527931786593,0.529414413006403,0.248206590189473,"monotonic_up","True","False","True","False","True","True","True","True","True","True","True",0.620246496124951,"Tier 2 - provisional",0.114664109558042,0.520915126844515,FALSE
"ST6GAL2",0.611437578545124,0.0001003732975239,0.649171503391341,0.0001586946349673,0.524009031621358,0.0004074874288072,0.650896300816235,0.0001609784251892,0.611676265306122,4.69014818389424e-05,0.826530612244898,6,"sex=Female;sex=Male;location=Left;location=Right;age_stratum=age_lower;age_stratum=age_upper",1,0.254208630696318,0.863054393320546,"False",2.71355774437211,3.32499532291724,3.04283217092902,0.611437578545124,-0.282163151988216,"non_monotonic","True","False","True","True","True","True","True","True","True","True","True",0.620155464529429,"Tier 2 - provisional",0.336860989475619,0.15122802474538,FALSE
"DHRS11",-0.521483597063618,3.74238914881439e-06,-0.476510605645518,9.6154220792558e-05,-0.44823241877838,0.0002411986813338,-0.480108677660211,8.85865654489099e-05,-0.52219081632653,6.45300735569109e-09,0.897959183673469,6,"sex=Female;sex=Male;location=Left;location=Right;age_stratum=age_lower;age_stratum=age_upper",1,-0.645521086882251,-0.37957405164544,"False",9.09314864696496,8.57166504990134,5.93898217261397,-0.521483597063616,-2.63268287728738,"monotonic_down","True","False","False","False","True","True","True","True","True","True","True",0.619580866979357,"Tier 2 - provisional",0.0912291472716604,0.555199054538277,FALSE
"SVIL",0.772110501930354,3.77283803370228e-06,0.700484489410534,0.0001090666931608,0.688766908402559,0.0001706150358373,0.710080080719868,8.63105790620333e-05,0.774427591836735,2.07333523419872e-09,0.785714285714286,6,"sex=Female;sex=Male;location=Left;location=Right;age_stratum=age_lower;age_stratum=age_upper",1,0.561185057119522,0.989788959164962,"False",5.99427013136614,6.76638063329649,5.91486763020395,0.772110501930351,-0.851513003092544,"adjacent_specific","True","False","True","True","True","True","True","True","True","False","True",0.619153131875814,"Tier 2 - provisional",-0.168937610015257,0.437461906512771,FALSE
"SPINK1",-0.698777251754345,1.1439144952323e-05,-0.611914478399597,0.0003908532650578,-0.665492964196392,9.39162664354805e-05,-0.613366591164621,0.0003957212073249,-0.698620734693877,6.54141943934645e-08,0.857142857142857,6,"sex=Female;sex=Male;location=Left;location=Right;age_stratum=age_lower;age_stratum=age_upper",1,-0.885104133990243,-0.628159153143979,"False",11.0992181469423,10.400440895188,10.9821669153879,-0.69877725175434,0.581726020199946,"adjacent_specific","True","False","True","True","True","True","True","True","True","True","True",0.619071344161383,"Tier 2 - provisional",-0.285682491654711,0.23860533388721,FALSE
"CRYM",-0.503550349018981,2.84446020326998e-07,-0.45405115044255,1.76591746125449e-05,-0.503162908281748,6.94638448714966e-07,-0.448167195949628,2.19507307325147e-05,-0.502774612244899,5.34832843882616e-09,0.86734693877551,6,"sex=Female;sex=Male;location=Left;location=Right;age_stratum=age_lower;age_stratum=age_upper",1,-0.700170690682572,-0.417474591087111,"False",7.10004448298258,6.59649413396361,6.00063353203595,-0.503550349018976,-0.595860601927653,"monotonic_down","True","False","True","False","True","True","True","True","True","True","True",0.618860570564898,"Tier 2 - provisional",-0.316934898012001,0.0206175964719904,FALSE
"HSPB6",0.606468090780903,2.15920306091383e-05,0.549014288497325,0.0004121039393733,0.541133847380072,0.0005917307540501,0.541106424192333,0.0004915838360931,0.606943346938775,2.55645935831081e-08,0.887755102040816,6,"sex=Female;sex=Male;location=Left;location=Right;age_stratum=age_lower;age_stratum=age_upper",1,0.451548730246428,0.768550707740868,"False",2.60766689234687,3.21413498312777,2.50589711973104,0.606468090780901,-0.70823786339673,"adjacent_specific","True","False","True","True","True","True","True","True","True","True","True",0.618787415426776,"Tier 2 - provisional",-0.214091680337826,0.211001814740095,FALSE
"FKBP1B",-0.50127910062622,3.89319889349623e-06,-0.509000639579447,1.57658014982023e-05,-0.492407924681554,3.36486850826377e-05,-0.509441133491399,1.67354605123626e-05,-0.496043714285714,2.58440326073586e-06,0.836734693877551,6,"sex=Female;sex=Male;location=Left;location=Right;age_stratum=age_lower;age_stratum=age_upper",1,-0.565501421709985,-0.370695241398635,"False",6.16619191267508,5.66491281204886,4.13448961780896,-0.50127910062622,-1.5304231942399,"monotonic_down","True","False","False","True","True","True","True","False","True","True","True",0.618764172993836,"Tier 2 - provisional",-0.24196313571079,0.121687694816099,FALSE
"LYZ",-0.749019168635638,8.11238369171337e-05,-0.731320378113877,0.0004403137319283,-0.77135484204407,0.0002209621318887,-0.719150237798541,0.0005302595538849,-0.747677183673467,6.11061773550599e-05,0.795918367346939,6,"sex=Female;sex=Male;location=Left;location=Right;age_stratum=age_lower;age_stratum=age_upper",1,-0.963835029853922,-0.609161096964014,"False",9.20521237787046,8.45619320923482,9.27617582605908,-0.749019168635639,0.819982616824262,"adjacent_specific","True","False","True","True","True","True","True","True","True","False","True",0.61848434927285,"Tier 2 - provisional",-0.992287805416017,2.54945789632129e-06,TRUE
"ARG2",-0.565295951980495,0.0001871641024609,-0.639750649664164,9.9022076101787e-05,-0.575463792762907,0.0003171078224029,-0.63663752941466,0.0001129702139781,-0.568708591836734,0.0007450046457571,0.806122448979592,6,"sex=Female;sex=Male;location=Left;location=Right;age_stratum=age_lower;age_stratum=age_upper",1,-0.901995812065229,-0.32110894629272,"False",4.49875707074207,3.93346111876158,4.87907648200496,-0.565295951980492,0.945615363243385,"adjacent_specific","True","False","True","True","True","True","True","True","True","True","True",0.618030167490734,"Tier 2 - provisional",-0.738252846783845,0.00035658172082773,TRUE
"HKDC1",-0.563366872303166,3.87992553505921e-05,-0.639960532600851,1.56230926333925e-05,-0.557276895471495,4.86643251646222e-05,-0.632556763024898,1.9375635465625e-05,-0.562242857142857,1.44027322858217e-05,0.76530612244898,6,"sex=Female;sex=Male;location=Left;location=Right;age_stratum=age_lower;age_stratum=age_upper",1,-0.801509370842147,-0.266567861759849,"False",6.0458189014574,5.48245202915423,6.01027495322955,-0.563366872303168,0.527822924075322,"adjacent_specific","True","False","True","True","True","True","True","True","True","False","True",0.617942576908363,"Tier 2 - provisional",-0.227778686896361,0.257609682485929,FALSE
"PEPD",-0.532510042883462,4.47056729095417e-06,-0.573364938415509,5.50676099200341e-06,-0.52194420420717,1.86256287995508e-05,-0.570895893566919,6.47253138751191e-06,-0.533327510204082,4.71295804833171e-05,0.775510204081633,6,"sex=Female;sex=Male;location=Left;location=Right;age_stratum=age_lower;age_stratum=age_upper",1,-0.666795161265735,-0.353590159937855,"False",7.84031237549224,7.30780233260878,7.56571814844947,-0.532510042883461,0.257915815840696,"non_monotonic","True","False","True","True","True","True","True","True","True","False","True",0.617878265988764,"Tier 2 - provisional",-0.793220269801155,2.92641958732031e-07,TRUE
"RYR3",0.645924073156474,3.9028078431138e-05,0.620522261213702,0.0002998182281701,0.603311636130095,0.0005108481824254,0.628744519102709,0.0002480113697609,0.644809510204082,6.15788608841864e-08,0.836734693877551,6,"sex=Female;sex=Male;location=Left;location=Right;age_stratum=age_lower;age_stratum=age_upper",1,0.48547206797021,0.843420607455948,"False",2.2777838511333,2.92370792428977,2.17849665375843,0.645924073156473,-0.745211270531345,"adjacent_specific","True","False","True","True","True","True","True","True","True","True","True",0.617593274688542,"Tier 2 - provisional",-0.230075725638416,0.223001501061949,FALSE
"CSRP1",0.845735481320282,2.82166063122771e-05,0.737174604868504,0.0007672951939871,0.700987911130536,0.0015061161302685,0.74948463325162,0.0006088927798627,0.847127224489797,4.71880359436245e-08,0.795918367346939,6,"sex=Female;sex=Male;location=Left;location=Right;age_stratum=age_lower;age_stratum=age_upper",1,0.674649403538848,0.928840635055872,"False",7.95921460833198,8.80495008965226,7.76204025310581,0.845735481320279,-1.04290983654644,"adjacent_specific","True","False","True","True","True","True","True","True","True","False","True",0.617179649411798,"Tier 2 - provisional",-0.521264792620648,0.00516839021744814,FALSE
"SCN9A",0.514243327741477,2.78422775132848e-07,0.4968573053564,4.9190393765223e-06,0.467637991887926,1.46415461954061e-05,0.502322018137928,3.85560585988266e-06,0.515451489795919,1.76081875555674e-07,0.806122448979592,6,"sex=Female;sex=Male;location=Left;location=Right;age_stratum=age_lower;age_stratum=age_upper",1,0.421455043343522,0.643232593894942,"False",3.48143184215494,3.99567516989642,2.40721703157924,0.514243327741473,-1.58845813831718,"adjacent_specific","True","False","False","True","True","True","True","True","True","True","True",0.617136726672068,"Tier 2 - provisional",0.293065701894724,0.0375987731724712,FALSE
"SMPX",1.29997266093121,0.0002308967195693,1.07557130187606,0.0050807412778174,1.05433314690576,0.0068198721975803,1.08567598211155,0.0047379463335909,1.29813979591837,7.63802042718499e-07,0.663265306122449,6,"sex=Female;sex=Male;location=Left;location=Right;age_stratum=age_lower;age_stratum=age_upper",1,0.81504830913304,1.74734184162385,"False",2.01715841743442,3.31713107836563,2.74774439767741,1.29997266093121,-0.569386680688227,"adjacent_specific","True","True","True","True","True","True","True","True","False","False","True",0.61653637186384,"Tier 2 - provisional",-0.848306641602481,0.0264299449837482,FALSE
"PLLP",0.863164512003635,0.0007613255686586,0.90854679276637,0.0011681283727406,0.713203936235596,0.0037177173593623,0.899682416397406,0.0013304458600698,0.862789795918367,0.0006205917595432,0.714285714285714,6,"sex=Female;sex=Male;location=Left;location=Right;age_stratum=age_lower;age_stratum=age_upper",1,0.326539891567277,0.972671381218562,"False",5.03594860073563,5.89911311273926,5.04743005501322,0.863164512003633,-0.851683057726042,"adjacent_specific","True","False","True","True","True","True","True","True","True","False","True",0.616454940290811,"Tier 2 - provisional",0.879828224546496,0.0158631858989314,TRUE
"STMN2",0.700306305252682,1.34560169275989e-05,0.669258333555236,0.0001385422788373,0.646623531081821,0.0002630951913404,0.683956506223616,8.56544839017526e-05,0.699736102040816,4.45822010391436e-07,0.785714285714286,6,"sex=Female;sex=Male;location=Left;location=Right;age_stratum=age_lower;age_stratum=age_upper",1,0.585566037845378,0.770973848343326,"False",5.97521149770718,6.67551780295986,3.64310494262706,0.700306305252676,-3.0324128603328,"adjacent_specific","True","False","True","True","True","True","True","True","True","False","True",0.616180619449347,"Tier 2 - provisional",-0.235390185107921,0.180242725088469,FALSE
"FAM83F",-0.513534441817249,4.70082581708352e-06,-0.486027610147539,6.78274650118844e-05,-0.480689623463046,0.0001001212928307,-0.489827979749276,6.20380855926042e-05,-0.512871142857142,1.21638079263005e-08,0.857142857142857,6,"sex=Female;sex=Male;location=Left;location=Right;age_stratum=age_lower;age_stratum=age_upper",1,-0.529426232259387,-0.447119578856578,"False",5.99719439820031,5.48365995638306,5.15042414337264,-0.513534441817248,-0.333235813010416,"monotonic_down","True","False","False","False","True","True","True","True","True","True","True",0.615512340416533,"Tier 2 - provisional",0.0121897957345157,0.952340416176288,FALSE
"PLIN1",0.925643911645228,2.75213464470473e-05,0.890763647831527,0.0001911133785848,0.912183937847578,0.0001577937503715,0.903998949662992,0.0001498955446822,0.924146122448979,1.01564871951596e-07,0.673469387755102,6,"sex=Female;sex=Male;location=Left;location=Right;age_stratum=age_lower;age_stratum=age_upper",1,0.62297909596694,1.12331266272196,"False",2.73273790089014,3.65838181253537,2.64958079102028,0.925643911645229,-1.00880102151509,"adjacent_specific","True","False","True","True","True","True","True","True","False","False","True",0.614969522451508,"Tier 2 - provisional",0.34294299621905,0.310944738550417,FALSE
"GBP1",0.565499990069515,3.44018478232777e-05,0.56848830285251,0.0001381916130295,0.636209812938652,8.53525288125147e-06,0.56937059467879,0.0001429007512614,0.561850734693877,2.72398754484321e-05,0.826530612244898,6,"sex=Female;sex=Male;location=Left;location=Right;age_stratum=age_lower;age_stratum=age_upper",1,0.414660066446309,0.872038211128477,"False",7.24266698243137,7.80816697250088,7.57613416270893,0.565499990069513,-0.23203280979195,"non_monotonic","True","False","True","True","True","True","True","True","True","True","True",0.614821525623565,"Tier 2 - provisional",0.822205169528295,2.558659652395e-06,TRUE
"PDZRN3",0.765023435088561,6.0430159181746e-05,0.695897299027937,0.0008194736291223,0.649998297930959,0.0018250596766353,0.708423228537318,0.0006330306444839,0.764760775510205,1.8507703065154e-07,0.795918367346939,6,"sex=Female;sex=Male;location=Left;location=Right;age_stratum=age_lower;age_stratum=age_upper",1,0.65337536948523,0.85476214645217,"False",5.3454296129481,6.11045304803666,5.27602112870543,0.765023435088559,-0.834431919331228,"adjacent_specific","True","False","True","True","True","True","True","True","True","False","True",0.614027181105699,"Tier 2 - provisional",-0.522534418296542,0.00179456403988679,FALSE
"PLCD1",-0.515220169358,8.04653683858735e-07,-0.486988030367694,1.49514114544142e-05,-0.474443281635305,2.91736478679068e-05,-0.493016094922043,1.15776468164453e-05,-0.516644081632654,9.31136448161349e-09,0.806122448979592,6,"sex=Female;sex=Male;location=Left;location=Right;age_stratum=age_lower;age_stratum=age_upper",1,-0.653418993255535,-0.218773986915314,"False",7.95713375294236,7.44191358358436,5.11855609159487,-0.515220169358,-2.32335749198949,"monotonic_down","True","False","False","False","True","True","True","True","True","True","True",0.612983193500557,"Tier 2 - provisional",-0.0943381877487853,0.550241588724996,FALSE
"AGPAT2",-0.531584606781899,1.67937448452019e-06,-0.473746197260167,7.62924566331386e-05,-0.4333952115881,0.0002328089632134,-0.474612841451388,7.8943486130027e-05,-0.530200959183673,1.43118891280384e-08,0.846938775510204,6,"sex=Female;sex=Male;location=Left;location=Right;age_stratum=age_lower;age_stratum=age_upper",1,-0.698752898132125,-0.327266186191638,"False",8.32140623002664,7.78982162324475,7.33494594017385,-0.531584606781898,-0.454875683070897,"monotonic_down","True","False","False","False","True","True","True","True","True","True","True",0.612812542023655,"Tier 2 - provisional",-0.0433282751285813,0.81896959160115,FALSE
"ROR2",0.60687053118716,1.69545198511283e-05,0.553680016906721,0.000311144212319,0.537484191629634,0.000537669582479,0.548742706243492,0.000360848410044,0.604286938775511,3.02716313249832e-08,0.836734693877551,6,"sex=Female;sex=Male;location=Left;location=Right;age_stratum=age_lower;age_stratum=age_upper",1,0.453201103996455,0.775154588008676,"False",2.88130113257627,3.48817166376343,3.31795698331794,0.60687053118716,-0.170214680445493,"non_monotonic","True","False","True","True","True","True","True","True","True","True","True",0.61270380228326,"Tier 2 - provisional",-0.20307754182836,0.233230488364905,FALSE
"RTP4",0.592908701725529,0.000104557598763,0.669991846564612,5.43702249238198e-05,0.70626940716307,2.14971294848361e-05,0.674650211110921,5.07466735168873e-05,0.592530612244897,1.3531067261886e-06,0.73469387755102,6,"sex=Female;sex=Male;location=Left;location=Right;age_stratum=age_lower;age_stratum=age_upper",1,0.370668952515231,0.908209664042355,"False",4.78382707635832,5.37673577808385,4.39455900876134,0.592908701725528,-0.98217676932251,"adjacent_specific","True","False","True","True","True","True","True","True","True","False","True",0.611845963478794,"Tier 2 - provisional",0.94377866018224,4.0276480434687e-06,TRUE
"GSTA1",-0.547254297264212,1.75808058621378e-05,-0.498489002696945,0.0003062656552616,-0.504469564816047,0.0003120802123387,-0.49886505974662,0.0003191854659932,-0.546535367346939,0.0001241571717808,0.857142857142857,6,"sex=Female;sex=Male;location=Left;location=Right;age_stratum=age_lower;age_stratum=age_upper",1,-0.628963988952744,-0.390661792017493,"False",4.24594132166728,3.69868702440307,3.113917573278,-0.547254297264212,-0.584769451125068,"monotonic_down","True","False","True","False","True","True","True","True","True","True","True",0.61172606337304,"Tier 2 - provisional",-0.301470406486785,0.108282290687355,FALSE
"OCLN",-0.588095914774079,8.67406943301281e-07,-0.483617174435825,0.0001447219567413,-0.484925732970305,0.0001689920141307,-0.490181963451986,0.0001159014464294,-0.588913102040816,2.86036762190282e-09,0.846938775510204,6,"sex=Female;sex=Male;location=Left;location=Right;age_stratum=age_lower;age_stratum=age_upper",1,-0.64321224748823,-0.426893147893241,"False",7.19723142793007,6.60913551315599,6.12114596322304,-0.588095914774079,-0.487989549932954,"monotonic_down","True","False","False","False","True","True","True","True","True","True","True",0.611531520205058,"Tier 2 - provisional",0.082924776324279,0.615044887509081,FALSE
"COX16",-0.596829506971936,2.13369975545496e-28,-0.561239652350303,7.2648535160722e-24,-0.561921940879999,1.74064389628522e-23,-0.558709242080271,1.10492141618127e-23,-0.440720367346937,2.1420224735178e-21,1,6,"sex=Female;sex=Male;location=Left;location=Right;age_stratum=age_lower;age_stratum=age_upper",1,-0.692819581049902,-0.496792048211436,"False",9.13730832833128,8.54047882135934,8.74480531807892,-0.596829506971932,0.204326496719579,"non_monotonic","True","False","True","True","True","True","True","False","True","True","True",0.611517118025022,"Tier 2 - provisional",-0.569977343825246,7.09513471762989e-18,TRUE
"CAB39L",0.508391681168932,2.46155109050218e-05,0.483409361723278,0.000238815674086,0.45643009994056,0.0005418078437583,0.495685655981663,0.0001386420785899,0.510556612244898,3.75469742375715e-07,0.857142857142857,6,"sex=Female;sex=Male;location=Left;location=Right;age_stratum=age_lower;age_stratum=age_upper",1,0.363769345452267,0.698067963025419,"False",3.6399575866366,4.14834926780553,4.82780306073237,0.508391681168932,0.679453792926833,"monotonic_up","True","False","False","False","True","True","True","True","True","True","True",0.611420628091678,"Tier 2 - provisional",-0.173943080482149,0.227373221761551,FALSE
"NPTX1",0.658014937207243,3.70638522330822e-05,0.58168823568161,0.0007879076866985,0.586435144128366,0.0008481617884712,0.591185890366127,0.0006297719055492,0.658529387755102,4.64724684744281e-08,0.826530612244898,6,"sex=Female;sex=Male;location=Left;location=Right;age_stratum=age_lower;age_stratum=age_upper",1,0.434115969572721,0.877970265291353,"False",2.52572813721013,3.18374307441737,2.48556287864948,0.658014937207241,-0.698180195767898,"adjacent_specific","True","False","True","True","True","True","True","True","True","True","True",0.610364423316487,"Tier 2 - provisional",-0.17985280355044,0.408463971991422,FALSE
"TMEM54",-0.517545322109981,2.54205877416333e-05,-0.487692949247451,0.0002568344297801,-0.459996656350593,0.0005848914586393,-0.488670402243716,0.000261460323968,-0.51632324489796,2.19681460422233e-07,0.846938775510204,6,"sex=Female;sex=Male;location=Left;location=Right;age_stratum=age_lower;age_stratum=age_upper",1,-0.643378168333266,-0.398653542714095,"False",9.60520707508956,9.08766175297958,7.37539600686223,-0.517545322109976,-1.71226574611736,"monotonic_down","True","False","False","False","True","True","True","True","True","True","True",0.610043226859299,"Tier 2 - provisional",0.0376429433497206,0.859094002146109,FALSE
"KLF5",-0.502530580478342,0.0004596779343677,-0.455561788271726,0.0037323042166722,-0.454544547786681,0.0043723802276994,-0.461800598531908,0.0032825485067302,-0.502670285714286,3.03261561926376e-05,0.918367346938776,6,"sex=Female;sex=Male;location=Left;location=Right;age_stratum=age_lower;age_stratum=age_upper",1,-0.729916588604349,-0.327330196180959,"False",9.50196407456959,8.99943349409124,8.75547990146758,-0.502530580478346,-0.243953592623662,"monotonic_down","True","False","False","False","True","True","True","True","True","True","True",0.60964991275738,"Tier 2 - provisional",0.105954601466344,0.6439680175171,FALSE
"DNAJC22",-0.507752113900591,4.5106901063057e-05,-0.451871447976513,0.0008476277603228,-0.467911262570191,0.0006280643952521,-0.456170701825127,0.0007704957981064,-0.507705714285716,1.82464990314913e-06,0.887755102040816,6,"sex=Female;sex=Male;location=Left;location=Right;age_stratum=age_lower;age_stratum=age_upper",1,-0.547118440297114,-0.464944006919984,"False",7.02384733351201,6.51609521961142,5.97527902646841,-0.507752113900594,-0.540816193143003,"monotonic_down","True","False","False","False","True","True","True","True","True","True","True",0.609611509635017,"Tier 2 - provisional",-0.0466063098653423,0.836413925045099,FALSE
"BHMT2",0.614447538905348,1.51366739646833e-05,0.562229392919207,0.0002749060931733,0.56535535514861,0.0003077641723156,0.567161342407269,0.0002491752313883,0.617282897959183,1.14779186254796e-08,0.806122448979592,6,"sex=Female;sex=Male;location=Left;location=Right;age_stratum=age_lower;age_stratum=age_upper",1,0.392640154581926,0.867399169537497,"False",2.50903898563126,3.12348652453661,2.57751467852081,0.614447538905346,-0.545971846015803,"adjacent_specific","True","False","True","True","True","True","True","True","True","True","True",0.609325418163475,"Tier 2 - provisional",-0.218863102260076,0.184561114672953,FALSE
"SLC40A1",-0.508019482785167,4.03850574966934e-06,-0.494025034663121,3.91024037700365e-05,-0.536202047942771,5.38898048362262e-06,-0.494075980446799,4.17470381745715e-05,-0.507385591836734,5.16303074551871e-07,0.795918367346939,6,"sex=Female;sex=Male;location=Left;location=Right;age_stratum=age_lower;age_stratum=age_upper",1,-0.691327115184167,-0.405930071875199,"False",9.4643280452118,8.95630856242663,8.91194368373551,-0.508019482785175,-0.0443648786911143,"field_shift_then_plateau","True","False","True","False","True","True","True","True","True","False","True",0.609045815983272,"Tier 2 - provisional",-0.33308322395278,0.0308837009524791,FALSE
"BCL6",0.50738444568108,2.13573482147417e-06,0.450465807373882,9.69740845778015e-05,0.463828317082446,7.01111598635973e-05,0.45476585608992,8.52210596094815e-05,0.510048612244897,3.41767087200272e-09,0.836734693877551,6,"sex=Female;sex=Male;location=Left;location=Right;age_stratum=age_lower;age_stratum=age_upper",1,0.346337713745086,0.596120395945507,"False",3.46776939009682,3.9751538357779,3.85652133062153,0.50738444568108,-0.118632505156368,"field_shift_then_plateau","True","False","False","False","True","True","True","True","True","True","True",0.60894783044771,"Tier 2 - provisional",0.00568089222483575,0.976717433098931,FALSE
"MUC17",0.513899119761973,0.0055662811596544,0.723106025580111,0.0002120294932233,0.656498349587624,0.0006230231951891,0.706905350391194,0.0002590191782322,0.508735632653062,0.0031510693091271,0.714285714285714,6,"sex=Female;sex=Male;location=Left;location=Right;age_stratum=age_lower;age_stratum=age_upper",1,0.120732228667879,0.847667667919491,"False",4.74302334742832,5.25692246719029,5.09842448646529,0.51389911976197,-0.158497980725008,"non_monotonic","True","False","True","True","True","True","True","True","True","False","True",0.608502701901318,"Tier 2 - provisional",0.937348291791364,4.26585988942536e-05,TRUE
"RBP2",-0.696527175156094,3.76245260310088e-06,-0.606269351033904,0.0001542843587707,-0.651292064421182,4.18831385640054e-05,-0.610275927933987,0.0001454677548885,-0.69520718367347,6.07638929602876e-05,0.76530612244898,6,"sex=Female;sex=Male;location=Left;location=Right;age_stratum=age_lower;age_stratum=age_upper",1,-0.827609277617004,-0.5345643335778,"False",3.9485128595898,3.25198568443371,3.94211200915411,-0.696527175156093,0.690126324720401,"adjacent_specific","True","False","True","True","True","True","True","True","True","False","True",0.608432100424739,"Tier 2 - provisional",-0.534037676201283,0.00860141700004267,TRUE
"IRF7",0.63844831545292,2.11727382199705e-05,0.680231659421016,3.30000330722859e-05,0.721122789636578,1.00910738578226e-05,0.688211880126617,2.65003544214359e-05,0.63892293877551,1.36322240955931e-07,0.693877551020408,6,"sex=Female;sex=Male;location=Left;location=Right;age_stratum=age_lower;age_stratum=age_upper",1,0.488917819713522,0.865473447633739,"False",6.25781312925292,6.89626144470584,6.02334086231444,0.638448315452917,-0.872920582391399,"adjacent_specific","True","False","True","True","True","True","True","True","False","False","True",0.608295380282106,"Tier 2 - provisional",1.08099863155517,3.9595688143336e-08,TRUE
"FHOD3",0.562453467347762,1.06893881919218e-06,0.489142821102545,7.98221441487969e-05,0.488821001259561,9.997828087214e-05,0.496294950695932,6.10008278066493e-05,0.561956244897959,6.3357391480272e-10,0.806122448979592,6,"sex=Female;sex=Male;location=Left;location=Right;age_stratum=age_lower;age_stratum=age_upper",1,0.442788511588489,0.663722422051038,"False",3.06282748072682,3.62528094807458,3.50697376921119,0.562453467347759,-0.118307178863386,"field_shift_then_plateau","True","False","False","False","True","True","True","True","True","True","True",0.607941098579837,"Tier 2 - provisional",-0.096714272081487,0.534088108048528,FALSE
"EDN1",-0.524977855278119,1.64620267181752e-05,-0.489767706051385,0.0002262089752848,-0.47020192700405,0.0004434073063099,-0.491940644075423,0.0002215734374189,-0.524783061224491,5.37331349138055e-07,0.826530612244898,6,"sex=Female;sex=Male;location=Left;location=Right;age_stratum=age_lower;age_stratum=age_upper",1,-0.631816999923843,-0.314838595768784,"False",7.86526355332186,7.34028569804374,6.70843771759819,-0.524977855278111,-0.631847980445558,"monotonic_down","True","False","False","False","True","True","True","True","True","True","True",0.607669853378536,"Tier 2 - provisional",-0.0613079844582719,0.768381450005821,FALSE
"MAPK13",-0.507010710571187,1.05930703714096e-05,-0.455077663674477,0.0002679792899603,-0.449388768836389,0.0003819531837349,-0.45800554287136,0.0002536459641188,-0.506995918367346,2.43233506896236e-08,0.846938775510204,6,"sex=Female;sex=Male;location=Left;location=Right;age_stratum=age_lower;age_stratum=age_upper",1,-0.638101853134377,-0.367943419178274,"False",6.62545893280514,6.11844822223396,6.07726331812248,-0.507010710571183,-0.041184904111482,"field_shift_then_plateau","True","False","False","False","True","True","True","True","True","True","True",0.607581792249096,"Tier 2 - provisional",0.122234398055858,0.416803369453007,FALSE
"KCTD9",-0.53298540584226,1.36791271970531e-05,-0.495269306654343,0.0001959468504055,-0.504179053403573,0.0001794697227447,-0.489971743176285,0.0002319303777719,-0.532538775510204,8.51552023419338e-06,0.806122448979592,6,"sex=Female;sex=Male;location=Left;location=Right;age_stratum=age_lower;age_stratum=age_upper",1,-0.636466510186811,-0.460590138687435,"False",5.29191960035244,4.75893419451018,3.41664207794622,-0.532985405842259,-1.34229211656395,"monotonic_down","True","False","True","False","True","True","True","True","True","True","True",0.605592883992802,"Tier 2 - provisional",-0.482587496541156,0.00347101453737675,FALSE
"FCN1",0.772934555564291,5.52216973681502e-05,0.622036368223726,0.0025169146478661,0.620747316076131,0.0029700251806125,0.630963172662349,0.0021716131256106,0.773110653061225,3.10086126722955e-07,0.795918367346939,6,"sex=Female;sex=Male;location=Left;location=Right;age_stratum=age_lower;age_stratum=age_upper",1,0.449911487207606,0.9728269288646,"False",2.63741623956863,3.41035079513292,2.88446512319522,0.772934555564287,-0.525885671937701,"adjacent_specific","True","False","True","True","True","True","True","True","True","False","True",0.605270446720842,"Tier 2 - provisional",-0.106228632630079,0.730074786987871,FALSE
"IFI35",0.501048954731301,1.3784569844186e-05,0.526807094700365,2.74150460473777e-05,0.545165498421562,1.64989291374545e-05,0.532138455113574,2.30782503018301e-05,0.501221081632654,3.0784888453966e-07,0.744897959183674,6,"sex=Female;sex=Male;location=Left;location=Right;age_stratum=age_lower;age_stratum=age_upper",1,0.298046909373015,0.75575654075949,"False",7.24224148172403,7.74329043645532,7.08965041046913,0.501048954731297,-0.653640025986188,"adjacent_specific","True","False","True","True","True","True","True","True","True","False","True",0.605200293935708,"Tier 2 - provisional",0.771504733229298,4.39065019112921e-07,TRUE
"CENPH",-0.522590505131636,1.6729099257534e-05,-0.517160571422568,9.50602523449159e-05,-0.569492607714536,9.83040279649046e-06,-0.509030829790472,0.0001174893553806,-0.52443730612245,6.56665324058996e-07,0.775510204081633,6,"sex=Female;sex=Male;location=Left;location=Right;age_stratum=age_lower;age_stratum=age_upper",1,-0.759151947570508,-0.23441492383599,"False",4.22784377218666,3.70525326705502,5.48844285462768,-0.522590505131636,1.78318958757266,"adjacent_specific","True","False","True","True","True","True","True","True","True","False","True",0.605027220235923,"Tier 2 - provisional",-0.617700083862136,0.000156511907226755,TRUE
"AZGP1",-0.50988968179507,8.05937164446697e-05,-0.540304175499697,0.0001160684525454,-0.519757315074771,0.0002336071287773,-0.537060573633433,0.0001335614212655,-0.510270326530612,4.36776227457733e-05,0.76530612244898,6,"sex=Female;sex=Male;location=Left;location=Right;age_stratum=age_lower;age_stratum=age_upper",1,-0.805767716293778,-0.354532446352725,"False",5.32121356976565,4.81132388797058,7.61765399968666,-0.50988968179507,2.80633011171608,"adjacent_specific","True","False","True","True","True","True","True","True","True","False","True",0.604603214354452,"Tier 2 - provisional",-0.358357622564251,0.0556898888754698,FALSE
"QPCT",-0.567877699507026,4.82986618745247e-05,-0.533573745498738,0.0004701424741064,-0.563887192455872,0.0002285251839295,-0.520100468682195,0.0005729587825539,-0.569387020408164,1.3700380403216e-06,0.795918367346939,6,"sex=Female;sex=Male;location=Left;location=Right;age_stratum=age_lower;age_stratum=age_upper",1,-0.88585131011595,-0.318965507979621,"False",6.04347910898599,5.47560140947897,7.22755622141344,-0.567877699507026,1.75195481193447,"adjacent_specific","True","False","True","True","True","True","True","True","True","False","True",0.604156252239115,"Tier 2 - provisional",-1.23194582316977,1.4856173390696e-14,TRUE
"CD2AP",-0.556983939675661,7.68499471209495e-06,-0.464285565683637,0.0005230784153861,-0.429541724134355,0.0012904212357861,-0.466202650607127,0.0005168352207641,-0.557309591836736,6.99168451697237e-07,0.826530612244898,6,"sex=Female;sex=Male;location=Left;location=Right;age_stratum=age_lower;age_stratum=age_upper",1,-0.692632588179027,-0.432609215494152,"False",6.88678786230839,6.32980392263273,5.65508976298064,-0.556983939675662,-0.674714159652094,"monotonic_down","True","False","False","False","True","True","True","True","True","True","True",0.603249293587992,"Tier 2 - provisional",-0.0951119114709765,0.640572782072714,FALSE
"NIF3L1",-0.529405026416227,5.7469608347146e-25,-0.503363740105404,6.602801642802e-21,-0.517975210093557,4.16791558131341e-22,-0.498974813167622,6.26536853596462e-21,-0.528554612244897,1.64799686970568e-24,0.969387755102041,6,"sex=Female;sex=Male;location=Left;location=Right;age_stratum=age_lower;age_stratum=age_upper",1,-0.584773472113377,-0.426199713568399,"False",6.94654215304084,6.41713712662462,6.88062606527965,-0.529405026416227,0.463488938655035,"non_monotonic","True","False","True","False","True","True","True","True","True","True","True",0.603009946450677,"Tier 2 - provisional",-0.49265840362712,7.94044465396253e-15,FALSE
"NUSAP1",-0.586488563374181,5.80612525738954e-05,-0.567316806607226,0.000375912665278,-0.587091995105073,0.0002664825965878,-0.569057373239663,0.0003766747864451,-0.581029795918366,1.40972171806526e-06,0.76530612244898,6,"sex=Female;sex=Male;location=Left;location=Right;age_stratum=age_lower;age_stratum=age_upper",1,-0.729704670633708,-0.441313861594439,"False",6.12624437842964,5.53975581505547,7.06249938320042,-0.586488563374179,1.52274356814496,"adjacent_specific","True","False","True","True","True","True","True","True","True","False","True",0.602887168262921,"Tier 2 - provisional",-0.395058306437833,0.0624551518223557,FALSE
"LIPA",-0.568106986210399,4.16416344279355e-06,-0.542846876115307,5.38138997258424e-05,-0.555290077701476,4.39467496533221e-05,-0.527746599254304,6.36479805554346e-05,-0.567737346938776,7.67544363997315e-07,0.73469387755102,6,"sex=Female;sex=Male;location=Left;location=Right;age_stratum=age_lower;age_stratum=age_upper",1,-0.678705560919633,-0.481075045679483,"False",6.98479594819924,6.41668896198884,6.97087720356685,-0.568106986210396,0.554188241578009,"adjacent_specific","True","False","True","True","True","True","True","True","True","False","True",0.60279608462155,"Tier 2 - provisional",-0.872221820948528,6.3033704671581e-11,TRUE
"SAMSN1",-0.52131817184905,5.31610997631179e-06,-0.493917056047224,7.39160737716789e-05,-0.471533252767984,0.0001661271028376,-0.474418387327854,7.38640851437216e-05,-0.521938877551019,3.04790623513643e-07,0.76530612244898,6,"sex=Female;sex=Male;location=Left;location=Right;age_stratum=age_lower;age_stratum=age_upper",1,-0.570402036924797,-0.467438886489969,"False",6.63905194995709,6.11773377810804,5.73750548522456,-0.521318171849051,-0.380228292883478,"monotonic_down","True","False","False","False","True","True","True","True","True","False","True",0.602689672280093,"Tier 2 - provisional",-0.511721621142361,3.46891389991333e-07,TRUE
"CHI3L1",0.540249110337893,0.0001622952522057,0.493589133134881,0.0014983900490244,0.504409632876162,0.001356766254001,0.486110776826063,0.0017489729036566,0.538849102040816,1.75019547890949e-06,0.816326530612245,6,"sex=Female;sex=Male;location=Left;location=Right;age_stratum=age_lower;age_stratum=age_upper",1,0.192216034341253,0.721955304475937,"False",2.8095567173297,3.34980582766759,6.44182148362634,0.54024911033789,3.09201565595875,"monotonic_up","True","False","True","False","True","True","True","True","True","True","True",0.600619979024393,"Tier 2 - provisional",0.510513053063793,0.00947204064904289,TRUE
"CKB",0.532532071757849,0.0005459332611392,0.565438228347504,0.0007719094607228,0.500553122459843,0.0022843583597096,0.566395952746144,0.0007873448434035,0.531856530612245,9.65642145704861e-05,0.76530612244898,6,"sex=Female;sex=Male;location=Left;location=Right;age_stratum=age_lower;age_stratum=age_upper",1,0.318974349230006,0.704085914791957,"False",10.6024923446913,11.1350244164492,8.82955800146877,0.532532071757844,-2.3054664149804,"adjacent_specific","True","False","True","True","True","True","True","True","True","False","True",0.600520988347615,"Tier 2 - provisional",0.606038951334795,0.00501293167154067,TRUE
"PAPSS2",-0.508213346471392,0.0001027843384014,-0.488819910699351,0.0006232565168965,-0.440975385609162,0.0017423389154195,-0.489160431506533,0.0006449240078296,-0.505890081632652,1.88569309408778e-06,0.795918367346939,6,"sex=Female;sex=Male;location=Left;location=Right;age_stratum=age_lower;age_stratum=age_upper",1,-0.633656151033556,-0.300105954633596,"False",9.88186155594932,9.37364820947794,7.28814807812985,-0.50821334647139,-2.08550013134808,"monotonic_down","True","False","False","False","True","True","True","True","True","False","True",0.600084997326154,"Tier 2 - provisional",0.050520101178377,0.821686941268154,FALSE
"PYY",0.548990645202947,0.0276638101084086,0.795260458231973,0.0026367523989575,0.628349588430273,0.0087444303846695,0.788320655042475,0.0029245812971344,0.547786530612244,0.0239468628067159,0.673469387755102,6,"sex=Female;sex=Male;location=Left;location=Right;age_stratum=age_lower;age_stratum=age_upper",1,0.193878607106236,1.26744928240979,"False",6.45310787688116,7.0020985220841,3.2880150664069,0.548990645202946,-3.7140834556772,"adjacent_specific","True","False","True","True","True","True","True","True","False","False","True",0.600006592768652,"Tier 2 - provisional",1.07331683862844,0.00133338303515034,TRUE
"ANK3",-0.51891305854097,8.30757306349222e-06,-0.449801426580636,0.0003490826592456,-0.401101256287123,0.0010658111358096,-0.457928664569566,0.0002578233774114,-0.520420244897959,3.48377067317865e-06,0.785714285714286,6,"sex=Female;sex=Male;location=Left;location=Right;age_stratum=age_lower;age_stratum=age_upper",1,-0.546101333076201,-0.414473647220194,"False",8.5609650852719,8.04205202673093,6.47211714819891,-0.518913058540969,-1.56993487853203,"monotonic_down","True","False","False","False","True","True","True","True","True","False","True",0.597638369317226,"Tier 2 - provisional",-0.0660542537473708,0.737228283858989,FALSE
"MMP12",-0.821497609589785,0.0015642961192443,-0.673124648462483,0.0180364771910251,-0.693366670408518,0.0162472589683085,-0.658419636144167,0.020542713389644,-0.821540979591838,0.000616402384316,0.755102040816326,6,"sex=Female;sex=Male;location=Left;location=Right;age_stratum=age_lower;age_stratum=age_upper",1,-1.20523699591255,-0.510344843319554,"False",6.67931424682373,5.85781663723395,8.42195294036222,-0.821497609589783,2.56413630312827,"adjacent_specific","True","False","True","True","True","True","True","True","True","False","True",0.596979539885978,"Tier 2 - provisional",-0.682033793318119,0.049702932102205,TRUE
"PNMA1",0.554575232165271,0.0001310399776413,0.511247609066432,0.0012489855635215,0.488805357455657,0.0022443644053392,0.522018011674942,0.000923134980371,0.556104489795917,7.39671736745067e-06,0.775510204081633,6,"sex=Female;sex=Male;location=Left;location=Right;age_stratum=age_lower;age_stratum=age_upper",1,0.410128593751358,0.670026596548001,"False",5.90945745799571,6.46403269016098,5.35934648042343,0.554575232165271,-1.10468620973755,"adjacent_specific","True","False","False","True","True","True","True","True","True","False","True",0.596615162526529,"Tier 2 - provisional",-0.323233268198469,0.0343939619033209,FALSE
"HTR2B",0.57066734445204,0.0005939123708789,0.519742033806853,0.0042656008163229,0.528619384420543,0.0041580370917387,0.521795962048958,0.004209647228878,0.571330081632653,6.58461592964882e-06,0.795918367346939,6,"sex=Female;sex=Male;location=Left;location=Right;age_stratum=age_lower;age_stratum=age_upper",1,0.401845254173743,0.744619616631352,"False",2.35307176603813,2.92373911049017,2.48547111995456,0.57066734445204,-0.438267990535606,"non_monotonic","True","False","True","True","True","True","True","True","True","False","True",0.596327196244008,"Tier 2 - provisional",-0.259444977160683,0.23355607209088,FALSE
"PLAC8",-0.503090376179961,0.0007300555182464,-0.438250062296603,0.00721138616222,-0.389186958733288,0.0164785074785095,-0.444913952272101,0.0063501885847398,-0.50521057142857,1.00786882968953e-05,0.846938775510204,6,"sex=Female;sex=Male;location=Left;location=Right;age_stratum=age_lower;age_stratum=age_upper",1,-0.676418276986777,-0.322708167016053,"False",11.4400033727972,10.9369129966172,7.14111615041332,-0.503090376179966,-3.7957968462039,"monotonic_down","True","False","False","False","True","True","True","True","True","True","True",0.59616612414978,"Tier 2 - provisional",0.234596880145095,0.23656728645475,FALSE
"PENK",0.580708975726252,0.000100389634638,0.532292543839311,0.0010751358042084,0.53915532646634,0.0010821900550311,0.539047976662821,0.0009262266933098,1.13301767346939,2.47216169827548e-07,0.755102040816326,6,"sex=Female;sex=Male;location=Left;location=Right;age_stratum=age_lower;age_stratum=age_upper",1,0.405258327414777,0.73929456713805,"False",2.13680895294631,2.71751792867256,2.29522908536995,0.580708975726251,-0.422288843302607,"non_monotonic","True","False","True","True","True","True","True","True","True","False","True",0.595667878069501,"Tier 2 - provisional",-0.149791780919619,0.483981854633594,FALSE
"GPR183",0.572207845565805,0.0002972336729138,0.565408567578974,0.0010873307389637,0.556785963993115,0.0015109087889894,0.577321611827155,0.0007960661339532,0.573460755102041,1.57785867415517e-05,0.73469387755102,6,"sex=Female;sex=Male;location=Left;location=Right;age_stratum=age_lower;age_stratum=age_upper",1,0.321228361813573,0.758918286424258,"False",4.69210071680035,5.26430856236616,4.63304687639792,0.572207845565806,-0.631261685968237,"adjacent_specific","True","False","True","True","True","True","True","True","True","False","True",0.595082868293217,"Tier 2 - provisional",-0.141606249254227,0.38854338859086,FALSE
"ST6GALNAC6",0.514955741097089,0.0042048611234215,0.64003180214471,0.0009869602495866,0.487600010606211,0.0027308219386981,0.638715113522677,0.0010517037463374,0.505553591836735,0.0024118458978992,0.693877551020408,6,"sex=Female;sex=Male;location=Left;location=Right;age_stratum=age_lower;age_stratum=age_upper",1,0.00623968821259702,0.842652795582064,"False",4.53732976726368,5.05228550836077,3.32258896315697,0.51495574109709,-1.7296965452038,"adjacent_specific","True","False","False","True","True","True","True","True","False","False","True",0.594882638430736,"Tier 2 - provisional",0.719356987239309,0.00350572284058365,TRUE
"SCNN1B",0.582063397270179,0.0024668667491769,0.585137158076867,0.0053617945803733,0.518095586211396,0.0128710144761608,0.574342828515358,0.0062037714946522,0.58061085714286,0.0004873712071965,0.755102040816326,6,"sex=Female;sex=Male;location=Left;location=Right;age_stratum=age_lower;age_stratum=age_upper",1,0.325482988054232,0.905586852679874,"False",6.57360113214637,7.15566452941655,3.13931581862709,0.582063397270179,-4.01634871078947,"adjacent_specific","True","False","True","True","True","True","True","True","True","False","True",0.594457873040733,"Tier 2 - provisional",0.958172866669471,0.000185691961559508,TRUE
"HOXA13",0.854139114430721,0.0049038184735777,0.948034932926139,0.0040816417313498,0.831556515583674,0.0105258397783621,0.942090760574458,0.0044146241446614,0.854620285714285,0.0190181958012945,0.561224489795918,6,"sex=Female;sex=Male;location=Left;location=Right;age_stratum=age_lower;age_stratum=age_upper",1,0.176632443257152,1.81701920984148,"False",6.85232116601222,7.70646028044294,7.41205512225173,0.854139114430723,-0.294405158191211,"non_monotonic","True","False","True","True","True","True","True","True","False","False","True",0.593528601739971,"Tier 2 - provisional",1.07335054854219,0.0126883424833638,TRUE
"SPC25",-0.652203944803818,0.0001250915706189,-0.626445087181451,0.0007216638044413,-0.642686612959977,0.0006115137169409,-0.624219922759523,0.0007853110990377,-0.651337102040817,7.92642388836844e-06,0.683673469387755,6,"sex=Female;sex=Male;location=Left;location=Right;age_stratum=age_lower;age_stratum=age_upper",1,-0.741262733899144,-0.471095519002373,"False",5.55396982619947,4.90176588139565,6.8139914912893,-0.652203944803819,1.91222560989365,"adjacent_specific","True","False","True","True","True","True","True","True","False","False","True",0.593425609543376,"Tier 2 - provisional",-0.487066104730421,0.0490906157486839,FALSE
"PARP14",0.504866954064874,0.0001885299313079,0.558332502060758,0.0001540427458019,0.616059678488537,1.75506866521647e-05,0.558799420631435,0.0001608670951719,0.503600122448979,1.44027322858217e-05,0.683673469387755,6,"sex=Female;sex=Male;location=Left;location=Right;age_stratum=age_lower;age_stratum=age_upper",1,0.360469006473075,0.782791943491787,"False",4.65648464978156,5.16135160384643,4.93291134119308,0.50486695406487,-0.228440262653347,"non_monotonic","True","False","True","True","True","True","True","True","False","False","True",0.593351093979087,"Tier 2 - provisional",0.937454838109886,9.9962408293993e-08,TRUE
"ASB2",0.661065734484605,0.0001981792050966,0.579036031757253,0.0028330654668496,0.597016873410716,0.002345568437613,0.582718164634852,0.0027207285273243,0.663744693877551,1.6417433250672e-06,0.73469387755102,6,"sex=Female;sex=Male;location=Left;location=Right;age_stratum=age_lower;age_stratum=age_upper",1,0.417273639450281,0.901696879304951,"False",3.9515228768011,4.6125886112857,3.42640733707752,0.661065734484604,-1.18618127420819,"adjacent_specific","True","False","True","True","True","True","True","True","True","False","True",0.593085580415875,"Tier 2 - provisional",-0.202735700071815,0.407405714836152,FALSE
"ARL4D",0.61701350395877,0.0001404685297325,0.560074867002429,0.0015728711208897,0.572279961830902,0.0014281070749626,0.569052562269822,0.0012988703482559,0.616817795918368,5.33783507905113e-07,0.724489795918367,6,"sex=Female;sex=Male;location=Left;location=Right;age_stratum=age_lower;age_stratum=age_upper",1,0.488185328912102,0.740378247091567,"False",4.02084445503417,4.63785795899294,3.81744276910958,0.617013503958769,-0.820415189883352,"adjacent_specific","True","False","True","True","True","True","True","True","True","False","True",0.592098938927587,"Tier 2 - provisional",-0.30842909060773,0.100241945042233,FALSE
"BTG2",0.572412426042466,7.11782881800303e-05,0.479336965678445,0.002157769259038,0.462233005645871,0.0034756593911792,0.487945754780433,0.0017381785951502,0.572539897959183,1.63979594559959e-06,0.76530612244898,6,"sex=Female;sex=Male;location=Left;location=Right;age_stratum=age_lower;age_stratum=age_upper",1,0.386503191119921,0.676124601889233,"False",5.67623937915524,6.24865180519771,6.27633486070209,0.572412426042465,0.0276830555043883,"field_shift_then_plateau","True","False","False","False","True","True","True","True","True","False","True",0.591182050744256,"Tier 2 - provisional",-0.149489875390097,0.460810758331428,FALSE
"FUT2",-0.520877205985724,0.0007255435155201,-0.451136877675925,0.0074421577180418,-0.418471021122564,0.0137867252106792,-0.450954894421614,0.0076362942051434,-0.520357591836735,7.59878469812855e-05,0.806122448979592,6,"sex=Female;sex=Male;location=Left;location=Right;age_stratum=age_lower;age_stratum=age_upper",1,-0.615219000662638,-0.395190627261344,"False",7.06863386563105,6.54775665964533,6.05897963092245,-0.520877205985719,-0.488777028722883,"monotonic_down","True","False","False","False","True","True","True","True","True","True","True",0.591157992048397,"Tier 2 - provisional",0.0986648791286048,0.701384295468024,FALSE
"SPINK5",0.528048513514956,0.0098079360887558,0.624629068405845,0.0050233446017252,0.46346174337136,0.0165956074272876,0.616026638338773,0.0056721012797136,0.525547938775509,0.0071785026797556,0.704081632653061,6,"sex=Female;sex=Male;location=Left;location=Right;age_stratum=age_lower;age_stratum=age_upper",1,0.190946163320093,0.778255790823525,"False",5.28272652215655,5.81077503567151,4.05140065441109,0.528048513514956,-1.75937438126042,"adjacent_specific","True","False","False","True","True","True","True","True","True","False","True",0.590192359752229,"Tier 2 - provisional",0.721376493240118,0.011820765797081,TRUE
"FCGR2B",0.541737476042952,0.0002985273076406,0.532629822493968,0.0011247344141393,0.503945321173911,0.0022165108745189,0.546073284077353,0.0007509324718209,0.542366612244899,0.0001948914241106,0.714285714285714,6,"sex=Female;sex=Male;location=Left;location=Right;age_stratum=age_lower;age_stratum=age_upper",1,0.370342581843156,0.688591781538843,"False",4.58764435206496,5.12938182810791,4.00221048408651,0.541737476042954,-1.1271713440214,"adjacent_specific","True","False","True","True","True","True","True","True","True","False","True",0.589721160906813,"Tier 2 - provisional",-0.22593061705024,0.120536184952469,FALSE
"FBXL22",0.550467546216825,0.0001596573633821,0.489580746017964,0.0020943971910073,0.463165582790111,0.0039112903910459,0.500182034769872,0.0015806857082949,0.548842040816326,1.05213525721343e-06,0.744897959183674,6,"sex=Female;sex=Male;location=Left;location=Right;age_stratum=age_lower;age_stratum=age_upper",1,0.401592217992081,0.651579203316554,"False",3.62177929557342,4.17224684179025,3.43203134269325,0.550467546216824,-0.740215499096996,"adjacent_specific","True","False","False","True","True","True","True","True","True","False","True",0.589090768550851,"Tier 2 - provisional",-0.329250656710402,0.0354870608498298,FALSE
"BTNL8",-0.856739908276206,0.044423073795912,-0.647008171220775,0.174036293945727,-0.663837411793635,0.170149757332251,-0.662792170674178,0.162231889554474,-0.856050387755102,0.0332757930474981,0.755102040816326,6,"sex=Female;sex=Male;location=Left;location=Right;age_stratum=age_lower;age_stratum=age_upper",1,-1.70324139482362,-0.313548132763133,"False",8.02957241762701,7.17283250935082,4.14137937767569,-0.856739908276198,-3.03145313167512,"monotonic_down","True","False","False","False","True","True","True","True","True","False","True",0.588082019299963,"Tier 2 - provisional",-0.447902911340111,0.541657109851427,FALSE
"LCN15",-0.569619925809881,6.83529749840607e-05,-0.517094039967925,0.0008457981253128,-0.544365276211637,0.0004764369289626,-0.514975551756883,0.000923134980371,-0.566541061224489,0.0010580926620688,0.704081632653061,6,"sex=Female;sex=Male;location=Left;location=Right;age_stratum=age_lower;age_stratum=age_upper",1,-0.896168579283571,-0.31363258311353,"False",4.35509817119696,3.78547824538708,4.16662746095439,-0.569619925809878,0.381149215567307,"non_monotonic","True","False","True","True","True","True","True","True","True","False","True",0.588037902389498,"Tier 2 - provisional",-0.503111453037289,0.0127805672728324,TRUE
"AGR3",-0.565605652733499,0.000355889349441,-0.486731814476301,0.004892483051783,-0.543636979662419,0.0013799678995338,-0.492695309804273,0.0043990111268653,-0.565269469387756,4.63995184230832e-06,0.73469387755102,6,"sex=Female;sex=Male;location=Left;location=Right;age_stratum=age_lower;age_stratum=age_upper",1,-0.678299192166271,-0.416181306173524,"False",10.2167106621042,9.6511050093707,7.18195870116685,-0.565605652733502,-2.46914630820384,"monotonic_down","True","False","True","False","True","True","True","True","True","False","True",0.584797616899322,"Tier 2 - provisional",-0.0609708086831568,0.837945504264093,FALSE
"MT1M",0.612894023597099,0.01867153300338,0.58676658849506,0.0416425739154781,0.566405310611762,0.0532687149225394,0.586110417618413,0.0422619889338211,0.610546673469386,0.020609358736275,0.724489795918367,6,"sex=Female;sex=Male;location=Left;location=Right;age_stratum=age_lower;age_stratum=age_upper",1,0.409733042808458,0.781183926837867,"False",9.00921786485077,9.62211188844786,4.55229101116888,0.612894023597098,-5.06982087727899,"adjacent_specific","True","False","False","True","True","True","True","True","True","False","True",0.583842315985951,"Tier 2 - provisional",0.948560281986245,0.00877744441596383,TRUE
"CD52",-0.540745576182792,0.0012834413728614,-0.492201145046757,0.0075166345537591,-0.43531653668159,0.0173753029511179,-0.487637979697543,0.0082275359023317,-0.542989204081633,0.0002086177497933,0.724489795918367,6,"sex=Female;sex=Male;location=Left;location=Right;age_stratum=age_lower;age_stratum=age_upper",1,-0.624360936367521,-0.329403608871768,"False",7.93345693063003,7.39271135444724,6.15911409694222,-0.540745576182797,-1.23359725750502,"monotonic_down","True","False","False","False","True","True","True","True","True","False","True",0.582398456662495,"Tier 2 - provisional",-0.132821034833743,0.397283674442083,FALSE
"AKR1B10",-0.515493404980351,0.0021487467229203,-0.44850746465204,0.0151112455389902,-0.382988091350892,0.0356123504745441,-0.450788065181875,0.0147998677239425,-0.514984714285713,9.87770289673364e-05,0.755102040816326,6,"sex=Female;sex=Male;location=Left;location=Right;age_stratum=age_lower;age_stratum=age_upper",1,-0.655293953925449,-0.227656888848696,"False",11.2222598660613,10.706766461081,6.35893863937242,-0.515493404980351,-4.34782782170854,"monotonic_down","True","False","False","False","True","True","True","True","True","False","True",0.581484394289041,"Tier 2 - provisional",0.197207204046288,0.430130833576928,FALSE
"CR2",0.576623021726976,0.018023405157848,0.607951155153521,0.0235138711529535,0.650837827669474,0.015964304053987,0.626200932950338,0.018758931128136,0.575893326530613,0.0074797358799611,0.683673469387755,6,"sex=Female;sex=Male;location=Left;location=Right;age_stratum=age_lower;age_stratum=age_upper",1,0.390062588399986,0.866690366457744,"False",3.61452397072011,4.19114699244708,2.99205365172824,0.576623021726974,-1.19909334071884,"adjacent_specific","True","False","True","True","True","True","True","True","False","False","True",0.581297548608501,"Tier 2 - provisional",0.845270889446064,0.00305170580391218,TRUE
"ITGA1",0.555048053875069,0.0004833867657152,0.456047845081097,0.0083219540412142,0.447130151635233,0.0108634953849279,0.462648254543887,0.0074176462150172,0.554267387755103,1.43973216276342e-05,0.73469387755102,6,"sex=Female;sex=Male;location=Left;location=Right;age_stratum=age_lower;age_stratum=age_upper",1,0.382379526827725,0.727970112380127,"False",2.99758386270351,3.55263191657858,4.23043604765459,0.55504805387507,0.677804131076011,"monotonic_up","True","False","False","False","True","True","True","True","True","False","True",0.580958076348575,"Tier 2 - provisional",-0.32023357554545,0.0944547741565678,FALSE
"KCNMB1",0.558525034077952,0.0008279530370633,0.497450555864736,0.0066299648741256,0.490940552652218,0.0083584236816403,0.50009725472055,0.0064666421882981,0.559059877551019,8.40792082282063e-06,0.693877551020408,6,"sex=Female;sex=Male;location=Left;location=Right;age_stratum=age_lower;age_stratum=age_upper",1,0.294557403839574,0.843172110009202,"False",2.66072881349502,3.21925384757297,2.61095296711599,0.558525034077948,-0.608300880456981,"adjacent_specific","True","False","False","True","True","True","True","True","False","False","True",0.578789609653984,"Tier 2 - provisional",-0.405915897620854,0.0278313935619228,FALSE
"NPY",0.510709623867062,0.0039198035272881,0.50903140897476,0.0089084502268107,0.468694320599109,0.0167800228499825,0.504837563349789,0.0096511514736883,0.504685387755103,0.0033418605485079,0.683673469387755,6,"sex=Female;sex=Male;location=Left;location=Right;age_stratum=age_lower;age_stratum=age_upper",1,0.317386931759636,0.845671471368637,"False",4.27311261383222,4.78382223769928,2.72613136455517,0.510709623867058,-2.05769087314411,"adjacent_specific","True","False","False","True","True","True","True","True","False","False","True",0.577242723711773,"Tier 2 - provisional",0.602399536217462,0.018024683778471,TRUE
"IFIT2",0.500032654501445,0.0022483968130654,0.555230196005436,0.0019204665037981,0.584476606994828,0.0011732442464293,0.560083174856501,0.00177608574822,0.501649387755102,0.0001212737218422,0.622448979591837,6,"sex=Female;sex=Male;location=Left;location=Right;age_stratum=age_lower;age_stratum=age_upper",1,0.284782577414788,0.890841913909221,"False",4.37460913811876,4.8746417926202,3.60914520644699,0.500032654501445,-1.26549658617321,"adjacent_specific","True","False","True","True","True","True","True","True","False","False","True",0.576556248679701,"Tier 2 - provisional",0.839883028556297,0.000149804545515697,TRUE
"HSPA2",0.548432471791828,0.0008423617491314,0.519684816007448,0.0038778606288679,0.467515240679204,0.009027823830515,0.525026146455349,0.0035598252676949,0.546085673469388,5.71825322300216e-05,0.653061224489796,6,"sex=Female;sex=Male;location=Left;location=Right;age_stratum=age_lower;age_stratum=age_upper",1,0.33006021324187,0.835208732459056,"False",6.86528524559617,7.41371771738799,5.94032624782108,0.548432471791823,-1.47339146956691,"adjacent_specific","True","False","False","True","True","True","True","True","False","False","True",0.576210574667735,"Tier 2 - provisional",-0.420132384608285,0.0138738192986043,FALSE
"BLVRA",0.527533164134364,0.0005216682304866,0.432045401574133,0.0091325940962738,0.427498039751827,0.0111170599799495,0.441245802745852,0.0075483603648259,0.527828612244898,1.21653466878243e-05,0.704081632653061,6,"sex=Female;sex=Male;location=Left;location=Right;age_stratum=age_lower;age_stratum=age_upper",1,0.366002819465955,0.626613985604712,"False",5.79755606796107,6.32508923209543,6.57872813811819,0.527533164134361,0.253638906022759,"monotonic_up","True","False","False","False","True","True","True","True","True","False","True",0.574582089380067,"Tier 2 - provisional",-0.483083293808869,9.04615815580961e-05,FALSE
"HLA-DPA1",-0.508700896801036,0.0027733629140624,-0.436683717000657,0.0195792074270743,-0.433770468700541,0.0225482853098096,-0.424404507163156,0.0226811738187044,-0.508488061224488,0.0006584867061181,0.714285714285714,6,"sex=Female;sex=Male;location=Left;location=Right;age_stratum=age_lower;age_stratum=age_upper",1,-0.715976977640048,-0.282949052090258,"False",10.2197143905333,9.71101349373225,9.34975370138924,-0.508700896801034,-0.361259792343004,"monotonic_down","True","False","False","False","True","True","True","True","True","False","True",0.574005402487751,"Tier 2 - provisional",-0.789111017479907,6.85677026074429e-09,TRUE
"KLHDC8B",0.586654111456097,0.0048032632861103,0.507123600488378,0.0270060820721918,0.488397372878813,0.0360931166987172,0.524754820558102,0.0207845515820897,0.586723102040816,0.0002047834661852,0.683673469387755,6,"sex=Female;sex=Male;location=Left;location=Right;age_stratum=age_lower;age_stratum=age_upper",1,0.379787474382116,0.703324909356073,"False",4.10770377801342,4.69435788946952,4.30376352078668,0.586654111456098,-0.390594368682843,"non_monotonic","True","False","False","True","True","True","True","True","False","False","True",0.573666027210589,"Tier 2 - provisional",-0.691898531076991,0.000490053482712337,FALSE
"HOXD13",0.58999551764466,0.0328807916752154,0.634033254591979,0.0373143399138953,0.468282129809483,0.103614927203642,0.639486501347889,0.0359002444222048,0.593763489795919,0.0134377723341519,0.612244897959184,6,"sex=Female;sex=Male;location=Left;location=Right;age_stratum=age_lower;age_stratum=age_upper",0.833333333333333,-0.0164659665587958,0.825546732660506,"True",2.62749283381155,3.21748835145621,3.1850170559761,0.589995517644661,-0.0324712954801102,"field_shift_then_plateau","True","False","False","True","True","True","True","True","False","False","False",0.571523962440681,"Tier 2 - provisional",0.0350812242219957,0.952873149424567,FALSE
"DLEU1",-0.531850253780439,1.56998291104013e-19,-0.503660166158454,4.43159514939948e-16,-0.509430042447701,4.14645007101632e-16,-0.497221911141084,3.54017458617054e-16,-0.531826734693879,4.8568914989718e-25,0.979591836734694,6,"sex=Female;sex=Male;location=Left;location=Right;age_stratum=age_lower;age_stratum=age_upper",1,-0.594449581817181,-0.407068543020656,"False",6.97650501589446,6.44465476211402,7.01525262162371,-0.531850253780434,0.570597859509683,"adjacent_specific","True","False","True","False","True","True","True","True","True","True","True",0.571299130842403,"Tier 2 - provisional",-0.431432995367326,2.99268647002502e-09,FALSE
"PSD",0.70532219454644,0.0013352901000225,0.588987409328819,0.0143826626472734,0.586249467337188,0.0165001315801924,0.605356151534946,0.0112922528036084,0.70776081632653,2.22046426282683e-05,0.612244897959184,6,"sex=Female;sex=Male;location=Left;location=Right;age_stratum=age_lower;age_stratum=age_upper",1,0.408230394697604,0.960462462554576,"False",3.45226700843668,4.15758920298311,3.23761283955603,0.705322194546437,-0.919976363427081,"adjacent_specific","True","False","True","True","True","True","True","True","False","False","True",0.571263805417852,"Tier 2 - provisional",-0.554365582385025,0.024517992748481,FALSE
"SH3BGR",0.662657678315912,0.0008002786313367,0.543471511528405,0.0117925963745072,0.539077992360222,0.0139692964032817,0.56138969200618,0.0085405059238255,0.662378204081631,1.04784295962396e-05,0.622448979591837,6,"sex=Female;sex=Male;location=Left;location=Right;age_stratum=age_lower;age_stratum=age_upper",1,0.387581759285568,0.923816248629052,"False",4.76359315838241,5.42625083669832,4.30448780818698,0.662657678315911,-1.12176302851134,"adjacent_specific","True","False","True","True","True","True","True","True","False","False","True",0.570086323378106,"Tier 2 - provisional",-0.445033891288433,0.0545639481498066,FALSE
"PPP1R14A",0.594439529454704,0.0146345329750576,0.533021579826826,0.0479912424676551,0.540368071660406,0.0484128424179683,0.549033818289542,0.0403718304945011,0.59469836734694,0.0022450737822986,0.642857142857143,6,"sex=Female;sex=Male;location=Left;location=Right;age_stratum=age_lower;age_stratum=age_upper",1,0.28300901459649,0.974233473494553,"False",5.01019719772379,5.6046367271785,4.39288602883085,0.594439529454704,-1.21175069834764,"adjacent_specific","True","False","True","True","True","True","True","True","False","False","True",0.567901404726291,"Tier 2 - provisional",-0.852496486080061,0.000505951413829709,FALSE
"GUCA2B",-0.582704397032506,0.0024656146341975,-0.442513631311217,0.035765910657457,-0.447008588119211,0.036761656301886,-0.462123877511643,0.0258206033463495,-0.582659061224488,0.0002094990552051,0.673469387755102,6,"sex=Female;sex=Male;location=Left;location=Right;age_stratum=age_lower;age_stratum=age_upper",1,-0.705649076434455,-0.325027304301303,"False",10.8750034865499,10.2922990895174,3.74253974719594,-0.582704397032503,-6.54975934232148,"monotonic_down","True","False","False","False","True","True","True","True","False","False","True",0.566721819863277,"Tier 2 - provisional",0.24703130214285,0.377845886351356,FALSE
"TMED6",-0.513315018652058,0.0186532015477562,-0.362363807219699,0.132363196775228,-0.407622688887234,0.0905499953276989,-0.37157975744173,0.121164387022294,-0.514391142857143,0.0254454979498081,0.724489795918367,6,"sex=Female;sex=Male;location=Left;location=Right;age_stratum=age_lower;age_stratum=age_upper",1,-0.770988929781323,-0.136274415271139,"False",5.75580105726137,5.24248603860931,3.86136023026034,-0.513315018652058,-1.38112580834897,"monotonic_down","True","False","False","False","True","True","True","True","True","False","True",0.564226191021919,"Tier 2 - provisional",0.0485390561307747,0.910816752184791,FALSE
"SOX7",0.734090657479903,2.9574349139842e-14,0.715415474471317,4.06802306877451e-12,0.706868531915891,1.03877987744698e-11,0.718280391588179,3.92996302668663e-12,0.460296489795918,5.43052268322811e-16,0.959183673469388,6,"sex=Female;sex=Male;location=Left;location=Right;age_stratum=age_lower;age_stratum=age_upper",1,0.650220692585707,0.77565274729172,"False",2.64717573281051,3.38126639029041,3.11746428597881,0.734090657479901,-0.2638021043116,"non_monotonic","True","False","True","True","True","True","True","False","True","True","True",0.555203177193316,"Tier 2 - provisional",0.216713651167599,0.027172502152679,FALSE
"HAND1",0.671694718158907,0.0047195438334198,0.544844945716439,0.0374696983029872,0.546811140485011,0.0399061695263415,0.55558915287161,0.0335142992854782,0.671541877551021,0.0001308608062248,0.510204081632653,6,"sex=Female;sex=Male;location=Left;location=Right;age_stratum=age_lower;age_stratum=age_upper",1,0.308923766561108,1.04295017499724,"False",2.98547779638349,3.65717251454239,2.84818902659249,0.671694718158907,-0.808983487949902,"adjacent_specific","True","False","True","True","True","True","True","True","False","False","True",0.550563220668175,"Tier 2 - provisional",-0.680296585297334,0.00972018333804392,FALSE
"SLC39A2",-0.503182533834341,5.39481608667742e-12,-0.461341474256459,2.36823576373896e-09,-0.449283590874386,6.70713083872845e-09,-0.463407196929957,2.2708188070106e-09,-0.500925306122448,2.85430920392546e-09,0.938775510204082,6,"sex=Female;sex=Male;location=Left;location=Right;age_stratum=age_lower;age_stratum=age_upper",1,-0.59984903244117,-0.359135947418523,"False",3.88396205960958,3.38077952577524,3.75170263509178,-0.503182533834342,0.370923109316543,"non_monotonic","True","False","False","False","True","True","True","True","True","True","True",0.514389285795366,"Tier 2 - provisional",-0.319566174296531,0.000591090094518826,FALSE
"ZC3H8",-0.503531552677641,1.23924189546402e-10,-0.507918751714943,2.08742134541697e-09,-0.528757885445753,4.37596380899014e-10,-0.494956335954089,1.31922689067627e-09,-0.505467224489795,1.12211255005658e-10,0.908163265306122,6,"sex=Female;sex=Male;location=Left;location=Right;age_stratum=age_lower;age_stratum=age_upper",1,-0.55603485627736,-0.448466659857638,"False",5.56422576711938,5.06069421444174,6.50642448457477,-0.503531552677641,1.44573027013302,"adjacent_specific","True","False","True","False","True","True","True","True","True","True","True",0.513734590736698,"Tier 2 - provisional",-0.568678790383704,4.42665525871108e-08,TRUE
"CPEB1",0.531602680846704,2.01208529137999e-09,0.497047779125648,1.82885516139257e-07,0.500898817617218,2.04791092853065e-07,0.499711020666787,1.71443839696814e-07,0.530312,4.33251662766214e-14,0.948979591836735,6,"sex=Female;sex=Male;location=Left;location=Right;age_stratum=age_lower;age_stratum=age_upper",1,0.455116807424026,0.602896015085966,"False",2.44710220779982,2.97870488864653,2.34573944295861,0.531602680846704,-0.632965445687913,"adjacent_specific","True","False","True","False","True","True","True","True","True","True","True",0.504913502254855,"Tier 2 - provisional",0.0790863683510016,0.518639794323669,FALSE
"CDK5RAP2",0.501089884601692,2.35263730822666e-12,0.440432966489236,3.91867297524295e-09,0.424237533707581,1.2626071565612e-08,0.439492963624645,4.83551944460491e-09,0.494502081632653,4.19156723608007e-12,0.877551020408163,6,"sex=Female;sex=Male;location=Left;location=Right;age_stratum=age_lower;age_stratum=age_upper",1,0.414133768198382,0.591587245203097,"False",3.67336582463915,4.17445570924084,4.46286126893849,0.501089884601694,0.288405559697641,"monotonic_up","True","False","False","False","True","True","True","False","True","True","True",0.502587221794386,"Tier 2 - provisional",0.297276265989413,0.00101082140208767,FALSE
"NPR3",0.665417843308195,2.44477500139679e-08,0.588649356326402,3.93764077019823e-06,0.605531957204176,2.51621654809117e-06,0.597138573153938,2.65893876417006e-06,0.117235142857143,0.0211810249829817,0.938775510204082,6,"sex=Female;sex=Male;location=Left;location=Right;age_stratum=age_lower;age_stratum=age_upper",1,0.544184975152522,0.768464721775378,"False",2.69515186218947,3.36056970549766,2.84999302932385,0.665417843308195,-0.510576676173811,"adjacent_specific","True","False","True","True","True","True","True","False","True","True","True",0.500476911959238,"Tier 2 - provisional",0.0401145539788756,0.833665433415838,FALSE
"NDFIP2",-0.500989485549321,3.08652216193003e-09,-0.4732517510966,2.08429758596134e-07,-0.480666230796538,1.84050024968372e-07,-0.481173622773573,1.04321366900627e-07,-0.498205510204082,6.33760323599552e-13,0.887755102040816,6,"sex=Female;sex=Male;location=Left;location=Right;age_stratum=age_lower;age_stratum=age_upper",1,-0.564778337671524,-0.430312739916515,"False",8.46279571046076,7.96180622491144,7.86264269815392,-0.500989485549321,-0.0991635267575175,"field_shift_then_plateau","True","False","False","False","True","True","True","False","True","True","True",0.494061855901825,"Tier 2 - provisional",-0.0578455595001491,0.612988820204719,FALSE
"ATXN7",0.500315787048235,3.94152356108521e-09,0.497897977039952,5.72511124806456e-08,0.525519058429989,7.9077434645226e-09,0.496041772567359,7.06065239427864e-08,0.500843714285714,2.57911488628245e-11,0.826530612244898,6,"sex=Female;sex=Male;location=Left;location=Right;age_stratum=age_lower;age_stratum=age_upper",1,0.471538589532599,0.580255692957636,"False",4.28532231625508,4.78563810330331,4.1433539638943,0.500315787048234,-0.642284139409012,"adjacent_specific","True","False","True","False","True","True","True","True","True","True","True",0.491084343465482,"Tier 2 - provisional",0.746369427039911,8.31368536686692e-12,TRUE
"SLC8A1",0.52408544551145,4.66935713021369e-07,0.476716893274906,2.22371018295264e-05,0.466749705852772,3.97391957329683e-05,0.488729868676339,1.01215234158214e-05,0.522584938775512,6.09637943792991e-10,0.908163265306122,6,"sex=Female;sex=Male;location=Left;location=Right;age_stratum=age_lower;age_stratum=age_upper",1,0.426804705615979,0.612045128048376,"False",3.55975101036548,4.08383645587692,3.89356499883329,0.524085445511446,-0.19027145704363,"non_monotonic","True","False","False","False","True","True","True","True","True","True","True",0.48273825752892,"Tier 2 - provisional",-0.101962061845917,0.406377676998039,FALSE
"RPP25",-0.532932438043491,1.48671837463587e-07,-0.470362880270125,1.49871245172489e-05,-0.418928885975452,5.01648946114822e-05,-0.469534707866509,1.6709909946101e-05,-0.533310204081633,1.18734001624081e-07,0.897959183673469,6,"sex=Female;sex=Male;location=Left;location=Right;age_stratum=age_lower;age_stratum=age_upper",1,-0.64186294774374,-0.412605498103749,"False",6.88608547886958,6.35315304082609,6.8584410758361,-0.532932438043492,0.505288035010015,"adjacent_specific","True","False","False","False","True","True","True","True","True","True","True",0.482050672575758,"Tier 2 - provisional",-0.133581693089559,0.374731020644388,FALSE
"PCDH18",0.528733120176347,4.41145148781385e-08,0.481666059216299,3.61028596756311e-06,0.487533874159108,3.55925030045536e-06,0.48698680588964,2.80250201812949e-06,0.51617542857143,3.88562825698123e-09,0.826530612244898,6,"sex=Female;sex=Male;location=Left;location=Right;age_stratum=age_lower;age_stratum=age_upper",1,0.366582454678753,0.73404678649034,"False",3.49996603336346,4.0286991535398,3.86582317090357,0.528733120176344,-0.162875982636226,"non_monotonic","True","False","False","False","True","True","True","True","True","True","True",0.477069508812217,"Tier 2 - provisional",0.250619697074525,0.0617676768303181,FALSE
"NEK2",-0.501302907218526,5.85171727814843e-07,-0.497396770055843,5.32170624483401e-06,-0.518904637468277,2.21429210741999e-06,-0.493869764699792,6.47144380966376e-06,-0.50087106122449,9.34195435297234e-08,0.816326530612245,6,"sex=Female;sex=Male;location=Left;location=Right;age_stratum=age_lower;age_stratum=age_upper",1,-0.644251726019161,-0.280070444816425,"False",3.74846332764509,3.24716042042657,4.87048011980009,-0.501302907218526,1.62331969937353,"adjacent_specific","True","False","True","False","True","True","True","True","True","True","True",0.47553176724811,"Tier 2 - provisional",-0.369595710629075,0.00835710140353652,FALSE
"CMTM8",-0.500356723530451,8.06501643128571e-08,-0.455748871695197,5.75076348794926e-06,-0.49886761820355,2.90172755960536e-07,-0.453728470267973,6.75008464253824e-06,-0.500261632653062,5.16300885370344e-11,0.806122448979592,6,"sex=Female;sex=Male;location=Left;location=Right;age_stratum=age_lower;age_stratum=age_upper",1,-0.636649602545575,-0.443235431352604,"False",6.71244860301178,6.21209187948133,7.78177626936114,-0.500356723530447,1.56968438987981,"adjacent_specific","True","False","False","False","True","True","True","True","True","True","True",0.470858658498844,"Tier 2 - provisional",-0.256788257324262,0.0496054688667336,FALSE
"FLRT1",0.509623149965373,2.68434814337181e-05,0.487984853443888,0.0002341535491721,0.488141073417256,0.0002818200701525,0.494503505395668,0.0001913768132053,0.510180816326531,5.65755524476414e-08,0.836734693877551,6,"sex=Female;sex=Male;location=Left;location=Right;age_stratum=age_lower;age_stratum=age_upper",1,0.442422515521128,0.581207193390105,"False",2.69376646296845,3.20338961293382,2.5636539532234,0.509623149965372,-0.639735659710417,"adjacent_specific","True","False","False","False","True","True","True","True","True","True","True",0.466036011907303,"Tier 2 - provisional",-0.111106394769546,0.512258149959019,FALSE
"PTGS1",0.518902224908192,2.41944530816178e-05,0.450929796035223,0.0007035252876523,0.449425847872469,0.00087486698291,0.457259320744498,0.0005886439019109,0.519369693877551,8.58496134785507e-08,0.86734693877551,6,"sex=Female;sex=Male;location=Left;location=Right;age_stratum=age_lower;age_stratum=age_upper",1,0.415519149199234,0.604748944539176,"False",4.47182477015803,4.99072699506622,4.09578456324617,0.518902224908195,-0.894942431820057,"adjacent_specific","True","False","False","False","True","True","True","True","True","True","True",0.464349693024602,"Tier 2 - provisional",-0.173993421300754,0.253081805467277,FALSE
"DDX3Y",1.11986320987612,0.000683192048825,0.452562952500839,1.65187688574551e-06,0.457370183721901,1.70042236986827e-06,0.463797110651576,5.55768133360708e-07,1.12178202040816,0.0004881103296108,0.724489795918367,6,"sex=Female;sex=Male;location=Left;location=Right;age_stratum=age_lower;age_stratum=age_upper",1,0.000385745991196007,1.61012723535948,"False",4.04474556765967,5.16460877753579,4.64640940391834,1.11986320987612,-0.51819937361745,"adjacent_specific","True","False","False","False","True","True","True","True","True","False","True",0.462838912622277,"Tier 2 - provisional",0.121646020580439,0.327500913018659,FALSE
"CCDC88A",0.517178909015991,1.22902056256262e-06,0.452226598453131,8.15818966015172e-05,0.436858594227534,0.0001612771761168,0.455666424323108,7.48510384548478e-05,0.516749020408164,2.28190648855386e-08,0.806122448979592,6,"sex=Female;sex=Male;location=Left;location=Right;age_stratum=age_lower;age_stratum=age_upper",1,0.425276324712705,0.571576226878252,"False",3.21413724251694,3.73131615153293,3.324918789951,0.517178909015992,-0.406397361581934,"non_monotonic","True","False","False","False","True","True","True","True","True","True","True",0.462379436904452,"Tier 2 - provisional",-0.0769926389896067,0.591286353621962,FALSE
"DIXDC1",0.52248590351769,1.03936759580927e-05,0.474799536239814,0.0002296266637982,0.45902891895597,0.0004192322477587,0.485875603255655,0.000142102884982,0.519850571428571,1.11860666347244e-08,0.785714285714286,6,"sex=Female;sex=Male;location=Left;location=Right;age_stratum=age_lower;age_stratum=age_upper",1,0.403722008011114,0.643714274458021,"False",4.06356941750608,4.58605532102377,4.25773548688324,0.522485903517692,-0.328319834140535,"non_monotonic","True","False","False","False","True","True","True","True","True","False","True",0.457866134004326,"Tier 2 - provisional",-0.254881660154173,0.0253861090089943,FALSE
"PLCL1",0.508718247672246,4.22003214894676e-05,0.457677584168497,0.0007131248694294,0.463272593354711,0.0007309719612869,0.464079681041836,0.0005969200112152,0.510795673469388,1.0746674876258e-07,0.816326530612245,6,"sex=Female;sex=Male;location=Left;location=Right;age_stratum=age_lower;age_stratum=age_upper",1,0.352506173546589,0.671966142211104,"False",2.38855705303481,2.89727530070706,2.6456138406416,0.508718247672246,-0.25166146006546,"non_monotonic","True","False","False","False","True","True","True","True","True","True","True",0.457501006226324,"Tier 2 - provisional",-0.160039650898641,0.321025967511248,FALSE
"IL17RB",-0.512262970470234,0.0001491103671644,-0.475253237541264,0.0012428061750725,-0.464839253833836,0.0018318092385663,-0.477955016733051,0.001202424858269,-0.512241428571429,6.3515228213368e-05,0.816326530612245,6,"sex=Female;sex=Male;location=Left;location=Right;age_stratum=age_lower;age_stratum=age_upper",1,-0.643724890058223,-0.225139607130092,"False",6.95163811394143,6.4393751434712,7.07977096216366,-0.512262970470231,0.640395818692461,"adjacent_specific","True","False","False","False","True","True","True","True","True","True","True",0.457033282751505,"Tier 2 - provisional",-0.0837754538011451,0.723028453567134,FALSE
"POF1B",-0.583868483652557,1.4547736962429e-06,-0.429312833994548,0.0003049173928168,-0.44352819393381,0.0002204890104093,-0.432042365024106,0.000290187668516,-0.584030938775511,5.06421441074905e-07,0.806122448979592,6,"sex=Female;sex=Male;location=Left;location=Right;age_stratum=age_lower;age_stratum=age_upper",1,-0.701244352589128,-0.448653021114347,"False",5.19110402300707,4.60723553935452,4.9391035570768,-0.583868483652558,0.331868017722283,"non_monotonic","True","False","False","False","True","True","True","True","True","True","True",0.456652822298857,"Tier 2 - provisional",-0.143112462935157,0.389280851852954,FALSE
"AGMAT",-0.52857507556903,2.49738381378574e-05,-0.484513349976878,0.0003605808773733,-0.45196316749114,0.0008675818801752,-0.482683340805423,0.0003954456170311,-0.529584000000002,4.20779421871502e-07,0.775510204081633,6,"sex=Female;sex=Male;location=Left;location=Right;age_stratum=age_lower;age_stratum=age_upper",1,-0.691264649466403,-0.396227841748496,"False",6.65709983838069,6.12852476281165,6.87814772051224,-0.528575075569033,0.749622957700587,"adjacent_specific","True","False","False","False","True","True","True","True","True","False","True",0.455702392073376,"Tier 2 - provisional",-0.130217275256288,0.521791218366246,FALSE
"DNAJB5",0.506990533114597,0.0002334403252848,0.44171907711679,0.0033132300362842,0.433328035136863,0.0045249375272918,0.440243740362865,0.0035107392060675,0.506483551020407,1.00279580634571e-06,0.836734693877551,6,"sex=Female;sex=Male;location=Left;location=Right;age_stratum=age_lower;age_stratum=age_upper",1,0.283409168661158,0.754528133108804,"False",2.45901834213592,2.96600887525052,2.56487922498268,0.506990533114597,-0.401129650267832,"non_monotonic","True","False","False","False","True","True","True","True","True","True","True",0.454511664706369,"Tier 2 - provisional",-0.29251667750663,0.0613545938298708,FALSE
"CENPK",-0.56387253666792,8.01014208040725e-05,-0.496789710130176,0.0014280638157184,-0.520251240713943,0.0009151198546781,-0.482885906450599,0.0017255361417611,-0.565354081632654,1.12974949306213e-05,0.744897959183674,6,"sex=Female;sex=Male;location=Left;location=Right;age_stratum=age_lower;age_stratum=age_upper",1,-0.716490768331263,-0.372311767374458,"False",5.55219297108897,4.98832043442105,6.11543377950648,-0.563872536667919,1.12711334508543,"adjacent_specific","True","False","True","False","True","True","True","True","True","False","True",0.447936490498824,"Tier 2 - provisional",-0.302195835216911,0.165207063971211,FALSE
"SERINC2",-0.500421204542119,0.000500222097672,-0.433162821275919,0.0057777388983742,-0.424371116107769,0.0077582509630785,-0.43879416044508,0.0051951931473243,-0.499850653061223,6.55218666160359e-06,0.795918367346939,6,"sex=Female;sex=Male;location=Left;location=Right;age_stratum=age_lower;age_stratum=age_upper",1,-0.687598892461756,-0.340278776819558,"False",9.13279421167612,8.632373007134,7.37867042961306,-0.500421204542118,-1.25370257752094,"monotonic_down","True","False","False","False","True","True","True","False","True","False","True",0.446344554628109,"Tier 2 - provisional",0.148072163156575,0.491585914362341,FALSE
"ECHDC3",0.649216775848948,0.0126536169078762,0.542372439963591,0.0601440576043923,0.546740822146821,0.0621332468551015,0.532848867797714,0.0648393833494855,0.643184653061225,0.0197468233997061,0.775510204081633,6,"sex=Female;sex=Male;location=Left;location=Right;age_stratum=age_lower;age_stratum=age_upper",1,0.479002665023841,0.817914080036794,"False",4.66305896663936,5.31227574248831,4.9897865012603,0.64921677584895,-0.322489241228003,"non_monotonic","True","False","False","False","True","True","True","True","True","False","True",0.443962398263877,"Tier 2 - provisional",0.56874524190573,0.155535419848653,FALSE
"UBE2T",-0.501822934943327,5.54005918022094e-05,-0.435010544667932,0.0012824873773121,-0.482158417476962,0.0002704204695052,-0.437217894897555,0.0012481941339713,-0.504646326530612,1.76196477354961e-06,0.73469387755102,6,"sex=Female;sex=Male;location=Left;location=Right;age_stratum=age_lower;age_stratum=age_upper",1,-0.644444024121738,-0.332950124616948,"False",7.30626590159578,6.80444296665245,8.45721522019905,-0.501822934943325,1.6527722535466,"adjacent_specific","True","False","False","False","True","True","True","True","True","False","True",0.44239949927409,"Tier 2 - provisional",-0.402872887363383,0.0234799244143649,FALSE
"TOP2A",-0.532601618020989,0.0002654660640073,-0.491282809793139,0.0020997989746712,-0.510200870714534,0.0015655397546761,-0.491013331458967,0.0021813014111632,-0.531208040816328,8.57685325070329e-06,0.714285714285714,6,"sex=Female;sex=Male;location=Left;location=Right;age_stratum=age_lower;age_stratum=age_upper",1,-0.716702373435054,-0.296361544795869,"False",7.20278849644023,6.67018687841923,8.57883712231619,-0.532601618020991,1.90865024389696,"adjacent_specific","True","False","True","False","True","True","True","True","True","False","True",0.441974033316614,"Tier 2 - provisional",-0.212398774759474,0.36459437566107,FALSE
"DPP6",0.530697528303765,0.0008039767690718,0.460401587554171,0.0079330027356959,0.458269547317169,0.0092932985395225,0.463078205624028,0.0077130086749836,0.531179489795918,5.55837587409421e-06,0.744897959183674,6,"sex=Female;sex=Male;location=Left;location=Right;age_stratum=age_lower;age_stratum=age_upper",1,0.306475854630119,0.754258962269854,"False",2.25899755467586,2.78969508297963,2.22248375974447,0.530697528303766,-0.567211323235159,"adjacent_specific","True","False","False","False","True","True","True","True","True","False","True",0.440018124679732,"Tier 2 - provisional",-0.354027578865484,0.0537382267072502,FALSE
"BEND5",0.510556086305956,0.0002928888886682,0.466354413842174,0.0025170641143338,0.449374132247172,0.0040454216138997,0.471904398624699,0.0022507066664473,0.512995551020408,3.90287530096684e-06,0.704081632653061,6,"sex=Female;sex=Male;location=Left;location=Right;age_stratum=age_lower;age_stratum=age_upper",1,0.3564558705906,0.654080675623464,"False",2.78767038158416,3.29822646789011,2.41767279775888,0.510556086305955,-0.880553670131239,"adjacent_specific","True","False","False","False","True","True","True","True","True","False","True",0.438173446525003,"Tier 2 - provisional",-0.263528935116187,0.107078547128409,FALSE
"MT1JP",0.581334528852961,0.0229351641682019,0.537677090334595,0.0575550041827562,0.517701302152112,0.0724188052728435,0.540662982506205,0.0563689386833221,0.581918489795918,0.0266154649719591,0.724489795918367,6,"sex=Female;sex=Male;location=Left;location=Right;age_stratum=age_lower;age_stratum=age_upper",1,0.395556774976778,0.763483517724325,"False",7.80081583456252,8.38215036341548,3.73670734296576,0.581334528852959,-4.64544302044972,"adjacent_specific","True","False","False","False","True","True","True","True","True","False","True",0.436474883799267,"Tier 2 - provisional",0.903616170318071,0.0109328045030908,TRUE
"CCNA2",-0.514290414420157,0.0010127343799319,-0.463696288017421,0.0068745550579527,-0.476580269815915,0.0061284389365149,-0.466865903895557,0.0066066126738076,-0.513028571428571,8.96743719581514e-05,0.693877551020408,6,"sex=Female;sex=Male;location=Left;location=Right;age_stratum=age_lower;age_stratum=age_upper",1,-0.602104951251849,-0.309298790483649,"False",6.49575486736113,5.98146445294098,7.43364662332305,-0.514290414420152,1.45218217038207,"adjacent_specific","True","False","False","False","True","True","True","True","False","False","True",0.433409066471615,"Tier 2 - provisional",-0.288626978048592,0.240852882019741,FALSE
"RPRM",0.549605524742751,0.0019966161805325,0.447722948601726,0.0216812496184405,0.433312884402192,0.0288061679452912,0.458386375573853,0.0182408406125981,0.549705224489796,3.25750637595116e-05,0.622448979591837,6,"sex=Female;sex=Male;location=Left;location=Right;age_stratum=age_lower;age_stratum=age_upper",1,0.281373245769161,0.778488987555814,"False",2.27890917564537,2.82851470038812,2.4730288671073,0.549605524742749,-0.355485833280821,"non_monotonic","True","False","False","False","True","True","True","True","False","False","True",0.41850089120222,"Tier 2 - provisional",-0.527902997393637,0.00473140018805397,FALSE
"MORN5",0.562351095111621,0.0008890612925987,0.467938122607464,0.0114664055472701,0.464042526241505,0.0136105886309129,0.465839013009356,0.0120335626909111,0.562187224489796,7.96111730250075e-06,0.530612244897959,6,"sex=Female;sex=Male;location=Left;location=Right;age_stratum=age_lower;age_stratum=age_upper",1,0.344777760163791,0.770102236713884,"False",2.26200215222255,2.82435324733417,2.20861880585653,0.56235109511162,-0.615734441477639,"adjacent_specific","True","False","False","False","True","True","True","True","False","False","True",0.408801420186186,"Tier 2 - provisional",-0.427940141599768,0.022228322653875,FALSE
"HSPE1",-0.501628278627102,1.99214995478729e-11,-0.43928460914864,2.22065623894199e-08,-0.460657702655827,3.97114459962518e-09,-0.431657519376196,2.57005621581003e-08,-0.49850812244898,1.94602889636393e-12,0.897959183673469,6,"sex=Female;sex=Male;location=Left;location=Right;age_stratum=age_lower;age_stratum=age_upper",1,-0.57798961044986,-0.444353605717374,"False",6.85980066357712,6.35817238495002,7.20470973261583,-0.501628278627102,0.846537347665814,"adjacent_specific","True","False","False","False","True","True","True","False","True","True","True",0.357182488790494,"Tier 2 - provisional",-0.623572141444176,3.14998247973363e-11,TRUE
"VGLL3",0.500863085580549,0.0002909742593372,0.436858558361563,0.0038086932692987,0.419774570635044,0.0060612094785373,0.444719528854151,0.0031525087423749,0.482819142857143,4.35700180875758e-06,0.755102040816326,6,"sex=Female;sex=Male;location=Left;location=Right;age_stratum=age_lower;age_stratum=age_upper",1,0.386914253083961,0.584951652033331,"False",2.99456049392496,3.49542357950551,3.13197062065601,0.500863085580548,-0.363452958849499,"non_monotonic","True","False","False","False","True","True","True","False","True","False","True",0.299213217153601,"Tier 2 - provisional",-0.301247606982073,0.0536455394377119,FALSE
