sample_id,patient_id,y_true,y_pred,representation,locked_threshold,probability_adjacent_normal,probability_tumor,evaluation_set,analysis_provenance
GSM1012286,620,tumor,tumor,within_sample_percentile_rank,0.5,0.2267099146759416,0.7732900853240584,canonical_patient,raw_cel_rma
GSM1012297,990,tumor,adjacent_normal,within_sample_percentile_rank,0.5,0.5026514072611934,0.4973485927388066,canonical_patient,raw_cel_rma
GSM1012304,2184,adjacent_normal,adjacent_normal,within_sample_percentile_rank,0.5,0.9309448078924968,0.06905519210750317,canonical_patient,raw_cel_rma
GSM1012306,2189,adjacent_normal,adjacent_normal,within_sample_percentile_rank,0.5,0.9297873727635385,0.07021262723646153,canonical_patient,raw_cel_rma
GSM1012308,2500,tumor,adjacent_normal,within_sample_percentile_rank,0.5,0.5718392813156437,0.4281607186843563,canonical_patient,raw_cel_rma
GSM1012310,2679,tumor,tumor,within_sample_percentile_rank,0.5,0.23762237686482335,0.7623776231351767,canonical_patient,raw_cel_rma
GSM1012312,2779,tumor,tumor,within_sample_percentile_rank,0.5,0.3111090164711686,0.6888909835288314,canonical_patient,raw_cel_rma
GSM1012314,2815,tumor,tumor,within_sample_percentile_rank,0.5,0.4098715149397921,0.5901284850602079,canonical_patient,raw_cel_rma
GSM1012316,2832,tumor,tumor,within_sample_percentile_rank,0.5,0.15308908207629335,0.8469109179237067,canonical_patient,raw_cel_rma
GSM1012318,3023,adjacent_normal,adjacent_normal,within_sample_percentile_rank,0.5,0.930488078608765,0.06951192139123502,canonical_patient,raw_cel_rma
GSM1012319,3156,tumor,tumor,within_sample_percentile_rank,0.5,0.20425965652131528,0.7957403434786847,canonical_patient,raw_cel_rma
GSM1012320,3283,tumor,tumor,within_sample_percentile_rank,0.5,0.29983781814424915,0.7001621818557509,canonical_patient,raw_cel_rma
GSM1012322,3393,tumor,tumor,within_sample_percentile_rank,0.5,0.341035492394572,0.658964507605428,canonical_patient,raw_cel_rma
GSM1012324,3401,tumor,tumor,within_sample_percentile_rank,0.5,0.19390562076793372,0.8060943792320663,canonical_patient,raw_cel_rma
GSM1012325,3465,tumor,adjacent_normal,within_sample_percentile_rank,0.5,0.683075476524938,0.3169245234750619,canonical_patient,raw_cel_rma
GSM1012326,3519,tumor,tumor,within_sample_percentile_rank,0.5,0.45885312776151965,0.5411468722384803,canonical_patient,raw_cel_rma
GSM1012328,3531,tumor,tumor,within_sample_percentile_rank,0.5,0.35476762278848095,0.645232377211519,canonical_patient,raw_cel_rma
GSM1012330,3598,adjacent_normal,adjacent_normal,within_sample_percentile_rank,0.5,0.9220973676107529,0.07790263238924715,canonical_patient,raw_cel_rma
GSM1012331,3637,tumor,tumor,within_sample_percentile_rank,0.5,0.20609333048580725,0.7939066695141928,canonical_patient,raw_cel_rma
GSM1012335,3657,adjacent_normal,adjacent_normal,within_sample_percentile_rank,0.5,0.9470572502470342,0.05294274975296577,canonical_patient,raw_cel_rma
GSM1012336,3706,tumor,tumor,within_sample_percentile_rank,0.5,0.4103554471868368,0.5896445528131632,canonical_patient,raw_cel_rma
GSM1012338,3752,tumor,adjacent_normal,within_sample_percentile_rank,0.5,0.5558483730664835,0.4441516269335165,canonical_patient,raw_cel_rma
GSM1012340,3753,adjacent_normal,adjacent_normal,within_sample_percentile_rank,0.5,0.9382338920690086,0.06176610793099133,canonical_patient,raw_cel_rma
GSM1012342,3777,adjacent_normal,adjacent_normal,within_sample_percentile_rank,0.5,0.9122381630877798,0.08776183691222013,canonical_patient,raw_cel_rma
GSM1012344,3862,tumor,tumor,within_sample_percentile_rank,0.5,0.3679619080621225,0.6320380919378775,canonical_patient,raw_cel_rma
GSM1012347,4176,adjacent_normal,adjacent_normal,within_sample_percentile_rank,0.5,0.9350722221026898,0.06492777789731016,canonical_patient,raw_cel_rma
GSM1012350,4276,tumor,tumor,within_sample_percentile_rank,0.5,0.34147339899650864,0.6585266010034914,canonical_patient,raw_cel_rma
GSM1012352,4388,tumor,tumor,within_sample_percentile_rank,0.5,0.20508411461443588,0.7949158853855641,canonical_patient,raw_cel_rma
GSM1012354,4494,tumor,tumor,within_sample_percentile_rank,0.5,0.3462925091333,0.6537074908667,canonical_patient,raw_cel_rma
GSM1012357,4549,adjacent_normal,adjacent_normal,within_sample_percentile_rank,0.5,0.8777939192074562,0.12220608079254382,canonical_patient,raw_cel_rma
GSM1012359,4800,adjacent_normal,adjacent_normal,within_sample_percentile_rank,0.5,0.5757051396852959,0.42429486031470404,canonical_patient,raw_cel_rma
GSM1012361,5025,tumor,tumor,within_sample_percentile_rank,0.5,0.2983281639398996,0.7016718360601004,canonical_patient,raw_cel_rma
GSM1012363,5334,tumor,tumor,within_sample_percentile_rank,0.5,0.2867478225982374,0.7132521774017626,canonical_patient,raw_cel_rma
GSM1012364,5424,tumor,tumor,within_sample_percentile_rank,0.5,0.4489639953120227,0.5510360046879773,canonical_patient,raw_cel_rma
GSM1012366,5629,tumor,tumor,within_sample_percentile_rank,0.5,0.4450533063100376,0.5549466936899624,canonical_patient,raw_cel_rma
GSM1012367,5708,tumor,tumor,within_sample_percentile_rank,0.5,0.3008936995947722,0.6991063004052278,canonical_patient,raw_cel_rma
GSM1012369,5786,adjacent_normal,adjacent_normal,within_sample_percentile_rank,0.5,0.8352580738661244,0.16474192613387564,canonical_patient,raw_cel_rma
GSM1012370,5839,tumor,tumor,within_sample_percentile_rank,0.5,0.1693509902650474,0.8306490097349526,canonical_patient,raw_cel_rma
GSM1012371,5885,tumor,tumor,within_sample_percentile_rank,0.5,0.3264366357046281,0.6735633642953719,canonical_patient,raw_cel_rma
GSM1012373,6051,tumor,tumor,within_sample_percentile_rank,0.5,0.2562537068136861,0.7437462931863139,canonical_patient,raw_cel_rma
GSM1012374,6220,tumor,tumor,within_sample_percentile_rank,0.5,0.3626898547164774,0.6373101452835226,canonical_patient,raw_cel_rma
GSM1012375,6265,tumor,tumor,within_sample_percentile_rank,0.5,0.19564664197244763,0.8043533580275524,canonical_patient,raw_cel_rma
GSM1012376,6314,tumor,tumor,within_sample_percentile_rank,0.5,0.23472037093979248,0.7652796290602075,canonical_patient,raw_cel_rma
GSM1012379,6657,tumor,tumor,within_sample_percentile_rank,0.5,0.4278829258991126,0.5721170741008874,canonical_patient,raw_cel_rma
GSM1012381,6706,tumor,tumor,within_sample_percentile_rank,0.5,0.22720545238918943,0.7727945476108106,canonical_patient,raw_cel_rma
GSM1012384,6840,tumor,tumor,within_sample_percentile_rank,0.5,0.47504043872852586,0.5249595612714741,canonical_patient,raw_cel_rma
GSM1012385,6997,tumor,tumor,within_sample_percentile_rank,0.5,0.15982962489405594,0.8401703751059441,canonical_patient,raw_cel_rma
GSM1012386,7061,tumor,tumor,within_sample_percentile_rank,0.5,0.31258743607144,0.68741256392856,canonical_patient,raw_cel_rma
GSM1012387,7145,tumor,tumor,within_sample_percentile_rank,0.5,0.4040937349227184,0.5959062650772816,canonical_patient,raw_cel_rma
GSM1012389,7427,tumor,tumor,within_sample_percentile_rank,0.5,0.4088732329466621,0.5911267670533379,canonical_patient,raw_cel_rma
GSM1012391,7576,tumor,tumor,within_sample_percentile_rank,0.5,0.43463271248696456,0.5653672875130354,canonical_patient,raw_cel_rma
GSM1012392,7632,tumor,tumor,within_sample_percentile_rank,0.5,0.36281562694049563,0.6371843730595044,canonical_patient,raw_cel_rma
GSM1012393,7662,tumor,adjacent_normal,within_sample_percentile_rank,0.5,0.6241448788213633,0.3758551211786368,canonical_patient,raw_cel_rma
GSM1012395,7721,tumor,tumor,within_sample_percentile_rank,0.5,0.24801013704161412,0.7519898629583859,canonical_patient,raw_cel_rma
GSM1012396,7925,tumor,tumor,within_sample_percentile_rank,0.5,0.4866532813541411,0.5133467186458589,canonical_patient,raw_cel_rma
GSM1012397,7930,tumor,adjacent_normal,within_sample_percentile_rank,0.5,0.5436643283095242,0.4563356716904759,canonical_patient,raw_cel_rma
GSM1012398,7973,tumor,adjacent_normal,within_sample_percentile_rank,0.5,0.5442481329535644,0.4557518670464355,canonical_patient,raw_cel_rma
GSM1012399,8018,tumor,tumor,within_sample_percentile_rank,0.5,0.38138479954590343,0.6186152004540966,canonical_patient,raw_cel_rma
GSM1012400,8029,tumor,tumor,within_sample_percentile_rank,0.5,0.4080422969317453,0.5919577030682547,canonical_patient,raw_cel_rma
GSM1012401,8061,tumor,tumor,within_sample_percentile_rank,0.5,0.22079645788616897,0.779203542113831,canonical_patient,raw_cel_rma
GSM1012405,8168,tumor,tumor,within_sample_percentile_rank,0.5,0.24437745615328244,0.7556225438467176,canonical_patient,raw_cel_rma
GSM1012407,8792,tumor,tumor,within_sample_percentile_rank,0.5,0.2084843250783739,0.7915156749216261,canonical_patient,raw_cel_rma
GSM1012408,9054,tumor,tumor,within_sample_percentile_rank,0.5,0.22594733088540053,0.7740526691145995,canonical_patient,raw_cel_rma
GSM1012409,9077,tumor,tumor,within_sample_percentile_rank,0.5,0.25227800805339406,0.7477219919466059,canonical_patient,raw_cel_rma
GSM1012410,9185,tumor,tumor,within_sample_percentile_rank,0.5,0.226901025403342,0.773098974596658,canonical_patient,raw_cel_rma
GSM1012411,9297,tumor,adjacent_normal,within_sample_percentile_rank,0.5,0.557037988325809,0.44296201167419097,canonical_patient,raw_cel_rma
GSM1012412,9343,tumor,tumor,within_sample_percentile_rank,0.5,0.2957269596132984,0.7042730403867016,canonical_patient,raw_cel_rma
GSM1012413,9394,tumor,adjacent_normal,within_sample_percentile_rank,0.5,0.5881071639127735,0.41189283608722654,canonical_patient,raw_cel_rma
GSM1012414,9420,tumor,tumor,within_sample_percentile_rank,0.5,0.3777917614837284,0.6222082385162716,canonical_patient,raw_cel_rma
GSM1012416,9468,tumor,tumor,within_sample_percentile_rank,0.5,0.29344952494024,0.70655047505976,canonical_patient,raw_cel_rma
GSM1012419,9728,tumor,tumor,within_sample_percentile_rank,0.5,0.1865747627391292,0.8134252372608708,canonical_patient,raw_cel_rma
GSM1012421,9811,tumor,tumor,within_sample_percentile_rank,0.5,0.21452311541266011,0.7854768845873399,canonical_patient,raw_cel_rma
GSM1012423,10194,tumor,tumor,within_sample_percentile_rank,0.5,0.23114584625690815,0.7688541537430919,canonical_patient,raw_cel_rma
GSM1012424,10216,tumor,tumor,within_sample_percentile_rank,0.5,0.4631113448328117,0.5368886551671883,canonical_patient,raw_cel_rma
GSM1012426,10264,tumor,tumor,within_sample_percentile_rank,0.5,0.2387761807916693,0.7612238192083307,canonical_patient,raw_cel_rma
GSM1012427,10368,tumor,tumor,within_sample_percentile_rank,0.5,0.20160305106099397,0.798396948939006,canonical_patient,raw_cel_rma
GSM1012428,10512,tumor,tumor,within_sample_percentile_rank,0.5,0.18720664901768103,0.812793350982319,canonical_patient,raw_cel_rma
GSM1012429,10630,tumor,adjacent_normal,within_sample_percentile_rank,0.5,0.8116885794819596,0.18831142051804042,canonical_patient,raw_cel_rma
GSM1012432,11325,tumor,tumor,within_sample_percentile_rank,0.5,0.19713440504462376,0.8028655949553762,canonical_patient,raw_cel_rma
GSM1012434,11718,tumor,tumor,within_sample_percentile_rank,0.5,0.31978140081087547,0.6802185991891245,canonical_patient,raw_cel_rma
GSM1012437,12237,tumor,tumor,within_sample_percentile_rank,0.5,0.16652303836493987,0.8334769616350601,canonical_patient,raw_cel_rma
GSM1012439,12292,tumor,tumor,within_sample_percentile_rank,0.5,0.44719657479186137,0.5528034252081386,canonical_patient,raw_cel_rma
GSM1012440,12297,tumor,tumor,within_sample_percentile_rank,0.5,0.3295190766209466,0.6704809233790534,canonical_patient,raw_cel_rma
GSM1012441,12355,tumor,tumor,within_sample_percentile_rank,0.5,0.3558019131176353,0.6441980868823647,canonical_patient,raw_cel_rma
GSM1012442,12847,tumor,tumor,within_sample_percentile_rank,0.5,0.3140964424898842,0.6859035575101158,canonical_patient,raw_cel_rma
GSM1012445,13321,tumor,tumor,within_sample_percentile_rank,0.5,0.23642894071037557,0.7635710592896244,canonical_patient,raw_cel_rma
GSM1012446,13357,tumor,tumor,within_sample_percentile_rank,0.5,0.2424901669242122,0.7575098330757878,canonical_patient,raw_cel_rma
GSM1012447,14475,tumor,tumor,within_sample_percentile_rank,0.5,0.26127341048199426,0.7387265895180057,canonical_patient,raw_cel_rma
GSM1012451,15329,tumor,tumor,within_sample_percentile_rank,0.5,0.21070451290383452,0.7892954870961655,canonical_patient,raw_cel_rma
GSM1012455,A0319,tumor,tumor,within_sample_percentile_rank,0.5,0.27225533806514957,0.7277446619348504,canonical_patient,raw_cel_rma
GSM1012456,A0702,tumor,tumor,within_sample_percentile_rank,0.5,0.41802799273587277,0.5819720072641272,canonical_patient,raw_cel_rma
GSM1012459,A1327,adjacent_normal,adjacent_normal,within_sample_percentile_rank,0.5,0.8909788717187339,0.10902112828126609,canonical_patient,raw_cel_rma
GSM1012461,A1516,tumor,tumor,within_sample_percentile_rank,0.5,0.26049306007158457,0.7395069399284154,canonical_patient,raw_cel_rma
GSM1012462,A1644,tumor,adjacent_normal,within_sample_percentile_rank,0.5,0.6443949040781246,0.3556050959218754,canonical_patient,raw_cel_rma
GSM1012463,A1716,tumor,adjacent_normal,within_sample_percentile_rank,0.5,0.7616132690149392,0.23838673098506083,canonical_patient,raw_cel_rma
GSM1012465,A1853,adjacent_normal,adjacent_normal,within_sample_percentile_rank,0.5,0.8867621128693393,0.1132378871306607,canonical_patient,raw_cel_rma
GSM1012466,A2191,adjacent_normal,adjacent_normal,within_sample_percentile_rank,0.5,0.8309212466506304,0.16907875334936961,canonical_patient,raw_cel_rma
GSM1012467,A2226,tumor,tumor,within_sample_percentile_rank,0.5,0.20053232866676352,0.7994676713332365,canonical_patient,raw_cel_rma
GSM1012468,A2367,tumor,tumor,within_sample_percentile_rank,0.5,0.28135743428530424,0.7186425657146958,canonical_patient,raw_cel_rma
GSM1012469,A2434,tumor,tumor,within_sample_percentile_rank,0.5,0.2158906212909283,0.7841093787090717,canonical_patient,raw_cel_rma
GSM1012471,A2715,tumor,adjacent_normal,within_sample_percentile_rank,0.5,0.5085837298179401,0.4914162701820599,canonical_patient,raw_cel_rma
GSM1012474,A3536,tumor,tumor,within_sample_percentile_rank,0.5,0.319447734414409,0.680552265585591,canonical_patient,raw_cel_rma
GSM1012478,A4248,tumor,tumor,within_sample_percentile_rank,0.5,0.3164885510340949,0.6835114489659051,canonical_patient,raw_cel_rma
GSM1012479,A4342,tumor,tumor,within_sample_percentile_rank,0.5,0.27683753843481873,0.7231624615651813,canonical_patient,raw_cel_rma
GSM1012483,A4410,adjacent_normal,adjacent_normal,within_sample_percentile_rank,0.5,0.9205970656987701,0.07940293430122992,canonical_patient,raw_cel_rma
GSM1012486,A4779,tumor,tumor,within_sample_percentile_rank,0.5,0.188608163490797,0.811391836509203,canonical_patient,raw_cel_rma
GSM1012488,A4792,tumor,adjacent_normal,within_sample_percentile_rank,0.5,0.7353524691174917,0.2646475308825083,canonical_patient,raw_cel_rma
GSM1012490,A4902,tumor,tumor,within_sample_percentile_rank,0.5,0.24239863754513757,0.7576013624548624,canonical_patient,raw_cel_rma
GSM1012492,A4947,tumor,tumor,within_sample_percentile_rank,0.5,0.24277820427586216,0.7572217957241378,canonical_patient,raw_cel_rma
GSM1012498,A5153,adjacent_normal,adjacent_normal,within_sample_percentile_rank,0.5,0.8420635364056295,0.15793646359437058,canonical_patient,raw_cel_rma
GSM1012499,A5320,tumor,tumor,within_sample_percentile_rank,0.5,0.23901166015643582,0.7609883398435642,canonical_patient,raw_cel_rma
GSM1012500,A5465,tumor,adjacent_normal,within_sample_percentile_rank,0.5,0.5010818049845839,0.4989181950154161,canonical_patient,raw_cel_rma
GSM1012502,A5627,tumor,adjacent_normal,within_sample_percentile_rank,0.5,0.5731825629499306,0.42681743705006936,canonical_patient,raw_cel_rma
GSM1012507,A6141,tumor,tumor,within_sample_percentile_rank,0.5,0.27410332141805605,0.725896678581944,canonical_patient,raw_cel_rma
GSM1012509,A6275,tumor,tumor,within_sample_percentile_rank,0.5,0.4526988781853889,0.5473011218146111,canonical_patient,raw_cel_rma
GSM1012510,A7366,tumor,tumor,within_sample_percentile_rank,0.5,0.32636341681419323,0.6736365831858068,canonical_patient,raw_cel_rma
GSM1012511,A8307,tumor,tumor,within_sample_percentile_rank,0.5,0.26834985042430304,0.731650149575697,canonical_patient,raw_cel_rma
GSM1012513,A8528,tumor,tumor,within_sample_percentile_rank,0.5,0.32852818950898977,0.6714718104910102,canonical_patient,raw_cel_rma
GSM1012525,C0081,tumor,adjacent_normal,within_sample_percentile_rank,0.5,0.6615107060537386,0.33848929394626137,canonical_patient,raw_cel_rma
GSM1012526,C0101,tumor,tumor,within_sample_percentile_rank,0.5,0.48179125339745965,0.5182087466025403,canonical_patient,raw_cel_rma
GSM1012527,C0104,tumor,tumor,within_sample_percentile_rank,0.5,0.48353981378131594,0.5164601862186841,canonical_patient,raw_cel_rma
GSM1012528,C0105,tumor,tumor,within_sample_percentile_rank,0.5,0.3628610527271453,0.6371389472728547,canonical_patient,raw_cel_rma
GSM1012530,C0111,adjacent_normal,adjacent_normal,within_sample_percentile_rank,0.5,0.9583505465323162,0.041649453467683756,canonical_patient,raw_cel_rma
GSM1012531,C0112,tumor,tumor,within_sample_percentile_rank,0.5,0.3460734370934585,0.6539265629065415,canonical_patient,raw_cel_rma
GSM1012532,C0113,tumor,tumor,within_sample_percentile_rank,0.5,0.14640785062401052,0.8535921493759895,canonical_patient,raw_cel_rma
GSM1012533,C0114,tumor,tumor,within_sample_percentile_rank,0.5,0.36062302444033945,0.6393769755596606,canonical_patient,raw_cel_rma
GSM1012535,C0115,tumor,adjacent_normal,within_sample_percentile_rank,0.5,0.6151179352952663,0.3848820647047338,canonical_patient,raw_cel_rma
GSM1012536,C0117,tumor,adjacent_normal,within_sample_percentile_rank,0.5,0.5983228614004452,0.40167713859955473,canonical_patient,raw_cel_rma
GSM1012538,C0122,tumor,tumor,within_sample_percentile_rank,0.5,0.3814389264833349,0.6185610735166651,canonical_patient,raw_cel_rma
GSM1012540,C0123,adjacent_normal,adjacent_normal,within_sample_percentile_rank,0.5,0.9558656893950555,0.04413431060494454,canonical_patient,raw_cel_rma
GSM1012541,C0124,tumor,tumor,within_sample_percentile_rank,0.5,0.2778789644902735,0.7221210355097265,canonical_patient,raw_cel_rma
GSM1012542,C0125,tumor,tumor,within_sample_percentile_rank,0.5,0.37616644488005546,0.6238335551199445,canonical_patient,raw_cel_rma
GSM1012543,C0127,tumor,tumor,within_sample_percentile_rank,0.5,0.24154756991995263,0.7584524300800474,canonical_patient,raw_cel_rma
GSM1012544,C0128,tumor,tumor,within_sample_percentile_rank,0.5,0.22907562251267688,0.7709243774873231,canonical_patient,raw_cel_rma
GSM1012546,C0130,tumor,tumor,within_sample_percentile_rank,0.5,0.19281821672285182,0.8071817832771482,canonical_patient,raw_cel_rma
GSM1012547,C0134,tumor,adjacent_normal,within_sample_percentile_rank,0.5,0.5428755850183831,0.45712441498161693,canonical_patient,raw_cel_rma
GSM1012549,C0136,tumor,tumor,within_sample_percentile_rank,0.5,0.17590752705385604,0.824092472946144,canonical_patient,raw_cel_rma
GSM1012553,C0137,tumor,tumor,within_sample_percentile_rank,0.5,0.1648790042457603,0.8351209957542397,canonical_patient,raw_cel_rma
GSM1012558,C0140,tumor,adjacent_normal,within_sample_percentile_rank,0.5,0.6635308746004441,0.33646912539955587,canonical_patient,raw_cel_rma
GSM1012562,C0147,tumor,tumor,within_sample_percentile_rank,0.5,0.3269045713428276,0.6730954286571724,canonical_patient,raw_cel_rma
GSM1012564,C0149,tumor,tumor,within_sample_percentile_rank,0.5,0.47679271503211973,0.5232072849678803,canonical_patient,raw_cel_rma
GSM1012565,C0151,tumor,tumor,within_sample_percentile_rank,0.5,0.23529811035551018,0.7647018896444898,canonical_patient,raw_cel_rma
GSM1012567,C0153,tumor,tumor,within_sample_percentile_rank,0.5,0.3451064587392457,0.6548935412607543,canonical_patient,raw_cel_rma
GSM1012569,C0154,tumor,tumor,within_sample_percentile_rank,0.5,0.2826457736903648,0.7173542263096352,canonical_patient,raw_cel_rma
GSM1012570,C0155,tumor,tumor,within_sample_percentile_rank,0.5,0.16720288036650466,0.8327971196334953,canonical_patient,raw_cel_rma
GSM1012571,C0156,tumor,tumor,within_sample_percentile_rank,0.5,0.21705930338483215,0.7829406966151679,canonical_patient,raw_cel_rma
GSM1012573,C0157,adjacent_normal,adjacent_normal,within_sample_percentile_rank,0.5,0.8392493427366692,0.16075065726333082,canonical_patient,raw_cel_rma
GSM1012574,C0158,tumor,tumor,within_sample_percentile_rank,0.5,0.25807781354435144,0.7419221864556486,canonical_patient,raw_cel_rma
GSM1012576,C0159,tumor,tumor,within_sample_percentile_rank,0.5,0.2599504350762992,0.7400495649237008,canonical_patient,raw_cel_rma
GSM1012577,C0168,tumor,tumor,within_sample_percentile_rank,0.5,0.27319478825022503,0.726805211749775,canonical_patient,raw_cel_rma
GSM1012578,C0170,tumor,tumor,within_sample_percentile_rank,0.5,0.3129015667163221,0.6870984332836779,canonical_patient,raw_cel_rma
GSM1012579,C0171,tumor,tumor,within_sample_percentile_rank,0.5,0.2851664393957333,0.7148335606042667,canonical_patient,raw_cel_rma
GSM1012580,C0172,tumor,tumor,within_sample_percentile_rank,0.5,0.4441699891151476,0.5558300108848524,canonical_patient,raw_cel_rma
GSM1012583,C0178,tumor,tumor,within_sample_percentile_rank,0.5,0.2999442901560597,0.7000557098439403,canonical_patient,raw_cel_rma
GSM1012585,C0180,adjacent_normal,adjacent_normal,within_sample_percentile_rank,0.5,0.9043980276114802,0.09560197238851971,canonical_patient,raw_cel_rma
GSM1012586,C0181,tumor,tumor,within_sample_percentile_rank,0.5,0.3664931040078957,0.6335068959921043,canonical_patient,raw_cel_rma
GSM1012587,C0186,tumor,tumor,within_sample_percentile_rank,0.5,0.11298642084828314,0.8870135791517169,canonical_patient,raw_cel_rma
GSM1012588,C0192,tumor,tumor,within_sample_percentile_rank,0.5,0.3883719295934587,0.6116280704065413,canonical_patient,raw_cel_rma
GSM1012589,C0193,tumor,adjacent_normal,within_sample_percentile_rank,0.5,0.5703694995221373,0.42963050047786266,canonical_patient,raw_cel_rma
GSM1012592,C0194,adjacent_normal,adjacent_normal,within_sample_percentile_rank,0.5,0.9363558522833197,0.06364414771668025,canonical_patient,raw_cel_rma
GSM1012594,C0198,adjacent_normal,adjacent_normal,within_sample_percentile_rank,0.5,0.9018490664618284,0.09815093353817156,canonical_patient,raw_cel_rma
GSM1012595,C0200,tumor,tumor,within_sample_percentile_rank,0.5,0.1494068430449973,0.8505931569550027,canonical_patient,raw_cel_rma
GSM1012596,C0203,tumor,tumor,within_sample_percentile_rank,0.5,0.243217268388784,0.756782731611216,canonical_patient,raw_cel_rma
GSM1012597,C0210,tumor,tumor,within_sample_percentile_rank,0.5,0.4144919894599245,0.5855080105400755,canonical_patient,raw_cel_rma
GSM1012600,C0221,tumor,tumor,within_sample_percentile_rank,0.5,0.2515706375790471,0.7484293624209529,canonical_patient,raw_cel_rma
GSM1012602,C0225,tumor,tumor,within_sample_percentile_rank,0.5,0.3728982505335434,0.6271017494664566,canonical_patient,raw_cel_rma
GSM1012603,2308,adjacent_normal,adjacent_normal,within_sample_percentile_rank,0.5,0.9586463350319194,0.04135366496808055,canonical_patient,raw_cel_rma
GSM1012604,C0234,tumor,adjacent_normal,within_sample_percentile_rank,0.5,0.6909296131435361,0.30907038685646393,canonical_patient,raw_cel_rma
GSM1012605,C0238,tumor,tumor,within_sample_percentile_rank,0.5,0.35914014573243036,0.6408598542675696,canonical_patient,raw_cel_rma
GSM1012606,C0251,adjacent_normal,adjacent_normal,within_sample_percentile_rank,0.5,0.9148179473912464,0.0851820526087536,canonical_patient,raw_cel_rma
GSM1012611,C0257,tumor,adjacent_normal,within_sample_percentile_rank,0.5,0.5284155142964033,0.47158448570359673,canonical_patient,raw_cel_rma
GSM1012612,C0265,adjacent_normal,adjacent_normal,within_sample_percentile_rank,0.5,0.8740464807540291,0.12595351924597087,canonical_patient,raw_cel_rma
GSM1012615,C0273,tumor,tumor,within_sample_percentile_rank,0.5,0.4413530217554741,0.5586469782445259,canonical_patient,raw_cel_rma
GSM1012616,C0275,tumor,tumor,within_sample_percentile_rank,0.5,0.3302320501088907,0.6697679498911093,canonical_patient,raw_cel_rma
GSM1012617,C0283,tumor,tumor,within_sample_percentile_rank,0.5,0.3042151426480304,0.6957848573519696,canonical_patient,raw_cel_rma
GSM1012618,C0285,tumor,tumor,within_sample_percentile_rank,0.5,0.1455561068336998,0.8544438931663002,canonical_patient,raw_cel_rma
GSM1012619,C0295,tumor,tumor,within_sample_percentile_rank,0.5,0.45297636363663973,0.5470236363633603,canonical_patient,raw_cel_rma
GSM1012620,C0297,tumor,tumor,within_sample_percentile_rank,0.5,0.21806472770307261,0.7819352722969274,canonical_patient,raw_cel_rma
GSM1012622,C0298,tumor,adjacent_normal,within_sample_percentile_rank,0.5,0.5279592704688238,0.4720407295311761,canonical_patient,raw_cel_rma
GSM1012624,C0312,tumor,tumor,within_sample_percentile_rank,0.5,0.3809314916168841,0.6190685083831159,canonical_patient,raw_cel_rma
GSM1012627,C0323,tumor,adjacent_normal,within_sample_percentile_rank,0.5,0.5983462334607167,0.4016537665392833,canonical_patient,raw_cel_rma
GSM1012630,C0329,adjacent_normal,adjacent_normal,within_sample_percentile_rank,0.5,0.8332366704930491,0.1667633295069509,canonical_patient,raw_cel_rma
GSM1012631,C0330,tumor,adjacent_normal,within_sample_percentile_rank,0.5,0.7200705540686164,0.2799294459313836,canonical_patient,raw_cel_rma
GSM1012634,C0334,tumor,tumor,within_sample_percentile_rank,0.5,0.3516509149144267,0.6483490850855733,canonical_patient,raw_cel_rma
GSM1012635,C0353,tumor,tumor,within_sample_percentile_rank,0.5,0.2778649744568553,0.7221350255431447,canonical_patient,raw_cel_rma
GSM1012640,C0415,adjacent_normal,adjacent_normal,within_sample_percentile_rank,0.5,0.9109448514549793,0.08905514854502075,canonical_patient,raw_cel_rma
GSM1012643,C0472,tumor,tumor,within_sample_percentile_rank,0.5,0.21018394265661078,0.7898160573433892,canonical_patient,raw_cel_rma
GSM1012645,C0487,tumor,tumor,within_sample_percentile_rank,0.5,0.37578407152776494,0.6242159284722351,canonical_patient,raw_cel_rma
GSM1012648,C0575,adjacent_normal,adjacent_normal,within_sample_percentile_rank,0.5,0.8532332631746015,0.14676673682539854,canonical_patient,raw_cel_rma
GSM1012651,C0667,tumor,tumor,within_sample_percentile_rank,0.5,0.23884176721656614,0.7611582327834339,canonical_patient,raw_cel_rma
GSM1012286,620,tumor,tumor,within_sample_percentile_rank,0.5,0.2267099146759416,0.7732900853240584,all_array_sensitivity,raw_cel_rma
GSM1012297,990,tumor,adjacent_normal,within_sample_percentile_rank,0.5,0.5026514072611934,0.4973485927388066,all_array_sensitivity,raw_cel_rma
GSM1012303,2184,tumor,tumor,within_sample_percentile_rank,0.5,0.2473808145952998,0.7526191854047002,all_array_sensitivity,raw_cel_rma
GSM1012304,2184,adjacent_normal,adjacent_normal,within_sample_percentile_rank,0.5,0.9309448078924968,0.06905519210750317,all_array_sensitivity,raw_cel_rma
GSM1012305,2189,tumor,adjacent_normal,within_sample_percentile_rank,0.5,0.6282296269238102,0.37177037307618976,all_array_sensitivity,raw_cel_rma
GSM1012306,2189,adjacent_normal,adjacent_normal,within_sample_percentile_rank,0.5,0.9297873727635385,0.07021262723646153,all_array_sensitivity,raw_cel_rma
GSM1012307,2308,tumor,tumor,within_sample_percentile_rank,0.5,0.25784988921659524,0.7421501107834048,all_array_sensitivity,raw_cel_rma
GSM1012308,2500,tumor,adjacent_normal,within_sample_percentile_rank,0.5,0.5718392813156437,0.4281607186843563,all_array_sensitivity,raw_cel_rma
GSM1012310,2679,tumor,tumor,within_sample_percentile_rank,0.5,0.23762237686482335,0.7623776231351767,all_array_sensitivity,raw_cel_rma
GSM1012312,2779,tumor,tumor,within_sample_percentile_rank,0.5,0.3111090164711686,0.6888909835288314,all_array_sensitivity,raw_cel_rma
GSM1012314,2815,tumor,tumor,within_sample_percentile_rank,0.5,0.4098715149397921,0.5901284850602079,all_array_sensitivity,raw_cel_rma
GSM1012315,2815,adjacent_normal,adjacent_normal,within_sample_percentile_rank,0.5,0.9554025583187811,0.044597441681218895,all_array_sensitivity,raw_cel_rma
GSM1012316,2832,tumor,tumor,within_sample_percentile_rank,0.5,0.15308908207629335,0.8469109179237067,all_array_sensitivity,raw_cel_rma
GSM1012317,3023,tumor,tumor,within_sample_percentile_rank,0.5,0.28683128915537814,0.7131687108446219,all_array_sensitivity,raw_cel_rma
GSM1012318,3023,adjacent_normal,adjacent_normal,within_sample_percentile_rank,0.5,0.930488078608765,0.06951192139123502,all_array_sensitivity,raw_cel_rma
GSM1012319,3156,tumor,tumor,within_sample_percentile_rank,0.5,0.20425965652131528,0.7957403434786847,all_array_sensitivity,raw_cel_rma
GSM1012320,3283,tumor,tumor,within_sample_percentile_rank,0.5,0.29983781814424915,0.7001621818557509,all_array_sensitivity,raw_cel_rma
GSM1012322,3393,tumor,tumor,within_sample_percentile_rank,0.5,0.341035492394572,0.658964507605428,all_array_sensitivity,raw_cel_rma
GSM1012324,3401,tumor,tumor,within_sample_percentile_rank,0.5,0.19390562076793372,0.8060943792320663,all_array_sensitivity,raw_cel_rma
GSM1012325,3465,tumor,adjacent_normal,within_sample_percentile_rank,0.5,0.683075476524938,0.3169245234750619,all_array_sensitivity,raw_cel_rma
GSM1012326,3519,tumor,tumor,within_sample_percentile_rank,0.5,0.45885312776151965,0.5411468722384803,all_array_sensitivity,raw_cel_rma
GSM1012327,3519,adjacent_normal,adjacent_normal,within_sample_percentile_rank,0.5,0.8768543511013961,0.12314564889860395,all_array_sensitivity,raw_cel_rma
GSM1012328,3531,tumor,tumor,within_sample_percentile_rank,0.5,0.35476762278848095,0.645232377211519,all_array_sensitivity,raw_cel_rma
GSM1012330,3598,adjacent_normal,adjacent_normal,within_sample_percentile_rank,0.5,0.9220973676107529,0.07790263238924715,all_array_sensitivity,raw_cel_rma
GSM1012331,3637,tumor,tumor,within_sample_percentile_rank,0.5,0.20609333048580725,0.7939066695141928,all_array_sensitivity,raw_cel_rma
GSM1012333,3637,adjacent_normal,adjacent_normal,within_sample_percentile_rank,0.5,0.9140845363288183,0.08591546367118176,all_array_sensitivity,raw_cel_rma
GSM1012334,3657,tumor,tumor,within_sample_percentile_rank,0.5,0.2835530390693153,0.7164469609306847,all_array_sensitivity,raw_cel_rma
GSM1012335,3657,adjacent_normal,adjacent_normal,within_sample_percentile_rank,0.5,0.9470572502470342,0.05294274975296577,all_array_sensitivity,raw_cel_rma
GSM1012336,3706,tumor,tumor,within_sample_percentile_rank,0.5,0.4103554471868368,0.5896445528131632,all_array_sensitivity,raw_cel_rma
GSM1012337,3706,adjacent_normal,tumor,within_sample_percentile_rank,0.5,0.27596663189482507,0.7240333681051749,all_array_sensitivity,raw_cel_rma
GSM1012338,3752,tumor,adjacent_normal,within_sample_percentile_rank,0.5,0.5558483730664835,0.4441516269335165,all_array_sensitivity,raw_cel_rma
GSM1012339,3753,tumor,tumor,within_sample_percentile_rank,0.5,0.32593276234634283,0.6740672376536572,all_array_sensitivity,raw_cel_rma
GSM1012340,3753,adjacent_normal,adjacent_normal,within_sample_percentile_rank,0.5,0.9382338920690086,0.06176610793099133,all_array_sensitivity,raw_cel_rma
GSM1012341,3777,tumor,tumor,within_sample_percentile_rank,0.5,0.33612738562361844,0.6638726143763816,all_array_sensitivity,raw_cel_rma
GSM1012342,3777,adjacent_normal,adjacent_normal,within_sample_percentile_rank,0.5,0.9122381630877798,0.08776183691222013,all_array_sensitivity,raw_cel_rma
GSM1012344,3862,tumor,tumor,within_sample_percentile_rank,0.5,0.3679619080621225,0.6320380919378775,all_array_sensitivity,raw_cel_rma
GSM1012345,3862,adjacent_normal,adjacent_normal,within_sample_percentile_rank,0.5,0.912239110971973,0.08776088902802698,all_array_sensitivity,raw_cel_rma
GSM1012346,4176,tumor,tumor,within_sample_percentile_rank,0.5,0.3046793984414816,0.6953206015585184,all_array_sensitivity,raw_cel_rma
GSM1012347,4176,adjacent_normal,adjacent_normal,within_sample_percentile_rank,0.5,0.9350722221026898,0.06492777789731016,all_array_sensitivity,raw_cel_rma
GSM1012350,4276,tumor,tumor,within_sample_percentile_rank,0.5,0.34147339899650864,0.6585266010034914,all_array_sensitivity,raw_cel_rma
GSM1012351,4276,adjacent_normal,adjacent_normal,within_sample_percentile_rank,0.5,0.9351628977118911,0.06483710228810889,all_array_sensitivity,raw_cel_rma
GSM1012352,4388,tumor,tumor,within_sample_percentile_rank,0.5,0.20508411461443588,0.7949158853855641,all_array_sensitivity,raw_cel_rma
GSM1012354,4494,tumor,tumor,within_sample_percentile_rank,0.5,0.3462925091333,0.6537074908667,all_array_sensitivity,raw_cel_rma
GSM1012355,4494,adjacent_normal,adjacent_normal,within_sample_percentile_rank,0.5,0.8850370621429573,0.11496293785704266,all_array_sensitivity,raw_cel_rma
GSM1012356,4549,tumor,tumor,within_sample_percentile_rank,0.5,0.3252894937440083,0.6747105062559917,all_array_sensitivity,raw_cel_rma
GSM1012357,4549,adjacent_normal,adjacent_normal,within_sample_percentile_rank,0.5,0.8777939192074562,0.12220608079254382,all_array_sensitivity,raw_cel_rma
GSM1012358,4800,tumor,tumor,within_sample_percentile_rank,0.5,0.22586336039869703,0.774136639601303,all_array_sensitivity,raw_cel_rma
GSM1012359,4800,adjacent_normal,adjacent_normal,within_sample_percentile_rank,0.5,0.5757051396852959,0.42429486031470404,all_array_sensitivity,raw_cel_rma
GSM1012361,5025,tumor,tumor,within_sample_percentile_rank,0.5,0.2983281639398996,0.7016718360601004,all_array_sensitivity,raw_cel_rma
GSM1012363,5334,tumor,tumor,within_sample_percentile_rank,0.5,0.2867478225982374,0.7132521774017626,all_array_sensitivity,raw_cel_rma
GSM1012364,5424,tumor,tumor,within_sample_percentile_rank,0.5,0.4489639953120227,0.5510360046879773,all_array_sensitivity,raw_cel_rma
GSM1012366,5629,tumor,tumor,within_sample_percentile_rank,0.5,0.4450533063100376,0.5549466936899624,all_array_sensitivity,raw_cel_rma
GSM1012367,5708,tumor,tumor,within_sample_percentile_rank,0.5,0.3008936995947722,0.6991063004052278,all_array_sensitivity,raw_cel_rma
GSM1012368,5786,tumor,adjacent_normal,within_sample_percentile_rank,0.5,0.6604180150824231,0.33958198491757685,all_array_sensitivity,raw_cel_rma
GSM1012369,5786,adjacent_normal,adjacent_normal,within_sample_percentile_rank,0.5,0.8352580738661244,0.16474192613387564,all_array_sensitivity,raw_cel_rma
GSM1012370,5839,tumor,tumor,within_sample_percentile_rank,0.5,0.1693509902650474,0.8306490097349526,all_array_sensitivity,raw_cel_rma
GSM1012371,5885,tumor,tumor,within_sample_percentile_rank,0.5,0.3264366357046281,0.6735633642953719,all_array_sensitivity,raw_cel_rma
GSM1012373,6051,tumor,tumor,within_sample_percentile_rank,0.5,0.2562537068136861,0.7437462931863139,all_array_sensitivity,raw_cel_rma
GSM1012374,6220,tumor,tumor,within_sample_percentile_rank,0.5,0.3626898547164774,0.6373101452835226,all_array_sensitivity,raw_cel_rma
GSM1012375,6265,tumor,tumor,within_sample_percentile_rank,0.5,0.19564664197244763,0.8043533580275524,all_array_sensitivity,raw_cel_rma
GSM1012376,6314,tumor,tumor,within_sample_percentile_rank,0.5,0.23472037093979248,0.7652796290602075,all_array_sensitivity,raw_cel_rma
GSM1012379,6657,tumor,tumor,within_sample_percentile_rank,0.5,0.4278829258991126,0.5721170741008874,all_array_sensitivity,raw_cel_rma
GSM1012380,6657,adjacent_normal,adjacent_normal,within_sample_percentile_rank,0.5,0.943291159264677,0.056708840735322986,all_array_sensitivity,raw_cel_rma
GSM1012381,6706,tumor,tumor,within_sample_percentile_rank,0.5,0.22720545238918943,0.7727945476108106,all_array_sensitivity,raw_cel_rma
GSM1012384,6840,tumor,tumor,within_sample_percentile_rank,0.5,0.47504043872852586,0.5249595612714741,all_array_sensitivity,raw_cel_rma
GSM1012385,6997,tumor,tumor,within_sample_percentile_rank,0.5,0.15982962489405594,0.8401703751059441,all_array_sensitivity,raw_cel_rma
GSM1012386,7061,tumor,tumor,within_sample_percentile_rank,0.5,0.31258743607144,0.68741256392856,all_array_sensitivity,raw_cel_rma
GSM1012387,7145,tumor,tumor,within_sample_percentile_rank,0.5,0.4040937349227184,0.5959062650772816,all_array_sensitivity,raw_cel_rma
GSM1012389,7427,tumor,tumor,within_sample_percentile_rank,0.5,0.4088732329466621,0.5911267670533379,all_array_sensitivity,raw_cel_rma
GSM1012391,7576,tumor,tumor,within_sample_percentile_rank,0.5,0.43463271248696456,0.5653672875130354,all_array_sensitivity,raw_cel_rma
GSM1012392,7632,tumor,tumor,within_sample_percentile_rank,0.5,0.36281562694049563,0.6371843730595044,all_array_sensitivity,raw_cel_rma
GSM1012393,7662,tumor,adjacent_normal,within_sample_percentile_rank,0.5,0.6241448788213633,0.3758551211786368,all_array_sensitivity,raw_cel_rma
GSM1012395,7721,tumor,tumor,within_sample_percentile_rank,0.5,0.24801013704161412,0.7519898629583859,all_array_sensitivity,raw_cel_rma
GSM1012396,7925,tumor,tumor,within_sample_percentile_rank,0.5,0.4866532813541411,0.5133467186458589,all_array_sensitivity,raw_cel_rma
GSM1012397,7930,tumor,adjacent_normal,within_sample_percentile_rank,0.5,0.5436643283095242,0.4563356716904759,all_array_sensitivity,raw_cel_rma
GSM1012398,7973,tumor,adjacent_normal,within_sample_percentile_rank,0.5,0.5442481329535644,0.4557518670464355,all_array_sensitivity,raw_cel_rma
GSM1012399,8018,tumor,tumor,within_sample_percentile_rank,0.5,0.38138479954590343,0.6186152004540966,all_array_sensitivity,raw_cel_rma
GSM1012400,8029,tumor,tumor,within_sample_percentile_rank,0.5,0.4080422969317453,0.5919577030682547,all_array_sensitivity,raw_cel_rma
GSM1012401,8061,tumor,tumor,within_sample_percentile_rank,0.5,0.22079645788616897,0.779203542113831,all_array_sensitivity,raw_cel_rma
GSM1012405,8168,tumor,tumor,within_sample_percentile_rank,0.5,0.24437745615328244,0.7556225438467176,all_array_sensitivity,raw_cel_rma
GSM1012407,8792,tumor,tumor,within_sample_percentile_rank,0.5,0.2084843250783739,0.7915156749216261,all_array_sensitivity,raw_cel_rma
GSM1012408,9054,tumor,tumor,within_sample_percentile_rank,0.5,0.22594733088540053,0.7740526691145995,all_array_sensitivity,raw_cel_rma
GSM1012409,9077,tumor,tumor,within_sample_percentile_rank,0.5,0.25227800805339406,0.7477219919466059,all_array_sensitivity,raw_cel_rma
GSM1012410,9185,tumor,tumor,within_sample_percentile_rank,0.5,0.226901025403342,0.773098974596658,all_array_sensitivity,raw_cel_rma
GSM1012411,9297,tumor,adjacent_normal,within_sample_percentile_rank,0.5,0.557037988325809,0.44296201167419097,all_array_sensitivity,raw_cel_rma
GSM1012412,9343,tumor,tumor,within_sample_percentile_rank,0.5,0.2957269596132984,0.7042730403867016,all_array_sensitivity,raw_cel_rma
GSM1012413,9394,tumor,adjacent_normal,within_sample_percentile_rank,0.5,0.5881071639127735,0.41189283608722654,all_array_sensitivity,raw_cel_rma
GSM1012414,9420,tumor,tumor,within_sample_percentile_rank,0.5,0.3777917614837284,0.6222082385162716,all_array_sensitivity,raw_cel_rma
GSM1012416,9468,tumor,tumor,within_sample_percentile_rank,0.5,0.29344952494024,0.70655047505976,all_array_sensitivity,raw_cel_rma
GSM1012419,9728,tumor,tumor,within_sample_percentile_rank,0.5,0.1865747627391292,0.8134252372608708,all_array_sensitivity,raw_cel_rma
GSM1012421,9811,tumor,tumor,within_sample_percentile_rank,0.5,0.21452311541266011,0.7854768845873399,all_array_sensitivity,raw_cel_rma
GSM1012423,10194,tumor,tumor,within_sample_percentile_rank,0.5,0.23114584625690815,0.7688541537430919,all_array_sensitivity,raw_cel_rma
GSM1012424,10216,tumor,tumor,within_sample_percentile_rank,0.5,0.4631113448328117,0.5368886551671883,all_array_sensitivity,raw_cel_rma
GSM1012426,10264,tumor,tumor,within_sample_percentile_rank,0.5,0.2387761807916693,0.7612238192083307,all_array_sensitivity,raw_cel_rma
GSM1012427,10368,tumor,tumor,within_sample_percentile_rank,0.5,0.20160305106099397,0.798396948939006,all_array_sensitivity,raw_cel_rma
GSM1012428,10512,tumor,tumor,within_sample_percentile_rank,0.5,0.18720664901768103,0.812793350982319,all_array_sensitivity,raw_cel_rma
GSM1012429,10630,tumor,adjacent_normal,within_sample_percentile_rank,0.5,0.8116885794819596,0.18831142051804042,all_array_sensitivity,raw_cel_rma
GSM1012432,11325,tumor,tumor,within_sample_percentile_rank,0.5,0.19713440504462376,0.8028655949553762,all_array_sensitivity,raw_cel_rma
GSM1012434,11718,tumor,tumor,within_sample_percentile_rank,0.5,0.31978140081087547,0.6802185991891245,all_array_sensitivity,raw_cel_rma
GSM1012437,12237,tumor,tumor,within_sample_percentile_rank,0.5,0.16652303836493987,0.8334769616350601,all_array_sensitivity,raw_cel_rma
GSM1012439,12292,tumor,tumor,within_sample_percentile_rank,0.5,0.44719657479186137,0.5528034252081386,all_array_sensitivity,raw_cel_rma
GSM1012440,12297,tumor,tumor,within_sample_percentile_rank,0.5,0.3295190766209466,0.6704809233790534,all_array_sensitivity,raw_cel_rma
GSM1012441,12355,tumor,tumor,within_sample_percentile_rank,0.5,0.3558019131176353,0.6441980868823647,all_array_sensitivity,raw_cel_rma
GSM1012442,12847,tumor,tumor,within_sample_percentile_rank,0.5,0.3140964424898842,0.6859035575101158,all_array_sensitivity,raw_cel_rma
GSM1012445,13321,tumor,tumor,within_sample_percentile_rank,0.5,0.23642894071037557,0.7635710592896244,all_array_sensitivity,raw_cel_rma
GSM1012446,13357,tumor,tumor,within_sample_percentile_rank,0.5,0.2424901669242122,0.7575098330757878,all_array_sensitivity,raw_cel_rma
GSM1012447,14475,tumor,tumor,within_sample_percentile_rank,0.5,0.26127341048199426,0.7387265895180057,all_array_sensitivity,raw_cel_rma
GSM1012451,15329,tumor,tumor,within_sample_percentile_rank,0.5,0.21070451290383452,0.7892954870961655,all_array_sensitivity,raw_cel_rma
GSM1012455,A0319,tumor,tumor,within_sample_percentile_rank,0.5,0.27225533806514957,0.7277446619348504,all_array_sensitivity,raw_cel_rma
GSM1012456,A0702,tumor,tumor,within_sample_percentile_rank,0.5,0.41802799273587277,0.5819720072641272,all_array_sensitivity,raw_cel_rma
GSM1012459,A1327,adjacent_normal,adjacent_normal,within_sample_percentile_rank,0.5,0.8909788717187339,0.10902112828126609,all_array_sensitivity,raw_cel_rma
GSM1012461,A1516,tumor,tumor,within_sample_percentile_rank,0.5,0.26049306007158457,0.7395069399284154,all_array_sensitivity,raw_cel_rma
GSM1012462,A1644,tumor,adjacent_normal,within_sample_percentile_rank,0.5,0.6443949040781246,0.3556050959218754,all_array_sensitivity,raw_cel_rma
GSM1012463,A1716,tumor,adjacent_normal,within_sample_percentile_rank,0.5,0.7616132690149392,0.23838673098506083,all_array_sensitivity,raw_cel_rma
GSM1012465,A1853,adjacent_normal,adjacent_normal,within_sample_percentile_rank,0.5,0.8867621128693393,0.1132378871306607,all_array_sensitivity,raw_cel_rma
GSM1012466,A2191,adjacent_normal,adjacent_normal,within_sample_percentile_rank,0.5,0.8309212466506304,0.16907875334936961,all_array_sensitivity,raw_cel_rma
GSM1012467,A2226,tumor,tumor,within_sample_percentile_rank,0.5,0.20053232866676352,0.7994676713332365,all_array_sensitivity,raw_cel_rma
GSM1012468,A2367,tumor,tumor,within_sample_percentile_rank,0.5,0.28135743428530424,0.7186425657146958,all_array_sensitivity,raw_cel_rma
GSM1012469,A2434,tumor,tumor,within_sample_percentile_rank,0.5,0.2158906212909283,0.7841093787090717,all_array_sensitivity,raw_cel_rma
GSM1012471,A2715,tumor,adjacent_normal,within_sample_percentile_rank,0.5,0.5085837298179401,0.4914162701820599,all_array_sensitivity,raw_cel_rma
GSM1012474,A3536,tumor,tumor,within_sample_percentile_rank,0.5,0.319447734414409,0.680552265585591,all_array_sensitivity,raw_cel_rma
GSM1012478,A4248,tumor,tumor,within_sample_percentile_rank,0.5,0.3164885510340949,0.6835114489659051,all_array_sensitivity,raw_cel_rma
GSM1012479,A4342,tumor,tumor,within_sample_percentile_rank,0.5,0.27683753843481873,0.7231624615651813,all_array_sensitivity,raw_cel_rma
GSM1012483,A4410,adjacent_normal,adjacent_normal,within_sample_percentile_rank,0.5,0.9205970656987701,0.07940293430122992,all_array_sensitivity,raw_cel_rma
GSM1012486,A4779,tumor,tumor,within_sample_percentile_rank,0.5,0.188608163490797,0.811391836509203,all_array_sensitivity,raw_cel_rma
GSM1012487,A4779,adjacent_normal,adjacent_normal,within_sample_percentile_rank,0.5,0.9080007546995781,0.09199924530042186,all_array_sensitivity,raw_cel_rma
GSM1012488,A4792,tumor,adjacent_normal,within_sample_percentile_rank,0.5,0.7353524691174917,0.2646475308825083,all_array_sensitivity,raw_cel_rma
GSM1012490,A4902,tumor,tumor,within_sample_percentile_rank,0.5,0.24239863754513757,0.7576013624548624,all_array_sensitivity,raw_cel_rma
GSM1012492,A4947,tumor,tumor,within_sample_percentile_rank,0.5,0.24277820427586216,0.7572217957241378,all_array_sensitivity,raw_cel_rma
GSM1012498,A5153,adjacent_normal,adjacent_normal,within_sample_percentile_rank,0.5,0.8420635364056295,0.15793646359437058,all_array_sensitivity,raw_cel_rma
GSM1012499,A5320,tumor,tumor,within_sample_percentile_rank,0.5,0.23901166015643582,0.7609883398435642,all_array_sensitivity,raw_cel_rma
GSM1012500,A5465,tumor,adjacent_normal,within_sample_percentile_rank,0.5,0.5010818049845839,0.4989181950154161,all_array_sensitivity,raw_cel_rma
GSM1012502,A5627,tumor,adjacent_normal,within_sample_percentile_rank,0.5,0.5731825629499306,0.42681743705006936,all_array_sensitivity,raw_cel_rma
GSM1012507,A6141,tumor,tumor,within_sample_percentile_rank,0.5,0.27410332141805605,0.725896678581944,all_array_sensitivity,raw_cel_rma
GSM1012509,A6275,tumor,tumor,within_sample_percentile_rank,0.5,0.4526988781853889,0.5473011218146111,all_array_sensitivity,raw_cel_rma
GSM1012510,A7366,tumor,tumor,within_sample_percentile_rank,0.5,0.32636341681419323,0.6736365831858068,all_array_sensitivity,raw_cel_rma
GSM1012511,A8307,tumor,tumor,within_sample_percentile_rank,0.5,0.26834985042430304,0.731650149575697,all_array_sensitivity,raw_cel_rma
GSM1012513,A8528,tumor,tumor,within_sample_percentile_rank,0.5,0.32852818950898977,0.6714718104910102,all_array_sensitivity,raw_cel_rma
GSM1012525,C0081,tumor,adjacent_normal,within_sample_percentile_rank,0.5,0.6615107060537386,0.33848929394626137,all_array_sensitivity,raw_cel_rma
GSM1012526,C0101,tumor,tumor,within_sample_percentile_rank,0.5,0.48179125339745965,0.5182087466025403,all_array_sensitivity,raw_cel_rma
GSM1012527,C0104,tumor,tumor,within_sample_percentile_rank,0.5,0.48353981378131594,0.5164601862186841,all_array_sensitivity,raw_cel_rma
GSM1012528,C0105,tumor,tumor,within_sample_percentile_rank,0.5,0.3628610527271453,0.6371389472728547,all_array_sensitivity,raw_cel_rma
GSM1012529,C0111,tumor,adjacent_normal,within_sample_percentile_rank,0.5,0.6175978471550494,0.38240215284495066,all_array_sensitivity,raw_cel_rma
GSM1012530,C0111,adjacent_normal,adjacent_normal,within_sample_percentile_rank,0.5,0.9583505465323162,0.041649453467683756,all_array_sensitivity,raw_cel_rma
GSM1012531,C0112,tumor,tumor,within_sample_percentile_rank,0.5,0.3460734370934585,0.6539265629065415,all_array_sensitivity,raw_cel_rma
GSM1012532,C0113,tumor,tumor,within_sample_percentile_rank,0.5,0.14640785062401052,0.8535921493759895,all_array_sensitivity,raw_cel_rma
GSM1012533,C0114,tumor,tumor,within_sample_percentile_rank,0.5,0.36062302444033945,0.6393769755596606,all_array_sensitivity,raw_cel_rma
GSM1012534,C0114,adjacent_normal,adjacent_normal,within_sample_percentile_rank,0.5,0.9219026037879471,0.07809739621205294,all_array_sensitivity,raw_cel_rma
GSM1012535,C0115,tumor,adjacent_normal,within_sample_percentile_rank,0.5,0.6151179352952663,0.3848820647047338,all_array_sensitivity,raw_cel_rma
GSM1012536,C0117,tumor,adjacent_normal,within_sample_percentile_rank,0.5,0.5983228614004452,0.40167713859955473,all_array_sensitivity,raw_cel_rma
GSM1012537,C0117,adjacent_normal,adjacent_normal,within_sample_percentile_rank,0.5,0.9241602594380511,0.07583974056194881,all_array_sensitivity,raw_cel_rma
GSM1012538,C0122,tumor,tumor,within_sample_percentile_rank,0.5,0.3814389264833349,0.6185610735166651,all_array_sensitivity,raw_cel_rma
GSM1012539,C0123,tumor,tumor,within_sample_percentile_rank,0.5,0.2732709121514516,0.7267290878485484,all_array_sensitivity,raw_cel_rma
GSM1012540,C0123,adjacent_normal,adjacent_normal,within_sample_percentile_rank,0.5,0.9558656893950555,0.04413431060494454,all_array_sensitivity,raw_cel_rma
GSM1012541,C0124,tumor,tumor,within_sample_percentile_rank,0.5,0.2778789644902735,0.7221210355097265,all_array_sensitivity,raw_cel_rma
GSM1012542,C0125,tumor,tumor,within_sample_percentile_rank,0.5,0.37616644488005546,0.6238335551199445,all_array_sensitivity,raw_cel_rma
GSM1012543,C0127,tumor,tumor,within_sample_percentile_rank,0.5,0.24154756991995263,0.7584524300800474,all_array_sensitivity,raw_cel_rma
GSM1012544,C0128,tumor,tumor,within_sample_percentile_rank,0.5,0.22907562251267688,0.7709243774873231,all_array_sensitivity,raw_cel_rma
GSM1012546,C0130,tumor,tumor,within_sample_percentile_rank,0.5,0.19281821672285182,0.8071817832771482,all_array_sensitivity,raw_cel_rma
GSM1012547,C0134,tumor,adjacent_normal,within_sample_percentile_rank,0.5,0.5428755850183831,0.45712441498161693,all_array_sensitivity,raw_cel_rma
GSM1012548,C0134,adjacent_normal,adjacent_normal,within_sample_percentile_rank,0.5,0.9274346428571537,0.07256535714284632,all_array_sensitivity,raw_cel_rma
GSM1012549,C0136,tumor,tumor,within_sample_percentile_rank,0.5,0.17590752705385604,0.824092472946144,all_array_sensitivity,raw_cel_rma
GSM1012550,C0136,adjacent_normal,adjacent_normal,within_sample_percentile_rank,0.5,0.9007929729929789,0.09920702700702107,all_array_sensitivity,raw_cel_rma
GSM1012553,C0137,tumor,tumor,within_sample_percentile_rank,0.5,0.1648790042457603,0.8351209957542397,all_array_sensitivity,raw_cel_rma
GSM1012554,C0137,adjacent_normal,adjacent_normal,within_sample_percentile_rank,0.5,0.8534694866758382,0.1465305133241618,all_array_sensitivity,raw_cel_rma
GSM1012558,C0140,tumor,adjacent_normal,within_sample_percentile_rank,0.5,0.6635308746004441,0.33646912539955587,all_array_sensitivity,raw_cel_rma
GSM1012562,C0147,tumor,tumor,within_sample_percentile_rank,0.5,0.3269045713428276,0.6730954286571724,all_array_sensitivity,raw_cel_rma
GSM1012563,C0147,adjacent_normal,adjacent_normal,within_sample_percentile_rank,0.5,0.9340194902855827,0.06598050971441725,all_array_sensitivity,raw_cel_rma
GSM1012564,C0149,tumor,tumor,within_sample_percentile_rank,0.5,0.47679271503211973,0.5232072849678803,all_array_sensitivity,raw_cel_rma
GSM1012565,C0151,tumor,tumor,within_sample_percentile_rank,0.5,0.23529811035551018,0.7647018896444898,all_array_sensitivity,raw_cel_rma
GSM1012567,C0153,tumor,tumor,within_sample_percentile_rank,0.5,0.3451064587392457,0.6548935412607543,all_array_sensitivity,raw_cel_rma
GSM1012568,C0153,adjacent_normal,adjacent_normal,within_sample_percentile_rank,0.5,0.9010306636249539,0.09896933637504617,all_array_sensitivity,raw_cel_rma
GSM1012569,C0154,tumor,tumor,within_sample_percentile_rank,0.5,0.2826457736903648,0.7173542263096352,all_array_sensitivity,raw_cel_rma
GSM1012570,C0155,tumor,tumor,within_sample_percentile_rank,0.5,0.16720288036650466,0.8327971196334953,all_array_sensitivity,raw_cel_rma
GSM1012571,C0156,tumor,tumor,within_sample_percentile_rank,0.5,0.21705930338483215,0.7829406966151679,all_array_sensitivity,raw_cel_rma
GSM1012572,C0157,tumor,tumor,within_sample_percentile_rank,0.5,0.19028332873253695,0.809716671267463,all_array_sensitivity,raw_cel_rma
GSM1012573,C0157,adjacent_normal,adjacent_normal,within_sample_percentile_rank,0.5,0.8392493427366692,0.16075065726333082,all_array_sensitivity,raw_cel_rma
GSM1012574,C0158,tumor,tumor,within_sample_percentile_rank,0.5,0.25807781354435144,0.7419221864556486,all_array_sensitivity,raw_cel_rma
GSM1012575,C0158,adjacent_normal,adjacent_normal,within_sample_percentile_rank,0.5,0.8398068560545349,0.16019314394546513,all_array_sensitivity,raw_cel_rma
GSM1012576,C0159,tumor,tumor,within_sample_percentile_rank,0.5,0.2599504350762992,0.7400495649237008,all_array_sensitivity,raw_cel_rma
GSM1012577,C0168,tumor,tumor,within_sample_percentile_rank,0.5,0.27319478825022503,0.726805211749775,all_array_sensitivity,raw_cel_rma
GSM1012578,C0170,tumor,tumor,within_sample_percentile_rank,0.5,0.3129015667163221,0.6870984332836779,all_array_sensitivity,raw_cel_rma
GSM1012579,C0171,tumor,tumor,within_sample_percentile_rank,0.5,0.2851664393957333,0.7148335606042667,all_array_sensitivity,raw_cel_rma
GSM1012580,C0172,tumor,tumor,within_sample_percentile_rank,0.5,0.4441699891151476,0.5558300108848524,all_array_sensitivity,raw_cel_rma
GSM1012581,C0172,adjacent_normal,adjacent_normal,within_sample_percentile_rank,0.5,0.8819114158762362,0.11808858412376373,all_array_sensitivity,raw_cel_rma
GSM1012583,C0178,tumor,tumor,within_sample_percentile_rank,0.5,0.2999442901560597,0.7000557098439403,all_array_sensitivity,raw_cel_rma
GSM1012584,C0180,tumor,tumor,within_sample_percentile_rank,0.5,0.20377711017356448,0.7962228898264355,all_array_sensitivity,raw_cel_rma
GSM1012585,C0180,adjacent_normal,adjacent_normal,within_sample_percentile_rank,0.5,0.9043980276114802,0.09560197238851971,all_array_sensitivity,raw_cel_rma
GSM1012586,C0181,tumor,tumor,within_sample_percentile_rank,0.5,0.3664931040078957,0.6335068959921043,all_array_sensitivity,raw_cel_rma
GSM1012587,C0186,tumor,tumor,within_sample_percentile_rank,0.5,0.11298642084828314,0.8870135791517169,all_array_sensitivity,raw_cel_rma
GSM1012588,C0192,tumor,tumor,within_sample_percentile_rank,0.5,0.3883719295934587,0.6116280704065413,all_array_sensitivity,raw_cel_rma
GSM1012589,C0193,tumor,adjacent_normal,within_sample_percentile_rank,0.5,0.5703694995221373,0.42963050047786266,all_array_sensitivity,raw_cel_rma
GSM1012590,C0193,adjacent_normal,adjacent_normal,within_sample_percentile_rank,0.5,0.9084614999877705,0.0915385000122295,all_array_sensitivity,raw_cel_rma
GSM1012591,C0194,tumor,tumor,within_sample_percentile_rank,0.5,0.30906628155440896,0.690933718445591,all_array_sensitivity,raw_cel_rma
GSM1012592,C0194,adjacent_normal,adjacent_normal,within_sample_percentile_rank,0.5,0.9363558522833197,0.06364414771668025,all_array_sensitivity,raw_cel_rma
GSM1012593,C0198,tumor,tumor,within_sample_percentile_rank,0.5,0.34318193816910214,0.6568180618308979,all_array_sensitivity,raw_cel_rma
GSM1012594,C0198,adjacent_normal,adjacent_normal,within_sample_percentile_rank,0.5,0.9018490664618284,0.09815093353817156,all_array_sensitivity,raw_cel_rma
GSM1012595,C0200,tumor,tumor,within_sample_percentile_rank,0.5,0.1494068430449973,0.8505931569550027,all_array_sensitivity,raw_cel_rma
GSM1012596,C0203,tumor,tumor,within_sample_percentile_rank,0.5,0.243217268388784,0.756782731611216,all_array_sensitivity,raw_cel_rma
GSM1012597,C0210,tumor,tumor,within_sample_percentile_rank,0.5,0.4144919894599245,0.5855080105400755,all_array_sensitivity,raw_cel_rma
GSM1012600,C0221,tumor,tumor,within_sample_percentile_rank,0.5,0.2515706375790471,0.7484293624209529,all_array_sensitivity,raw_cel_rma
GSM1012602,C0225,tumor,tumor,within_sample_percentile_rank,0.5,0.3728982505335434,0.6271017494664566,all_array_sensitivity,raw_cel_rma
GSM1012603,2308,adjacent_normal,adjacent_normal,within_sample_percentile_rank,0.5,0.9586463350319194,0.04135366496808055,all_array_sensitivity,raw_cel_rma
GSM1012604,C0234,tumor,adjacent_normal,within_sample_percentile_rank,0.5,0.6909296131435361,0.30907038685646393,all_array_sensitivity,raw_cel_rma
GSM1012605,C0238,tumor,tumor,within_sample_percentile_rank,0.5,0.35914014573243036,0.6408598542675696,all_array_sensitivity,raw_cel_rma
GSM1012606,C0251,adjacent_normal,adjacent_normal,within_sample_percentile_rank,0.5,0.9148179473912464,0.0851820526087536,all_array_sensitivity,raw_cel_rma
GSM1012611,C0257,tumor,adjacent_normal,within_sample_percentile_rank,0.5,0.5284155142964033,0.47158448570359673,all_array_sensitivity,raw_cel_rma
GSM1012612,C0265,adjacent_normal,adjacent_normal,within_sample_percentile_rank,0.5,0.8740464807540291,0.12595351924597087,all_array_sensitivity,raw_cel_rma
GSM1012615,C0273,tumor,tumor,within_sample_percentile_rank,0.5,0.4413530217554741,0.5586469782445259,all_array_sensitivity,raw_cel_rma
GSM1012616,C0275,tumor,tumor,within_sample_percentile_rank,0.5,0.3302320501088907,0.6697679498911093,all_array_sensitivity,raw_cel_rma
GSM1012617,C0283,tumor,tumor,within_sample_percentile_rank,0.5,0.3042151426480304,0.6957848573519696,all_array_sensitivity,raw_cel_rma
GSM1012618,C0285,tumor,tumor,within_sample_percentile_rank,0.5,0.1455561068336998,0.8544438931663002,all_array_sensitivity,raw_cel_rma
GSM1012619,C0295,tumor,tumor,within_sample_percentile_rank,0.5,0.45297636363663973,0.5470236363633603,all_array_sensitivity,raw_cel_rma
GSM1012620,C0297,tumor,tumor,within_sample_percentile_rank,0.5,0.21806472770307261,0.7819352722969274,all_array_sensitivity,raw_cel_rma
GSM1012621,C0297,adjacent_normal,adjacent_normal,within_sample_percentile_rank,0.5,0.818953171174965,0.18104682882503498,all_array_sensitivity,raw_cel_rma
GSM1012622,C0298,tumor,adjacent_normal,within_sample_percentile_rank,0.5,0.5279592704688238,0.4720407295311761,all_array_sensitivity,raw_cel_rma
GSM1012624,C0312,tumor,tumor,within_sample_percentile_rank,0.5,0.3809314916168841,0.6190685083831159,all_array_sensitivity,raw_cel_rma
GSM1012625,3156,adjacent_normal,adjacent_normal,within_sample_percentile_rank,0.5,0.7743275537912457,0.2256724462087542,all_array_sensitivity,raw_cel_rma
GSM1012627,C0323,tumor,adjacent_normal,within_sample_percentile_rank,0.5,0.5983462334607167,0.4016537665392833,all_array_sensitivity,raw_cel_rma
GSM1012628,C0323,adjacent_normal,adjacent_normal,within_sample_percentile_rank,0.5,0.895373284651461,0.104626715348539,all_array_sensitivity,raw_cel_rma
GSM1012629,C0329,tumor,tumor,within_sample_percentile_rank,0.5,0.15056071379101865,0.8494392862089813,all_array_sensitivity,raw_cel_rma
GSM1012630,C0329,adjacent_normal,adjacent_normal,within_sample_percentile_rank,0.5,0.8332366704930491,0.1667633295069509,all_array_sensitivity,raw_cel_rma
GSM1012631,C0330,tumor,adjacent_normal,within_sample_percentile_rank,0.5,0.7200705540686164,0.2799294459313836,all_array_sensitivity,raw_cel_rma
GSM1012634,C0334,tumor,tumor,within_sample_percentile_rank,0.5,0.3516509149144267,0.6483490850855733,all_array_sensitivity,raw_cel_rma
GSM1012635,C0353,tumor,tumor,within_sample_percentile_rank,0.5,0.2778649744568553,0.7221350255431447,all_array_sensitivity,raw_cel_rma
GSM1012636,C0353,adjacent_normal,adjacent_normal,within_sample_percentile_rank,0.5,0.8478955370192289,0.15210446298077104,all_array_sensitivity,raw_cel_rma
GSM1012639,C0415,tumor,tumor,within_sample_percentile_rank,0.5,0.43015548004227977,0.5698445199577202,all_array_sensitivity,raw_cel_rma
GSM1012640,C0415,adjacent_normal,adjacent_normal,within_sample_percentile_rank,0.5,0.9109448514549793,0.08905514854502075,all_array_sensitivity,raw_cel_rma
GSM1012643,C0472,tumor,tumor,within_sample_percentile_rank,0.5,0.21018394265661078,0.7898160573433892,all_array_sensitivity,raw_cel_rma
GSM1012645,C0487,tumor,tumor,within_sample_percentile_rank,0.5,0.37578407152776494,0.6242159284722351,all_array_sensitivity,raw_cel_rma
GSM1012646,C0487,adjacent_normal,adjacent_normal,within_sample_percentile_rank,0.5,0.9262566247662104,0.07374337523378964,all_array_sensitivity,raw_cel_rma
GSM1012648,C0575,adjacent_normal,adjacent_normal,within_sample_percentile_rank,0.5,0.8532332631746015,0.14676673682539854,all_array_sensitivity,raw_cel_rma
GSM1012651,C0667,tumor,tumor,within_sample_percentile_rank,0.5,0.23884176721656614,0.7611582327834339,all_array_sensitivity,raw_cel_rma
GSM1012286,620,tumor,tumor,training_zscore,0.5,0.005413174629211426,0.9945868253707886,canonical_patient,raw_cel_rma
GSM1012297,990,tumor,tumor,training_zscore,0.5,0.01628744602203369,0.9837125539779663,canonical_patient,raw_cel_rma
GSM1012304,2184,adjacent_normal,tumor,training_zscore,0.5,0.08636999130249023,0.9136300086975098,canonical_patient,raw_cel_rma
GSM1012306,2189,adjacent_normal,tumor,training_zscore,0.5,0.08966559171676636,0.9103344082832336,canonical_patient,raw_cel_rma
GSM1012308,2500,tumor,tumor,training_zscore,0.5,0.023817777633666992,0.976182222366333,canonical_patient,raw_cel_rma
GSM1012310,2679,tumor,tumor,training_zscore,0.5,0.005706608295440674,0.9942933917045593,canonical_patient,raw_cel_rma
GSM1012312,2779,tumor,tumor,training_zscore,0.5,0.010218977928161621,0.9897810220718384,canonical_patient,raw_cel_rma
GSM1012314,2815,tumor,tumor,training_zscore,0.5,0.011290967464447021,0.988709032535553,canonical_patient,raw_cel_rma
GSM1012316,2832,tumor,tumor,training_zscore,0.5,0.003574550151824951,0.996425449848175,canonical_patient,raw_cel_rma
GSM1012318,3023,adjacent_normal,tumor,training_zscore,0.5,0.08818435668945312,0.9118156433105469,canonical_patient,raw_cel_rma
GSM1012319,3156,tumor,tumor,training_zscore,0.5,0.004437446594238281,0.9955625534057617,canonical_patient,raw_cel_rma
GSM1012320,3283,tumor,tumor,training_zscore,0.5,0.007916927337646484,0.9920830726623535,canonical_patient,raw_cel_rma
GSM1012322,3393,tumor,tumor,training_zscore,0.5,0.010512471199035645,0.9894875288009644,canonical_patient,raw_cel_rma
GSM1012324,3401,tumor,tumor,training_zscore,0.5,0.005310416221618652,0.9946895837783813,canonical_patient,raw_cel_rma
GSM1012325,3465,tumor,tumor,training_zscore,0.5,0.028436779975891113,0.9715632200241089,canonical_patient,raw_cel_rma
GSM1012326,3519,tumor,tumor,training_zscore,0.5,0.01345682144165039,0.9865431785583496,canonical_patient,raw_cel_rma
GSM1012328,3531,tumor,tumor,training_zscore,0.5,0.007377266883850098,0.9926227331161499,canonical_patient,raw_cel_rma
GSM1012330,3598,adjacent_normal,tumor,training_zscore,0.5,0.08223330974578857,0.9177666902542114,canonical_patient,raw_cel_rma
GSM1012331,3637,tumor,tumor,training_zscore,0.5,0.004882335662841797,0.9951176643371582,canonical_patient,raw_cel_rma
GSM1012335,3657,adjacent_normal,tumor,training_zscore,0.5,0.09907948970794678,0.9009205102920532,canonical_patient,raw_cel_rma
GSM1012336,3706,tumor,tumor,training_zscore,0.5,0.013532400131225586,0.9864675998687744,canonical_patient,raw_cel_rma
GSM1012338,3752,tumor,tumor,training_zscore,0.5,0.014828503131866455,0.9851714968681335,canonical_patient,raw_cel_rma
GSM1012340,3753,adjacent_normal,tumor,training_zscore,0.5,0.09577035903930664,0.9042296409606934,canonical_patient,raw_cel_rma
GSM1012342,3777,adjacent_normal,tumor,training_zscore,0.5,0.07725775241851807,0.9227422475814819,canonical_patient,raw_cel_rma
GSM1012344,3862,tumor,tumor,training_zscore,0.5,0.012683510780334473,0.9873164892196655,canonical_patient,raw_cel_rma
GSM1012347,4176,adjacent_normal,tumor,training_zscore,0.5,0.09089994430541992,0.9091000556945801,canonical_patient,raw_cel_rma
GSM1012350,4276,tumor,tumor,training_zscore,0.5,0.00937110185623169,0.9906288981437683,canonical_patient,raw_cel_rma
GSM1012352,4388,tumor,tumor,training_zscore,0.5,0.005372345447540283,0.9946276545524597,canonical_patient,raw_cel_rma
GSM1012354,4494,tumor,tumor,training_zscore,0.5,0.010242581367492676,0.9897574186325073,canonical_patient,raw_cel_rma
GSM1012357,4549,adjacent_normal,tumor,training_zscore,0.5,0.063060462474823,0.936939537525177,canonical_patient,raw_cel_rma
GSM1012359,4800,adjacent_normal,tumor,training_zscore,0.5,0.02436763048171997,0.97563236951828,canonical_patient,raw_cel_rma
GSM1012361,5025,tumor,tumor,training_zscore,0.5,0.009523153305053711,0.9904768466949463,canonical_patient,raw_cel_rma
GSM1012363,5334,tumor,tumor,training_zscore,0.5,0.008231759071350098,0.9917682409286499,canonical_patient,raw_cel_rma
GSM1012364,5424,tumor,tumor,training_zscore,0.5,0.01701730489730835,0.9829826951026917,canonical_patient,raw_cel_rma
GSM1012366,5629,tumor,tumor,training_zscore,0.5,0.011397004127502441,0.9886029958724976,canonical_patient,raw_cel_rma
GSM1012367,5708,tumor,tumor,training_zscore,0.5,0.008897662162780762,0.9911023378372192,canonical_patient,raw_cel_rma
GSM1012369,5786,adjacent_normal,tumor,training_zscore,0.5,0.05015772581100464,0.9498422741889954,canonical_patient,raw_cel_rma
GSM1012370,5839,tumor,tumor,training_zscore,0.5,0.003971457481384277,0.9960285425186157,canonical_patient,raw_cel_rma
GSM1012371,5885,tumor,tumor,training_zscore,0.5,0.0104331374168396,0.9895668625831604,canonical_patient,raw_cel_rma
GSM1012373,6051,tumor,tumor,training_zscore,0.5,0.006141602993011475,0.9938583970069885,canonical_patient,raw_cel_rma
GSM1012374,6220,tumor,tumor,training_zscore,0.5,0.00942838191986084,0.9905716180801392,canonical_patient,raw_cel_rma
GSM1012375,6265,tumor,tumor,training_zscore,0.5,0.005624055862426758,0.9943759441375732,canonical_patient,raw_cel_rma
GSM1012376,6314,tumor,tumor,training_zscore,0.5,0.004266917705535889,0.9957330822944641,canonical_patient,raw_cel_rma
GSM1012379,6657,tumor,tumor,training_zscore,0.5,0.012718021869659424,0.9872819781303406,canonical_patient,raw_cel_rma
GSM1012381,6706,tumor,tumor,training_zscore,0.5,0.005973339080810547,0.9940266609191895,canonical_patient,raw_cel_rma
GSM1012384,6840,tumor,tumor,training_zscore,0.5,0.015442490577697754,0.9845575094223022,canonical_patient,raw_cel_rma
GSM1012385,6997,tumor,tumor,training_zscore,0.5,0.003158092498779297,0.9968419075012207,canonical_patient,raw_cel_rma
GSM1012386,7061,tumor,tumor,training_zscore,0.5,0.007250964641571045,0.992749035358429,canonical_patient,raw_cel_rma
GSM1012387,7145,tumor,tumor,training_zscore,0.5,0.010976910591125488,0.9890230894088745,canonical_patient,raw_cel_rma
GSM1012389,7427,tumor,tumor,training_zscore,0.5,0.0117645263671875,0.9882354736328125,canonical_patient,raw_cel_rma
GSM1012391,7576,tumor,tumor,training_zscore,0.5,0.013183772563934326,0.9868162274360657,canonical_patient,raw_cel_rma
GSM1012392,7632,tumor,tumor,training_zscore,0.5,0.009362339973449707,0.9906376600265503,canonical_patient,raw_cel_rma
GSM1012393,7662,tumor,tumor,training_zscore,0.5,0.018365800380706787,0.9816341996192932,canonical_patient,raw_cel_rma
GSM1012395,7721,tumor,tumor,training_zscore,0.5,0.0059677958488464355,0.9940322041511536,canonical_patient,raw_cel_rma
GSM1012396,7925,tumor,tumor,training_zscore,0.5,0.014549612998962402,0.9854503870010376,canonical_patient,raw_cel_rma
GSM1012397,7930,tumor,tumor,training_zscore,0.5,0.014540016651153564,0.9854599833488464,canonical_patient,raw_cel_rma
GSM1012398,7973,tumor,tumor,training_zscore,0.5,0.015109121799468994,0.984890878200531,canonical_patient,raw_cel_rma
GSM1012399,8018,tumor,tumor,training_zscore,0.5,0.013456404209136963,0.986543595790863,canonical_patient,raw_cel_rma
GSM1012400,8029,tumor,tumor,training_zscore,0.5,0.012713253498077393,0.9872867465019226,canonical_patient,raw_cel_rma
GSM1012401,8061,tumor,tumor,training_zscore,0.5,0.005087018013000488,0.9949129819869995,canonical_patient,raw_cel_rma
GSM1012405,8168,tumor,tumor,training_zscore,0.5,0.0060111284255981445,0.9939888715744019,canonical_patient,raw_cel_rma
GSM1012407,8792,tumor,tumor,training_zscore,0.5,0.005150020122528076,0.9948499798774719,canonical_patient,raw_cel_rma
GSM1012408,9054,tumor,tumor,training_zscore,0.5,0.005844712257385254,0.9941552877426147,canonical_patient,raw_cel_rma
GSM1012409,9077,tumor,tumor,training_zscore,0.5,0.008815109729766846,0.9911848902702332,canonical_patient,raw_cel_rma
GSM1012410,9185,tumor,tumor,training_zscore,0.5,0.006048381328582764,0.9939516186714172,canonical_patient,raw_cel_rma
GSM1012411,9297,tumor,tumor,training_zscore,0.5,0.01919102668762207,0.9808089733123779,canonical_patient,raw_cel_rma
GSM1012412,9343,tumor,tumor,training_zscore,0.5,0.007103264331817627,0.9928967356681824,canonical_patient,raw_cel_rma
GSM1012413,9394,tumor,tumor,training_zscore,0.5,0.018223464488983154,0.9817765355110168,canonical_patient,raw_cel_rma
GSM1012414,9420,tumor,tumor,training_zscore,0.5,0.011853158473968506,0.9881468415260315,canonical_patient,raw_cel_rma
GSM1012416,9468,tumor,tumor,training_zscore,0.5,0.00771176815032959,0.9922882318496704,canonical_patient,raw_cel_rma
GSM1012419,9728,tumor,tumor,training_zscore,0.5,0.004422783851623535,0.9955772161483765,canonical_patient,raw_cel_rma
GSM1012421,9811,tumor,tumor,training_zscore,0.5,0.005368828773498535,0.9946311712265015,canonical_patient,raw_cel_rma
GSM1012423,10194,tumor,tumor,training_zscore,0.5,0.004667460918426514,0.9953325390815735,canonical_patient,raw_cel_rma
GSM1012424,10216,tumor,tumor,training_zscore,0.5,0.015637874603271484,0.9843621253967285,canonical_patient,raw_cel_rma
GSM1012426,10264,tumor,tumor,training_zscore,0.5,0.005676388740539551,0.9943236112594604,canonical_patient,raw_cel_rma
GSM1012427,10368,tumor,tumor,training_zscore,0.5,0.003682851791381836,0.9963171482086182,canonical_patient,raw_cel_rma
GSM1012428,10512,tumor,tumor,training_zscore,0.5,0.0038374662399291992,0.9961625337600708,canonical_patient,raw_cel_rma
GSM1012429,10630,tumor,tumor,training_zscore,0.5,0.040702223777770996,0.959297776222229,canonical_patient,raw_cel_rma
GSM1012432,11325,tumor,tumor,training_zscore,0.5,0.004622459411621094,0.9953775405883789,canonical_patient,raw_cel_rma
GSM1012434,11718,tumor,tumor,training_zscore,0.5,0.009581148624420166,0.9904188513755798,canonical_patient,raw_cel_rma
GSM1012437,12237,tumor,tumor,training_zscore,0.5,0.00464630126953125,0.9953536987304688,canonical_patient,raw_cel_rma
GSM1012439,12292,tumor,tumor,training_zscore,0.5,0.015666067600250244,0.9843339323997498,canonical_patient,raw_cel_rma
GSM1012440,12297,tumor,tumor,training_zscore,0.5,0.01067960262298584,0.9893203973770142,canonical_patient,raw_cel_rma
GSM1012441,12355,tumor,tumor,training_zscore,0.5,0.010934948921203613,0.9890650510787964,canonical_patient,raw_cel_rma
GSM1012442,12847,tumor,tumor,training_zscore,0.5,0.009419023990631104,0.9905809760093689,canonical_patient,raw_cel_rma
GSM1012445,13321,tumor,tumor,training_zscore,0.5,0.00961005687713623,0.9903899431228638,canonical_patient,raw_cel_rma
GSM1012446,13357,tumor,tumor,training_zscore,0.5,0.00682830810546875,0.9931716918945312,canonical_patient,raw_cel_rma
GSM1012447,14475,tumor,tumor,training_zscore,0.5,0.006957292556762695,0.9930427074432373,canonical_patient,raw_cel_rma
GSM1012451,15329,tumor,tumor,training_zscore,0.5,0.004180192947387695,0.9958198070526123,canonical_patient,raw_cel_rma
GSM1012455,A0319,tumor,tumor,training_zscore,0.5,0.007100224494934082,0.9928997755050659,canonical_patient,raw_cel_rma
GSM1012456,A0702,tumor,tumor,training_zscore,0.5,0.012280046939849854,0.9877199530601501,canonical_patient,raw_cel_rma
GSM1012459,A1327,adjacent_normal,tumor,training_zscore,0.5,0.06618672609329224,0.9338132739067078,canonical_patient,raw_cel_rma
GSM1012461,A1516,tumor,tumor,training_zscore,0.5,0.005520820617675781,0.9944791793823242,canonical_patient,raw_cel_rma
GSM1012462,A1644,tumor,tumor,training_zscore,0.5,0.02515357732772827,0.9748464226722717,canonical_patient,raw_cel_rma
GSM1012463,A1716,tumor,tumor,training_zscore,0.5,0.03773307800292969,0.9622669219970703,canonical_patient,raw_cel_rma
GSM1012465,A1853,adjacent_normal,tumor,training_zscore,0.5,0.06380045413970947,0.9361995458602905,canonical_patient,raw_cel_rma
GSM1012466,A2191,adjacent_normal,tumor,training_zscore,0.5,0.049584150314331055,0.950415849685669,canonical_patient,raw_cel_rma
GSM1012467,A2226,tumor,tumor,training_zscore,0.5,0.004562556743621826,0.9954374432563782,canonical_patient,raw_cel_rma
GSM1012468,A2367,tumor,tumor,training_zscore,0.5,0.006963908672332764,0.9930360913276672,canonical_patient,raw_cel_rma
GSM1012469,A2434,tumor,tumor,training_zscore,0.5,0.004902899265289307,0.9950971007347107,canonical_patient,raw_cel_rma
GSM1012471,A2715,tumor,tumor,training_zscore,0.5,0.014790713787078857,0.9852092862129211,canonical_patient,raw_cel_rma
GSM1012474,A3536,tumor,tumor,training_zscore,0.5,0.007952451705932617,0.9920475482940674,canonical_patient,raw_cel_rma
GSM1012478,A4248,tumor,tumor,training_zscore,0.5,0.007612824440002441,0.9923871755599976,canonical_patient,raw_cel_rma
GSM1012479,A4342,tumor,tumor,training_zscore,0.5,0.006731927394866943,0.9932680726051331,canonical_patient,raw_cel_rma
GSM1012483,A4410,adjacent_normal,tumor,training_zscore,0.5,0.08136683702468872,0.9186331629753113,canonical_patient,raw_cel_rma
GSM1012486,A4779,tumor,tumor,training_zscore,0.5,0.00492483377456665,0.9950751662254333,canonical_patient,raw_cel_rma
GSM1012488,A4792,tumor,tumor,training_zscore,0.5,0.03541922569274902,0.964580774307251,canonical_patient,raw_cel_rma
GSM1012490,A4902,tumor,tumor,training_zscore,0.5,0.0072768330574035645,0.9927231669425964,canonical_patient,raw_cel_rma
GSM1012492,A4947,tumor,tumor,training_zscore,0.5,0.006700634956359863,0.9932993650436401,canonical_patient,raw_cel_rma
GSM1012498,A5153,adjacent_normal,tumor,training_zscore,0.5,0.051962852478027344,0.9480371475219727,canonical_patient,raw_cel_rma
GSM1012499,A5320,tumor,tumor,training_zscore,0.5,0.005627155303955078,0.9943728446960449,canonical_patient,raw_cel_rma
GSM1012500,A5465,tumor,tumor,training_zscore,0.5,0.01693648099899292,0.9830635190010071,canonical_patient,raw_cel_rma
GSM1012502,A5627,tumor,tumor,training_zscore,0.5,0.01954340934753418,0.9804565906524658,canonical_patient,raw_cel_rma
GSM1012507,A6141,tumor,tumor,training_zscore,0.5,0.007099032402038574,0.9929009675979614,canonical_patient,raw_cel_rma
GSM1012509,A6275,tumor,tumor,training_zscore,0.5,0.015770137310028076,0.9842298626899719,canonical_patient,raw_cel_rma
GSM1012510,A7366,tumor,tumor,training_zscore,0.5,0.00989609956741333,0.9901039004325867,canonical_patient,raw_cel_rma
GSM1012511,A8307,tumor,tumor,training_zscore,0.5,0.005716383457183838,0.9942836165428162,canonical_patient,raw_cel_rma
GSM1012513,A8528,tumor,tumor,training_zscore,0.5,0.010344505310058594,0.9896554946899414,canonical_patient,raw_cel_rma
GSM1012525,C0081,tumor,tumor,training_zscore,0.5,0.022347986698150635,0.9776520133018494,canonical_patient,raw_cel_rma
GSM1012526,C0101,tumor,tumor,training_zscore,0.5,0.014744997024536133,0.9852550029754639,canonical_patient,raw_cel_rma
GSM1012527,C0104,tumor,tumor,training_zscore,0.5,0.016910791397094727,0.9830892086029053,canonical_patient,raw_cel_rma
GSM1012528,C0105,tumor,tumor,training_zscore,0.5,0.011493325233459473,0.9885066747665405,canonical_patient,raw_cel_rma
GSM1012530,C0111,adjacent_normal,tumor,training_zscore,0.5,0.12120521068572998,0.87879478931427,canonical_patient,raw_cel_rma
GSM1012531,C0112,tumor,tumor,training_zscore,0.5,0.014285802841186523,0.9857141971588135,canonical_patient,raw_cel_rma
GSM1012532,C0113,tumor,tumor,training_zscore,0.5,0.0022115707397460938,0.9977884292602539,canonical_patient,raw_cel_rma
GSM1012533,C0114,tumor,tumor,training_zscore,0.5,0.01393800973892212,0.9860619902610779,canonical_patient,raw_cel_rma
GSM1012535,C0115,tumor,tumor,training_zscore,0.5,0.017623543739318848,0.9823764562606812,canonical_patient,raw_cel_rma
GSM1012536,C0117,tumor,tumor,training_zscore,0.5,0.022746503353118896,0.9772534966468811,canonical_patient,raw_cel_rma
GSM1012538,C0122,tumor,tumor,training_zscore,0.5,0.010487496852874756,0.9895125031471252,canonical_patient,raw_cel_rma
GSM1012540,C0123,adjacent_normal,tumor,training_zscore,0.5,0.11147069931030273,0.8885293006896973,canonical_patient,raw_cel_rma
GSM1012541,C0124,tumor,tumor,training_zscore,0.5,0.007879376411437988,0.992120623588562,canonical_patient,raw_cel_rma
GSM1012542,C0125,tumor,tumor,training_zscore,0.5,0.01242130994796753,0.9875786900520325,canonical_patient,raw_cel_rma
GSM1012543,C0127,tumor,tumor,training_zscore,0.5,0.00706791877746582,0.9929320812225342,canonical_patient,raw_cel_rma
GSM1012544,C0128,tumor,tumor,training_zscore,0.5,0.005152106285095215,0.9948478937149048,canonical_patient,raw_cel_rma
GSM1012546,C0130,tumor,tumor,training_zscore,0.5,0.00446629524230957,0.9955337047576904,canonical_patient,raw_cel_rma
GSM1012547,C0134,tumor,tumor,training_zscore,0.5,0.021025419235229492,0.9789745807647705,canonical_patient,raw_cel_rma
GSM1012549,C0136,tumor,tumor,training_zscore,0.5,0.004776895046234131,0.9952231049537659,canonical_patient,raw_cel_rma
GSM1012553,C0137,tumor,tumor,training_zscore,0.5,0.0032256245613098145,0.9967743754386902,canonical_patient,raw_cel_rma
GSM1012558,C0140,tumor,tumor,training_zscore,0.5,0.02489781379699707,0.9751021862030029,canonical_patient,raw_cel_rma
GSM1012562,C0147,tumor,tumor,training_zscore,0.5,0.011547982692718506,0.9884520173072815,canonical_patient,raw_cel_rma
GSM1012564,C0149,tumor,tumor,training_zscore,0.5,0.017481982707977295,0.9825180172920227,canonical_patient,raw_cel_rma
GSM1012565,C0151,tumor,tumor,training_zscore,0.5,0.006550848484039307,0.9934491515159607,canonical_patient,raw_cel_rma
GSM1012567,C0153,tumor,tumor,training_zscore,0.5,0.010380566120147705,0.9896194338798523,canonical_patient,raw_cel_rma
GSM1012569,C0154,tumor,tumor,training_zscore,0.5,0.009830653667449951,0.99016934633255,canonical_patient,raw_cel_rma
GSM1012570,C0155,tumor,tumor,training_zscore,0.5,0.00392228364944458,0.9960777163505554,canonical_patient,raw_cel_rma
GSM1012571,C0156,tumor,tumor,training_zscore,0.5,0.00516819953918457,0.9948318004608154,canonical_patient,raw_cel_rma
GSM1012573,C0157,adjacent_normal,tumor,training_zscore,0.5,0.052458882331848145,0.9475411176681519,canonical_patient,raw_cel_rma
GSM1012574,C0158,tumor,tumor,training_zscore,0.5,0.007434487342834473,0.9925655126571655,canonical_patient,raw_cel_rma
GSM1012576,C0159,tumor,tumor,training_zscore,0.5,0.007302343845367432,0.9926976561546326,canonical_patient,raw_cel_rma
GSM1012577,C0168,tumor,tumor,training_zscore,0.5,0.00651240348815918,0.9934875965118408,canonical_patient,raw_cel_rma
GSM1012578,C0170,tumor,tumor,training_zscore,0.5,0.009521484375,0.990478515625,canonical_patient,raw_cel_rma
GSM1012579,C0171,tumor,tumor,training_zscore,0.5,0.008673131465911865,0.9913268685340881,canonical_patient,raw_cel_rma
GSM1012580,C0172,tumor,tumor,training_zscore,0.5,0.015425384044647217,0.9845746159553528,canonical_patient,raw_cel_rma
GSM1012583,C0178,tumor,tumor,training_zscore,0.5,0.009441494941711426,0.9905585050582886,canonical_patient,raw_cel_rma
GSM1012585,C0180,adjacent_normal,tumor,training_zscore,0.5,0.07320445775985718,0.9267955422401428,canonical_patient,raw_cel_rma
GSM1012586,C0181,tumor,tumor,training_zscore,0.5,0.010979950428009033,0.989020049571991,canonical_patient,raw_cel_rma
GSM1012587,C0186,tumor,tumor,training_zscore,0.5,0.0032563209533691406,0.9967436790466309,canonical_patient,raw_cel_rma
GSM1012588,C0192,tumor,tumor,training_zscore,0.5,0.01220548152923584,0.9877945184707642,canonical_patient,raw_cel_rma
GSM1012589,C0193,tumor,tumor,training_zscore,0.5,0.019795715808868408,0.9802042841911316,canonical_patient,raw_cel_rma
GSM1012592,C0194,adjacent_normal,tumor,training_zscore,0.5,0.07956844568252563,0.9204315543174744,canonical_patient,raw_cel_rma
GSM1012594,C0198,adjacent_normal,tumor,training_zscore,0.5,0.07363247871398926,0.9263675212860107,canonical_patient,raw_cel_rma
GSM1012595,C0200,tumor,tumor,training_zscore,0.5,0.004438042640686035,0.995561957359314,canonical_patient,raw_cel_rma
GSM1012596,C0203,tumor,tumor,training_zscore,0.5,0.006972610950469971,0.99302738904953,canonical_patient,raw_cel_rma
GSM1012597,C0210,tumor,tumor,training_zscore,0.5,0.014643847942352295,0.9853561520576477,canonical_patient,raw_cel_rma
GSM1012600,C0221,tumor,tumor,training_zscore,0.5,0.0072067975997924805,0.9927932024002075,canonical_patient,raw_cel_rma
GSM1012602,C0225,tumor,tumor,training_zscore,0.5,0.01257544755935669,0.9874245524406433,canonical_patient,raw_cel_rma
GSM1012603,2308,adjacent_normal,tumor,training_zscore,0.5,0.1196243166923523,0.8803756833076477,canonical_patient,raw_cel_rma
GSM1012604,C0234,tumor,tumor,training_zscore,0.5,0.029403328895568848,0.9705966711044312,canonical_patient,raw_cel_rma
GSM1012605,C0238,tumor,tumor,training_zscore,0.5,0.01232302188873291,0.9876769781112671,canonical_patient,raw_cel_rma
GSM1012606,C0251,adjacent_normal,tumor,training_zscore,0.5,0.07307934761047363,0.9269206523895264,canonical_patient,raw_cel_rma
GSM1012611,C0257,tumor,tumor,training_zscore,0.5,0.011208295822143555,0.9887917041778564,canonical_patient,raw_cel_rma
GSM1012612,C0265,adjacent_normal,tumor,training_zscore,0.5,0.05977243185043335,0.9402275681495667,canonical_patient,raw_cel_rma
GSM1012615,C0273,tumor,tumor,training_zscore,0.5,0.014522194862365723,0.9854778051376343,canonical_patient,raw_cel_rma
GSM1012616,C0275,tumor,tumor,training_zscore,0.5,0.010432064533233643,0.9895679354667664,canonical_patient,raw_cel_rma
GSM1012617,C0283,tumor,tumor,training_zscore,0.5,0.0096205472946167,0.9903794527053833,canonical_patient,raw_cel_rma
GSM1012618,C0285,tumor,tumor,training_zscore,0.5,0.004153192043304443,0.9958468079566956,canonical_patient,raw_cel_rma
GSM1012619,C0295,tumor,tumor,training_zscore,0.5,0.015291213989257812,0.9847087860107422,canonical_patient,raw_cel_rma
GSM1012620,C0297,tumor,tumor,training_zscore,0.5,0.004735827445983887,0.9952641725540161,canonical_patient,raw_cel_rma
GSM1012622,C0298,tumor,tumor,training_zscore,0.5,0.017463386058807373,0.9825366139411926,canonical_patient,raw_cel_rma
GSM1012624,C0312,tumor,tumor,training_zscore,0.5,0.012925148010253906,0.9870748519897461,canonical_patient,raw_cel_rma
GSM1012627,C0323,tumor,tumor,training_zscore,0.5,0.022474944591522217,0.9775250554084778,canonical_patient,raw_cel_rma
GSM1012630,C0329,adjacent_normal,tumor,training_zscore,0.5,0.04959535598754883,0.9504046440124512,canonical_patient,raw_cel_rma
GSM1012631,C0330,tumor,tumor,training_zscore,0.5,0.030208289623260498,0.9697917103767395,canonical_patient,raw_cel_rma
GSM1012634,C0334,tumor,tumor,training_zscore,0.5,0.012246668338775635,0.9877533316612244,canonical_patient,raw_cel_rma
GSM1012635,C0353,tumor,tumor,training_zscore,0.5,0.01124793291091919,0.9887520670890808,canonical_patient,raw_cel_rma
GSM1012640,C0415,adjacent_normal,tumor,training_zscore,0.5,0.07191258668899536,0.9280874133110046,canonical_patient,raw_cel_rma
GSM1012643,C0472,tumor,tumor,training_zscore,0.5,0.005228698253631592,0.9947713017463684,canonical_patient,raw_cel_rma
GSM1012645,C0487,tumor,tumor,training_zscore,0.5,0.011682093143463135,0.9883179068565369,canonical_patient,raw_cel_rma
GSM1012648,C0575,adjacent_normal,tumor,training_zscore,0.5,0.05474293231964111,0.9452570676803589,canonical_patient,raw_cel_rma
GSM1012651,C0667,tumor,tumor,training_zscore,0.5,0.009323716163635254,0.9906762838363647,canonical_patient,raw_cel_rma
GSM1012286,620,tumor,tumor,training_zscore,0.5,0.005413174629211426,0.9945868253707886,all_array_sensitivity,raw_cel_rma
GSM1012297,990,tumor,tumor,training_zscore,0.5,0.01628744602203369,0.9837125539779663,all_array_sensitivity,raw_cel_rma
GSM1012303,2184,tumor,tumor,training_zscore,0.5,0.00688701868057251,0.9931129813194275,all_array_sensitivity,raw_cel_rma
GSM1012304,2184,adjacent_normal,tumor,training_zscore,0.5,0.08636999130249023,0.9136300086975098,all_array_sensitivity,raw_cel_rma
GSM1012305,2189,tumor,tumor,training_zscore,0.5,0.025737345218658447,0.9742626547813416,all_array_sensitivity,raw_cel_rma
GSM1012306,2189,adjacent_normal,tumor,training_zscore,0.5,0.08966559171676636,0.9103344082832336,all_array_sensitivity,raw_cel_rma
GSM1012307,2308,tumor,tumor,training_zscore,0.5,0.007008671760559082,0.9929913282394409,all_array_sensitivity,raw_cel_rma
GSM1012308,2500,tumor,tumor,training_zscore,0.5,0.023817777633666992,0.976182222366333,all_array_sensitivity,raw_cel_rma
GSM1012310,2679,tumor,tumor,training_zscore,0.5,0.005706608295440674,0.9942933917045593,all_array_sensitivity,raw_cel_rma
GSM1012312,2779,tumor,tumor,training_zscore,0.5,0.010218977928161621,0.9897810220718384,all_array_sensitivity,raw_cel_rma
GSM1012314,2815,tumor,tumor,training_zscore,0.5,0.011290967464447021,0.988709032535553,all_array_sensitivity,raw_cel_rma
GSM1012315,2815,adjacent_normal,tumor,training_zscore,0.5,0.1102452278137207,0.8897547721862793,all_array_sensitivity,raw_cel_rma
GSM1012316,2832,tumor,tumor,training_zscore,0.5,0.003574550151824951,0.996425449848175,all_array_sensitivity,raw_cel_rma
GSM1012317,3023,tumor,tumor,training_zscore,0.5,0.008427023887634277,0.9915729761123657,all_array_sensitivity,raw_cel_rma
GSM1012318,3023,adjacent_normal,tumor,training_zscore,0.5,0.08818435668945312,0.9118156433105469,all_array_sensitivity,raw_cel_rma
GSM1012319,3156,tumor,tumor,training_zscore,0.5,0.004437446594238281,0.9955625534057617,all_array_sensitivity,raw_cel_rma
GSM1012320,3283,tumor,tumor,training_zscore,0.5,0.007916927337646484,0.9920830726623535,all_array_sensitivity,raw_cel_rma
GSM1012322,3393,tumor,tumor,training_zscore,0.5,0.010512471199035645,0.9894875288009644,all_array_sensitivity,raw_cel_rma
GSM1012324,3401,tumor,tumor,training_zscore,0.5,0.005310416221618652,0.9946895837783813,all_array_sensitivity,raw_cel_rma
GSM1012325,3465,tumor,tumor,training_zscore,0.5,0.028436779975891113,0.9715632200241089,all_array_sensitivity,raw_cel_rma
GSM1012326,3519,tumor,tumor,training_zscore,0.5,0.01345682144165039,0.9865431785583496,all_array_sensitivity,raw_cel_rma
GSM1012327,3519,adjacent_normal,tumor,training_zscore,0.5,0.061263442039489746,0.9387365579605103,all_array_sensitivity,raw_cel_rma
GSM1012328,3531,tumor,tumor,training_zscore,0.5,0.007377266883850098,0.9926227331161499,all_array_sensitivity,raw_cel_rma
GSM1012330,3598,adjacent_normal,tumor,training_zscore,0.5,0.08223330974578857,0.9177666902542114,all_array_sensitivity,raw_cel_rma
GSM1012331,3637,tumor,tumor,training_zscore,0.5,0.004882335662841797,0.9951176643371582,all_array_sensitivity,raw_cel_rma
GSM1012333,3637,adjacent_normal,tumor,training_zscore,0.5,0.07456594705581665,0.9254340529441833,all_array_sensitivity,raw_cel_rma
GSM1012334,3657,tumor,tumor,training_zscore,0.5,0.007684588432312012,0.992315411567688,all_array_sensitivity,raw_cel_rma
GSM1012335,3657,adjacent_normal,tumor,training_zscore,0.5,0.09907948970794678,0.9009205102920532,all_array_sensitivity,raw_cel_rma
GSM1012336,3706,tumor,tumor,training_zscore,0.5,0.013532400131225586,0.9864675998687744,all_array_sensitivity,raw_cel_rma
GSM1012337,3706,adjacent_normal,tumor,training_zscore,0.5,0.007510662078857422,0.9924893379211426,all_array_sensitivity,raw_cel_rma
GSM1012338,3752,tumor,tumor,training_zscore,0.5,0.014828503131866455,0.9851714968681335,all_array_sensitivity,raw_cel_rma
GSM1012339,3753,tumor,tumor,training_zscore,0.5,0.007638752460479736,0.9923612475395203,all_array_sensitivity,raw_cel_rma
GSM1012340,3753,adjacent_normal,tumor,training_zscore,0.5,0.09577035903930664,0.9042296409606934,all_array_sensitivity,raw_cel_rma
GSM1012341,3777,tumor,tumor,training_zscore,0.5,0.01037532091140747,0.9896246790885925,all_array_sensitivity,raw_cel_rma
GSM1012342,3777,adjacent_normal,tumor,training_zscore,0.5,0.07725775241851807,0.9227422475814819,all_array_sensitivity,raw_cel_rma
GSM1012344,3862,tumor,tumor,training_zscore,0.5,0.012683510780334473,0.9873164892196655,all_array_sensitivity,raw_cel_rma
GSM1012345,3862,adjacent_normal,tumor,training_zscore,0.5,0.07052898406982422,0.9294710159301758,all_array_sensitivity,raw_cel_rma
GSM1012346,4176,tumor,tumor,training_zscore,0.5,0.008366703987121582,0.9916332960128784,all_array_sensitivity,raw_cel_rma
GSM1012347,4176,adjacent_normal,tumor,training_zscore,0.5,0.09089994430541992,0.9091000556945801,all_array_sensitivity,raw_cel_rma
GSM1012350,4276,tumor,tumor,training_zscore,0.5,0.00937110185623169,0.9906288981437683,all_array_sensitivity,raw_cel_rma
GSM1012351,4276,adjacent_normal,tumor,training_zscore,0.5,0.08756697177886963,0.9124330282211304,all_array_sensitivity,raw_cel_rma
GSM1012352,4388,tumor,tumor,training_zscore,0.5,0.005372345447540283,0.9946276545524597,all_array_sensitivity,raw_cel_rma
GSM1012354,4494,tumor,tumor,training_zscore,0.5,0.010242581367492676,0.9897574186325073,all_array_sensitivity,raw_cel_rma
GSM1012355,4494,adjacent_normal,tumor,training_zscore,0.5,0.05797046422958374,0.9420295357704163,all_array_sensitivity,raw_cel_rma
GSM1012356,4549,tumor,tumor,training_zscore,0.5,0.009939789772033691,0.9900602102279663,all_array_sensitivity,raw_cel_rma
GSM1012357,4549,adjacent_normal,tumor,training_zscore,0.5,0.063060462474823,0.936939537525177,all_array_sensitivity,raw_cel_rma
GSM1012358,4800,tumor,tumor,training_zscore,0.5,0.003921926021575928,0.9960780739784241,all_array_sensitivity,raw_cel_rma
GSM1012359,4800,adjacent_normal,tumor,training_zscore,0.5,0.02436763048171997,0.97563236951828,all_array_sensitivity,raw_cel_rma
GSM1012361,5025,tumor,tumor,training_zscore,0.5,0.009523153305053711,0.9904768466949463,all_array_sensitivity,raw_cel_rma
GSM1012363,5334,tumor,tumor,training_zscore,0.5,0.008231759071350098,0.9917682409286499,all_array_sensitivity,raw_cel_rma
GSM1012364,5424,tumor,tumor,training_zscore,0.5,0.01701730489730835,0.9829826951026917,all_array_sensitivity,raw_cel_rma
GSM1012366,5629,tumor,tumor,training_zscore,0.5,0.011397004127502441,0.9886029958724976,all_array_sensitivity,raw_cel_rma
GSM1012367,5708,tumor,tumor,training_zscore,0.5,0.008897662162780762,0.9911023378372192,all_array_sensitivity,raw_cel_rma
GSM1012368,5786,tumor,tumor,training_zscore,0.5,0.02289825677871704,0.977101743221283,all_array_sensitivity,raw_cel_rma
GSM1012369,5786,adjacent_normal,tumor,training_zscore,0.5,0.05015772581100464,0.9498422741889954,all_array_sensitivity,raw_cel_rma
GSM1012370,5839,tumor,tumor,training_zscore,0.5,0.003971457481384277,0.9960285425186157,all_array_sensitivity,raw_cel_rma
GSM1012371,5885,tumor,tumor,training_zscore,0.5,0.0104331374168396,0.9895668625831604,all_array_sensitivity,raw_cel_rma
GSM1012373,6051,tumor,tumor,training_zscore,0.5,0.006141602993011475,0.9938583970069885,all_array_sensitivity,raw_cel_rma
GSM1012374,6220,tumor,tumor,training_zscore,0.5,0.00942838191986084,0.9905716180801392,all_array_sensitivity,raw_cel_rma
GSM1012375,6265,tumor,tumor,training_zscore,0.5,0.005624055862426758,0.9943759441375732,all_array_sensitivity,raw_cel_rma
GSM1012376,6314,tumor,tumor,training_zscore,0.5,0.004266917705535889,0.9957330822944641,all_array_sensitivity,raw_cel_rma
GSM1012379,6657,tumor,tumor,training_zscore,0.5,0.012718021869659424,0.9872819781303406,all_array_sensitivity,raw_cel_rma
GSM1012380,6657,adjacent_normal,tumor,training_zscore,0.5,0.10119664669036865,0.8988033533096313,all_array_sensitivity,raw_cel_rma
GSM1012381,6706,tumor,tumor,training_zscore,0.5,0.005973339080810547,0.9940266609191895,all_array_sensitivity,raw_cel_rma
GSM1012384,6840,tumor,tumor,training_zscore,0.5,0.015442490577697754,0.9845575094223022,all_array_sensitivity,raw_cel_rma
GSM1012385,6997,tumor,tumor,training_zscore,0.5,0.003158092498779297,0.9968419075012207,all_array_sensitivity,raw_cel_rma
GSM1012386,7061,tumor,tumor,training_zscore,0.5,0.007250964641571045,0.992749035358429,all_array_sensitivity,raw_cel_rma
GSM1012387,7145,tumor,tumor,training_zscore,0.5,0.010976910591125488,0.9890230894088745,all_array_sensitivity,raw_cel_rma
GSM1012389,7427,tumor,tumor,training_zscore,0.5,0.0117645263671875,0.9882354736328125,all_array_sensitivity,raw_cel_rma
GSM1012391,7576,tumor,tumor,training_zscore,0.5,0.013183772563934326,0.9868162274360657,all_array_sensitivity,raw_cel_rma
GSM1012392,7632,tumor,tumor,training_zscore,0.5,0.009362339973449707,0.9906376600265503,all_array_sensitivity,raw_cel_rma
GSM1012393,7662,tumor,tumor,training_zscore,0.5,0.018365800380706787,0.9816341996192932,all_array_sensitivity,raw_cel_rma
GSM1012395,7721,tumor,tumor,training_zscore,0.5,0.0059677958488464355,0.9940322041511536,all_array_sensitivity,raw_cel_rma
GSM1012396,7925,tumor,tumor,training_zscore,0.5,0.014549612998962402,0.9854503870010376,all_array_sensitivity,raw_cel_rma
GSM1012397,7930,tumor,tumor,training_zscore,0.5,0.014540016651153564,0.9854599833488464,all_array_sensitivity,raw_cel_rma
GSM1012398,7973,tumor,tumor,training_zscore,0.5,0.015109121799468994,0.984890878200531,all_array_sensitivity,raw_cel_rma
GSM1012399,8018,tumor,tumor,training_zscore,0.5,0.013456404209136963,0.986543595790863,all_array_sensitivity,raw_cel_rma
GSM1012400,8029,tumor,tumor,training_zscore,0.5,0.012713253498077393,0.9872867465019226,all_array_sensitivity,raw_cel_rma
GSM1012401,8061,tumor,tumor,training_zscore,0.5,0.005087018013000488,0.9949129819869995,all_array_sensitivity,raw_cel_rma
GSM1012405,8168,tumor,tumor,training_zscore,0.5,0.0060111284255981445,0.9939888715744019,all_array_sensitivity,raw_cel_rma
GSM1012407,8792,tumor,tumor,training_zscore,0.5,0.005150020122528076,0.9948499798774719,all_array_sensitivity,raw_cel_rma
GSM1012408,9054,tumor,tumor,training_zscore,0.5,0.005844712257385254,0.9941552877426147,all_array_sensitivity,raw_cel_rma
GSM1012409,9077,tumor,tumor,training_zscore,0.5,0.008815109729766846,0.9911848902702332,all_array_sensitivity,raw_cel_rma
GSM1012410,9185,tumor,tumor,training_zscore,0.5,0.006048381328582764,0.9939516186714172,all_array_sensitivity,raw_cel_rma
GSM1012411,9297,tumor,tumor,training_zscore,0.5,0.01919102668762207,0.9808089733123779,all_array_sensitivity,raw_cel_rma
GSM1012412,9343,tumor,tumor,training_zscore,0.5,0.007103264331817627,0.9928967356681824,all_array_sensitivity,raw_cel_rma
GSM1012413,9394,tumor,tumor,training_zscore,0.5,0.018223464488983154,0.9817765355110168,all_array_sensitivity,raw_cel_rma
GSM1012414,9420,tumor,tumor,training_zscore,0.5,0.011853158473968506,0.9881468415260315,all_array_sensitivity,raw_cel_rma
GSM1012416,9468,tumor,tumor,training_zscore,0.5,0.00771176815032959,0.9922882318496704,all_array_sensitivity,raw_cel_rma
GSM1012419,9728,tumor,tumor,training_zscore,0.5,0.004422783851623535,0.9955772161483765,all_array_sensitivity,raw_cel_rma
GSM1012421,9811,tumor,tumor,training_zscore,0.5,0.005368828773498535,0.9946311712265015,all_array_sensitivity,raw_cel_rma
GSM1012423,10194,tumor,tumor,training_zscore,0.5,0.004667460918426514,0.9953325390815735,all_array_sensitivity,raw_cel_rma
GSM1012424,10216,tumor,tumor,training_zscore,0.5,0.015637874603271484,0.9843621253967285,all_array_sensitivity,raw_cel_rma
GSM1012426,10264,tumor,tumor,training_zscore,0.5,0.005676388740539551,0.9943236112594604,all_array_sensitivity,raw_cel_rma
GSM1012427,10368,tumor,tumor,training_zscore,0.5,0.003682851791381836,0.9963171482086182,all_array_sensitivity,raw_cel_rma
GSM1012428,10512,tumor,tumor,training_zscore,0.5,0.0038374662399291992,0.9961625337600708,all_array_sensitivity,raw_cel_rma
GSM1012429,10630,tumor,tumor,training_zscore,0.5,0.040702223777770996,0.959297776222229,all_array_sensitivity,raw_cel_rma
GSM1012432,11325,tumor,tumor,training_zscore,0.5,0.004622459411621094,0.9953775405883789,all_array_sensitivity,raw_cel_rma
GSM1012434,11718,tumor,tumor,training_zscore,0.5,0.009581148624420166,0.9904188513755798,all_array_sensitivity,raw_cel_rma
GSM1012437,12237,tumor,tumor,training_zscore,0.5,0.00464630126953125,0.9953536987304688,all_array_sensitivity,raw_cel_rma
GSM1012439,12292,tumor,tumor,training_zscore,0.5,0.015666067600250244,0.9843339323997498,all_array_sensitivity,raw_cel_rma
GSM1012440,12297,tumor,tumor,training_zscore,0.5,0.01067960262298584,0.9893203973770142,all_array_sensitivity,raw_cel_rma
GSM1012441,12355,tumor,tumor,training_zscore,0.5,0.010934948921203613,0.9890650510787964,all_array_sensitivity,raw_cel_rma
GSM1012442,12847,tumor,tumor,training_zscore,0.5,0.009419023990631104,0.9905809760093689,all_array_sensitivity,raw_cel_rma
GSM1012445,13321,tumor,tumor,training_zscore,0.5,0.00961005687713623,0.9903899431228638,all_array_sensitivity,raw_cel_rma
GSM1012446,13357,tumor,tumor,training_zscore,0.5,0.00682830810546875,0.9931716918945312,all_array_sensitivity,raw_cel_rma
GSM1012447,14475,tumor,tumor,training_zscore,0.5,0.006957292556762695,0.9930427074432373,all_array_sensitivity,raw_cel_rma
GSM1012451,15329,tumor,tumor,training_zscore,0.5,0.004180192947387695,0.9958198070526123,all_array_sensitivity,raw_cel_rma
GSM1012455,A0319,tumor,tumor,training_zscore,0.5,0.007100224494934082,0.9928997755050659,all_array_sensitivity,raw_cel_rma
GSM1012456,A0702,tumor,tumor,training_zscore,0.5,0.012280046939849854,0.9877199530601501,all_array_sensitivity,raw_cel_rma
GSM1012459,A1327,adjacent_normal,tumor,training_zscore,0.5,0.06618672609329224,0.9338132739067078,all_array_sensitivity,raw_cel_rma
GSM1012461,A1516,tumor,tumor,training_zscore,0.5,0.005520820617675781,0.9944791793823242,all_array_sensitivity,raw_cel_rma
GSM1012462,A1644,tumor,tumor,training_zscore,0.5,0.02515357732772827,0.9748464226722717,all_array_sensitivity,raw_cel_rma
GSM1012463,A1716,tumor,tumor,training_zscore,0.5,0.03773307800292969,0.9622669219970703,all_array_sensitivity,raw_cel_rma
GSM1012465,A1853,adjacent_normal,tumor,training_zscore,0.5,0.06380045413970947,0.9361995458602905,all_array_sensitivity,raw_cel_rma
GSM1012466,A2191,adjacent_normal,tumor,training_zscore,0.5,0.049584150314331055,0.950415849685669,all_array_sensitivity,raw_cel_rma
GSM1012467,A2226,tumor,tumor,training_zscore,0.5,0.004562556743621826,0.9954374432563782,all_array_sensitivity,raw_cel_rma
GSM1012468,A2367,tumor,tumor,training_zscore,0.5,0.006963908672332764,0.9930360913276672,all_array_sensitivity,raw_cel_rma
GSM1012469,A2434,tumor,tumor,training_zscore,0.5,0.004902899265289307,0.9950971007347107,all_array_sensitivity,raw_cel_rma
GSM1012471,A2715,tumor,tumor,training_zscore,0.5,0.014790713787078857,0.9852092862129211,all_array_sensitivity,raw_cel_rma
GSM1012474,A3536,tumor,tumor,training_zscore,0.5,0.007952451705932617,0.9920475482940674,all_array_sensitivity,raw_cel_rma
GSM1012478,A4248,tumor,tumor,training_zscore,0.5,0.007612824440002441,0.9923871755599976,all_array_sensitivity,raw_cel_rma
GSM1012479,A4342,tumor,tumor,training_zscore,0.5,0.006731927394866943,0.9932680726051331,all_array_sensitivity,raw_cel_rma
GSM1012483,A4410,adjacent_normal,tumor,training_zscore,0.5,0.08136683702468872,0.9186331629753113,all_array_sensitivity,raw_cel_rma
GSM1012486,A4779,tumor,tumor,training_zscore,0.5,0.00492483377456665,0.9950751662254333,all_array_sensitivity,raw_cel_rma
GSM1012487,A4779,adjacent_normal,tumor,training_zscore,0.5,0.07347369194030762,0.9265263080596924,all_array_sensitivity,raw_cel_rma
GSM1012488,A4792,tumor,tumor,training_zscore,0.5,0.03541922569274902,0.964580774307251,all_array_sensitivity,raw_cel_rma
GSM1012490,A4902,tumor,tumor,training_zscore,0.5,0.0072768330574035645,0.9927231669425964,all_array_sensitivity,raw_cel_rma
GSM1012492,A4947,tumor,tumor,training_zscore,0.5,0.006700634956359863,0.9932993650436401,all_array_sensitivity,raw_cel_rma
GSM1012498,A5153,adjacent_normal,tumor,training_zscore,0.5,0.051962852478027344,0.9480371475219727,all_array_sensitivity,raw_cel_rma
GSM1012499,A5320,tumor,tumor,training_zscore,0.5,0.005627155303955078,0.9943728446960449,all_array_sensitivity,raw_cel_rma
GSM1012500,A5465,tumor,tumor,training_zscore,0.5,0.01693648099899292,0.9830635190010071,all_array_sensitivity,raw_cel_rma
GSM1012502,A5627,tumor,tumor,training_zscore,0.5,0.01954340934753418,0.9804565906524658,all_array_sensitivity,raw_cel_rma
GSM1012507,A6141,tumor,tumor,training_zscore,0.5,0.007099032402038574,0.9929009675979614,all_array_sensitivity,raw_cel_rma
GSM1012509,A6275,tumor,tumor,training_zscore,0.5,0.015770137310028076,0.9842298626899719,all_array_sensitivity,raw_cel_rma
GSM1012510,A7366,tumor,tumor,training_zscore,0.5,0.00989609956741333,0.9901039004325867,all_array_sensitivity,raw_cel_rma
GSM1012511,A8307,tumor,tumor,training_zscore,0.5,0.005716383457183838,0.9942836165428162,all_array_sensitivity,raw_cel_rma
GSM1012513,A8528,tumor,tumor,training_zscore,0.5,0.010344505310058594,0.9896554946899414,all_array_sensitivity,raw_cel_rma
GSM1012525,C0081,tumor,tumor,training_zscore,0.5,0.022347986698150635,0.9776520133018494,all_array_sensitivity,raw_cel_rma
GSM1012526,C0101,tumor,tumor,training_zscore,0.5,0.014744997024536133,0.9852550029754639,all_array_sensitivity,raw_cel_rma
GSM1012527,C0104,tumor,tumor,training_zscore,0.5,0.016910791397094727,0.9830892086029053,all_array_sensitivity,raw_cel_rma
GSM1012528,C0105,tumor,tumor,training_zscore,0.5,0.011493325233459473,0.9885066747665405,all_array_sensitivity,raw_cel_rma
GSM1012529,C0111,tumor,tumor,training_zscore,0.5,0.02894008159637451,0.9710599184036255,all_array_sensitivity,raw_cel_rma
GSM1012530,C0111,adjacent_normal,tumor,training_zscore,0.5,0.12120521068572998,0.87879478931427,all_array_sensitivity,raw_cel_rma
GSM1012531,C0112,tumor,tumor,training_zscore,0.5,0.014285802841186523,0.9857141971588135,all_array_sensitivity,raw_cel_rma
GSM1012532,C0113,tumor,tumor,training_zscore,0.5,0.0022115707397460938,0.9977884292602539,all_array_sensitivity,raw_cel_rma
GSM1012533,C0114,tumor,tumor,training_zscore,0.5,0.01393800973892212,0.9860619902610779,all_array_sensitivity,raw_cel_rma
GSM1012534,C0114,adjacent_normal,tumor,training_zscore,0.5,0.08401811122894287,0.9159818887710571,all_array_sensitivity,raw_cel_rma
GSM1012535,C0115,tumor,tumor,training_zscore,0.5,0.017623543739318848,0.9823764562606812,all_array_sensitivity,raw_cel_rma
GSM1012536,C0117,tumor,tumor,training_zscore,0.5,0.022746503353118896,0.9772534966468811,all_array_sensitivity,raw_cel_rma
GSM1012537,C0117,adjacent_normal,tumor,training_zscore,0.5,0.08511829376220703,0.914881706237793,all_array_sensitivity,raw_cel_rma
GSM1012538,C0122,tumor,tumor,training_zscore,0.5,0.010487496852874756,0.9895125031471252,all_array_sensitivity,raw_cel_rma
GSM1012539,C0123,tumor,tumor,training_zscore,0.5,0.006769299507141113,0.9932307004928589,all_array_sensitivity,raw_cel_rma
GSM1012540,C0123,adjacent_normal,tumor,training_zscore,0.5,0.11147069931030273,0.8885293006896973,all_array_sensitivity,raw_cel_rma
GSM1012541,C0124,tumor,tumor,training_zscore,0.5,0.007879376411437988,0.992120623588562,all_array_sensitivity,raw_cel_rma
GSM1012542,C0125,tumor,tumor,training_zscore,0.5,0.01242130994796753,0.9875786900520325,all_array_sensitivity,raw_cel_rma
GSM1012543,C0127,tumor,tumor,training_zscore,0.5,0.00706791877746582,0.9929320812225342,all_array_sensitivity,raw_cel_rma
GSM1012544,C0128,tumor,tumor,training_zscore,0.5,0.005152106285095215,0.9948478937149048,all_array_sensitivity,raw_cel_rma
GSM1012546,C0130,tumor,tumor,training_zscore,0.5,0.00446629524230957,0.9955337047576904,all_array_sensitivity,raw_cel_rma
GSM1012547,C0134,tumor,tumor,training_zscore,0.5,0.021025419235229492,0.9789745807647705,all_array_sensitivity,raw_cel_rma
GSM1012548,C0134,adjacent_normal,tumor,training_zscore,0.5,0.08349066972732544,0.9165093302726746,all_array_sensitivity,raw_cel_rma
GSM1012549,C0136,tumor,tumor,training_zscore,0.5,0.004776895046234131,0.9952231049537659,all_array_sensitivity,raw_cel_rma
GSM1012550,C0136,adjacent_normal,tumor,training_zscore,0.5,0.0709642767906189,0.9290357232093811,all_array_sensitivity,raw_cel_rma
GSM1012553,C0137,tumor,tumor,training_zscore,0.5,0.0032256245613098145,0.9967743754386902,all_array_sensitivity,raw_cel_rma
GSM1012554,C0137,adjacent_normal,tumor,training_zscore,0.5,0.05045038461685181,0.9495496153831482,all_array_sensitivity,raw_cel_rma
GSM1012558,C0140,tumor,tumor,training_zscore,0.5,0.02489781379699707,0.9751021862030029,all_array_sensitivity,raw_cel_rma
GSM1012562,C0147,tumor,tumor,training_zscore,0.5,0.011547982692718506,0.9884520173072815,all_array_sensitivity,raw_cel_rma
GSM1012563,C0147,adjacent_normal,tumor,training_zscore,0.5,0.09040826559066772,0.9095917344093323,all_array_sensitivity,raw_cel_rma
GSM1012564,C0149,tumor,tumor,training_zscore,0.5,0.017481982707977295,0.9825180172920227,all_array_sensitivity,raw_cel_rma
GSM1012565,C0151,tumor,tumor,training_zscore,0.5,0.006550848484039307,0.9934491515159607,all_array_sensitivity,raw_cel_rma
GSM1012567,C0153,tumor,tumor,training_zscore,0.5,0.010380566120147705,0.9896194338798523,all_array_sensitivity,raw_cel_rma
GSM1012568,C0153,adjacent_normal,tumor,training_zscore,0.5,0.06908130645751953,0.9309186935424805,all_array_sensitivity,raw_cel_rma
GSM1012569,C0154,tumor,tumor,training_zscore,0.5,0.009830653667449951,0.99016934633255,all_array_sensitivity,raw_cel_rma
GSM1012570,C0155,tumor,tumor,training_zscore,0.5,0.00392228364944458,0.9960777163505554,all_array_sensitivity,raw_cel_rma
GSM1012571,C0156,tumor,tumor,training_zscore,0.5,0.00516819953918457,0.9948318004608154,all_array_sensitivity,raw_cel_rma
GSM1012572,C0157,tumor,tumor,training_zscore,0.5,0.004608869552612305,0.9953911304473877,all_array_sensitivity,raw_cel_rma
GSM1012573,C0157,adjacent_normal,tumor,training_zscore,0.5,0.052458882331848145,0.9475411176681519,all_array_sensitivity,raw_cel_rma
GSM1012574,C0158,tumor,tumor,training_zscore,0.5,0.007434487342834473,0.9925655126571655,all_array_sensitivity,raw_cel_rma
GSM1012575,C0158,adjacent_normal,tumor,training_zscore,0.5,0.05059319734573364,0.9494068026542664,all_array_sensitivity,raw_cel_rma
GSM1012576,C0159,tumor,tumor,training_zscore,0.5,0.007302343845367432,0.9926976561546326,all_array_sensitivity,raw_cel_rma
GSM1012577,C0168,tumor,tumor,training_zscore,0.5,0.00651240348815918,0.9934875965118408,all_array_sensitivity,raw_cel_rma
GSM1012578,C0170,tumor,tumor,training_zscore,0.5,0.009521484375,0.990478515625,all_array_sensitivity,raw_cel_rma
GSM1012579,C0171,tumor,tumor,training_zscore,0.5,0.008673131465911865,0.9913268685340881,all_array_sensitivity,raw_cel_rma
GSM1012580,C0172,tumor,tumor,training_zscore,0.5,0.015425384044647217,0.9845746159553528,all_array_sensitivity,raw_cel_rma
GSM1012581,C0172,adjacent_normal,tumor,training_zscore,0.5,0.06545662879943848,0.9345433712005615,all_array_sensitivity,raw_cel_rma
GSM1012583,C0178,tumor,tumor,training_zscore,0.5,0.009441494941711426,0.9905585050582886,all_array_sensitivity,raw_cel_rma
GSM1012584,C0180,tumor,tumor,training_zscore,0.5,0.003750622272491455,0.9962493777275085,all_array_sensitivity,raw_cel_rma
GSM1012585,C0180,adjacent_normal,tumor,training_zscore,0.5,0.07320445775985718,0.9267955422401428,all_array_sensitivity,raw_cel_rma
GSM1012586,C0181,tumor,tumor,training_zscore,0.5,0.010979950428009033,0.989020049571991,all_array_sensitivity,raw_cel_rma
GSM1012587,C0186,tumor,tumor,training_zscore,0.5,0.0032563209533691406,0.9967436790466309,all_array_sensitivity,raw_cel_rma
GSM1012588,C0192,tumor,tumor,training_zscore,0.5,0.01220548152923584,0.9877945184707642,all_array_sensitivity,raw_cel_rma
GSM1012589,C0193,tumor,tumor,training_zscore,0.5,0.019795715808868408,0.9802042841911316,all_array_sensitivity,raw_cel_rma
GSM1012590,C0193,adjacent_normal,tumor,training_zscore,0.5,0.07194513082504272,0.9280548691749573,all_array_sensitivity,raw_cel_rma
GSM1012591,C0194,tumor,tumor,training_zscore,0.5,0.009178519248962402,0.9908214807510376,all_array_sensitivity,raw_cel_rma
GSM1012592,C0194,adjacent_normal,tumor,training_zscore,0.5,0.07956844568252563,0.9204315543174744,all_array_sensitivity,raw_cel_rma
GSM1012593,C0198,tumor,tumor,training_zscore,0.5,0.009807586669921875,0.9901924133300781,all_array_sensitivity,raw_cel_rma
GSM1012594,C0198,adjacent_normal,tumor,training_zscore,0.5,0.07363247871398926,0.9263675212860107,all_array_sensitivity,raw_cel_rma
GSM1012595,C0200,tumor,tumor,training_zscore,0.5,0.004438042640686035,0.995561957359314,all_array_sensitivity,raw_cel_rma
GSM1012596,C0203,tumor,tumor,training_zscore,0.5,0.006972610950469971,0.99302738904953,all_array_sensitivity,raw_cel_rma
GSM1012597,C0210,tumor,tumor,training_zscore,0.5,0.014643847942352295,0.9853561520576477,all_array_sensitivity,raw_cel_rma
GSM1012600,C0221,tumor,tumor,training_zscore,0.5,0.0072067975997924805,0.9927932024002075,all_array_sensitivity,raw_cel_rma
GSM1012602,C0225,tumor,tumor,training_zscore,0.5,0.01257544755935669,0.9874245524406433,all_array_sensitivity,raw_cel_rma
GSM1012603,2308,adjacent_normal,tumor,training_zscore,0.5,0.1196243166923523,0.8803756833076477,all_array_sensitivity,raw_cel_rma
GSM1012604,C0234,tumor,tumor,training_zscore,0.5,0.029403328895568848,0.9705966711044312,all_array_sensitivity,raw_cel_rma
GSM1012605,C0238,tumor,tumor,training_zscore,0.5,0.01232302188873291,0.9876769781112671,all_array_sensitivity,raw_cel_rma
GSM1012606,C0251,adjacent_normal,tumor,training_zscore,0.5,0.07307934761047363,0.9269206523895264,all_array_sensitivity,raw_cel_rma
GSM1012611,C0257,tumor,tumor,training_zscore,0.5,0.011208295822143555,0.9887917041778564,all_array_sensitivity,raw_cel_rma
GSM1012612,C0265,adjacent_normal,tumor,training_zscore,0.5,0.05977243185043335,0.9402275681495667,all_array_sensitivity,raw_cel_rma
GSM1012615,C0273,tumor,tumor,training_zscore,0.5,0.014522194862365723,0.9854778051376343,all_array_sensitivity,raw_cel_rma
GSM1012616,C0275,tumor,tumor,training_zscore,0.5,0.010432064533233643,0.9895679354667664,all_array_sensitivity,raw_cel_rma
GSM1012617,C0283,tumor,tumor,training_zscore,0.5,0.0096205472946167,0.9903794527053833,all_array_sensitivity,raw_cel_rma
GSM1012618,C0285,tumor,tumor,training_zscore,0.5,0.004153192043304443,0.9958468079566956,all_array_sensitivity,raw_cel_rma
GSM1012619,C0295,tumor,tumor,training_zscore,0.5,0.015291213989257812,0.9847087860107422,all_array_sensitivity,raw_cel_rma
GSM1012620,C0297,tumor,tumor,training_zscore,0.5,0.004735827445983887,0.9952641725540161,all_array_sensitivity,raw_cel_rma
GSM1012621,C0297,adjacent_normal,tumor,training_zscore,0.5,0.04702264070510864,0.9529773592948914,all_array_sensitivity,raw_cel_rma
GSM1012622,C0298,tumor,tumor,training_zscore,0.5,0.017463386058807373,0.9825366139411926,all_array_sensitivity,raw_cel_rma
GSM1012624,C0312,tumor,tumor,training_zscore,0.5,0.012925148010253906,0.9870748519897461,all_array_sensitivity,raw_cel_rma
GSM1012625,3156,adjacent_normal,tumor,training_zscore,0.5,0.03952533006668091,0.9604746699333191,all_array_sensitivity,raw_cel_rma
GSM1012627,C0323,tumor,tumor,training_zscore,0.5,0.022474944591522217,0.9775250554084778,all_array_sensitivity,raw_cel_rma
GSM1012628,C0323,adjacent_normal,tumor,training_zscore,0.5,0.065915048122406,0.934084951877594,all_array_sensitivity,raw_cel_rma
GSM1012629,C0329,tumor,tumor,training_zscore,0.5,0.005231022834777832,0.9947689771652222,all_array_sensitivity,raw_cel_rma
GSM1012630,C0329,adjacent_normal,tumor,training_zscore,0.5,0.04959535598754883,0.9504046440124512,all_array_sensitivity,raw_cel_rma
GSM1012631,C0330,tumor,tumor,training_zscore,0.5,0.030208289623260498,0.9697917103767395,all_array_sensitivity,raw_cel_rma
GSM1012634,C0334,tumor,tumor,training_zscore,0.5,0.012246668338775635,0.9877533316612244,all_array_sensitivity,raw_cel_rma
GSM1012635,C0353,tumor,tumor,training_zscore,0.5,0.01124793291091919,0.9887520670890808,all_array_sensitivity,raw_cel_rma
GSM1012636,C0353,adjacent_normal,tumor,training_zscore,0.5,0.05281257629394531,0.9471874237060547,all_array_sensitivity,raw_cel_rma
GSM1012639,C0415,tumor,tumor,training_zscore,0.5,0.014188051223754883,0.9858119487762451,all_array_sensitivity,raw_cel_rma
GSM1012640,C0415,adjacent_normal,tumor,training_zscore,0.5,0.07191258668899536,0.9280874133110046,all_array_sensitivity,raw_cel_rma
GSM1012643,C0472,tumor,tumor,training_zscore,0.5,0.005228698253631592,0.9947713017463684,all_array_sensitivity,raw_cel_rma
GSM1012645,C0487,tumor,tumor,training_zscore,0.5,0.011682093143463135,0.9883179068565369,all_array_sensitivity,raw_cel_rma
GSM1012646,C0487,adjacent_normal,tumor,training_zscore,0.5,0.085299551486969,0.914700448513031,all_array_sensitivity,raw_cel_rma
GSM1012648,C0575,adjacent_normal,tumor,training_zscore,0.5,0.05474293231964111,0.9452570676803589,all_array_sensitivity,raw_cel_rma
GSM1012651,C0667,tumor,tumor,training_zscore,0.5,0.009323716163635254,0.9906762838363647,all_array_sensitivity,raw_cel_rma
