probe_id,gene_symbol_raw,entrez_id_raw,gene_symbol,entrez_id
220951_s_at,A1CF,29974,A1CF,29974
217757_at,A2M,2,A2M,2
219488_at,A4GALT,53947,A4GALT,53947
221131_at,A4GNT,51146,A4GNT,51146
218075_at,AAAS,8086,AAAS,8086
218434_s_at,AACS,65985,AACS,65985
205969_at,AADAC,13,AADAC,13
202851_at,AAGAB,79719,AAGAB,79719
202852_s_at,AAGAB,79719,AAGAB,79719
205434_s_at,AAK1,22848,AAK1,22848
205435_s_at,AAK1,22848,AAK1,22848
211186_s_at,AAK1,22848,AAK1,22848
214956_at,AAK1,22848,AAK1,22848
214998_at,AAK1,22848,AAK1,22848
220268_at,AAMDC,28971,AAMDC,28971
221599_at,AAMDC,28971,AAMDC,28971
221600_s_at,AAMDC,28971,AAMDC,28971
201511_at,AAMP,14,AAMP,14
207225_at,AANAT,15,AANAT,15
218089_at,AAR2,25980,AAR2,25980
201000_at,AARS,16,AARS,16
202169_s_at,AASDHPPT,60496,AASDHPPT,60496
202170_s_at,AASDHPPT,60496,AASDHPPT,60496
210852_s_at,AASS,10157,AASS,10157
214829_at,AASS,10157,AASS,10157
209165_at,AATF,26574,AATF,26574
205986_at,AATK,9625,AATK,9625
206527_at,ABAT,18,ABAT,18
209459_s_at,ABAT,18,ABAT,18
209460_at,ABAT,18,ABAT,18
203504_s_at,ABCA1,19,ABCA1,19
203505_at,ABCA1,19,ABCA1,19
216066_at,ABCA1,19,ABCA1,19
220159_at,ABCA11P,79963,ABCA11P,79963
215465_at,ABCA12,26154,ABCA12,26154
210099_at,ABCA2,20,ABCA2,20
210100_s_at,ABCA2,20,ABCA2,20
212772_s_at,ABCA2,20,ABCA2,20
204343_at,ABCA3,21,ABCA3,21
210082_at,ABCA4,24,ABCA4,24
213353_at,ABCA5,23461,ABCA5,23461
217504_at,ABCA6,23460,ABCA6,23460
219577_s_at,ABCA7,10347,ABCA7,10347
204719_at,ABCA8,10351,ABCA8,10351
209993_at,ABCB1,5243,ABCB1,5243
208288_at,ABCB11,8647,ABCB11,8647
211224_s_at,ABCB11,8647,ABCB11,8647
207819_s_at,ABCB4,5244,ABCB4,5244
209994_s_at,ABCB4///ABCB1,5244///5243,ABCB4///ABCB1,5244///5243
203191_at,ABCB6,10058,ABCB6,10058
203192_at,ABCB6,10058,ABCB6,10058
209620_s_at,ABCB7,22,ABCB7,22
206317_s_at,ABCB8,11194,ABCB8,11194
207561_s_at,ABCB8///ASIC3,11194///9311,ABCB8///ASIC3,11194///9311
207321_s_at,ABCB9,23457,ABCB9,23457
214209_s_at,ABCB9,23457,ABCB9,23457
202804_at,ABCC1,4363,ABCC1,4363
202805_s_at,ABCC1,4363,ABCC1,4363
213485_s_at,ABCC10,89845,ABCC10,89845
215873_x_at,ABCC10,89845,ABCC10,89845
206155_at,ABCC2,1244,ABCC2,1244
208161_s_at,ABCC3,8714,ABCC3,8714
209641_s_at,ABCC3,8714,ABCC3,8714
203196_at,ABCC4,10257,ABCC4,10257
209380_s_at,ABCC5,10057,ABCC5,10057
210245_at,ABCC8,6833,ABCC8,6833
210246_s_at,ABCC8,6833,ABCC8,6833
208462_s_at,ABCC9,10060,ABCC9,10060
208561_at,ABCC9,10060,ABCC9,10060
208562_s_at,ABCC9,10060,ABCC9,10060
205142_x_at,ABCD1,215,ABCD1,215
207583_at,ABCD2,225,ABCD2,225
202850_at,ABCD3,5825,ABCD3,5825
203981_s_at,ABCD4,5826,ABCD4,5826
203982_s_at,ABCD4,5826,ABCD4,5826
201872_s_at,ABCE1,6059,ABCE1,6059
201873_s_at,ABCE1,6059,ABCE1,6059
200045_at,ABCF1,23,ABCF1,23
207622_s_at,ABCF2,10061,ABCF2,10061
207623_at,ABCF2,10061,ABCF2,10061
209246_at,ABCF2,10061,ABCF2,10061
209247_s_at,ABCF2,10061,ABCF2,10061
214232_at,ABCF2,10061,ABCF2,10061
202394_s_at,ABCF3,55324,ABCF3,55324
204567_s_at,ABCG1,9619,ABCG1,9619
211113_s_at,ABCG1,9619,ABCG1,9619
209735_at,ABCG2,9429,ABCG2,9429
207593_at,ABCG4,64137,ABCG4,64137
220383_at,ABCG5,64240,ABCG5,64240
218633_x_at,ABHD10,55347,ABHD10,55347
221927_s_at,ABHD11,83451,ABHD11,83451
202740_at,ABHD14A-ACY1///ACY1,100526760///95,ABHD14A-ACY1///ACY1,100526760///95
210006_at,ABHD14A///ACY1,25864///95,ABHD14A///ACY1,25864///95
221267_s_at,ABHD17A,81926,ABHD17A,81926
220285_at,ABHD17B,51104,ABHD17B,51104
219980_at,ABHD18,80167,ABHD18,80167
205566_at,ABHD2,11057,ABHD2,11057
221815_at,ABHD2,11057,ABHD2,11057
63825_at,ABHD2,11057,ABHD2,11057
87100_at,ABHD2,11057,ABHD2,11057
213017_at,ABHD3,171586,ABHD3,171586
218581_at,ABHD4,63874,ABHD4,63874
213805_at,ABHD5,51099,ABHD5,51099
213935_at,ABHD5,51099,ABHD5,51099
218739_at,ABHD5,51099,ABHD5,51099
221552_at,ABHD6,57406,ABHD6,57406
221678_at,ABHD6,57406,ABHD6,57406
221679_s_at,ABHD6,57406,ABHD6,57406
45288_at,ABHD6,57406,ABHD6,57406
219101_x_at,ABHD8,79575,ABHD8,79575
209027_s_at,ABI1,10006,ABI1,10006
209028_s_at,ABI1,10006,ABI1,10006
207268_x_at,ABI2,10152,ABI2,10152
209856_x_at,ABI2,10152,ABI2,10152
211793_s_at,ABI2,10152,ABI2,10152
216113_at,ABI2,10152,ABI2,10152
220518_at,ABI3BP,25890,ABI3BP,25890
202123_s_at,ABL1,25,ABL1,25
206411_s_at,ABL2,27,ABL2,27
200965_s_at,ABLIM1,3983,ABLIM1,3983
210461_s_at,ABLIM1,3983,ABLIM1,3983
205730_s_at,ABLIM3,22885,ABLIM3,22885
214504_at,ABO,28,ABO,28
216716_at,ABO,28,ABO,28
216929_x_at,ABO,28,ABO,28
212895_s_at,ABR,29,ABR,29
214671_s_at,ABR,29,ABR,29
218405_at,ABT1,29777,ABT1,29777
213497_at,ABTB2,25841,ABTB2,25841
202025_x_at,ACAA1,30,ACAA1,30
214274_s_at,ACAA1,30,ACAA1,30
202002_at,ACAA2,10449,ACAA2,10449
202003_s_at,ACAA2,10449,ACAA2,10449
212186_at,ACACA,31,ACACA,31
214358_at,ACACA,31,ACACA,31
214584_x_at,ACACB,32,ACACB,32
221928_at,ACACB,32,ACACB,32
43427_at,ACACB,32,ACACB,32
49452_at,ACACB,32,ACACB,32
219986_s_at,ACAD10,80724,ACAD10,80724
221669_s_at,ACAD8,27034,ACAD8,27034
206068_s_at,ACADL,33,ACADL,33
206069_s_at,ACADL,33,ACADL,33
202502_at,ACADM,34,ACADM,34
202366_at,ACADS,35,ACADS,35
205355_at,ACADSB,36,ACADSB,36
200710_at,ACADVL,37,ACADVL,37
205679_x_at,ACAN,176,ACAN,176
207692_s_at,ACAN,176,ACAN,176
217161_x_at,ACAN,176,ACAN,176
205212_s_at,ACAP1,9744,ACAP1,9744
205213_at,ACAP1,9744,ACAP1,9744
212476_at,ACAP2,23527,ACAP2,23527
212477_at,ACAP2,23527,ACAP2,23527
205412_at,ACAT1,38,ACAT1,38
209608_s_at,ACAT2,39,ACAT2,39
202323_s_at,ACBD3,64746,ACBD3,64746
202324_s_at,ACBD3,64746,ACBD3,64746
219413_at,ACBD4,79777,ACBD4,79777
204617_s_at,ACD,65057,ACD,65057
209749_s_at,ACE,1636,ACE,1636
219962_at,ACE2,59272,ACE2,59272
222257_s_at,ACE2,59272,ACE2,59272
205377_s_at,ACHE,43,ACHE,43
205378_s_at,ACHE,43,ACHE,43
210332_at,ACHE,43,ACHE,43
201715_s_at,ACIN1,22985,ACIN1,22985
208335_s_at,ACKR1,2532,ACKR1,2532
206887_at,ACKR2,1238,ACKR2,1238
212977_at,ACKR3,57007,ACKR3,57007
220351_at,ACKR4,51554,ACKR4,51554
201127_s_at,ACLY,47,ACLY,47
201128_s_at,ACLY,47,ACLY,47
210337_s_at,ACLY,47,ACLY,47
207071_s_at,ACO1,48,ACO1,48
200793_s_at,ACO2,50,ACO2,50
217307_at,ACO2,50,ACO2,50
202982_s_at,ACOT1///ACOT2,641371///10965,ACOT1///ACOT2,641371///10965
214763_at,ACOT11,26027,ACOT11,26027
216103_at,ACOT11,26027,ACOT11,26027
204565_at,ACOT13,55856,ACOT13,55856
208002_s_at,ACOT7,11332,ACOT7,11332
215728_s_at,ACOT7,11332,ACOT7,11332
204212_at,ACOT8,10005,ACOT8,10005
221641_s_at,ACOT9,23597,ACOT9,23597
207656_s_at,ACOX1,51,ACOX1,51
209600_s_at,ACOX1,51,ACOX1,51
209601_at,ACOX1,51,ACOX1,51
213501_at,ACOX1,51,ACOX1,51
205364_at,ACOX2,8309,ACOX2,8309
204241_at,ACOX3,8310,ACOX3,8310
204242_s_at,ACOX3,8310,ACOX3,8310
220845_at,ACOXL,55289,ACOXL,55289
201629_s_at,ACP1,52,ACP1,52
201630_s_at,ACP1,52,ACP1,52
215227_x_at,ACP1,52,ACP1,52
202767_at,ACP2,53,ACP2,53
204638_at,ACP5,54,ACP5,54
218795_at,ACP6,51205,ACP6,51205
204393_s_at,ACPP,55,ACPP,55
207427_at,ACR,49,ACR,49
206776_x_at,ACRV1,56,ACRV1,56
207969_x_at,ACRV1,56,ACRV1,56
207973_x_at,ACRV1,56,ACRV1,56
207990_x_at,ACRV1,56,ACRV1,56
207991_x_at,ACRV1,56,ACRV1,56
208013_s_at,ACRV1,56,ACRV1,56
206465_at,ACSBG1,23205,ACSBG1,23205
206466_at,ACSBG1,23205,ACSBG1,23205
221716_s_at,ACSBG2,81616,ACSBG2,81616
218844_at,ACSF2,80221,ACSF2,80221
201963_at,ACSL1,2180,ACSL1,2180
207275_s_at,ACSL1,2180,ACSL1,2180
201660_at,ACSL3,2181,ACSL3,2181
201661_s_at,ACSL3,2181,ACSL3,2181
201662_s_at,ACSL3,2181,ACSL3,2181
202422_s_at,ACSL4,2182,ACSL4,2182
218322_s_at,ACSL5,51703,ACSL5,51703
211207_s_at,ACSL6,23305,ACSL6,23305
213683_at,ACSL6,23305,ACSL6,23305
216409_at,ACSL6,23305,ACSL6,23305
215432_at,ACSM1,116285,ACSM1,116285
214069_at,ACSM2B///ACSM2A,348158///123876,ACSM2B///ACSM2A,348158///123876
205942_s_at,ACSM3,6296,ACSM3,6296
210377_at,ACSM3,6296,ACSM3,6296
220061_at,ACSM5,54988,ACSM5,54988
89977_at,ACSM5,54988,ACSM5,54988
219616_at,ACSS3,79611,ACSS3,79611
203872_at,ACTA1,58,ACTA1,58
200974_at,ACTA2,59,ACTA2,59
215787_at,ACTA2,59,ACTA2,59
200801_x_at,ACTB,60,ACTB,60
213867_x_at,ACTB,60,ACTB,60
AFFX-HSAC07/X00351_3_at,ACTB,60,ACTB,60
AFFX-HSAC07/X00351_5_at,ACTB,60,ACTB,60
AFFX-HSAC07/X00351_M_at,ACTB,60,ACTB,60
217211_at,ACTBP9,69,ACTBP9,69
205132_at,ACTC1,70,ACTC1,70
201550_x_at,ACTG1///ACTB,71///60,ACTG1///ACTB,71///60
211970_x_at,ACTG1///ACTB,71///60,ACTG1///ACTB,71///60
211983_x_at,ACTG1///ACTB,71///60,ACTG1///ACTB,71///60
211995_x_at,ACTG1///ACTB,71///60,ACTG1///ACTB,71///60
212363_x_at,ACTG1///ACTB,71///60,ACTG1///ACTB,71///60
212988_x_at,ACTG1///ACTB,71///60,ACTG1///ACTB,71///60
213214_x_at,ACTG1///ACTB,71///60,ACTG1///ACTB,71///60
221607_x_at,ACTG1///ACTB,71///60,ACTG1///ACTB,71///60
208498_s_at,ACTG1P4///AMY2B///AMY2A///AMY1C///AMY1B///AMY1A,648740///280///279///278///277///276,ACTG1P4///AMY2B///AMY2A///AMY1C///AMY1B///AMY1A,648740///280///279///278///277///276
202274_at,ACTG2,72,ACTG2,72
202666_s_at,ACTL6A,86,ACTL6A,86
206013_s_at,ACTL6B,51412,ACTL6B,51412
206014_at,ACTL6B,51412,ACTL6B,51412
220501_at,ACTL7A,10881,ACTL7A,10881
220498_at,ACTL7B,10880,ACTL7B,10880
214957_at,ACTL8,81569,ACTL8,81569
208636_at,ACTN1,87,ACTN1,87
208637_x_at,ACTN1,87,ACTN1,87
211160_x_at,ACTN1,87,ACTN1,87
203861_s_at,ACTN2,88,ACTN2,88
203862_s_at,ACTN2,88,ACTN2,88
203863_at,ACTN2,88,ACTN2,88
203864_s_at,ACTN2,88,ACTN2,88
206891_at,ACTN3,89,ACTN3,89
200601_at,ACTN4,81,ACTN4,81
222230_s_at,ACTR10,55860,ACTR10,55860
200720_s_at,ACTR1A,10121,ACTR1A,10121
200721_s_at,ACTR1A,10121,ACTR1A,10121
202135_s_at,ACTR1B,10120,ACTR1B,10120
200727_s_at,ACTR2,10097,ACTR2,10097
200728_at,ACTR2,10097,ACTR2,10097
200729_s_at,ACTR2,10097,ACTR2,10097
200996_at,ACTR3,10096,ACTR3,10096
213101_s_at,ACTR3,10096,ACTR3,10096
213102_at,ACTR3,10096,ACTR3,10096
218868_at,ACTR3B,57180,ACTR3B,57180
219623_at,ACTR5,79913,ACTR5,79913
222147_s_at,ACTR5,79913,ACTR5,79913
218395_at,ACTR6,64431,ACTR6,64431
218658_s_at,ACTR8,93973,ACTR8,93973
203935_at,ACVR1,90,ACVR1,90
205209_at,ACVR1B,91,ACVR1B,91
208218_s_at,ACVR1B,91,ACVR1B,91
208219_at,ACVR1B,91,ACVR1B,91
208222_at,ACVR1B,91,ACVR1B,91
208223_s_at,ACVR1B,91,ACVR1B,91
213198_at,ACVR1B,91,ACVR1B,91
205327_s_at,ACVR2A,92,ACVR2A,92
220028_at,ACVR2B,93,ACVR2B,93
215590_x_at,ACVR2B-AS1,100128640,ACVR2B-AS1,100128640
210838_s_at,ACVRL1,94,ACVRL1,94
205260_s_at,ACYP1,97,ACYP1,97
204639_at,ADA,100,ADA,100
216705_s_at,ADA,100,ADA,100
202603_at,ADAM10,102,ADAM10,102
202604_x_at,ADAM10,102,ADAM10,102
214895_s_at,ADAM10,102,ADAM10,102
207880_at,ADAM11,4185,ADAM11,4185
202952_s_at,ADAM12,8038,ADAM12,8038
204943_at,ADAM12,8038,ADAM12,8038
213790_at,ADAM12,8038,ADAM12,8038
215613_at,ADAM12,8038,ADAM12,8038
217007_s_at,ADAM15,8751,ADAM15,8751
205745_x_at,ADAM17,6868,ADAM17,6868
205746_s_at,ADAM17,6868,ADAM17,6868
213532_at,ADAM17,6868,ADAM17,6868
207597_at,ADAM18,8749,ADAM18,8749
209765_at,ADAM19,8728,ADAM19,8728
221128_at,ADAM19,8728,ADAM19,8728
207664_at,ADAM2,2515,ADAM2,2515
207422_at,ADAM20,8748,ADAM20,8748
207423_s_at,ADAM20,8748,ADAM20,8748
207665_at,ADAM21,8747,ADAM21,8747
206615_s_at,ADAM22,53616,ADAM22,53616
206616_s_at,ADAM22,53616,ADAM22,53616
208226_x_at,ADAM22,53616,ADAM22,53616
208227_x_at,ADAM22,53616,ADAM22,53616
208237_x_at,ADAM22,53616,ADAM22,53616
213411_at,ADAM22,53616,ADAM22,53616
206046_at,ADAM23,8745,ADAM23,8745
213808_at,ADAM23,8745,ADAM23,8745
205997_at,ADAM28,10863,ADAM28,10863
208268_at,ADAM28,10863,ADAM28,10863
208269_s_at,ADAM28,10863,ADAM28,10863
221446_at,ADAM30,11085,ADAM30,11085
216276_s_at,ADAM3A,1587,ADAM3A,1587
217090_at,ADAM3A,1587,ADAM3A,1587
217237_at,ADAM3B,1596,ADAM3B,1596
216998_s_at,ADAM5,255926,ADAM5,255926
217003_s_at,ADAM5,255926,ADAM5,255926
211238_at,ADAM7,8756,ADAM7,8756
211239_s_at,ADAM7,8756,ADAM7,8756
205179_s_at,ADAM8,101,ADAM8,101
205180_s_at,ADAM8,101,ADAM8,101
202381_at,ADAM9,8754,ADAM9,8754
206134_at,ADAMDEC1,27299,ADAMDEC1,27299
222162_s_at,ADAMTS1,9510,ADAMTS1,9510
221421_s_at,ADAMTS12,81792,ADAMTS12,81792
220208_at,ADAMTS13,11093,ADAMTS13,11093
214454_at,ADAMTS2,9509,ADAMTS2,9509
214535_s_at,ADAMTS2,9509,ADAMTS2,9509
220717_at,ADAMTS20,80070,ADAMTS20,80070
214913_at,ADAMTS3,9508,ADAMTS3,9508
219935_at,ADAMTS5,11096,ADAMTS5,11096
220866_at,ADAMTS6,11174,ADAMTS6,11174
220705_s_at,ADAMTS7,11173,ADAMTS7,11173
220706_at,ADAMTS7,11173,ADAMTS7,11173
220676_at,ADAMTS8,11095,ADAMTS8,11095
220677_s_at,ADAMTS8,11095,ADAMTS8,11095
220287_at,ADAMTS9,56999,ADAMTS9,56999
206629_at,ADAMTSL2,9719,ADAMTSL2,9719
213974_at,ADAMTSL3,57188,ADAMTSL3,57188
220578_at,ADAMTSL4,54507,ADAMTSL4,54507
219150_s_at,ADAP1,11033,ADAP1,11033
90265_at,ADAP1,11033,ADAP1,11033
219358_s_at,ADAP2,55803,ADAP2,55803
201786_s_at,ADAR,103,ADAR,103
203865_s_at,ADARB1,104,ADARB1,104
207999_s_at,ADARB1,104,ADARB1,104
209979_at,ADARB1,104,ADARB1,104
220648_at,ADARB2,105,ADARB2,105
219384_s_at,ADAT1,23536,ADAT1,23536
221893_s_at,ADCK2,90956,ADCK2,90956
221894_at,ADCK2,90956,ADCK2,90956
222117_s_at,ADCK2,90956,ADCK2,90956
44120_at,ADCK2,90956,ADCK2,90956
213245_at,ADCY1,107,ADCY1,107
215340_at,ADCY1,107,ADCY1,107
215348_at,ADCY1,107,ADCY1,107
214547_at,ADCY10,55811,ADCY10,55811
217305_s_at,ADCY10,55811,ADCY10,55811
213217_at,ADCY2,108,ADCY2,108
213219_at,ADCY2,108,ADCY2,108
217687_at,ADCY2,108,ADCY2,108
209320_at,ADCY3,109,ADCY3,109
209321_s_at,ADCY3,109,ADCY3,109
209195_s_at,ADCY6,112,ADCY6,112
203741_s_at,ADCY7,113,ADCY7,113
206811_at,ADCY8,114,ADCY8,114
204497_at,ADCY9,115,ADCY9,115
204498_s_at,ADCY9,115,ADCY9,115
215400_x_at,ADCY9,115,ADCY9,115
206281_at,ADCYAP1,116,ADCYAP1,116
207151_at,ADCYAP1R1,117,ADCYAP1R1,117
208030_s_at,ADD1,118,ADD1,118
214726_x_at,ADD1,118,ADD1,118
214736_s_at,ADD1,118,ADD1,118
205268_s_at,ADD2,119,ADD2,119
206807_s_at,ADD2,119,ADD2,119
213484_at,ADD2,119,ADD2,119
201034_at,ADD3,120,ADD3,120
201752_s_at,ADD3,120,ADD3,120
201753_s_at,ADD3,120,ADD3,120
205882_x_at,ADD3,120,ADD3,120
217380_s_at,ADD3-AS1,100505933,ADD3-AS1,100505933
222072_at,ADD3-AS1,100505933,ADD3-AS1,100505933
220614_s_at,ADGB,79747,ADGB,79747
221814_at,ADGRA2,25960,ADGRA2,25960
65718_at,ADGRA2,25960,ADGRA2,25960
210473_s_at,ADGRA3,166647,ADGRA3,166647
206083_at,ADGRB1,575,ADGRB1,575
204966_at,ADGRB2,576,ADGRB2,576
205638_at,ADGRB3,577,ADGRB3,577
211568_at,ADGRB3,577,ADGRB3,577
216289_at,ADGRD2,347088,ADGRD2,347088
207111_at,ADGRE1,2015,ADGRE1,2015
207610_s_at,ADGRE2,30817,ADGRE2,30817
210724_at,ADGRE3,84658,ADGRE3,84658
202910_s_at,ADGRE5,976,ADGRE5,976
220907_at,ADGRF1,266977,ADGRF1,266977
212950_at,ADGRF5,221395,ADGRF5,221395
212951_at,ADGRF5,221395,ADGRF5,221395
206582_s_at,ADGRG1,9289,ADGRG1,9289
212070_at,ADGRG1,9289,ADGRG1,9289
206002_at,ADGRG2,10149,ADGRG2,10149
220404_at,ADGRG3,222487,ADGRG3,222487
213094_at,ADGRG6,57211,ADGRG6,57211
203488_at,ADGRL1,22859,ADGRL1,22859
219145_at,ADGRL1,22859,ADGRL1,22859
47560_at,ADGRL1,22859,ADGRL1,22859
206953_s_at,ADGRL2,23266,ADGRL2,23266
209866_s_at,ADGRL3,23284,ADGRL3,23284
209867_s_at,ADGRL3,23284,ADGRL3,23284
219134_at,ADGRL4,64123,ADGRL4,64123
215396_at,ADGRV1,84059,ADGRV1,84059
207820_at,ADH1A,124,ADH1A,124
209612_s_at,ADH1B,125,ADH1B,125
209613_s_at,ADH1B,125,ADH1B,125
209614_at,ADH1B,125,ADH1B,125
206262_at,ADH1C,126,ADH1C,126
208847_s_at,ADH5,128,ADH5,128
208848_at,ADH5,128,ADH5,128
207544_s_at,ADH6,130,ADH6,130
214261_s_at,ADH6,130,ADH6,130
210505_at,ADH7,131,ADH7,131
217761_at,ADI1,55256,ADI1,55256
207175_at,ADIPOQ,9370,ADIPOQ,9370
217748_at,ADIPOR1,51094,ADIPOR1,51094
201346_at,ADIPOR2,79602,ADIPOR2,79602
203571_s_at,ADIRF,10974,ADIRF,10974
204119_s_at,ADK,132,ADK,132
204120_s_at,ADK,132,ADK,132
202912_at,ADM,133,ADM,133
220538_at,ADM2,79924,ADM2,79924
201773_at,ADNP,23394,ADNP,23394
203321_s_at,ADNP2,22850,ADNP2,22850
203322_at,ADNP2,22850,ADNP2,22850
212500_at,ADO,84890,ADO,84890
212502_at,ADO,84890,ADO,84890
205481_at,ADORA1,134,ADORA1,134
216220_s_at,ADORA1,134,ADORA1,134
205891_at,ADORA2B,136,ADORA2B,136
206171_at,ADORA3,140,ADORA3,140
220980_s_at,ADPGK,83440,ADPGK,83440
207863_at,ADPRH,141,ADPRH,141
220606_s_at,ADPRM,56985,ADPRM,56985
211489_at,ADRA1A,148,ADRA1A,148
211490_at,ADRA1A,148,ADRA1A,148
211491_at,ADRA1A,148,ADRA1A,148
211492_s_at,ADRA1A,148,ADRA1A,148
207589_at,ADRA1B,147,ADRA1B,147
210960_at,ADRA1D,146,ADRA1D,146
210961_s_at,ADRA1D,146,ADRA1D,146
209869_at,ADRA2A,150,ADRA2A,150
208544_at,ADRA2B,151,ADRA2B,151
206128_at,ADRA2C,152,ADRA2C,152
208214_at,ADRB1,153,ADRB1,153
206170_at,ADRB2,154,ADRB2,154
206812_at,ADRB3,155,ADRB3,155
217303_s_at,ADRB3,155,ADRB3,155
201281_at,ADRM1,11047,ADRM1,11047
202144_s_at,ADSL,158,ADSL,158
210250_x_at,ADSL,158,ADSL,158
221761_at,ADSS,159,ADSS,159
215100_at,ADTRP,84830,ADTRP,84830
201792_at,AEBP1,165,AEBP1,165
219361_s_at,AEN,64782,AEN,64782
217729_s_at,AES,166,AES,166
203563_at,AFAP1,60312,AFAP1,60312
208512_s_at,AFDN,4301,AFDN,4301
214939_x_at,AFDN,4301,AFDN,4301
215904_at,AFDN,4301,AFDN,4301
210409_at,AFDN-AS1,653483,AFDN-AS1,653483
201924_at,AFF1,4299,AFF1,4299
211826_s_at,AFF1,4299,AFF1,4299
215451_s_at,AFF1,4299,AFF1,4299
206105_at,AFF2,2334,AFF2,2334
210957_s_at,AFF2,2334,AFF2,2334
216364_s_at,AFF2,2334,AFF2,2334
205734_s_at,AFF3,3899,AFF3,3899
205735_s_at,AFF3,3899,AFF3,3899
219199_at,AFF4,27125,AFF4,27125
202486_at,AFG3L2,10939,AFG3L2,10939
206840_at,AFM,173,AFM,173
204694_at,AFP,174,AFP,174
217939_s_at,AFTPH,54812,AFTPH,54812
204332_s_at,AGA,175,AGA,175
204333_s_at,AGA,175,AGA,175
216064_s_at,AGA,175,AGA,175
204066_s_at,AGAP1,116987,AGAP1,116987
206152_at,AGAP2,116986,AGAP2,116986
215080_s_at,AGAP2,116986,AGAP2,116986
220390_at,AGBL2,79841,AGBL2,79841
220649_at,AGBL3,340351,AGBL3,340351
218480_at,AGBL5,60509,AGBL5,60509
210081_at,AGER,177,AGER,177
217046_s_at,AGER,177,AGER,177
213926_s_at,AGFG1,3267,AGFG1,3267
213928_s_at,AGFG1,3267,AGFG1,3267
218091_at,AGFG1,3267,AGFG1,3267
218092_s_at,AGFG1,3267,AGFG1,3267
206820_at,AGFG2,3268,AGFG2,3268
206821_x_at,AGFG2,3268,AGFG2,3268
217450_at,AGFG2,3268,AGFG2,3268
222126_at,AGFG2,3268,AGFG2,3268
222362_at,AGFG2,3268,AGFG2,3268
208042_at,AGGF1,55109,AGGF1,55109
210710_at,AGGF1,55109,AGGF1,55109
218534_s_at,AGGF1,55109,AGGF1,55109
218568_at,AGK,55750,AGK,55750
222132_s_at,AGK,55750,AGK,55750
203566_s_at,AGL,178,AGL,178
219792_at,AGMAT,79814,AGMAT,79814
221648_s_at,AGMAT,79814,AGMAT,79814
218287_s_at,AGO1,26523,AGO1,26523
219426_at,AGO3,192669,AGO3,192669
219190_s_at,AGO4,192670,AGO4,192670
215535_s_at,AGPAT1,10554,AGPAT1,10554
32836_at,AGPAT1,10554,AGPAT1,10554
210678_s_at,AGPAT2,10555,AGPAT2,10555
32837_at,AGPAT2,10555,AGPAT2,10555
219723_x_at,AGPAT3,56894,AGPAT3,56894
219693_at,AGPAT4,56895,AGPAT4,56895
218096_at,AGPAT5,55326,AGPAT5,55326
205401_at,AGPS,8540,AGPS,8540
209173_at,AGR2,10551,AGR2,10551
212283_at,AGRN,375790,AGRN,375790
212285_s_at,AGRN,375790,AGRN,375790
217410_at,AGRN,375790,AGRN,375790
217419_x_at,AGRN,375790,AGRN,375790
207193_at,AGRP,181,AGRP,181
202834_at,AGT,183,AGT,183
204499_at,AGTPBP1,23287,AGTPBP1,23287
204500_s_at,AGTPBP1,23287,AGTPBP1,23287
205357_s_at,AGTR1,185,AGTR1,185
208016_s_at,AGTR1,185,AGTR1,185
207293_s_at,AGTR2,186,AGTR2,186
207294_at,AGTR2,186,AGTR2,186
222321_at,AGTR2,186,AGTR2,186
206957_at,AGXT,189,AGXT,189
210326_at,AGXT,189,AGXT,189
210327_s_at,AGXT,189,AGXT,189
214766_s_at,AHCTF1,25909,AHCTF1,25909
200903_s_at,AHCY,191,AHCY,191
200848_at,AHCYL1,10768,AHCYL1,10768
200849_s_at,AHCYL1,10768,AHCYL1,10768
200850_s_at,AHCYL1,10768,AHCYL1,10768
207464_at,AHCYL1,10768,AHCYL1,10768
212814_at,AHCYL2,23382,AHCYL2,23382
215672_s_at,AHCYL2,23382,AHCYL2,23382
205002_at,AHDC1,27245,AHDC1,27245
220841_s_at,AHI1,54806,AHI1,54806
220842_at,AHI1,54806,AHI1,54806
221569_at,AHI1,54806,AHI1,54806
211986_at,AHNAK,79026,AHNAK,79026
220016_at,AHNAK,79026,AHNAK,79026
212992_at,AHNAK2,113146,AHNAK2,113146
202820_at,AHR,196,AHR,196
201491_at,AHSA1,10598,AHSA1,10598
212980_at,AHSA2,130872,AHSA2,130872
204551_s_at,AHSG,197,AHSG,197
210929_s_at,AHSG,197,AHSG,197
219672_at,AHSP,51327,AHSP,51327
219841_at,AICDA,57379,AICDA,57379
220199_s_at,AIDA,64853,AIDA,64853
207823_s_at,AIF1,199,AIF1,199
209901_x_at,AIF1,199,AIF1,199
213095_x_at,AIF1,199,AIF1,199
215051_x_at,AIF1,199,AIF1,199
205512_s_at,AIFM1,9131,AIFM1,9131
212543_at,AIM1,202,AIM1,202
220289_s_at,AIM1L,55057,AIM1L,55057
220290_at,AIM1L,55057,AIM1L,55057
206513_at,AIM2,9447,AIM2,9447
202541_at,AIMP1,9255,AIMP1,9255
202542_s_at,AIMP1,9255,AIMP1,9255
202138_x_at,AIMP2,7965,AIMP2,7965
209971_x_at,AIMP2,7965,AIMP2,7965
209972_s_at,AIMP2,7965,AIMP2,7965
201781_s_at,AIP,9049,AIP,9049
201782_s_at,AIP,9049,AIP,9049
219977_at,AIPL1,23746,AIPL1,23746
208090_s_at,AIRE,326,AIRE,326
206460_at,AJAP1,55966,AJAP1,55966
215149_at,AJAP1,55966,AJAP1,55966
215789_s_at,AJAP1,55966,AJAP1,55966
215790_at,AJAP1,55966,AJAP1,55966
202587_s_at,AK1,203,AK1,203
202588_at,AK1,203,AK1,203
205996_s_at,AK2,204,AK2,204
208967_s_at,AK2,204,AK2,204
212172_at,AK2,204,AK2,204
212173_at,AK2,204,AK2,204
212174_at,AK2,204,AK2,204
212175_s_at,AK2,204,AK2,204
219308_s_at,AK5,26289,AK5,26289
203893_at,AK6,102157402,AK6,102157402
202168_at,AK6///TAF9,102157402///6880,AK6///TAF9,102157402///6880
201674_s_at,AKAP1,8165,AKAP1,8165
201675_at,AKAP1,8165,AKAP1,8165
210625_s_at,AKAP1,8165,AKAP1,8165
210626_at,AKAP1,8165,AKAP1,8165
205045_at,AKAP10,11216,AKAP10,11216
213396_s_at,AKAP10,11216,AKAP10,11216
203156_at,AKAP11,11215,AKAP11,11215
215336_at,AKAP11,11215,AKAP11,11215
210517_s_at,AKAP12,9590,AKAP12,9590
208324_at,AKAP13,11214,AKAP13,11214
208325_s_at,AKAP13,11214,AKAP13,11214
209534_x_at,AKAP13,11214,AKAP13,11214
213516_at,AKAP13,11214,AKAP13,11214
221718_s_at,AKAP13,11214,AKAP13,11214
222023_at,AKAP13,11214,AKAP13,11214
222024_s_at,AKAP13,11214,AKAP13,11214
203624_at,AKAP17A,8227,AKAP17A,8227
210269_s_at,AKAP17A,8227,AKAP17A,8227
207344_at,AKAP3,10566,AKAP3,10566
207019_s_at,AKAP4,8852,AKAP4,8852
207800_at,AKAP5,9495,AKAP5,9495
205359_at,AKAP6,9472,AKAP6,9472
217669_s_at,AKAP6,9472,AKAP6,9472
205771_s_at,AKAP7,9465,AKAP7,9465
205772_s_at,AKAP7,9465,AKAP7,9465
211172_x_at,AKAP7,9465,AKAP7,9465
203847_s_at,AKAP8,10270,AKAP8,10270
203848_at,AKAP8,10270,AKAP8,10270
215741_x_at,AKAP8L,26993,AKAP8L,26993
218064_s_at,AKAP8L,26993,AKAP8L,26993
222160_at,AKAP8L,26993,AKAP8L,26993
207870_at,AKAP9,10142,AKAP9,10142
210962_s_at,AKAP9,10142,AKAP9,10142
215483_at,AKAP9,10142,AKAP9,10142
219953_s_at,AKIP1,56672,AKIP1,56672
217893_s_at,AKIRIN1,79647,AKIRIN1,79647
213810_s_at,AKIRIN2,55122,AKIRIN2,55122
201900_s_at,AKR1A1,10327,AKR1A1,10327
201272_at,AKR1B1,231,AKR1B1,231
206561_s_at,AKR1B10,57016,AKR1B10,57016
204151_x_at,AKR1C1,1645,AKR1C1,1645
216594_x_at,AKR1C1,1645,AKR1C1,1645
217626_at,AKR1C1,1645,AKR1C1,1645
209160_at,AKR1C3,8644,AKR1C3,8644
210558_at,AKR1C4,1109,AKR1C4,1109
207102_at,AKR1D1,6718,AKR1D1,6718
202139_at,AKR7A2,8574,AKR7A2,8574
214259_s_at,AKR7A2,8574,AKR7A2,8574
206469_x_at,AKR7A3,22977,AKR7A3,22977
216381_x_at,AKR7A3,22977,AKR7A3,22977
207163_s_at,AKT1,207,AKT1,207
203808_at,AKT2,208,AKT2,208
203809_s_at,AKT2,208,AKT2,208
211453_s_at,AKT2,208,AKT2,208
212607_at,AKT3,10000,AKT3,10000
212609_s_at,AKT3,10000,AKT3,10000
219393_s_at,AKT3,10000,AKT3,10000
218373_at,AKTIP,64400,AKTIP,64400
218487_at,ALAD,210,ALAD,210
218489_s_at,ALAD,210,ALAD,210
205633_s_at,ALAS1,211,ALAS1,211
211560_s_at,ALAS2,212,ALAS2,212
211298_s_at,ALB,213,ALB,213
214837_at,ALB,213,ALB,213
214842_s_at,ALB,213,ALB,213
201951_at,ALCAM,214,ALCAM,214
201952_at,ALCAM,214,ALCAM,214
217791_s_at,ALDH18A1,5832,ALDH18A1,5832
212224_at,ALDH1A1,216,ALDH1A1,216
207015_s_at,ALDH1A2,8854,ALDH1A2,8854
203180_at,ALDH1A3,220,ALDH1A3,220
209645_s_at,ALDH1B1,219,ALDH1B1,219
209646_x_at,ALDH1B1,219,ALDH1B1,219
205208_at,ALDH1L1,10840,ALDH1L1,10840
215798_at,ALDH1L1,10840,ALDH1L1,10840
201425_at,ALDH2,217,ALDH2,217
205623_at,ALDH3A1,218,ALDH3A1,218
202053_s_at,ALDH3A2,224,ALDH3A2,224
202054_s_at,ALDH3A2,224,ALDH3A2,224
210544_s_at,ALDH3A2,224,ALDH3A2,224
205640_at,ALDH3B1,221,ALDH3B1,221
211004_s_at,ALDH3B1,221,ALDH3B1,221
204941_s_at,ALDH3B2,222,ALDH3B2,222
204942_s_at,ALDH3B2,222,ALDH3B2,222
203722_at,ALDH4A1,8659,ALDH4A1,8659
211552_s_at,ALDH4A1,8659,ALDH4A1,8659
203608_at,ALDH5A1,7915,ALDH5A1,7915
203609_s_at,ALDH5A1,7915,ALDH5A1,7915
204289_at,ALDH6A1,4329,ALDH6A1,4329
204290_s_at,ALDH6A1,4329,ALDH6A1,4329
221588_x_at,ALDH6A1,4329,ALDH6A1,4329
221589_s_at,ALDH6A1,4329,ALDH6A1,4329
221590_s_at,ALDH6A1,4329,ALDH6A1,4329
208950_s_at,ALDH7A1,501,ALDH7A1,501
208951_at,ALDH7A1,501,ALDH7A1,501
213591_at,ALDH7A1,501,ALDH7A1,501
220148_at,ALDH8A1,64577,ALDH8A1,64577
201612_at,ALDH9A1,223,ALDH9A1,223
200966_x_at,ALDOA,226,ALDOA,226
214687_x_at,ALDOA,226,ALDOA,226
211617_at,ALDOAP2,228,ALDOAP2,228
204704_s_at,ALDOB,229,ALDOB,229
204705_x_at,ALDOB,229,ALDOB,229
211357_s_at,ALDOB,229,ALDOB,229
214423_x_at,ALDOB,229,ALDOB,229
214424_s_at,ALDOB,229,ALDOB,229
216600_x_at,ALDOB,229,ALDOB,229
217238_s_at,ALDOB,229,ALDOB,229
202022_at,ALDOC,230,ALDOC,230
221513_s_at,ALG11///UTP14A///UTP14C,440138///10813///9724,ALG11///UTP14A///UTP14C,440138///10813///9724
203614_at,ALG11///UTP14C,440138///9724,ALG11///UTP14C,440138///9724
218444_at,ALG12,79087,ALG12,79087
205583_s_at,ALG13,79868,ALG13,79868
205584_at,ALG13,79868,ALG13,79868
219015_s_at,ALG13,79868,ALG13,79868
207396_s_at,ALG3,10195,ALG3,10195
218203_at,ALG5,29880,ALG5,29880
219649_at,ALG6,29929,ALG6,29929
203545_at,ALG8,79053,ALG8,79053
219374_s_at,ALG9,79796,ALG9,79796
208211_s_at,ALK,238,ALK,238
208212_s_at,ALK,238,ALK,238
205621_at,ALKBH1,8846,ALKBH1,8846
222228_s_at,ALKBH4,54784,ALKBH4,54784
220365_at,ALLC,55821,ALLC,55821
214220_s_at,ALMS1,7840,ALMS1,7840
214221_at,ALMS1,7840,ALMS1,7840
214707_x_at,ALMS1,7840,ALMS1,7840
207206_s_at,ALOX12,239,ALOX12,239
207381_at,ALOX12B,242,ALOX12B,242
214340_at,ALOX12P2,245,ALOX12P2,245
207328_at,ALOX15,246,ALOX15,246
206714_at,ALOX15B,247,ALOX15B,247
204445_s_at,ALOX5,240,ALOX5,240
204446_s_at,ALOX5,240,ALOX5,240
213952_s_at,ALOX5,240,ALOX5,240
214366_s_at,ALOX5,240,ALOX5,240
204174_at,ALOX5AP,241,ALOX5AP,241
207708_at,ALOXE3,59344,ALOXE3,59344
222383_s_at,ALOXE3,59344,ALOXE3,59344
207140_at,ALPI,248,ALPI,248
211618_s_at,ALPI,248,ALPI,248
207133_x_at,ALPK1,80216,ALPK1,80216
214846_s_at,ALPK3,57538,ALPK3,57538
215783_s_at,ALPL,249,ALPL,249
204664_at,ALPP,250,ALPP,250
210431_at,ALPPL2,251,ALPPL2,251
216377_x_at,ALPPL2,251,ALPPL2,251
211619_s_at,ALPPL2///ALPP,251///250,ALPPL2///ALPP,251///250
222333_at,ALS2CL,259173,ALS2CL,259173
206837_at,ALX1,8092,ALX1,8092
207690_at,ALX3,257,ALX3,257
208330_at,ALX4,60529,ALX4,60529
217111_at,AMACR,23600,AMACR,23600
217113_at,AMACR,23600,AMACR,23600
221114_at,AMBN,258,AMBN,258
205477_s_at,AMBP,259,AMBP,259
214425_at,AMBP,259,AMBP,259
219141_s_at,AMBRA1,55626,AMBRA1,55626
222189_at,AMBRA1,55626,AMBRA1,55626
52731_at,AMBRA1,55626,AMBRA1,55626
201196_s_at,AMD1,262,AMD1,262
201197_at,AMD1,262,AMD1,262
208410_x_at,AMELX,265,AMELX,265
208220_x_at,AMELY,266,AMELY,266
202203_s_at,AMFR,267,AMFR,267
202204_s_at,AMFR,267,AMFR,267
206892_at,AMHR2,269,AMHR2,269
222108_at,AMIGO2,347902,AMIGO2,347902
219920_s_at,AMIGO3///GMPPB,386724///29925,AMIGO3///GMPPB,386724///29925
204976_s_at,AMMECR1,9949,AMMECR1,9949
220989_s_at,AMN,81693,AMN,81693
209521_s_at,AMOT,154796,AMOT,154796
203002_at,AMOTL2,51421,AMOTL2,51421
206121_at,AMPD1,270,AMPD1,270
212360_at,AMPD2,271,AMPD2,271
207992_s_at,AMPD3,272,AMPD3,272
205257_s_at,AMPH,273,AMPH,273
204294_at,AMT,275,AMT,275
218167_at,AMZ2,51321,AMZ2,51321
207845_s_at,ANAPC10,10393,ANAPC10,10393
209001_s_at,ANAPC13,25847,ANAPC13,25847
215282_at,ANAPC13,25847,ANAPC13,25847
204218_at,ANAPC15,25906,ANAPC15,25906
218555_at,ANAPC2,29882,ANAPC2,29882
200098_s_at,ANAPC5,51433,ANAPC5,51433
208721_s_at,ANAPC5,51433,ANAPC5,51433
208722_s_at,ANAPC5,51433,ANAPC5,51433
211036_x_at,ANAPC5,51433,ANAPC5,51433
205141_at,ANG,283,ANG,283
213099_at,ANGEL1,23357,ANGEL1,23357
36865_at,ANGEL1,23357,ANGEL1,23357
217630_at,ANGEL2,90806,ANGEL2,90806
221825_at,ANGEL2,90806,ANGEL2,90806
221826_at,ANGEL2,90806,ANGEL2,90806
205608_s_at,ANGPT1,284,ANGPT1,284
205609_at,ANGPT1,284,ANGPT1,284
205572_at,ANGPT2,285,ANGPT2,285
211148_s_at,ANGPT2,285,ANGPT2,285
221134_at,ANGPT4,51378,ANGPT4,51378
213001_at,ANGPTL2,23452,ANGPTL2,23452
213004_at,ANGPTL2,23452,ANGPTL2,23452
219514_at,ANGPTL2,23452,ANGPTL2,23452
219803_at,ANGPTL3,27329,ANGPTL3,27329
221009_s_at,ANGPTL4,51129,ANGPTL4,51129
206423_at,ANGPTL7,10218,ANGPTL7,10218
220437_at,ANGPTL8,55908,ANGPTL8,55908
205389_s_at,ANK1,286,ANK1,286
205390_s_at,ANK1,286,ANK1,286
205391_x_at,ANK1,286,ANK1,286
207087_x_at,ANK1,286,ANK1,286
208352_x_at,ANK1,286,ANK1,286
208353_x_at,ANK1,286,ANK1,286
202920_at,ANK2,287,ANK2,287
202921_s_at,ANK2,287,ANK2,287
216195_at,ANK2,287,ANK2,287
206385_s_at,ANK3,288,ANK3,288
207950_s_at,ANK3,288,ANK3,288
209442_x_at,ANK3,288,ANK3,288
220144_s_at,ANKEF1,63926,ANKEF1,63926
219868_s_at,ANKFY1,51479,ANKFY1,51479
220076_at,ANKH,56172,ANKH,56172
208772_at,ANKHD1-EIF4EBP3///ANKHD1,404734///54882,ANKHD1-EIF4EBP3///ANKHD1,404734///54882
208773_s_at,ANKHD1-EIF4EBP3///ANKHD1,404734///54882,ANKHD1-EIF4EBP3///ANKHD1,404734///54882
219081_at,ANKHD1-EIF4EBP3///ANKHD1,404734///54882,ANKHD1-EIF4EBP3///ANKHD1,404734///54882
214919_s_at,ANKHD1-EIF4EBP3///ANKHD1///EIF4EBP3,404734///54882///8637,ANKHD1-EIF4EBP3///ANKHD1///EIF4EBP3,404734///54882///8637
212200_at,ANKLE2,23141,ANKLE2,23141
212201_at,ANKLE2,23141,ANKLE2,23141
213962_s_at,ANKLE2,23141,ANKLE2,23141
210486_at,ANKMY1,51281,ANKMY1,51281
220280_s_at,ANKMY1,51281,ANKMY1,51281
212798_s_at,ANKMY2,57037,ANKMY2,57037
218769_s_at,ANKRA2,57763,ANKRA2,57763
206029_at,ANKRD1,27063,ANKRD1,27063
218093_s_at,ANKRD10,55608,ANKRD10,55608
215504_x_at,ANKRD10-IT1,100505494,ANKRD10-IT1,100505494
219437_s_at,ANKRD11,29123,ANKRD11,29123
212286_at,ANKRD12,23253,ANKRD12,23253
212289_at,ANKRD12,23253,ANKRD12,23253
216550_x_at,ANKRD12,23253,ANKRD12,23253
216563_at,ANKRD12,23253,ANKRD12,23253
212211_at,ANKRD17,26057,ANKRD17,26057
221232_s_at,ANKRD2,26287,ANKRD2,26287
205705_at,ANKRD26,22852,ANKRD26,22852
205706_s_at,ANKRD26,22852,ANKRD26,22852
221522_at,ANKRD27,84079,ANKRD27,84079
213035_at,ANKRD28,23243,ANKRD28,23243
216073_at,ANKRD34C,390616,ANKRD34C,390616
214723_x_at,ANKRD36,375248,ANKRD36,375248
220940_at,ANKRD36B,57730,ANKRD36B,57730
216686_at,ANKRD36BP2,645784,ANKRD36BP2,645784
211717_at,ANKRD40,91369,ANKRD40,91369
212731_at,ANKRD46,157567,ANKRD46,157567
219069_at,ANKRD49,54851,ANKRD49,54851
215759_at,ANKRD53,79998,ANKRD53,79998
220112_at,ANKRD55,79722,ANKRD55,79722
204671_s_at,ANKRD6,22881,ANKRD6,22881
204672_s_at,ANKRD6,22881,ANKRD6,22881
206112_at,ANKRD7,56311,ANKRD7,56311
212747_at,ANKS1A,23294,ANKS1A,23294
219989_s_at,ANKS1B,56899,ANKS1B,56899
218274_s_at,ANKZF1,55139,ANKZF1,55139
218804_at,ANO1,55107,ANO1,55107
218910_at,ANO10,55129,ANO10,55129
220111_s_at,ANO2,57101,ANO2,57101
215241_at,ANO3,63982,ANO3,63982
205206_at,ANOS1,3730,ANOS1,3730
201038_s_at,ANP32A,8125,ANP32A,8125
201043_s_at,ANP32A,8125,ANP32A,8125
201051_at,ANP32A,8125,ANP32A,8125
220710_at,ANP32A-IT1,80035,ANP32A-IT1,80035
201305_x_at,ANP32B,10541,ANP32B,10541
201306_s_at,ANP32B,10541,ANP32B,10541
208538_at,ANP32C,23520,ANP32C,23520
208571_at,ANP32D,23519,ANP32D,23519
208103_s_at,ANP32E,81611,ANP32E,81611
221505_at,ANP32E,81611,ANP32E,81611
202888_s_at,ANPEP,290,ANPEP,290
220092_s_at,ANTXR1,84168,ANTXR1,84168
220093_at,ANTXR1,84168,ANTXR1,84168
201012_at,ANXA1,301,ANXA1,301
210143_at,ANXA10,11199,ANXA10,11199
206200_s_at,ANXA11,311,ANXA11,311
214783_s_at,ANXA11,311,ANXA11,311
208323_s_at,ANXA13,312,ANXA13,312
201590_x_at,ANXA2,302,ANXA2,302
210427_x_at,ANXA2,302,ANXA2,302
213503_x_at,ANXA2,302,ANXA2,302
210876_at,ANXA2P1,303,ANXA2P1,303
208816_x_at,ANXA2P2,304,ANXA2P2,304
211241_at,ANXA2P3,305,ANXA2P3,305
209369_at,ANXA3,306,ANXA3,306
201301_s_at,ANXA4,307,ANXA4,307
201302_at,ANXA4,307,ANXA4,307
200782_at,ANXA5,308,ANXA5,308
200982_s_at,ANXA6,309,ANXA6,309
201366_at,ANXA7,310,ANXA7,310
209860_s_at,ANXA7,310,ANXA7,310
203074_at,ANXA8L1///ANXA8,728113///653145,ANXA8L1///ANXA8,728113///653145
210085_s_at,ANXA9,8416,ANXA9,8416
211712_s_at,ANXA9,8416,ANXA9,8416
205639_at,AOAH,313,AOAH,313
203559_s_at,AOC1,26,AOC1,26
207064_s_at,AOC2,314,AOC2,314
204894_s_at,AOC3,8639,AOC3,8639
216601_at,AOC4P,90586,AOC4P,90586
205082_s_at,AOX1,316,AOX1,316
205083_at,AOX1,316,AOX1,316
219023_at,AP1AR,55435,AP1AR,55435
205423_at,AP1B1,162,AP1B1,162
203350_at,AP1G1,164,AP1G1,164
201613_s_at,AP1G2,8906,AP1G2,8906
214341_at,AP1G2,8906,AP1G2,8906
218261_at,AP1M2,10053,AP1M2,10053
65517_at,AP1M2,10053,AP1M2,10053
205195_at,AP1S1,1174,AP1S1,1174
205196_s_at,AP1S1,1174,AP1S1,1174
209635_at,AP1S1,1174,AP1S1,1174
203299_s_at,AP1S2,8905,AP1S2,8905
203300_x_at,AP1S2,8905,AP1S2,8905
211779_x_at,AP2A2,161,AP2A2,161
212159_x_at,AP2A2,161,AP2A2,161
212161_at,AP2A2,161,AP2A2,161
215764_x_at,AP2A2,161,AP2A2,161
200612_s_at,AP2B1,163,AP2B1,163
200615_s_at,AP2B1,163,AP2B1,163
200613_at,AP2M1,1173,AP2M1,1173
202120_x_at,AP2S1,1175,AP2S1,1175
208074_s_at,AP2S1,1175,AP2S1,1175
211047_x_at,AP2S1,1175,AP2S1,1175
203141_s_at,AP3B1,8546,AP3B1,8546
203142_s_at,AP3B1,8546,AP3B1,8546
205678_at,AP3B2,8120,AP3B2,8120
206592_s_at,AP3D1,8943,AP3D1,8943
208710_s_at,AP3D1,8943,AP3D1,8943
210974_s_at,AP3D1,8943,AP3D1,8943
203410_at,AP3M2,10947,AP3M2,10947
202442_at,AP3S1,1176,AP3S1,1176
220228_at,AP4E1,23431,AP4E1,23431
220229_s_at,AP4E1,23431,AP4E1,23431
209837_at,AP4M1,9179,AP4M1,9179
210277_at,AP4S1,11154,AP4S1,11154
210278_s_at,AP4S1,11154,AP4S1,11154
210952_at,AP4S1,11154,AP4S1,11154
218139_s_at,AP5M1,55745,AP5M1,55745
219706_at,AP5S1,55317,AP5S1,55317
204859_s_at,APAF1,317,APAF1,317
211553_x_at,APAF1,317,APAF1,317
211554_s_at,APAF1,317,APAF1,317
206679_at,APBA1,320,APBA1,320
209870_s_at,APBA2,321,APBA2,321
209871_s_at,APBA2,321,APBA2,321
205146_x_at,APBA3,9546,APBA3,9546
215148_s_at,APBA3,9546,APBA3,9546
202652_at,APBB1,322,APBB1,322
219994_at,APBB1IP,54518,APBB1IP,54518
212970_at,APBB2,323,APBB2,323
212972_x_at,APBB2,323,APBB2,323
212985_at,APBB2,323,APBB2,323
213419_at,APBB2,323,APBB2,323
216747_at,APBB2,323,APBB2,323
216750_at,APBB2,323,APBB2,323
40148_at,APBB2,323,APBB2,323
203525_s_at,APC,324,APC,324
203526_s_at,APC,324,APC,324
203527_s_at,APC,324,APC,324
215310_at,APC,324,APC,324
216933_x_at,APC,324,APC,324
205320_at,APC2,10297,APC2,10297
217174_s_at,APC2,10297,APC2,10297
206350_at,APCS,325,APCS,325
201284_s_at,APEH,327,APEH,327
210027_s_at,APEX1,328,APEX1,328
204408_at,APEX2,27301,APEX2,27301
218389_s_at,APH1A,51107,APH1A,51107
221036_s_at,APH1B,83464,APH1B,83464
201686_x_at,API5,8539,API5,8539
201687_s_at,API5,8539,API5,8539
214959_s_at,API5,8539,API5,8539
214960_at,API5,8539,API5,8539
218698_at,APIP,51074,APIP,51074
213454_at,APITD1-CORT///APITD1,100526739///378708,APITD1-CORT///APITD1,100526739///378708
213592_at,APLNR,187,APLNR,187
209462_at,APLP1,333,APLP1,333
208248_x_at,APLP2,334,APLP2,334
208701_at,APLP2,334,APLP2,334
208702_x_at,APLP2,334,APLP2,334
208703_s_at,APLP2,334,APLP2,334
208704_x_at,APLP2,334,APLP2,334
211404_s_at,APLP2,334,APLP2,334
214875_x_at,APLP2,334,APLP2,334
206656_s_at,APMAP,57136,APMAP,57136
204450_x_at,APOA1,335,APOA1,335
217073_x_at,APOA1,335,APOA1,335
219465_at,APOA2,336,APOA2,336
219466_s_at,APOA2,336,APOA2,336
206894_at,APOA4,337,APOA4,337
205108_s_at,APOB,338,APOB,338
207158_at,APOBEC1,339,APOBEC1,339
206160_at,APOBEC2,10930,APOBEC2,10930
210873_x_at,APOBEC3A_B///APOBEC3A,100913187///200315,APOBEC3A_B///APOBEC3A,100913187///200315
206632_s_at,APOBEC3B,9582,APOBEC3B,9582
209584_x_at,APOBEC3C,27350,APOBEC3C,27350
214994_at,APOBEC3F,200316,APOBEC3F,200316
214995_s_at,APOBEC3F///APOBEC3G,200316///60489,APOBEC3F///APOBEC3G,200316///60489
204205_at,APOBEC3G,60489,APOBEC3G,60489
215579_at,APOBEC3G,60489,APOBEC3G,60489
220023_at,APOBR,55911,APOBR,55911
204416_x_at,APOC1,341,APOC1,341
213553_x_at,APOC1,341,APOC1,341
205820_s_at,APOC3,345,APOC3,345
204561_x_at,APOC4-APOC2///APOC4///APOC2,100533990///346///344,APOC4-APOC2///APOC4///APOC2,100533990///346///344
206738_at,APOC4-APOC2///APOC4///APOC2,100533990///346///344,APOC4-APOC2///APOC4///APOC2,100533990///346///344
201525_at,APOD,347,APOD,347
203381_s_at,APOE,348,APOE,348
203382_s_at,APOE,348,APOE,348
212884_x_at,APOE,348,APOE,348
207262_at,APOF,319,APOF,319
205216_s_at,APOH,350,APOH,350
209546_s_at,APOL1,8542,APOL1,8542
221013_s_at,APOL2,23780,APOL2,23780
221653_x_at,APOL2,23780,APOL2,23780
221087_s_at,APOL3,80833,APOL3,80833
220478_at,APOL5,80831,APOL5,80831
219716_at,APOL6,80830,APOL6,80830
221031_s_at,APOLD1,81575,APOLD1,81575
220890_s_at,APOLD1///DDX47,81575///51202,APOLD1///DDX47,81575///51202
205682_x_at,APOM,55937,APOM,55937
214910_s_at,APOM,55937,APOM,55937
221620_s_at,APOO,79135,APOO,79135
213282_at,APOOL,139322,APOOL,139322
213289_at,APOOL,139322,APOOL,139322
222269_at,APOOL,139322,APOOL,139322
200602_at,APP,351,APP,351
211277_x_at,APP,351,APP,351
214953_s_at,APP,351,APP,351
202629_at,APPBP2,10513,APPBP2,10513
202630_at,APPBP2,10513,APPBP2,10513
202631_s_at,APPBP2,10513,APPBP2,10513
215402_at,APPBP2,10513,APPBP2,10513
218158_s_at,APPL1,26060,APPL1,26060
218218_at,APPL2,55198,APPL2,55198
203219_s_at,APRT,353,APRT,353
213892_s_at,APRT,353,APRT,353
218527_at,APTX,54840,APTX,54840
207542_s_at,AQP1,358,AQP1,358
209047_at,AQP1,358,AQP1,358
206672_at,AQP2,359,AQP2,359
203747_at,AQP3,360,AQP3,360
39248_at,AQP3,360,AQP3,360
39249_at,AQP3,360,AQP3,360
210066_s_at,AQP4,361,AQP4,361
210067_at,AQP4,361,AQP4,361
210068_s_at,AQP4,361,AQP4,361
210906_x_at,AQP4,361,AQP4,361
213611_at,AQP5,362,AQP5,362
208435_s_at,AQP6,363,AQP6,363
216219_at,AQP6,363,AQP6,363
206784_at,AQP8,343,AQP8,343
205568_at,AQP9,366,AQP9,366
212583_at,AQR,9716,AQR,9716
212584_at,AQR,9716,AQR,9716
211110_s_at,AR,367,AR,367
211621_at,AR,367,AR,367
201895_at,ARAF,369,ARAF,369
212516_at,ARAP1,116985,ARAP1,116985
34206_at,ARAP1,116985,ARAP1,116985
213618_at,ARAP2,116984,ARAP2,116984
218950_at,ARAP3,64411,ARAP3,64411
210090_at,ARC,23237,ARC,23237
201176_s_at,ARCN1,372,ARCN1,372
205239_at,AREG,374,AREG,374
215564_at,AREG,374,AREG,374
202128_at,AREL1,9870,AREL1,9870
200011_s_at,ARF3,377,ARF3,377
200734_s_at,ARF3,377,ARF3,377
211622_s_at,ARF3,377,ARF3,377
201096_s_at,ARF4,378,ARF4,378
201097_s_at,ARF4,378,ARF4,378
201526_at,ARF5,381,ARF5,381
203311_s_at,ARF6,382,ARF6,382
203312_x_at,ARF6,382,ARF6,382
214182_at,ARF6,382,ARF6,382
217888_s_at,ARFGAP1,55738,ARFGAP1,55738
211975_at,ARFGAP2,84364,ARFGAP2,84364
202211_at,ARFGAP3,26286,ARFGAP3,26286
202955_s_at,ARFGEF1,10565,ARFGEF1,10565
202956_at,ARFGEF1,10565,ARFGEF1,10565
216266_s_at,ARFGEF1,10565,ARFGEF1,10565
215927_at,ARFGEF2,10564,ARFGEF2,10564
215931_s_at,ARFGEF2,10564,ARFGEF2,10564
218098_at,ARFGEF2,10564,ARFGEF2,10564
214483_s_at,ARFIP1,27236,ARFIP1,27236
218230_at,ARFIP1,27236,ARFIP1,27236
202109_at,ARFIP2,23647,ARFIP2,23647
203174_s_at,ARFRP1,10139,ARFRP1,10139
215984_s_at,ARFRP1,10139,ARFRP1,10139
206177_s_at,ARG1,383,ARG1,383
203945_at,ARG2,384,ARG2,384
203946_s_at,ARG2,384,ARG2,384
218067_s_at,ARGLU1,55082,ARGLU1,55082
202117_at,ARHGAP1,392,ARHGAP1,392
216689_x_at,ARHGAP1,392,ARHGAP1,392
217153_at,ARHGAP1,392,ARHGAP1,392
219431_at,ARHGAP10,79658,ARHGAP10,79658
204492_at,ARHGAP11A,9824,ARHGAP11A,9824
207606_s_at,ARHGAP12,94134,ARHGAP12,94134
218076_s_at,ARHGAP17,55114,ARHGAP17,55114
212738_at,ARHGAP19,84986,ARHGAP19,84986
37577_at,ARHGAP19,84986,ARHGAP19,84986
206298_at,ARHGAP22,58504,ARHGAP22,58504
221030_s_at,ARHGAP24,83478,ARHGAP24,83478
204882_at,ARHGAP25,9938,ARHGAP25,9938
38149_at,ARHGAP25,9938,ARHGAP25,9938
205068_s_at,ARHGAP26,23092,ARHGAP26,23092
205069_s_at,ARHGAP26,23092,ARHGAP26,23092
215955_x_at,ARHGAP26,23092,ARHGAP26,23092
220381_at,ARHGAP28,79822,ARHGAP28,79822
220382_s_at,ARHGAP28,79822,ARHGAP28,79822
203910_at,ARHGAP29,9411,ARHGAP29,9411
203431_s_at,ARHGAP32,9743,ARHGAP32,9743
210791_s_at,ARHGAP32,9743,ARHGAP32,9743
213827_at,ARHGAP33,115703,ARHGAP33,115703
215256_x_at,ARHGAP33,115703,ARHGAP33,115703
202044_at,ARHGAP35,2909,ARHGAP35,2909
202045_s_at,ARHGAP35,2909,ARHGAP35,2909
202046_s_at,ARHGAP35,2909,ARHGAP35,2909
204425_at,ARHGAP4,393,ARHGAP4,393
205414_s_at,ARHGAP44,9912,ARHGAP44,9912
215232_at,ARHGAP44,9912,ARHGAP44,9912
212873_at,ARHGAP45,23526,ARHGAP45,23526
217614_at,ARHGAP45,23526,ARHGAP45,23526
217936_at,ARHGAP5,394,ARHGAP5,394
206167_s_at,ARHGAP6,395,ARHGAP6,395
208085_s_at,ARHGAP6,395,ARHGAP6,395
201167_x_at,ARHGDIA,396,ARHGDIA,396
201168_x_at,ARHGDIA,396,ARHGDIA,396
211716_x_at,ARHGDIA,396,ARHGDIA,396
213606_s_at,ARHGDIA,396,ARHGDIA,396
201288_at,ARHGDIB,397,ARHGDIB,397
206888_s_at,ARHGDIG,398,ARHGDIG,398
215139_at,ARHGEF10,9639,ARHGEF10,9639
216620_s_at,ARHGEF10,9639,ARHGEF10,9639
221656_s_at,ARHGEF10L,55160,ARHGEF10L,55160
202913_at,ARHGEF11,9826,ARHGEF11,9826
202914_s_at,ARHGEF11,9826,ARHGEF11,9826
201333_s_at,ARHGEF12,23365,ARHGEF12,23365
201334_s_at,ARHGEF12,23365,ARHGEF12,23365
201335_s_at,ARHGEF12,23365,ARHGEF12,23365
210741_at,ARHGEF12,23365,ARHGEF12,23365
205507_at,ARHGEF15,22899,ARHGEF15,22899
217348_x_at,ARHGEF15,22899,ARHGEF15,22899
208009_s_at,ARHGEF16,27237,ARHGEF16,27237
203756_at,ARHGEF17,9828,ARHGEF17,9828
213039_at,ARHGEF18,23370,ARHGEF18,23370
207629_s_at,ARHGEF2,9181,ARHGEF2,9181
209435_s_at,ARHGEF2,9181,ARHGEF2,9181
222121_at,ARHGEF26,26084,ARHGEF26,26084
219610_at,ARHGEF28,64283,ARHGEF28,64283
218501_at,ARHGEF3,50650,ARHGEF3,50650
221119_at,ARHGEF38,54848,ARHGEF38,54848
216912_at,ARHGEF4,50649,ARHGEF4,50649
220326_s_at,ARHGEF40,55701,ARHGEF40,55701
58780_s_at,ARHGEF40,55701,ARHGEF40,55701
204765_at,ARHGEF5,7984,ARHGEF5,7984
209539_at,ARHGEF6,9459,ARHGEF6,9459
202547_s_at,ARHGEF7,8874,ARHGEF7,8874
202548_s_at,ARHGEF7,8874,ARHGEF7,8874
203263_s_at,ARHGEF9,23229,ARHGEF9,23229
203264_s_at,ARHGEF9,23229,ARHGEF9,23229
207591_s_at,ARID1A,8289,ARID1A,8289
210649_s_at,ARID1A,8289,ARID1A,8289
212152_x_at,ARID1A,8289,ARID1A,8289
218917_s_at,ARID1A,8289,ARID1A,8289
205865_at,ARID3A,1820,ARID3A,1820
218964_at,ARID3B,10620,ARID3B,10620
205062_x_at,ARID4A,5926,ARID4A,5926
214139_at,ARID4B,51742,ARID4B,51742
221230_s_at,ARID4B,51742,ARID4B,51742
212591_at,ARID4B///RBM34,51742///23029,ARID4B///RBM34,51742///23029
214943_s_at,ARID4B///RBM34,51742///23029,ARID4B///RBM34,51742///23029
213138_at,ARID5A,10865,ARID5A,10865
212614_at,ARID5B,84159,ARID5B,84159
201878_at,ARIH1,25820,ARIH1,25820
201879_at,ARIH1,25820,ARIH1,25820
201880_at,ARIH1,25820,ARIH1,25820
201881_s_at,ARIH1,25820,ARIH1,25820
201228_s_at,ARIH2,10425,ARIH2,10425
201229_s_at,ARIH2,10425,ARIH2,10425
201230_s_at,ARIH2,10425,ARIH2,10425
216008_s_at,ARIH2,10425,ARIH2,10425
201657_at,ARL1,400,ARL1,400
201658_at,ARL1,400,ARL1,400
201659_s_at,ARL1,400,ARL1,400
220468_at,ARL14,80117,ARL14,80117
219842_at,ARL15,54622,ARL15,54622
210435_at,ARL17B///ARL17A,100506084///51326,ARL17B///ARL17A,100506084///51326
210718_s_at,ARL17B///ARL17A,100506084///51326,ARL17B///ARL17A,100506084///51326
202564_x_at,ARL2,402,ARL2,402
202091_at,ARL2BP,23568,ARL2BP,23568
202092_s_at,ARL2BP,23568,ARL2BP,23568
202641_at,ARL3,403,ARL3,403
213433_at,ARL3,403,ARL3,403
205020_s_at,ARL4A,10124,ARL4A,10124
202206_at,ARL4C,10123,ARL4C,10123
202207_at,ARL4C,10123,ARL4C,10123
202208_s_at,ARL4C,10123,ARL4C,10123
213759_at,ARL4C,10123,ARL4C,10123
203586_s_at,ARL4D,379,ARL4D,379
203587_at,ARL4D,379,ARL4D,379
211935_at,ARL6IP1,23204,ARL6IP1,23204
218216_x_at,ARL6IP4,51329,ARL6IP4,51329
220597_s_at,ARL6IP4,51329,ARL6IP4,51329
200760_s_at,ARL6IP5,10550,ARL6IP5,10550
200761_s_at,ARL6IP5,10550,ARL6IP5,10550
217852_s_at,ARL8B,55207,ARL8B,55207
218185_s_at,ARMC1,55156,ARMC1,55156
202961_s_at,ARMC2-AS1///ATP5J2,101929716///9551,ARMC2-AS1///ATP5J2,101929716///9551
221077_at,ARMC4,55130,ARMC4,55130
221758_at,ARMC6,93436,ARMC6,93436
219096_at,ARMC7,79637,ARMC7,79637
203486_s_at,ARMC8,25852,ARMC8,25852
203487_s_at,ARMC8,25852,ARMC8,25852
219094_at,ARMC8,25852,ARMC8,25852
219636_s_at,ARMC9,80210,ARMC9,80210
219637_at,ARMC9,80210,ARMC9,80210
220754_at,ARMC9,80210,ARMC9,80210
218694_at,ARMCX1,51309,ARMCX1,51309
203404_at,ARMCX2,9823,ARMCX2,9823
217858_s_at,ARMCX3,51566,ARMCX3,51566
207799_x_at,ARMCX4,100131755,ARMCX4,100131755
219335_at,ARMCX5,64860,ARMCX5,64860
214749_s_at,ARMCX6,54470,ARMCX6,54470
215727_x_at,ARMCX6,54470,ARMCX6,54470
218195_at,ARMT1,79624,ARMT1,79624
210828_s_at,ARNT,405,ARNT,405
218221_at,ARNT,405,ARNT,405
218222_x_at,ARNT,405,ARNT,405
202986_at,ARNT2,9915,ARNT2,9915
209824_s_at,ARNTL,406,ARNTL,406
210971_s_at,ARNTL,406,ARNTL,406
220658_s_at,ARNTL2,56938,ARNTL2,56938
200950_at,ARPC1A,10552,ARPC1A,10552
201954_at,ARPC1B,10095,ARPC1B,10095
207988_s_at,ARPC2,10109,ARPC2,10109
208679_s_at,ARPC2,10109,ARPC2,10109
213513_x_at,ARPC2,10109,ARPC2,10109
208736_at,ARPC3,10094,ARPC3,10094
217817_at,ARPC4,10093,ARPC4,10093
217818_s_at,ARPC4,10093,ARPC4,10093
211672_s_at,ARPC4-TTLL3///ARPC4,100526693///10093,ARPC4-TTLL3///ARPC4,100526693///10093
203670_at,ARPC4-TTLL3///TTLL3///ARPC4,100526693///26140///10093,ARPC4-TTLL3///TTLL3///ARPC4,100526693///26140///10093
210129_s_at,ARPC4-TTLL3///TTLL3///ARPC4,100526693///26140///10093,ARPC4-TTLL3///TTLL3///ARPC4,100526693///26140///10093
211963_s_at,ARPC5,10092,ARPC5,10092
220966_x_at,ARPC5L,81873,ARPC5L,81873
217548_at,ARPIN,348110,ARPIN,348110
214553_s_at,ARPP19,10776,ARPP19,10776
221482_s_at,ARPP19,10776,ARPP19,10776
221483_s_at,ARPP19,10776,ARPP19,10776
220359_s_at,ARPP21,10777,ARPP21,10777
207136_at,ARR3,407,ARR3,407
218832_x_at,ARRB1,408,ARRB1,408
221861_at,ARRB1,408,ARRB1,408
43511_s_at,ARRB1,408,ARRB1,408
49111_at,ARRB1,408,ARRB1,408
203388_at,ARRB2,409,ARRB2,409
204443_at,ARSA,410,ARSA,410
206129_s_at,ARSB,411,ARSB,411
206831_s_at,ARSD,414,ARSD,414
207784_at,ARSD,414,ARSD,414
205894_at,ARSE,415,ARSE,415
214490_at,ARSF,416,ARSF,416
219973_at,ARSJ,79642,ARSJ,79642
207919_at,ART1,417,ART1,417
210147_at,ART3,419,ART3,419
207220_at,ART4,420,ART4,420
207675_x_at,ARTN,9048,ARTN,9048
210237_at,ARTN,9048,ARTN,9048
216052_x_at,ARTN,9048,ARTN,9048
205784_x_at,ARVCF,421,ARVCF,421
217516_x_at,ARVCF,421,ARVCF,421
210979_at,ASAH1,427,ASAH1,427
210980_s_at,ASAH1,427,ASAH1,427
213702_x_at,ASAH1,427,ASAH1,427
213902_at,ASAH1,427,ASAH1,427
221039_s_at,ASAP1,50807,ASAP1,50807
220694_at,ASAP1-IT1,29065,ASAP1-IT1,29065
206414_s_at,ASAP2,8853,ASAP2,8853
219103_at,ASAP3,55616,ASAP3,55616
222236_s_at,ASAP3,55616,ASAP3,55616
212818_s_at,ASB1,51665,ASB1,51665
212819_at,ASB1,51665,ASB1,51665
220537_at,ASB12///MTMR8,142689///55613,ASB12///MTMR8,142689///55613
221390_s_at,ASB12///MTMR8,142689///55613,ASB12///MTMR8,142689///55613
218862_at,ASB13,79754,ASB13,79754
208481_at,ASB4,51666,ASB4,51666
217228_s_at,ASB4,51666,ASB4,51666
217229_at,ASB4,51666,ASB4,51666
221657_s_at,ASB6,140459,ASB6,140459
219996_at,ASB7,140460,ASB7,140460
218841_at,ASB8,140461,ASB8,140461
205673_s_at,ASB9,140462,ASB9,140462
219336_s_at,ASCC1,51008,ASCC1,51008
215684_s_at,ASCC2,84164,ASCC2,84164
212815_at,ASCC3,10973,ASCC3,10973
209985_s_at,ASCL1,429,ASCL1,429
209987_s_at,ASCL1,429,ASCL1,429
209988_s_at,ASCL1,429,ASCL1,429
213768_s_at,ASCL1,429,ASCL1,429
207607_at,ASCL2,430,ASCL2,430
221161_at,ASCL3,56676,ASCL3,56676
203427_at,ASF1A,25842,ASF1A,25842
203428_s_at,ASF1A,25842,ASF1A,25842
218115_at,ASF1B,55723,ASF1B,55723
206743_s_at,ASGR1,432,ASGR1,432
206130_s_at,ASGR2,433,ASGR2,433
218554_s_at,ASH1L,55870,ASH1L,55870
209517_s_at,ASH2L,9070,ASH2L,9070
205156_s_at,ASIC1,41,ASIC1,41
37953_s_at,ASIC1,41,ASIC1,41
206690_at,ASIC2,40,ASIC2,40
221226_s_at,ASIC4,55515,ASIC4,55515
214498_at,ASIP,434,ASIP,434
204608_at,ASL,435,ASL,435
206779_s_at,ASMT,438,ASMT,438
210551_s_at,ASMT,438,ASMT,438
209394_at,ASMTL,8623,ASMTL,8623
36553_at,ASMTL,8623,ASMTL,8623
36554_at,ASMTL,8623,ASMTL,8623
207288_at,ASMTL-AS1,80161,ASMTL-AS1,80161
202024_at,ASNA1,439,ASNA1,439
205047_s_at,ASNS,440,ASNS,440
217987_at,ASNSD1,54529,ASNSD1,54529
206030_at,ASPA,443,ASPA,443
205808_at,ASPH,444,ASPH,444
207284_s_at,ASPH,444,ASPH,444
209135_at,ASPH,444,ASPH,444
210896_s_at,ASPH,444,ASPH,444
214993_at,ASPHD1,253982,ASPHD1,253982
219918_s_at,ASPM,259266,ASPM,259266
219087_at,ASPN,54829,ASPN,54829
218908_at,ASPSCR1,79058,ASPSCR1,79058
218857_s_at,ASRGL1,80150,ASRGL1,80150
207076_s_at,ASS1,445,ASS1,445
221135_s_at,ASTE1,28990,ASTE1,28990
213197_at,ASTN1,460,ASTN1,460
209693_at,ASTN2,23245,ASTN2,23245
215407_s_at,ASTN2,23245,ASTN2,23245
221652_s_at,ASUN,55726,ASUN,55726
212234_at,ASXL1,171023,ASXL1,171023
212237_at,ASXL1,171023,ASXL1,171023
212238_at,ASXL1,171023,ASXL1,171023
218659_at,ASXL2,55252,ASXL2,55252
214162_at,ASXL3,80816,ASXL3,80816
218782_s_at,ATAD2,29028,ATAD2,29028
213387_at,ATAD2B,54454,ATAD2B,54454
219068_x_at,ATAD3B///ATAD3A,83858///55210,ATAD3B///ATAD3A,83858///55210
220223_at,ATAD5,79915,ATAD5,79915
218874_s_at,ATAT1,79969,ATAT1,79969
222103_at,ATF1,466,ATF1,466
205446_s_at,ATF2,1386,ATF2,1386
212984_at,ATF2,1386,ATF2,1386
202672_s_at,ATF3,467,ATF3,467
200779_at,ATF4,468,ATF4,468
204998_s_at,ATF5,22809,ATF5,22809
204999_s_at,ATF5,22809,ATF5,22809
217389_s_at,ATF5,22809,ATF5,22809
203952_at,ATF6,22926,ATF6,22926
217550_at,ATF6,22926,ATF6,22926
203168_at,ATF6B,1388,ATF6B,1388
216208_s_at,ATF6B,1388,ATF6B,1388
206684_s_at,ATF7,11016,ATF7,11016
207728_at,ATF7IP,55729,ATF7IP,55729
218987_at,ATF7IP,55729,ATF7IP,55729
219870_at,ATF7IP2,80063,ATF7IP2,80063
207774_at,ATG10,83734,ATG10,83734
218214_at,ATG101,60673,ATG101,60673
204833_at,ATG12,9140,ATG12,9140
213026_at,ATG12,9140,ATG12,9140
213930_at,ATG12,9140,ATG12,9140
203363_s_at,ATG13,9776,ATG13,9776
203364_s_at,ATG13,9776,ATG13,9776
209021_x_at,ATG13,9776,ATG13,9776
204568_at,ATG14,22863,ATG14,22863
220521_s_at,ATG16L1,55054,ATG16L1,55054
213300_at,ATG2A,23130,ATG2A,23130
219164_s_at,ATG2B,55102,ATG2B,55102
220237_at,ATG3,64422,ATG3,64422
221492_s_at,ATG3,64422,ATG3,64422
213115_at,ATG4A,115201,ATG4A,115201
204902_s_at,ATG4B,23192,ATG4B,23192
204903_x_at,ATG4B,23192,ATG4B,23192
212280_x_at,ATG4B,23192,ATG4B,23192
202511_s_at,ATG5,9474,ATG5,9474
202512_s_at,ATG5,9474,ATG5,9474
210639_s_at,ATG5,9474,ATG5,9474
218673_s_at,ATG7,10533,ATG7,10533
202492_at,ATG9A,79065,ATG9A,79065
208758_at,ATIC,471,ATIC,471
208442_s_at,ATM,472,ATM,472
210858_x_at,ATM,472,ATM,472
212672_at,ATM,472,ATM,472
201854_s_at,ATMIN,23300,ATMIN,23300
201855_s_at,ATMIN,23300,ATMIN,23300
208871_at,ATN1,1822,ATN1,1822
211076_x_at,ATN1,1822,ATN1,1822
40489_at,ATN1,1822,ATN1,1822
221336_at,ATOH1,474,ATOH1,474
203454_s_at,ATOX1,475,ATOX1,475
214255_at,ATP10A,57194,ATP10A,57194
214256_at,ATP10A,57194,ATP10A,57194
214070_s_at,ATP10B,23120,ATP10B,23120
220920_at,ATP10B,23120,ATP10B,23120
213238_at,ATP10D,57205,ATP10D,57205
213582_at,ATP11A,23250,ATP11A,23250
215842_s_at,ATP11A,23250,ATP11A,23250
216488_s_at,ATP11A,23250,ATP11A,23250
212536_at,ATP11B,23200,ATP11B,23200
207367_at,ATP12A,479,ATP12A,479
218052_s_at,ATP13A1,57130,ATP13A1,57130
218608_at,ATP13A2,23400,ATP13A2,23400
212297_at,ATP13A3,79572,ATP13A3,79572
219558_at,ATP13A3,79572,ATP13A3,79572
220948_s_at,ATP1A1,476,ATP1A1,476
203295_s_at,ATP1A2,477,ATP1A2,477
203296_s_at,ATP1A2,477,ATP1A2,477
201242_s_at,ATP1B1,481,ATP1B1,481
201243_s_at,ATP1B1,481,ATP1B1,481
204311_at,ATP1B2,482,ATP1B2,482
208836_at,ATP1B3,483,ATP1B3,483
220556_at,ATP1B4,23439,ATP1B4,23439
205444_at,ATP2A1,487,ATP2A1,487
209186_at,ATP2A2,488,ATP2A2,488
212361_s_at,ATP2A2,488,ATP2A2,488
212362_at,ATP2A2,488,ATP2A2,488
207521_s_at,ATP2A3,489,ATP2A3,489
207522_s_at,ATP2A3,489,ATP2A3,489
213036_x_at,ATP2A3,489,ATP2A3,489
213042_s_at,ATP2A3,489,ATP2A3,489
209281_s_at,ATP2B1,490,ATP2B1,490
212930_at,ATP2B1,490,ATP2B1,490
215716_s_at,ATP2B1,490,ATP2B1,490
204685_s_at,ATP2B2,491,ATP2B2,491
211586_s_at,ATP2B2,491,ATP2B2,491
216120_s_at,ATP2B2,491,ATP2B2,491
207026_s_at,ATP2B3,492,ATP2B3,492
215911_x_at,ATP2B3,492,ATP2B3,492
216312_at,ATP2B3,492,ATP2B3,492
205410_s_at,ATP2B4,493,ATP2B4,493
212135_s_at,ATP2B4,493,ATP2B4,493
212136_at,ATP2B4,493,ATP2B4,493
209934_s_at,ATP2C1,27032,ATP2C1,27032
209935_at,ATP2C1,27032,ATP2C1,27032
211137_s_at,ATP2C1,27032,ATP2C1,27032
212255_s_at,ATP2C1,27032,ATP2C1,27032
206043_s_at,ATP2C2,9914,ATP2C2,9914
214798_at,ATP2C2,9914,ATP2C2,9914
207139_at,ATP4A,495,ATP4A,495
207546_at,ATP4B,496,ATP4B,496
213738_s_at,ATP5A1,498,ATP5A1,498
201322_at,ATP5B,506,ATP5B,506
205711_x_at,ATP5C1,509,ATP5C1,509
208870_x_at,ATP5C1,509,ATP5C1,509
213366_x_at,ATP5C1,509,ATP5C1,509
214132_at,ATP5C1,509,ATP5C1,509
203926_x_at,ATP5D,513,ATP5D,513
213041_s_at,ATP5D,513,ATP5D,513
217801_at,ATP5E,514,ATP5E,514
211755_s_at,ATP5F1,515,ATP5F1,515
208972_s_at,ATP5G1,516,ATP5G1,516
207552_at,ATP5G2,517,ATP5G2,517
208764_s_at,ATP5G2,517,ATP5G2,517
217368_at,ATP5G2P1,520,ATP5G2P1,520
207507_s_at,ATP5G3,518,ATP5G3,518
207508_at,ATP5G3,518,ATP5G3,518
210149_s_at,ATP5H,10476,ATP5H,10476
207335_x_at,ATP5I,521,ATP5I,521
209492_x_at,ATP5I,521,ATP5I,521
202325_s_at,ATP5J,522,ATP5J,522
218956_s_at,ATP5J2-PTCD1///PTCD1,100526740///26024,ATP5J2-PTCD1///PTCD1,100526740///26024
207573_x_at,ATP5L,10632,ATP5L,10632
208745_at,ATP5L,10632,ATP5L,10632
208746_x_at,ATP5L,10632,ATP5L,10632
210453_x_at,ATP5L,10632,ATP5L,10632
200818_at,ATP5O,539,ATP5O,539
216954_x_at,ATP5O,539,ATP5O,539
206992_s_at,ATP5S,27109,ATP5S,27109
206993_at,ATP5S,27109,ATP5S,27109
213995_at,ATP5S,27109,ATP5S,27109
218038_at,ATP5SL,55101,ATP5SL,55101
45828_at,ATP5SL,55101,ATP5SL,55101
207809_s_at,ATP6AP1,537,ATP6AP1,537
201442_s_at,ATP6AP2,10159,ATP6AP2,10159
201443_s_at,ATP6AP2,10159,ATP6AP2,10159
201444_s_at,ATP6AP2,10159,ATP6AP2,10159
205095_s_at,ATP6V0A1,535,ATP6V0A1,535
212383_at,ATP6V0A1,535,ATP6V0A1,535
205703_at,ATP6V0A2,23545,ATP6V0A2,23545
205704_s_at,ATP6V0A2,23545,ATP6V0A2,23545
217603_at,ATP6V0A2,23545,ATP6V0A2,23545
220197_at,ATP6V0A4,50617,ATP6V0A4,50617
200078_s_at,ATP6V0B,533,ATP6V0B,533
200954_at,ATP6V0C,527,ATP6V0C,527
36994_at,ATP6V0C,527,ATP6V0C,527
212041_at,ATP6V0D1,9114,ATP6V0D1,9114
200096_s_at,ATP6V0E1,8992,ATP6V0E1,8992
201171_at,ATP6V0E1,8992,ATP6V0E1,8992
201172_x_at,ATP6V0E1,8992,ATP6V0E1,8992
214149_s_at,ATP6V0E1,8992,ATP6V0E1,8992
214150_x_at,ATP6V0E1,8992,ATP6V0E1,8992
214244_s_at,ATP6V0E1,8992,ATP6V0E1,8992
213587_s_at,ATP6V0E2,155066,ATP6V0E2,155066
201971_s_at,ATP6V1A,523,ATP6V1A,523
201972_at,ATP6V1A,523,ATP6V1A,523
205473_at,ATP6V1B1,525,ATP6V1B1,525
201089_at,ATP6V1B2,526,ATP6V1B2,526
202872_at,ATP6V1C1,528,ATP6V1C1,528
202873_at,ATP6V1C1,528,ATP6V1C1,528
202874_s_at,ATP6V1C1,528,ATP6V1C1,528
208898_at,ATP6V1D,51382,ATP6V1D,51382
208899_x_at,ATP6V1D,51382,ATP6V1D,51382
214923_at,ATP6V1D,51382,ATP6V1D,51382
208678_at,ATP6V1E1,529,ATP6V1E1,529
208737_at,ATP6V1G1,9550,ATP6V1G1,9550
214762_at,ATP6V1G2,534,ATP6V1G2,534
200041_s_at,ATP6V1G2-DDX39B///SNORD84///DDX39B,100532737///692199///7919,ATP6V1G2-DDX39B///SNORD84///DDX39B,100532737///692199///7919
212384_at,ATP6V1G2-DDX39B///SNORD84///DDX39B,100532737///692199///7919,ATP6V1G2-DDX39B///SNORD84///DDX39B,100532737///692199///7919
221504_s_at,ATP6V1H,51606,ATP6V1H,51606
205197_s_at,ATP7A,538,ATP7A,538
205198_s_at,ATP7A,538,ATP7A,538
204624_at,ATP7B,540,ATP7B,540
210192_at,ATP8A1,10396,ATP8A1,10396
213106_at,ATP8A1,10396,ATP8A1,10396
219659_at,ATP8A2,51761,ATP8A2,51761
219660_s_at,ATP8A2,51761,ATP8A2,51761
214594_x_at,ATP8B1,5205,ATP8B1,5205
216873_s_at,ATP8B2,57198,ATP8B2,57198
215319_at,ATP8B3,148229,ATP8B3,148229
220416_at,ATP8B4,79895,ATP8B4,79895
212062_at,ATP9A,10079,ATP9A,10079
216129_at,ATP9A,10079,ATP9A,10079
214010_s_at,ATP9B,374868,ATP9B,374868
214934_at,ATP9B,374868,ATP9B,374868
213057_at,ATPAF2,91647,ATPAF2,91647
214330_at,ATPAF2,91647,ATPAF2,91647
218671_s_at,ATPIF1,93974,ATPIF1,93974
209902_at,ATR,545,ATR,545
209903_s_at,ATR,545,ATR,545
219329_s_at,ATRAID,51374,ATRAID,51374
205875_s_at,ATRIP///TREX1,84126///11277,ATRIP///TREX1,84126///11277
34689_at,ATRIP///TREX1,84126///11277,ATRIP///TREX1,84126///11277
211852_s_at,ATRN,8455,ATRN,8455
212517_at,ATRN,8455,ATRN,8455
213744_at,ATRNL1,26033,ATRNL1,26033
213745_at,ATRNL1,26033,ATRNL1,26033
208859_s_at,ATRX,546,ATRX,546
208860_s_at,ATRX,546,ATRX,546
208861_s_at,ATRX,546,ATRX,546
211022_s_at,ATRX,546,ATRX,546
203231_s_at,ATXN1,6310,ATXN1,6310
203232_s_at,ATXN1,6310,ATXN1,6310
208832_at,ATXN10,25814,ATXN10,25814
208833_s_at,ATXN10,25814,ATXN10,25814
202622_s_at,ATXN2,6311,ATXN2,6311
201806_s_at,ATXN2L,11273,ATXN2L,11273
207798_s_at,ATXN2L,11273,ATXN2L,11273
205415_s_at,ATXN3,4287,ATXN3,4287
205416_s_at,ATXN3,4287,ATXN3,4287
216657_at,ATXN3,4287,ATXN3,4287
217321_x_at,ATXN3,4287,ATXN3,4287
216539_at,ATXN3L,92552,ATXN3L,92552
204516_at,ATXN7,6314,ATXN7,6314
209964_s_at,ATXN7,6314,ATXN7,6314
214342_at,ATXN7L1,222255,ATXN7L1,222255
214343_s_at,ATXN7L1,222255,ATXN7L1,222255
212113_at,ATXN7L3B,552889,ATXN7L3B,552889
212114_at,ATXN7L3B,552889,ATXN7L3B,552889
216404_at,ATXN8OS,6315,ATXN8OS,6315
205052_at,AUH,549,AUH,549
220011_at,AUNIP,79000,AUNIP,79000
220525_s_at,AUP1,550,AUP1,550
204092_s_at,AURKA,6790,AURKA,6790
208079_s_at,AURKA,6790,AURKA,6790
208080_at,AURKA,6790,AURKA,6790
218580_x_at,AURKAIP1,54998,AURKAIP1,54998
209464_at,AURKB,9212,AURKB,9212
211107_s_at,AURKC,6795,AURKC,6795
212599_at,AUTS2,26053,AUTS2,26053
219366_at,AVEN,57099,AVEN,57099
205539_at,AVIL,10677,AVIL,10677
210507_s_at,AVIL,10677,AVIL,10677
212471_at,AVL9,23080,AVL9,23080
212474_at,AVL9,23080,AVL9,23080
212475_at,AVL9,23080,AVL9,23080
207848_at,AVP,551,AVP,551
218631_at,AVPI1,60370,AVPI1,60370
206250_x_at,AVPR1A,552,AVPR1A,552
206251_s_at,AVPR1A,552,AVPR1A,552
206252_s_at,AVPR1A,552,AVPR1A,552
208260_at,AVPR1B,553,AVPR1B,553
208108_s_at,AVPR2,554,AVPR2,554
208111_at,AVPR2,554,AVPR2,554
212849_at,AXIN1,8312,AXIN1,8312
202685_s_at,AXL,558,AXL,558
202686_s_at,AXL,558,AXL,558
209309_at,AZGP1,563,AZGP1,563
217013_at,AZGP1P1,646282,AZGP1P1,646282
217014_s_at,AZGP1P1///AZGP1,646282///563,AZGP1P1///AZGP1,646282///563
218043_s_at,AZI2,64343,AZI2,64343
201772_at,AZIN1,51582,AZIN1,51582
212461_at,AZIN1,51582,AZIN1,51582
213747_at,AZIN1,51582,AZIN1,51582
214575_s_at,AZU1,566,AZU1,566
201891_s_at,B2M,567,B2M,567
216231_s_at,B2M,567,B2M,567
211379_x_at,B3GALNT1,8706,B3GALNT1,8706
211812_s_at,B3GALNT1,8706,B3GALNT1,8706
220829_s_at,B3GALT1,8708,B3GALT1,8708
210121_at,B3GALT2,8707,B3GALT2,8707
217452_s_at,B3GALT2,8707,B3GALT2,8707
210205_at,B3GALT4,8705,B3GALT4,8705
216065_at,B3GALT4,8705,B3GALT4,8705
206947_at,B3GALT5,10317,B3GALT5,10317
219521_at,B3GAT1,27087,B3GAT1,27087
203452_at,B3GAT3,26229,B3GAT3,26229
35179_at,B3GAT3,26229,B3GAT3,26229
219326_s_at,B3GNT2,10678,B3GNT2,10678
204856_at,B3GNT3,10331,B3GNT3,10331
221240_s_at,B3GNT4,79369,B3GNT4,79369
213589_s_at,B3GNTL1,146712,B3GNTL1,146712
215055_at,B3GNTL1,146712,B3GNTL1,146712
206435_at,B4GALNT1,2583,B4GALNT1,2583
201882_x_at,B4GALT1,2683,B4GALT1,2683
201883_s_at,B4GALT1,2683,B4GALT1,2683
211631_x_at,B4GALT1,2683,B4GALT1,2683
216627_s_at,B4GALT1,2683,B4GALT1,2683
209413_at,B4GALT2,8704,B4GALT2,8704
210243_s_at,B4GALT3,8703,B4GALT3,8703
210540_s_at,B4GALT4,8702,B4GALT4,8702
212876_at,B4GALT4,8702,B4GALT4,8702
221484_at,B4GALT5,9334,B4GALT5,9334
221485_at,B4GALT5,9334,B4GALT5,9334
206232_s_at,B4GALT6,9331,B4GALT6,9331
206233_at,B4GALT6,9331,B4GALT6,9331
222191_s_at,B4GALT7,11285,B4GALT7,11285
53076_at,B4GALT7,11285,B4GALT7,11285
203188_at,B4GAT1,11041,B4GAT1,11041
205662_at,B9D1,27077,B9D1,27077
210534_s_at,B9D1,27077,B9D1,27077
210535_at,B9D1,27077,B9D1,27077
219766_at,B9D2,80776,B9D2,80776
218899_s_at,BAALC,79870,BAALC,79870
206913_at,BAAT,570,BAAT,570
221711_s_at,BABAM1,29086,BABAM1,29086
217904_s_at,BACE1,23621,BACE1,23621
217867_x_at,BACE2,25825,BACE2,25825
204194_at,BACH1,571,BACH1,571
221234_s_at,BACH2,60468,BACH2,60468
1861_at,BAD,572,BAD,572
209364_at,BAD,572,BAD,572
202387_at,BAG1,573,BAG1,573
211475_s_at,BAG1,573,BAG1,573
209406_at,BAG2,9532,BAG2,9532
217911_s_at,BAG3,9531,BAG3,9531
219624_at,BAG4,9530,BAG4,9530
202984_s_at,BAG5,9529,BAG5,9529
202985_s_at,BAG5,9529,BAG5,9529
201255_x_at,BAG6,7917,BAG6,7917
210208_x_at,BAG6,7917,BAG6,7917
213318_s_at,BAG6,7917,BAG6,7917
207712_at,BAGE,574,BAGE,574
219218_at,BAHCC1,57597,BAHCC1,57597
203051_at,BAHD1,22893,BAHD1,22893
205293_x_at,BAIAP2,10458,BAIAP2,10458
205294_at,BAIAP2,10458,BAIAP2,10458
207832_at,BAIAP2,10458,BAIAP2,10458
209502_s_at,BAIAP2,10458,BAIAP2,10458
221178_at,BAIAP2L2,80115,BAIAP2L2,80115
204874_x_at,BAIAP3,8938,BAIAP3,8938
216356_x_at,BAIAP3,8938,BAIAP3,8938
203728_at,BAK1,578,BAK1,578
203304_at,BAMBI,25805,BAMBI,25805
210125_s_at,BANF1,8815,BANF1,8815
219667_s_at,BANK1,55024,BANK1,55024
219966_x_at,BANP,54971,BANP,54971
201419_at,BAP1,8314,BAP1,8314
205345_at,BARD1,580,BARD1,580
219845_at,BARX1,56033,BARX1,56033
210419_at,BARX2,8538,BARX2,8538
202391_at,BASP1,10409,BASP1,10409
205965_at,BATF,10538,BATF,10538
220358_at,BATF3,55509,BATF3,55509
208478_s_at,BAX,581,BAX,581
211833_s_at,BAX,581,BAX,581
217985_s_at,BAZ1A,11177,BAZ1A,11177
217986_s_at,BAZ1A,11177,BAZ1A,11177
208445_s_at,BAZ1B,9031,BAZ1B,9031
211313_s_at,BAZ1B,9031,BAZ1B,9031
213336_at,BAZ1B,9031,BAZ1B,9031
201353_s_at,BAZ2A,11176,BAZ2A,11176
201354_s_at,BAZ2A,11176,BAZ2A,11176
201355_s_at,BAZ2A,11176,BAZ2A,11176
215437_x_at,BAZ2A,11176,BAZ2A,11176
203080_s_at,BAZ2B,29994,BAZ2B,29994
213220_at,BBIP1,92482,BBIP1,92482
213224_s_at,BBIP1,92482,BBIP1,92482
220173_at,BBOF1,80127,BBOF1,80127
205363_at,BBOX1,8424,BBOX1,8424
218471_s_at,BBS1,582,BBS1,582
219487_at,BBS10,79738,BBS10,79738
212744_at,BBS4,585,BBS4,585
212745_s_at,BBS4,585,BBS4,585
219688_at,BBS7,55212,BBS7,55212
209958_s_at,BBS9,27241,BBS9,27241
216239_at,BBS9,27241,BBS9,27241
37547_at,BBS9,27241,BBS9,27241
37549_g_at,BBS9,27241,BBS9,27241
213015_at,BBX,56987,BBX,56987
213016_at,BBX,56987,BBX,56987
203009_at,BCAM,4059,BCAM,4059
40093_at,BCAM,4059,BCAM,4059
219107_at,BCAN,63827,BCAN,63827
221623_at,BCAN,63827,BCAN,63827
91920_at,BCAN,63827,BCAN,63827
205084_at,BCAP29,55973,BCAP29,55973
200837_at,BCAP31,10134,BCAP31,10134
204032_at,BCAR3,8412,BCAR3,8412
204378_at,BCAS1,8537,BCAS1,8537
203053_at,BCAS2,10286,BCAS2,10286
220488_s_at,BCAS3,54828,BCAS3,54828
220588_at,BCAS4,55653,BCAS4,55653
214390_s_at,BCAT1,586,BCAT1,586
214452_at,BCAT1,586,BCAT1,586
203576_at,BCAT2,587,BCAT2,587
215654_at,BCAT2,587,BCAT2,587
218264_at,BCCIP,56647,BCCIP,56647
205433_at,BCHE,590,BCHE,590
202331_at,BCKDHA,593,BCKDHA,593
210653_s_at,BCKDHB,594,BCKDHB,594
213321_at,BCKDHB,594,BCKDHB,594
202030_at,BCKDK,10295,BCKDK,10295
205263_at,BCL10,8915,BCL10,8915
210347_s_at,BCL11A,53335,BCL11A,53335
219497_s_at,BCL11A,53335,BCL11A,53335
219498_s_at,BCL11A,53335,BCL11A,53335
219528_s_at,BCL11B,64919,BCL11B,64919
203684_s_at,BCL2,596,BCL2,596
203685_at,BCL2,596,BCL2,596
207004_at,BCL2,596,BCL2,596
207005_s_at,BCL2,596,BCL2,596
205681_at,BCL2A1,597,BCL2A1,597
206665_s_at,BCL2L1,598,BCL2L1,598
212312_at,BCL2L1,598,BCL2L1,598
215037_s_at,BCL2L1,598,BCL2L1,598
221320_at,BCL2L10,10017,BCL2L10,10017
208536_s_at,BCL2L11,10018,BCL2L11,10018
222343_at,BCL2L11,10018,BCL2L11,10018
217955_at,BCL2L13,23786,BCL2L13,23786
221241_s_at,BCL2L14,79370,BCL2L14,79370
209311_at,BCL2L2,599,BCL2L2,599
201545_s_at,BCL2L2-PABPN1///PABPN1,100529063///8106,BCL2L2-PABPN1///PABPN1,100529063///8106
201544_x_at,BCL2L2-PABPN1///PABPN1///BCL2L2,100529063///8106///599,BCL2L2-PABPN1///PABPN1///BCL2L2,100529063///8106///599
203140_at,BCL6,604,BCL6,604
215990_s_at,BCL6,604,BCL6,604
203795_s_at,BCL7A,605,BCL7A,605
203796_s_at,BCL7A,605,BCL7A,605
202518_at,BCL7B,9275,BCL7B,9275
219072_at,BCL7C,9274,BCL7C,9274
204129_at,BCL9,607,BCL9,607
201083_s_at,BCLAF1,9774,BCLAF1,9774
201084_s_at,BCLAF1,9774,BCLAF1,9774
201101_s_at,BCLAF1,9774,BCLAF1,9774
214499_s_at,BCLAF1,9774,BCLAF1,9774
220087_at,BCO1,53630,BCO1,53630
219433_at,BCOR,54880,BCOR,54880
219444_at,BCORL1,63035,BCORL1,63035
202315_s_at,BCR,613,BCR,613
217223_s_at,BCR,613,BCR,613
207618_s_at,BCS1L,617,BCS1L,617
211715_s_at,BDH1,622,BDH1,622
218285_s_at,BDH2,56898,BDH2,56898
207510_at,BDKRB1,623,BDKRB1,623
205870_at,BDKRB2,624,BDKRB2,624
206382_s_at,BDNF,627,BDNF,627
214068_at,BEAN1,146227,BEAN1,146227
208945_s_at,BECN1,8678,BECN1,8678
208946_s_at,BECN1,8678,BECN1,8678
220795_s_at,BEGAIN,57596,BEGAIN,57596
219670_at,BEND5,79656,BEND5,79656
207671_s_at,BEST1,7439,BEST1,7439
207432_at,BEST2,54831,BEST2,54831
202710_at,BET1,10282,BET1,10282
220470_at,BET1L,51272,BET1L,51272
218332_at,BEX1,55859,BEX1,55859
217963_s_at,BEX3,27018,BEX3,27018
215440_s_at,BEX4,56271,BEX4,56271
218056_at,BFAR,51283,BFAR,51283
206746_at,BFSP1,631,BFSP1,631
207399_at,BFSP2,8419,BFSP2,8419
201261_x_at,BGN,633,BGN,633
201262_s_at,BGN,633,BGN,633
213905_x_at,BGN,633,BGN,633
213709_at,BHLHB9,80823,BHLHB9,80823
201169_s_at,BHLHE40,8553,BHLHE40,8553
201170_s_at,BHLHE40,8553,BHLHE40,8553
221530_s_at,BHLHE41,79365,BHLHE41,79365
206119_at,BHMT,635,BHMT,635
219902_at,BHMT2,23743,BHMT2,23743
213429_at,BICC1,80114,BICC1,80114
220580_at,BICC1,80114,BICC1,80114
204741_at,BICD1,636,BICD1,636
214806_at,BICD1,636,BICD1,636
209203_s_at,BICD2,23299,BICD2,23299
212702_s_at,BICD2,23299,BICD2,23299
213154_s_at,BICD2,23299,BICD2,23299
215015_at,BICDL1,92558,BICDL1,92558
204493_at,BID,637,BID,637
211725_s_at,BID,637,BID,637
205780_at,BIK,638,BIK,638
202931_x_at,BIN1,274,BIN1,274
210201_x_at,BIN1,274,BIN1,274
210202_s_at,BIN1,274,BIN1,274
214439_x_at,BIN1,274,BIN1,274
214643_x_at,BIN1,274,BIN1,274
219191_s_at,BIN2,51411,BIN2,51411
222199_s_at,BIN3,55909,BIN3,55909
207287_at,BIN3-IT1,80094,BIN3-IT1,80094
202076_at,BIRC2,329,BIRC2,329
210538_s_at,BIRC3,330,BIRC3,330
202094_at,BIRC5,332,BIRC5,332
202095_s_at,BIRC5,332,BIRC5,332
210334_x_at,BIRC5,332,BIRC5,332
220451_s_at,BIRC7,79444,BIRC7,79444
201032_at,BLCAP,10904,BLCAP,10904
206255_at,BLK,640,BLK,640
210934_at,BLK,640,BLK,640
205733_at,BLM,641,BLM,641
202179_at,BLMH,642,BLMH,642
207655_s_at,BLNK,29760,BLNK,29760
202592_at,BLOC1S1,2647,BLOC1S1,2647
210106_at,BLOC1S1-RDH5///RDH5,100528022///5959,BLOC1S1-RDH5///RDH5,100528022///5959
221253_s_at,BLOC1S5-TXNDC5///TXNDC5,100526836///81567,BLOC1S5-TXNDC5///TXNDC5,100526836///81567
203771_s_at,BLVRA,644,BLVRA,644
203772_at,BLVRA,644,BLVRA,644
203773_x_at,BLVRA,644,BLVRA,644
211729_x_at,BLVRA,644,BLVRA,644
202201_at,BLVRB,645,BLVRB,645
203840_at,BLZF1,8548,BLZF1,8548
210462_at,BLZF1,8548,BLZF1,8548
32088_at,BLZF1,8548,BLZF1,8548
202701_at,BMP1,649,BMP1,649
205574_x_at,BMP1,649,BMP1,649
206725_x_at,BMP1,649,BMP1,649
207595_s_at,BMP1,649,BMP1,649
208292_at,BMP10,27302,BMP10,27302
221332_at,BMP15,9210,BMP15,9210
205289_at,BMP2,650,BMP2,650
205290_s_at,BMP2,650,BMP2,650
214716_at,BMP2K,55589,BMP2K,55589
219546_at,BMP2K,55589,BMP2K,55589
37170_at,BMP2K,55589,BMP2K,55589
59644_at,BMP2K,55589,BMP2K,55589
208244_at,BMP3,651,BMP3,651
211518_s_at,BMP4,652,BMP4,652
205430_at,BMP5,653,BMP5,653
205431_s_at,BMP5,653,BMP5,653
206176_at,BMP6,654,BMP6,654
215042_at,BMP6,654,BMP6,654
209590_at,BMP7,655,BMP7,655
209591_s_at,BMP7,655,BMP7,655
211259_s_at,BMP7,655,BMP7,655
211260_at,BMP7,655,BMP7,655
207866_at,BMP8A,353500,BMP8A,353500
220203_at,BMP8A,353500,BMP8A,353500
220204_s_at,BMP8A,353500,BMP8A,353500
207865_s_at,BMP8B,656,BMP8B,656
221615_at,BMP8B,656,BMP8B,656
204832_s_at,BMPR1A,657,BMPR1A,657
213578_at,BMPR1A,657,BMPR1A,657
210523_at,BMPR1B,658,BMPR1B,658
209920_at,BMPR2,659,BMPR2,659
210214_s_at,BMPR2,659,BMPR2,659
203082_at,BMS1,9790,BMS1,9790
217179_x_at,BMS1P20,96610,BMS1P20,96610
217180_at,BMS1P20,96610,BMS1P20,96610
215110_at,BMS1P21///MBL1P,100288974///8512,BMS1P21///MBL1P,100288974///8512
206464_at,BMX,660,BMX,660
206581_at,BNC1,646,BNC1,646
220272_at,BNC2,54796,BNC2,54796
204930_s_at,BNIP1,662,BNIP1,662
207829_s_at,BNIP1,662,BNIP1,662
37226_at,BNIP1,662,BNIP1,662
209308_s_at,BNIP2,663,BNIP2,663
201848_s_at,BNIP3,664,BNIP3,664
201849_at,BNIP3,664,BNIP3,664
221478_at,BNIP3L,665,BNIP3L,665
221479_s_at,BNIP3L,665,BNIP3L,665
221454_at,BOK,666,BOK,666
219345_at,BOLA1,51027,BOLA1,51027
209836_x_at,BOLA2B///BOLA2,654483///552900,BOLA2B///BOLA2,654483///552900
219544_at,BORA,79866,BORA,79866
219417_s_at,BORCS6,54785,BORCS6,54785
220101_x_at,BORCS6,54785,BORCS6,54785
209926_at,BORCS8,729991,BORCS8,729991
220772_at,BPESC1,60467,BPESC1,60467
203502_at,BPGM,669,BPGM,669
205750_at,BPHL,670,BPHL,670
220542_s_at,BPIFA1,51297,BPIFA1,51297
219391_at,BPNT1,10380,BPNT1,10380
207186_s_at,BPTF,2186,BPTF,2186
209271_at,BPTF,2186,BPTF,2186
208331_at,BPY2,9083,BPY2,9083
209922_at,BRAP,8315,BRAP,8315
209923_s_at,BRAP,8315,BRAP,8315
213473_at,BRAP,8315,BRAP,8315
41512_at,BRAP,8315,BRAP,8315
204531_s_at,BRCA1,672,BRCA1,672
211851_x_at,BRCA1,672,BRCA1,672
208368_s_at,BRCA2,675,BRCA2,675
214727_at,BRCA2,675,BRCA2,675
216521_s_at,BRCC3,79184,BRCC3,79184
221196_x_at,BRCC3,79184,BRCC3,79184
204520_x_at,BRD1,23774,BRD1,23774
215460_x_at,BRD1,23774,BRD1,23774
208685_x_at,BRD2,6046,BRD2,6046
208686_s_at,BRD2,6046,BRD2,6046
214911_s_at,BRD2,6046,BRD2,6046
203825_at,BRD3,8019,BRD3,8019
212547_at,BRD3,8019,BRD3,8019
202102_s_at,BRD4,23476,BRD4,23476
202103_at,BRD4,23476,BRD4,23476
221776_s_at,BRD7,29117,BRD7,29117
221093_at,BRD7P3,23629,BRD7P3,23629
202227_s_at,BRD8,10902,BRD8,10902
210352_at,BRD8,10902,BRD8,10902
220155_s_at,BRD9,65980,BRD9,65980
206787_at,BRDT,676,BRDT,676
205550_s_at,BRE,9577,BRE,9577
211566_x_at,BRE,9577,BRE,9577
212645_x_at,BRE,9577,BRE,9577
203754_s_at,BRF1,2972,BRF1,2972
215676_at,BRF1,2972,BRF1,2972
215677_s_at,BRF1,2972,BRF1,2972
218954_s_at,BRF2,55290,BRF2,55290
218955_at,BRF2,55290,BRF2,55290
205818_at,BRINP1,1620,BRINP1,1620
214822_at,BRINP2,57795,BRINP2,57795
217562_at,BRINP3,339479,BRINP3,339479
221703_at,BRIP1,83990,BRIP1,83990
219177_at,BRIX1,55299,BRIX1,55299
215631_s_at,BRMS1,25855,BRMS1,25855
204481_at,BRPF1,7862,BRPF1,7862
207369_at,BRS3,680,BRS3,680
215010_s_at,BRSK2,9024,BRSK2,9024
214820_at,BRWD1,54014,BRWD1,54014
219280_at,BRWD1,54014,BRWD1,54014
218004_at,BSDC1,55108,BSDC1,55108
222200_s_at,BSDC1,55108,BSDC1,55108
208677_s_at,BSG,682,BSG,682
204586_at,BSN,8927,BSN,8927
218792_s_at,BSPRY,54836,BSPRY,54836
205715_at,BST1,683,BST1,683
201641_at,BST2,684,BST2,684
209430_at,BTAF1,9044,BTAF1,9044
217945_at,BTBD1,53339,BTBD1,53339
215349_at,BTBD18,643376,BTBD18,643376
207722_s_at,BTBD2,55643,BTBD2,55643
202946_s_at,BTBD3,22903,BTBD3,22903
217141_at,BTBD7,55727,BTBD7,55727
220297_at,BTBD7,55727,BTBD7,55727
207326_at,BTC,685,BTC,685
204167_at,BTD,686,BTD,686
214116_at,BTD,686,BTD,686
214117_s_at,BTD,686,BTD,686
208517_x_at,BTF3,689,BTF3,689
211939_x_at,BTF3,689,BTF3,689
214800_x_at,BTF3,689,BTF3,689
208529_at,BTF3P11,690,BTF3P11,690
217461_x_at,BTF3P12,652963,BTF3P12,652963
217467_at,BTF3P13,132556,BTF3P13,132556
200920_s_at,BTG1,694,BTG1,694
200921_s_at,BTG1,694,BTG1,694
201235_s_at,BTG2,7832,BTG2,7832
201236_s_at,BTG2,7832,BTG2,7832
205548_s_at,BTG3,10950,BTG3,10950
213134_x_at,BTG3,10950,BTG3,10950
215425_at,BTG3,10950,BTG3,10950
220766_at,BTG4,54766,BTG4,54766
205504_at,BTK,695,BTK,695
207395_at,BTN1A1,696,BTN1A1,696
203944_x_at,BTN2A1,11120,BTN2A1,11120
211256_x_at,BTN2A1,11120,BTN2A1,11120
215493_x_at,BTN2A1,11120,BTN2A1,11120
205298_s_at,BTN2A2,10385,BTN2A2,10385
205299_s_at,BTN2A2,10385,BTN2A2,10385
208585_at,BTN2A3P,54718,BTN2A3P,54718
207485_x_at,BTN3A1,11119,BTN3A1,11119
209770_at,BTN3A1,11119,BTN3A1,11119
209846_s_at,BTN3A2,11118,BTN3A2,11118
212613_at,BTN3A2,11118,BTN3A2,11118
204820_s_at,BTN3A2///BTN3A3,11118///10384,BTN3A2///BTN3A3,11118///10384
204821_at,BTN3A3,10384,BTN3A3,10384
38241_at,BTN3A3,10384,BTN3A3,10384
221457_s_at,BTNL2,56244,BTNL2,56244
217207_s_at,BTNL3,10917,BTNL3,10917
220421_at,BTNL8,79908,BTNL8,79908
204901_at,BTRC,8945,BTRC,8945
216091_s_at,BTRC,8945,BTRC,8945
222374_at,BTRC,8945,BTRC,8945
209642_at,BUB1,699,BUB1,699
215508_at,BUB1,699,BUB1,699
215509_s_at,BUB1,699,BUB1,699
216275_at,BUB1,699,BUB1,699
216277_at,BUB1,699,BUB1,699
203755_at,BUB1B,701,BUB1B,701
201456_s_at,BUB3,9184,BUB3,9184
201457_x_at,BUB3,9184,BUB3,9184
201458_s_at,BUB3,9184,BUB3,9184
209974_s_at,BUB3,9184,BUB3,9184
205690_s_at,BUD31,8896,BUD31,8896
215815_at,BUD31,8896,BUD31,8896
203612_at,BYSL,705,BYSL,705
200776_s_at,BZW1,9689,BZW1,9689
200777_s_at,BZW1,9689,BZW1,9689
217809_at,BZW2,28969,BZW2,28969
209182_s_at,C10orf10,11067,C10orf10,11067
209183_s_at,C10orf10,11067,C10orf10,11067
216393_at,C10orf12,26148,C10orf12,26148
219601_s_at,C10orf12,26148,C10orf12,26148
218590_at,C10orf2,56652,C10orf2,56652
218891_at,C10orf76,79591,C10orf76,79591
55662_at,C10orf76,79591,C10orf76,79591
219240_s_at,C10orf88,80007,C10orf88,80007
220152_at,C10orf95,79946,C10orf95,79946
218925_s_at,C11orf1,64776,C11orf1,64776
220344_at,C11orf16,56673,C11orf16,56673
220560_at,C11orf21,29125,C11orf21,29125
218299_at,C11orf24,53838,C11orf24,53838
52164_at,C11orf24,53838,C11orf24,53838
203257_s_at,C11orf49,79096,C11orf49,79096
218314_s_at,C11orf57,55216,C11orf57,55216
200084_at,C11orf58,10944,C11orf58,10944
201784_s_at,C11orf58,10944,C11orf58,10944
220141_at,C11orf63,79864,C11orf63,79864
221534_at,C11orf68,83638,C11orf68,83638
218789_s_at,C11orf71,54494,C11orf71,54494
204922_at,C11orf80,79703,C11orf80,79703
218641_at,C11orf95,65998,C11orf95,65998
221637_s_at,C11orf98///LBHD1,102288414///79081,C11orf98///LBHD1,102288414///79081
218220_at,C12orf10,60314,C12orf10,60314
213701_at,C12orf29,91298,C12orf29,91298
218374_s_at,C12orf4,57102,C12orf4,57102
219022_at,C12orf43,64897,C12orf43,64897
218867_s_at,C12orf49,79794,C12orf49,79794
202562_s_at,C14orf1,11161,C14orf1,11161
202563_at,C14orf1,11161,C14orf1,11161
217188_s_at,C14orf1,11161,C14orf1,11161
220084_at,C14orf105,55195,C14orf105,55195
218820_at,C14orf132,56967,C14orf132,56967
218298_s_at,C14orf159,80017,C14orf159,80017
217768_at,C14orf166,51637,C14orf166,51637
219526_at,C14orf169,79697,C14orf169,79697
202279_at,C14orf2,9556,C14orf2,9556
210532_s_at,C14orf2,9556,C14orf2,9556
213512_at,C14orf79,122616,C14orf79,122616
219009_at,C14orf93,60686,C14orf93,60686
202398_at,C15orf38-AP3S2///AP3S2,100526783///10239,C15orf38-AP3S2///AP3S2,100526783///10239
202399_s_at,C15orf38-AP3S2///AP3S2,100526783///10239,C15orf38-AP3S2///AP3S2,100526783///10239
213215_at,C15orf38-AP3S2///AP3S2,100526783///10239,C15orf38-AP3S2///AP3S2,100526783///10239
204494_s_at,C15orf39,56905,C15orf39,56905
204495_s_at,C15orf39,56905,C15orf39,56905
215087_at,C15orf39,56905,C15orf39,56905
212736_at,C16orf45,89927,C16orf45,89927
217891_at,C16orf58,64755,C16orf58,64755
222190_s_at,C16orf58,64755,C16orf58,64755
219556_at,C16orf59,80178,C16orf59,80178
203173_s_at,C16orf62,57020,C16orf62,57020
220601_at,C16orf70,80262,C16orf70,80262
222089_s_at,C16orf71,146562,C16orf71,146562
220743_at,C16orf72,29035,C16orf72,29035
219784_at,C16orf95,100506581,C16orf95,100506581
219785_s_at,C16orf95,100506581,C16orf95,100506581
219879_s_at,C17orf53,78995,C17orf53,78995
218130_at,C17orf62,79415,C17orf62,79415
203830_at,C17orf75,64149,C17orf75,64149
221048_x_at,C17orf80,55028,C17orf80,55028
217508_s_at,C18orf25,147339,C18orf25,147339
217539_at,C18orf25,147339,C18orf25,147339
221190_s_at,C18orf8,29919,C18orf8,29919
221587_s_at,C19orf24,55009,C19orf24,55009
217926_at,C19orf53,28974,C19orf53,28974
222052_at,C19orf54,284325,C19orf54,284325
206901_at,C19orf57,79173,C19orf57,79173
218958_at,C19orf60,55049,C19orf60,55049
51200_at,C19orf60,55049,C19orf60,55049
218429_s_at,C19orf66,55337,C19orf66,55337
53720_at,C19orf66,55337,C19orf66,55337
220151_at,C19orf73,55150,C19orf73,55150
200056_s_at,C1D,10438,C1D,10438
219439_at,C1GALT1,56913,C1GALT1,56913
219283_at,C1GALT1C1,29071,C1GALT1C1,29071
218232_at,C1QA,712,C1QA,712
202953_at,C1QB,713,C1QB,713
208910_s_at,C1QBP,708,C1QBP,708
214214_s_at,C1QBP,708,C1QBP,708
205575_at,C1QL1,10882,C1QL1,10882
214346_at,C1QL1,10882,C1QL1,10882
220975_s_at,C1QTNF1,114897,C1QTNF1,114897
220988_s_at,C1QTNF3,114899,C1QTNF3,114899
209424_s_at,C1QTNF3-AMACR///AMACR,100534612///23600,C1QTNF3-AMACR///AMACR,100534612///23600
209425_at,C1QTNF3-AMACR///AMACR,100534612///23600,C1QTNF3-AMACR///AMACR,100534612///23600
209426_s_at,C1QTNF3-AMACR///AMACR,100534612///23600,C1QTNF3-AMACR///AMACR,100534612///23600
222277_at,C1QTNF9B-AS1,542767,C1QTNF9B-AS1,542767
212067_s_at,C1R,715,C1R,715
218983_at,C1RL,51279,C1RL,51279
208747_s_at,C1S,716,C1S,716
214357_at,C1orf105,92346,C1orf105,92346
219010_at,C1orf106,55765,C1orf106,55765
218712_at,C1orf109,54955,C1orf109,54955
220840_s_at,C1orf112,55732,C1orf112,55732
218546_at,C1orf115,79762,C1orf115,79762
219476_at,C1orf116,79098,C1orf116,79098
219856_at,C1orf116,79098,C1orf116,79098
203197_s_at,C1orf123,54987,C1orf123,54987
219337_at,C1orf159,54991,C1orf159,54991
222000_at,C1orf174,339448,C1orf174,339448
221272_s_at,C1orf21,81563,C1orf21,81563
212791_at,C1orf216,127703,C1orf216,127703
218721_s_at,C1orf27,54953,C1orf27,54953
219063_at,C1orf35,79169,C1orf35,79169
219406_at,C1orf50,79078,C1orf50,79078
219506_at,C1orf54,79630,C1orf54,79630
221222_s_at,C1orf56,54964,C1orf56,54964
205103_at,C1orf61,10485,C1orf61,10485
222301_at,C1orf61,10485,C1orf61,10485
216701_at,C1orf68,100129271,C1orf68,100129271
217087_at,C1orf68,100129271,C1orf68,100129271
203052_at,C2,717,C2,717
218081_at,C20orf27,54976,C20orf27,54976
50314_i_at,C20orf27,54976,C20orf27,54976
203993_x_at,C21orf2,755,C21orf2,755
203994_s_at,C21orf2,755,C21orf2,755
203995_at,C21orf2,755,C21orf2,755
203996_s_at,C21orf2,755,C21orf2,755
221975_s_at,C21orf2,755,C21orf2,755
202217_at,C21orf33,8209,C21orf33,8209
210667_s_at,C21orf33,8209,C21orf33,8209
218123_at,C21orf59,56683,C21orf59,56683
220543_at,C21orf62,56245,C21orf62,56245
220941_s_at,C21orf91,54149,C21orf91,54149
207701_at,C22orf24,25775,C22orf24,25775
219560_at,C22orf29///GNB1L,79680///54584,C22orf29///GNB1L,79680///54584
206839_at,C22orf31,25770,C22orf31,25770
219309_at,C22orf46,79640,C22orf46,79640
212875_s_at,C2CD2,25966,C2CD2,25966
204757_s_at,C2CD2L,9854,C2CD2L,9854
204758_s_at,C2CD2L,9854,C2CD2L,9854
213199_at,C2CD3,26005,C2CD3,26005
36552_at,C2CD3,26005,C2CD3,26005
212943_at,C2CD5,9847,C2CD5,9847
206611_at,C2orf27A,29798,C2orf27A,29798
219128_at,C2orf42,54980,C2orf42,54980
219176_at,C2orf47,79568,C2orf47,79568
219662_at,C2orf49,79074,C2orf49,79074
220149_at,C2orf54,79919,C2orf54,79919
221878_at,C2orf68,388969,C2orf68,388969
65472_at,C2orf68,388969,C2orf68,388969
213143_at,C2orf72,257407,C2orf72,257407
213148_at,C2orf72,257407,C2orf72,257407
208265_at,C2orf83,56918,C2orf83,56918
217767_at,C3,718,C3,718
209906_at,C3AR1,719,C3AR1,719
219288_at,C3orf14,57415,C3orf14,57415
219114_at,C3orf18,51161,C3orf18,51161
221175_at,C3orf36,80111,C3orf36,80111
219474_at,C3orf52,79669,C3orf52,79669
205654_at,C4BPA,722,C4BPA,722
208209_s_at,C4BPB,725,C4BPB,725
208451_s_at,C4B_2///C4B///C4A,100293534///721///720,C4B_2///C4B///C4A,100293534///721///720
214428_x_at,C4B_2///C4B///C4A,100293534///721///720,C4B_2///C4B///C4A,100293534///721///720
219450_at,C4orf19,55286,C4orf19,55286
201812_s_at,C4orf46///TOMM7,201725///54543,C4orf46///TOMM7,201725///54543
205500_at,C5,727,C5,727
220088_at,C5AR1,728,C5AR1,728
221149_at,C5AR2,27202,C5AR2,27202
203024_s_at,C5orf15,56951,C5orf15,56951
203738_at,C5orf22,55322,C5orf22,55322
221823_at,C5orf30,90355,C5orf30,90355
219381_at,C5orf42,65250,C5orf42,65250
220341_s_at,C5orf45,51149,C5orf45,51149
220375_s_at,C5orf66,100996485,C5orf66,100996485
210168_at,C6,729,C6,729
207523_at,C6orf10,10665,C6orf10,10665
205457_at,C6orf106,64771,C6orf106,64771
217924_at,C6orf106,64771,C6orf106,64771
217925_s_at,C6orf106,64771,C6orf106,64771
221786_at,C6orf120,387263,C6orf120,387263
221787_at,C6orf120,387263,C6orf120,387263
221100_at,C6orf15,29113,C6orf15,29113
221342_at,C6orf25,80739,C6orf25,80739
204968_at,C6orf47,57827,C6orf47,57827
220755_s_at,C6orf48,50854,C6orf48,50854
208809_s_at,C6orf62,81688,C6orf62,81688
213875_x_at,C6orf62,81688,C6orf62,81688
222309_at,C6orf62,81688,C6orf62,81688
202992_at,C7,730,C7,730
221573_at,C7orf25///PSMA2,79020///5683,C7orf25///PSMA2,79020///5683
53202_at,C7orf25///PSMA2,79020///5683,C7orf25///PSMA2,79020///5683
219261_at,C7orf26,79034,C7orf26,79034
222002_at,C7orf26,79034,C7orf26,79034
47083_at,C7orf26,79034,C7orf26,79034
220659_s_at,C7orf43,55262,C7orf43,55262
220949_s_at,C7orf49,78996,C7orf49,78996
217842_at,C7orf55-LUC7L2///LUC7L2,100996928///51631,C7orf55-LUC7L2///LUC7L2,100996928///51631
220099_s_at,C7orf55-LUC7L2///LUC7L2,100996928///51631,C7orf55-LUC7L2///LUC7L2,100996928///51631
221172_at,C7orf69,80099,C7orf69,80099
206305_s_at,C8A,731,C8A,731
206979_at,C8B,732,C8B,732
210324_at,C8G,733,C8G,733
208266_at,C8orf17,100507249,C8orf17,100507249
218187_s_at,C8orf33,65265,C8orf33,65265
218541_s_at,C8orf4,56892,C8orf4,56892
220216_at,C8orf44,56260,C8orf44,56260
220038_at,C8orf44-SGK3///SGK3,100533105///23678,C8orf44-SGK3///SGK3,100533105///23678
220712_at,C8orf60,619426,C8orf60,619426
206727_at,C9,735,C9,735
221946_at,C9orf116,138162,C9orf116,138162
59437_at,C9orf116,138162,C9orf116,138162
204480_s_at,C9orf16,79095,C9orf16,79095
222165_x_at,C9orf16,79095,C9orf16,79095
222166_at,C9orf16,79095,C9orf16,79095
41047_at,C9orf16,79095,C9orf16,79095
212848_s_at,C9orf3,84909,C9orf3,84909
208077_at,C9orf38,29044,C9orf38,29044
218904_s_at,C9orf40,55071,C9orf40,55071
218116_at,C9orf78,51759,C9orf78,51759
205949_at,CA1,759,CA1,759
205950_s_at,CA1,759,CA1,759
220889_s_at,CA10,56934,CA10,56934
209726_at,CA11,770,CA11,770
203963_at,CA12,771,CA12,771
204508_s_at,CA12,771,CA12,771
204509_at,CA12,771,CA12,771
210735_s_at,CA12,771,CA12,771
214164_x_at,CA12,771,CA12,771
215867_x_at,CA12,771,CA12,771
219464_at,CA14,23632,CA14,23632
209301_at,CA2,760,CA2,760
204865_at,CA3,761,CA3,761
206208_at,CA4,762,CA4,762
206209_s_at,CA4,762,CA4,762
207421_at,CA5A,763,CA5A,763
207129_at,CA5B,11238,CA5B,11238
214082_at,CA5B,11238,CA5B,11238
213363_at,CA5BP1,340591,CA5BP1,340591
206873_at,CA6,765,CA6,765
207504_at,CA7,766,CA7,766
220234_at,CA8,767,CA8,767
205199_at,CA9,768,CA9,768
219276_x_at,CAAP1,79886,CAAP1,79886
217873_at,CAB39,51719,CAB39,51719
221003_s_at,CAB39L,81617,CAB39L,81617
202624_s_at,CABIN1,23523,CABIN1,23523
37652_at,CABIN1,23523,CABIN1,23523
208320_at,CABP1,9478,CABP1,9478
208321_s_at,CABP1,9478,CABP1,9478
210181_s_at,CABP1,9478,CABP1,9478
207745_at,CABP2,51475,CABP2,51475
221160_s_at,CABP5,56344,CABP5,56344
219928_s_at,CABYR,26256,CABYR,26256
219223_at,CACFD1,11094,CACFD1,11094
61874_at,CACFD1,11094,CACFD1,11094
207162_s_at,CACNA1B,774,CACNA1B,774
208020_s_at,CACNA1C,775,CACNA1C,775
211592_s_at,CACNA1C,775,CACNA1C,775
207998_s_at,CACNA1D,776,CACNA1D,776
210108_at,CACNA1D,776,CACNA1D,776
208432_s_at,CACNA1E,777,CACNA1E,777
208377_s_at,CACNA1F,778,CACNA1F,778
207869_s_at,CACNA1G,8913,CACNA1G,8913
210380_s_at,CACNA1G,8913,CACNA1G,8913
211314_at,CACNA1G,8913,CACNA1G,8913
211315_s_at,CACNA1G,8913,CACNA1G,8913
211802_x_at,CACNA1G,8913,CACNA1G,8913
205845_at,CACNA1H,8912,CACNA1H,8912
208299_at,CACNA1I,8911,CACNA1I,8911
211830_s_at,CACNA1I,8911,CACNA1I,8911
221631_at,CACNA1I,8911,CACNA1I,8911
217515_s_at,CACNA1S,779,CACNA1S,779
207050_at,CACNA2D1,781,CACNA2D1,781
204811_s_at,CACNA2D2,9254,CACNA2D2,9254
219714_s_at,CACNA2D3,55799,CACNA2D3,55799
206996_x_at,CACNB1,782,CACNB1,782
210185_at,CACNB1,782,CACNB1,782
210967_x_at,CACNB1,782,CACNB1,782
207776_s_at,CACNB2,783,CACNB2,783
213714_at,CACNB2,783,CACNB2,783
215365_at,CACNB2,783,CACNB2,783
209530_at,CACNB3,784,CACNB3,784
34726_at,CACNB3,784,CACNB3,784
207693_at,CACNB4,785,CACNB4,785
206612_at,CACNG1,786,CACNG1,786
214495_at,CACNG2,10369,CACNG2,10369
206384_at,CACNG3,10368,CACNG3,10368
221585_at,CACNG4,27092,CACNG4,27092
62987_r_at,CACNG4,27092,CACNG4,27092
221401_at,CACNG5,27091,CACNG5,27091
213815_x_at,CACTIN,58509,CACTIN,58509
214892_x_at,CACTIN,58509,CACTIN,58509
215954_s_at,CACTIN,58509,CACTIN,58509
201381_x_at,CACYBP,27101,CACYBP,27101
201382_at,CACYBP,27101,CACYBP,27101
210691_s_at,CACYBP,27101,CACYBP,27101
211761_s_at,CACYBP,27101,CACYBP,27101
202715_at,CAD,790,CAD,790
209030_s_at,CADM1,23705,CADM1,23705
209031_at,CADM1,23705,CADM1,23705
209032_s_at,CADM1,23705,CADM1,23705
211677_x_at,CADM3,57863,CADM3,57863
213948_x_at,CADM3,57863,CADM3,57863
216535_at,CADM3,57863,CADM3,57863
221921_s_at,CADM3,57863,CADM3,57863
217442_at,CADM3-AS1,100131825,CADM3-AS1,100131825
214267_s_at,CADM4,199731,CADM4,199731
215258_at,CADM4,199731,CADM4,199731
215259_s_at,CADM4,199731,CADM4,199731
222293_at,CADM4,199731,CADM4,199731
204814_at,CADPS,8618,CADPS,8618
219572_at,CADPS2,93664,CADPS2,93664
205625_s_at,CALB1,793,CALB1,793
205626_s_at,CALB1,793,CALB1,793
205428_s_at,CALB2,794,CALB2,794
210727_at,CALCA,796,CALCA,796
210728_s_at,CALCA,796,CALCA,796
217495_x_at,CALCA,796,CALCA,796
217561_at,CALCA,796,CALCA,796
214636_at,CALCB,797,CALCB,797
209002_s_at,CALCOCO1,57658,CALCOCO1,57658
210817_s_at,CALCOCO2,10241,CALCOCO2,10241
207886_s_at,CALCR,799,CALCR,799
207887_s_at,CALCR,799,CALCR,799
206331_at,CALCRL,10203,CALCRL,10203
210815_s_at,CALCRL,10203,CALCRL,10203
201615_x_at,CALD1,800,CALD1,800
201616_s_at,CALD1,800,CALD1,800
201617_x_at,CALD1,800,CALD1,800
205525_at,CALD1,800,CALD1,800
212077_at,CALD1,800,CALD1,800
214880_x_at,CALD1,800,CALD1,800
215198_s_at,CALD1,800,CALD1,800
215199_at,CALD1,800,CALD1,800
221565_s_at,CALHM2,51063,CALHM2,51063
57715_at,CALHM2,51063,CALHM2,51063
213710_s_at,CALM1,801,CALM1,801
200622_x_at,CALM3///CALM2///CALM1,808///805///801,CALM3///CALM2///CALM1,808///805///801
200623_s_at,CALM3///CALM2///CALM1,808///805///801,CALM3///CALM2///CALM1,808///805///801
200653_s_at,CALM3///CALM2///CALM1,808///805///801,CALM3///CALM2///CALM1,808///805///801
200655_s_at,CALM3///CALM2///CALM1,808///805///801,CALM3///CALM2///CALM1,808///805///801
207243_s_at,CALM3///CALM2///CALM1,808///805///801,CALM3///CALM2///CALM1,808///805///801
209563_x_at,CALM3///CALM2///CALM1,808///805///801,CALM3///CALM2///CALM1,808///805///801
211984_at,CALM3///CALM2///CALM1,808///805///801,CALM3///CALM2///CALM1,808///805///801
211985_s_at,CALM3///CALM2///CALM1,808///805///801,CALM3///CALM2///CALM1,808///805///801
213688_at,CALM3///CALM2///CALM1,808///805///801,CALM3///CALM2///CALM1,808///805///801
210019_at,CALML3,810,CALML3,810
210020_x_at,CALML3,810,CALML3,810
221879_at,CALML4,91860,CALML4,91860
64408_s_at,CALML4,91860,CALML4,91860
220414_at,CALML5,51806,CALML5,51806
200935_at,CALR,811,CALR,811
212953_x_at,CALR,811,CALR,811
214315_x_at,CALR,811,CALR,811
200755_s_at,CALU,813,CALU,813
200756_x_at,CALU,813,CALU,813
200757_s_at,CALU,813,CALU,813
214845_s_at,CALU,813,CALU,813
219896_at,CALY,50632,CALY,50632
204392_at,CAMK1,8536,CAMK1,8536
220246_at,CAMK1D,57118,CAMK1D,57118
215161_at,CAMK1G,57172,CAMK1G,57172
217128_s_at,CAMK1G,57172,CAMK1G,57172
207613_s_at,CAMK2A,815,CAMK2A,815
213108_at,CAMK2A,815,CAMK2A,815
209956_s_at,CAMK2B,816,CAMK2B,816
210404_x_at,CAMK2B,816,CAMK2B,816
211483_x_at,CAMK2B,816,CAMK2B,816
213276_at,CAMK2B,816,CAMK2B,816
34846_at,CAMK2B,816,CAMK2B,816
212669_at,CAMK2G,818,CAMK2G,818
212757_s_at,CAMK2G,818,CAMK2G,818
214322_at,CAMK2G,818,CAMK2G,818
218309_at,CAMK2N1,55450,CAMK2N1,55450
210349_at,CAMK4,814,CAMK4,814
207359_at,CAMKK2,10645,CAMKK2,10645
210787_s_at,CAMKK2,10645,CAMKK2,10645
212252_at,CAMKK2,10645,CAMKK2,10645
213812_s_at,CAMKK2,10645,CAMKK2,10645
219617_at,CAMKMT,79823,CAMKMT,79823
219365_s_at,CAMKV,79012,CAMKV,79012
203538_at,CAMLG,819,CAMLG,819
210244_at,CAMP,820,CAMP,820
212710_at,CAMSAP1,157922,CAMSAP1,157922
212711_at,CAMSAP1,157922,CAMSAP1,157922
212712_at,CAMSAP1,157922,CAMSAP1,157922
220409_at,CAMSAP1,157922,CAMSAP1,157922
220410_s_at,CAMSAP1,157922,CAMSAP1,157922
212763_at,CAMSAP2,23271,CAMSAP2,23271
212765_at,CAMSAP2,23271,CAMSAP2,23271
217196_s_at,CAMSAP2,23271,CAMSAP2,23271
213268_at,CAMTA1,23261,CAMTA1,23261
212948_at,CAMTA2,23125,CAMTA2,23125
207483_s_at,CAND1,55832,CAND1,55832
208838_at,CAND1,55832,CAND1,55832
208839_s_at,CAND1,55832,CAND1,55832
209491_s_at,CAND1.11///AMPD3,100130460///272,CAND1.11///AMPD3,100130460///272
213547_at,CAND2,23066,CAND2,23066
221732_at,CANT1,124583,CANT1,124583
46323_at,CANT1,124583,CANT1,124583
200068_s_at,CANX,821,CANX,821
208852_s_at,CANX,821,CANX,821
208853_s_at,CANX,821,CANX,821
200625_s_at,CAP1,10487,CAP1,10487
213798_s_at,CAP1,10487,CAP1,10487
212551_at,CAP2,10486,CAP2,10486
212554_at,CAP2,10486,CAP2,10486
201850_at,CAPG,822,CAPG,822
200752_s_at,CAPN1,823,CAPN1,823
219333_s_at,CAPN10,11132,CAPN10,11132
221040_at,CAPN10,11132,CAPN10,11132
207962_at,CAPN11,11131,CAPN11,11131
204275_at,CAPN15,6650,CAPN15,6650
208683_at,CAPN2,824,CAPN2,824
214888_at,CAPN2,824,CAPN2,824
210944_s_at,CAPN3,825,CAPN3,825
211890_x_at,CAPN3,825,CAPN3,825
214475_x_at,CAPN3,825,CAPN3,825
205166_at,CAPN5,726,CAPN5,726
202965_s_at,CAPN6,827,CAPN6,827
202966_at,CAPN6,827,CAPN6,827
217387_at,CAPN6,827,CAPN6,827
203356_at,CAPN7,23473,CAPN7,23473
203357_s_at,CAPN7,23473,CAPN7,23473
208063_s_at,CAPN9,10753,CAPN9,10753
210641_at,CAPN9,10753,CAPN9,10753
200001_at,CAPNS1,826,CAPNS1,826
200722_s_at,CAPRIN1,4076,CAPRIN1,4076
200723_s_at,CAPRIN1,4076,CAPRIN1,4076
218456_at,CAPRIN2,65981,CAPRIN2,65981
208374_s_at,CAPZA1,829,CAPZA1,829
201237_at,CAPZA2,830,CAPZA2,830
201238_s_at,CAPZA2,830,CAPZA2,830
201949_x_at,CAPZB,832,CAPZB,832
201950_x_at,CAPZB,832,CAPZB,832
215097_at,CAPZB,832,CAPZB,832
37012_at,CAPZB,832,CAPZB,832
210025_s_at,CARD10,29775,CARD10,29775
210026_s_at,CARD10,29775,CARD10,29775
214207_s_at,CARD10,29775,CARD10,29775
220598_at,CARD14,79092,CARD14,79092
220599_s_at,CARD14,79092,CARD14,79092
204950_at,CARD8,22900,CARD8,22900
219834_at,CARF,79800,CARF,79800
218384_at,CARHSP1,23589,CARHSP1,23589
212512_s_at,CARM1,10498,CARM1,10498
219573_at,CARMIL1,55604,CARMIL1,55604
202402_s_at,CARS,833,CARS,833
212971_at,CARS,833,CARS,833
218153_at,CARS2,79587,CARS2,79587
206339_at,CARTPT,9607,CARTPT,9607
220168_at,CASC1,55259,CASC1,55259
213310_at,CASC7///AGO2,286109///27161,CASC7///AGO2,286109///27161
219342_at,CASD1,64921,CASD1,64921
207620_s_at,CASK,8573,CASK,8573
211208_s_at,CASK,8573,CASK,8573
221846_s_at,CASKIN2,57513,CASKIN2,57513
61297_at,CASKIN2,57513,CASKIN2,57513
206011_at,CASP1,834,CASP1,834
209970_x_at,CASP1,834,CASP1,834
211366_x_at,CASP1,834,CASP1,834
211367_s_at,CASP1,834,CASP1,834
211368_s_at,CASP1,834,CASP1,834
205467_at,CASP10,843,CASP10,843
210708_x_at,CASP10,843,CASP10,843
210955_at,CASP10,843,CASP10,843
211888_x_at,CASP10,843,CASP10,843
208050_s_at,CASP2,835,CASP2,835
209811_at,CASP2,835,CASP2,835
209812_x_at,CASP2,835,CASP2,835
211140_s_at,CASP2,835,CASP2,835
34449_at,CASP2,835,CASP2,835
202763_at,CASP3,836,CASP3,836
209310_s_at,CASP4,837,CASP4,837
213596_at,CASP4,837,CASP4,837
207500_at,CASP5,838,CASP5,838
209790_s_at,CASP6,839,CASP6,839
211464_x_at,CASP6,839,CASP6,839
207181_s_at,CASP7,840,CASP7,840
207686_s_at,CASP8,841,CASP8,841
213373_s_at,CASP8,841,CASP8,841
222201_s_at,CASP8AP2,9994,CASP8AP2,9994
203984_s_at,CASP9,842,CASP9,842
210775_x_at,CASP9,842,CASP9,842
219645_at,CASQ1,844,CASQ1,844
207317_s_at,CASQ2,845,CASQ2,845
210577_at,CASR,846,CASR,846
211384_s_at,CASR,846,CASR,846
220888_s_at,CASS4,57091,CASS4,57091
207467_x_at,CAST,831,CAST,831
208908_s_at,CAST,831,CAST,831
212580_at,CAST,831,CAST,831
212586_at,CAST,831,CAST,831
220015_at,CASZ1,54897,CASZ1,54897
201432_at,CAT,847,CAT,847
211922_s_at,CAT,847,CAT,847
215573_at,CAT,847,CAT,847
211601_at,CATR1,856,CATR1,856
220293_at,CATSPERB,79820,CATSPERB,79820
221316_at,CATSPERG,57828,CATSPERG,57828
203065_s_at,CAV1,857,CAV1,857
212097_at,CAV1,857,CAV1,857
203323_at,CAV2,858,CAV2,858
203324_s_at,CAV2,858,CAV2,858
213426_s_at,CAV2,858,CAV2,858
208204_s_at,CAV3,859,CAV3,859
215325_x_at,CBARP,255057,CBARP,255057
207625_s_at,CBFA2T2,9139,CBFA2T2,9139
209144_s_at,CBFA2T2,9139,CBFA2T2,9139
209145_s_at,CBFA2T2,9139,CBFA2T2,9139
208056_s_at,CBFA2T3,863,CBFA2T3,863
202370_s_at,CBFB,865,CBFB,865
206788_s_at,CBFB,865,CBFB,865
206607_at,CBL,867,CBL,867
208348_s_at,CBLB,868,CBLB,868
209682_at,CBLB,868,CBLB,868
220638_s_at,CBLC,23624,CBLC,23624
220018_at,CBLL1,79872,CBLL1,79872
205747_at,CBLN1,869,CBLN1,869
209213_at,CBR1,873,CBR1,873
205379_at,CBR3,874,CBR3,874
213626_at,CBR4,84869,CBR4,84869
212816_s_at,CBS,875,CBS,875
220175_s_at,CBWD7///CBWD6///CBWD3///CBWD5///CBWD2///CBWD1,728013///644019///445571///220869///150472///55871,CBWD7///CBWD6///CBWD3///CBWD5///CBWD2///CBWD1,728013///644019///445571///220869///150472///55871
201518_at,CBX1,10951,CBX1,10951
215989_at,CBX2,84733,CBX2,84733
200037_s_at,CBX3,11335,CBX3,11335
201091_s_at,CBX3,11335,CBX3,11335
206724_at,CBX4,8535,CBX4,8535
209715_at,CBX5,23468,CBX5,23468
212126_at,CBX5,23468,CBX5,23468
202047_s_at,CBX6,23466,CBX6,23466
202048_s_at,CBX6,23466,CBX6,23466
212914_at,CBX7,23492,CBX7,23492
219755_at,CBX8,57332,CBX8,57332
203450_at,CBY1,25776,CBY1,25776
207083_s_at,CC2D1A,54862,CC2D1A,54862
221888_at,CC2D1A,54862,CC2D1A,54862
222137_at,CC2D1A,54862,CC2D1A,54862
58994_at,CC2D1A,54862,CC2D1A,54862
221070_s_at,CCAR2,57805,CCAR2,57805
220301_at,CCDC102B,79839,CCDC102B,79839
207006_s_at,CCDC106,29903,CCDC106,29903
220321_s_at,CCDC121,79635,CCDC121,79635
208094_s_at,CCDC130,81576,CCDC130,81576
220077_at,CCDC134,79879,CCDC134,79879
216045_at,CCDC144A,9720,CCDC144A,9720
220466_at,CCDC15,80071,CCDC15,80071
220129_at,CCDC169-SOHLH2///SOHLH2,100526761///54937,CCDC169-SOHLH2///SOHLH2,100526761///54937
220581_at,CCDC170,80129,CCDC170,80129
220887_at,CCDC177,56936,CCDC177,56936
206721_at,CCDC181,57821,CCDC181,57821
219844_at,CCDC186,55088,CCDC186,55088
206016_at,CCDC22,28952,CCDC22,28952
214037_s_at,CCDC22,28952,CCDC22,28952
218125_s_at,CCDC25,55246,CCDC25,55246
209479_at,CCDC28A,25901,CCDC28A,25901
219585_at,CCDC28B,79140,CCDC28B,79140
221912_s_at,CCDC28B,79140,CCDC28B,79140
221171_at,CCDC30,728621,CCDC30,728621
220908_at,CCDC33,80125,CCDC33,80125
220592_at,CCDC40,55036,CCDC40,55036
220593_s_at,CCDC40,55036,CCDC40,55036
217814_at,CCDC47,57003,CCDC47,57003
218722_s_at,CCDC51,79714,CCDC51,79714
218628_at,CCDC53,51019,CCDC53,51019
214818_at,CCDC57,284001,CCDC57,284001
218936_s_at,CCDC59,29080,CCDC59,29080
204716_at,CCDC6,8030,CCDC6,8030
220180_at,CCDC68,80323,CCDC68,80323
212886_at,CCDC69,26112,CCDC69,26112
220749_at,CCDC7,79741,CCDC7,79741
221167_s_at,CCDC70,83446,CCDC70,83446
219893_at,CCDC71,64925,CCDC71,64925
220389_at,CCDC81,60494,CCDC81,60494
220693_at,CCDC82,79780,CCDC82,79780
204609_at,CCDC85B,11007,CCDC85B,11007
204610_s_at,CCDC85B,11007,CCDC85B,11007
213250_at,CCDC85B,11007,CCDC85B,11007
219018_s_at,CCDC85C,317762,CCDC85C,317762
203119_at,CCDC86,79080,CCDC86,79080
219887_at,CCDC87,55231,CCDC87,55231
219387_at,CCDC88A,55704,CCDC88A,55704
221078_s_at,CCDC88A,55704,CCDC88A,55704
215343_at,CCDC88C,440193,CCDC88C,440193
206257_at,CCDC9,26093,CCDC9,26093
218288_s_at,CCDC90B,60492,CCDC90B,60492
218545_at,CCDC91,55297,CCDC91,55297
218175_at,CCDC92,80212,CCDC92,80212
209688_s_at,CCDC93,54520,CCDC93,54520
209689_at,CCDC93,54520,CCDC93,54520
219774_at,CCDC93,54520,CCDC93,54520
204335_at,CCDC94,55702,CCDC94,55702
209698_at,CCHCR1,54535,CCHCR1,54535
37424_at,CCHCR1,54535,CCHCR1,54535
37425_g_at,CCHCR1,54535,CCHCR1,54535
42361_g_at,CCHCR1,54535,CCHCR1,54535
210642_at,CCIN,881,CCIN,881
205827_at,CCK,885,CCK,885
211173_at,CCKAR,886,CCKAR,886
211174_s_at,CCKAR,886,CCKAR,886
210381_s_at,CCKBR,887,CCKBR,887
207533_at,CCL1,6346,CCL1,6346
210133_at,CCL11,6356,CCL11,6356
206407_s_at,CCL13,6357,CCL13,6357
216714_at,CCL13,6357,CCL13,6357
205392_s_at,CCL15-CCL14///CCL14,348249///6358,CCL15-CCL14///CCL14,348249///6358
210390_s_at,CCL15-CCL14///CCL15,348249///6359,CCL15-CCL14///CCL15,348249///6359
207354_at,CCL16,6360,CCL16,6360
207900_at,CCL17,6361,CCL17,6361
209924_at,CCL18,6362,CCL18,6362
32128_at,CCL18,6362,CCL18,6362
210072_at,CCL19,6363,CCL19,6363
216598_s_at,CCL2,6347,CCL2,6347
205476_at,CCL20,6364,CCL20,6364
204606_at,CCL21,6366,CCL21,6366
207861_at,CCL22,6367,CCL22,6367
210548_at,CCL23,6368,CCL23,6368
210549_s_at,CCL23,6368,CCL23,6368
221463_at,CCL24,6369,CCL24,6369
206988_at,CCL25,6370,CCL25,6370
207955_at,CCL27,10850,CCL27,10850
205114_s_at,CCL3L3///CCL3L1///CCL3,414062///6349///6348,CCL3L3///CCL3L1///CCL3,414062///6349///6348
204103_at,CCL4,6351,CCL4,6351
1405_i_at,CCL5,6352,CCL5,6352
204655_at,CCL5,6352,CCL5,6352
208075_s_at,CCL7,6354,CCL7,6354
214038_at,CCL8,6355,CCL8,6355
205899_at,CCNA1,8900,CCNA1,8900
203418_at,CCNA2,890,CCNA2,890
213226_at,CCNA2,890,CCNA2,890
214710_s_at,CCNB1,891,CCNB1,891
217988_at,CCNB1IP1,57820,CCNB1IP1,57820
202705_at,CCNB2,9133,CCNB2,9133
201955_at,CCNC,892,CCNC,892
208711_s_at,CCND1,595,CCND1,595
208712_at,CCND1,595,CCND1,595
200951_s_at,CCND2,894,CCND2,894
200952_s_at,CCND2,894,CCND2,894
200953_s_at,CCND2,894,CCND2,894
201700_at,CCND3,896,CCND3,896
213523_at,CCNE1,898,CCNE1,898
205034_at,CCNE2,9134,CCNE2,9134
211814_s_at,CCNE2,9134,CCNE2,9134
204826_at,CCNF,899,CCNF,899
204827_s_at,CCNF,899,CCNF,899
208796_s_at,CCNG1,900,CCNG1,900
202769_at,CCNG2,901,CCNG2,901
202770_s_at,CCNG2,901,CCNG2,901
211559_s_at,CCNG2,901,CCNG2,901
204093_at,CCNH,902,CCNH,902
208655_at,CCNI,10983,CCNI,10983
208656_s_at,CCNI,10983,CCNI,10983
219470_x_at,CCNJ,54619,CCNJ,54619
219227_at,CCNJL,79616,CCNJL,79616
219273_at,CCNK,8812,CCNK,8812
220046_s_at,CCNL1,57018,CCNL1,57018
221427_s_at,CCNL2,81669,CCNL2,81669
210021_s_at,CCNO,10309,CCNO,10309
206967_at,CCNT1,904,CCNT1,904
204645_at,CCNT2,905,CCNT2,905
213743_at,CCNT2,905,CCNT2,905
214638_s_at,CCNT2,905,CCNT2,905
204662_at,CCP110,9738,CCP110,9738
221156_x_at,CCPG1,9236,CCPG1,9236
205098_at,CCR1,1230,CCR1,1230
205099_s_at,CCR1,1230,CCR1,1230
220565_at,CCR10,2826,CCR10,2826
206978_at,CCR2,729230,CCR2,729230
207794_at,CCR2,729230,CCR2,729230
208304_at,CCR3,1232,CCR3,1232
208376_at,CCR4,1233,CCR4,1233
206991_s_at,CCR5,1234,CCR5,1234
206983_at,CCR6,1235,CCR6,1235
206337_at,CCR7,1236,CCR7,1236
208059_at,CCR8,1237,CCR8,1237
207445_s_at,CCR9,10803,CCR9,10803
211434_s_at,CCRL2,9034,CCRL2,9034
203522_at,CCS,9973,CCS,9973
209378_s_at,CCSER2,54462,CCSER2,54462
209379_s_at,CCSER2,54462,CCSER2,54462
201946_s_at,CCT2,10576,CCT2,10576
201947_s_at,CCT2,10576,CCT2,10576
200877_at,CCT4,10575,CCT4,10575
208696_at,CCT5,22948,CCT5,22948
201326_at,CCT6A,908,CCT6A,908
201327_s_at,CCT6A,908,CCT6A,908
206587_at,CCT6B,10693,CCT6B,10693
200812_at,CCT7,10574,CCT7,10574
200873_s_at,CCT8,10694,CCT8,10694
210436_at,CCT8,10694,CCT8,10694
220508_at,CCT8L2,150160,CCT8L2,150160
201974_s_at,CCZ1,51622,CCZ1,51622
215024_at,CCZ1B,221960,CCZ1B,221960
201973_s_at,CCZ1B///CCZ1,221960///51622,CCZ1B///CCZ1,221960///51622
208310_s_at,CCZ1B///CCZ1,221960///51622,CCZ1B///CCZ1,221960///51622
207167_at,CD101,9398,CD101,9398
201743_at,CD14,929,CD14,929
204306_s_at,CD151,977,CD151,977
207840_at,CD160,11126,CD160,11126
203645_s_at,CD163,9332,CD163,9332
215049_x_at,CD163,9332,CD163,9332
216233_at,CD163,9332,CD163,9332
208405_s_at,CD164,8763,CD164,8763
208653_s_at,CD164,8763,CD164,8763
208654_s_at,CD164,8763,CD164,8763
219669_at,CD177,57126,CD177,57126
206206_at,CD180,4064,CD180,4064
206398_s_at,CD19,930,CD19,930
210325_at,CD1A,909,CD1A,909
206749_at,CD1B,910,CD1B,910
205987_at,CD1C,911,CD1C,911
205789_at,CD1D,912,CD1D,912
208592_s_at,CD1E,913,CD1E,913
215784_at,CD1E,913,CD1E,913
205831_at,CD2,914,CD2,914
209582_s_at,CD200,4345,CD200,4345
209583_s_at,CD200,4345,CD200,4345
220428_at,CD207,50489,CD207,50489
207277_at,CD209,30835,CD209,30835
207278_s_at,CD209,30835,CD209,30835
204581_at,CD22,933,CD22,933
217422_s_at,CD22,933,CD22,933
220674_at,CD22,933,CD22,933
38521_at,CD22,933,CD22,933
207315_at,CD226,10666,CD226,10666
208650_s_at,CD24,100133941,CD24,100133941
208651_x_at,CD24,100133941,CD24,100133941
209771_x_at,CD24,100133941,CD24,100133941
209772_s_at,CD24,100133941,CD24,100133941
216379_x_at,CD24,100133941,CD24,100133941
266_s_at,CD24,100133941,CD24,100133941
220307_at,CD244,51744,CD244,51744
210031_at,CD247,919,CD247,919
219025_at,CD248,57124,CD248,57124
206150_at,CD27,939,CD27,939
206545_at,CD28,940,CD28,940
211856_x_at,CD28,940,CD28,940
211861_x_at,CD28,940,CD28,940
203593_at,CD2AP,23607,CD2AP,23607
202256_at,CD2BP2,10421,CD2BP2,10421
202257_s_at,CD2BP2,10421,CD2BP2,10421
209933_s_at,CD300A,11314,CD300A,11314
217072_at,CD300A,11314,CD300A,11314
217078_s_at,CD300A,11314,CD300A,11314
207270_x_at,CD300C,10871,CD300C,10871
218529_at,CD320,51293,CD320,51293
206120_at,CD33,945,CD33,945
209543_s_at,CD34,947,CD34,947
206488_s_at,CD36,948,CD36,948
209554_at,CD36,948,CD36,948
209555_s_at,CD36,948,CD36,948
204192_at,CD37,951,CD37,951
205692_s_at,CD38,952,CD38,952
213539_at,CD3D,915,CD3D,915
205456_at,CD3E,916,CD3E,916
205264_at,CD3EAP,10849,CD3EAP,10849
206804_at,CD3G,917,CD3G,917
203547_at,CD4,920,CD4,920
216424_at,CD4,920,CD4,920
205153_s_at,CD40,958,CD40,958
215346_at,CD40,958,CD40,958
222292_at,CD40,958,CD40,958
35150_at,CD40,958,CD40,958
207892_at,CD40LG,959,CD40LG,959
204489_s_at,CD44,960,CD44,960
204490_s_at,CD44,960,CD44,960
209835_x_at,CD44,960,CD44,960
210916_s_at,CD44,960,CD44,960
212014_x_at,CD44,960,CD44,960
212063_at,CD44,960,CD44,960
216056_at,CD44,960,CD44,960
217523_at,CD44,960,CD44,960
207549_x_at,CD46,4179,CD46,4179
208783_s_at,CD46,4179,CD46,4179
211574_s_at,CD46,4179,CD46,4179
211075_s_at,CD47,961,CD47,961
213055_at,CD47,961,CD47,961
213856_at,CD47,961,CD47,961
213857_s_at,CD47,961,CD47,961
204118_at,CD48,962,CD48,962
206485_at,CD5,921,CD5,921
204661_at,CD52,1043,CD52,1043
34210_at,CD52,1043,CD52,1043
203416_at,CD53,963,CD53,963
201925_s_at,CD55,1604,CD55,1604
201926_s_at,CD55,1604,CD55,1604
205173_x_at,CD58,965,CD58,965
211744_s_at,CD58,965,CD58,965
216322_at,CD58,965,CD58,965
216942_s_at,CD58,965,CD58,965
222061_at,CD58,965,CD58,965
200983_x_at,CD59,966,CD59,966
200984_s_at,CD59,966,CD59,966
200985_s_at,CD59,966,CD59,966
212463_at,CD59,966,CD59,966
206680_at,CD5L,922,CD5L,922
208602_x_at,CD6,923,CD6,923
211893_x_at,CD6,923,CD6,923
211900_x_at,CD6,923,CD6,923
213958_at,CD6,923,CD6,923
200663_at,CD63,967,CD63,967
209795_at,CD69,969,CD69,969
214049_x_at,CD7,924,CD7,924
214551_s_at,CD7,924,CD7,924
206508_at,CD70,970,CD70,970
215925_s_at,CD72,971,CD72,971
209619_at,CD74,972,CD74,972
205049_s_at,CD79A,973,CD79A,973
205297_s_at,CD79B,974,CD79B,974
207176_s_at,CD80,941,CD80,941
200675_at,CD81,975,CD81,975
203904_x_at,CD82,3732,CD82,3732
204440_at,CD83,9308,CD83,9308
205988_at,CD84,8832,CD84,8832
211188_at,CD84,8832,CD84,8832
211189_x_at,CD84,8832,CD84,8832
211190_x_at,CD84,8832,CD84,8832
211191_at,CD84,8832,CD84,8832
211192_s_at,CD84,8832,CD84,8832
205685_at,CD86,942,CD86,942
205686_s_at,CD86,942,CD86,942
210895_s_at,CD86,942,CD86,942
205758_at,CD8A,925,CD8A,925
201005_at,CD9,928,CD9,928
202877_s_at,CD93,22918,CD93,22918
202878_s_at,CD93,22918,CD93,22918
206761_at,CD96,10225,CD96,10225
201028_s_at,CD99,4267,CD99,4267
201029_s_at,CD99,4267,CD99,4267
205627_at,CDA,978,CDA,978
221015_s_at,CDADC1,81602,CDADC1,81602
201725_at,CDC123,8872,CDC123,8872
205288_at,CDC14A,8556,CDC14A,8556
210440_s_at,CDC14A,8556,CDC14A,8556
210441_at,CDC14A,8556,CDC14A,8556
210742_at,CDC14A,8556,CDC14A,8556
210743_s_at,CDC14A,8556,CDC14A,8556
208022_s_at,CDC14B,8555,CDC14B,8555
211347_at,CDC14B,8555,CDC14B,8555
211348_s_at,CDC14B,8555,CDC14B,8555
221555_x_at,CDC14B,8555,CDC14B,8555
221556_at,CDC14B,8555,CDC14B,8555
202717_s_at,CDC16,8881,CDC16,8881
209658_at,CDC16,8881,CDC16,8881
209659_s_at,CDC16,8881,CDC16,8881
202870_s_at,CDC20,991,CDC20,991
202892_at,CDC23,8697,CDC23,8697
204695_at,CDC25A,993,CDC25A,993
204696_s_at,CDC25A,993,CDC25A,993
201853_s_at,CDC25B,994,CDC25B,994
205167_s_at,CDC25C,995,CDC25C,995
216914_at,CDC25C,995,CDC25C,995
217010_s_at,CDC25C,995,CDC25C,995
217878_s_at,CDC27,996,CDC27,996
217879_at,CDC27,996,CDC27,996
217880_at,CDC27,996,CDC27,996
217881_s_at,CDC27,996,CDC27,996
212540_at,CDC34,997,CDC34,997
209953_s_at,CDC37,11140,CDC37,11140
219343_at,CDC37L1,55664,CDC37L1,55664
203376_at,CDC40,51362,CDC40,51362
203377_s_at,CDC40,51362,CDC40,51362
208727_s_at,CDC42,998,CDC42,998
208728_s_at,CDC42,998,CDC42,998
210232_at,CDC42,998,CDC42,998
214230_at,CDC42,998,CDC42,998
203794_at,CDC42BPA,8476,CDC42BPA,8476
213595_s_at,CDC42BPA,8476,CDC42BPA,8476
214464_at,CDC42BPA,8476,CDC42BPA,8476
215296_at,CDC42BPA,8476,CDC42BPA,8476
217849_s_at,CDC42BPB,9578,CDC42BPB,9578
204693_at,CDC42EP1,11135,CDC42EP1,11135
209850_s_at,CDC42EP2,10435,CDC42EP2,10435
214014_at,CDC42EP2,10435,CDC42EP2,10435
209286_at,CDC42EP3,10602,CDC42EP3,10602
209287_s_at,CDC42EP3,10602,CDC42EP3,10602
209288_s_at,CDC42EP3,10602,CDC42EP3,10602
214721_x_at,CDC42EP4,23580,CDC42EP4,23580
218062_x_at,CDC42EP4,23580,CDC42EP4,23580
218063_s_at,CDC42EP4,23580,CDC42EP4,23580
218157_x_at,CDC42SE1,56882,CDC42SE1,56882
204126_s_at,CDC45,8318,CDC45,8318
209055_s_at,CDC5L,988,CDC5L,988
209056_s_at,CDC5L,988,CDC5L,988
209057_x_at,CDC5L,988,CDC5L,988
222179_at,CDC5L,988,CDC5L,988
203967_at,CDC6,990,CDC6,990
203968_s_at,CDC6,990,CDC6,990
204510_at,CDC7,8317,CDC7,8317
218578_at,CDC73,79577,CDC73,79577
221436_s_at,CDCA3,83461,CDCA3,83461
218399_s_at,CDCA4,55038,CDCA4,55038
221520_s_at,CDCA8,55143,CDCA8,55143
218451_at,CDCP1,64866,CDCP1,64866
201130_s_at,CDH1,999,CDH1,999
201131_s_at,CDH1,999,CDH1,999
220115_s_at,CDH10,1008,CDH10,1008
207172_s_at,CDH11,1009,CDH11,1009
207173_x_at,CDH11,1009,CDH11,1009
207149_at,CDH12,1010,CDH12,1010
204726_at,CDH13,1012,CDH13,1012
206327_s_at,CDH15,1013,CDH15,1013
206328_at,CDH15,1013,CDH15,1013
206517_at,CDH16,1014,CDH16,1014
209847_at,CDH17,1015,CDH17,1015
206280_at,CDH18,1016,CDH18,1016
206898_at,CDH19,28513,CDH19,28513
203440_at,CDH2,1000,CDH2,1000
203441_s_at,CDH2,1000,CDH2,1000
210913_at,CDH20,28316,CDH20,28316
215181_at,CDH22,64405,CDH22,64405
203256_at,CDH3,1001,CDH3,1001
206866_at,CDH4,1002,CDH4,1002
220227_at,CDH4,1002,CDH4,1002
204677_at,CDH5,1003,CDH5,1003
205532_s_at,CDH6,1004,CDH6,1004
205533_s_at,CDH6,1004,CDH6,1004
210601_at,CDH6,1004,CDH6,1004
210602_s_at,CDH6,1004,CDH6,1004
214803_at,CDH6,1004,CDH6,1004
220679_s_at,CDH7,1005,CDH7,1005
210518_at,CDH8,1006,CDH8,1006
217574_at,CDH8,1006,CDH8,1006
207729_at,CDH9,1007,CDH9,1007
213369_at,CDHR1,92211,CDHR1,92211
220186_s_at,CDHR2,54825,CDHR2,54825
219796_s_at,CDHR5,53841,CDHR5,53841
220074_at,CDHR5,53841,CDHR5,53841
220075_s_at,CDHR5,53841,CDHR5,53841
218183_at,CDIP1,29965,CDIP1,29965
201253_s_at,CDIPT,10423,CDIPT,10423
203213_at,CDK1,983,CDK1,983
203214_x_at,CDK1,983,CDK1,983
210559_s_at,CDK1,983,CDK1,983
203468_at,CDK10,8558,CDK10,8558
203469_s_at,CDK10,8558,CDK10,8558
210622_x_at,CDK10,8558,CDK10,8558
207428_x_at,CDK11A///CDK11B,728642///984,CDK11A///CDK11B,728642///984
210474_s_at,CDK11A///CDK11B,728642///984,CDK11A///CDK11B,728642///984
211289_x_at,CDK11A///CDK11B,728642///984,CDK11A///CDK11B,728642///984
212401_s_at,CDK11A///CDK11B,728642///984,CDK11A///CDK11B,728642///984
215329_s_at,CDK11A///CDK11B,728642///984,CDK11A///CDK11B,728642///984
213557_at,CDK12,51755,CDK12,51755
219226_at,CDK12,51755,CDK12,51755
207318_s_at,CDK13,8621,CDK13,8621
207319_s_at,CDK13,8621,CDK13,8621
210965_x_at,CDK13,8621,CDK13,8621
213987_s_at,CDK13,8621,CDK13,8621
214287_s_at,CDK13,8621,CDK13,8621
204604_at,CDK14,5218,CDK14,5218
211502_s_at,CDK14,5218,CDK14,5218
207239_s_at,CDK16,5127,CDK16,5127
208823_s_at,CDK16,5127,CDK16,5127
208824_x_at,CDK16,5127,CDK16,5127
206474_at,CDK17,5128,CDK17,5128
221918_at,CDK17,5128,CDK17,5128
214797_s_at,CDK18,5129,CDK18,5129
211706_s_at,CDK19,23097,CDK19,23097
212897_at,CDK19,23097,CDK19,23097
212899_at,CDK19,23097,CDK19,23097
204252_at,CDK2,1017,CDK2,1017
211803_at,CDK2,1017,CDK2,1017
211804_s_at,CDK2,1017,CDK2,1017
205271_s_at,CDK20,23552,CDK20,23552
201938_at,CDK2AP1,8099,CDK2AP1,8099
203252_at,CDK2AP2,10263,CDK2AP2,10263
202246_s_at,CDK4,1019,CDK4,1019
204247_s_at,CDK5,1020,CDK5,1020
204995_at,CDK5R1,8851,CDK5R1,8851
204996_s_at,CDK5R1,8851,CDK5R1,8851
205852_at,CDK5R2,8941,CDK5R2,8941
218315_s_at,CDK5RAP1,51654,CDK5RAP1,51654
220935_s_at,CDK5RAP2,55755,CDK5RAP2,55755
218740_s_at,CDK5RAP3,80279,CDK5RAP3,80279
207143_at,CDK6,1021,CDK6,1021
211297_s_at,CDK7,1022,CDK7,1022
204831_at,CDK8,1024,CDK8,1024
203198_at,CDK9,1025,CDK9,1025
214877_at,CDKAL1,54901,CDKAL1,54901
220039_s_at,CDKAL1,54901,CDKAL1,54901
207766_at,CDKL1,8814,CDKL1,8814
207073_at,CDKL2,8999,CDKL2,8999
219831_at,CDKL3,51265,CDKL3,51265
206575_at,CDKL5,6792,CDKL5,6792
216923_at,CDKL5,6792,CDKL5,6792
202284_s_at,CDKN1A,1026,CDKN1A,1026
209112_at,CDKN1B,1027,CDKN1B,1027
213182_x_at,CDKN1C,1028,CDKN1C,1028
213348_at,CDKN1C,1028,CDKN1C,1028
216894_x_at,CDKN1C,1028,CDKN1C,1028
219533_at,CDKN1C,1028,CDKN1C,1028
219534_x_at,CDKN1C,1028,CDKN1C,1028
207039_at,CDKN2A,1029,CDKN2A,1029
209644_x_at,CDKN2A,1029,CDKN2A,1029
211156_at,CDKN2A,1029,CDKN2A,1029
220505_at,CDKN2A-AS1,51198,CDKN2A-AS1,51198
218929_at,CDKN2AIP,55602,CDKN2AIP,55602
207530_s_at,CDKN2B,1030,CDKN2B,1030
204159_at,CDKN2C,1031,CDKN2C,1031
211792_s_at,CDKN2C,1031,CDKN2C,1031
210240_s_at,CDKN2D,1032,CDKN2D,1032
213586_at,CDKN2D,1032,CDKN2D,1032
209714_s_at,CDKN3,1033,CDKN3,1033
204154_at,CDO1,1036,CDO1,1036
207230_at,CDON,50937,CDON,50937
207276_at,CDR1,1038,CDR1,1038
213230_at,CDR2L,30850,CDR2L,30850
208279_s_at,CDRT1,374286,CDRT1,374286
208280_at,CDRT1,374286,CDRT1,374286
215999_at,CDRT1,374286,CDRT1,374286
216003_at,CDRT1,374286,CDRT1,374286
205709_s_at,CDS1,1040,CDS1,1040
222063_s_at,CDS1,1040,CDS1,1040
212862_at,CDS2,8760,CDS2,8760
212864_at,CDS2,8760,CDS2,8760
206192_at,CDSN,1041,CDSN,1041
206193_s_at,CDSN,1041,CDSN,1041
209832_s_at,CDT1,81620,CDT1,81620
212010_s_at,CDV3,55573,CDV3,55573
213548_s_at,CDV3,55573,CDV3,55573
213554_s_at,CDV3,55573,CDV3,55573
206430_at,CDX1,1044,CDX1,1044
206387_at,CDX2,1045,CDX2,1045
221340_at,CDX4,1046,CDX4,1046
207647_at,CDY1,9085,CDY1,9085
207646_s_at,CDY1B///CDY2B///CDY2A///CDY1,253175///203611///9426///9085,CDY1B///CDY2B///CDY2A///CDY1,253175///203611///9426///9085
203098_at,CDYL,9425,CDYL,9425
203099_s_at,CDYL,9425,CDYL,9425
203100_s_at,CDYL,9425,CDYL,9425
206576_s_at,CEACAM1,634,CEACAM1,634
209498_at,CEACAM1,634,CEACAM1,634
210610_at,CEACAM1,634,CEACAM1,634
211883_x_at,CEACAM1,634,CEACAM1,634
211889_x_at,CEACAM1,634,CEACAM1,634
214907_at,CEACAM21,90273,CEACAM21,90273
216605_s_at,CEACAM21,90273,CEACAM21,90273
208052_x_at,CEACAM3,1084,CEACAM3,1084
210789_x_at,CEACAM3,1084,CEACAM3,1084
217209_at,CEACAM3,1084,CEACAM3,1084
207205_at,CEACAM4,1089,CEACAM4,1089
201884_at,CEACAM5,1048,CEACAM5,1048
217291_at,CEACAM5,1048,CEACAM5,1048
203757_s_at,CEACAM6,4680,CEACAM6,4680
211657_at,CEACAM6,4680,CEACAM6,4680
206198_s_at,CEACAM7,1087,CEACAM7,1087
206199_at,CEACAM7,1087,CEACAM7,1087
211848_s_at,CEACAM7,1087,CEACAM7,1087
206676_at,CEACAM8,1088,CEACAM8,1088
204039_at,CEBPA,1050,CEBPA,1050
220465_at,CEBPA-AS1,80054,CEBPA-AS1,80054
212501_at,CEBPB,1051,CEBPB,1051
203973_s_at,CEBPD,1052,CEBPD,1052
213006_at,CEBPD,1052,CEBPD,1052
214523_at,CEBPE,1053,CEBPE,1053
204203_at,CEBPG,1054,CEBPG,1054
203341_at,CEBPZ,10153,CEBPZ,10153
219505_at,CECR1,51816,CECR1,51816
218592_s_at,CECR5,27440,CECR5,27440
205910_s_at,CEL,1056,CEL,1056
206446_s_at,CELA2A///CELA2B,63036///51032,CELA2A///CELA2B,63036///51032
206447_at,CELA2A///CELA2B,63036///51032,CELA2A///CELA2B,63036///51032
207077_at,CELA2B,51032,CELA2B,51032
210080_x_at,CELA3A,10136,CELA3A,10136
211738_x_at,CELA3A,10136,CELA3A,10136
206151_x_at,CELA3B,23436,CELA3B,23436
204113_at,CELF1,10658,CELF1,10658
209489_at,CELF1,10658,CELF1,10658
221742_at,CELF1,10658,CELF1,10658
221743_at,CELF1,10658,CELF1,10658
202156_s_at,CELF2,10659,CELF2,10659
202157_s_at,CELF2,10659,CELF2,10659
202158_s_at,CELF2,10659,CELF2,10659
206817_x_at,CELF3,11189,CELF3,11189
215045_at,CELF3,11189,CELF3,11189
207412_x_at,CELP,1057,CELP,1057
204539_s_at,CELSR1,9620,CELSR1,9620
217262_s_at,CELSR1,9620,CELSR1,9620
41660_at,CELSR1,9620,CELSR1,9620
204029_at,CELSR2,1952,CELSR2,1952
36499_at,CELSR2,1952,CELSR2,1952
205165_at,CELSR3,1951,CELSR3,1951
40020_at,CELSR3,1951,CELSR3,1951
216116_at,CELSR3-AS1,102724368,CELSR3-AS1,102724368
212942_s_at,CEMIP,57214,CEMIP,57214
222009_at,CEMP1,752014,CEMP1,752014
219082_at,CEMP1///AMDHD2,752014///51005,CEMP1///AMDHD2,752014///51005
219591_at,CEND1,51286,CEND1,51286
210821_x_at,CENPA,1058,CENPA,1058
212437_at,CENPB,1059,CENPB,1059
218624_s_at,CENPBD1P1,65996,CENPBD1P1,65996
204739_at,CENPC,1060,CENPC,1060
205046_at,CENPE,1062,CENPE,1062
207331_at,CENPF,1063,CENPF,1063
207828_s_at,CENPF,1063,CENPF,1063
209172_s_at,CENPF,1063,CENPF,1063
207590_s_at,CENPI,2491,CENPI,2491
214804_at,CENPI,2491,CENPI,2491
220885_s_at,CENPJ,55835,CENPJ,55835
218741_at,CENPM,79019,CENPM,79019
219555_s_at,CENPN,55839,CENPN,55839
222118_at,CENPN,55839,CENPN,55839
219472_at,CENPO,79172,CENPO,79172
219294_at,CENPQ,55166,CENPQ,55166
218148_at,CENPT,80152,CENPT,80152
218883_s_at,CENPU,79682,CENPU,79682
204074_s_at,CEP104,9731,CEP104,9731
204075_s_at,CEP104,9731,CEP104,9731
213644_at,CEP112,201134,CEP112,201134
214742_at,CEP131,22994,CEP131,22994
206003_at,CEP135,9662,CEP135,9662
207286_at,CEP135,9662,CEP135,9662
215170_s_at,CEP152,22995,CEP152,22995
215882_at,CEP152,22995,CEP152,22995
206005_s_at,CEP162,22832,CEP162,22832
206006_s_at,CEP162,22832,CEP162,22832
204250_s_at,CEP164,22897,CEP164,22897
204251_s_at,CEP164,22897,CEP164,22897
213242_x_at,CEP170B,283638,CEP170B,283638
207719_x_at,CEP170P1///CEP170,645455///9859,CEP170P1///CEP170,645455///9859
212746_s_at,CEP170P1///CEP170,645455///9859,CEP170P1///CEP170,645455///9859
218827_s_at,CEP192,55125,CEP192,55125
209495_at,CEP250,11190,CEP250,11190
210894_s_at,CEP250,11190,CEP250,11190
205250_s_at,CEP290,80184,CEP290,80184
221683_s_at,CEP290,80184,CEP290,80184
215018_at,CEP295,85459,CEP295,85459
204373_s_at,CEP350,9857,CEP350,9857
213165_at,CEP350,9857,CEP350,9857
213956_at,CEP350,9857,CEP350,9857
213957_s_at,CEP350,9857,CEP350,9857
215637_at,CEP41,95681,CEP41,95681
218542_at,CEP55,55165,CEP55,55165
203491_s_at,CEP57,9702,CEP57,9702
203492_x_at,CEP57,9702,CEP57,9702
203493_s_at,CEP57,9702,CEP57,9702
203494_s_at,CEP57,9702,CEP57,9702
209862_s_at,CEP57,9702,CEP57,9702
219242_at,CEP63,80254,CEP63,80254
222151_s_at,CEP63,80254,CEP63,80254
207971_s_at,CEP68,23177,CEP68,23177
212675_s_at,CEP68,23177,CEP68,23177
212677_s_at,CEP68,23177,CEP68,23177
219036_at,CEP70,80321,CEP70,80321
219531_at,CEP72,55722,CEP72,55722
219311_at,CEP76,79959,CEP76,79959
52285_f_at,CEP76,79959,CEP76,79959
219644_at,CEP83,51134,CEP83,51134
219611_s_at,CEP85,64793,CEP85,64793
219886_at,CEP97,79598,CEP97,79598
219375_at,CEPT1,10390,CEPT1,10390
221378_at,CER1,9350,CER1,9350
218421_at,CERK,64781,CERK,64781
206397_x_at,CERS1///GDF1,10715///2657,CERS1///GDF1,10715///2657
222212_s_at,CERS2,29956,CERS2,29956
218922_s_at,CERS4,79603,CERS4,79603
212442_s_at,CERS6,253782,CERS6,253782
212446_s_at,CERS6,253782,CERS6,253782
206824_at,CES1P1,51716,CES1P1,51716
209667_at,CES2,8824,CES2,8824
209668_x_at,CES2,8824,CES2,8824
213509_x_at,CES2,8824,CES2,8824
220335_x_at,CES3,23491,CES3,23491
207209_at,CETN1,1068,CETN1,1068
209194_at,CETN2,1069,CETN2,1069
209662_at,CETN3,1070,CETN3,1070
206210_s_at,CETP,1071,CETP,1071
217957_at,CFAP20,29105,CFAP20,29105
220919_s_at,CFAP43,80217,CFAP43,80217
221103_s_at,CFAP44,55779,CFAP44,55779
220308_at,CFAP45,25790,CFAP45,25790
220539_at,CFAP46,54777,CFAP46,54777
219455_at,CFAP69,79846,CFAP69,79846
215849_x_at,CFAP70,118491,CFAP70,118491
215788_at,CFAP74,85452,CFAP74,85452
216781_at,CFAP74,85452,CFAP74,85452
216807_at,CFAP74,85452,CFAP74,85452
202357_s_at,CFB,629,CFB,629
211920_at,CFB,629,CFB,629
205382_s_at,CFD,1675,CFD,1675
203166_at,CFDP1,10428,CFDP1,10428
210701_at,CFDP1,10428,CFDP1,10428
213800_at,CFH,3075,CFH,3075
215388_s_at,CFHR1///CFH,3078///3075,CFHR1///CFH,3078///3075
206910_x_at,CFHR2,3080,CFHR2,3080
207874_s_at,CFHR4,10877,CFHR4,10877
208088_s_at,CFHR5,81494,CFHR5,81494
203854_at,CFI,3426,CFI,3426
200021_at,CFL1,1072,CFL1,1072
208485_x_at,CFLAR,8837,CFLAR,8837
209508_x_at,CFLAR,8837,CFLAR,8837
209939_x_at,CFLAR,8837,CFLAR,8837
210563_x_at,CFLAR,8837,CFLAR,8837
210564_x_at,CFLAR,8837,CFLAR,8837
211316_x_at,CFLAR,8837,CFLAR,8837
211317_s_at,CFLAR,8837,CFLAR,8837
211862_x_at,CFLAR,8837,CFLAR,8837
214486_x_at,CFLAR,8837,CFLAR,8837
214618_at,CFLAR,8837,CFLAR,8837
217654_at,CFLAR,8837,CFLAR,8837
206380_s_at,CFP,5199,CFP,5199
205043_at,CFTR,1080,CFTR,1080
215702_s_at,CFTR,1080,CFTR,1080
215703_at,CFTR,1080,CFTR,1080
217026_at,CFTR,1080,CFTR,1080
204637_at,CGA,1081,CGA,1081
205387_s_at,CGB1///CGB8///CGB7///CGB5///CGB3,114335///94115///94027///93659///1082,CGB1///CGB8///CGB7///CGB5///CGB3,114335///94115///94027///93659///1082
214471_x_at,CGB1///LHB,114335///3972,CGB1///LHB,114335///3972
206861_s_at,CGGBP1,8545,CGGBP1,8545
214050_at,CGGBP1,8545,CGGBP1,8545
205937_at,CGREF1,10669,CGREF1,10669
204605_at,CGRRF1,10668,CGRRF1,10668
210956_at,CH17-360D5.1///NPY4R,100996758///5540,CH17-360D5.1///NPY4R,100996758///5540
206932_at,CH25H,9023,CH25H,9023
219270_at,CHAC1,79094,CHAC1,79094
206869_at,CHAD,1101,CHAD,1101
203975_s_at,CHAF1A,10036,CHAF1A,10036
203976_s_at,CHAF1A,10036,CHAF1A,10036
214426_x_at,CHAF1A,10036,CHAF1A,10036
204775_at,CHAF1B,8208,CHAF1B,8208
221197_s_at,CHAT,1103,CHAT,1103
217720_at,CHCHD2,51142,CHCHD2,51142
217972_at,CHCHD3,54927,CHCHD3,54927
218642_s_at,CHCHD7,79145,CHCHD7,79145
204258_at,CHD1,1105,CHD1,1105
207645_s_at,CHD1L,9557,CHD1L,9557
212539_at,CHD1L,9557,CHD1L,9557
203461_at,CHD2,1106,CHD2,1106
208806_at,CHD3,1107,CHD3,1107
208807_s_at,CHD3,1107,CHD3,1107
201182_s_at,CHD4,1108,CHD4,1108
201183_s_at,CHD4,1108,CHD4,1108
201184_s_at,CHD4,1108,CHD4,1108
213965_s_at,CHD5,26038,CHD5,26038
217250_s_at,CHD5,26038,CHD5,26038
218829_s_at,CHD7,55636,CHD7,55636
220619_at,CHD7,55636,CHD7,55636
212571_at,CHD8,57680,CHD8,57680
212615_at,CHD9,80205,CHD9,80205
212616_at,CHD9,80205,CHD9,80205
220586_at,CHD9,80205,CHD9,80205
205393_s_at,CHEK1,1111,CHEK1,1111
205394_at,CHEK1,1111,CHEK1,1111
210416_s_at,CHEK2,11200,CHEK2,11200
202229_s_at,CHERP,10523,CHERP,10523
202230_s_at,CHERP,10523,CHERP,10523
218803_at,CHFR,55743,CHFR,55743
204697_s_at,CHGA,1113,CHGA,1113
204260_at,CHGB,1114,CHGB,1114
209395_at,CHI3L1,1116,CHI3L1,1116
209396_s_at,CHI3L1,1116,CHI3L1,1116
216546_s_at,CHI3L1,1116,CHI3L1,1116
213060_s_at,CHI3L2,1117,CHI3L2,1117
220630_s_at,CHIA,27159,CHIA,27159
219492_at,CHIC2,26511,CHIC2,26511
208168_s_at,CHIT1,1118,CHIT1,1118
204233_s_at,CHKA,1119,CHKA,1119
204266_s_at,CHKA,1119,CHKA,1119
204193_at,CHKB,1120,CHKB,1120
210069_at,CHKB-CPT1B///CPT1B,386593///1375,CHKB-CPT1B///CPT1B,386593///1375
210070_s_at,CHKB-CPT1B///CPT1B,386593///1375,CHKB-CPT1B///CPT1B,386593///1375
204591_at,CHL1,10752,CHL1,10752
207099_s_at,CHM,1121,CHM,1121
206079_at,CHML,1122,CHML,1122
201933_at,CHMP1A,5119,CHMP1A,5119
218177_at,CHMP1B,57132,CHMP1B,57132
218178_s_at,CHMP1B,57132,CHMP1B,57132
202121_s_at,CHMP2A,27243,CHMP2A,27243
202536_at,CHMP2B,25978,CHMP2B,25978
202537_s_at,CHMP2B,25978,CHMP2B,25978
202538_s_at,CHMP2B,25978,CHMP2B,25978
218571_s_at,CHMP4A///TM9SF1,29082///10548,CHMP4A///TM9SF1,29082///10548
218572_at,CHMP4A///TM9SF1,29082///10548,CHMP4A///TM9SF1,29082///10548
218085_at,CHMP5,51510,CHMP5,51510
219356_s_at,CHMP5,51510,CHMP5,51510
218743_at,CHMP6,79643,CHMP6,79643
212313_at,CHMP7,91782,CHMP7,91782
212624_s_at,CHN1,1123,CHN1,1123
207486_x_at,CHN2,1124,CHN2,1124
211419_s_at,CHN2,1124,CHN2,1124
213385_at,CHN2,1124,CHN2,1124
219867_at,CHODL,140578,CHODL,140578
218566_s_at,CHORDC1,26973,CHORDC1,26973
207993_s_at,CHP1,11261,CHP1,11261
214665_s_at,CHP1,11261,CHP1,11261
206149_at,CHP2,63928,CHP2,63928
202175_at,CHPF,79586,CHPF,79586
221799_at,CHPF2,54480,CHPF2,54480
55093_at,CHPF2,54480,CHPF2,54480
221675_s_at,CHPT1,56994,CHPT1,56994
211248_s_at,CHRD,8646,CHRD,8646
221674_s_at,CHRD,8646,CHRD,8646
209763_at,CHRDL1,91851,CHRDL1,91851
221330_at,CHRM2,1129,CHRM2,1129
214596_at,CHRM3,1131,CHRM3,1131
221357_at,CHRM4,1132,CHRM4,1132
221347_at,CHRM5,1133,CHRM5,1133
206633_at,CHRNA1,1134,CHRNA1,1134
211039_at,CHRNA1,1134,CHRNA1,1134
220210_at,CHRNA10,57053,CHRNA10,57053
207868_at,CHRNA2,1135,CHRNA2,1135
210221_at,CHRNA3,1136,CHRNA3,1136
211587_x_at,CHRNA3,1136,CHRNA3,1136
211772_x_at,CHRNA3,1136,CHRNA3,1136
206735_at,CHRNA4,1137,CHRNA4,1137
206736_x_at,CHRNA4,1137,CHRNA4,1137
216886_at,CHRNA4,1137,CHRNA4,1137
216900_s_at,CHRNA4,1137,CHRNA4,1137
206533_at,CHRNA5,1138,CHRNA5,1138
207568_at,CHRNA6,8973,CHRNA6,8973
221107_at,CHRNA9,55584,CHRNA9,55584
206703_at,CHRNB1,1140,CHRNB1,1140
206635_at,CHRNB2,1141,CHRNB2,1141
207859_s_at,CHRNB3,1142,CHRNB3,1142
217086_at,CHRNB3,1142,CHRNB3,1142
207516_at,CHRNB4,1143,CHRNB4,1143
207024_at,CHRND,1144,CHRND,1144
207274_at,CHRNE,1145,CHRNE,1145
215916_at,CHRNE,1145,CHRNE,1145
221355_at,CHRNG,1146,CHRNG,1146
205567_at,CHST1,8534,CHST1,8534
204065_at,CHST10,9486,CHST10,9486
219634_at,CHST11,50515,CHST11,50515
218927_s_at,CHST12,55501,CHST12,55501
203066_at,CHST15,51363,CHST15,51363
203921_at,CHST2,9435,CHST2,9435
208252_s_at,CHST3,9469,CHST3,9469
209834_at,CHST3,9469,CHST3,9469
32094_at,CHST3,9469,CHST3,9469
220446_s_at,CHST4,10164,CHST4,10164
221164_x_at,CHST5,23563,CHST5,23563
206756_at,CHST7,56548,CHST7,56548
221065_s_at,CHST8,64377,CHST8,64377
203044_at,CHSY1,22856,CHSY1,22856
202559_x_at,CHTOP,26097,CHTOP,26097
202560_s_at,CHTOP,26097,CHTOP,26097
209927_s_at,CHTOP,26097,CHTOP,26097
209666_s_at,CHUK,1147,CHUK,1147
1773_at,CHURC1-FNTB///FNTB,100529261///2342,CHURC1-FNTB///FNTB,100529261///2342
204764_at,CHURC1-FNTB///FNTB,100529261///2342,CHURC1-FNTB///FNTB,100529261///2342
203536_s_at,CIAO1,9391,CIAO1,9391
217501_at,CIAO1,9391,CIAO1,9391
208424_s_at,CIAPIN1,57019,CIAPIN1,57019
208968_s_at,CIAPIN1,57019,CIAPIN1,57019
201953_at,CIB1,10519,CIB1,10519
205007_s_at,CIB2,10518,CIB2,10518
205008_s_at,CIB2,10518,CIB2,10518
214065_s_at,CIB2,10518,CIB2,10518
212784_at,CIC,23152,CIC,23152
221295_at,CIDEA,1149,CIDEA,1149
221188_s_at,CIDEB,27141,CIDEB,27141
219398_at,CIDEC,63924,CIDEC,63924
205101_at,CIITA,4261,CIITA,4261
210925_at,CIITA,4261,CIITA,4261
211884_s_at,CIITA,4261,CIITA,4261
206227_at,CILP,8483,CILP,8483
217598_at,CINP,51550,CINP,51550
218267_at,CINP,51550,CINP,51550
209571_at,CIR1,9541,CIR1,9541
200810_s_at,CIRBP,1153,CIRBP,1153
200811_at,CIRBP,1153,CIRBP,1153
218597_s_at,CISD1,55847,CISD1,55847
221223_x_at,CISH,1154,CISH,1154
207144_s_at,CITED1,4435,CITED1,4435
207980_s_at,CITED2,10370,CITED2,10370
209357_at,CITED2,10370,CITED2,10370
205516_x_at,CIZ1,25792,CIZ1,25792
211358_s_at,CIZ1,25792,CIZ1,25792
213976_at,CIZ1,25792,CIZ1,25792
213977_s_at,CIZ1,25792,CIZ1,25792
218252_at,CKAP2,26586,CKAP2,26586
216412_x_at,CKAP2///IGLC1,26586///3537,CKAP2///IGLC1,26586///3537
200998_s_at,CKAP4,10970,CKAP4,10970
200999_s_at,CKAP4,10970,CKAP4,10970
212832_s_at,CKAP5,9793,CKAP5,9793
200884_at,CKB,1152,CKB,1152
221058_s_at,CKLF,51192,CKLF,51192
219161_s_at,CKLF-CMTM1///CKLF,100529251///51192,CKLF-CMTM1///CKLF,100529251///51192
204810_s_at,CKM,1158,CKM,1158
202712_s_at,CKMT1A///CKMT1B,548596///1159,CKMT1A///CKMT1B,548596///1159
205295_at,CKMT2,1160,CKMT2,1160
201897_s_at,CKS1B,1163,CKS1B,1163
204170_s_at,CKS2,1164,CKS2,1164
212752_at,CLASP1,23332,CLASP1,23332
212306_at,CLASP2,23122,CLASP2,23122
212308_at,CLASP2,23122,CLASP2,23122
212309_at,CLASP2,23122,CLASP2,23122
204978_at,CLASRP,11129,CLASRP,11129
206207_at,CLC,1178,CLC,1178
210107_at,CLCA1,1179,CLCA1,1179
206164_at,CLCA2,9635,CLCA2,9635
206165_s_at,CLCA2,9635,CLCA2,9635
206166_s_at,CLCA2,9635,CLCA2,9635
217528_at,CLCA2,9635,CLCA2,9635
220810_at,CLCA3P,9629,CLCA3P,9629
220026_at,CLCA4,22802,CLCA4,22802
207855_s_at,CLCC1,23155,CLCC1,23155
213628_at,CLCC1,23155,CLCC1,23155
219500_at,CLCF1,23529,CLCF1,23529
208437_at,CLCN1,1180,CLCN1,1180
213499_at,CLCN2,1181,CLCN2,1181
201732_s_at,CLCN3,1182,CLCN3,1182
201733_at,CLCN3,1182,CLCN3,1182
201734_at,CLCN3,1182,CLCN3,1182
201735_s_at,CLCN3,1182,CLCN3,1182
205148_s_at,CLCN4,1183,CLCN4,1183
205149_s_at,CLCN4,1183,CLCN4,1183
214769_at,CLCN4,1183,CLCN4,1183
217556_at,CLCN4,1183,CLCN4,1183
206704_at,CLCN5,1184,CLCN5,1184
203950_s_at,CLCN6,1185,CLCN6,1185
209235_at,CLCN7,1186,CLCN7,1186
221961_at,CLCN7,1186,CLCN7,1186
38069_at,CLCN7,1186,CLCN7,1186
205985_x_at,CLCNKB,1188,CLCNKB,1188
207047_s_at,CLCNKB///CLCNKA,1188///1187,CLCNKB///CLCNKA,1188///1187
218182_s_at,CLDN1,9076,CLDN1,9076
205328_at,CLDN10,9071,CLDN10,9071
206908_s_at,CLDN11,5010,CLDN11,5010
210689_at,CLDN14,23562,CLDN14,23562
219640_at,CLDN15,24146,CLDN15,24146
220332_at,CLDN16,10686,CLDN16,10686
221328_at,CLDN17,26285,CLDN17,26285
214135_at,CLDN18,51208,CLDN18,51208
221132_at,CLDN18,51208,CLDN18,51208
221133_s_at,CLDN18,51208,CLDN18,51208
203953_s_at,CLDN3,1365,CLDN3,1365
203954_x_at,CLDN3,1365,CLDN3,1365
201428_at,CLDN4,1364,CLDN4,1364
204482_at,CLDN5,7122,CLDN5,7122
208474_at,CLDN6,9074,CLDN6,9074
202790_at,CLDN7,1366,CLDN7,1366
214598_at,CLDN8,9073,CLDN8,9073
214635_at,CLDN9,9080,CLDN9,9080
208925_at,CLDND1,56650,CLDND1,56650
206682_at,CLEC10A,10462,CLEC10A,10462
205131_x_at,CLEC11A,6320,CLEC11A,6320
210783_x_at,CLEC11A,6320,CLEC11A,6320
211709_s_at,CLEC11A,6320,CLEC11A,6320
212786_at,CLEC16A,23274,CLEC16A,23274
219761_at,CLEC1A,51267,CLEC1A,51267
220496_at,CLEC1B,51266,CLEC1B,51266
209732_at,CLEC2B,9976,CLEC2B,9976
220132_s_at,CLEC2D,29121,CLEC2D,29121
219947_at,CLEC4A,50856,CLEC4A,50856
221724_s_at,CLEC4A,50856,CLEC4A,50856
219859_at,CLEC4E,26253,CLEC4E,26253
207995_s_at,CLEC4M,10332,CLEC4M,10332
210481_s_at,CLEC4M,10332,CLEC4M,10332
219890_at,CLEC5A,23601,CLEC5A,23601
221698_s_at,CLEC7A,64581,CLEC7A,64581
205830_at,CLGN,1047,CLGN,1047
208659_at,CLIC1,1192,CLIC1,1192
217382_at,CLIC1P1,390363,CLIC1P1,390363
213415_at,CLIC2,1193,CLIC2,1193
219529_at,CLIC3,9022,CLIC3,9022
201559_s_at,CLIC4,25932,CLIC4,25932
201560_at,CLIC4,25932,CLIC4,25932
221881_s_at,CLIC4,25932,CLIC4,25932
213317_at,CLIC5,53405,CLIC5,53405
217628_at,CLIC5,53405,CLIC5,53405
219866_at,CLIC5,53405,CLIC5,53405
201768_s_at,CLINT1,9685,CLINT1,9685
201769_at,CLINT1,9685,CLINT1,9685
201975_at,CLIP1,6249,CLIP1,6249
210716_s_at,CLIP1,6249,CLIP1,6249
211031_s_at,CLIP2,7461,CLIP2,7461
212358_at,CLIP3,25999,CLIP3,25999
219944_at,CLIP4,79745,CLIP4,79745
214683_s_at,CLK1,1195,CLK1,1195
203229_s_at,CLK2,1196,CLK2,1196
202140_s_at,CLK3,1198,CLK3,1198
210346_s_at,CLK4,57396,CLK4,57396
213839_at,CLMN,79789,CLMN,79789
221042_s_at,CLMN,79789,CLMN,79789
209275_s_at,CLN3,1201,CLN3,1201
210859_x_at,CLN3,1201,CLN3,1201
204084_s_at,CLN5,1203,CLN5,1203
204085_s_at,CLN5,1203,CLN5,1203
214252_s_at,CLN5,1203,CLN5,1203
218161_s_at,CLN6,54982,CLN6,54982
219340_s_at,CLN8,2055,CLN8,2055
219341_at,CLN8,2055,CLN8,2055
209143_s_at,CLNS1A,1207,CLNS1A,1207
204980_at,CLOCK,9575,CLOCK,9575
217563_at,CLOCK,9575,CLOCK,9575
204370_at,CLP1,10978,CLP1,10978
221845_s_at,CLPB,81570,CLPB,81570
202799_at,CLPP,8192,CLPP,8192
206131_at,CLPS,1208,CLPS,1208
201640_x_at,CLPTM1,1209,CLPTM1,1209
211136_s_at,CLPTM1,1209,CLPTM1,1209
204809_at,CLPX,10845,CLPX,10845
219621_at,CLSPN,63967,CLSPN,63967
201561_s_at,CLSTN1,22883,CLSTN1,22883
219414_at,CLSTN2,64084,CLSTN2,64084
204375_at,CLSTN3,9746,CLSTN3,9746
200960_x_at,CLTA,1211,CLTA,1211
204050_s_at,CLTA,1211,CLTA,1211
216293_at,CLTA,1211,CLTA,1211
216295_s_at,CLTA,1211,CLTA,1211
216296_at,CLTA,1211,CLTA,1211
205172_x_at,CLTB,1212,CLTB,1212
206284_x_at,CLTB,1212,CLTB,1212
211043_s_at,CLTB,1212,CLTB,1212
221996_s_at,CLTB,1212,CLTB,1212
200614_at,CLTC,1213,CLTC,1213
210498_at,CLTC,1213,CLTC,1213
220855_at,CLTC-IT1,100506863,CLTC-IT1,100506863
205944_s_at,CLTCL1,8218,CLTCL1,8218
208791_at,CLU,1191,CLU,1191
208792_s_at,CLU,1191,CLU,1191
222043_at,CLU,1191,CLU,1191
204576_s_at,CLUAP1,23059,CLUAP1,23059
204577_s_at,CLUAP1,23059,CLUAP1,23059
212456_at,CLUH,23277,CLUH,23277
219442_at,CLUHP3,100132341,CLUHP3,100132341
206556_at,CLUL1,27098,CLUL1,27098
214533_at,CMA1,1215,CMA1,1215
205518_s_at,CMAHP,8418,CMAHP,8418
210571_s_at,CMAHP,8418,CMAHP,8418
218111_s_at,CMAS,55907,CMAS,55907
218447_at,CMC2,56942,CMC2,56942
210212_x_at,CMC4,100272147,CMC4,100272147
216862_s_at,CMC4,100272147,CMC4,100272147
205106_at,CMC4///MTCP1,100272147///4515,CMC4///MTCP1,100272147///4515
207652_s_at,CMKLR1,1240,CMKLR1,1240
210659_at,CMKLR1,1240,CMKLR1,1240
217870_s_at,CMPK1,51727,CMPK1,51727
217947_at,CMTM6,54918,CMTM6,54918
212380_at,CMTR1,23070,CMTR1,23070
206158_s_at,CNBP,7555,CNBP,7555
217752_s_at,CNDP2,55748,CNDP2,55748
206417_at,CNGA1,1259,CNGA1,1259
207261_at,CNGA3,1261,CNGA3,1261
207342_at,CNGB1,1258,CNGB1,1258
210769_at,CNGB1,1258,CNGB1,1258
211099_s_at,CNGB1,1258,CNGB1,1258
220304_s_at,CNGB3,54714,CNGB3,54714
201653_at,CNIH1,10175,CNIH1,10175
214841_at,CNIH3,149111,CNIH3,149111
218728_s_at,CNIH4,29097,CNIH4,29097
204740_at,CNKSR1,10256,CNKSR1,10256
206731_at,CNKSR2,22866,CNKSR2,22866
203951_at,CNN1,1264,CNN1,1264
201605_x_at,CNN2,1265,CNN2,1265
201445_at,CNN3,1266,CNN3,1266
220166_at,CNNM1,26507,CNNM1,26507
206818_s_at,CNNM2,54805,CNNM2,54805
209874_x_at,CNNM2,54805,CNNM2,54805
220739_s_at,CNNM3,26505,CNNM3,26505
218900_at,CNNM4,26504,CNNM4,26504
200860_s_at,CNOT1,23019,CNOT1,23019
200861_at,CNOT1,23019,CNOT1,23019
217798_at,CNOT2,4848,CNOT2,4848
222181_at,CNOT2,4848,CNOT2,4848
222182_s_at,CNOT2,4848,CNOT2,4848
203239_s_at,CNOT3,4849,CNOT3,4849
211141_s_at,CNOT3,4849,CNOT3,4849
203291_at,CNOT4,4850,CNOT4,4850
210203_at,CNOT4,4850,CNOT4,4850
210204_s_at,CNOT4,4850,CNOT4,4850
210866_s_at,CNOT4,4850,CNOT4,4850
210867_at,CNOT4,4850,CNOT4,4850
217970_s_at,CNOT6,57472,CNOT6,57472
218250_s_at,CNOT7,29883,CNOT7,29883
202162_s_at,CNOT8,9337,CNOT8,9337
202163_s_at,CNOT8,9337,CNOT8,9337
202164_s_at,CNOT8,9337,CNOT8,9337
213098_at,CNOT9,9125,CNOT9,9125
213179_at,CNOT9,9125,CNOT9,9125
213903_s_at,CNOT9,9125,CNOT9,9125
208912_s_at,CNP,1267,CNP,1267
200070_at,CNPPD1,27013,CNPPD1,27013
207511_s_at,CNPPD1,27013,CNPPD1,27013
202857_at,CNPY2,10330,CNPY2,10330
209796_s_at,CNPY2,10330,CNPY2,10330
209797_at,CNPY2,10330,CNPY2,10330
217931_at,CNPY3,10695,CNPY3,10695
217700_at,CNPY4,245812,CNPY4,245812
207940_x_at,CNR1,1268,CNR1,1268
208243_s_at,CNR1,1268,CNR1,1268
213436_at,CNR1,1268,CNR1,1268
206586_at,CNR2,1269,CNR2,1269
220323_at,CNTD2,79935,CNTD2,79935
208597_at,CNTF,1270,CNTF,1270
205723_at,CNTFR,1271,CNTFR,1271
220095_at,CNTLN,54875,CNTLN,54875
211203_s_at,CNTN1,1272,CNTN1,1272
206970_at,CNTN2,6900,CNTN2,6900
207452_s_at,CNTN5,53942,CNTN5,53942
207195_at,CNTN6,27255,CNTN6,27255
219400_at,CNTNAP1,8506,CNTNAP1,8506
215145_s_at,CNTNAP2,26047,CNTNAP2,26047
219300_s_at,CNTNAP2,26047,CNTNAP2,26047
219301_s_at,CNTNAP2,26047,CNTNAP2,26047
219302_s_at,CNTNAP2,26047,CNTNAP2,26047
220436_at,CNTNAP3P2,643827,CNTNAP3P2,643827
205642_at,CNTRL,11064,CNTRL,11064
206497_at,COA1,55744,COA1,55744
209445_x_at,COA1,55744,COA1,55744
218026_at,COA3,28958,COA3,28958
220647_s_at,COA4,51287,COA4,51287
219420_s_at,COA7,65260,COA7,65260
201913_s_at,COASY,80347,COASY,80347
213050_at,COBL,23242,COBL,23242
203641_s_at,COBLL1,22837,COBLL1,22837
203642_s_at,COBLL1,22837,COBLL1,22837
211032_at,COBLL1,22837,COBLL1,22837
215393_s_at,COBLL1,22837,COBLL1,22837
205229_s_at,COCH,1690,COCH,1690
203073_at,COG2,22796,COG2,22796
212189_s_at,COG4,25839,COG4,25839
203629_s_at,COG5,10466,COG5,10466
203630_s_at,COG5,10466,COG5,10466
213190_at,COG7,91949,COG7,91949
219575_s_at,COG8///PDF,84342///64146,COG8///PDF,84342///64146
203653_s_at,COIL,8161,COIL,8161
203654_s_at,COIL,8161,COIL,8161
205941_s_at,COL10A1,1300,COL10A1,1300
217428_s_at,COL10A1,1300,COL10A1,1300
204320_at,COL11A1,1301,COL11A1,1301
37892_at,COL11A1,1301,COL11A1,1301
213870_at,COL11A2,1302,COL11A2,1302
216993_s_at,COL11A2,1302,COL11A2,1302
208535_x_at,COL13A1,1305,COL13A1,1305
211343_s_at,COL13A1,1305,COL13A1,1305
211809_x_at,COL13A1,1305,COL13A1,1305
212865_s_at,COL14A1,7373,COL14A1,7373
216865_at,COL14A1,7373,COL14A1,7373
216866_s_at,COL14A1,7373,COL14A1,7373
203477_at,COL15A1,1306,COL15A1,1306
204345_at,COL16A1,1307,COL16A1,1307
204636_at,COL17A1,1308,COL17A1,1308
209081_s_at,COL18A1,80781,COL18A1,80781
209082_s_at,COL18A1,80781,COL18A1,80781
211011_at,COL19A1,1310,COL19A1,1310
202310_s_at,COL1A1,1277,COL1A1,1277
202311_s_at,COL1A1,1277,COL1A1,1277
202312_s_at,COL1A1,1277,COL1A1,1277
217430_x_at,COL1A1,1277,COL1A1,1277
202403_s_at,COL1A2,1278,COL1A2,1278
202404_s_at,COL1A2,1278,COL1A2,1278
208096_s_at,COL21A1,81578,COL21A1,81578
213492_at,COL2A1,1280,COL2A1,1280
217404_s_at,COL2A1,1280,COL2A1,1280
201852_x_at,COL3A1,1281,COL3A1,1281
211161_s_at,COL3A1,1281,COL3A1,1281
215076_s_at,COL3A1,1281,COL3A1,1281
215077_at,COL3A1,1281,COL3A1,1281
211980_at,COL4A1,1282,COL4A1,1282
211981_at,COL4A1,1282,COL4A1,1282
211964_at,COL4A2,1284,COL4A2,1284
211966_at,COL4A2,1284,COL4A2,1284
214641_at,COL4A3,1285,COL4A3,1285
216367_at,COL4A3,1285,COL4A3,1285
216368_s_at,COL4A3,1285,COL4A3,1285
216893_s_at,COL4A3,1285,COL4A3,1285
216896_at,COL4A3,1285,COL4A3,1285
216898_s_at,COL4A3,1285,COL4A3,1285
222073_at,COL4A3,1285,COL4A3,1285
219625_s_at,COL4A3BP,10087,COL4A3BP,10087
214602_at,COL4A4,1286,COL4A4,1286
213110_s_at,COL4A5,1287,COL4A5,1287
210945_at,COL4A6,1288,COL4A6,1288
211473_s_at,COL4A6,1288,COL4A6,1288
213992_at,COL4A6,1288,COL4A6,1288
203325_s_at,COL5A1,1289,COL5A1,1289
212488_at,COL5A1,1289,COL5A1,1289
212489_at,COL5A1,1289,COL5A1,1289
221729_at,COL5A2,1290,COL5A2,1290
221730_at,COL5A2,1290,COL5A2,1290
218975_at,COL5A3,50509,COL5A3,50509
52255_s_at,COL5A3,50509,COL5A3,50509
212091_s_at,COL6A1,1291,COL6A1,1291
212937_s_at,COL6A1,1291,COL6A1,1291
212938_at,COL6A1,1291,COL6A1,1291
212939_at,COL6A1,1291,COL6A1,1291
212940_at,COL6A1,1291,COL6A1,1291
213428_s_at,COL6A1,1291,COL6A1,1291
214200_s_at,COL6A1,1291,COL6A1,1291
216904_at,COL6A1,1291,COL6A1,1291
209156_s_at,COL6A2,1292,COL6A2,1292
213290_at,COL6A2,1292,COL6A2,1292
201438_at,COL6A3,1293,COL6A3,1293
204136_at,COL7A1,1294,COL7A1,1294
217312_s_at,COL7A1,1294,COL7A1,1294
214587_at,COL8A1,1295,COL8A1,1295
221152_at,COL8A1,1295,COL8A1,1295
221900_at,COL8A2,1296,COL8A2,1296
52651_at,COL8A2,1296,COL8A2,1296
222008_at,COL9A1,1297,COL9A1,1297
213622_at,COL9A2,1298,COL9A2,1298
204724_s_at,COL9A3,1299,COL9A3,1299
207420_at,COLEC10,10584,COLEC10,10584
219873_at,COLEC11,78989,COLEC11,78989
221019_s_at,COLEC12,81035,COLEC12,81035
218473_s_at,COLGALT1,79709,COLGALT1,79709
209883_at,COLGALT2,23127,COLGALT2,23127
206073_at,COLQ,8292,COLQ,8292
218439_s_at,COMMD10,51397,COMMD10,51397
218048_at,COMMD3,23412,COMMD3,23412
202265_at,COMMD3-BMI1///BMI1,100532731///648,COMMD3-BMI1///BMI1,100532731///648
206441_s_at,COMMD4,54939,COMMD4,54939
209132_s_at,COMMD4,54939,COMMD4,54939
209133_s_at,COMMD4,54939,COMMD4,54939
218351_at,COMMD8,54951,COMMD8,54951
218072_at,COMMD9,29099,COMMD9,29099
205713_s_at,COMP,1311,COMP,1311
208817_at,COMT,1312,COMT,1312
208818_s_at,COMT,1312,COMT,1312
213981_at,COMT,1312,COMT,1312
216204_at,COMT,1312,COMT,1312
208684_at,COPA,1314,COPA,1314
214336_s_at,COPA,1314,COPA,1314
214337_at,COPA,1314,COPA,1314
201358_s_at,COPB1,1315,COPB1,1315
201359_at,COPB1,1315,COPB1,1315
201098_at,COPB2,9276,COPB2,9276
201264_at,COPE,11316,COPE,11316
220469_at,COPE,11316,COPE,11316
217749_at,COPG1,22820,COPG1,22820
213486_at,COPG2IT1,53844,COPG2IT1,53844
202467_s_at,COPS2,9318,COPS2,9318
209838_at,COPS2,9318,COPS2,9318
202078_at,COPS3,8533,COPS3,8533
218042_at,COPS4,51138,COPS4,51138
201652_at,COPS5,10987,COPS5,10987
201405_s_at,COPS6,10980,COPS6,10980
213504_at,COPS6,10980,COPS6,10980
209029_at,COPS7A,50813,COPS7A,50813
219997_s_at,COPS7B,64708,COPS7B,64708
202141_s_at,COPS8,10920,COPS8,10920
202142_at,COPS8,10920,COPS8,10920
202143_s_at,COPS8,10920,COPS8,10920
214260_at,COPS8,10920,COPS8,10920
217726_at,COPZ1,22818,COPZ1,22818
219561_at,COPZ2,51226,COPZ2,51226
219397_at,COQ10B,80219,COQ10B,80219
213379_at,COQ2,27235,COQ2,27235
221227_x_at,COQ3,51805,COQ3,51805
218328_at,COQ4,51117,COQ4,51117
218760_at,COQ6,51004,COQ6,51004
209745_at,COQ7,10229,COQ7,10229
209746_s_at,COQ7,10229,COQ7,10229
210820_x_at,COQ7,10229,COQ7,10229
218168_s_at,COQ8A,56997,COQ8A,56997
220434_at,COQ8B,79934,COQ8B,79934
212228_s_at,COQ9,57017,COQ9,57017
220356_at,CORIN,10699,CORIN,10699
209083_at,CORO1A,11151,CORO1A,11151
221754_s_at,CORO1B,57175,CORO1B,57175
64486_at,CORO1B,57175,CORO1B,57175
221676_s_at,CORO1C,23603,CORO1C,23603
205538_at,CORO2A,7464,CORO2A,7464
209789_at,CORO2B,10391,CORO2B,10391
219040_at,CORO7,79585,CORO7,79585
210182_at,CORT,1325,CORT,1325
221059_s_at,COTL1,23406,COTL1,23406
203858_s_at,COX10,1352,COX10,1352
203551_s_at,COX11,1353,COX11,1353
211727_s_at,COX11,1353,COX11,1353
214277_at,COX11,1353,COX11,1353
219547_at,COX15,1355,COX15,1355
221550_at,COX15,1355,COX15,1355
206848_at,COX20,116228,COX20,116228
200086_s_at,COX4I1,1327,COX4I1,1327
202698_x_at,COX4I1,1327,COX4I1,1327
213758_at,COX4I1,1327,COX4I1,1327
203663_s_at,COX5A,9377,COX5A,9377
202343_x_at,COX5B,1329,COX5B,1329
211025_x_at,COX5B,1329,COX5B,1329
213735_s_at,COX5B,1329,COX5B,1329
213736_at,COX5B,1329,COX5B,1329
200925_at,COX6A1,1337,COX6A1,1337
206353_at,COX6A2,1339,COX6A2,1339
201441_at,COX6B1,1340,COX6B1,1340
201754_at,COX6C,1345,COX6C,1345
204570_at,COX7A1,1346,COX7A1,1346
201597_at,COX7A2,1347,COX7A2,1347
201256_at,COX7A2L,9167,COX7A2L,9167
202110_at,COX7B,1349,COX7B,1349
201134_x_at,COX7C,1350,COX7C,1350
213846_at,COX7C,1350,COX7C,1350
217491_x_at,COX7C,1350,COX7C,1350
201119_s_at,COX8A,1351,COX8A,1351
204846_at,CP,1356,CP,1356
205615_at,CPA1,1357,CPA1,1357
206212_at,CPA2,1358,CPA2,1358
205624_at,CPA3,1359,CPA3,1359
205832_at,CPA4,51200,CPA4,51200
205509_at,CPB1,1360,CPB1,1360
206651_s_at,CPB2,1361,CPB2,1361
201940_at,CPD,1362,CPD,1362
201941_at,CPD,1362,CPD,1362
201942_s_at,CPD,1362,CPD,1362
201943_s_at,CPD,1362,CPD,1362
201116_s_at,CPE,1363,CPE,1363
201117_s_at,CPE,1363,CPE,1363
219578_s_at,CPEB1,64506,CPEB1,64506
205773_at,CPEB3,22849,CPEB3,22849
220032_at,CPED1,79974,CPED1,79974
206368_at,CPLX2,10814,CPLX2,10814
219775_s_at,CPLX3,594855,CPLX3,594855
206100_at,CPM,1368,CPM,1368
217557_s_at,CPM,1368,CPM,1368
206256_at,CPN1,1369,CPN1,1369
216223_at,CPN2,1370,CPN2,1370
206918_s_at,CPNE1,8904,CPNE1,8904
202118_s_at,CPNE3,8895,CPNE3,8895
202119_s_at,CPNE3,8895,CPNE3,8895
210408_s_at,CPNE6,9362,CPNE6,9362
215700_x_at,CPNE6,9362,CPNE6,9362
219707_at,CPNE7,27132,CPNE7,27132
204172_at,CPOX,1371,CPOX,1371
218610_s_at,CPPED1,55313,CPPED1,55313
203501_at,CPQ,10404,CPQ,10404
208454_s_at,CPQ,10404,CPQ,10404
204920_at,CPS1,1373,CPS1,1373
217564_s_at,CPS1,1373,CPS1,1373
220479_at,CPS1-IT1,29034,CPS1-IT1,29034
201638_s_at,CPSF1,29894,CPSF1,29894
206688_s_at,CPSF4,10898,CPSF4,10898
202469_s_at,CPSF6,11052,CPSF6,11052
202470_s_at,CPSF6,11052,CPSF6,11052
217866_at,CPSF7,79869,CPSF7,79869
203633_at,CPT1A,1374,CPT1A,1374
203634_s_at,CPT1A,1374,CPT1A,1374
210687_at,CPT1A,1374,CPT1A,1374
210688_s_at,CPT1A,1374,CPT1A,1374
204263_s_at,CPT2,1376,CPT2,1376
204264_at,CPT2,1376,CPT2,1376
220734_s_at,CPTP,80772,CPTP,80772
208146_s_at,CPVL,54504,CPVL,54504
206244_at,CR1,1378,CR1,1378
208488_s_at,CR1,1378,CR1,1378
217484_at,CR1,1378,CR1,1378
217552_x_at,CR1,1378,CR1,1378
205544_s_at,CR2,1380,CR2,1380
205350_at,CRABP1,1381,CRABP1,1381
202575_at,CRABP2,1382,CRABP2,1382
209833_at,CRADD,8738,CRADD,8738
205843_x_at,CRAT,1384,CRAT,1384
209522_s_at,CRAT,1384,CRAT,1384
220522_at,CRB1,23418,CRB1,23418
218142_s_at,CRBN,51185,CRBN,51185
203898_at,CRCP,27297,CRCP,27297
203899_s_at,CRCP,27297,CRCP,27297
220620_at,CRCT1,54544,CRCT1,54544
204312_x_at,CREB1,1385,CREB1,1385
204313_s_at,CREB1,1385,CREB1,1385
204314_s_at,CREB1,1385,CREB1,1385
214513_s_at,CREB1,1385,CREB1,1385
209432_s_at,CREB3,10488,CREB3,10488
213059_at,CREB3L1,90993,CREB3L1,90993
213498_at,CREB3L1,90993,CREB3L1,90993
212345_s_at,CREB3L2,64764,CREB3L2,64764
202160_at,CREBBP,1387,CREBBP,1387
211808_s_at,CREBBP,1387,CREBBP,1387
201988_s_at,CREBL2,1389,CREBL2,1389
201989_s_at,CREBL2,1389,CREBL2,1389
201990_s_at,CREBL2,1389,CREBL2,1389
202977_s_at,CREBZF,58487,CREBZF,58487
202978_s_at,CREBZF,58487,CREBZF,58487
202979_s_at,CREBZF,58487,CREBZF,58487
213580_at,CREBZF,58487,CREBZF,58487
213584_s_at,CREBZF,58487,CREBZF,58487
201200_at,CREG1,8804,CREG1,8804
203368_at,CRELD1,78987,CRELD1,78987
218358_at,CRELD2,79174,CRELD2,79174
207630_s_at,CREM,1390,CREM,1390
209967_s_at,CREM,1390,CREM,1390
210171_s_at,CREM,1390,CREM,1390
214508_x_at,CREM,1390,CREM,1390
205629_s_at,CRH,1392,CRH,1392
205630_at,CRH,1392,CRH,1392
205984_at,CRHBP,1393,CRHBP,1393
208593_x_at,CRHR1,1394,CRHR1,1394
211897_s_at,CRHR1,1394,CRHR1,1394
214619_at,CRHR1,1394,CRHR1,1394
207897_at,CRHR2,1395,CRHR2,1395
211510_s_at,CRHR2,1395,CRHR2,1395
205081_at,CRIP1,1396,CRIP1,1396
208978_at,CRIP2,1397,CRIP2,1397
218643_s_at,CRIPT,9419,CRIPT,9419
207032_s_at,CRISP1,167,CRISP1,167
216314_at,CRISP1,167,CRISP1,167
210262_at,CRISP2,7180,CRISP2,7180
207802_at,CRISP3,10321,CRISP3,10321
221541_at,CRISPLD2,83716,CRISPLD2,83716
202224_at,CRK,1398,CRK,1398
202225_at,CRK,1398,CRK,1398
202226_s_at,CRK,1398,CRK,1398
206184_at,CRKL,1399,CRKL,1399
212180_at,CRKL,1399,CRKL,1399
206315_at,CRLF1,9244,CRLF1,9244
208303_s_at,CRLF2,64109,CRLF2,64109
205474_at,CRLF3,51379,CRLF3,51379
202517_at,CRMP1,1400,CRMP1,1400
219913_s_at,CRNKL1,51340,CRNKL1,51340
220090_at,CRNN,49860,CRNN,49860
206274_s_at,CROCC,9696,CROCC,9696
216419_at,CROCC,9696,CROCC,9696
216801_at,CROCC,9696,CROCC,9696
211038_s_at,CROCCP2,84809,CROCCP2,84809
215827_x_at,CROCCP3,114819,CROCCP3,114819
219139_s_at,CROCCP3,114819,CROCCP3,114819
204573_at,CROT,54677,CROT,54677
205753_at,CRP,1401,CRP,1401
37020_at,CRP,1401,CRP,1401
221204_s_at,CRTAC1,55118,CRTAC1,55118
206914_at,CRTAM,56253,CRTAM,56253
201380_at,CRTAP,10491,CRTAP,10491
207159_x_at,CRTC1,23373,CRTC1,23373
213091_at,CRTC1,23373,CRTC1,23373
218648_at,CRTC3,64784,CRTC3,64784
217510_at,CRX,1406,CRX,1406
209674_at,CRY1,1407,CRY1,1407
212695_at,CRY2,1408,CRY2,1408
210199_at,CRYAA,1409,CRYAA,1409
209283_at,CRYAB,1410,CRYAB,1410
206982_at,CRYBA1,1411,CRYBA1,1411
220136_s_at,CRYBA2,1412,CRYBA2,1412
206843_at,CRYBA4,1413,CRYBA4,1413
206185_at,CRYBB1,1414,CRYBB1,1414
206778_at,CRYBB2,1415,CRYBB2,1415
222048_at,CRYBB2P1,1416,CRYBB2P1,1416
206777_s_at,CRYBB2P1///CRYBB2,1416///1415,CRYBB2P1///CRYBB2,1416///1415
207685_at,CRYBB3,1417,CRYBB3,1417
214030_at,CRYBG3,131544,CRYBG3,131544
207587_at,CRYGA,1418,CRYGA,1418
207715_at,CRYGB,1419,CRYGB,1419
207531_at,CRYGC,1420,CRYGC,1420
207532_at,CRYGD,1421,CRYGD,1421
220753_s_at,CRYL1,51084,CRYL1,51084
205489_at,CRYM,1428,CRYM,1428
202950_at,CRYZ,1429,CRYZ,1429
219767_s_at,CRYZL1,9946,CRYZL1,9946
208660_at,CS,1431,CS,1431
221139_s_at,CSAD,51380,CSAD,51380
220445_s_at,CSAG2///CSAG3,102723547///389903,CSAG2///CSAG3,102723547///389903
209981_at,CSDC2,27254,CSDC2,27254
202646_s_at,CSDE1,7812,CSDE1,7812
219939_s_at,CSDE1,7812,CSDE1,7812
201111_at,CSE1L,1434,CSE1L,1434
201112_s_at,CSE1L,1434,CSE1L,1434
210765_at,CSE1L,1434,CSE1L,1434
210766_s_at,CSE1L,1434,CSE1L,1434
207082_at,CSF1,1435,CSF1,1435
209716_at,CSF1,1435,CSF1,1435
210557_x_at,CSF1,1435,CSF1,1435
211839_s_at,CSF1,1435,CSF1,1435
203104_at,CSF1R,1436,CSF1R,1436
210228_at,CSF2,1437,CSF2,1437
210229_s_at,CSF2,1437,CSF2,1437
207085_x_at,CSF2RA,1438,CSF2RA,1438
210340_s_at,CSF2RA,1438,CSF2RA,1438
211286_x_at,CSF2RA,1438,CSF2RA,1438
211287_x_at,CSF2RA,1438,CSF2RA,1438
205159_at,CSF2RB,1439,CSF2RB,1439
207442_at,CSF3,1440,CSF3,1440
203591_s_at,CSF3R,1441,CSF3R,1441
219049_at,CSGALNACT1,55790,CSGALNACT1,55790
218871_x_at,CSGALNACT2,55454,CSGALNACT2,55454
222235_s_at,CSGALNACT2,55454,CSGALNACT2,55454
208357_x_at,CSH1,1442,CSH1,1442
207770_x_at,CSH2///CSH1,1443///1442,CSH2///CSH1,1443///1442
208341_x_at,CSH2///CSH1,1443///1442,CSH2///CSH1,1443///1442
208342_x_at,CSH2///CSH1,1443///1442,CSH2///CSH1,1443///1442
205958_x_at,CSHL1,1444,CSHL1,1444
207285_x_at,CSHL1,1444,CSHL1,1444
208293_x_at,CSHL1,1444,CSHL1,1444
208294_x_at,CSHL1,1444,CSHL1,1444
208295_x_at,CSHL1,1444,CSHL1,1444
202329_at,CSK,1445,CSK,1445
208350_at,CSN1S1,1446,CSN1S1,1446
207951_at,CSN2,1447,CSN2,1447
207803_s_at,CSN3,1448,CSN3,1448
205764_at,CSNK1A1,1452,CSNK1A1,1452
206562_s_at,CSNK1A1,1452,CSNK1A1,1452
208865_at,CSNK1A1,1452,CSNK1A1,1452
208866_at,CSNK1A1,1452,CSNK1A1,1452
208867_s_at,CSNK1A1,1452,CSNK1A1,1452
213086_s_at,CSNK1A1,1452,CSNK1A1,1452
213860_x_at,CSNK1A1,1452,CSNK1A1,1452
207945_s_at,CSNK1D,1453,CSNK1D,1453
208774_at,CSNK1D,1453,CSNK1D,1453
213522_s_at,CSNK1D,1453,CSNK1D,1453
222015_at,CSNK1E,1454,CSNK1E,1454
220640_at,CSNK1G1,53944,CSNK1G1,53944
221673_s_at,CSNK1G1,53944,CSNK1G1,53944
202573_at,CSNK1G2,1455,CSNK1G2,1455
202574_s_at,CSNK1G2,1455,CSNK1G2,1455
220768_s_at,CSNK1G3,1456,CSNK1G3,1456
206075_s_at,CSNK2A1,1457,CSNK2A1,1457
212072_s_at,CSNK2A1,1457,CSNK2A1,1457
212073_at,CSNK2A1,1457,CSNK2A1,1457
212075_s_at,CSNK2A1,1457,CSNK2A1,1457
203575_at,CSNK2A2,1459,CSNK2A2,1459
201390_s_at,CSNK2B,1460,CSNK2B,1460
204736_s_at,CSPG4,1464,CSPG4,1464
214297_at,CSPG4,1464,CSPG4,1464
211461_at,CSPG4P1Y,114758,CSPG4P1Y,114758
205344_at,CSPG5,10675,CSPG5,10675
39966_at,CSPG5,10675,CSPG5,10675
220072_at,CSPP1,79848,CSPP1,79848
221925_s_at,CSPP1,79848,CSPP1,79848
221260_s_at,CSRNP2,81566,CSRNP2,81566
220462_at,CSRNP3,80034,CSRNP3,80034
200621_at,CSRP1,1465,CSRP1,1465
207030_s_at,CSRP2,1466,CSRP2,1466
211126_s_at,CSRP2,1466,CSRP2,1466
205553_s_at,CSRP3,8048,CSRP3,8048
206224_at,CST1,1469,CST1,1469
208555_x_at,CST2,1470,CST2,1470
201360_at,CST3,1471,CST3,1471
206994_at,CST4,1472,CST4,1472
207925_at,CST5,1473,CST5,1473
206595_at,CST6,1474,CST6,1474
210140_at,CST7,8530,CST7,8530
220627_at,CST8,10047,CST8,10047
204971_at,CSTA,1475,CSTA,1475
201201_at,CSTB,1476,CSTB,1476
202190_at,CSTF1,1477,CSTF1,1477
32723_at,CSTF1,1477,CSTF1,1477
204459_at,CSTF2,1478,CSTF2,1478
212901_s_at,CSTF2T,23283,CSTF2T,23283
212905_at,CSTF2T,23283,CSTF2T,23283
203947_at,CSTF3,1479,CSTF3,1479
221121_at,CT55,54967,CT55,54967
214418_at,CT62,196993,CT62,196993
210546_x_at,CTAG1A///CTAG1B,246100///1485,CTAG1A///CTAG1B,246100///1485
211674_x_at,CTAG1A///CTAG1B,246100///1485,CTAG1A///CTAG1B,246100///1485
217339_x_at,CTAG1A///CTAG1B,246100///1485,CTAG1A///CTAG1B,246100///1485
207337_at,CTAG2,30848,CTAG2,30848
215733_x_at,CTAG2,30848,CTAG2,30848
220957_at,CTAGE1,64693,CTAGE1,64693
217332_at,CTAGE11P,647288,CTAGE11P,647288
204055_s_at,CTAGE5,4253,CTAGE5,4253
215930_s_at,CTAGE5,4253,CTAGE5,4253
215549_x_at,CTAGE8///CTAGE4///CTAGE9,100142659///100128553///643854,CTAGE8///CTAGE4///CTAGE9,100142659///100128553///643854
214355_x_at,CTAGE8///CTAGE4///CTAGE9///CTAGE15,100142659///100128553///643854///441294,CTAGE8///CTAGE4///CTAGE9///CTAGE15,100142659///100128553///643854///441294
203392_s_at,CTBP1,1487,CTBP1,1487
212863_x_at,CTBP1,1487,CTBP1,1487
213980_s_at,CTBP1,1487,CTBP1,1487
201218_at,CTBP2,1488,CTBP2,1488
201219_at,CTBP2,1488,CTBP2,1488
201220_x_at,CTBP2,1488,CTBP2,1488
210554_s_at,CTBP2,1488,CTBP2,1488
210835_s_at,CTBP2,1488,CTBP2,1488
215377_at,CTBP2,1488,CTBP2,1488
218923_at,CTBS,1486,CTBS,1486
218924_s_at,CTBS,1486,CTBS,1486
219880_at,CTC-338M12.4,101928649,CTC-338M12.4,101928649
219881_s_at,CTC-338M12.4,101928649,CTC-338M12.4,101928649
219435_at,CTC1,80169,CTC1,80169
202521_at,CTCF,10664,CTCF,10664
200035_at,CTDNEP1,23399,CTDNEP1,23399
205035_at,CTDP1,9150,CTDP1,9150
217844_at,CTDSP1,58190,CTDSP1,58190
203445_s_at,CTDSP2,10106,CTDSP2,10106
208735_s_at,CTDSP2,10106,CTDSP2,10106
201904_s_at,CTDSPL,10217,CTDSPL,10217
201905_s_at,CTDSPL,10217,CTDSPL,10217
201906_s_at,CTDSPL,10217,CTDSPL,10217
213597_s_at,CTDSPL,10217,CTDSPL,10217
214187_x_at,CTDSPL,10217,CTDSPL,10217
206813_at,CTF1,1489,CTF1,1489
209101_at,CTGF,1490,CTGF,1490
206085_s_at,CTH,1491,CTH,1491
217127_at,CTH,1491,CTH,1491
204302_s_at,CTIF,9811,CTIF,9811
204303_s_at,CTIF,9811,CTIF,9811
221331_x_at,CTLA4,1493,CTLA4,1493
200764_s_at,CTNNA1,1495,CTNNA1,1495
200765_x_at,CTNNA1,1495,CTNNA1,1495
210844_x_at,CTNNA1,1495,CTNNA1,1495
215883_at,CTNNA1,1495,CTNNA1,1495
217366_at,CTNNA1P1,1498,CTNNA1P1,1498
205373_at,CTNNA2,1496,CTNNA2,1496
220815_at,CTNNA3,29119,CTNNA3,29119
202468_s_at,CTNNAL1,8727,CTNNAL1,8727
201533_at,CTNNB1,1499,CTNNB1,1499
203081_at,CTNNBIP1,56998,CTNNBIP1,56998
221021_s_at,CTNNBL1,56259,CTNNBL1,56259
209617_s_at,CTNND2,1501,CTNND2,1501
209618_at,CTNND2,1501,CTNND2,1501
204925_at,CTNS,1497,CTNS,1497
215459_at,CTNS,1497,CTNS,1497
36566_at,CTNS,1497,CTNS,1497
202613_at,CTPS1,1503,CTPS1,1503
219080_s_at,CTPS2,56474,CTPS2,56474
202060_at,CTR9,9646,CTR9,9646
214411_x_at,CTRB2,440387,CTRB2,440387
205971_s_at,CTRB2///CTRB1,440387///1504,CTRB2///CTRB1,440387///1504
206297_at,CTRC,11330,CTRC,11330
214377_s_at,CTRL,1506,CTRL,1506
200661_at,CTSA,5476,CTSA,5476
200838_at,CTSB,1508,CTSB,1508
200839_s_at,CTSB,1508,CTSB,1508
213274_s_at,CTSB,1508,CTSB,1508
213275_x_at,CTSB,1508,CTSB,1508
201487_at,CTSC,1075,CTSC,1075
200766_at,CTSD,1509,CTSD,1509
205927_s_at,CTSE,1510,CTSE,1510
203657_s_at,CTSF,8722,CTSF,8722
205653_at,CTSG,1511,CTSG,1511
202295_s_at,CTSH,1512,CTSH,1512
202450_s_at,CTSK,1513,CTSK,1513
202087_s_at,CTSL,1514,CTSL,1514
203758_at,CTSO,1519,CTSO,1519
202901_x_at,CTSS,1520,CTSS,1520
202902_s_at,CTSS,1520,CTSS,1520
210074_at,CTSV,1515,CTSV,1515
214450_at,CTSW,1521,CTSW,1521
210042_s_at,CTSZ,1522,CTSZ,1522
212562_s_at,CTSZ,1522,CTSZ,1522
201059_at,CTTN,2017,CTTN,2017
214073_at,CTTN,2017,CTTN,2017
214074_s_at,CTTN,2017,CTTN,2017
214782_at,CTTN,2017,CTTN,2017
206775_at,CUBN,8029,CUBN,8029
219468_s_at,CUEDC1,404093,CUEDC1,404093
218097_s_at,CUEDC2,79004,CUEDC2,79004
207614_s_at,CUL1,8454,CUL1,8454
203078_at,CUL2,8453,CUL2,8453
203079_s_at,CUL2,8453,CUL2,8453
201370_s_at,CUL3,8452,CUL3,8452
201371_s_at,CUL3,8452,CUL3,8452
201372_s_at,CUL3,8452,CUL3,8452
201423_s_at,CUL4A,8451,CUL4A,8451
201424_s_at,CUL4A,8451,CUL4A,8451
202213_s_at,CUL4B,8450,CUL4B,8450
202214_s_at,CUL4B,8450,CUL4B,8450
210257_x_at,CUL4B,8450,CUL4B,8450
215997_s_at,CUL4B,8450,CUL4B,8450
203531_at,CUL5,8065,CUL5,8065
203532_x_at,CUL5,8065,CUL5,8065
203533_s_at,CUL5,8065,CUL5,8065
203558_at,CUL7,9820,CUL7,9820
36084_at,CUL7,9820,CUL7,9820
213204_at,CUL9,23113,CUL9,23113
221488_s_at,CUTA,51596,CUTA,51596
218970_s_at,CUTC,51076,CUTC,51076
202367_at,CUX1,1523,CUX1,1523
214743_at,CUX1,1523,CUX1,1523
213920_at,CUX2,23316,CUX2,23316
220275_at,CUZD1,50624,CUZD1,50624
218655_s_at,CWC25,54883,CWC25,54883
218787_x_at,CWF19L1,55280,CWF19L1,55280
220723_s_at,CWH43,80157,CWH43,80157
220724_at,CWH43,80157,CWH43,80157
203687_at,CX3CL1,6376,CX3CL1,6376
823_at,CX3CL1,6376,CX3CL1,6376
205898_at,CX3CR1,1524,CX3CR1,1524
203917_at,CXADR,1525,CXADR,1525
204470_at,CXCL1,2919,CXCL1,2919
204533_at,CXCL10,3627,CXCL10,3627
210163_at,CXCL11,6373,CXCL11,6373
211122_s_at,CXCL11,6373,CXCL11,6373
203666_at,CXCL12,6387,CXCL12,6387
209687_at,CXCL12,6387,CXCL12,6387
205242_at,CXCL13,10563,CXCL13,10563
218002_s_at,CXCL14,9547,CXCL14,9547
209774_x_at,CXCL2,2920,CXCL2,2920
207850_at,CXCL3,2921,CXCL3,2921
207852_at,CXCL5,6374,CXCL5,6374
214974_x_at,CXCL5,6374,CXCL5,6374
215101_s_at,CXCL5,6374,CXCL5,6374
206336_at,CXCL6,6372,CXCL6,6372
202859_x_at,CXCL8,3576,CXCL8,3576
211506_s_at,CXCL8,3576,CXCL8,3576
203915_at,CXCL9,4283,CXCL9,4283
207094_at,CXCR1,3577,CXCR1,3577
207008_at,CXCR2,3579,CXCR2,3579
207681_at,CXCR3,2833,CXCR3,2833
217119_s_at,CXCR3,2833,CXCR3,2833
209201_x_at,CXCR4,7852,CXCR4,7852
211919_s_at,CXCR4,7852,CXCR4,7852
217028_at,CXCR4,7852,CXCR4,7852
206126_at,CXCR5,643,CXCR5,643
216734_s_at,CXCR5,643,CXCR5,643
206974_at,CXCR6,10663,CXCR6,10663
211469_s_at,CXCR6,10663,CXCR6,10663
218058_at,CXXC1,30827,CXXC1,30827
48580_at,CXXC1,30827,CXXC1,30827
220277_at,CXXC4,80319,CXXC4,80319
220252_x_at,CXorf21,80231,CXorf21,80231
219652_s_at,CXorf36,79742,CXorf36,79742
213315_x_at,CXorf40A,91966,CXorf40A,91966
212961_x_at,CXorf40B,541578,CXorf40B,541578
214112_s_at,CXorf40B///CXorf40A,541578///91966,CXorf40B///CXorf40A,541578///91966
219805_at,CXorf56,63932,CXorf56,63932
215803_at,CXorf57,55086,CXorf57,55086
219355_at,CXorf57,55086,CXorf57,55086
216846_at,CYAT1,100290481,CYAT1,100290481
215121_x_at,CYAT1///IGLV1-44///IGLC1,100290481///28823///3537,CYAT1///IGLV1-44///IGLC1,100290481///28823///3537
207986_x_at,CYB561,1534,CYB561,1534
209163_at,CYB561,1534,CYB561,1534
209164_s_at,CYB561,1534,CYB561,1534
210816_s_at,CYB561,1534,CYB561,1534
217200_x_at,CYB561,1534,CYB561,1534
209665_at,CYB561D2,11068,CYB561D2,11068
207843_x_at,CYB5A,1528,CYB5A,1528
209366_x_at,CYB5A,1528,CYB5A,1528
215726_s_at,CYB5A,1528,CYB5A,1528
217021_at,CYB5A,1528,CYB5A,1528
201633_s_at,CYB5B,80777,CYB5B,80777
201634_s_at,CYB5B,80777,CYB5B,80777
202263_at,CYB5R1,51706,CYB5R1,51706
220230_s_at,CYB5R2,51700,CYB5R2,51700
201885_s_at,CYB5R3,1727,CYB5R3,1727
219079_at,CYB5R4,51167,CYB5R4,51167
203028_s_at,CYBA,1535,CYBA,1535
203922_s_at,CYBB,1536,CYBB,1536
203923_s_at,CYBB,1536,CYBB,1536
217431_x_at,CYBB,1536,CYBB,1536
217889_s_at,CYBRD1,79901,CYBRD1,79901
201066_at,CYC1,1537,CYC1,1537
208905_at,CYCS,54205,CYCS,54205
208923_at,CYFIP1,23191,CYFIP1,23191
215785_s_at,CYFIP2,26999,CYFIP2,26999
220999_s_at,CYFIP2,26999,CYFIP2,26999
213072_at,CYHR1,50626,CYHR1,50626
213681_at,CYHR1,50626,CYHR1,50626
216778_s_at,CYLC1,1538,CYLC1,1538
216779_at,CYLC1,1538,CYLC1,1538
216809_at,CYLC1,1538,CYLC1,1538
207780_at,CYLC2,1539,CYLC2,1539
213295_at,CYLD,1540,CYLD,1540
214272_at,CYLD,1540,CYLD,1540
221903_s_at,CYLD,1540,CYLD,1540
221905_at,CYLD,1540,CYLD,1540
222142_at,CYLD,1540,CYLD,1540
39582_at,CYLD,1540,CYLD,1540
60084_at,CYLD,1540,CYLD,1540
204309_at,CYP11A1,1583,CYP11A1,1583
214610_at,CYP11B1,1584,CYP11B1,1584
214630_at,CYP11B2,1585,CYP11B2,1585
205502_at,CYP17A1,1586,CYP17A1,1586
203475_at,CYP19A1,1588,CYP19A1,1588
205749_at,CYP1A1,1543,CYP1A1,1543
207608_x_at,CYP1A2,1544,CYP1A2,1544
207609_s_at,CYP1A2,1544,CYP1A2,1544
202434_s_at,CYP1B1,1545,CYP1B1,1545
202435_s_at,CYP1B1,1545,CYP1B1,1545
202436_s_at,CYP1B1,1545,CYP1B1,1545
202437_s_at,CYP1B1,1545,CYP1B1,1545
219565_at,CYP20A1,57404,CYP20A1,57404
214622_at,CYP21A1P///CYP21A2,1590///1589,CYP21A1P///CYP21A2,1590///1589
206504_at,CYP24A1,1591,CYP24A1,1591
206424_at,CYP26A1,1592,CYP26A1,1592
219825_at,CYP26B1,56603,CYP26B1,56603
203979_at,CYP27A1,1593,CYP27A1,1593
205676_at,CYP27B1,1594,CYP27B1,1594
208327_at,CYP2A13,1553,CYP2A13,1553
1494_f_at,CYP2A6,1548,CYP2A6,1548
207244_x_at,CYP2A6,1548,CYP2A6,1548
211295_x_at,CYP2A6,1548,CYP2A6,1548
214320_x_at,CYP2A6,1548,CYP2A6,1548
207718_x_at,CYP2A7,1549,CYP2A7,1549
216334_s_at,CYP2A7P1,1550,CYP2A7P1,1550
216340_s_at,CYP2A7P1,1550,CYP2A7P1,1550
206755_at,CYP2B6,1555,CYP2B6,1555
217133_x_at,CYP2B6,1555,CYP2B6,1555
210272_at,CYP2B7P,1556,CYP2B7P,1556
206754_s_at,CYP2B7P///CYP2B6,1556///1555,CYP2B7P///CYP2B6,1556///1555
208126_s_at,CYP2C18,1562,CYP2C18,1562
215103_at,CYP2C18,1562,CYP2C18,1562
216058_s_at,CYP2C19,1557,CYP2C19,1557
208147_s_at,CYP2C8,1558,CYP2C8,1558
219903_s_at,CYP2C8,1558,CYP2C8,1558
214419_s_at,CYP2C9,1559,CYP2C9,1559
214420_s_at,CYP2C9,1559,CYP2C9,1559
214421_x_at,CYP2C9,1559,CYP2C9,1559
216025_x_at,CYP2C9,1559,CYP2C9,1559
216661_x_at,CYP2C9,1559,CYP2C9,1559
217558_at,CYP2C9,1559,CYP2C9,1559
220017_x_at,CYP2C9,1559,CYP2C9,1559
215809_at,CYP2D6,1565,CYP2D6,1565
217468_at,CYP2D6,1565,CYP2D6,1565
1431_at,CYP2E1,1571,CYP2E1,1571
209975_at,CYP2E1,1571,CYP2E1,1571
209976_s_at,CYP2E1,1571,CYP2E1,1571
222100_at,CYP2E1,1571,CYP2E1,1571
207913_at,CYP2F1,1572,CYP2F1,1572
205073_at,CYP2J2,1573,CYP2J2,1573
207786_at,CYP2R1,120227,CYP2R1,120227
216720_at,CYP2U1,113612,CYP2U1,113612
220562_at,CYP2W1,54905,CYP2W1,54905
220432_s_at,CYP39A1,51302,CYP39A1,51302
205998_x_at,CYP3A4,1576,CYP3A4,1576
205999_x_at,CYP3A4,1576,CYP3A4,1576
208367_x_at,CYP3A4,1576,CYP3A4,1576
210726_at,CYP3A4,1576,CYP3A4,1576
207773_x_at,CYP3A43,64816,CYP3A43,64816
211440_x_at,CYP3A43,64816,CYP3A43,64816
211441_x_at,CYP3A43,64816,CYP3A43,64816
211442_x_at,CYP3A43,64816,CYP3A43,64816
205765_at,CYP3A5,1577,CYP3A5,1577
214234_s_at,CYP3A5,1577,CYP3A5,1577
214235_at,CYP3A5,1577,CYP3A5,1577
211843_x_at,CYP3A7-CYP3A51P,100861540,CYP3A7-CYP3A51P,100861540
205939_at,CYP3A7-CYP3A51P///CYP3A7,100861540///1551,CYP3A7-CYP3A51P///CYP3A7,100861540///1551
220331_at,CYP46A1,10858,CYP46A1,10858
207407_x_at,CYP4A11,1579,CYP4A11,1579
211231_x_at,CYP4A11,1579,CYP4A11,1579
217319_x_at,CYP4A22///CYP4A11,284541///1579,CYP4A22///CYP4A11,284541///1579
210096_at,CYP4B1,1580,CYP4B1,1580
206153_at,CYP4F11,57834,CYP4F11,57834
206539_s_at,CYP4F12,66002,CYP4F12,66002
210452_x_at,CYP4F2,8529,CYP4F2,8529
206514_s_at,CYP4F2///CYP4F3,8529///4051,CYP4F2///CYP4F3,8529///4051
206515_at,CYP4F3,4051,CYP4F3,4051
210576_at,CYP4F8,11283,CYP4F8,11283
207406_at,CYP7A1,1581,CYP7A1,1581
207386_at,CYP7B1,9420,CYP7B1,9420
201289_at,CYR61,3491,CYR61,3491
210764_s_at,CYR61,3491,CYR61,3491
216288_at,CYSLTR1,10800,CYSLTR1,10800
220813_at,CYSLTR2,57105,CYSLTR2,57105
202879_s_at,CYTH1,9267,CYTH1,9267
202880_s_at,CYTH1,9267,CYTH1,9267
209158_s_at,CYTH2,9266,CYTH2,9266
206523_at,CYTH3,9265,CYTH3,9265
211521_s_at,CYTH4,27128,CYTH4,27128
219183_s_at,CYTH4,27128,CYTH4,27128
209606_at,CYTIP,9595,CYTIP,9595
219837_s_at,CYTL1,54360,CYTL1,54360
216060_s_at,DAAM1,23002,DAAM1,23002
212793_at,DAAM2,23500,DAAM2,23500
220611_at,DAB1,1600,DAB1,1600
205471_s_at,DACH1,1602,DACH1,1602
205472_s_at,DACH1,1602,DACH1,1602
219179_at,DACT1,51339,DACT1,51339
200046_at,DAD1,1603,DAD1,1603
205417_s_at,DAG1,1605,DAG1,1605
212128_s_at,DAG1,1605,DAG1,1605
214128_at,DAGLA,747,DAGLA,747
218808_at,DALRD3,55152,DALRD3,55152
221934_s_at,DALRD3,55152,DALRD3,55152
206878_at,DAO,1610,DAO,1610
201095_at,DAP,1611,DAP,1611
208822_s_at,DAP3,7818,DAP3,7818
203139_at,DAPK1,1612,DAPK1,1612
211214_s_at,DAPK1,1612,DAPK1,1612
206324_s_at,DAPK2,23604,DAPK2,23604
215184_at,DAPK2,23604,DAPK2,23604
219290_x_at,DAPP1,27071,DAPP1,27071
201623_s_at,DARS,1615,DARS,1615
201624_at,DARS,1615,DARS,1615
218365_s_at,DARS2,55157,DARS2,55157
201763_s_at,DAXX,1616,DAXX,1616
216038_x_at,DAXX,1616,DAXX,1616
207909_x_at,DAZ4///DAZ2///DAZ3///DAZ1,57135///57055///57054///1617,DAZ4///DAZ2///DAZ3///DAZ1,57135///57055///57054///1617
207912_s_at,DAZ4///DAZ2///DAZ3///DAZ1,57135///57055///57054///1617,DAZ4///DAZ2///DAZ3///DAZ1,57135///57055///57054///1617
208281_x_at,DAZ4///DAZ2///DAZ3///DAZ1,57135///57055///57054///1617,DAZ4///DAZ2///DAZ3///DAZ1,57135///57055///57054///1617
208282_x_at,DAZ4///DAZ2///DAZ3///DAZ1,57135///57055///57054///1617,DAZ4///DAZ2///DAZ3///DAZ1,57135///57055///57054///1617
216351_x_at,DAZ4///DAZ2///DAZ3///DAZ1,57135///57055///57054///1617,DAZ4///DAZ2///DAZ3///DAZ1,57135///57055///57054///1617
216922_x_at,DAZ4///DAZ2///DAZ3///DAZ1,57135///57055///57054///1617,DAZ4///DAZ2///DAZ3///DAZ1,57135///57055///57054///1617
218443_s_at,DAZAP1,26528,DAZAP1,26528
200794_x_at,DAZAP2,9802,DAZAP2,9802
212595_s_at,DAZAP2,9802,DAZAP2,9802
214334_x_at,DAZAP2,9802,DAZAP2,9802
206588_at,DAZL,1618,DAZL,1618
204244_s_at,DBF4,10926,DBF4,10926
206661_at,DBF4B,80174,DBF4B,80174
206450_at,DBH,1621,DBH,1621
202428_x_at,DBI,1622,DBI,1622
209389_x_at,DBI,1622,DBI,1622
211070_x_at,DBI,1622,DBI,1622
202806_at,DBN1,1627,DBN1,1627
217025_s_at,DBN1,1627,DBN1,1627
222234_s_at,DBNDD1,79007,DBNDD1,79007
209782_s_at,DBP,1628,DBP,1628
209783_at,DBP,1628,DBP,1628
219149_x_at,DBR1,51163,DBR1,51163
205369_x_at,DBT,1629,DBT,1629
205370_x_at,DBT,1629,DBT,1629
205371_s_at,DBT,1629,DBT,1629
211196_at,DBT,1629,DBT,1629
204376_at,DCAF1,9730,DCAF1,9730
204377_s_at,DCAF1,9730,DCAF1,9730
219001_s_at,DCAF10,79269,DCAF10,79269
201886_at,DCAF11,80344,DCAF11,80344
216389_s_at,DCAF11,80344,DCAF11,80344
220843_s_at,DCAF13,25879,DCAF13,25879
221849_s_at,DCAF15,90379,DCAF15,90379
221851_at,DCAF15,90379,DCAF15,90379
222012_at,DCAF15,90379,DCAF15,90379
91952_at,DCAF15,90379,DCAF15,90379
219717_at,DCAF16,54876,DCAF16,54876
220172_at,DCAF17,80067,DCAF17,80067
214758_at,DCAF4,26094,DCAF4,26094
217908_s_at,DCAF6,55827,DCAF6,55827
209592_s_at,DCAF7,10238,DCAF7,10238
221744_at,DCAF7,10238,DCAF7,10238
221745_at,DCAF7,10238,DCAF7,10238
202249_s_at,DCAF8,50717,DCAF8,50717
202250_s_at,DCAF8,50717,DCAF8,50717
216885_s_at,DCAF8,50717,DCAF8,50717
221224_s_at,DCAKD,79877,DCAKD,79877
221225_at,DCAKD,79877,DCAKD,79877
213865_at,DCBLD2,131566,DCBLD2,131566
206939_at,DCC,1630,DCC,1630
218892_at,DCHS1,8642,DCHS1,8642
222101_s_at,DCHS1,8642,DCHS1,8642
220373_at,DCHS2,54798,DCHS2,54798
203302_at,DCK,1633,DCK,1633
205399_at,DCLK1,9201,DCLK1,9201
215303_at,DCLK1,9201,DCLK1,9201
216724_at,DCLK2,166614,DCLK2,166614
216725_at,DCLK2,166614,DCLK2,166614
209804_at,DCLRE1A,9937,DCLRE1A,9937
219490_s_at,DCLRE1B,64858,DCLRE1B,64858
219678_x_at,DCLRE1C,64421,DCLRE1C,64421
222233_s_at,DCLRE1C,64421,DCLRE1C,64421
201893_x_at,DCN,1634,DCN,1634
209335_at,DCN,1634,DCN,1634
211813_x_at,DCN,1634,DCN,1634
211896_s_at,DCN,1634,DCN,1634
218508_at,DCP1A,55802,DCP1A,55802
212919_at,DCP2,167227,DCP2,167227
218774_at,DCPS,28960,DCPS,28960
221266_s_at,DCSTAMP,81501,DCSTAMP,81501
205337_at,DCT,1638,DCT,1638
205338_s_at,DCT,1638,DCT,1638
216512_s_at,DCT,1638,DCT,1638
216513_at,DCT,1638,DCT,1638
201571_s_at,DCTD,1635,DCTD,1635
201572_x_at,DCTD,1635,DCTD,1635
210137_s_at,DCTD,1635,DCTD,1635
211780_x_at,DCTN1,1639,DCTN1,1639
200932_s_at,DCTN2,10540,DCTN2,10540
214384_s_at,DCTN2,10540,DCTN2,10540
204246_s_at,DCTN3,11258,DCTN3,11258
218013_x_at,DCTN4,51164,DCTN4,51164
209231_s_at,DCTN5,84516,DCTN5,84516
209232_s_at,DCTN5,84516,DCTN5,84516
203261_at,DCTN6,10671,DCTN6,10671
218069_at,DCTPP1,79077,DCTPP1,79077
218583_s_at,DCUN1D1,54165,DCUN1D1,54165
219116_s_at,DCUN1D2,55208,DCUN1D2,55208
212851_at,DCUN1D4,23142,DCUN1D4,23142
212853_at,DCUN1D4,23142,DCUN1D4,23142
212855_at,DCUN1D4,23142,DCUN1D4,23142
204850_s_at,DCX,1641,DCX,1641
204851_s_at,DCX,1641,DCX,1641
217973_at,DCXR,51181,DCXR,51181
218260_at,DDA1,79016,DDA1,79016
209094_at,DDAH1,23576,DDAH1,23576
202262_x_at,DDAH2,23564,DDAH2,23564
214909_s_at,DDAH2,23564,DDAH2,23564
215537_x_at,DDAH2,23564,DDAH2,23564
208619_at,DDB1,1642,DDB1,1642
203409_at,DDB2,1643,DDB2,1643
205311_at,DDC,1644,DDC,1644
214347_s_at,DDC,1644,DDC,1644
212690_at,DDHD2,23259,DDHD2,23259
214583_at,DDI2///RSC1A1,84301///6248,DDI2///RSC1A1,84301///6248
209383_at,DDIT3,1649,DDIT3,1649
202887_s_at,DDIT4,54541,DDIT4,54541
214788_x_at,DDN,23109,DDN,23109
207418_s_at,DDO,8528,DDO,8528
222134_at,DDO,8528,DDO,8528
208674_x_at,DDOST,1650,DDOST,1650
208675_s_at,DDOST,1650,DDOST,1650
216459_x_at,DDR1-AS1,414771,DDR1-AS1,414771
216679_at,DDR1-AS1,414771,DDR1-AS1,414771
205168_at,DDR2,4921,DDR2,4921
218159_at,DDRGK1,65992,DDRGK1,65992
202929_s_at,DDTL///DDT,100037417///1652,DDTL///DDT,100037417///1652
201241_at,DDX1,1653,DDX1,1653
204977_at,DDX10,1662,DDX10,1662
208149_x_at,DDX11,1663,DDX11,1663
208159_x_at,DDX11,1663,DDX11,1663
210206_s_at,DDX11,1663,DDX11,1663
208151_x_at,DDX17,10521,DDX17,10521
208718_at,DDX17,10521,DDX17,10521
208719_s_at,DDX17,10521,DDX17,10521
213998_s_at,DDX17,10521,DDX17,10521
205763_s_at,DDX18,8886,DDX18,8886
208895_s_at,DDX18,8886,DDX18,8886
208896_at,DDX18,8886,DDX18,8886
208897_s_at,DDX18,8886,DDX18,8886
202577_s_at,DDX19A,55308,DDX19A,55308
202578_s_at,DDX19A,55308,DDX19A,55308
202576_s_at,DDX19A///DDX19B,55308///11269,DDX19A///DDX19B,55308///11269
208152_s_at,DDX21,9188,DDX21,9188
201440_at,DDX23,9416,DDX23,9416
40465_at,DDX23,9416,DDX23,9416
200694_s_at,DDX24,57062,DDX24,57062
200702_s_at,DDX24,57062,DDX24,57062
219945_at,DDX25,29118,DDX25,29118
215693_x_at,DDX27,55661,DDX27,55661
221780_s_at,DDX27,55661,DDX27,55661
219108_x_at,DDX27///SS18,55661///6760,DDX27///SS18,55661///6760
203784_s_at,DDX28,55794,DDX28,55794
203785_s_at,DDX28,55794,DDX28,55794
214025_at,DDX28,55794,DDX28,55794
40255_at,DDX28,55794,DDX28,55794
219328_at,DDX31,64794,DDX31,64794
201584_s_at,DDX39A,10212,DDX39A,10212
201210_at,DDX3X,1654,DDX3X,1654
201211_s_at,DDX3X,1654,DDX3X,1654
207617_at,DDX3X,1654,DDX3X,1654
212514_x_at,DDX3X,1654,DDX3X,1654
212515_s_at,DDX3X,1654,DDX3X,1654
205000_at,DDX3Y,8653,DDX3Y,8653
205001_s_at,DDX3Y,8653,DDX3Y,8653
221630_s_at,DDX4,54514,DDX4,54514
217840_at,DDX41,51428,DDX41,51428
201788_at,DDX42,11325,DDX42,11325
220004_at,DDX43,55510,DDX43,55510
202462_s_at,DDX46,9879,DDX46,9879
210811_s_at,DDX49,54555,DDX49,54555
31807_at,DDX49,54555,DDX49,54555
221699_s_at,DDX50,79009,DDX50,79009
214968_at,DDX51,317781,DDX51,317781
210320_s_at,DDX52,11056,DDX52,11056
212834_at,DDX52,11056,DDX52,11056
213637_at,DDX52,11056,DDX52,11056
219111_s_at,DDX54,79039,DDX54,79039
217754_at,DDX56,54606,DDX56,54606
218943_s_at,DDX58,23586,DDX58,23586
204909_at,DDX6,1656,DDX6,1656
218986_s_at,DDX60,55601,DDX60,55601
209407_s_at,DEAF1,10522,DEAF1,10522
220781_at,DEC1,50514,DEC1,50514
202447_at,DECR1,1666,DECR1,1666
219664_s_at,DECR2,26063,DECR2,26063
202480_s_at,DEDD,9191,DEDD,9191
211255_x_at,DEDD,9191,DEDD,9191
215158_s_at,DEDD,9191,DEDD,9191
221293_s_at,DEF6,50619,DEF6,50619
219646_at,DEF8,54849,DEF8,54849
205033_s_at,DEFA1B///DEFA3///DEFA1,728358///1668///1667,DEFA1B///DEFA3///DEFA1,728358///1668///1667
207269_at,DEFA4,1669,DEFA4,1669
207529_at,DEFA5,1670,DEFA5,1670
207814_at,DEFA6,1671,DEFA6,1671
210397_at,DEFB1,1672,DEFB1,1672
221414_s_at,DEFB126,81623,DEFB126,81623
207356_at,DEFB4B///DEFB4A,100289462///1673,DEFB4B///DEFB4A,100289462///1673
207431_s_at,DEGS1,8560,DEGS1,8560
209250_at,DEGS1,8560,DEGS1,8560
200934_at,DEK,7913,DEK,7913
219763_at,DENND1A,57706,DENND1A,57706
219696_at,DENND1B,163486,DENND1B,163486
221080_s_at,DENND1C,79958,DENND1C,79958
221885_at,DENND2A,27147,DENND2A,27147
221886_at,DENND2A,27147,DENND2A,27147
53991_at,DENND2A,27147,DENND2A,27147
221081_s_at,DENND2D,79961,DENND2D,79961
212974_at,DENND3,22898,DENND3,22898
212975_at,DENND3,22898,DENND3,22898
214787_at,DENND4A,10260,DENND4A,10260
202860_at,DENND4B,9909,DENND4B,9909
205684_s_at,DENND4C,55667,DENND4C,55667
212561_at,DENND5A,23258,DENND5A,23258
215058_at,DENND5B,160518,DENND5B,160518
220713_at,DENND6B,414918,DENND6B,414918
221509_at,DENR,8562,DENR,8562
220295_x_at,DEPDC1,55635,DEPDC1,55635
205223_at,DEPDC5,9681,DEPDC5,9681
218858_at,DEPTOR,64798,DEPTOR,64798
218102_at,DERA,51071,DERA,51071
218172_s_at,DERL1,79139,DERL1,79139
219402_s_at,DERL1,79139,DERL1,79139
218333_at,DERL2,51009,DERL2,51009
202222_s_at,DES,1674,DES,1674
216947_at,DES,1674,DES,1674
212527_at,DESI1,27351,DESI1,27351
212528_at,DESI1,27351,DESI1,27351
212371_at,DESI2,51029,DESI2,51029
219875_s_at,DESI2,51029,DESI2,51029
222158_s_at,DESI2,51029,DESI2,51029
219641_at,DET1,55070,DET1,55070
203733_at,DEXI,28955,DEXI,28955
203277_at,DFFA,1676,DFFA,1676
206752_s_at,DFFB,1677,DFFB,1677
203695_s_at,DFNA5,1687,DFNA5,1687
203669_s_at,DGAT1,8694,DGAT1,8694
215725_at,DGCR11,25786,DGCR11,25786
202099_s_at,DGCR2,9993,DGCR2,9993
214198_s_at,DGCR2,9993,DGCR2,9993
215244_at,DGCR5,26220,DGCR5,26220
214024_s_at,DGCR6L,85359,DGCR6L,85359
208024_s_at,DGCR6L///DGCR6,85359///8214,DGCR6L///DGCR6,85359///8214
215003_at,DGCR9,25787,DGCR9,25787
203385_at,DGKA,1606,DGKA,1606
211272_s_at,DGKA,1606,DGKA,1606
216307_at,DGKB,1607,DGKB,1607
208072_s_at,DGKD,8527,DGKD,8527
207518_at,DGKE,8526,DGKE,8526
206395_at,DGKG,1608,DGKG,1608
216349_at,DGKH,160851,DGKH,160851
206806_at,DGKI,9162,DGKI,9162
207562_at,DGKQ,1609,DGKQ,1609
207556_s_at,DGKZ,8525,DGKZ,8525
203816_at,DGUOK,1716,DGUOK,1716
209549_s_at,DGUOK,1716,DGUOK,1716
200862_at,DHCR24,1718,DHCR24,1718
201790_s_at,DHCR7,1717,DHCR7,1717
201791_s_at,DHCR7,1717,DHCR7,1717
218547_at,DHDDS,79947,DHDDS,79947
202532_s_at,DHFR,1719,DHFR,1719
202533_s_at,DHFR,1719,DHFR,1719
202534_x_at,DHFR,1719,DHFR,1719
48808_at,DHFR,1719,DHFR,1719
213631_x_at,DHODH,1723,DHODH,1723
213632_at,DHODH,1723,DHODH,1723
217647_at,DHODH,1723,DHODH,1723
202802_at,DHPS,1725,DHPS,1725
207831_x_at,DHPS,1725,DHPS,1725
211558_s_at,DHPS,1725,DHPS,1725
213279_at,DHRS1,115817,DHRS1,115817
218756_s_at,DHRS11,79154,DHRS11,79154
204800_s_at,DHRS12,79758,DHRS12,79758
204801_s_at,DHRS12,79758,DHRS12,79758
206463_s_at,DHRS2,10202,DHRS2,10202
214079_at,DHRS2,10202,DHRS2,10202
202481_at,DHRS3,9249,DHRS3,9249
218021_at,DHRS4L2///DHRS4,317749///10901,DHRS4L2///DHRS4,317749///10901
210788_s_at,DHRS7,51635,DHRS7,51635
213868_s_at,DHRS7,51635,DHRS7,51635
220690_s_at,DHRS7B,25979,DHRS7B,25979
219799_s_at,DHRS9,10170,DHRS9,10170
209916_at,DHTKD1,55526,DHTKD1,55526
201385_at,DHX15,1665,DHX15,1665
201386_s_at,DHX15,1665,DHX15,1665
203694_s_at,DHX16,8449,DHX16,8449
212648_at,DHX29,54505,DHX29,54505
212649_at,DHX29,54505,DHX29,54505
204355_at,DHX30,22907,DHX30,22907
212674_s_at,DHX30,22907,DHX30,22907
218198_at,DHX32,55760,DHX32,55760
204815_s_at,DHX34,9704,DHX34,9704
204816_s_at,DHX34,9704,DHX34,9704
214017_s_at,DHX34,9704,DHX34,9704
218579_s_at,DHX35,60625,DHX35,60625
209178_at,DHX38,9785,DHX38,9785
218277_s_at,DHX40,79665,DHX40,79665
213420_at,DHX57,90957,DHX57,90957
219364_at,DHX58,79132,DHX58,79132
203334_at,DHX8,1659,DHX8,1659
202420_s_at,DHX9,1660,DHX9,1660
212105_s_at,DHX9,1660,DHX9,1660
212107_s_at,DHX9,1660,DHX9,1660
219350_s_at,DIABLO,56616,DIABLO,56616
209190_s_at,DIAPH1,1729,DIAPH1,1729
213514_s_at,DIAPH1,1729,DIAPH1,1729
215541_s_at,DIAPH1,1729,DIAPH1,1729
205603_s_at,DIAPH2,1730,DIAPH2,1730
205726_at,DIAPH2,1730,DIAPH2,1730
217246_s_at,DIAPH2,1730,DIAPH2,1730
217050_at,DIAPH2-AS1,10824,DIAPH2-AS1,10824
217245_at,DIAPH2-AS1,10824,DIAPH2-AS1,10824
220997_s_at,DIAPH3,81624,DIAPH3,81624
206061_s_at,DICER1,23405,DICER1,23405
212888_at,DICER1,23405,DICER1,23405
213229_at,DICER1,23405,DICER1,23405
216260_at,DICER1,23405,DICER1,23405
216280_s_at,DICER1,23405,DICER1,23405
216281_at,DICER1,23405,DICER1,23405
213213_at,DIDO1,11083,DIDO1,11083
218325_s_at,DIDO1,11083,DIDO1,11083
204699_s_at,DIEXF,27042,DIEXF,27042
204700_x_at,DIEXF,27042,DIEXF,27042
214193_s_at,DIEXF,27042,DIEXF,27042
220251_at,DIEXF,27042,DIEXF,27042
204405_x_at,DIMT1,27292,DIMT1,27292
210801_at,DIMT1,27292,DIMT1,27292
210802_s_at,DIMT1,27292,DIMT1,27292
217106_x_at,DIMT1,27292,DIMT1,27292
206457_s_at,DIO1,1733,DIO1,1733
203699_s_at,DIO2,1734,DIO2,1734
203700_s_at,DIO2,1734,DIO2,1734
210819_x_at,DIO2,1734,DIO2,1734
211215_x_at,DIO2,1734,DIO2,1734
207154_at,DIO3,1735,DIO3,1735
215529_x_at,DIP2A,23181,DIP2A,23181
212503_s_at,DIP2C,22982,DIP2C,22982
212504_at,DIP2C,22982,DIP2C,22982
219619_at,DIRAS2,54769,DIRAS2,54769
215506_s_at,DIRAS3,9077,DIRAS3,9077
214194_at,DIS3,22894,DIS3,22894
218362_s_at,DIS3,22894,DIS3,22894
217330_at,DISC1,27185,DISC1,27185
214724_at,DIXDC1,85458,DIXDC1,85458
216608_at,DKFZP434A062,26102,DKFZP434A062,26102
217219_at,DKFZP434A062,26102,DKFZP434A062,26102
216596_at,DKFZP434L187,26082,DKFZP434L187,26082
216028_at,DKFZP564C152,26120,DKFZP564C152,26120
213546_at,DKFZP586I1420,222161,DKFZP586I1420,222161
204602_at,DKK1,22943,DKK1,22943
219908_at,DKK2,27123,DKK2,27123
202196_s_at,DKK3,27122,DKK3,27122
207875_at,DKK3,27122,DKK3,27122
214247_s_at,DKK3,27122,DKK3,27122
221126_at,DKK3,27122,DKK3,27122
221127_s_at,DKK3,27122,DKK3,27122
206619_at,DKK4,27121,DKK4,27121
220284_at,DKKL1,27120,DKKL1,27120
211150_s_at,DLAT,1737,DLAT,1737
212568_s_at,DLAT,1737,DLAT,1737
213149_at,DLAT,1737,DLAT,1737
210762_s_at,DLC1,10395,DLC1,10395
220511_s_at,DLC1,10395,DLC1,10395
220512_at,DLC1,10395,DLC1,10395
209095_at,DLD,1738,DLD,1738
206798_x_at,DLEC1,9940,DLEC1,9940
207896_s_at,DLEC1,9940,DLEC1,9940
215085_x_at,DLEC1,9940,DLEC1,9940
205677_s_at,DLEU1,10301,DLEU1,10301
216856_s_at,DLEU2,8847,DLEU2,8847
216870_x_at,DLEU2,8847,DLEU2,8847
202514_at,DLG1,1739,DLG1,1739
202515_at,DLG1,1739,DLG1,1739
202516_s_at,DLG1,1739,DLG1,1739
215988_s_at,DLG1,1739,DLG1,1739
217208_s_at,DLG1,1739,DLG1,1739
206253_at,DLG2,1740,DLG2,1740
207732_s_at,DLG3,1741,DLG3,1741
212727_at,DLG3,1741,DLG3,1741
212728_at,DLG3,1741,DLG3,1741
212729_at,DLG3,1741,DLG3,1741
204592_at,DLG4,1742,DLG4,1742
210684_s_at,DLG4,1742,DLG4,1742
201681_s_at,DLG5,9231,DLG5,9231
210469_at,DLG5,9231,DLG5,9231
206489_s_at,DLGAP1,9229,DLGAP1,9229
206490_at,DLGAP1,9229,DLGAP1,9229
210750_s_at,DLGAP1,9229,DLGAP1,9229
210227_at,DLGAP2,9228,DLGAP2,9228
216916_s_at,DLGAP2,9228,DLGAP2,9228
202570_s_at,DLGAP4,22839,DLGAP4,22839
202571_s_at,DLGAP4,22839,DLGAP4,22839
202572_s_at,DLGAP4,22839,DLGAP4,22839
203764_at,DLGAP5,9787,DLGAP5,9787
209560_s_at,DLK1,8788,DLK1,8788
220262_s_at,DLK2,65989,DLK2,65989
219537_x_at,DLL3,10683,DLL3,10683
215210_s_at,DLST,1743,DLST,1743
207147_at,DLX2,1746,DLX2,1746
215685_s_at,DLX2,1746,DLX2,1746
208216_at,DLX4,1748,DLX4,1748
210259_s_at,DLX4,1748,DLX4,1748
213707_s_at,DLX5,1749,DLX5,1749
221289_at,DLX6,1750,DLX6,1750
208250_s_at,DMBT1,1755,DMBT1,1755
208382_s_at,DMC1,11144,DMC1,11144
208386_x_at,DMC1,11144,DMC1,11144
203881_s_at,DMD,1756,DMD,1756
207660_at,DMD,1756,DMD,1756
208086_s_at,DMD,1756,DMD,1756
208175_s_at,DMP1,1758,DMP1,1758
217067_s_at,DMP1,1758,DMP1,1758
217062_at,DMPK,1760,DMPK,1760
217066_s_at,DMPK,1760,DMPK,1760
37996_s_at,DMPK,1760,DMPK,1760
220493_at,DMRT1,1761,DMRT1,1761
203301_s_at,DMTF1,9988,DMTF1,9988
204505_s_at,DMTN,2039,DMTN,2039
213231_at,DMWD,1762,DMWD,1762
33768_at,DMWD,1762,DMWD,1762
203791_at,DMXL1,1657,DMXL1,1657
212820_at,DMXL2,23312,DMXL2,23312
215761_at,DMXL2,23312,DMXL2,23312
213647_at,DNA2,1763,DNA2,1763
215173_at,DNAAF1,123872,DNAAF1,123872
222068_s_at,DNAAF1,123872,DNAAF1,123872
219166_at,DNAAF2,55172,DNAAF2,55172
218460_at,DNAAF5,54919,DNAAF5,54919
214229_at,DNAH17,8632,DNAH17,8632
215840_at,DNAH2,146754,DNAH2,146754
215266_at,DNAH3,55567,DNAH3,55567
216415_at,DNAH3,55567,DNAH3,55567
220725_x_at,DNAH3,55567,DNAH3,55567
215341_at,DNAH6,1768,DNAH6,1768
214222_at,DNAH7,56171,DNAH7,56171
207959_s_at,DNAH9,1770,DNAH9,1770
210345_s_at,DNAH9,1770,DNAH9,1770
220125_at,DNAI1,27019,DNAI1,27019
220636_at,DNAI2,64446,DNAI2,64446
221668_s_at,DNAI2,64446,DNAI2,64446
200880_at,DNAJA1,3301,DNAJA1,3301
200881_s_at,DNAJA1,3301,DNAJA1,3301
209157_at,DNAJA2,10294,DNAJA2,10294
205963_s_at,DNAJA3,9093,DNAJA3,9093
220395_at,DNAJA4,55466,DNAJA4,55466
200664_s_at,DNAJB1,3337,DNAJB1,3337
200666_s_at,DNAJB1,3337,DNAJB1,3337
202865_at,DNAJB12,54788,DNAJB12,54788
202866_at,DNAJB12,54788,DNAJB12,54788
202867_s_at,DNAJB12,54788,DNAJB12,54788
214338_at,DNAJB12,54788,DNAJB12,54788
219237_s_at,DNAJB14,79982,DNAJB14,79982
202500_at,DNAJB2,3300,DNAJB2,3300
203810_at,DNAJB4,11080,DNAJB4,11080
203811_s_at,DNAJB4,11080,DNAJB4,11080
207453_s_at,DNAJB5,25822,DNAJB5,25822
212817_at,DNAJB5,25822,DNAJB5,25822
209015_s_at,DNAJB6,10049,DNAJB6,10049
202842_s_at,DNAJB9,4189,DNAJB9,4189
202843_at,DNAJB9,4189,DNAJB9,4189
218409_s_at,DNAJC1,64215,DNAJC1,64215
221781_s_at,DNAJC10,54431,DNAJC10,54431
221782_at,DNAJC10,54431,DNAJC10,54431
215792_s_at,DNAJC11,55735,DNAJC11,55735
218976_at,DNAJC12,56521,DNAJC12,56521
212467_at,DNAJC13,23317,DNAJC13,23317
218435_at,DNAJC15,29103,DNAJC15,29103
212908_at,DNAJC16,23341,DNAJC16,23341
212911_at,DNAJC16,23341,DNAJC16,23341
217358_at,DNAJC16,23341,DNAJC16,23341
219861_at,DNAJC17,55192,DNAJC17,55192
213097_s_at,DNAJC2,27000,DNAJC2,27000
220441_at,DNAJC22,79962,DNAJC22,79962
213853_at,DNAJC24,120526,DNAJC24,120526
220372_at,DNAJC28,54943,DNAJC28,54943
208499_s_at,DNAJC3,5611,DNAJC3,5611
206781_at,DNAJC4,3338,DNAJC4,3338
206782_s_at,DNAJC4,3338,DNAJC4,3338
213919_at,DNAJC4,3338,DNAJC4,3338
204720_s_at,DNAJC6,9829,DNAJC6,9829
204721_s_at,DNAJC6,9829,DNAJC6,9829
202416_at,DNAJC7,7266,DNAJC7,7266
215252_at,DNAJC7,7266,DNAJC7,7266
205545_x_at,DNAJC8,22826,DNAJC8,22826
212490_at,DNAJC8,22826,DNAJC8,22826
212491_s_at,DNAJC8,22826,DNAJC8,22826
213088_s_at,DNAJC9,23234,DNAJC9,23234
213092_x_at,DNAJC9,23234,DNAJC9,23234
204008_at,DNAL4,10126,DNAL4,10126
205186_at,DNALI1,7802,DNALI1,7802
210165_at,DNASE1,1773,DNASE1,1773
203912_s_at,DNASE1L1,1774,DNASE1L1,1774
207192_at,DNASE1L2,1775,DNASE1L2,1775
205554_s_at,DNASE1L3,1776,DNASE1L3,1776
209831_x_at,DNASE2,1777,DNASE2,1777
214992_s_at,DNASE2,1777,DNASE2,1777
220380_at,DNASE2B,58511,DNASE2B,58511
222070_at,DND1,373863,DND1,373863
57739_at,DND1,373863,DND1,373863
220162_s_at,DNLZ///CARD9,728489///64170,DNLZ///CARD9,728489///64170
215116_s_at,DNM1,1759,DNM1,1759
217341_at,DNM1,1759,DNM1,1759
203105_s_at,DNM1L,10059,DNM1L,10059
202253_s_at,DNM2,1785,DNM2,1785
216024_at,DNM2,1785,DNM2,1785
209839_at,DNM3,26052,DNM3,26052
212838_at,DNMBP,23268,DNMBP,23268
201697_s_at,DNMT1,1786,DNMT1,1786
218457_s_at,DNMT3A,1788,DNMT3A,1788
220668_s_at,DNMT3B,1789,DNMT3B,1789
220139_at,DNMT3L,29947,DNMT3L,29947
201937_s_at,DNPEP,23549,DNPEP,23549
215135_at,DNPEP,23549,DNPEP,23549
38703_at,DNPEP,23549,DNPEP,23549
204238_s_at,DNPH1,10591,DNPH1,10591
213871_s_at,DNPH1,10591,DNPH1,10591
39817_s_at,DNPH1,10591,DNPH1,10591
210487_at,DNTT,1791,DNTT,1791
202776_at,DNTTIP2,30836,DNTTIP2,30836
205744_at,DOC2A,8448,DOC2A,8448
207311_at,DOC2B,8447,DOC2B,8447
203187_at,DOCK1,1793,DOCK1,1793
215151_at,DOCK10,55619,DOCK10,55619
219279_at,DOCK10,55619,DOCK10,55619
213160_at,DOCK2,1794,DOCK2,1794
213482_at,DOCK3,1795,DOCK3,1795
205003_at,DOCK4,9732,DOCK4,9732
215361_at,DOCK5,80005,DOCK5,80005
219921_s_at,DOCK5,80005,DOCK5,80005
221793_at,DOCK6,57572,DOCK6,57572
221794_at,DOCK6,57572,DOCK6,57572
222003_s_at,DOCK6,57572,DOCK6,57572
222004_s_at,DOCK6,57572,DOCK6,57572
55583_at,DOCK6,57572,DOCK6,57572
212538_at,DOCK9,23348,DOCK9,23348
215041_s_at,DOCK9,23348,DOCK9,23348
215237_at,DOCK9,23348,DOCK9,23348
215238_s_at,DOCK9,23348,DOCK9,23348
208141_s_at,DOHH,83475,DOHH,83475
210030_at,DOHH,83475,DOHH,83475
213949_s_at,DOHH,83475,DOHH,83475
211121_s_at,DOK1,1796,DOK1,1796
216835_s_at,DOK1,1796,DOK1,1796
214054_at,DOK2,9046,DOK2,9046
220320_at,DOK3,79930,DOK3,79930
207747_s_at,DOK4,55715,DOK4,55715
209690_s_at,DOK4,55715,DOK4,55715
209691_s_at,DOK4,55715,DOK4,55715
214844_s_at,DOK5,55816,DOK5,55816
204488_at,DOLK,22845,DOLK,22845
221817_at,DOLPP1,57171,DOLPP1,57171
221677_s_at,DONSON,29980,DONSON,29980
213267_at,DOPEY1,23033,DOPEY1,23033
213271_s_at,DOPEY1,23033,DOPEY1,23033
40612_at,DOPEY1,23033,DOPEY1,23033
205248_at,DOPEY2,9980,DOPEY2,9980
215219_at,DOPEY2,9980,DOPEY2,9980
214865_at,DOT1L,84444,DOT1L,84444
209509_s_at,DPAGT1,1798,DPAGT1,1798
205983_at,DPEP1,1800,DPEP1,1800
219452_at,DPEP2,64174,DPEP2,64174
220179_at,DPEP3,64180,DPEP3,64180
206531_at,DPF1,8193,DPF1,8193
202116_at,DPF2,5977,DPF2,5977
219746_at,DPF3,8110,DPF3,8110
204514_at,DPH2,1802,DPH2,1802
219590_x_at,DPH5,51611,DPH5,51611
222360_at,DPH5,51611,DPH5,51611
202673_at,DPM1,8813,DPM1,8813
209391_at,DPM2,8818,DPM2,8818
219373_at,DPM3,54344,DPM3,54344
218567_x_at,DPP3,10072,DPP3,10072
203716_s_at,DPP4,1803,DPP4,1803
203717_at,DPP4,1803,DPP4,1803
211478_s_at,DPP4,1803,DPP4,1803
207789_s_at,DPP6,1804,DPP6,1804
220939_s_at,DPP8,54878,DPP8,54878
219651_at,DPPA4,55211,DPPA4,55211
207977_s_at,DPT,1805,DPT,1805
213068_at,DPT,1805,DPT,1805
213071_at,DPT,1805,DPT,1805
212792_at,DPY19L1,23333,DPY19L1,23333
215433_at,DPY19L1,23333,DPY19L1,23333
215102_at,DPY19L1P1,100129460,DPY19L1P1,100129460
215143_at,DPY19L2P2,349152,DPY19L2P2,349152
213391_at,DPY19L4,286148,DPY19L4,286148
219065_s_at,DPY30///MEMO1,84661///51072,DPY30///MEMO1,84661///51072
204646_at,DPYD,1806,DPYD,1806
206065_s_at,DPYS,1807,DPYS,1807
200762_at,DPYSL2,1808,DPYSL2,1808
201430_s_at,DPYSL3,1809,DPYSL3,1809
201431_s_at,DPYSL3,1809,DPYSL3,1809
205492_s_at,DPYSL4,10570,DPYSL4,10570
205493_s_at,DPYSL4,10570,DPYSL4,10570
214301_s_at,DPYSL4,10570,DPYSL4,10570
207654_x_at,DR1,1810,DR1,1810
209187_at,DR1,1810,DR1,1810
209188_x_at,DR1,1810,DR1,1810
216652_s_at,DR1,1810,DR1,1810
216653_at,DR1,1810,DR1,1810
218627_at,DRAM1,55332,DRAM1,55332
203258_at,DRAP1,10589,DRAP1,10589
208140_s_at,DRC3,83450,DRC3,83450
214652_at,DRD1,1812,DRD1,1812
206590_x_at,DRD2,1813,DRD2,1813
211624_s_at,DRD2,1813,DRD2,1813
216924_s_at,DRD2,1813,DRD2,1813
216938_x_at,DRD2,1813,DRD2,1813
211625_s_at,DRD3,1814,DRD3,1814
214559_at,DRD3,1814,DRD3,1814
208215_x_at,DRD4,1815,DRD4,1815
208486_at,DRD5,1816,DRD5,1816
202810_at,DRG1,4733,DRG1,4733
203267_s_at,DRG2,1819,DRG2,1819
203268_s_at,DRG2,1819,DRG2,1819
221108_at,DRICH1,51233,DRICH1,51233
218269_at,DROSHA,29102,DROSHA,29102
207648_at,DRP2,1821,DRP2,1821
207324_s_at,DSC1,1823,DSC1,1823
204750_s_at,DSC2,1824,DSC2,1824
204751_x_at,DSC2,1824,DSC2,1824
206032_at,DSC3,1825,DSC3,1825
206033_s_at,DSC3,1825,DSC3,1825
211484_s_at,DSCAM,1826,DSCAM,1826
216646_at,DSCC1,79075,DSCC1,79075
219000_s_at,DSCC1,79075,DSCC1,79075
203635_at,DSCR3,10311,DSCR3,10311
217309_s_at,DSCR3,10311,DSCR3,10311
207258_at,DSCR4,10281,DSCR4,10281
218854_at,DSE,29940,DSE,29940
217671_at,DSERG1,751816,DSERG1,751816
206642_at,DSG1,1828,DSG1,1828
217901_at,DSG2,1829,DSG2,1829
205595_at,DSG3,1830,DSG3,1830
219512_at,DSN1,79980,DSN1,79980
200606_at,DSP,1832,DSP,1832
221681_s_at,DSPP,1834,DSPP,1834
204455_at,DST,667,DST,667
212253_x_at,DST,667,DST,667
212254_s_at,DST,667,DST,667
215016_x_at,DST,667,DST,667
215810_x_at,DST,667,DST,667
215814_at,DST,667,DST,667
216918_s_at,DST,667,DST,667
220154_at,DST,667,DST,667
201021_s_at,DSTN,11034,DSTN,11034
201022_s_at,DSTN,11034,DSTN,11034
211325_x_at,DSTNP2,171220,DSTNP2,171220
211514_at,DSTYK,25778,DSTYK,25778
211515_s_at,DSTYK,25778,DSTYK,25778
214663_at,DSTYK,25778,DSTYK,25778
218585_s_at,DTL,51514,DTL,51514
205741_s_at,DTNA,1837,DTNA,1837
208430_s_at,DTNA,1837,DTNA,1837
210091_s_at,DTNA,1837,DTNA,1837
210611_s_at,DTNA,1837,DTNA,1837
210736_x_at,DTNA,1837,DTNA,1837
211493_x_at,DTNA,1837,DTNA,1837
214253_s_at,DTNB,1838,DTNB,1838
215295_at,DTNB,1838,DTNB,1838
219291_at,DTWD1,56986,DTWD1,56986
179_at,DTX2P1-UPK3BP1-PMS2P11,441263,DTX2P1-UPK3BP1-PMS2P11,441263
210707_x_at,DTX2P1-UPK3BP1-PMS2P11,441263,DTX2P1-UPK3BP1-PMS2P11,441263
221835_at,DTX3,196403,DTX3,196403
222022_at,DTX3,196403,DTX3,196403
49049_at,DTX3,196403,DTX3,196403
49051_g_at,DTX3,196403,DTX3,196403
212611_at,DTX4,23220,DTX4,23220
203270_at,DTYMK,1841,DTYMK,1841
215800_at,DUOX1,53905,DUOX1,53905
219597_s_at,DUOX1,53905,DUOX1,53905
219727_at,DUOX2,50506,DUOX2,50506
217912_at,DUS1L,64118,DUS1L,64118
219486_at,DUS2,54920,DUS2,54920
47105_at,DUS2,54920,DUS2,54920
205761_s_at,DUS4L,11062,DUS4L,11062
205762_s_at,DUS4L,11062,DUS4L,11062
201041_s_at,DUSP1,1843,DUSP1,1843
201044_x_at,DUSP1,1843,DUSP1,1843
215501_s_at,DUSP10,11221,DUSP10,11221
221563_at,DUSP10,11221,DUSP10,11221
202703_at,DUSP11,8446,DUSP11,8446
218576_s_at,DUSP12,11266,DUSP12,11266
219963_at,DUSP13,51207,DUSP13,51207
203367_at,DUSP14,11072,DUSP14,11072
204794_at,DUSP2,1844,DUSP2,1844
220515_at,DUSP21,63904,DUSP21,63904
218845_at,DUSP22,56940,DUSP22,56940
219144_at,DUSP26,78986,DUSP26,78986
201536_at,DUSP3,1845,DUSP3,1845
201537_s_at,DUSP3,1845,DUSP3,1845
201538_s_at,DUSP3,1845,DUSP3,1845
204014_at,DUSP4,1846,DUSP4,1846
204015_s_at,DUSP4,1846,DUSP4,1846
209457_at,DUSP5,1847,DUSP5,1847
208891_at,DUSP6,1848,DUSP6,1848
208892_s_at,DUSP6,1848,DUSP6,1848
208893_s_at,DUSP6,1848,DUSP6,1848
213848_at,DUSP7,1849,DUSP7,1849
214793_at,DUSP7,1849,DUSP7,1849
205777_at,DUSP9,1852,DUSP9,1852
208955_at,DUT,1854,DUT,1854
208956_x_at,DUT,1854,DUT,1854
209932_s_at,DUT,1854,DUT,1854
208176_at,DUX1,26584,DUX1,26584
208582_s_at,DUX1///DUX3///DUX5,26584///26582///26581,DUX1///DUX3///DUX5,26584///26582///26581
216473_x_at,DUX4L24///DBET///LOC100291626///DUX4///LOC100288289///DUX4L2///DUX4L3///DUX4L5///DUX4L6///DUX4L7///LOC652301///DUX4L4///DUX4L8///DUX4L1,102723449///100419743///100291626///100288687///100288289///728410///653548///653545///653544///653543///652301///441056///26583///22947,DUX4L24///DBET///LOC100291626///DUX4///LOC100288289///DUX4L2///DUX4L3///DUX4L5///DUX4L6///DUX4L7///LOC652301///DUX4L4///DUX4L8///DUX4L1,102723449///100419743///100291626///100288687///100288289///728410///653548///653545///653544///653543///652301///441056///26583///22947
208201_at,DUX4L24///DBET///LOC100291626///DUX4///LOC100288289///LOC100287823///LOC100133400///DUX4L2///DUX4L3///DUX4L5///DUX4L6///DUX4L7///LOC652301///DUX4L4///DUX4L8///DUX3///DUX4L1,102723449///100419743///100291626///100288687///100288289///100287823///100133400///728410///653548///653545///653544///653543///652301///441056///26583///26582///22947,DUX4L24///DBET///LOC100291626///DUX4///LOC100288289///LOC100287823///LOC100133400///DUX4L2///DUX4L3///DUX4L5///DUX4L6///DUX4L7///LOC652301///DUX4L4///DUX4L8///DUX3///DUX4L1,102723449///100419743///100291626///100288687///100288289///100287823///100133400///728410///653548///653545///653544///653543///652301///441056///26583///26582///22947
203230_at,DVL1,1855,DVL1,1855
218759_at,DVL2,1856,DVL2,1856
57532_at,DVL2,1856,DVL2,1856
201907_x_at,DVL3,1857,DVL3,1857
201908_at,DVL3,1857,DVL3,1857
204522_at,DXO,1797,DXO,1797
215982_s_at,DXO,1797,DXO,1797
38157_at,DXO,1797,DXO,1797
220774_at,DYM,54808,DYM,54808
211928_at,DYNC1H1,1778,DYNC1H1,1778
205348_s_at,DYNC1I1,1780,DYNC1I1,1780
211684_s_at,DYNC1I2,1781,DYNC1I2,1781
217976_s_at,DYNC1LI1,51143,DYNC1LI1,51143
203590_at,DYNC1LI2,1783,DYNC1LI2,1783
213162_at,DYNC1LI2,1783,DYNC1LI2,1783
219469_at,DYNC2H1,79659,DYNC2H1,79659
203762_s_at,DYNC2LI1,51626,DYNC2LI1,51626
203763_at,DYNC2LI1,51626,DYNC2LI1,51626
200703_at,DYNLL1,8655,DYNLL1,8655
217917_s_at,DYNLRB1,83658,DYNLRB1,83658
217918_at,DYNLRB1,83658,DYNLRB1,83658
201999_s_at,DYNLT1,6993,DYNLT1,6993
203303_at,DYNLT3,6990,DYNLT3,6990
209033_s_at,DYRK1A,1859,DYRK1A,1859
211079_s_at,DYRK1A,1859,DYRK1A,1859
211541_s_at,DYRK1A,1859,DYRK1A,1859
215234_at,DYRK1A,1859,DYRK1A,1859
204954_s_at,DYRK1B,9149,DYRK1B,9149
217270_s_at,DYRK1B,9149,DYRK1B,9149
202968_s_at,DYRK2,8445,DYRK2,8445
202969_at,DYRK2,8445,DYRK2,8445
202970_at,DYRK2,8445,DYRK2,8445
202971_s_at,DYRK2,8445,DYRK2,8445
210151_s_at,DYRK3,8444,DYRK3,8444
212954_at,DYRK4,8798,DYRK4,8798
218660_at,DYSF,8291,DYSF,8291
214151_s_at,DYX1C1-CCPG1///CCPG1,100533483///9236,DYX1C1-CCPG1///CCPG1,100533483///9236
214152_at,DYX1C1-CCPG1///CCPG1,100533483///9236,DYX1C1-CCPG1///CCPG1,100533483///9236
221511_x_at,DYX1C1-CCPG1///CCPG1,100533483///9236,DYX1C1-CCPG1///CCPG1,100533483///9236
222156_x_at,DYX1C1-CCPG1///CCPG1,100533483///9236,DYX1C1-CCPG1///CCPG1,100533483///9236
219951_s_at,DZANK1,55184,DZANK1,55184
204556_s_at,DZIP1,22873,DZIP1,22873
204557_s_at,DZIP1,22873,DZIP1,22873
207231_at,DZIP3,9666,DZIP3,9666
207232_s_at,DZIP3,9666,DZIP3,9666
213186_at,DZIP3,9666,DZIP3,9666
2028_s_at,E2F1,1869,E2F1,1869
204947_at,E2F1,1869,E2F1,1869
207042_at,E2F2,1870,E2F2,1870
203692_s_at,E2F3,1871,E2F3,1871
203693_s_at,E2F3,1871,E2F3,1871
202248_at,E2F4,1874,E2F4,1874
38707_r_at,E2F4,1874,E2F4,1874
221586_s_at,E2F5,1875,E2F5,1875
222051_s_at,E2F5,1875,E2F5,1875
203957_at,E2F6,1876,E2F6,1876
219990_at,E2F8,79733,E2F8,79733
218524_at,E4F1,1877,E4F1,1877
219551_at,EAF2,55840,EAF2,55840
202623_at,EAPP,55837,EAPP,55837
204274_at,EBAG9,9166,EBAG9,9166
204278_s_at,EBAG9,9166,EBAG9,9166
220392_at,EBF2,64641,EBF2,64641
219424_at,EBI3,10148,EBI3,10148
219906_at,EBLN2,55096,EBLN2,55096
202735_at,EBP,10682,EBP,10682
213787_s_at,EBP,10682,EBP,10682
213789_at,EBP,10682,EBP,10682
203013_at,ECD,11319,ECD,11319
201749_at,ECE1,1889,ECE1,1889
201750_s_at,ECE1,1889,ECE1,1889
206728_at,ECE2,9718,ECE2,9718
219914_at,ECEL1,9427,ECEL1,9427
200789_at,ECH1,1891,ECH1,1891
219974_x_at,ECHDC1,55862,ECHDC1,55862
218552_at,ECHDC2,55268,ECHDC2,55268
219298_at,ECHDC3,79746,ECHDC3,79746
201135_at,ECHS1,1892,ECHS1,1892
209759_s_at,ECI1,1632,ECI1,1632
218025_s_at,ECI2,10455,ECI2,10455
209365_s_at,ECM1,1893,ECM1,1893
206101_at,ECM2,1842,ECM2,1842
216667_at,ECRP,643332,ECRP,643332
218225_at,ECSIT,51295,ECSIT,51295
219787_s_at,ECT2,1894,ECT2,1894
206217_at,EDA,1896,EDA,1896
211127_x_at,EDA,1896,EDA,1896
211128_at,EDA,1896,EDA,1896
211129_x_at,EDA,1896,EDA,1896
211130_x_at,EDA,1896,EDA,1896
211131_s_at,EDA,1896,EDA,1896
221399_at,EDA2R,60401,EDA2R,60401
220048_at,EDAR,10913,EDAR,10913
219207_at,EDC3,80153,EDC3,80153
202496_at,EDC4,23644,EDC4,23644
208142_at,EDDM3A,10876,EDDM3A,10876
208143_s_at,EDDM3A,10876,EDDM3A,10876
217568_at,EDDM3A,10876,EDDM3A,10876
220759_at,EDDM3B,64184,EDDM3B,64184
203279_at,EDEM1,9695,EDEM1,9695
218282_at,EDEM2,55741,EDEM2,55741
220342_x_at,EDEM3,80267,EDEM3,80267
220926_s_at,EDEM3,80267,EDEM3,80267
209058_at,EDF1,8721,EDF1,8721
209059_s_at,EDF1,8721,EDF1,8721
207379_at,EDIL3,10085,EDIL3,10085
218995_s_at,EDN1,1906,EDN1,1906
206758_at,EDN2,1907,EDN2,1907
208399_s_at,EDN3,1908,EDN3,1908
217154_s_at,EDN3,1908,EDN3,1908
204463_s_at,EDNRA,1909,EDNRA,1909
204464_s_at,EDNRA,1909,EDNRA,1909
216235_s_at,EDNRA,1909,EDNRA,1909
204271_s_at,EDNRB,1910,EDNRB,1910
204273_at,EDNRB,1910,EDNRB,1910
206701_x_at,EDNRB,1910,EDNRB,1910
208115_x_at,EDRF1,26098,EDRF1,26098
213410_at,EDRF1,26098,EDRF1,26098
215072_x_at,EDRF1,26098,EDRF1,26098
204840_s_at,EEA1,8411,EEA1,8411
204841_s_at,EEA1,8411,EEA1,8411
209572_s_at,EED,8726,EED,8726
210656_at,EED,8726,EED,8726
204892_x_at,EEF1A1,1915,EEF1A1,1915
213477_x_at,EEF1A1,1915,EEF1A1,1915
213583_x_at,EEF1A1,1915,EEF1A1,1915
213614_x_at,EEF1A1,1915,EEF1A1,1915
204540_at,EEF1A2,1917,EEF1A2,1917
203113_s_at,EEF1D,1936,EEF1D,1936
213087_s_at,EEF1D,1936,EEF1D,1936
214394_x_at,EEF1D,1936,EEF1D,1936
214395_x_at,EEF1D,1936,EEF1D,1936
204905_s_at,EEF1E1,9521,EEF1E1,9521
213907_at,EEF1E1,9521,EEF1E1,9521
200094_s_at,EEF2,1938,EEF2,1938
204102_s_at,EEF2,1938,EEF2,1938
222013_x_at,EEF2KMT,196483,EEF2KMT,196483
220156_at,EFCAB1,79645,EFCAB1,79645
210525_x_at,EFCAB11,90141,EFCAB11,90141
214264_s_at,EFCAB11,90141,EFCAB11,90141
201775_s_at,EFCAB14,9813,EFCAB14,9813
201776_s_at,EFCAB14,9813,EFCAB14,9813
201777_s_at,EFCAB14,9813,EFCAB14,9813
201778_s_at,EFCAB14,9813,EFCAB14,9813
207572_at,EFCAB2,84288,EFCAB2,84288
211200_s_at,EFCAB2,84288,EFCAB2,84288
220271_x_at,EFCAB6,64800,EFCAB6,64800
220006_at,EFCC1,79825,EFCC1,79825
201842_s_at,EFEMP1,2202,EFEMP1,2202
201843_s_at,EFEMP1,2202,EFEMP1,2202
206580_s_at,EFEMP2,30008,EFEMP2,30008
209356_x_at,EFEMP2,30008,EFEMP2,30008
219833_s_at,EFHC1,114327,EFHC1,114327
220523_at,EFHC2,80258,EFHC2,80258
220591_s_at,EFHC2,80258,EFHC2,80258
209343_at,EFHD1,80303,EFHD1,80303
217992_s_at,EFHD2,79180,EFHD2,79180
218973_at,EFL1,79631,EFL1,79631
202023_at,EFNA1,1942,EFNA1,1942
208256_at,EFNA2,1943,EFNA2,1943
210132_at,EFNA3,1944,EFNA3,1944
205107_s_at,EFNA4,1945,EFNA4,1945
207301_at,EFNA5,1946,EFNA5,1946
214036_at,EFNA5,1946,EFNA5,1946
202711_at,EFNB1,1947,EFNB1,1947
202668_at,EFNB2,1948,EFNB2,1948
202669_s_at,EFNB2,1948,EFNB2,1948
205031_at,EFNB3,1949,EFNB3,1949
210883_x_at,EFNB3,1949,EFNB3,1949
212149_at,EFR3A,23167,EFR3A,23167
212150_at,EFR3A,23167,EFR3A,23167
215328_at,EFR3B,22979,EFR3B,22979
215334_at,EFR3B,22979,EFR3B,22979
204400_at,EFS,10278,EFS,10278
210880_s_at,EFS,10278,EFS,10278
206254_at,EGF,1950,EGF,1950
219454_at,EGFL6,25975,EGFL6,25975
218825_at,EGFL7,51162,EGFL7,51162
209490_s_at,EGFL8///PPT2,80864///9374,EGFL8///PPT2,80864///9374
201983_s_at,EGFR,1956,EGFR,1956
201984_s_at,EGFR,1956,EGFR,1956
210984_x_at,EGFR,1956,EGFR,1956
211550_at,EGFR,1956,EGFR,1956
211551_at,EGFR,1956,EGFR,1956
211607_x_at,EGFR,1956,EGFR,1956
221497_x_at,EGLN1,54583,EGLN1,54583
219232_s_at,EGLN3,112399,EGLN3,112399
222314_x_at,EGOT,100126791,EGOT,100126791
201693_s_at,EGR1,1958,EGR1,1958
201694_s_at,EGR1,1958,EGR1,1958
205249_at,EGR2,1959,EGR2,1959
206115_at,EGR3,1960,EGR3,1960
207767_s_at,EGR4,1961,EGR4,1961
207768_at,EGR4,1961,EGR4,1961
212650_at,EHBP1,23301,EHBP1,23301
212653_s_at,EHBP1,23301,EHBP1,23301
221755_at,EHBP1L1,254102,EHBP1L1,254102
91703_at,EHBP1L1,254102,EHBP1L1,254102
208112_x_at,EHD1,10938,EHD1,10938
209037_s_at,EHD1,10938,EHD1,10938
209038_s_at,EHD1,10938,EHD1,10938
209039_x_at,EHD1,10938,EHD1,10938
222221_x_at,EHD1,10938,EHD1,10938
205341_at,EHD2,30846,EHD2,30846
221870_at,EHD2,30846,EHD2,30846
45297_at,EHD2,30846,EHD2,30846
218935_at,EHD3,30845,EHD3,30845
209536_s_at,EHD4,30844,EHD4,30844
219850_s_at,EHF,26298,EHF,26298
205222_at,EHHADH,1962,EHHADH,1962
219339_s_at,EHMT1,79813,EHMT1,79813
202326_at,EHMT2,10919,EHMT2,10919
207484_s_at,EHMT2,10919,EHMT2,10919
208289_s_at,EI24,9538,EI24,9538
216396_s_at,EI24,9538,EI24,9538
208669_s_at,EID1,23741,EID1,23741
208670_s_at,EID1,23741,EID1,23741
211698_at,EID1,23741,EID1,23741
202021_x_at,EIF1,10209,EIF1,10209
211956_s_at,EIF1,10209,EIF1,10209
212130_x_at,EIF1,10209,EIF1,10209
212225_at,EIF1,10209,EIF1,10209
212227_x_at,EIF1,10209,EIF1,10209
217672_x_at,EIF1,10209,EIF1,10209
201016_at,EIF1AX,1964,EIF1AX,1964
201017_at,EIF1AX,1964,EIF1AX,1964
201018_at,EIF1AX,1964,EIF1AX,1964
201019_s_at,EIF1AX,1964,EIF1AX,1964
204409_s_at,EIF1AY,9086,EIF1AY,9086
204410_at,EIF1AY,9086,EIF1AY,9086
201738_at,EIF1B,10289,EIF1B,10289
217735_s_at,EIF2AK1,27102,EIF2AK1,27102
217736_s_at,EIF2AK1,27102,EIF2AK1,27102
204211_x_at,EIF2AK2,5610,EIF2AK2,5610
213294_at,EIF2AK2,5610,EIF2AK2,5610
218696_at,EIF2AK3,9451,EIF2AK3,9451
201632_at,EIF2B1,1967,EIF2B1,1967
202461_at,EIF2B2,8892,EIF2B2,8892
218488_at,EIF2B3,8891,EIF2B3,8891
209429_x_at,EIF2B4,8890,EIF2B4,8890
215482_s_at,EIF2B4,8890,EIF2B4,8890
212351_at,EIF2B5,8893,EIF2B5,8893
218253_s_at,EIF2D,1939,EIF2D,1939
201142_at,EIF2S1,1965,EIF2S1,1965
201143_s_at,EIF2S1,1965,EIF2S1,1965
201144_s_at,EIF2S1,1965,EIF2S1,1965
208725_at,EIF2S2,8894,EIF2S2,8894
208726_s_at,EIF2S2,8894,EIF2S2,8894
205321_at,EIF2S3,1968,EIF2S3,1968
200595_s_at,EIF3A,8661,EIF3A,8661
200596_s_at,EIF3A,8661,EIF3A,8661
200597_at,EIF3A,8661,EIF3A,8661
203462_x_at,EIF3B,8662,EIF3B,8662
208688_x_at,EIF3B,8662,EIF3B,8662
211501_s_at,EIF3B,8662,EIF3B,8662
200647_x_at,EIF3CL///EIF3C,728689///8663,EIF3CL///EIF3C,728689///8663
210949_s_at,EIF3CL///EIF3C,728689///8663,EIF3CL///EIF3C,728689///8663
215230_x_at,EIF3CL///EIF3C,728689///8663,EIF3CL///EIF3C,728689///8663
200005_at,EIF3D,8664,EIF3D,8664
208697_s_at,EIF3E,3646,EIF3E,3646
200023_s_at,EIF3F,8665,EIF3F,8665
200865_at,EIF3F,8665,EIF3F,8665
208887_at,EIF3G,8666,EIF3G,8666
201592_at,EIF3H,8667,EIF3H,8667
208756_at,EIF3I,8668,EIF3I,8668
208264_s_at,EIF3J,8669,EIF3J,8669
208985_s_at,EIF3J,8669,EIF3J,8669
210501_x_at,EIF3K,27335,EIF3K,27335
212716_s_at,EIF3K,27335,EIF3K,27335
221494_x_at,EIF3K,27335,EIF3K,27335
217719_at,EIF3L,51386,EIF3L,51386
202231_at,EIF3M,10480,EIF3M,10480
202232_s_at,EIF3M,10480,EIF3M,10480
215190_at,EIF3M,10480,EIF3M,10480
201303_at,EIF4A3,9775,EIF4A3,9775
211937_at,EIF4B,1975,EIF4B,1975
211938_at,EIF4B,1975,EIF4B,1975
219599_at,EIF4B,1975,EIF4B,1975
201435_s_at,EIF4E,1977,EIF4E,1977
201436_at,EIF4E,1977,EIF4E,1977
201437_s_at,EIF4E,1977,EIF4E,1977
209393_s_at,EIF4E2,9470,EIF4E2,9470
213570_at,EIF4E2,9470,EIF4E2,9470
213571_s_at,EIF4E2,9470,EIF4E2,9470
221539_at,EIF4EBP1,1978,EIF4EBP1,1978
208769_at,EIF4EBP2,1979,EIF4EBP2,1979
208770_s_at,EIF4EBP2,1979,EIF4EBP2,1979
218626_at,EIF4ENIF1,56478,EIF4ENIF1,56478
208624_s_at,EIF4G1,1981,EIF4G1,1981
208625_s_at,EIF4G1,1981,EIF4G1,1981
200004_at,EIF4G2,1982,EIF4G2,1982
217607_x_at,EIF4G2,1982,EIF4G2,1982
201935_s_at,EIF4G3,8672,EIF4G3,8672
201936_s_at,EIF4G3,8672,EIF4G3,8672
206621_s_at,EIF4H,7458,EIF4H,7458
208290_s_at,EIF5,1983,EIF5,1983
208705_s_at,EIF5,1983,EIF5,1983
208706_s_at,EIF5,1983,EIF5,1983
208707_at,EIF5,1983,EIF5,1983
208708_x_at,EIF5,1983,EIF5,1983
201122_x_at,EIF5A,1984,EIF5A,1984
201123_s_at,EIF5A,1984,EIF5A,1984
213753_x_at,EIF5A,1984,EIF5A,1984
220198_s_at,EIF5A2,56648,EIF5A2,56648
201024_x_at,EIF5B,9669,EIF5B,9669
201025_at,EIF5B,9669,EIF5B,9669
201026_at,EIF5B,9669,EIF5B,9669
201027_s_at,EIF5B,9669,EIF5B,9669
214313_s_at,EIF5B,9669,EIF5B,9669
214314_s_at,EIF5B,9669,EIF5B,9669
210213_s_at,EIF6,3692,EIF6,3692
219325_s_at,ELAC1,55520,ELAC1,55520
201766_at,ELAC2,60528,ELAC2,60528
201767_s_at,ELAC2,60528,ELAC2,60528
206871_at,ELANE,1991,ELANE,1991
201726_at,ELAVL1,1994,ELAVL1,1994
201727_s_at,ELAVL1,1994,ELAVL1,1994
208427_s_at,ELAVL2,1993,ELAVL2,1993
206338_at,ELAVL3,1995,ELAVL3,1995
206051_at,ELAVL4,1996,ELAVL4,1996
212418_at,ELF1,1997,ELF1,1997
212420_at,ELF1,1997,ELF1,1997
203822_s_at,ELF2,1998,ELF2,1998
210361_s_at,ELF2,1998,ELF2,1998
201510_at,ELF3,1999,ELF3,1999
210827_s_at,ELF3,1999,ELF3,1999
203490_at,ELF4,2000,ELF4,2000
31845_at,ELF4,2000,ELF4,2000
220624_s_at,ELF5,2001,ELF5,2001
220625_s_at,ELF5,2001,ELF5,2001
203617_x_at,ELK1,2002,ELK1,2002
210376_x_at,ELK1,2002,ELK1,2002
210850_s_at,ELK1,2002,ELK1,2002
217039_x_at,ELK2AP,2003,ELK2AP,2003
206127_at,ELK3,2004,ELK3,2004
221773_at,ELK3,2004,ELK3,2004
205994_at,ELK4,2005,ELK4,2005
206919_at,ELK4,2005,ELK4,2005
214831_at,ELK4,2005,ELK4,2005
204095_s_at,ELL,8178,ELL,8178
204096_s_at,ELL,8178,ELL,8178
214445_at,ELL2,22936,ELL2,22936
214446_at,ELL2,22936,ELL2,22936
219517_at,ELL3,80237,ELL3,80237
219518_s_at,ELL3,80237,ELL3,80237
204513_s_at,ELMO1,9844,ELMO1,9844
220363_s_at,ELMO2,63916,ELMO2,63916
221528_s_at,ELMO2,63916,ELMO2,63916
55692_at,ELMO2,63916,ELMO2,63916
219411_at,ELMO3,79767,ELMO3,79767
212670_at,ELN,2006,ELN,2006
216269_s_at,ELN,2006,ELN,2006
213712_at,ELOVL2,54898,ELOVL2,54898
220029_at,ELOVL2,54898,ELOVL2,54898
219532_at,ELOVL4,6785,ELOVL4,6785
208788_at,ELOVL5,60481,ELOVL5,60481
214153_at,ELOVL5,60481,ELOVL5,60481
215082_at,ELOVL5,60481,ELOVL5,60481
204256_at,ELOVL6,79071,ELOVL6,79071
210868_s_at,ELOVL6,79071,ELOVL6,79071
221094_s_at,ELP3,55140,ELP3,55140
203829_at,ELP4,26610,ELP4,26610
219260_s_at,ELP5,23587,ELP5,23587
220600_at,ELP6,54859,ELP6,54859
220366_at,ELSPBP1,64100,ELSPBP1,64100
212394_at,EMC1,23065,EMC1,23065
212395_s_at,EMC1,23065,EMC1,23065
212396_s_at,EMC1,23065,EMC1,23065
215991_s_at,EMC1,23065,EMC1,23065
222345_at,EMC10,284361,EMC10,284361
203584_at,EMC2,9694,EMC2,9694
215250_at,EMC3,55831,EMC3,55831
217882_at,EMC3,55831,EMC3,55831
221255_s_at,EMC6,83460,EMC6,83460
217898_at,EMC7,56851,EMC7,56851
218057_x_at,EMC8,10328,EMC8,10328
219203_at,EMC9,51016,EMC9,51016
219436_s_at,EMCN,51705,EMCN,51705
209477_at,EMD,2010,EMD,2010
209233_at,EMG1,10436,EMG1,10436
213779_at,EMID1,129080,EMID1,129080
204163_at,EMILIN1,11117,EMILIN1,11117
221980_at,EMILIN2,84034,EMILIN2,84034
204796_at,EML1,2009,EML1,2009
204797_s_at,EML1,2009,EML1,2009
204397_at,EML2,24139,EML2,24139
204398_s_at,EML2,24139,EML2,24139
204399_s_at,EML2,24139,EML2,24139
203442_x_at,EML3,256364,EML3,256364
203443_at,EML3,256364,EML3,256364
212969_x_at,EML3,256364,EML3,256364
220386_s_at,EML4,27436,EML4,27436
201324_at,EMP1,2012,EMP1,2012
201325_s_at,EMP1,2012,EMP1,2012
213895_at,EMP1,2012,EMP1,2012
204975_at,EMP2,2013,EMP2,2013
203729_at,EMP3,2014,EMP3,2014
219012_s_at,EMSY,56946,EMSY,56946
215264_at,EMX1,2016,EMX1,2016
215265_at,EMX1,2016,EMX1,2016
221950_at,EMX2,2018,EMX2,2018
220559_at,EN1,2019,EN1,2019
207060_at,EN2,2020,EN2,2020
217820_s_at,ENAH,55740,ENAH,55740
201340_s_at,ENC1,8507,ENC1,8507
201341_at,ENC1,8507,ENC1,8507
212570_at,ENDOD1,23052,ENDOD1,23052
212573_at,ENDOD1,23052,ENDOD1,23052
204824_at,ENDOG,2021,ENDOG,2021
206605_at,ENDOU,8909,ENDOU,8909
201808_s_at,ENG,2022,ENG,2022
201809_s_at,ENG,2022,ENG,2022
220349_s_at,ENGASE,64772,ENGASE,64772
65635_at,ENGASE,64772,ENGASE,64772
201231_s_at,ENO1,2023,ENO1,2023
216554_s_at,ENO1,2023,ENO1,2023
217294_s_at,ENO1,2023,ENO1,2023
201313_at,ENO2,2026,ENO2,2026
204483_at,ENO3,2027,ENO3,2027
217956_s_at,ENOPH1,58478,ENOPH1,58478
204142_at,ENOSF1,55556,ENOSF1,55556
204143_s_at,ENOSF1,55556,ENOSF1,55556
213645_at,ENOSF1,55556,ENOSF1,55556
217690_at,ENOSF1,55556,ENOSF1,55556
219501_at,ENOX1,55068,ENOX1,55068
204643_s_at,ENOX2,10495,ENOX2,10495
204644_at,ENOX2,10495,ENOX2,10495
32042_at,ENOX2,10495,ENOX2,10495
204844_at,ENPEP,2028,ENPEP,2028
204845_s_at,ENPEP,2028,ENPEP,2028
205065_at,ENPP1,5167,ENPP1,5167
205066_s_at,ENPP1,5167,ENPP1,5167
209392_at,ENPP2,5168,ENPP2,5168
210839_s_at,ENPP2,5168,ENPP2,5168
219912_s_at,ENPP3,5169,ENPP3,5169
204160_s_at,ENPP4,22875,ENPP4,22875
204161_s_at,ENPP4,22875,ENPP4,22875
202596_at,ENSA,2029,ENSA,2029
221486_at,ENSA,2029,ENSA,2029
221487_s_at,ENSA,2029,ENSA,2029
207691_x_at,ENTPD1,953,ENTPD1,953
209473_at,ENTPD1,953,ENTPD1,953
209474_s_at,ENTPD1,953,ENTPD1,953
219731_at,ENTPD1-AS1,728558,ENTPD1-AS1,728558
207372_s_at,ENTPD2,954,ENTPD2,954
206191_at,ENTPD3,956,ENTPD3,956
204076_at,ENTPD4,9583,ENTPD4,9583
204077_x_at,ENTPD4,9583,ENTPD4,9583
205757_at,ENTPD5,957,ENTPD5,957
201704_at,ENTPD6,955,ENTPD6,955
220153_at,ENTPD7,57089,ENTPD7,57089
218482_at,ENY2,56943,ENY2,56943
221935_s_at,EOGT,285203,EOGT,285203
202221_s_at,EP300,2033,EP300,2033
213579_s_at,EP300,2033,EP300,2033
212375_at,EP400,57634,EP400,57634
212376_s_at,EP400,57634,EP400,57634
200878_at,EPAS1,2034,EPAS1,2034
200879_s_at,EPAS1,2034,EPAS1,2034
207793_s_at,EPB41,2035,EPB41,2035
214530_x_at,EPB41,2035,EPB41,2035
212336_at,EPB41L1,2036,EPB41L1,2036
212339_at,EPB41L1,2036,EPB41L1,2036
222066_at,EPB41L1,2036,EPB41L1,2036
201718_s_at,EPB41L2,2037,EPB41L2,2037
201719_s_at,EPB41L2,2037,EPB41L2,2037
206710_s_at,EPB41L3,23136,EPB41L3,23136
211776_s_at,EPB41L3,23136,EPB41L3,23136
212681_at,EPB41L3,23136,EPB41L3,23136
220119_at,EPB41L4A,64097,EPB41L4A,64097
220120_s_at,EPB41L4A,64097,EPB41L4A,64097
220364_at,EPB41L4A-AS2,54508,EPB41L4A-AS2,54508
220161_s_at,EPB41L4B,54566,EPB41L4B,54566
220524_at,EPB41L4B,54566,EPB41L4B,54566
220977_x_at,EPB41L5,57669,EPB41L5,57669
210746_s_at,EPB42,2038,EPB42,2038
201839_s_at,EPCAM,4072,EPCAM,4072
205977_s_at,EPHA1,2041,EPHA1,2041
215804_at,EPHA1,2041,EPHA1,2041
203499_at,EPHA2,1969,EPHA2,1969
206070_s_at,EPHA3,2042,EPHA3,2042
206071_s_at,EPHA3,2042,EPHA3,2042
211164_at,EPHA3,2042,EPHA3,2042
206114_at,EPHA4,2043,EPHA4,2043
215664_s_at,EPHA5,2044,EPHA5,2044
216837_at,EPHA5,2044,EPHA5,2044
206852_at,EPHA7,2045,EPHA7,2045
210753_s_at,EPHB1,2047,EPHB1,2047
211898_s_at,EPHB1,2047,EPHB1,2047
209588_at,EPHB2,2048,EPHB2,2048
209589_s_at,EPHB2,2048,EPHB2,2048
210651_s_at,EPHB2,2048,EPHB2,2048
211165_x_at,EPHB2,2048,EPHB2,2048
1438_at,EPHB3,2049,EPHB3,2049
204600_at,EPHB3,2049,EPHB3,2049
202894_at,EPHB4,2050,EPHB4,2050
216680_s_at,EPHB4,2050,EPHB4,2050
204718_at,EPHB6,2051,EPHB6,2051
202017_at,EPHX1,2052,EPHX1,2052
209368_at,EPHX2,2053,EPHX2,2053
220013_at,EPHX3,79852,EPHX3,79852
205231_s_at,EPM2A,7957,EPM2A,7957
210870_s_at,EPM2A,7957,EPM2A,7957
216079_at,EPM2A,7957,EPM2A,7957
202909_at,EPM2AIP1,9852,EPM2AIP1,9852
221141_x_at,EPN1,29924,EPN1,29924
203463_s_at,EPN2-IT1///EPN2,100874309///22905,EPN2-IT1///EPN2,100874309///22905
203464_s_at,EPN2-IT1///EPN2,100874309///22905,EPN2-IT1///EPN2,100874309///22905
220318_at,EPN3,55040,EPN3,55040
207257_at,EPO,2056,EPO,2056
217254_s_at,EPO,2056,EPO,2056
209962_at,EPOR,2057,EPOR,2057
209963_s_at,EPOR,2057,EPOR,2057
216999_at,EPOR,2057,EPOR,2057
37986_at,EPOR,2057,EPOR,2057
396_f_at,EPOR,2057,EPOR,2057
206318_at,EPPIN-WFDC6///EPPIN,100526773///57119,EPPIN-WFDC6///EPPIN,100526773///57119
206319_s_at,EPPIN-WFDC6///EPPIN,100526773///57119,EPPIN-WFDC6///EPPIN,100526773///57119
208156_x_at,EPPK1,83481,EPPK1,83481
200841_s_at,EPRS,2058,EPRS,2058
200842_s_at,EPRS,2058,EPRS,2058
200843_s_at,EPRS,2058,EPRS,2058
217886_at,EPS15,2060,EPS15,2060
217887_s_at,EPS15,2060,EPS15,2060
221056_x_at,EPS15L1,58513,EPS15L1,58513
222112_at,EPS15L1,58513,EPS15L1,58513
222113_s_at,EPS15L1,58513,EPS15L1,58513
202609_at,EPS8,2059,EPS8,2059
218778_x_at,EPS8L1,54869,EPS8L1,54869
218779_x_at,EPS8L1,54869,EPS8L1,54869
221655_x_at,EPS8L1,54869,EPS8L1,54869
221665_s_at,EPS8L1,54869,EPS8L1,54869
91826_at,EPS8L1,54869,EPS8L1,54869
218180_s_at,EPS8L2,64787,EPS8L2,64787
219404_at,EPS8L3,79574,EPS8L3,79574
214627_at,EPX,8288,EPX,8288
206439_at,EPYC,1833,EPYC,1833
212087_s_at,ERAL1,26284,ERAL1,26284
209701_at,ERAP1,51752,ERAP1,51752
209788_s_at,ERAP1,51752,ERAP1,51752
210385_s_at,ERAP1,51752,ERAP1,51752
214012_at,ERAP1,51752,ERAP1,51752
214034_at,ERAP1,51752,ERAP1,51752
219759_at,ERAP2,64167,ERAP2,64167
210930_s_at,ERBB2,2064,ERBB2,2064
216836_s_at,ERBB2,2064,ERBB2,2064
202454_s_at,ERBB3,2065,ERBB3,2065
215638_at,ERBB3,2065,ERBB3,2065
206794_at,ERBB4,2066,ERBB4,2066
214053_at,ERBB4,2066,ERBB4,2066
217941_s_at,ERBIN,55914,ERBIN,55914
215606_s_at,ERC1,23085,ERC1,23085
213938_at,ERC2,26059,ERC2,26059
208247_at,ERC2-IT1,711,ERC2-IT1,711
203719_at,ERCC1,2067,ERCC1,2067
203720_s_at,ERCC1,2067,ERCC1,2067
213468_at,ERCC2,2068,ERCC2,2068
202176_at,ERCC3,2071,ERCC3,2071
210158_at,ERCC4,2072,ERCC4,2072
202414_at,ERCC5,2073,ERCC5,2073
207347_at,ERCC6,2074,ERCC6,2074
219650_at,ERCC6L,54821,ERCC6L,54821
205162_at,ERCC8,1161,ERCC8,1161
220716_at,ERCC8,1161,ERCC8,1161
205767_at,EREG,2069,EREG,2069
203643_at,ERF,2077,ERF,2077
211626_x_at,ERG,2078,ERG,2078
213541_s_at,ERG,2078,ERG,2078
222079_at,ERG,2078,ERG,2078
218135_at,ERGIC2,51290,ERGIC2,51290
215257_at,ERGIC3,51614,ERGIC3,51614
216032_s_at,ERGIC3,51614,ERGIC3,51614
200043_at,ERH,2079,ERH,2079
213365_at,ERI2,112479,ERI2,112479
208973_at,ERI3,79033,ERI3,79033
217611_at,ERICH1,157697,ERICH1,157697
202441_at,ERLIN1,10613,ERLIN1,10613
202444_s_at,ERLIN1,10613,ERLIN1,10613
221542_s_at,ERLIN2,11160,ERLIN2,11160
221543_s_at,ERLIN2,11160,ERLIN2,11160
219905_at,ERMAP,114625,ERMAP,114625
218342_s_at,ERMP1,79956,ERMP1,79956
207061_at,ERN1,2081,ERN1,2081
214372_x_at,ERN2,10595,ERN2,10595
218498_s_at,ERO1A,30001,ERO1A,30001
220012_at,ERO1B,56605,ERO1B,56605
201216_at,ERP29,10961,ERP29,10961
208957_at,ERP44,23071,ERP44,23071
208958_at,ERP44,23071,ERP44,23071
208959_s_at,ERP44,23071,ERP44,23071
222139_at,ERV3-2,57612,ERV3-2,57612
215594_at,ERV9-1,100616497,ERV9-1,100616497
208360_s_at,ERVH-4,51359,ERVH-4,51359
211614_at,ERVH-6,51581,ERVH-6,51581
221200_at,ERVK3-2,100862697,ERVK3-2,100862697
219987_at,ERVMER34-1,100288413,ERVMER34-1,100288413
209009_at,ESD,2098,ESD,2098
215095_at,ESD,2098,ESD,2098
215096_s_at,ESD,2098,ESD,2098
218859_s_at,ESF1,51575,ESF1,51575
208394_x_at,ESM1,11082,ESM1,11082
204817_at,ESPL1,9700,ESPL1,9700
38158_at,ESPL1,9700,ESPL1,9700
219422_at,ESPN,83715,ESPN,83715
205225_at,ESR1,2099,ESR1,2099
211233_x_at,ESR1,2099,ESR1,2099
211234_x_at,ESR1,2099,ESR1,2099
211235_s_at,ESR1,2099,ESR1,2099
211627_x_at,ESR1,2099,ESR1,2099
215551_at,ESR1,2099,ESR1,2099
215552_s_at,ESR1,2099,ESR1,2099
217163_at,ESR1,2099,ESR1,2099
217190_x_at,ESR1,2099,ESR1,2099
210780_at,ESR2,2100,ESR2,2100
211117_x_at,ESR2,2100,ESR2,2100
211118_x_at,ESR2,2100,ESR2,2100
211119_at,ESR2,2100,ESR2,2100
211120_x_at,ESR2,2100,ESR2,2100
219121_s_at,ESRP1,54845,ESRP1,54845
1487_at,ESRRA,2101,ESRRA,2101
203193_at,ESRRA,2101,ESRRA,2101
207726_at,ESRRB,2103,ESRRB,2103
207981_s_at,ESRRG,2104,ESRRG,2104
209966_x_at,ESRRG,2104,ESRRG,2104
208858_s_at,ESYT1,23344,ESYT1,23344
219216_at,ETAA1,54465,ETAA1,54465
201573_s_at,ETF1,2107,ETF1,2107
201574_at,ETF1,2107,ETF1,2107
201931_at,ETFA,2108,ETFA,2108
202942_at,ETFB,2109,ETFB,2109
205530_at,ETFDH,2110,ETFDH,2110
33494_at,ETFDH,2110,ETFDH,2110
204034_at,ETHE1,23474,ETHE1,23474
219017_at,ETNK1,55500,ETNK1,55500
222262_s_at,ETNK1,55500,ETNK1,55500
219268_at,ETNK2,55224,ETNK2,55224
221008_s_at,ETNPPL,64850,ETNPPL,64850
214447_at,ETS1,2113,ETS1,2113
201328_at,ETS2,2114,ETS2,2114
201329_s_at,ETS2,2114,ETS2,2114
206501_x_at,ETV1,2115,ETV1,2115
217053_x_at,ETV1,2115,ETV1,2115
217061_s_at,ETV1,2115,ETV1,2115
221910_at,ETV1,2115,ETV1,2115
221911_at,ETV1,2115,ETV1,2115
215510_at,ETV2,2116,ETV2,2116
214480_at,ETV3,2117,ETV3,2117
211603_s_at,ETV4,2118,ETV4,2118
203348_s_at,ETV5,2119,ETV5,2119
203349_s_at,ETV5,2119,ETV5,2119
216375_s_at,ETV5,2119,ETV5,2119
205585_at,ETV6,2120,ETV6,2120
221680_s_at,ETV7,51513,ETV7,51513
220134_x_at,EVA1B,55194,EVA1B,55194
221710_x_at,EVA1B,55194,EVA1B,55194
210887_s_at,EVC,2121,EVC,2121
219432_at,EVC,2121,EVC,2121
204774_at,EVI2A,2123,EVI2A,2123
211742_s_at,EVI2B,2124,EVI2B,2124
208297_s_at,EVI5,7813,EVI5,7813
208298_at,EVI5,7813,EVI5,7813
209717_at,EVI5,7813,EVI5,7813
217838_s_at,EVL,51466,EVL,51466
204503_at,EVPL,2125,EVPL,2125
207914_x_at,EVX1,2128,EVX1,2128
209214_s_at,EWSR1,2130,EWSR1,2130
210011_s_at,EWSR1,2130,EWSR1,2130
210012_s_at,EWSR1,2130,EWSR1,2130
218363_at,EXD2,55218,EXD2,55218
220838_at,EXD3,54932,EXD3,54932
204603_at,EXO1,9156,EXO1,9156
219567_s_at,EXO5,64789,EXO5,64789
222127_s_at,EXOC1,55763,EXOC1,55763
219349_s_at,EXOC2,55770,EXOC2,55770
212630_at,EXOC3,11336,EXOC3,11336
218748_s_at,EXOC5,10640,EXOC5,10640
215417_at,EXOC6B,23233,EXOC6B,23233
212026_s_at,EXOC7,23265,EXOC7,23265
212034_s_at,EXOC7,23265,EXOC7,23265
212035_s_at,EXOC7,23265,EXOC7,23265
214802_at,EXOC7,23265,EXOC7,23265
215413_at,EXOC7,23265,EXOC7,23265
205521_at,EXOG,9941,EXOG,9941
206902_s_at,EXOG,9941,EXOG,9941
206903_at,EXOG,9941,EXOG,9941
218369_s_at,EXOSC1,51013,EXOSC1,51013
207541_s_at,EXOSC10,5394,EXOSC10,5394
209527_at,EXOSC2,23404,EXOSC2,23404
214507_s_at,EXOSC2,23404,EXOSC2,23404
216117_at,EXOSC2,23404,EXOSC2,23404
218695_at,EXOSC4,54512,EXOSC4,54512
58696_at,EXOSC4,54512,EXOSC4,54512
91684_g_at,EXOSC4,54512,EXOSC4,54512
218481_at,EXOSC5,56915,EXOSC5,56915
212627_s_at,EXOSC7,23016,EXOSC7,23016
213648_at,EXOSC7,23016,EXOSC7,23016
205200_at,EXOSC7///CLEC3B,23016///7123,EXOSC7///CLEC3B,23016///7123
215136_s_at,EXOSC8,11340,EXOSC8,11340
205061_s_at,EXOSC9,5393,EXOSC9,5393
213929_at,EXPH5,23086,EXPH5,23086
214734_at,EXPH5,23086,EXPH5,23086
215226_at,EXPH5,23086,EXPH5,23086
201995_at,EXT1,2131,EXT1,2131
214985_at,EXT1,2131,EXT1,2131
202012_s_at,EXT2,2132,EXT2,2132
202013_s_at,EXT2,2132,EXT2,2132
206329_at,EXTL1,2134,EXTL1,2134
209537_at,EXTL2,2135,EXTL2,2135
209202_s_at,EXTL3,2137,EXTL3,2137
211051_s_at,EXTL3,2137,EXTL3,2137
214608_s_at,EYA1,2138,EYA1,2138
209692_at,EYA2,2139,EYA2,2139
206379_at,EYA3,2140,EYA3,2140
207327_at,EYA4,2070,EYA4,2070
203249_at,EZH1,2145,EZH1,2145
211310_at,EZH1,2145,EZH1,2145
32259_at,EZH1,2145,EZH1,2145
203358_s_at,EZH2,2146,EZH2,2146
208621_s_at,EZR,7430,EZR,7430
208622_s_at,EZR,7430,EZR,7430
208623_s_at,EZR,7430,EZR,7430
217230_at,EZR,7430,EZR,7430
217234_s_at,EZR,7430,EZR,7430
205620_at,F10,2159,F10,2159
206610_s_at,F11,2160,F11,2160
221664_s_at,F11R,50848,F11R,50848
222354_at,F11R,50848,F11R,50848
205774_at,F12,2161,F12,2161
215961_at,F12,2161,F12,2161
203305_at,F13A1,2162,F13A1,2162
207810_at,F13B,2165,F13B,2165
205754_at,F2,2147,F2,2147
203989_x_at,F2R,2149,F2R,2149
206429_at,F2RL1,2150,F2RL1,2150
213506_at,F2RL1,2150,F2RL1,2150
206795_at,F2RL2,2151,F2RL2,2151
207221_at,F2RL3,9002,F2RL3,9002
204363_at,F3,2152,F3,2152
204713_s_at,F5,2153,F5,2153
204714_s_at,F5,2153,F5,2153
207300_s_at,F7,2155,F7,2155
205756_s_at,F8,2157,F8,2157
203274_at,F8A3///F8A2///F8A1,474384///474383///8263,F8A3///F8A2///F8A1,474384///474383///8263
207218_at,F9,2158,F9,2158
219429_at,FA2H,79152,FA2H,79152
204231_s_at,FAAH,2166,FAAH,2166
221800_s_at,FAAP100,80233,FAAP100,80233
214816_x_at,FAAP24,91442,FAAP24,91442
205892_s_at,FABP1,2168,FABP1,2168
207475_at,FABP2,2169,FABP2,2169
205738_s_at,FABP3,2170,FABP3,2170
214285_at,FABP3,2170,FABP3,2170
216569_at,FABP3P2,56677,FABP3P2,56677
203980_at,FABP4,2167,FABP4,2167
202345_s_at,FABP5,2171,FABP5,2171
210445_at,FABP6,2172,FABP6,2172
205029_s_at,FABP7,2173,FABP7,2173
205030_at,FABP7,2173,FABP7,2173
216192_at,FABP7,2173,FABP7,2173
202535_at,FADD,8772,FADD,8772
202218_s_at,FADS2,9415,FADS2,9415
204257_at,FADS3,3995,FADS3,3995
216080_s_at,FADS3,3995,FADS3,3995
218080_x_at,FAF1,11124,FAF1,11124
212106_at,FAF2,23197,FAF2,23197
212108_at,FAF2,23197,FAF2,23197
202862_at,FAH,2184,FAH,2184
218504_at,FAHD2A,51011,FAHD2A,51011
222056_s_at,FAHD2A,51011,FAHD2A,51011
222055_at,FAHD2CP///FAHD2B///FAHD2A,729234///151313///51011,FAHD2CP///FAHD2B///FAHD2A,729234///151313///51011
220643_s_at,FAIM,55179,FAIM,55179
203618_at,FAIM2,23017,FAIM2,23017
203619_s_at,FAIM2,23017,FAIM2,23017
212400_at,FAM102A,399665,FAM102A,399665
214947_at,FAM105A,54491,FAM105A,54491
219694_at,FAM105A,54491,FAM105A,54491
220575_at,FAM106A,80039,FAM106A,80039
207547_s_at,FAM107A,11170,FAM107A,11170
209074_s_at,FAM107A,11170,FAM107A,11170
221959_at,FAM110B,90362,FAM110B,90362
220430_at,FAM110D,79927,FAM110D,79927
218248_at,FAM111A,63901,FAM111A,63901
213455_at,FAM114A1,92689,FAM114A1,92689
218588_s_at,FAM114A2,10827,FAM114A2,10827
221249_s_at,FAM117A,81558,FAM117A,81558
219629_at,FAM118A,55007,FAM118A,55007
200767_s_at,FAM120A,23196,FAM120A,23196
200774_at,FAM120A,23196,FAM120A,23196
210516_at,FAM120A,23196,FAM120A,23196
220685_at,FAM120C,54954,FAM120C,54954
220637_at,FAM124B,79843,FAM124B,79843
201828_x_at,FAM127A,8933,FAM127A,8933
217948_at,FAM127B,26071,FAM127B,26071
217966_s_at,FAM129A,116496,FAM129A,116496
217967_s_at,FAM129A,116496,FAM129A,116496
221904_at,FAM131A,131408,FAM131A,131408
205368_at,FAM131B,9715,FAM131B,9715
218037_at,FAM134A,79137,FAM134A,79137
221983_at,FAM134A,79137,FAM134A,79137
221984_s_at,FAM134A,79137,FAM134A,79137
222129_at,FAM134A,79137,FAM134A,79137
213662_at,FAM134B,54463,FAM134B,54463
213663_s_at,FAM134B,54463,FAM134B,54463
218510_x_at,FAM134B,54463,FAM134B,54463
218532_s_at,FAM134B,54463,FAM134B,54463
212697_at,FAM134C,162427,FAM134C,162427
221233_s_at,FAM135A,57579,FAM135A,57579
202972_s_at,FAM13A,10144,FAM13A,10144
202973_x_at,FAM13A,10144,FAM13A,10144
217047_s_at,FAM13A,10144,FAM13A,10144
218518_at,FAM13B,51306,FAM13B,51306
214914_at,FAM13C,220965,FAM13C,220965
214889_at,FAM149A,25854,FAM149A,25854
214890_s_at,FAM149A,25854,FAM149A,25854
222291_at,FAM149A,25854,FAM149A,25854
213458_at,FAM149B1,317662,FAM149B1,317662
213463_s_at,FAM149B1,317662,FAM149B1,317662
213896_x_at,FAM149B1,317662,FAM149B1,317662
211166_at,FAM153A,285596,FAM153A,285596
214825_at,FAM155A,728215,FAM155A,728215
206299_at,FAM155B,27112,FAM155B,27112
218337_at,FAM160B2,64760,FAM160B2,64760
220942_x_at,FAM162A,26355,FAM162A,26355
221533_at,FAM162A,26355,FAM162A,26355
222095_s_at,FAM163A,148753,FAM163A,148753
212357_at,FAM168A,23201,FAM168A,23201
36612_at,FAM168A,23201,FAM168A,23201
212017_at,FAM168B,130074,FAM168B,130074
213954_at,FAM169A,26049,FAM169A,26049
212771_at,FAM171A1,221061,FAM171A1,221061
212936_at,FAM172A,83989,FAM172A,83989
219709_x_at,FAM173A,65990,FAM173A,65990
221880_s_at,FAM174B,400451,FAM174B,400451
222085_at,FAM174B,400451,FAM174B,400451
51158_at,FAM174B,400451,FAM174B,400451
212835_at,FAM175B,23172,FAM175B,23172
212837_at,FAM175B,23172,FAM175B,23172
213304_at,FAM179B,23116,FAM179B,23116
220150_s_at,FAM184A,79632,FAM184A,79632
216595_at,FAM186A,121006,FAM186A,121006
218297_at,FAM188A,80013,FAM188A,80013
213997_at,FAM189A1,23359,FAM189A1,23359
213900_at,FAM189A2,9413,FAM189A2,9413
203550_s_at,FAM189B,10712,FAM189B,10712
217896_s_at,FAM192A,80011,FAM192A,80011
203600_s_at,FAM193A,8603,FAM193A,8603
218920_at,FAM193B,54540,FAM193B,54540
219872_at,FAM198B,51313,FAM198B,51313
218390_s_at,FAM204A,63877,FAM204A,63877
216084_at,FAM205BP,389715,FAM205BP,389715
218998_at,FAM206A,54942,FAM206A,54942
209284_s_at,FAM208A,23272,FAM208A,23272
209285_s_at,FAM208A,23272,FAM208A,23272
216211_at,FAM208B,54906,FAM208B,54906
218331_s_at,FAM208B,54906,FAM208B,54906
202915_s_at,FAM20B,9917,FAM20B,9917
202916_s_at,FAM20B,9917,FAM20B,9917
207765_s_at,FAM214B,80256,FAM214B,80256
211433_x_at,FAM214B,80256,FAM214B,80256
221129_at,FAM215A,23591,FAM215A,23591
204521_at,FAM216A,29902,FAM216A,29902
218464_s_at,FAM222B,55731,FAM222B,55731
216786_at,FAM224A,401630,FAM224A,401630
213232_at,FAM234B,57613,FAM234B,57613
213234_at,FAM234B,57613,FAM234B,57613
215487_x_at,FAM27B///FAM27C///FAM182B,100133121///100132948///728882,FAM27B///FAM27C///FAM182B,100133121///100132948///728882
222205_x_at,FAM27B///FAM27C///FAM182B,100133121///100132948///728882,FAM27B///FAM27C///FAM182B,100133121///100132948///728882
216053_x_at,FAM27B///FAM27C///FAM182B///FAM182A,100133121///100132948///728882///284800,FAM27B///FAM27C///FAM182B///FAM182A,100133121///100132948///728882///284800
206478_at,FAM30A,9834,FAM30A,9834
220377_at,FAM30A,9834,FAM30A,9834
201863_at,FAM32A,26017,FAM32A,26017
220547_s_at,FAM35A,54537,FAM35A,54537
209405_s_at,FAM3A,60343,FAM3A,60343
38043_at,FAM3A,60343,FAM3A,60343
201889_at,FAM3C,10447,FAM3C,10447
221804_s_at,FAM45A///FAM45BP,404636///55855,FAM45A///FAM45BP,404636///55855
221766_s_at,FAM46A,55603,FAM46A,55603
220306_at,FAM46C,54855,FAM46C,54855
203986_at,FAM47E-STBD1///FAM47E///STBD1,100631383///100129583///8987,FAM47E-STBD1///FAM47E///STBD1,100631383///100129583///8987
208092_s_at,FAM49A,81553,FAM49A,81553
209683_at,FAM49A,81553,FAM49A,81553
217534_at,FAM49B,51571,FAM49B,51571
217916_s_at,FAM49B,51571,FAM49B,51571
203262_s_at,FAM50A,9130,FAM50A,9130
205775_at,FAM50B,26240,FAM50B,26240
203206_at,FAM53B,9679,FAM53B,9679
218023_s_at,FAM53C,51307,FAM53C,51307
218898_at,FAM57A,79850,FAM57A,79850
220147_s_at,FAM60A,58516,FAM60A,58516
221856_s_at,FAM63A,55793,FAM63A,55793
214691_x_at,FAM63B,54629,FAM63B,54629
222111_at,FAM63B,54629,FAM63B,54629
37802_r_at,FAM63B,54629,FAM63B,54629
221591_s_at,FAM64A,54478,FAM64A,54478
218029_at,FAM65A,79567,FAM65A,79567
45749_at,FAM65A,79567,FAM65A,79567
206707_x_at,FAM65B,9750,FAM65B,9750
209829_at,FAM65B,9750,FAM65B,9750
222194_at,FAM66D,100132923,FAM66D,100132923
213689_x_at,FAM69A,388650,FAM69A,388650
216044_x_at,FAM69A,388650,FAM69A,388650
216897_s_at,FAM76A,199870,FAM76A,199870
220312_at,FAM83E,54854,FAM83E,54854
220353_at,FAM86C1,55199,FAM86C1,55199
65585_at,FAM86DP///FAM86B2///FAM86FP///FAM86B1///FAM86C1,692099///653333///653113///85002///55199,FAM86DP///FAM86B2///FAM86FP///FAM86B1///FAM86C1,692099///653333///653113///85002///55199
212484_at,FAM89B,23625,FAM89B,23625
32209_at,FAM89B,23625,FAM89B,23625
203420_at,FAM8A1,51439,FAM8A1,51439
220535_at,FAM90A1,55138,FAM90A1,55138
218074_at,FAM96B,51647,FAM96B,51647
212333_at,FAM98A,25940,FAM98A,25940
203678_at,FAN1,22909,FAN1,22909
203805_s_at,FANCA,2175,FANCA,2175
203806_s_at,FANCA,2175,FANCA,2175
215530_at,FANCA,2175,FANCA,2175
205189_s_at,FANCC,2176,FANCC,2176
220255_at,FANCE,2178,FANCE,2178
218689_at,FANCF,2188,FANCF,2188
203564_at,FANCG,2189,FANCG,2189
213007_at,FANCI,55215,FANCI,55215
213008_at,FANCI,55215,FANCI,55215
218397_at,FANCL,55120,FANCL,55120
209955_s_at,FAP,2191,FAP,2191
220615_s_at,FAR2,55711,FAR2,55711
201910_at,FARP1,10160,FARP1,10160
201911_s_at,FARP1,10160,FARP1,10160
204511_at,FARP2,9855,FARP2,9855
204282_s_at,FARS2,10667,FARS2,10667
204283_at,FARS2,10667,FARS2,10667
215414_at,FARS2,10667,FARS2,10667
202159_at,FARSA,2193,FARSA,2193
216602_s_at,FARSA,2193,FARSA,2193
204780_s_at,FAS,355,FAS,355
204781_s_at,FAS,355,FAS,355
215719_x_at,FAS,355,FAS,355
216252_x_at,FAS,355,FAS,355
210865_at,FASLG,356,FASLG,356
211333_s_at,FASLG,356,FASLG,356
212218_s_at,FASN,2194,FASN,2194
217006_x_at,FASN,2194,FASN,2194
202676_x_at,FASTK,10922,FASTK,10922
210975_x_at,FASTK,10922,FASTK,10922
214114_x_at,FASTK,10922,FASTK,10922
219002_at,FASTKD1,79675,FASTKD1,79675
205976_at,FASTKD2,22868,FASTKD2,22868
216996_s_at,FASTKD2,22868,FASTKD2,22868
219200_at,FASTKD3,79072,FASTKD3,79072
219016_at,FASTKD5,60493,FASTKD5,60493
201579_at,FAT1,2195,FAT1,2195
208153_s_at,FAT2,2196,FAT2,2196
219427_at,FAT4,79633,FAT4,79633
200019_s_at,FAU,2197,FAU,2197
220751_s_at,FAXDC2,10826,FAXDC2,10826
48030_i_at,FAXDC2,10826,FAXDC2,10826
48031_r_at,FAXDC2,10826,FAXDC2,10826
211623_s_at,FBL,2091,FBL,2091
201787_at,FBLN1,2192,FBLN1,2192
202994_s_at,FBLN1,2192,FBLN1,2192
202995_s_at,FBLN1,2192,FBLN1,2192
207834_at,FBLN1,2192,FBLN1,2192
207835_at,FBLN1,2192,FBLN1,2192
203886_s_at,FBLN2,2199,FBLN2,2199
203088_at,FBLN5,10516,FBLN5,10516
202765_s_at,FBN1,2200,FBN1,2200
202766_s_at,FBN1,2200,FBN1,2200
203184_at,FBN2,2201,FBN2,2201
215717_s_at,FBN2,2201,FBN2,2201
209696_at,FBP1,2203,FBP1,2203
206844_at,FBP2,8789,FBP2,8789
218255_s_at,FBRS,64319,FBRS,64319
220127_s_at,FBXL12,54850,FBXL12,54850
213145_at,FBXL14,144699,FBXL14,144699
218938_at,FBXL15,79176,FBXL15,79176
215068_s_at,FBXL18,80028,FBXL18,80028
216395_at,FBXL18,80028,FBXL18,80028
220896_at,FBXL18,80028,FBXL18,80028
214436_at,FBXL2,25827,FBXL2,25827
209943_at,FBXL4,26235,FBXL4,26235
209004_s_at,FBXL5,26234,FBXL5,26234
209005_at,FBXL5,26234,FBXL5,26234
219189_at,FBXL6,26233,FBXL6,26233
213249_at,FBXL7,23194,FBXL7,23194
220080_at,FBXL8,55336,FBXL8,55336
203255_at,FBXO11,80204,FBXO11,80204
219208_at,FBXO11,80204,FBXO11,80204
222119_s_at,FBXO11,80204,FBXO11,80204
221123_x_at,FBXO16///ZNF395,157574///55893,FBXO16///ZNF395,157574///55893
220233_at,FBXO17,115290,FBXO17,115290
219305_x_at,FBXO2,26232,FBXO2,26232
212229_s_at,FBXO21,23014,FBXO21,23014
212231_at,FBXO21,23014,FBXO21,23014
214891_at,FBXO21,23014,FBXO21,23014
219638_at,FBXO22,26263,FBXO22,26263
221157_s_at,FBXO24,26261,FBXO24,26261
202271_at,FBXO28,23219,FBXO28,23219
202272_s_at,FBXO28,23219,FBXO28,23219
218432_at,FBXO3,26273,FBXO3,26273
222352_at,FBXO31,79791,FBXO31,79791
218539_at,FBXO34,55030,FBXO34,55030
219608_s_at,FBXO38,81545,FBXO38,81545
221257_x_at,FBXO38,81545,FBXO38,81545
220550_at,FBXO4,26272,FBXO4,26272
220164_s_at,FBXO40,51725,FBXO40,51725
221812_at,FBXO42,54455,FBXO42,54455
221813_at,FBXO42,54455,FBXO42,54455
47773_at,FBXO42,54455,FBXO42,54455
205310_at,FBXO46,23403,FBXO46,23403
218875_s_at,FBXO5,26271,FBXO5,26271
201178_at,FBXO7,25793,FBXO7,25793
210638_s_at,FBXO9,26268,FBXO9,26268
212987_at,FBXO9,26268,FBXO9,26268
212991_at,FBXO9,26268,FBXO9,26268
209455_at,FBXW11,23291,FBXW11,23291
209456_s_at,FBXW11,23291,FBXW11,23291
215600_x_at,FBXW12,285231,FBXW12,285231
209630_s_at,FBXW2,26190,FBXW2,26190
218941_at,FBXW2,26190,FBXW2,26190
221519_at,FBXW4,6468,FBXW4,6468
214623_at,FBXW4P1,26226,FBXW4P1,26226
218751_s_at,FBXW7,55294,FBXW7,55294
207674_at,FCAR,2204,FCAR,2204
211305_x_at,FCAR,2204,FCAR,2204
211306_s_at,FCAR,2204,FCAR,2204
211307_s_at,FCAR,2204,FCAR,2204
211816_x_at,FCAR,2204,FCAR,2204
211734_s_at,FCER1A,2205,FCER1A,2205
204232_at,FCER1G,2207,FCER1G,2207
206759_at,FCER2,2208,FCER2,2208
206760_s_at,FCER2,2208,FCER2,2208
215567_at,FCF1,51077,FCF1,51077
219927_at,FCF1,51077,FCF1,51077
203240_at,FCGBP,8857,FCGBP,8857
216951_at,FCGR1A,2209,FCGR1A,2209
214511_x_at,FCGR1B,2210,FCGR1B,2210
216950_s_at,FCGR1CP///FCGR1B///FCGR1A,100132417///2210///2209,FCGR1CP///FCGR1B///FCGR1A,100132417///2210///2209
203561_at,FCGR2A,2212,FCGR2A,2212
210889_s_at,FCGR2B,2213,FCGR2B,2213
210992_x_at,FCGR2C,9103,FCGR2C,9103
211395_x_at,FCGR2C,9103,FCGR2C,9103
211396_at,FCGR2C,9103,FCGR2C,9103
204007_at,FCGR3B,2215,FCGR3B,2215
204006_s_at,FCGR3B///FCGR3A,2215///2214,FCGR3B///FCGR3A,2215///2214
218831_s_at,FCGRT,2217,FCGRT,2217
213669_at,FCHO1,23149,FCHO1,23149
203620_s_at,FCHSD2,9873,FCHSD2,9873
221601_s_at,FCMR,9214,FCMR,9214
221602_s_at,FCMR,9214,FCMR,9214
205237_at,FCN1,2219,FCN1,2219
207804_s_at,FCN2,2220,FCN2,2220
208439_s_at,FCN2,2220,FCN2,2220
205866_at,FCN3,8547,FCN3,8547
221239_s_at,FCRL2,79368,FCRL2,79368
208647_at,FDFT1,2222,FDFT1,2222
210950_s_at,FDFT1,2222,FDFT1,2222
201275_at,FDPS,2224,FDPS,2224
203646_at,FDX1,2230,FDX1,2230
203647_s_at,FDX1,2230,FDX1,2230
207813_s_at,FDXR,2232,FDXR,2232
203115_at,FECH,2235,FECH,2235
203116_s_at,FECH,2235,FECH,2235
212367_at,FEM1B,10116,FEM1B,10116
212373_at,FEM1B,10116,FEM1B,10116
212374_at,FEM1B,10116,FEM1B,10116
213341_at,FEM1C,56929,FEM1C,56929
204767_s_at,FEN1,2237,FEN1,2237
204768_s_at,FEN1,2237,FEN1,2237
206412_at,FER,2241,FER,2241
220388_at,FER1L4,80307,FER1L4,80307
222245_s_at,FER1L4,80307,FER1L4,80307
218796_at,FERMT1,55612,FERMT1,55612
60474_at,FERMT1,55612,FERMT1,55612
209209_s_at,FERMT2,10979,FERMT2,10979
209210_s_at,FERMT2,10979,FERMT2,10979
214212_x_at,FERMT2,10979,FERMT2,10979
205418_at,FES,2242,FES,2242
210520_at,FETUB,26998,FETUB,26998
210521_s_at,FETUB,26998,FETUB,26998
214417_s_at,FETUB,26998,FETUB,26998
207260_at,FEV,54738,FEV,54738
203562_at,FEZ1,9638,FEZ1,9638
205973_at,FEZ1,9638,FEZ1,9638
202305_s_at,FEZ2,9637,FEZ2,9637
210704_at,FEZ2,9637,FEZ2,9637
215000_s_at,FEZ2,9637,FEZ2,9637
221086_s_at,FEZF2,55079,FEZF2,55079
221345_at,FFAR2,2867,FFAR2,2867
205649_s_at,FGA,2243,FGA,2243
205650_s_at,FGA,2243,FGA,2243
204988_at,FGB,2244,FGB,2244
216238_s_at,FGB,2244,FGB,2244
204819_at,FGD1,2245,FGD1,2245
215602_at,FGD2,221472,FGD2,221472
219901_at,FGD6,55785,FGD6,55785
205117_at,FGF1,2246,FGF1,2246
208240_s_at,FGF1,2246,FGF1,2246
207501_s_at,FGF12,2257,FGF12,2257
214589_at,FGF12,2257,FGF12,2257
205110_s_at,FGF13,2258,FGF13,2258
221310_at,FGF14,2259,FGF14,2259
221374_at,FGF16,8823,FGF16,8823
221376_at,FGF17,8822,FGF17,8822
206986_at,FGF18,8817,FGF18,8817
206987_x_at,FGF18,8817,FGF18,8817
211029_x_at,FGF18,8817,FGF18,8817
211485_s_at,FGF18,8817,FGF18,8817
214284_s_at,FGF18,8817,FGF18,8817
204421_s_at,FGF2,2247,FGF2,2247
204422_s_at,FGF2,2247,FGF2,2247
220394_at,FGF20,26281,FGF20,26281
221433_at,FGF21,26291,FGF21,26291
221315_s_at,FGF22,27006,FGF22,27006
221166_at,FGF23,8074,FGF23,8074
214571_at,FGF3,2248,FGF3,2248
206783_at,FGF4,2249,FGF4,2249
208378_x_at,FGF5,2250,FGF5,2250
210310_s_at,FGF5,2250,FGF5,2250
210311_at,FGF5,2250,FGF5,2250
208417_at,FGF6,2251,FGF6,2251
205782_at,FGF7,2252,FGF7,2252
208449_s_at,FGF8,2253,FGF8,2253
206404_at,FGF9,2254,FGF9,2254
205014_at,FGFBP1,9982,FGFBP1,9982
207822_at,FGFR1,2260,FGFR1,2260
207937_x_at,FGFR1,2260,FGFR1,2260
210973_s_at,FGFR1,2260,FGFR1,2260
211535_s_at,FGFR1,2260,FGFR1,2260
215404_x_at,FGFR1,2260,FGFR1,2260
222164_at,FGFR1,2260,FGFR1,2260
205587_at,FGFR1OP,11116,FGFR1OP,11116
205588_s_at,FGFR1OP,11116,FGFR1OP,11116
214124_x_at,FGFR1OP,11116,FGFR1OP,11116
203638_s_at,FGFR2,2263,FGFR2,2263
203639_s_at,FGFR2,2263,FGFR2,2263
208225_at,FGFR2,2263,FGFR2,2263
208228_s_at,FGFR2,2263,FGFR2,2263
208229_at,FGFR2,2263,FGFR2,2263
208234_x_at,FGFR2,2263,FGFR2,2263
211398_at,FGFR2,2263,FGFR2,2263
211399_at,FGFR2,2263,FGFR2,2263
211400_at,FGFR2,2263,FGFR2,2263
211401_s_at,FGFR2,2263,FGFR2,2263
204379_s_at,FGFR3,2261,FGFR3,2261
204380_s_at,FGFR3,2261,FGFR3,2261
204579_at,FGFR4,2264,FGFR4,2264
211237_s_at,FGFR4,2264,FGFR4,2264
219612_s_at,FGG,2266,FGG,2266
219718_at,FGGY,55277,FGGY,55277
205305_at,FGL1,2267,FGL1,2267
204834_at,FGL2,10875,FGL2,10875
208438_s_at,FGR,2268,FGR,2268
203032_s_at,FH,2271,FH,2271
203033_x_at,FH,2271,FH,2271
214170_x_at,FH,2271,FH,2271
206492_at,FHIT,2272,FHIT,2272
201539_s_at,FHL1,2273,FHL1,2273
201540_at,FHL1,2273,FHL1,2273
210298_x_at,FHL1,2273,FHL1,2273
210299_s_at,FHL1,2273,FHL1,2273
214505_s_at,FHL1,2273,FHL1,2273
202949_s_at,FHL2,2274,FHL2,2274
218818_at,FHL3,2275,FHL3,2275
220170_at,FHL5,9457,FHL5,9457
218530_at,FHOD1,29109,FHOD1,29109
218980_at,FHOD3,80206,FHOD3,80206
202041_s_at,FIBP,9158,FIBP,9158
219910_at,FICD,11153,FICD,11153
203656_at,FIG4,9896,FIG4,9896
204135_at,FILIP1L,11259,FILIP1L,11259
221007_s_at,FIP1L1,81608,FIP1L1,81608
218034_at,FIS1,51024,FIS1,51024
219522_at,FJX1,24147,FJX1,24147
219249_s_at,FKBP10,60681,FKBP10,60681
219117_s_at,FKBP11,51303,FKBP11,51303
219118_at,FKBP11,51303,FKBP11,51303
219390_at,FKBP14,55033,FKBP14,55033
212663_at,FKBP15,23307,FKBP15,23307
31826_at,FKBP15,23307,FKBP15,23307
76897_s_at,FKBP15,23307,FKBP15,23307
206857_s_at,FKBP1B,2281,FKBP1B,2281
203391_at,FKBP2,2286,FKBP2,2286
218003_s_at,FKBP3,2287,FKBP3,2287
200894_s_at,FKBP4,2288,FKBP4,2288
200895_s_at,FKBP4,2288,FKBP4,2288
204560_at,FKBP5,2289,FKBP5,2289
206763_at,FKBP6,8468,FKBP6,8468
208255_s_at,FKBP8,23770,FKBP8,23770
222007_s_at,FKBP8,23770,FKBP8,23770
40850_at,FKBP8,23770,FKBP8,23770
212169_at,FKBP9,11328,FKBP9,11328
219187_at,FKBPL,63943,FKBPL,63943
219853_at,FKRP,79147,FKRP,79147
208120_x_at,FKSG49,400949,FKSG49,400949
211454_x_at,FKSG49,400949,FKSG49,400949
205283_at,FKTN,2218,FKTN,2218
205661_s_at,FLAD1,80308,FLAD1,80308
212541_at,FLAD1,80308,FLAD1,80308
215645_at,FLCN,201163,FLCN,201163
215704_at,FLG,2312,FLG,2312
204236_at,FLI1,2313,FLI1,2313
210786_s_at,FLI1,2313,FLI1,2313
211825_s_at,FLI1,2313,FLI1,2313
212024_x_at,FLII,2314,FLII,2314
212025_s_at,FLII,2314,FLII,2314
222065_s_at,FLII,2314,FLII,2314
205510_s_at,FLJ10038,55056,FLJ10038,55056
205511_at,FLJ10038,55056,FLJ10038,55056
220529_at,FLJ11710,79904,FLJ11710,79904
220211_at,FLJ13224,79857,FLJ13224,79857
220678_at,FLJ20712,55025,FLJ20712,55025
220401_at,FLJ21369,79860,FLJ21369,79860
216798_at,FLJ23519///RNH1,84200///6050,FLJ23519///RNH1,84200///6050
220352_x_at,FLJ42627,645644,FLJ42627,645644
221944_at,FLJ42627,645644,FLJ42627,645644
200859_x_at,FLNA,2316,FLNA,2316
213746_s_at,FLNA,2316,FLNA,2316
214752_x_at,FLNA,2316,FLNA,2316
208613_s_at,FLNB,2317,FLNB,2317
208614_s_at,FLNB,2317,FLNB,2317
207876_s_at,FLNC,2318,FLNC,2318
208748_s_at,FLOT1,10211,FLOT1,10211
208749_x_at,FLOT1,10211,FLOT1,10211
210142_x_at,FLOT1,10211,FLOT1,10211
213819_s_at,FLOT1,10211,FLOT1,10211
201350_at,FLOT2,2319,FLOT2,2319
211299_s_at,FLOT2,2319,FLOT2,2319
210414_at,FLRT1,23769,FLRT1,23769
219250_s_at,FLRT3,23767,FLRT3,23767
204406_at,FLT1,2321,FLT1,2321
210287_s_at,FLT1,2321,FLT1,2321
222033_s_at,FLT1,2321,FLT1,2321
206674_at,FLT3,2322,FLT3,2322
206980_s_at,FLT3LG,2323,FLT3LG,2323
210607_at,FLT3LG,2323,FLT3LG,2323
210316_at,FLT4,2324,FLT4,2324
219316_s_at,FLVCR2,55640,FLVCR2,55640
204789_at,FMNL1,752,FMNL1,752
205666_at,FMO1,2326,FMO1,2326
211726_s_at,FMO2,2327,FMO2,2327
206496_at,FMO3,2328,FMO3,2328
40665_at,FMO3,2328,FMO3,2328
206263_at,FMO4,2329,FMO4,2329
205776_at,FMO5,2330,FMO5,2330
215300_s_at,FMO5,2330,FMO5,2330
215174_at,FMO6P,388714,FMO6P,388714
202709_at,FMOD,2331,FMOD,2331
203689_s_at,FMR1,2332,FMR1,2332
215245_x_at,FMR1,2332,FMR1,2332
210495_x_at,FN1,2335,FN1,2335
211719_x_at,FN1,2335,FN1,2335
212464_s_at,FN1,2335,FN1,2335
214701_s_at,FN1,2335,FN1,2335
214702_at,FN1,2335,FN1,2335
216442_x_at,FN1,2335,FN1,2335
219744_at,FN3K,64122,FN3K,64122
218210_at,FN3KRP,79672,FN3KRP,79672
212288_at,FNBP1,23048,FNBP1,23048
213940_s_at,FNBP1,23048,FNBP1,23048
215017_s_at,FNBP1L,54874,FNBP1L,54874
212232_at,FNBP4,23360,FNBP4,23360
220426_at,FNDC11,79025,FNDC11,79025
202304_at,FNDC3A,22862,FNDC3A,22862
215910_s_at,FNDC3A,22862,FNDC3A,22862
218843_at,FNDC4,64838,FNDC4,64838
220499_at,FNDC8,54752,FNDC8,54752
200090_at,FNTA,2339,FNTA,2339
209471_s_at,FNTA,2339,FNTA,2339
218503_at,FOCAD,54914,FOCAD,54914
217483_at,FOLH1,2346,FOLH1,2346
211303_x_at,FOLH1B,219595,FOLH1B,219595
205860_x_at,FOLH1B///FOLH1,219595///2346,FOLH1B///FOLH1,219595///2346
215363_x_at,FOLH1B///FOLH1,219595///2346,FOLH1B///FOLH1,219595///2346
217487_x_at,FOLH1B///FOLH1,219595///2346,FOLH1B///FOLH1,219595///2346
204437_s_at,FOLR1,2348,FOLR1,2348
211074_at,FOLR1,2348,FOLR1,2348
204829_s_at,FOLR2,2350,FOLR2,2350
206371_at,FOLR3,2352,FOLR3,2352
209189_at,FOS,2353,FOS,2353
202768_at,FOSB,2354,FOSB,2354
204420_at,FOSL1,8061,FOSL1,8061
205409_at,FOSL2,2355,FOSL2,2355
218880_at,FOSL2,2355,FOSL2,2355
218881_s_at,FOSL2,2355,FOSL2,2355
204667_at,FOXA1,3169,FOXA1,3169
210103_s_at,FOXA2,3170,FOXA2,3170
214312_at,FOXA2,3170,FOXA2,3170
40284_at,FOXA2,3170,FOXA2,3170
208513_at,FOXB1,27023,FOXB1,27023
213260_at,FOXC1,2296,FOXC1,2296
214520_at,FOXC2,2303,FOXC2,2303
206307_s_at,FOXD1,2297,FOXD1,2297
207653_at,FOXD2,2306,FOXD2,2306
208500_x_at,FOXD3,27022,FOXD3,27022
217032_at,FOXD4L1///FOXD4,200350///2298,FOXD4L1///FOXD4,200350///2298
206912_at,FOXE1,2304,FOXE1,2304
208239_at,FOXE1,2304,FOXE1,2304
220621_at,FOXE3,2301,FOXE3,2301
205935_at,FOXF1,2294,FOXF1,2294
206377_at,FOXF2,2295,FOXF2,2295
206018_at,FOXG1,2290,FOXG1,2290
207658_s_at,FOXG1,2290,FOXG1,2290
207644_at,FOXH1,8928,FOXH1,8928
208006_at,FOXI1,2299,FOXI1,2299
205906_at,FOXJ1,2302,FOXJ1,2302
203734_at,FOXJ2,55810,FOXJ2,55810
206015_s_at,FOXJ3,22887,FOXJ3,22887
217310_s_at,FOXJ3,22887,FOXJ3,22887
203064_s_at,FOXK2,3607,FOXK2,3607
216572_at,FOXL1,2300,FOXL1,2300
220102_at,FOXL2,668,FOXL2,668
202580_x_at,FOXM1,2305,FOXM1,2305
207683_at,FOXN1,8456,FOXN1,8456
206708_at,FOXN2,3344,FOXN2,3344
205021_s_at,FOXN3,1112,FOXN3,1112
205022_s_at,FOXN3,1112,FOXN3,1112
218031_s_at,FOXN3,1112,FOXN3,1112
220852_at,FOXN3-AS2,29018,FOXN3-AS2,29018
202723_s_at,FOXO1,2308,FOXO1,2308
202724_s_at,FOXO1,2308,FOXO1,2308
204131_s_at,FOXO3,2309,FOXO3,2309
204132_s_at,FOXO3B///FOXO3,2310///2309,FOXO3B///FOXO3,2310///2309
210655_s_at,FOXO3B///FOXO3,2310///2309,FOXO3B///FOXO3,2310///2309
217399_s_at,FOXO3B///FOXO3,2310///2309,FOXO3B///FOXO3,2310///2309
205451_at,FOXO4,4303,FOXO4,4303
221333_at,FOXP3,50943,FOXP3,50943
221334_s_at,FOXP3,50943,FOXP3,50943
220707_s_at,FOXRED2,80020,FOXRED2,80020
202945_at,FPGS,2356,FPGS,2356
205140_at,FPGT,8790,FPGT,8790
220415_at,FPGT-TNNI3K///TNNI3K,100526835///51086,FPGT-TNNI3K///TNNI3K,100526835///51086
205118_at,FPR1,2357,FPR1,2357
205119_s_at,FPR1,2357,FPR1,2357
210772_at,FPR2,2358,FPR2,2358
210773_s_at,FPR2,2358,FPR2,2358
214560_at,FPR3,2359,FPR3,2359
220910_at,FRAS1,80144,FRAS1,80144
219889_at,FRAT1,10023,FRAT1,10023
209864_at,FRAT2,23401,FRAT2,23401
215160_x_at,FRG1CP///FRG1JP,100289097///642236,FRG1CP///FRG1JP,100289097///642236
207178_s_at,FRK,2444,FRK,2444
220819_at,FRMD1,79981,FRMD1,79981
208475_at,FRMD4A,55691,FRMD4A,55691
208476_s_at,FRMD4A,55691,FRMD4A,55691
213056_at,FRMD4B,23150,FRMD4B,23150
216131_at,FRMD4B,23150,FRMD4B,23150
216134_at,FRMD4B,23150,FRMD4B,23150
210043_at,FRMD8,83786,FRMD8,83786
206774_at,FRMPD1,22844,FRMPD1,22844
215052_at,FRMPD4,9758,FRMPD4,9758
213904_at,FRRS1L,23732,FRRS1L,23732
221308_at,FRS2,10818,FRS2,10818
219907_at,FRS3,10817,FRS3,10817
204072_s_at,FRY,10129,FRY,10129
214318_s_at,FRY,10129,FRY,10129
214319_at,FRY,10129,FRY,10129
212546_s_at,FRYL,285527,FRYL,285527
212548_s_at,FRYL,285527,FRYL,285527
203697_at,FRZB,2487,FRZB,2487
203698_s_at,FRZB,2487,FRZB,2487
220549_at,FSBP///RAD54B,100861412///25788,FSBP///RAD54B,100861412///25788
201564_s_at,FSCN1,6624,FSCN1,6624
210933_s_at,FSCN1,6624,FSCN1,6624
207204_at,FSCN2,25794,FSCN2,25794
220379_at,FSCN3,29999,FSCN3,29999
219170_at,FSD1,79187,FSD1,79187
214489_at,FSHB,2488,FSHB,2488
211201_at,FSHR,2492,FSHR,2492
204948_s_at,FST,10468,FST,10468
207345_at,FST,10468,FST,10468
208782_at,FSTL1,11167,FSTL1,11167
203592_s_at,FSTL3,10272,FSTL3,10272
214859_at,FSTL4,23105,FSTL4,23105
220604_x_at,FTCD,10841,FTCD,10841
200748_s_at,FTH1,2495,FTH1,2495
214211_at,FTH1,2495,FTH1,2495
211628_x_at,FTH1P5,2509,FTH1P5,2509
212788_x_at,FTL,2512,FTL,2512
213187_x_at,FTL,2512,FTL,2512
209702_at,FTO,79068,FTO,79068
205324_s_at,FTSJ1,24140,FTSJ1,24140
213937_s_at,FTSJ1,24140,FTSJ1,24140
218103_at,FTSJ3,117246,FTSJ3,117246
203091_at,FUBP1,8880,FUBP1,8880
212847_at,FUBP1,8880,FUBP1,8880
214093_s_at,FUBP1,8880,FUBP1,8880
214094_at,FUBP1,8880,FUBP1,8880
212824_at,FUBP3,8939,FUBP3,8939
202838_at,FUCA1,2517,FUCA1,2517
201945_at,FURIN,5045,FURIN,5045
200959_at,FUS,2521,FUS,2521
215744_at,FUS,2521,FUS,2521
217370_x_at,FUS,2521,FUS,2521
206109_at,FUT1,2523,FUT1,2523
208505_s_at,FUT2,2524,FUT2,2524
210608_s_at,FUT2,2524,FUT2,2524
214088_s_at,FUT3,2525,FUT3,2525
216010_x_at,FUT3,2525,FUT3,2525
209892_at,FUT4,2526,FUT4,2526
209893_s_at,FUT4,2526,FUT4,2526
211225_at,FUT5,2527,FUT5,2527
210398_x_at,FUT6,2528,FUT6,2528
210399_x_at,FUT6,2528,FUT6,2528
211465_x_at,FUT6,2528,FUT6,2528
211882_x_at,FUT6,2528,FUT6,2528
211885_x_at,FUT6,2528,FUT6,2528
210506_at,FUT7,2529,FUT7,2529
217696_at,FUT7,2529,FUT7,2529
203988_s_at,FUT8,2530,FUT8,2530
207696_at,FUT9,10690,FUT9,10690
214046_at,FUT9,10690,FUT9,10690
216185_at,FUT9,10690,FUT9,10690
221187_s_at,FUZ,80199,FUZ,80199
205565_s_at,FXN,2395,FXN,2395
201635_s_at,FXR1,8087,FXR1,8087
201636_at,FXR1,8087,FXR1,8087
201637_s_at,FXR1,8087,FXR1,8087
203172_at,FXR2,9513,FXR2,9513
35265_at,FXR2,9513,FXR2,9513
205384_at,FXYD1,5348,FXYD1,5348
205674_x_at,FXYD2,486,FXYD2,486
202488_s_at,FXYD3,5349,FXYD3,5349
202489_s_at,FXYD3,5349,FXYD3,5349
218084_x_at,FXYD5,53827,FXYD5,53827
217897_at,FXYD6,53826,FXYD6,53826
207434_s_at,FXYD6-FXYD2///FXYD2,100533181///486,FXYD6-FXYD2///FXYD2,100533181///486
220131_at,FXYD7,53822,FXYD7,53822
205285_s_at,FYB,2533,FYB,2533
211794_at,FYB,2533,FYB,2533
211795_s_at,FYB,2533,FYB,2533
218204_s_at,FYCO1,79443,FYCO1,79443
210105_s_at,FYN,2534,FYN,2534
212486_s_at,FYN,2534,FYN,2534
216033_s_at,FYN,2534,FYN,2534
204451_at,FZD1,8321,FZD1,8321
204452_s_at,FZD1,8321,FZD1,8321
219764_at,FZD10,11211,FZD10,11211
210220_at,FZD2,2535,FZD2,2535
219683_at,FZD3,7976,FZD3,7976
218665_at,FZD4,8322,FZD4,8322
206136_at,FZD5,7855,FZD5,7855
221245_s_at,FZD5,7855,FZD5,7855
203987_at,FZD6,8323,FZD6,8323
203705_s_at,FZD7,8324,FZD7,8324
203706_s_at,FZD7,8324,FZD7,8324
207639_at,FZD9,8326,FZD9,8326
209414_at,FZR1,51343,FZR1,51343
209415_at,FZR1,51343,FZR1,51343
209416_s_at,FZR1,51343,FZR1,51343
211865_s_at,FZR1,51343,FZR1,51343
213524_s_at,G0S2,50486,G0S2,50486
201503_at,G3BP1,10146,G3BP1,10146
201514_s_at,G3BP1,10146,G3BP1,10146
222187_x_at,G3BP1,10146,G3BP1,10146
206383_s_at,G3BP2,9908,G3BP2,9908
208840_s_at,G3BP2,9908,G3BP2,9908
208841_s_at,G3BP2,9908,G3BP2,9908
206952_at,G6PC,2538,G6PC,2538
221453_at,G6PC2,57818,G6PC2,57818
221759_at,G6PC3,92579,G6PC3,92579
44654_at,G6PC3,92579,G6PC3,92579
202275_at,G6PD,2539,G6PD,2539
202812_at,GAA,2548,GAA,2548
207112_s_at,GAB1,2549,GAB1,2549
214987_at,GAB1,2549,GAB1,2549
203853_s_at,GAB2,9846,GAB2,9846
200645_at,GABARAP,11337,GABARAP,11337
208868_s_at,GABARAPL1,23710,GABARAPL1,23710
208869_s_at,GABARAPL1,23710,GABARAPL1,23710
209046_s_at,GABARAPL2,11345,GABARAPL2,11345
211457_at,GABARAPL3,23766,GABARAPL3,23766
211458_s_at,GABARAPL3///GABARAPL1,23766///23710,GABARAPL3///GABARAPL1,23766///23710
203146_s_at,GABBR1,2550,GABBR1,2550
209990_s_at,GABBR2,9568,GABBR2,9568
209991_x_at,GABBR2,9568,GABBR2,9568
211679_x_at,GABBR2,9568,GABBR2,9568
217077_s_at,GABBR2,9568,GABBR2,9568
210188_at,GABPA,2551,GABPA,2551
204618_s_at,GABPB1,2553,GABPB1,2553
206173_x_at,GABPB1,2553,GABPB1,2553
206678_at,GABRA1,2554,GABRA1,2554
207014_at,GABRA2,2555,GABRA2,2555
216039_at,GABRA2,2555,GABRA2,2555
207210_at,GABRA3,2556,GABRA3,2556
208463_at,GABRA4,2557,GABRA4,2557
206456_at,GABRA5,2558,GABRA5,2558
215531_s_at,GABRA5,2558,GABRA5,2558
217280_x_at,GABRA5,2558,GABRA5,2558
207182_at,GABRA6,2559,GABRA6,2559
207010_at,GABRB1,2560,GABRB1,2560
207352_s_at,GABRB2,2561,GABRB2,2561
205850_s_at,GABRB3,2562,GABRB3,2562
208457_at,GABRD,2563,GABRD,2563
206849_at,GABRG2,2566,GABRG2,2566
216895_at,GABRG3,2567,GABRG3,2567
205044_at,GABRP,2568,GABRP,2568
220886_at,GABRQ,55879,GABRQ,55879
206525_at,GABRR1,2569,GABRR1,2569
208217_at,GABRR2,2570,GABRR2,2570
205278_at,GAD1,2571,GAD1,2571
206669_at,GAD1,2571,GAD1,2571
206670_s_at,GAD1,2571,GAD1,2571
206780_at,GAD2,2572,GAD2,2572
211264_at,GAD2,2572,GAD2,2572
216651_s_at,GAD2,2572,GAD2,2572
203725_at,GADD45A,1647,GADD45A,1647
207574_s_at,GADD45B,4616,GADD45B,4616
209304_x_at,GADD45B,4616,GADD45B,4616
209305_s_at,GADD45B,4616,GADD45B,4616
213560_at,GADD45B,4616,GADD45B,4616
204121_at,GADD45G,10912,GADD45G,10912
212889_x_at,GADD45GIP1,90480,GADD45GIP1,90480
212891_s_at,GADD45GIP1,90480,GADD45GIP1,90480
208283_at,GAGE1,2543,GAGE1,2543
208155_x_at,GAGE12D///GAGE12F///GAGE12H///GAGE12E///GAGE12B///GAGE12C///GAGE2D///GAGE12J///GAGE12G///GAGE13///GAGE12I///GAGE7///GAGE6///GAGE5///GAGE4///GAGE1,100132399///100008586///729442///729431///729428///729422///729408///729396///645073///645051///26748///2579///2578///2577///2576///2543,GAGE12D///GAGE12F///GAGE12H///GAGE12E///GAGE12B///GAGE12C///GAGE2D///GAGE12J///GAGE12G///GAGE13///GAGE12I///GAGE7///GAGE6///GAGE5///GAGE4///GAGE1,100132399///100008586///729442///729431///729428///729422///729408///729396///645073///645051///26748///2579///2578///2577///2576///2543
206640_x_at,GAGE12D///GAGE12F///GAGE2A///GAGE12H///GAGE12E///GAGE12B///GAGE12C///GAGE12G///GAGE12I///GAGE7///GAGE6///GAGE5///GAGE4///GAGE2C,100132399///100008586///729447///729442///729431///729428///729422///645073///26748///2579///2578///2577///2576///2574,GAGE12D///GAGE12F///GAGE2A///GAGE12H///GAGE12E///GAGE12B///GAGE12C///GAGE12G///GAGE12I///GAGE7///GAGE6///GAGE5///GAGE4///GAGE2C,100132399///100008586///729447///729442///729431///729428///729422///645073///26748///2579///2578///2577///2576///2574
207739_s_at,GAGE12D///GAGE8///GAGE12F///GAGE2A///GAGE12H///GAGE12E///GAGE12B///GAGE12C///GAGE2D///GAGE12J///GAGE12G///GAGE13///GAGE2B///GAGE2E///GAGE12I///GAGE7///GAGE6///GAGE5///GAGE4///GAGE3///GAGE2C///GAGE1,100132399///100101629///100008586///729447///729442///729431///729428///729422///729408///729396///645073///645051///645037///26749///26748///2579///2578///2577///2576///2575///2574///2543,GAGE12D///GAGE8///GAGE12F///GAGE2A///GAGE12H///GAGE12E///GAGE12B///GAGE12C///GAGE2D///GAGE12J///GAGE12G///GAGE13///GAGE2B///GAGE2E///GAGE12I///GAGE7///GAGE6///GAGE5///GAGE4///GAGE3///GAGE2C///GAGE1,100132399///100101629///100008586///729447///729442///729431///729428///729422///729408///729396///645073///645051///645037///26749///26748///2579///2578///2577///2576///2575///2574///2543
207086_x_at,GAGE12D///GAGE8///GAGE12F///GAGE2A///GAGE12H///GAGE12E///GAGE12B///GAGE12C///GAGE2D///GAGE12J///GAGE12G///GAGE13///GAGE2E///GAGE12I///GAGE7///GAGE6///GAGE5///GAGE4///GAGE2C///GAGE1,100132399///100101629///100008586///729447///729442///729431///729428///729422///729408///729396///645073///645051///26749///26748///2579///2578///2577///2576///2574///2543,GAGE12D///GAGE8///GAGE12F///GAGE2A///GAGE12H///GAGE12E///GAGE12B///GAGE12C///GAGE2D///GAGE12J///GAGE12G///GAGE13///GAGE2E///GAGE12I///GAGE7///GAGE6///GAGE5///GAGE4///GAGE2C///GAGE1,100132399///100101629///100008586///729447///729442///729431///729428///729422///729408///729396///645073///645051///26749///26748///2579///2578///2577///2576///2574///2543
208235_x_at,GAGE12F///GAGE12B///GAGE12G///GAGE12I///GAGE7///GAGE6///GAGE5///GAGE4,100008586///729428///645073///26748///2579///2578///2577///2576,GAGE12F///GAGE12B///GAGE12G///GAGE12I///GAGE7///GAGE6///GAGE5///GAGE4,100008586///729428///645073///26748///2579///2578///2577///2576
207663_x_at,GAGE3,2575,GAGE3,2575
202280_at,GAK,2580,GAK,2580
202281_at,GAK,2580,GAK,2580
40225_at,GAK,2580,GAK,2580
207466_at,GAL,51083,GAL,51083
214240_at,GAL,51083,GAL,51083
205670_at,GAL3ST1,9514,GAL3ST1,9514
219815_at,GAL3ST4,79690,GAL3ST4,79690
204417_at,GALC,2581,GALC,2581
211810_s_at,GALC,2581,GALC,2581
202528_at,GALE,2582,GALE,2582
204374_s_at,GALK1,2584,GALK1,2584
205219_s_at,GALK2,2585,GALK2,2585
216411_s_at,GALK2,2585,GALK2,2585
206335_at,GALNS,2588,GALNS,2588
201722_s_at,GALNT1,2589,GALNT1,2589
201723_s_at,GALNT1,2589,GALNT1,2589
201724_s_at,GALNT1,2589,GALNT1,2589
207357_s_at,GALNT10,55568,GALNT10,55568
212256_at,GALNT10,55568,GALNT10,55568
219013_at,GALNT11,63917,GALNT11,63917
218885_s_at,GALNT12,79695,GALNT12,79695
219271_at,GALNT14,79623,GALNT14,79623
217787_s_at,GALNT2,2590,GALNT2,2590
217788_s_at,GALNT2,2590,GALNT2,2590
203397_s_at,GALNT3,2591,GALNT3,2591
203398_s_at,GALNT3,2591,GALNT3,2591
219956_at,GALNT6,11226,GALNT6,11226
218313_s_at,GALNT7,51809,GALNT7,51809
220929_at,GALNT8,26290,GALNT8,26290
205616_at,GALNT8///KCNA6,26290///3742,GALNT8///KCNA6,26290///3742
220821_at,GALR1,2587,GALR1,2587
211226_at,GALR2,8811,GALR2,8811
33579_i_at,GALR3,8484,GALR3,8484
203179_at,GALT,2592,GALT,2592
205354_at,GAMT,2593,GAMT,2593
220124_at,GAN,8139,GAN,8139
211934_x_at,GANAB,23193,GANAB,23193
214626_s_at,GANAB,23193,GANAB,23193
204471_at,GAP43,2596,GAP43,2596
216963_s_at,GAP43,2596,GAP43,2596
216967_at,GAP43,2596,GAP43,2596
212581_x_at,GAPDH,2597,GAPDH,2597
213453_x_at,GAPDH,2597,GAPDH,2597
217398_x_at,GAPDH,2597,GAPDH,2597
AFFX-HUMGAPDH/M33197_3_at,GAPDH,2597,GAPDH,2597
AFFX-HUMGAPDH/M33197_5_at,GAPDH,2597,GAPDH,2597
AFFX-HUMGAPDH/M33197_M_at,GAPDH,2597,GAPDH,2597
207116_s_at,GAPDHS,26330,GAPDHS,26330
212802_s_at,GAPVD1,26130,GAPVD1,26130
212804_s_at,GAPVD1,26130,GAPVD1,26130
214869_x_at,GAPVD1,26130,GAPVD1,26130
219110_at,GAR1,54433,GAR1,54433
219377_at,GAREM1,64762,GAREM1,64762
216165_at,GARNL3,84253,GARNL3,84253
208693_s_at,GARS,2617,GARS,2617
210005_at,GART,2618,GART,2618
212378_at,GART,2618,GART,2618
212379_at,GART,2618,GART,2618
216990_at,GART,2618,GART,2618
217445_s_at,GART,2618,GART,2618
204456_s_at,GAS1,2619,GAS1,2619
204457_s_at,GAS1,2619,GAS1,2619
205848_at,GAS2,2620,GAS2,2620
208258_s_at,GAS2L1,10634,GAS2L1,10634
209729_at,GAS2L1,10634,GAS2L1,10634
31874_at,GAS2L1,10634,GAS2L1,10634
1598_g_at,GAS6,2621,GAS6,2621
202177_at,GAS6,2621,GAS6,2621
202191_s_at,GAS7,8522,GAS7,8522
202192_s_at,GAS7,8522,GAS7,8522
207704_s_at,GAS7,8522,GAS7,8522
210872_x_at,GAS7,8522,GAS7,8522
211067_s_at,GAS7,8522,GAS7,8522
204921_at,GAS8,2622,GAS8,2622
207615_s_at,GAS8-AS1,750,GAS8-AS1,750
208138_at,GAST,2520,GAST,2520
210446_at,GATA1,2623,GATA1,2623
207954_at,GATA2,2624,GATA2,2624
209710_at,GATA2,2624,GATA2,2624
210358_x_at,GATA2,2624,GATA2,2624
209602_s_at,GATA3,2625,GATA3,2625
209603_at,GATA3,2625,GATA3,2625
209604_s_at,GATA3,2625,GATA3,2625
205517_at,GATA4,2626,GATA4,2626
210002_at,GATA6,2627,GATA6,2627
208503_s_at,GATAD1,57798,GATAD1,57798
213018_at,GATAD1,57798,GATAD1,57798
214718_at,GATAD1,57798,GATAD1,57798
218131_s_at,GATAD2A,54815,GATAD2A,54815
204300_at,GATB,5188,GATB,5188
214711_at,GATC,283459,GATC,283459
200044_at,GATC///SRSF9,283459///8683,GATC///SRSF9,283459///8683
201698_s_at,GATC///SRSF9,283459///8683,GATC///SRSF9,283459///8683
203178_at,GATM,2628,GATM,2628
216733_s_at,GATM,2628,GATM,2628
219954_s_at,GBA3,57733,GBA3,57733
210589_s_at,GBAP1,2630,GBAP1,2630
209093_s_at,GBAP1///GBA,2630///2629,GBAP1///GBA,2630///2629
201816_s_at,GBAS,2631,GBAS,2631
203282_at,GBE1,2632,GBE1,2632
201439_at,GBF1,8729,GBF1,8729
202269_x_at,GBP1,2633,GBP1,2633
202270_at,GBP1,2633,GBP1,2633
202748_at,GBP2,2634,GBP2,2634
217011_at,GBX1,2636,GBX1,2636
210560_at,GBX2,2637,GBX2,2637
204965_at,GC,2638,GC,2638
203765_at,GCA,25801,GCA,25801
205164_at,GCAT,23464,GCAT,23464
36475_at,GCAT,23464,GCAT,23464
218912_at,GCC1,79571,GCC1,79571
202832_at,GCC2,9648,GCC2,9648
203500_at,GCDH,2639,GCDH,2639
208369_s_at,GCDH,2639,GCDH,2639
210175_at,GCFC2,6936,GCFC2,6936
216305_s_at,GCFC2,6936,GCFC2,6936
206422_at,GCG,2641,GCG,2641
210565_at,GCGR,2642,GCGR,2642
204224_s_at,GCH1,2643,GCH1,2643
204867_at,GCHFR,2644,GCHFR,2644
211167_s_at,GCK,2645,GCK,2645
206867_at,GCKR,2646,GCKR,2646
202922_at,GCLC,2729,GCLC,2729
202923_s_at,GCLC,2729,GCLC,2729
203925_at,GCLM,2730,GCLM,2730
206269_at,GCM1,8521,GCM1,8521
220799_at,GCM2,9247,GCM2,9247
212139_at,GCN1,10985,GCN1,10985
216232_s_at,GCN1,10985,GCN1,10985
205505_at,GCNT1,2650,GCNT1,2650
217195_at,GCNT1P1,170517,GCNT1P1,170517
211020_at,GCNT2,2651,GCNT2,2651
219508_at,GCNT3,9245,GCNT3,9245
220831_at,GCNT4,51301,GCNT4,51301
212243_at,GCOM1///POLR2M,145781///81488,GCOM1///POLR2M,145781///81488
212244_at,GCOM1///POLR2M,145781///81488,GCOM1///POLR2M,145781///81488
221279_at,GDAP1,54332,GDAP1,54332
219668_at,GDAP1L1,78997,GDAP1L1,78997
219473_at,GDAP2,54834,GDAP2,54834
202593_s_at,GDE1,51573,GDE1,51573
206159_at,GDF10,2662,GDF10,2662
216854_at,GDF11,10220,GDF11,10220
216860_s_at,GDF11,10220,GDF11,10220
217498_at,GDF11,10220,GDF11,10220
221576_at,GDF15,9518,GDF15,9518
221577_x_at,GDF15,9518,GDF15,9518
221136_at,GDF2,2658,GDF2,2658
220053_at,GDF3,9573,GDF3,9573
206614_at,GDF5,8200,GDF5,8200
214238_at,GDF7,151449,GDF7,151449
221314_at,GDF9,2661,GDF9,2661
201864_at,GDI1,2664,GDI1,2664
200008_s_at,GDI2,2665,GDI2,2665
200009_at,GDI2,2665,GDI2,2665
221359_at,GDNF,2668,GDNF,2668
220291_at,GDPD2,54857,GDPD2,54857
219722_s_at,GDPD3,79153,GDPD3,79153
213343_s_at,GDPD5,81544,GDPD5,81544
32502_at,GDPD5,81544,GDPD5,81544
204472_at,GEM,2669,GEM,2669
205063_at,GEMIN2,8487,GEMIN2,8487
210779_x_at,GEMIN2,8487,GEMIN2,8487
211114_x_at,GEMIN2,8487,GEMIN2,8487
211115_x_at,GEMIN2,8487,GEMIN2,8487
205527_s_at,GEMIN4,50628,GEMIN4,50628
217099_s_at,GEMIN4,50628,GEMIN4,50628
219539_at,GEMIN6,79833,GEMIN6,79833
219085_s_at,GEMIN7,79760,GEMIN7,79760
219252_s_at,GEMIN8,54960,GEMIN8,54960
203539_s_at,GFAP,2670,GFAP,2670
203540_at,GFAP,2670,GFAP,2670
204659_s_at,GFER,2671,GFER,2671
204660_at,GFER,2671,GFER,2671
206589_at,GFI1,2672,GFI1,2672
208501_at,GFI1B,8328,GFI1B,8328
220903_at,GFM1,85476,GFM1,85476
219821_s_at,GFOD1,54438,GFOD1,54438
214076_at,GFOD2,81577,GFOD2,81577
221028_s_at,GFOD2,81577,GFOD2,81577
202721_s_at,GFPT1,2673,GFPT1,2673
202722_s_at,GFPT1,2673,GFPT1,2673
205100_at,GFPT2,9945,GFPT2,9945
205696_s_at,GFRA1,2674,GFRA1,2674
205721_at,GFRA2,2675,GFRA2,2675
205722_s_at,GFRA2,2675,GFRA2,2675
214479_at,GFRA3,2676,GFRA3,2676
221199_at,GFRA4,64096,GFRA4,64096
217560_at,GGA1,26088,GGA1,26088
218114_at,GGA1,26088,GGA1,26088
45572_s_at,GGA1,26088,GGA1,26088
50277_at,GGA1,26088,GGA1,26088
208913_at,GGA2,23062,GGA2,23062
208914_at,GGA2,23062,GGA2,23062
208915_s_at,GGA2,23062,GGA2,23062
210658_s_at,GGA2,23062,GGA2,23062
213772_s_at,GGA2,23062,GGA2,23062
214189_s_at,GGA2,23062,GGA2,23062
214190_x_at,GGA2,23062,GGA2,23062
214233_at,GGA2,23062,GGA2,23062
209411_s_at,GGA3,23163,GGA3,23163
211815_s_at,GGA3,23163,GGA3,23163
215380_s_at,GGCT,79017,GGCT,79017
205351_at,GGCX,2677,GGCX,2677
213705_at,GGCX,2677,GGCX,2677
214005_at,GGCX,2677,GGCX,2677
214006_s_at,GGCX,2677,GGCX,2677
203560_at,GGH,8836,GGH,8836
218079_s_at,GGNBP2,79893,GGNBP2,79893
202321_at,GGPS1,9453,GGPS1,9453
202322_s_at,GGPS1,9453,GGPS1,9453
207131_x_at,GGT2///GGTLC1///GGTLC2///GGT1,728441///92086///91227///2678,GGT2///GGTLC1///GGTLC2///GGT1,728441///92086///91227///2678
208284_x_at,GGT2///GGTLC1///GGTLC2///GGT1,728441///92086///91227///2678,GGT2///GGTLC1///GGTLC2///GGT1,728441///92086///91227///2678
209919_x_at,GGT2///GGTLC1///GGTLC2///GGT1,728441///92086///91227///2678,GGT2///GGTLC1///GGTLC2///GGT1,728441///92086///91227///2678
211417_x_at,GGT2///GGTLC1///GGTLC2///GGT1,728441///92086///91227///2678,GGT2///GGTLC1///GGTLC2///GGT1,728441///92086///91227///2678
205582_s_at,GGT5,2687,GGT5,2687
211416_x_at,GGTLC1,92086,GGTLC1,92086
209918_at,GGTLC2,91227,GGTLC2,91227
205840_x_at,GH1,2688,GH1,2688
206885_x_at,GH1,2688,GH1,2688
206886_x_at,GH1,2688,GH1,2688
211151_x_at,GH1,2688,GH1,2688
202493_x_at,GH1///CSHL1///CSH1,2688///1444///1442,GH1///CSHL1///CSH1,2688///1444///1442
206475_x_at,GH1///CSHL1///CSH1,2688///1444///1442,GH1///CSHL1///CSH1,2688///1444///1442
208356_x_at,GH1///CSHL1///CSH1,2688///1444///1442,GH1///CSHL1///CSH1,2688///1444///1442
203807_x_at,GH1///CSHL1///CSH2///CSH1,2688///1444///1443///1442,GH1///CSHL1///CSH2///CSH1,2688///1444///1443///1442
211739_x_at,GH1///CSHL1///CSH2///CSH1,2688///1444///1443///1442,GH1///CSHL1///CSH2///CSH1,2688///1444///1443///1442
206195_x_at,GH2,2689,GH2,2689
211508_s_at,GH2,2689,GH2,2689
208068_x_at,GH2///GH1///CSHL1///CSH1,2689///2688///1444///1442,GH2///GH1///CSHL1///CSH1,2689///2688///1444///1442
208069_x_at,GH2///GH1///CSHL1///CSH1,2689///2688///1444///1442,GH2///GH1///CSHL1///CSH1,2689///2688///1444///1442
209248_at,GHITM,27069,GHITM,27069
209249_s_at,GHITM,27069,GHITM,27069
205498_at,GHR,2690,GHR,2690
214524_at,GHRH,2691,GHRH,2691
207825_s_at,GHRHR,2692,GHRHR,2692
211544_s_at,GHRHR,2692,GHRHR,2692
211545_at,GHRHR,2692,GHRHR,2692
221360_s_at,GHSR,2693,GHSR,2693
220058_at,GID4,79018,GID4,79018
218448_at,GID8,54994,GID8,54994
207033_at,GIF,2694,GIF,2694
212260_at,GIGYF2,26058,GIGYF2,26058
212261_at,GIGYF2,26058,GIGYF2,26058
215352_at,GIMAP1-GIMAP5///GIMAP5,100527949///55340,GIMAP1-GIMAP5///GIMAP5,100527949///55340
218805_at,GIMAP1-GIMAP5///GIMAP5,100527949///55340,GIMAP1-GIMAP5///GIMAP5,100527949///55340
64064_at,GIMAP1-GIMAP5///GIMAP5,100527949///55340,GIMAP1-GIMAP5///GIMAP5,100527949///55340
219243_at,GIMAP4,55303,GIMAP4,55303
215353_at,GIMAP5,55340,GIMAP5,55340
219777_at,GIMAP6,474344,GIMAP6,474344
219467_at,GIN1,54826,GIN1,54826
206102_at,GINS1,9837,GINS1,9837
221521_s_at,GINS2,51659,GINS2,51659
218719_s_at,GINS3,64785,GINS3,64785
45633_at,GINS3,64785,GINS3,64785
211767_at,GINS4,84296,GINS4,84296
207899_at,GIP,2695,GIP,2695
207525_s_at,GIPC1,10755,GIPC1,10755
219970_at,GIPC2,54810,GIPC2,54810
208105_at,GIPR,2696,GIPR,2696
218030_at,GIT1,28964,GIT1,28964
204982_at,GIT2,9815,GIT2,9815
209876_at,GIT2,9815,GIT2,9815
201667_at,GJA1,2697,GJA1,2697
208590_x_at,GJA3,2700,GJA3,2700
204904_at,GJA4,2701,GJA4,2701
40687_at,GJA4,2701,GJA4,2701
214466_at,GJA5,2702,GJA5,2702
208489_at,GJA8,2703,GJA8,2703
203360_s_at,GJA9-MYCBP///GJA9///MYCBP,100527950///81025///26292,GJA9-MYCBP///GJA9///MYCBP,100527950///81025///26292
221415_s_at,GJA9-MYCBP///GJA9///MYCBP,100527950///81025///26292,GJA9-MYCBP///GJA9///MYCBP,100527950///81025///26292
203359_s_at,GJA9-MYCBP///MYCBP,100527950///26292,GJA9-MYCBP///MYCBP,100527950///26292
203361_s_at,GJA9-MYCBP///MYCBP,100527950///26292,GJA9-MYCBP///MYCBP,100527950///26292
204973_at,GJB1,2705,GJB1,2705
205490_x_at,GJB3,2707,GJB3,2707
205491_s_at,GJB3,2707,GJB3,2707
215243_s_at,GJB3,2707,GJB3,2707
216579_at,GJB4,127534,GJB4,127534
206156_at,GJB5,2709,GJB5,2709
208460_at,GJC1,10052,GJC1,10052
207025_at,GJC2,57165,GJC2,57165
214302_x_at,GJC2,57165,GJC2,57165
221407_at,GJD2,57369,GJD2,57369
207387_s_at,GK,2710,GK,2710
214681_at,GK,2710,GK,2710
215975_x_at,GK,2710,GK,2710
215977_x_at,GK,2710,GK,2710
217167_x_at,GK,2710,GK,2710
215430_at,GK2,2712,GK2,2712
215966_x_at,GK3P,2713,GK3P,2713
216316_x_at,GK6P,201989,GK6P,201989
220191_at,GKN1,56287,GKN1,56287
214430_at,GLA,2717,GLA,2717
206540_at,GLB1L,79411,GLB1L,79411
213713_s_at,GLB1L2,89944,GLB1L2,89944
213552_at,GLCE,26035,GLCE,26035
204836_at,GLDC,2731,GLDC,2731
206920_s_at,GLE1,2733,GLE1,2733
206921_at,GLE1,2733,GLE1,2733
207966_s_at,GLG1,2734,GLG1,2734
212045_at,GLG1,2734,GLG1,2734
214730_s_at,GLG1,2734,GLG1,2734
206646_at,GLI1,2735,GLI1,2735
207034_s_at,GLI2,2736,GLI2,2736
208057_s_at,GLI2,2736,GLI2,2736
205201_at,GLI3,2737,GLI3,2737
204221_x_at,GLIPR1,11010,GLIPR1,11010
204222_s_at,GLIPR1,11010,GLIPR1,11010
214085_x_at,GLIPR1,11010,GLIPR1,11010
207153_s_at,GLMN,11146,GLMN,11146
200681_at,GLO1,2739,GLO1,2739
209092_s_at,GLOD4,51031,GLOD4,51031
208390_s_at,GLP1R,2740,GLP1R,2740
208391_s_at,GLP1R,2740,GLP1R,2740
208400_at,GLP1R,2740,GLP1R,2740
208401_s_at,GLP1R,2740,GLP1R,2740
211232_x_at,GLP1R,2740,GLP1R,2740
221312_at,GLP2R,9340,GLP2R,9340
207972_at,GLRA1,2741,GLRA1,2741
207462_at,GLRA2,2742,GLRA2,2742
207928_s_at,GLRA3,8001,GLRA3,8001
210661_at,GLRA3,8001,GLRA3,8001
216021_s_at,GLRA3,8001,GLRA3,8001
205279_s_at,GLRB,2743,GLRB,2743
205280_at,GLRB,2743,GLRB,2743
206662_at,GLRX,2745,GLRX,2745
209276_s_at,GLRX,2745,GLRX,2745
219933_at,GLRX2,51022,GLRX2,51022
207506_at,GLRX3,10539,GLRX3,10539
209080_x_at,GLRX3,10539,GLRX3,10539
214205_x_at,GLRX3,10539,GLRX3,10539
221932_s_at,GLRX5,51218,GLRX5,51218
203157_s_at,GLS,2744,GLS,2744
203158_s_at,GLS,2744,GLS,2744
203159_at,GLS,2744,GLS,2744
211414_at,GLS,2744,GLS,2744
221510_s_at,GLS,2744,GLS,2744
205531_s_at,GLS2,27165,GLS2,27165
218146_at,GLT8D1,55830,GLT8D1,55830
218147_s_at,GLT8D1,55830,GLT8D1,55830
221447_s_at,GLT8D2,83468,GLT8D2,83468
219267_at,GLTP,51228,GLTP,51228
219445_at,GLTSCR1,29998,GLTSCR1,29998
213208_at,GLTSCR1L,23506,GLTSCR1L,23506
38892_at,GLTSCR1L,23506,GLTSCR1L,23506
200946_x_at,GLUD1,2746,GLUD1,2746
200947_s_at,GLUD1,2746,GLUD1,2746
210447_at,GLUD2,2747,GLUD2,2747
215794_x_at,GLUD2,2747,GLUD2,2747
200648_s_at,GLUL,2752,GLUL,2752
215001_s_at,GLUL,2752,GLUL,2752
217202_s_at,GLUL,2752,GLUL,2752
206930_at,GLYAT,10249,GLYAT,10249
222083_at,GLYAT,10249,GLYAT,10249
218506_x_at,GLYR1,84656,GLYR1,84656
221628_s_at,GLYR1,84656,GLYR1,84656
222115_x_at,GLYR1,84656,GLYR1,84656
212414_s_at,GLYR1///SEPT6,84656///23157,GLYR1///SEPT6,84656///23157
209727_at,GM2A,2760,GM2A,2760
212737_at,GM2A,2760,GM2A,2760
215890_at,GM2A,2760,GM2A,2760
215891_s_at,GM2A,2760,GM2A,2760
33646_g_at,GM2A,2760,GM2A,2760
35820_at,GM2A,2760,GM2A,2760
218458_at,GMCL1,64395,GMCL1,64395
204875_s_at,GMDS,2762,GMDS,2762
214106_s_at,GMDS,2762,GMDS,2762
220938_s_at,GMEB1,10691,GMEB1,10691
222251_s_at,GMEB2,26205,GMEB2,26205
44146_at,GMEB2,26205,GMEB2,26205
202543_s_at,GMFB,2764,GMFB,2764
202544_at,GMFB,2764,GMFB,2764
204220_at,GMFG,9535,GMFG,9535
218913_s_at,GMIP,51291,GMIP,51291
208000_at,GML,2765,GML,2765
218350_s_at,GMNN,51053,GMNN,51053
218070_s_at,GMPPA,29926,GMPPA,29926
204187_at,GMPR,2766,GMPR,2766
217990_at,GMPR2,51292,GMPR2,51292
214431_at,GMPS,8833,GMPS,8833
204248_at,GNA11,2767,GNA11,2767
213766_x_at,GNA11,2767,GNA11,2767
213944_x_at,GNA11,2767,GNA11,2767
214679_x_at,GNA11,2767,GNA11,2767
40562_at,GNA11,2767,GNA11,2767
564_at,GNA11,2767,GNA11,2767
221737_at,GNA12,2768,GNA12,2768
206917_at,GNA13,10672,GNA13,10672
220108_at,GNA14,9630,GNA14,9630
205349_at,GNA15,2769,GNA15,2769
209576_at,GNAI1,2770,GNAI1,2770
201040_at,GNAI2,2771,GNAI2,2771
201179_s_at,GNAI3,2773,GNAI3,2773
201180_s_at,GNAI3,2773,GNAI3,2773
201181_at,GNAI3,2773,GNAI3,2773
206355_at,GNAL,2774,GNAL,2774
206356_s_at,GNAL,2774,GNAL,2774
213924_at,GNAL,2774,GNAL,2774
214071_at,GNAL,2774,GNAL,2774
204762_s_at,GNAO1,2775,GNAO1,2775
204763_s_at,GNAO1,2775,GNAO1,2775
215912_at,GNAO1,2775,GNAO1,2775
202615_at,GNAQ,2776,GNAQ,2776
211426_x_at,GNAQ,2776,GNAQ,2776
200780_x_at,GNAS,2778,GNAS,2778
200981_x_at,GNAS,2778,GNAS,2778
211858_x_at,GNAS,2778,GNAS,2778
212273_x_at,GNAS,2778,GNAS,2778
214157_at,GNAS,2778,GNAS,2778
214548_x_at,GNAS,2778,GNAS,2778
217057_s_at,GNAS,2778,GNAS,2778
217058_at,GNAS,2778,GNAS,2778
217673_x_at,GNAS,2778,GNAS,2778
207514_s_at,GNAT1,2779,GNAT1,2779
214286_at,GNAT1,2779,GNAT1,2779
210604_at,GNAT2,2780,GNAT2,2780
216590_at,GNAT3,346562,GNAT3,346562
204993_at,GNAZ,2781,GNAZ,2781
200744_s_at,GNB1,2782,GNB1,2782
200745_s_at,GNB1,2782,GNB1,2782
200746_s_at,GNB1,2782,GNB1,2782
220762_s_at,GNB1L,54584,GNB1L,54584
200852_x_at,GNB2,2783,GNB2,2783
206047_at,GNB3,2784,GNB3,2784
204000_at,GNB5,10681,GNB5,10681
207124_s_at,GNB5,10681,GNB5,10681
211871_x_at,GNB5,10681,GNB5,10681
205042_at,GNE,10020,GNE,10020
201921_at,GNG10,2790,GNG10,2790
204115_at,GNG11,2791,GNG11,2791
212294_at,GNG12,55970,GNG12,55970
220806_x_at,GNG13,51764,GNG13,51764
222005_s_at,GNG3,2785,GNG3,2785
205184_at,GNG4,2786,GNG4,2786
207157_s_at,GNG5,2787,GNG5,2787
206896_s_at,GNG7,2788,GNG7,2788
207166_at,GNGT1,2792,GNGT1,2792
203307_at,GNL1,2794,GNL1,2794
201948_at,GNL2,29889,GNL2,29889
205010_at,GNL3L,54552,GNL3L,54552
217632_at,GNL3L,54552,GNL3L,54552
222109_at,GNL3L,54552,GNL3L,54552
46947_at,GNL3L,54552,GNL3L,54552
205495_s_at,GNLY,10578,GNLY,10578
37145_at,GNLY,10578,GNLY,10578
210328_at,GNMT,27232,GNMT,27232
201956_s_at,GNPAT,8443,GNPAT,8443
202382_s_at,GNPDA1,10007,GNPDA1,10007
212959_s_at,GNPTAB,79158,GNPTAB,79158
220398_at,GNPTAB,79158,GNPTAB,79158
207987_s_at,GNRH1,2796,GNRH1,2796
208519_x_at,GNRH2,2797,GNRH2,2797
211522_s_at,GNRHR,2798,GNRHR,2798
211523_at,GNRHR,2798,GNRHR,2798
216341_s_at,GNRHR,2798,GNRHR,2798
203676_at,GNS,2799,GNS,2799
212334_at,GNS,2799,GNS,2799
212335_at,GNS,2799,GNS,2799
203383_s_at,GOLGA1,2800,GOLGA1,2800
203384_s_at,GOLGA1,2800,GOLGA1,2800
204384_at,GOLGA2,2801,GOLGA2,2801
211059_s_at,GOLGA2,2801,GOLGA2,2801
35436_at,GOLGA2,2801,GOLGA2,2801
219876_s_at,GOLGA2P5,55592,GOLGA2P5,55592
202106_at,GOLGA3,2802,GOLGA3,2802
201567_s_at,GOLGA4,2803,GOLGA4,2803
215203_at,GOLGA4,2803,GOLGA4,2803
218241_at,GOLGA5,9950,GOLGA5,9950
207575_at,GOLGA6A,342096,GOLGA6A,342096
217819_at,GOLGA7,51125,GOLGA7,51125
208797_s_at,GOLGA8A,23015,GOLGA8A,23015
208798_x_at,GOLGA8A,23015,GOLGA8A,23015
222149_x_at,GOLGA8DP///GOLGA8F///GOLGA8CP///GOLGA8EP///GOLGA8G,100132979///100132565///729786///390535///283768,GOLGA8DP///GOLGA8F///GOLGA8CP///GOLGA8EP///GOLGA8G,100132979///100132565///729786///390535///283768
213737_x_at,GOLGA8N,643699,GOLGA8N,643699
201056_at,GOLGB1,2804,GOLGB1,2804
201057_s_at,GOLGB1,2804,GOLGB1,2804
204322_at,GOLIM4,27333,GOLIM4,27333
204324_s_at,GOLIM4,27333,GOLIM4,27333
217771_at,GOLM1,51280,GOLM1,51280
217803_at,GOLPH3,64083,GOLPH3,64083
218361_at,GOLPH3L,55204,GOLPH3L,55204
218193_s_at,GOLT1B,51026,GOLT1B,51026
218873_at,GON4L,54856,GON4L,54856
219846_at,GON4L,54856,GON4L,54856
215749_s_at,GORASP1,64689,GORASP1,64689
207812_s_at,GORASP2,26003,GORASP2,26003
208842_s_at,GORASP2,26003,GORASP2,26003
208843_s_at,GORASP2,26003,GORASP2,26003
204630_s_at,GOSR1,9527,GOSR1,9527
213020_at,GOSR1,9527,GOSR1,9527
213021_at,GOSR1,9527,GOSR1,9527
210009_s_at,GOSR2,9570,GOSR2,9570
213144_at,GOSR2,9570,GOSR2,9570
213180_s_at,GOSR2,9570,GOSR2,9570
213206_at,GOSR2,9570,GOSR2,9570
213207_s_at,GOSR2,9570,GOSR2,9570
208813_at,GOT1,2805,GOT1,2805
200708_at,GOT2,2806,GOT2,2806
207389_at,GP1BA,2811,GP1BA,2811
206681_x_at,GP2,2813,GP2,2813
208473_s_at,GP2,2813,GP2,2813
214324_at,GP2,2813,GP2,2813
214325_at,GP2,2813,GP2,2813
207926_at,GP5,2814,GP5,2814
211525_s_at,GP5,2814,GP5,2814
220336_s_at,GP6,51206,GP6,51206
206883_x_at,GP9,2815,GP9,2815
205929_at,GPA33,10223,GPA33,10223
201618_x_at,GPAA1,8733,GPAA1,8733
211060_x_at,GPAA1,8733,GPAA1,8733
215690_x_at,GPAA1,8733,GPAA1,8733
220171_x_at,GPALPP1,55425,GPALPP1,55425
219818_s_at,GPATCH1,55094,GPATCH1,55094
219078_at,GPATCH2,55105,GPATCH2,55105
219720_s_at,GPATCH2L,55668,GPATCH2L,55668
218895_at,GPATCH3,63906,GPATCH3,63906
220596_at,GPATCH4,54865,GPATCH4,54865
221733_s_at,GPATCH4,54865,GPATCH4,54865
212485_at,GPATCH8,23131,GPATCH8,23131
212487_at,GPATCH8,23131,GPATCH8,23131
217877_s_at,GPBP1L1,60313,GPBP1L1,60313
202755_s_at,GPC1,2817,GPC1,2817
202756_s_at,GPC1,2817,GPC1,2817
209220_at,GPC3,2719,GPC3,2719
204983_s_at,GPC4,2239,GPC4,2239
204984_at,GPC4,2239,GPC4,2239
207174_at,GPC5,2262,GPC5,2262
204997_at,GPD1,2819,GPD1,2819
213706_at,GPD1,2819,GPD1,2819
212510_at,GPD1L,23171,GPD1L,23171
210007_s_at,GPD2,2820,GPD2,2820
211613_s_at,GPD2,2820,GPD2,2820
210640_s_at,GPER1,2852,GPER1,2852
211829_s_at,GPER1,2852,GPER1,2852
220773_s_at,GPHN,10243,GPHN,10243
208308_s_at,GPI,2821,GPI,2821
203776_at,GPKOW,27238,GPKOW,27238
206264_at,GPLD1,2822,GPLD1,2822
206265_s_at,GPLD1,2822,GPLD1,2822
206266_at,GPLD1,2822,GPLD1,2822
215554_at,GPLD1,2822,GPLD1,2822
217405_x_at,GPLD1,2822,GPLD1,2822
209469_at,GPM6A,2823,GPM6A,2823
209470_s_at,GPM6A,2823,GPM6A,2823
209167_at,GPM6B,2824,GPM6B,2824
209168_at,GPM6B,2824,GPM6B,2824
209169_at,GPM6B,2824,GPM6B,2824
209170_s_at,GPM6B,2824,GPM6B,2824
209313_at,GPN1,11321,GPN1,11321
218799_at,GPN2,54707,GPN2,54707
218461_at,GPN3,51184,GPN3,51184
201141_at,GPNMB,10457,GPNMB,10457
214605_x_at,GPR1,2825,GPR1,2825
211977_at,GPR107,57720,GPR107,57720
211979_at,GPR107,57720,GPR107,57720
220264_s_at,GPR107,57720,GPR107,57720
220265_at,GPR107,57720,GPR107,57720
214558_at,GPR12,2835,GPR12,2835
221140_s_at,GPR132,29933,GPR132,29933
211659_at,GPR135,64582,GPR135,64582
214503_x_at,GPR135,64582,GPR135,64582
217641_at,GPR135,64582,GPR135,64582
219430_at,GPR137,56834,GPR137,56834
221966_at,GPR137,56834,GPR137,56834
43934_at,GPR137,56834,GPR137,56834
204137_at,GPR137B,7107,GPR137B,7107
206696_at,GPR143,4935,GPR143,4935
208524_at,GPR15,2838,GPR15,2838
221902_at,GPR153,387509,GPR153,387509
64942_at,GPR153,387509,GPR153,387509
220901_at,GPR157,80045,GPR157,80045
206971_at,GPR161,23432,GPR161,23432
206972_s_at,GPR161,23432,GPR161,23432
214104_at,GPR161,23432,GPR161,23432
205056_s_at,GPR162,27239,GPR162,27239
206190_at,GPR17,2840,GPR17,2840
215225_s_at,GPR17,2840,GPR17,2840
207651_at,GPR171,29909,GPR171,29909
221299_at,GPR173,54328,GPR173,54328
206673_at,GPR176,11245,GPR176,11245
210279_at,GPR18,2841,GPR18,2841
214506_at,GPR182,11318,GPR182,11318
205419_at,GPR183,1880,GPR183,1880
207183_at,GPR19,2842,GPR19,2842
214510_at,GPR20,2843,GPR20,2843
221294_at,GPR21,2844,GPR21,2844
221288_at,GPR22,2845,GPR22,2845
221363_x_at,GPR25,2848,GPR25,2848
221306_at,GPR27,2850,GPR27,2850
214613_at,GPR3,2827,GPR3,2827
208556_at,GPR31,2853,GPR31,2853
221469_at,GPR32,2854,GPR32,2854
210264_at,GPR35,2859,GPR35,2859
214586_at,GPR37,2861,GPR37,2861
207055_at,GPR37L1,9283,GPR37L1,9283
208600_s_at,GPR39,2863,GPR39,2863
206236_at,GPR4,2828,GPR4,2828
211266_s_at,GPR4,2828,GPR4,2828
221385_s_at,GPR42///FFAR3,2866///2865,GPR42///FFAR3,2866///2865
211175_at,GPR45,11250,GPR45,11250
208311_at,GPR50,9248,GPR50,9248
221313_at,GPR52,9293,GPR52,9293
214655_at,GPR6,2830,GPR6,2830
220993_s_at,GPR63,81491,GPR63,81491
214467_at,GPR65,8477,GPR65,8477
211249_at,GPR68,8111,GPR68,8111
220481_at,GPR75,10936,GPR75,10936
211062_s_at,GPR78///CPZ,27201///8532,GPR78///CPZ,27201///8532
219898_at,GPR85,54329,GPR85,54329
219936_s_at,GPR87,53836,GPR87,53836
220313_at,GPR88,54112,GPR88,54112
220642_x_at,GPR89A///GPR89B,653519///51463,GPR89A///GPR89B,653519///51463
222140_s_at,GPR89A///GPR89B,653519///51463,GPR89A///GPR89B,653519///51463
204793_at,GPRASP1,9737,GPRASP1,9737
203108_at,GPRC5A,9052,GPRC5A,9052
212444_at,GPRC5A,9052,GPRC5A,9052
203631_s_at,GPRC5B,51704,GPRC5B,51704
203632_s_at,GPRC5B,51704,GPRC5B,51704
219327_s_at,GPRC5C,55890,GPRC5C,55890
221297_at,GPRC5D,55507,GPRC5D,55507
206747_at,GPRIN2,9721,GPRIN2,9721
217782_s_at,GPS1,2873,GPS1,2873
209350_s_at,GPS2,2874,GPS2,2874
205240_at,GPSM2,29899,GPSM2,29899
221922_at,GPSM2,29899,GPSM2,29899
204265_s_at,GPSM3,63940,GPSM3,63940
214847_s_at,GPSM3,63940,GPSM3,63940
206709_x_at,GPT,2875,GPT,2875
200736_s_at,GPX1,2876,GPX1,2876
202831_at,GPX2,2877,GPX2,2877
201348_at,GPX3,2878,GPX3,2878
214091_s_at,GPX3,2878,GPX3,2878
201106_at,GPX4,2879,GPX4,2879
208028_s_at,GPX5,2880,GPX5,2880
214648_at,GPX5,2880,GPX5,2880
213170_at,GPX7,2882,GPX7,2882
212906_at,GRAMD1B,57476,GRAMD1B,57476
219313_at,GRAMD1C,54762,GRAMD1C,54762
218706_s_at,GRAMD3,65983,GRAMD3,65983
212856_at,GRAMD4,23151,GRAMD4,23151
206620_at,GRAP,10750,GRAP,10750
208406_s_at,GRAP2,9402,GRAP2,9402
209409_at,GRB10,2887,GRB10,2887
209410_s_at,GRB10,2887,GRB10,2887
210999_s_at,GRB10,2887,GRB10,2887
215248_at,GRB10,2887,GRB10,2887
206204_at,GRB14,2888,GRB14,2888
215075_s_at,GRB2,2885,GRB2,2885
210761_s_at,GRB7,2886,GRB7,2886
205862_at,GREB1,9687,GREB1,9687
210562_at,GREB1,9687,GREB1,9687
210855_at,GREB1,9687,GREB1,9687
220340_at,GREB1L,80000,GREB1L,80000
218468_s_at,GREM1,26585,GREM1,26585
218469_at,GREM1,26585,GREM1,26585
220794_at,GREM2,64388,GREM2,64388
219388_at,GRHL2,79977,GRHL2,79977
201347_x_at,GRHPR,9380,GRHPR,9380
214864_s_at,GRHPR,9380,GRHPR,9380
216308_x_at,GRHPR,9380,GRHPR,9380
209793_at,GRIA1,2890,GRIA1,2890
211520_s_at,GRIA1,2890,GRIA1,2890
205358_at,GRIA2,2891,GRIA2,2891
206730_at,GRIA3,2892,GRIA3,2892
208032_s_at,GRIA3,2892,GRIA3,2892
217565_at,GRIA3,2892,GRIA3,2892
208464_at,GRIA4,2893,GRIA4,2893
221364_at,GRID2,2895,GRID2,2895
207242_s_at,GRIK1,2897,GRIK1,2897
214611_at,GRIK1,2897,GRIK1,2897
210818_s_at,GRIK1-AS2///BACH1,100379661///571,GRIK1-AS2///BACH1,100379661///571
213845_at,GRIK2,2898,GRIK2,2898
215655_at,GRIK2,2898,GRIK2,2898
207454_at,GRIK3,2899,GRIK3,2899
208552_at,GRIK4,2900,GRIK4,2900
214966_at,GRIK5,2901,GRIK5,2901
217509_x_at,GRIK5,2901,GRIK5,2901
205914_s_at,GRIN1,2902,GRIN1,2902
205915_x_at,GRIN1,2902,GRIN1,2902
210781_x_at,GRIN1,2902,GRIN1,2902
210782_x_at,GRIN1,2902,GRIN1,2902
211125_x_at,GRIN1,2902,GRIN1,2902
206534_at,GRIN2A,2903,GRIN2A,2903
210411_s_at,GRIN2B,2904,GRIN2B,2904
210412_at,GRIN2B,2904,GRIN2B,2904
210400_at,GRIN2C,2905,GRIN2C,2905
217573_at,GRIN2C,2905,GRIN2C,2905
207036_x_at,GRIN2D,2906,GRIN2D,2906
212090_at,GRINA,2907,GRINA,2907
214018_at,GRIP1,23426,GRIP1,23426
216481_at,GRIP2,80852,GRIP2,80852
208041_at,GRK1,6011,GRK1,6011
201401_s_at,GRK2,156,GRK2,156
201402_at,GRK2,156,GRK2,156
38447_at,GRK2,156,GRK2,156
204183_s_at,GRK3,157,GRK3,157
204184_s_at,GRK3,157,GRK3,157
208365_s_at,GRK4,2868,GRK4,2868
210600_s_at,GRK4,2868,GRK4,2868
204395_s_at,GRK5,2869,GRK5,2869
204396_s_at,GRK5,2869,GRK5,2869
202848_s_at,GRK6,2870,GRK6,2870
202849_x_at,GRK6,2870,GRK6,2870
210981_s_at,GRK6,2870,GRK6,2870
211543_s_at,GRK6,2870,GRK6,2870
207299_s_at,GRM1,2911,GRM1,2911
210939_s_at,GRM1,2911,GRM1,2911
210940_s_at,GRM1,2911,GRM1,2911
208465_at,GRM2,2912,GRM2,2912
205814_at,GRM3,2913,GRM3,2913
210234_at,GRM4,2914,GRM4,2914
207235_s_at,GRM5,2915,GRM5,2915
214217_at,GRM5,2915,GRM5,2915
208035_at,GRM6,2916,GRM6,2916
216255_s_at,GRM8,2918,GRM8,2918
216256_at,GRM8,2918,GRM8,2918
216992_s_at,GRM8,2918,GRM8,2918
200678_x_at,GRN,2896,GRN,2896
211284_s_at,GRN,2896,GRN,2896
216041_x_at,GRN,2896,GRN,2896
206326_at,GRP,2922,GRP,2922
212432_at,GRPEL1,80273,GRPEL1,80273
212434_at,GRPEL1,80273,GRPEL1,80273
207929_at,GRPR,2925,GRPR,2925
201501_s_at,GRSF1,2926,GRSF1,2926
201520_s_at,GRSF1,2926,GRSF1,2926
215030_at,GRSF1,2926,GRSF1,2926
221917_s_at,GRSF1,2926,GRSF1,2926
206712_at,GRTP1,79774,GRTP1,79774
221549_at,GRWD1,83743,GRWD1,83743
216543_at,GS1-600G8.3,100093698,GS1-600G8.3,100093698
213142_x_at,GSAP,54103,GSAP,54103
222150_s_at,GSAP,54103,GSAP,54103
221441_at,GSC2,2928,GSC2,2928
215659_at,GSDMB,55876,GSDMB,55876
219233_s_at,GSDMB,55876,GSDMB,55876
218154_at,GSDMD,79792,GSDMD,79792
212056_at,GSE1,23199,GSE1,23199
212057_at,GSE1,23199,GSE1,23199
221252_s_at,GSG1,83445,GSG1,83445
202210_x_at,GSK3A,2931,GSK3A,2931
632_at,GSK3A,2931,GSK3A,2931
209945_s_at,GSK3B,2932,GSK3B,2932
200696_s_at,GSN,2934,GSN,2934
214040_s_at,GSN,2934,GSN,2934
221072_at,GSN-AS1,57000,GSN-AS1,57000
201912_s_at,GSPT1,2935,GSPT1,2935
215438_x_at,GSPT1,2935,GSPT1,2935
217595_at,GSPT1,2935,GSPT1,2935
205541_s_at,GSPT2,23708,GSPT2,23708
205770_at,GSR,2936,GSR,2936
201415_at,GSS,2937,GSS,2937
211630_s_at,GSS,2937,GSS,2937
203924_at,GSTA1,2938,GSTA1,2938
215766_at,GSTA1,2938,GSTA1,2938
222102_at,GSTA3,2940,GSTA3,2940
202967_at,GSTA4,2941,GSTA4,2941
220063_at,GSTCD,79807,GSTCD,79807
217751_at,GSTK1,373156,GSTK1,373156
204550_x_at,GSTM1,2944,GSTM1,2944
215333_x_at,GSTM1,2944,GSTM1,2944
204418_x_at,GSTM2,2946,GSTM2,2946
202554_s_at,GSTM3,2947,GSTM3,2947
204149_s_at,GSTM4,2948,GSTM4,2948
210912_x_at,GSTM4,2948,GSTM4,2948
205752_s_at,GSTM5,2949,GSTM5,2949
201470_at,GSTO1,9446,GSTO1,9446
200824_at,GSTP1,2950,GSTP1,2950
203815_at,GSTT1,2952,GSTT1,2952
205439_at,GSTT2,2953,GSTT2,2953
207215_at,GSTTP1,25774,GSTTP1,25774
209531_at,GSTZ1,2954,GSTZ1,2954
219770_at,GTDC1,79712,GTDC1,79712
220853_at,GTDC1,79712,GTDC1,79712
206521_s_at,GTF2A1,2957,GTF2A1,2957
202678_at,GTF2A2,2958,GTF2A2,2958
208066_s_at,GTF2B,2959,GTF2B,2959
205930_at,GTF2E1,2960,GTF2E1,2960
202680_at,GTF2E2,2961,GTF2E2,2961
202354_s_at,GTF2F1,2962,GTF2F1,2962
202355_s_at,GTF2F1,2962,GTF2F1,2962
202356_s_at,GTF2F1,2962,GTF2F1,2962
209595_at,GTF2F2,2963,GTF2F2,2963
202451_at,GTF2H1,2965,GTF2H1,2965
202453_s_at,GTF2H1,2965,GTF2H1,2965
215470_at,GTF2H2B,653238,GTF2H2B,653238
221540_x_at,GTF2H2C_2///GTF2H2C///GTF2H2B///GTF2H2,730394///728340///653238///2966,GTF2H2C_2///GTF2H2C///GTF2H2B///GTF2H2,730394///728340///653238///2966
222104_x_at,GTF2H3,2967,GTF2H3,2967
203577_at,GTF2H4,2968,GTF2H4,2968
213357_at,GTF2H5,404672,GTF2H5,404672
210892_s_at,GTF2I,2969,GTF2I,2969
201065_s_at,GTF2IP4///GTF2IP1///GTF2I,100093631///2970///2969,GTF2IP4///GTF2IP1///GTF2I,100093631///2970///2969
210891_s_at,GTF2IP4///GTF2IP1///GTF2I,100093631///2970///2969,GTF2IP4///GTF2IP1///GTF2I,100093631///2970///2969
218412_s_at,GTF2IRD1,9569,GTF2IRD1,9569
215569_at,GTF2IRD2B,389524,GTF2IRD2B,389524
201338_x_at,GTF3A,2971,GTF3A,2971
215091_s_at,GTF3A,2971,GTF3A,2971
202320_at,GTF3C1,2975,GTF3C1,2975
35671_at,GTF3C1,2975,GTF3C1,2975
204366_s_at,GTF3C2,2976,GTF3C2,2976
210620_s_at,GTF3C2,2976,GTF3C2,2976
212429_s_at,GTF3C2,2976,GTF3C2,2976
218343_s_at,GTF3C3,9330,GTF3C3,9330
219198_at,GTF3C4,9329,GTF3C4,9329
217876_at,GTF3C5,9328,GTF3C5,9328
205274_at,GTPBP1,9567,GTPBP1,9567
205275_at,GTPBP1,9567,GTPBP1,9567
205276_s_at,GTPBP1,9567,GTPBP1,9567
219357_at,GTPBP1,9567,GTPBP1,9567
221050_s_at,GTPBP2,54676,GTPBP2,54676
213835_x_at,GTPBP3,84705,GTPBP3,84705
217631_at,GTPBP4,23560,GTPBP4,23560
218238_at,GTPBP4,23560,GTPBP4,23560
218239_s_at,GTPBP4,23560,GTPBP4,23560
203314_at,GTPBP6,8225,GTPBP6,8225
221046_s_at,GTPBP8,29083,GTPBP8,29083
204315_s_at,GTSE1,51512,GTSE1,51512
204318_s_at,GTSE1,51512,GTSE1,51512
211040_x_at,GTSE1,51512,GTSE1,51512
215942_s_at,GTSE1,51512,GTSE1,51512
1255_g_at,GUCA1A,2978,GUCA1A,2978
206062_at,GUCA1A,2978,GUCA1A,2978
215841_at,GUCA1B,2979,GUCA1B,2979
207003_at,GUCA2A,2980,GUCA2A,2980
207502_at,GUCA2B,2981,GUCA2B,2981
206927_s_at,GUCY1A2,2977,GUCY1A2,2977
221942_s_at,GUCY1A3,2982,GUCY1A3,2982
220506_at,GUCY1B2,2974,GUCY1B2,2974
203817_at,GUCY1B3,2983,GUCY1B3,2983
211555_s_at,GUCY1B3,2983,GUCY1B3,2983
206312_at,GUCY2C,2984,GUCY2C,2984
207884_at,GUCY2D,3000,GUCY2D,3000
208053_at,GUCY2F,2986,GUCY2F,2986
218884_s_at,GUF1,60558,GUF1,60558
200075_s_at,GUK1,2987,GUK1,2987
213621_s_at,GUK1,2987,GUK1,2987
204235_s_at,GULP1,51454,GULP1,51454
204237_at,GULP1,51454,GULP1,51454
215913_s_at,GULP1,51454,GULP1,51454
215915_at,GULP1,51454,GULP1,51454
202605_at,GUSB,2990,GUSB,2990
213502_x_at,GUSBP11,91316,GUSBP11,91316
215196_at,GUSBP11,91316,GUSBP11,91316
215202_at,GUSBP11,91316,GUSBP11,91316
215816_at,GUSBP11,91316,GUSBP11,91316
215043_s_at,GUSBP3///SMA5///SMA4,653188///11042///11039,GUSBP3///SMA5///SMA4,653188///11042///11039
215599_at,GUSBP9///GUSBP3,100049076///653188,GUSBP9///GUSBP3,100049076///653188
220577_at,GVINP1,387751,GVINP1,387751
201554_x_at,GYG1,2992,GYG1,2992
211275_s_at,GYG1,2992,GYG1,2992
210963_s_at,GYG2,8908,GYG2,8908
210964_s_at,GYG2,8908,GYG2,8908
215695_s_at,GYG2,8908,GYG2,8908
205837_s_at,GYPA,2993,GYPA,2993
205838_at,GYPA,2993,GYPA,2993
211820_x_at,GYPA,2993,GYPA,2993
211821_x_at,GYPA,2993,GYPA,2993
207459_x_at,GYPB,2994,GYPB,2994
214407_x_at,GYPB,2994,GYPB,2994
216398_at,GYPB,2994,GYPB,2994
216833_x_at,GYPB,2994,GYPB,2994
202947_s_at,GYPC,2995,GYPC,2995
207854_at,GYPE,2996,GYPE,2996
201673_s_at,GYS1,2997,GYS1,2997
214621_at,GYS2,2998,GYS2,2998
205488_at,GZMA,3001,GZMA,3001
210164_at,GZMB,3002,GZMB,3002
210321_at,GZMH,2999,GZMH,2999
206666_at,GZMK,3003,GZMK,3003
207460_at,GZMM,3004,GZMM,3004
208886_at,H1F0,3005,H1F0,3005
204805_s_at,H1FX,8971,H1FX,8971
214412_at,H2AFB1///H2AFB2///H2AFB3,474382///474381///83740,H2AFB1///H2AFB2///H2AFB3,474382///474381///83740
220936_s_at,H2AFJ,55766,H2AFJ,55766
202487_s_at,H2AFV,94239,H2AFV,94239
212205_at,H2AFV,94239,H2AFV,94239
212206_s_at,H2AFV,94239,H2AFV,94239
205436_s_at,H2AFX,3014,H2AFX,3014
212524_x_at,H2AFX,3014,H2AFX,3014
212525_s_at,H2AFX,3014,H2AFX,3014
213344_s_at,H2AFX,3014,H2AFX,3014
207168_s_at,H2AFY,9555,H2AFY,9555
214500_at,H2AFY,9555,H2AFY,9555
214501_s_at,H2AFY,9555,H2AFY,9555
218445_at,H2AFY2,55506,H2AFY2,55506
200853_at,H2AFZ,3015,H2AFZ,3015
213911_s_at,H2AFZ,3015,H2AFZ,3015
208579_x_at,H2BFS,54145,H2BFS,54145
213826_s_at,H3F3A,3020,H3F3A,3020
200080_s_at,H3F3AP4///H3F3B///H3F3A,440926///3021///3020,H3F3AP4///H3F3B///H3F3A,440926///3021///3020
208755_x_at,H3F3AP4///H3F3B///H3F3A,440926///3021///3020,H3F3AP4///H3F3B///H3F3A,440926///3021///3020
211940_x_at,H3F3AP4///H3F3B///H3F3A,440926///3021///3020,H3F3AP4///H3F3B///H3F3A,440926///3021///3020
213828_x_at,H3F3AP4///H3F3B///H3F3A,440926///3021///3020,H3F3AP4///H3F3B///H3F3A,440926///3021///3020
206933_s_at,H6PD,9563,H6PD,9563
221892_at,H6PD,9563,H6PD,9563
205657_at,HAAO,23498,HAAO,23498
215778_x_at,HAB1,55547,HAB1,55547
216875_x_at,HAB1,55547,HAB1,55547
216878_x_at,HAB1,55547,HAB1,55547
206010_at,HABP2,3026,HABP2,3026
209818_s_at,HABP4,22927,HABP4,22927
209819_at,HABP4,22927,HABP4,22927
219654_at,HACD1,9200,HACD1,9200
212640_at,HACD2,201562,HACD2,201562
217777_s_at,HACD3,51495,HACD3,51495
201035_s_at,HADH,3033,HADH,3033
201036_s_at,HADH,3033,HADH,3033
211569_s_at,HADH,3033,HADH,3033
208629_s_at,HADHA,3030,HADHA,3030
208630_at,HADHA,3030,HADHA,3030
208631_s_at,HADHA,3030,HADHA,3030
217156_at,HADHAP1,3031,HADHAP1,3031
201007_at,HADHB,3032,HADHB,3032
205012_s_at,HAGH,3029,HAGH,3029
206643_at,HAL,3034,HAL,3034
217521_at,HAL,3034,HAL,3034
220491_at,HAMP,57817,HAMP,57817
220138_at,HAND1,9421,HAND1,9421
220480_at,HAND2,9464,HAND2,9464
219791_s_at,HAND2-AS1,79804,HAND2-AS1,79804
220224_at,HAO1,54363,HAO1,54363
220801_s_at,HAO2,51179,HAO2,51179
211222_s_at,HAP1,9001,HAP1,9001
211604_x_at,HAP1,9001,HAP1,9001
205523_at,HAPLN1,1404,HAPLN1,1404
205524_s_at,HAPLN1,1404,HAPLN1,1404
220142_at,HAPLN2,60484,HAPLN2,60484
209252_at,HARS2,23438,HARS2,23438
207316_at,HAS1,3036,HAS1,3036
206432_at,HAS2,3037,HAS2,3037
203138_at,HAT1,8520,HAT1,8520
220071_x_at,HAUS2,55142,HAUS2,55142
210054_at,HAUS3,79441,HAUS3,79441
213053_at,HAUS5,23354,HAUS5,23354
213054_at,HAUS5,23354,HAUS5,23354
36888_at,HAUS5,23354,HAUS5,23354
218602_s_at,HAUS6,54801,HAUS6,54801
213334_x_at,HAUS7,55559,HAUS7,55559
207891_s_at,HAUS7///TREX2,55559///11219,HAUS7///TREX2,55559///11219
211788_s_at,HAUS7///TREX2,55559///11219,HAUS7///TREX2,55559///11219
207052_at,HAVCR1,26762,HAVCR1,26762
201145_at,HAX1,10456,HAX1,10456
204018_x_at,HBA2///HBA1,3040///3039,HBA2///HBA1,3040///3039
209458_x_at,HBA2///HBA1,3040///3039,HBA2///HBA1,3040///3039
211699_x_at,HBA2///HBA1,3040///3039,HBA2///HBA1,3040///3039
211745_x_at,HBA2///HBA1,3040///3039,HBA2///HBA1,3040///3039
214414_x_at,HBA2///HBA1,3040///3039,HBA2///HBA1,3040///3039
217414_x_at,HBA2///HBA1,3040///3039,HBA2///HBA1,3040///3039
209116_x_at,HBB,3043,HBB,3043
211696_x_at,HBB,3043,HBB,3043
217232_x_at,HBB,3043,HBB,3043
216063_at,HBBP1,3044,HBBP1,3044
206834_at,HBD,3045,HBD,3045
205919_at,HBE1,3046,HBE1,3046
217683_at,HBE1,3046,HBE1,3046
203821_at,HBEGF,1839,HBEGF,1839
222076_at,HBEGF,1839,HBEGF,1839
38037_at,HBEGF,1839,HBEGF,1839
204419_x_at,HBG2///HBG1,3048///3047,HBG2///HBG1,3048///3047
204848_x_at,HBG2///HBG1,3048///3047,HBG2///HBG1,3048///3047
213515_x_at,HBG2///HBG1,3048///3047,HBG2///HBG1,3048///3047
207361_at,HBP1,26959,HBP1,26959
209102_s_at,HBP1,26959,HBP1,26959
220807_at,HBQ1,3049,HBQ1,3049
209314_s_at,HBS1L,10767,HBS1L,10767
209315_at,HBS1L,10767,HBS1L,10767
209316_s_at,HBS1L,10767,HBS1L,10767
206647_at,HBZ,3050,HBZ,3050
205220_at,HCAR3,8843,HCAR3,8843
203745_at,HCCS,3052,HCCS,3052
203746_s_at,HCCS,3052,HCCS,3052
202473_x_at,HCFC1,3054,HCFC1,3054
202474_s_at,HCFC1,3054,HCFC1,3054
218537_at,HCFC1R1,54985,HCFC1R1,54985
45714_at,HCFC1R1,54985,HCFC1R1,54985
219484_at,HCFC2,29915,HCFC2,29915
216527_at,HCG18,414777,HCG18,414777
214186_s_at,HCG26,352961,HCG26,352961
206685_at,HCG4,54435,HCG4,54435
215973_at,HCG4B,80868,HCG4B,80868
215974_at,HCG4B,80868,HCG4B,80868
215985_at,HCG8///ZNRD1ASP,100507399///80862,HCG8///ZNRD1ASP,100507399///80862
208287_at,HCG9,10255,HCG9,10255
208018_s_at,HCK,3055,HCK,3055
202957_at,HCLS1,3059,HCLS1,3059
207592_s_at,HCN2,610,HCN2,610
214893_x_at,HCN2,610,HCN2,610
206946_at,HCN4,10021,HCN4,10021
206082_at,HCP5,10866,HCP5,10866
216174_at,HCRP1,387535,HCRP1,387535
216176_at,HCRP1,387535,HCRP1,387535
207642_at,HCRT,3060,HCRT,3060
207619_at,HCRTR1,3061,HCRTR1,3061
207393_at,HCRTR2,3062,HCRTR2,3062
201209_at,HDAC1,3065,HDAC1,3065
219847_at,HDAC11,79885,HDAC11,79885
201833_at,HDAC2,3066,HDAC2,3066
216326_s_at,HDAC3,8841,HDAC3,8841
204225_at,HDAC4,9759,HDAC4,9759
202455_at,HDAC5,10014,HDAC5,10014
206846_s_at,HDAC6,10013,HDAC6,10013
211722_s_at,HDAC6,10013,HDAC6,10013
216224_s_at,HDAC6,10013,HDAC6,10013
217937_s_at,HDAC7,51564,HDAC7,51564
205659_at,HDAC9,9734,HDAC9,9734
207067_s_at,HDC,3067,HDC,3067
203259_s_at,HDDC2,51020,HDDC2,51020
203260_at,HDDC2,51020,HDDC2,51020
200896_x_at,HDGF,3068,HDGF,3068
209524_at,HDGFRP3,50810,HDGFRP3,50810
209525_at,HDGFRP3,50810,HDGFRP3,50810
209526_s_at,HDGFRP3,50810,HDGFRP3,50810
216693_x_at,HDGFRP3,50810,HDGFRP3,50810
221976_s_at,HDGFRP3,50810,HDGFRP3,50810
221256_s_at,HDHD3,81932,HDHD3,81932
200643_at,HDLBP,3069,HDLBP,3069
219674_s_at,HDLBP,3069,HDLBP,3069
221767_x_at,HDLBP,3069,HDLBP,3069
218594_at,HEATR1,55127,HEATR1,55127
218595_s_at,HEATR1,55127,HEATR1,55127
219289_at,HEATR3,55027,HEATR3,55027
218991_at,HEATR6,63897,HEATR6,63897
65493_at,HEATR6,63897,HEATR6,63897
218450_at,HEBP1,50865,HEBP1,50865
203430_at,HEBP2,23593,HEBP2,23593
218603_at,HECA,51696,HECA,51696
218632_at,HECTD3,79654,HECTD3,79654
211034_s_at,HECTD4,283450,HECTD4,283450
210331_at,HECW1,23072,HECW1,23072
215584_at,HECW1,23072,HECW1,23072
212822_at,HEG1,57493,HEG1,57493
213069_at,HEG1,57493,HEG1,57493
220085_at,HELLS,3070,HELLS,3070
203674_at,HELZ,9931,HELZ,9931
218620_s_at,HEMK1,51409,HEMK1,51409
218621_at,HEMK1,51409,HEMK1,51409
52159_at,HEMK1,51409,HEMK1,51409
203902_at,HEPH,9843,HEPH,9843
203903_s_at,HEPH,9843,HEPH,9843
218306_s_at,HERC1,8925,HERC1,8925
217902_s_at,HERC2,8924,HERC2,8924
217317_s_at,HERC2P9///HERC2P2,440248///400322,HERC2P9///HERC2P2,440248///400322
208054_at,HERC4,26091,HERC4,26091
208055_s_at,HERC4,26091,HERC4,26091
219863_at,HERC5,51191,HERC5,51191
219352_at,HERC6,55008,HERC6,55008
217168_s_at,HERPUD1,9709,HERPUD1,9709
203393_at,HES1,3280,HES1,3280
203394_s_at,HES1,3280,HES1,3280
203395_s_at,HES1,3280,HES1,3280
214521_at,HES2,54626,HES2,54626
216674_at,HES2,54626,HES2,54626
211267_at,HESX1,8820,HESX1,8820
201765_s_at,HEXA,3073,HEXA,3073
215155_at,HEXA,3073,HEXA,3073
220718_at,HEXA-AS1,80072,HEXA-AS1,80072
201944_at,HEXB,3074,HEXB,3074
202814_s_at,HEXIM1,10614,HEXIM1,10614
202815_s_at,HEXIM1,10614,HEXIM1,10614
218839_at,HEY1,23462,HEY1,23462
44783_s_at,HEY1,23462,HEY1,23462
219743_at,HEY2,23493,HEY2,23493
220662_s_at,HEYL,26508,HEYL,26508
206086_x_at,HFE,3077,HFE,3077
206087_x_at,HFE,3077,HFE,3077
210864_x_at,HFE,3077,HFE,3077
211326_x_at,HFE,3077,HFE,3077
211327_x_at,HFE,3077,HFE,3077
211328_x_at,HFE,3077,HFE,3077
211329_x_at,HFE,3077,HFE,3077
211330_s_at,HFE,3077,HFE,3077
211331_x_at,HFE,3077,HFE,3077
211332_x_at,HFE,3077,HFE,3077
211863_x_at,HFE,3077,HFE,3077
211866_x_at,HFE,3077,HFE,3077
214647_s_at,HFE,3077,HFE,3077
211111_at,HGC6.3,100128124,HGC6.3,100128124
205221_at,HGD,3081,HGD,3081
214307_at,HGD,3081,HGD,3081
214308_s_at,HGD,3081,HGD,3081
209960_at,HGF,3082,HGF,3082
209961_s_at,HGF,3082,HGF,3082
210755_at,HGF,3082,HGF,3082
210997_at,HGF,3082,HGF,3082
210998_s_at,HGF,3082,HGF,3082
207027_at,HGFAC,3083,HGFAC,3083
219071_x_at,HGH1,51236,HGH1,51236
221629_x_at,HGH1,51236,HGH1,51236
210428_s_at,HGS,9146,HGS,9146
218017_s_at,HGSNAT,138050,HGSNAT,138050
219687_at,HHAT,55733,HHAT,55733
204689_at,HHEX,3087,HHEX,3087
215933_s_at,HHEX,3087,HHEX,3087
220283_at,HHIPL2,79802,HHIPL2,79802
221162_at,HHLA1,10086,HHLA1,10086
220812_s_at,HHLA2,11148,HHLA2,11148
220387_s_at,HHLA3,11147,HHLA3,11147
203711_s_at,HIBCH,26275,HIBCH,26275
213374_x_at,HIBCH,26275,HIBCH,26275
208461_at,HIC1,3090,HIC1,3090
212964_at,HIC2,23119,HIC2,23119
212965_at,HIC2,23119,HIC2,23119
212966_at,HIC2,23119,HIC2,23119
216911_s_at,HIC2,23119,HIC2,23119
200989_at,HIF1A,3091,HIF1A,3091
218525_s_at,HIF1AN,55662,HIF1AN,55662
59999_at,HIF1AN,55662,HIF1AN,55662
219319_at,HIF3A,64344,HIF3A,64344
222123_s_at,HIF3A,64344,HIF3A,64344
222124_at,HIF3A,64344,HIF3A,64344
217845_x_at,HIGD1A,25994,HIGD1A,25994
221896_s_at,HIGD1A,25994,HIGD1A,25994
219719_at,HIGD1B,51751,HIGD1B,51751
209328_x_at,HIGD2A,192286,HIGD2A,192286
209329_x_at,HIGD2A,192286,HIGD2A,192286
219979_s_at,HIKESHI,51501,HIKESHI,51501
218507_at,HILPDA,29923,HILPDA,29923
206495_s_at,HINFP,25988,HINFP,25988
200093_s_at,HINT1,3094,HINT1,3094
207721_x_at,HINT1,3094,HINT1,3094
208826_x_at,HINT1,3094,HINT1,3094
205425_at,HIP1,3092,HIP1,3092
205426_s_at,HIP1,3092,HIP1,3092
209558_s_at,HIP1R,9026,HIP1R,9026
209559_at,HIP1R,9026,HIP1R,9026
38340_at,HIP1R,9026,HIP1R,9026
212291_at,HIPK1,204851,HIPK1,204851
212293_at,HIPK1,204851,HIPK1,204851
213763_at,HIPK2,28996,HIPK2,28996
219028_at,HIPK2,28996,HIPK2,28996
207764_s_at,HIPK3,10114,HIPK3,10114
210148_at,HIPK3,10114,HIPK3,10114
213697_at,HIPK3,10114,HIPK3,10114
217427_s_at,HIRA,7290,HIRA,7290
204504_s_at,HIRIP3,8479,HIRIP3,8479
208484_at,HIST1H1A,3024,HIST1H1A,3024
214534_at,HIST1H1B,3009,HIST1H1B,3009
209398_at,HIST1H1C,3006,HIST1H1C,3006
214537_at,HIST1H1D,3007,HIST1H1D,3007
208553_at,HIST1H1E,3008,HIST1H1E,3008
207982_at,HIST1H1T,3010,HIST1H1T,3010
208569_at,HIST1H2AB,8335,HIST1H2AB,8335
215071_s_at,HIST1H2AC,8334,HIST1H2AC,8334
214469_at,HIST1H2AE,3012,HIST1H2AE,3012
207156_at,HIST1H2AH///HIST1H2AG///HIST1H2AM///HIST1H2AL///HIST1H2AK///HIST1H2AI,85235///8969///8336///8332///8330///8329,HIST1H2AH///HIST1H2AG///HIST1H2AM///HIST1H2AL///HIST1H2AK///HIST1H2AI,85235///8969///8336///8332///8330///8329
214542_x_at,HIST1H2AH///HIST1H2AG///HIST1H2AM///HIST1H2AL///HIST1H2AK///HIST1H2AI,85235///8969///8336///8332///8330///8329,HIST1H2AH///HIST1H2AG///HIST1H2AM///HIST1H2AL///HIST1H2AK///HIST1H2AI,85235///8969///8336///8332///8330///8329
208583_x_at,HIST1H2AJ,8331,HIST1H2AJ,8331
214644_at,HIST1H2AK,8330,HIST1H2AK,8330
214554_at,HIST1H2AL,8332,HIST1H2AL,8332
214481_at,HIST1H2AM,8336,HIST1H2AM,8336
208547_at,HIST1H2BB,3018,HIST1H2BB,3018
208490_x_at,HIST1H2BC///HIST1H2BI///HIST1H2BE///HIST1H2BF///HIST1H2BG,8347///8346///8344///8343///8339,HIST1H2BC///HIST1H2BI///HIST1H2BE///HIST1H2BF///HIST1H2BG,8347///8346///8344///8343///8339
208523_x_at,HIST1H2BC///HIST1H2BI///HIST1H2BE///HIST1H2BF///HIST1H2BG,8347///8346///8344///8343///8339,HIST1H2BC///HIST1H2BI///HIST1H2BE///HIST1H2BF///HIST1H2BG,8347///8346///8344///8343///8339
214455_at,HIST1H2BC///HIST1H2BI///HIST1H2BE///HIST1H2BF///HIST1H2BG,8347///8346///8344///8343///8339,HIST1H2BC///HIST1H2BI///HIST1H2BE///HIST1H2BF///HIST1H2BG,8347///8346///8344///8343///8339
209911_x_at,HIST1H2BD,3017,HIST1H2BD,3017
222067_x_at,HIST1H2BD,3017,HIST1H2BD,3017
208527_x_at,HIST1H2BE,8344,HIST1H2BE,8344
208546_x_at,HIST1H2BH,8345,HIST1H2BH,8345
214502_at,HIST1H2BJ,8970,HIST1H2BJ,8970
210387_at,HIST1H2BJ///HIST1H2BG,8970///8339,HIST1H2BJ///HIST1H2BG,8970///8339
215779_s_at,HIST1H2BJ///HIST1H2BG,8970///8339,HIST1H2BJ///HIST1H2BG,8970///8339
209806_at,HIST1H2BK,85236,HIST1H2BK,85236
207611_at,HIST1H2BL,8340,HIST1H2BL,8340
208515_at,HIST1H2BM,8342,HIST1H2BM,8342
207226_at,HIST1H2BN,8341,HIST1H2BN,8341
214540_at,HIST1H2BO,8348,HIST1H2BO,8348
208575_at,HIST1H3A,8350,HIST1H3A,8350
208576_s_at,HIST1H3B,8358,HIST1H3B,8358
208577_at,HIST1H3C,8352,HIST1H3C,8352
214522_x_at,HIST1H3D///HIST1H2AD,8351///3013,HIST1H3D///HIST1H2AD,8351///3013
214616_at,HIST1H3E,8353,HIST1H3E,8353
208506_at,HIST1H3F,8968,HIST1H3F,8968
206110_at,HIST1H3F///HIST1H3B///HIST1H3H///HIST1H3J///HIST1H3G///HIST1H3I///HIST1H3E///HIST1H3C///HIST1H3D///HIST1H3A,8968///8358///8357///8356///8355///8354///8353///8352///8351///8350,HIST1H3F///HIST1H3B///HIST1H3H///HIST1H3J///HIST1H3G///HIST1H3I///HIST1H3E///HIST1H3C///HIST1H3D///HIST1H3A,8968///8358///8357///8356///8355///8354///8353///8352///8351///8350
214646_at,HIST1H3F///HIST1H3B///HIST1H3H///HIST1H3J///HIST1H3G///HIST1H3I///HIST1H3E///HIST1H3C///HIST1H3D///HIST1H3A,8968///8358///8357///8356///8355///8354///8353///8352///8351///8350,HIST1H3F///HIST1H3B///HIST1H3H///HIST1H3J///HIST1H3G///HIST1H3I///HIST1H3E///HIST1H3C///HIST1H3D///HIST1H3A,8968///8358///8357///8356///8355///8354///8353///8352///8351///8350
214472_at,HIST1H3F///HIST1H3B///HIST1H3H///HIST1H3J///HIST1H3G///HIST1H3I///HIST1H3E///HIST1H3C///HIST1H3D///HIST1H3A///HIST1H2AD,8968///8358///8357///8356///8355///8354///8353///8352///8351///8350///3013,HIST1H3F///HIST1H3B///HIST1H3H///HIST1H3J///HIST1H3G///HIST1H3I///HIST1H3E///HIST1H3C///HIST1H3D///HIST1H3A///HIST1H2AD,8968///8358///8357///8356///8355///8354///8353///8352///8351///8350///3013
208496_x_at,HIST1H3G,8355,HIST1H3G,8355
214509_at,HIST1H3I,8354,HIST1H3I,8354
208046_at,HIST1H4A,8359,HIST1H4A,8359
208076_at,HIST1H4D,8360,HIST1H4D,8360
206951_at,HIST1H4E,8367,HIST1H4E,8367
208551_at,HIST1H4G,8369,HIST1H4G,8369
208026_at,HIST1H4G///HIST1H4F,8369///8361,HIST1H4G///HIST1H4F,8369///8361
208180_s_at,HIST1H4H,8365,HIST1H4H,8365
214634_at,HIST1H4I,8294,HIST1H4I,8294
214463_x_at,HIST1H4J,8363,HIST1H4J,8363
214562_at,HIST1H4L,8368,HIST1H4L,8368
214290_s_at,HIST2H2AA4///HIST2H2AA3,723790///8337,HIST2H2AA4///HIST2H2AA3,723790///8337
218279_s_at,HIST2H2AA4///HIST2H2AA3,723790///8337,HIST2H2AA4///HIST2H2AA3,723790///8337
218280_x_at,HIST2H2AA4///HIST2H2AA3,723790///8337,HIST2H2AA4///HIST2H2AA3,723790///8337
202708_s_at,HIST2H2BE,8349,HIST2H2BE,8349
205967_at,HIST2H4B///HIST4H4///HIST2H4A///HIST1H4L///HIST1H4E///HIST1H4B///HIST1H4H///HIST1H4C///HIST1H4J///HIST1H4K///HIST1H4F///HIST1H4D///HIST1H4A///HIST1H4I,554313///121504///8370///8368///8367///8366///8365///8364///8363///8362///8361///8360///8359///8294,HIST2H4B///HIST4H4///HIST2H4A///HIST1H4L///HIST1H4E///HIST1H4B///HIST1H4H///HIST1H4C///HIST1H4J///HIST1H4K///HIST1H4F///HIST1H4D///HIST1H4A///HIST1H4I,554313///121504///8370///8368///8367///8366///8365///8364///8363///8362///8361///8360///8359///8294
207046_at,HIST2H4B///HIST4H4///HIST2H4A///HIST1H4L///HIST1H4E///HIST1H4B///HIST1H4H///HIST1H4C///HIST1H4J///HIST1H4K///HIST1H4F///HIST1H4D///HIST1H4A///HIST1H4I,554313///121504///8370///8368///8367///8366///8365///8364///8363///8362///8361///8360///8359///8294,HIST2H4B///HIST4H4///HIST2H4A///HIST1H4L///HIST1H4E///HIST1H4B///HIST1H4H///HIST1H4C///HIST1H4J///HIST1H4K///HIST1H4F///HIST1H4D///HIST1H4A///HIST1H4I,554313///121504///8370///8368///8367///8366///8365///8364///8363///8362///8361///8360///8359///8294
208181_at,HIST2H4B///HIST4H4///HIST2H4A///HIST1H4L///HIST1H4E///HIST1H4B///HIST1H4H///HIST1H4C///HIST1H4J///HIST1H4K///HIST1H4F///HIST1H4D///HIST1H4A///HIST1H4I,554313///121504///8370///8368///8367///8366///8365///8364///8363///8362///8361///8360///8359///8294,HIST2H4B///HIST4H4///HIST2H4A///HIST1H4L///HIST1H4E///HIST1H4B///HIST1H4H///HIST1H4C///HIST1H4J///HIST1H4K///HIST1H4F///HIST1H4D///HIST1H4A///HIST1H4I,554313///121504///8370///8368///8367///8366///8365///8364///8363///8362///8361///8360///8359///8294
208580_x_at,HIST2H4B///HIST4H4///HIST2H4A///HIST1H4L///HIST1H4E///HIST1H4B///HIST1H4H///HIST1H4C///HIST1H4J///HIST1H4K///HIST1H4F///HIST1H4D///HIST1H4A///HIST1H4I,554313///121504///8370///8368///8367///8366///8365///8364///8363///8362///8361///8360///8359///8294,HIST2H4B///HIST4H4///HIST2H4A///HIST1H4L///HIST1H4E///HIST1H4B///HIST1H4H///HIST1H4C///HIST1H4J///HIST1H4K///HIST1H4F///HIST1H4D///HIST1H4A///HIST1H4I,554313///121504///8370///8368///8367///8366///8365///8364///8363///8362///8361///8360///8359///8294
214516_at,HIST2H4B///HIST4H4///HIST2H4A///HIST1H4L///HIST1H4E///HIST1H4B///HIST1H4H///HIST1H4C///HIST1H4J///HIST1H4K///HIST1H4F///HIST1H4D///HIST1H4A///HIST1H4I,554313///121504///8370///8368///8367///8366///8365///8364///8363///8362///8361///8360///8359///8294,HIST2H4B///HIST4H4///HIST2H4A///HIST1H4L///HIST1H4E///HIST1H4B///HIST1H4H///HIST1H4C///HIST1H4J///HIST1H4K///HIST1H4F///HIST1H4D///HIST1H4A///HIST1H4I,554313///121504///8370///8368///8367///8366///8365///8364///8363///8362///8361///8360///8359///8294
221582_at,HIST3H2A,92815,HIST3H2A,92815
208572_at,HIST3H3,8290,HIST3H3,8290
204512_at,HIVEP1,3096,HIVEP1,3096
212641_at,HIVEP2,3097,HIVEP2,3097
212642_s_at,HIVEP2,3097,HIVEP2,3097
220042_x_at,HIVEP3,59269,HIVEP3,59269
218726_at,HJURP,55355,HJURP,55355
200697_at,HK1,3098,HK1,3098
202934_at,HK2,3099,HK2,3099
222305_at,HK2,3099,HK2,3099
205936_s_at,HK3,3101,HK3,3101
220585_at,HKDC1,80201,HKDC1,80201
213932_x_at,HLA-A,3105,HLA-A,3105
215313_x_at,HLA-A,3105,HLA-A,3105
208729_x_at,HLA-B,3106,HLA-B,3106
209140_x_at,HLA-B,3106,HLA-B,3106
211911_x_at,HLA-B,3106,HLA-B,3106
208812_x_at,HLA-C,3107,HLA-C,3107
211799_x_at,HLA-C,3107,HLA-C,3107
214459_x_at,HLA-C,3107,HLA-C,3107
216526_x_at,HLA-C,3107,HLA-C,3107
217478_s_at,HLA-DMA,3108,HLA-DMA,3108
203932_at,HLA-DMB,3109,HLA-DMB,3109
206313_at,HLA-DOA,3111,HLA-DOA,3111
211142_x_at,HLA-DOA,3111,HLA-DOA,3111
216946_at,HLA-DOA,3111,HLA-DOA,3111
217001_x_at,HLA-DOA,3111,HLA-DOA,3111
205671_s_at,HLA-DOB,3112,HLA-DOB,3112
211990_at,HLA-DPA1,3113,HLA-DPA1,3113
211991_s_at,HLA-DPA1,3113,HLA-DPA1,3113
213537_at,HLA-DPA1,3113,HLA-DPA1,3113
216631_s_at,HLA-DPA2,646702,HLA-DPA2,646702
201137_s_at,HLA-DPB1,3115,HLA-DPB1,3115
203290_at,HLA-DQA1,3117,HLA-DQA1,3117
209480_at,HLA-DQB1,3119,HLA-DQB1,3119
210747_at,HLA-DQB1,3119,HLA-DQB1,3119
211654_x_at,HLA-DQB1,3119,HLA-DQB1,3119
215536_at,HLA-DQB2,3120,HLA-DQB2,3120
208894_at,HLA-DRA,3122,HLA-DRA,3122
210982_s_at,HLA-DRA,3122,HLA-DRA,3122
208306_x_at,HLA-DRB1,3123,HLA-DRB1,3123
209728_at,HLA-DRB4,3126,HLA-DRB4,3126
215666_at,HLA-DRB4,3126,HLA-DRB4,3126
215669_at,HLA-DRB4,3126,HLA-DRB4,3126
217323_at,HLA-DRB6,3128,HLA-DRB6,3128
217362_x_at,HLA-DRB6,3128,HLA-DRB6,3128
200904_at,HLA-E,3133,HLA-E,3133
200905_x_at,HLA-E,3133,HLA-E,3133
217456_x_at,HLA-E,3133,HLA-E,3133
204806_x_at,HLA-F,3134,HLA-F,3134
221875_x_at,HLA-F,3134,HLA-F,3134
221978_at,HLA-F,3134,HLA-F,3134
222279_at,HLA-F-AS1,285830,HLA-F-AS1,285830
210514_x_at,HLA-G,3135,HLA-G,3135
211528_x_at,HLA-G,3135,HLA-G,3135
211529_x_at,HLA-G,3135,HLA-G,3135
211530_x_at,HLA-G,3135,HLA-G,3135
217436_x_at,HLA-J,3137,HLA-J,3137
207833_s_at,HLCS,3141,HLCS,3141
209399_at,HLCS,3141,HLCS,3141
204753_s_at,HLF,3131,HLF,3131
204754_at,HLF,3131,HLF,3131
204755_x_at,HLF,3131,HLF,3131
202983_at,HLTF,6596,HLTF,6596
214438_at,HLX,3142,HLX,3142
219269_at,HMBOX1,79618,HMBOX1,79618
203040_s_at,HMBS,3145,HMBS,3145
201677_at,HMCES,56941,HMCES,56941
201678_s_at,HMCES,56941,HMCES,56941
218152_at,HMG20A,10363,HMG20A,10363
209113_s_at,HMG20B,10362,HMG20B,10362
210719_s_at,HMG20B,10362,HMG20B,10362
213966_at,HMG20B,10362,HMG20B,10362
206074_s_at,HMGA1,3159,HMGA1,3159
210457_x_at,HMGA1,3159,HMGA1,3159
208025_s_at,HMGA2,8091,HMGA2,8091
200679_x_at,HMGB1,3146,HMGB1,3146
200680_x_at,HMGB1,3146,HMGB1,3146
214938_x_at,HMGB1,3146,HMGB1,3146
208808_s_at,HMGB2,3148,HMGB2,3148
203744_at,HMGB3,3149,HMGB3,3149
216548_x_at,HMGB3P1,128872,HMGB3P1,128872
202772_at,HMGCL,3155,HMGCL,3155
202539_s_at,HMGCR,3156,HMGCR,3156
202540_s_at,HMGCR,3156,HMGCR,3156
205822_s_at,HMGCS1,3157,HMGCS1,3157
221750_at,HMGCS1,3157,HMGCS1,3157
204607_at,HMGCS2,3158,HMGCS2,3158
200943_at,HMGN1,3150,HMGN1,3150
208668_x_at,HMGN2,3151,HMGN2,3151
209377_s_at,HMGN3,9324,HMGN3,9324
202579_x_at,HMGN4,10473,HMGN4,10473
209786_at,HMGN4,10473,HMGN4,10473
209787_s_at,HMGN4,10473,HMGN4,10473
221238_at,HMGN5,79366,HMGN5,79366
221606_s_at,HMGN5,79366,HMGN5,79366
212431_at,HMGXB3,22993,HMGXB3,22993
34221_at,HMGXB3,22993,HMGXB3,22993
212596_s_at,HMGXB4,10042,HMGXB4,10042
212597_s_at,HMGXB4,10042,HMGXB4,10042
208302_at,HMHB1,57824,HMHB1,57824
207165_at,HMMR,3161,HMMR,3161
209709_s_at,HMMR,3161,HMMR,3161
203665_at,HMOX1,3162,HMOX1,3162
218120_s_at,HMOX2,3163,HMOX2,3163
218121_at,HMOX2,3163,HMOX2,3163
218623_at,HMP19,51617,HMP19,51617
207353_s_at,HMX1,3166,HMX1,3166
217755_at,HN1,51155,HN1,51155
212109_at,HN1L,90861,HN1L,90861
212115_at,HN1L,90861,HN1L,90861
216031_x_at,HN1L,90861,HN1L,90861
210515_at,HNF1A,6927,HNF1A,6927
216930_at,HNF1A,6927,HNF1A,6927
205313_at,HNF1B,6928,HNF1B,6928
208135_at,HNF1B,6928,HNF1B,6928
208429_x_at,HNF4A,3172,HNF4A,3172
214832_at,HNF4A,3172,HNF4A,3172
214851_at,HNF4A,3172,HNF4A,3172
216889_s_at,HNF4A,3172,HNF4A,3172
207456_at,HNF4G,3174,HNF4G,3174
204110_at,HNMT,3176,HNMT,3176
204111_at,HNMT,3176,HNMT,3176
204112_s_at,HNMT,3176,HNMT,3176
211732_x_at,HNMT,3176,HNMT,3176
201054_at,HNRNPA0,10949,HNRNPA0,10949
201055_s_at,HNRNPA0,10949,HNRNPA0,10949
214280_x_at,HNRNPA1,3178,HNRNPA1,3178
221919_at,HNRNPA1,3178,HNRNPA1,3178
222040_at,HNRNPA1,3178,HNRNPA1,3178
200016_x_at,HNRNPA1P10///HNRNPA1,664709///3178,HNRNPA1P10///HNRNPA1,664709///3178
213356_x_at,HNRNPA1P33///HNRNPA1P10///HNRNPA1L2///HNRNPA1,728643///664709///144983///3178,HNRNPA1P33///HNRNPA1P10///HNRNPA1L2///HNRNPA1,728643///664709///144983///3178
205292_s_at,HNRNPA2B1,3181,HNRNPA2B1,3181
211929_at,HNRNPA3,220988,HNRNPA3,220988
211930_at,HNRNPA3,220988,HNRNPA3,220988
211932_at,HNRNPA3,220988,HNRNPA3,220988
206809_s_at,HNRNPA3///HNRNPA3P1,220988///10151,HNRNPA3///HNRNPA3P1,220988///10151
211931_s_at,HNRNPA3///HNRNPA3P1,220988///10151,HNRNPA3///HNRNPA3P1,220988///10151
211933_s_at,HNRNPA3///HNRNPA3P1,220988///10151,HNRNPA3///HNRNPA3P1,220988///10151
206808_at,HNRNPA3P1,10151,HNRNPA3P1,10151
201277_s_at,HNRNPAB,3182,HNRNPAB,3182
200014_s_at,HNRNPC,3183,HNRNPC,3183
200751_s_at,HNRNPC,3183,HNRNPC,3183
212626_x_at,HNRNPC,3183,HNRNPC,3183
214737_x_at,HNRNPC,3183,HNRNPC,3183
216302_at,HNRNPCL4///HNRNPCL3///HNRNPCL2///HNRNPCL1,101060301///649330///440563///343069,HNRNPCL4///HNRNPCL3///HNRNPCL2///HNRNPCL1,101060301///649330///440563///343069
200073_s_at,HNRNPD,3184,HNRNPD,3184
205183_at,HNRNPD,3184,HNRNPD,3184
209330_s_at,HNRNPD,3184,HNRNPD,3184
213359_at,HNRNPD,3184,HNRNPD,3184
221480_at,HNRNPD,3184,HNRNPD,3184
221481_x_at,HNRNPD,3184,HNRNPD,3184
201993_x_at,HNRNPDL,9987,HNRNPDL,9987
209067_s_at,HNRNPDL,9987,HNRNPDL,9987
209068_at,HNRNPDL,9987,HNRNPDL,9987
212454_x_at,HNRNPDL,9987,HNRNPDL,9987
214379_at,HNRNPDL,9987,HNRNPDL,9987
201376_s_at,HNRNPF,3185,HNRNPF,3185
201031_s_at,HNRNPH1,3187,HNRNPH1,3187
213470_s_at,HNRNPH1,3187,HNRNPH1,3187
213472_at,HNRNPH1,3187,HNRNPH1,3187
213619_at,HNRNPH1,3187,HNRNPH1,3187
207127_s_at,HNRNPH3,3189,HNRNPH3,3189
208990_s_at,HNRNPH3,3189,HNRNPH3,3189
210110_x_at,HNRNPH3,3189,HNRNPH3,3189
210588_x_at,HNRNPH3,3189,HNRNPH3,3189
200097_s_at,HNRNPK,3190,HNRNPK,3190
200775_s_at,HNRNPK,3190,HNRNPK,3190
202072_at,HNRNPL,3191,HNRNPL,3191
35201_at,HNRNPL,3191,HNRNPL,3191
200072_s_at,HNRNPM,4670,HNRNPM,4670
214918_at,HNRNPM,4670,HNRNPM,4670
208765_s_at,HNRNPR,10236,HNRNPR,10236
208766_s_at,HNRNPR,10236,HNRNPR,10236
200593_s_at,HNRNPU,3192,HNRNPU,3192
200594_x_at,HNRNPU,3192,HNRNPU,3192
216855_s_at,HNRNPU,3192,HNRNPU,3192
208713_at,HNRNPUL1,11100,HNRNPUL1,11100
209675_s_at,HNRNPUL1,11100,HNRNPUL1,11100
222264_at,HNRNPUL2,221092,HNRNPUL2,221092
208906_at,HNRNPUL2-BSCL2///BSCL2,100534595///26580,HNRNPUL2-BSCL2///BSCL2,100534595///26580
66053_at,HNRNPUL2-BSCL2///HNRNPUL2,100534595///221092,HNRNPUL2-BSCL2///HNRNPUL2,100534595///221092
213793_s_at,HOMER1,9456,HOMER1,9456
217080_s_at,HOMER2,9455,HOMER2,9455
204647_at,HOMER3,9454,HOMER3,9454
215489_x_at,HOMER3,9454,HOMER3,9454
222222_s_at,HOMER3,9454,HOMER3,9454
219976_at,HOOK1,51361,HOOK1,51361
218780_at,HOOK2,29911,HOOK2,29911
211597_s_at,HOPX,84525,HOPX,84525
214639_s_at,HOXA1,3198,HOXA1,3198
213147_at,HOXA10,3206,HOXA10,3206
213150_at,HOXA10,3206,HOXA10,3206
209905_at,HOXA10-HOXA9///MIR196B///HOXA9,100534589///442920///3205,HOXA10-HOXA9///MIR196B///HOXA9,100534589///442920///3205
214651_s_at,HOXA10-HOXA9///MIR196B///HOXA9,100534589///442920///3205,HOXA10-HOXA9///MIR196B///HOXA9,100534589///442920///3205
208493_at,HOXA11,3207,HOXA11,3207
213823_at,HOXA11,3207,HOXA11,3207
214457_at,HOXA2,3199,HOXA2,3199
208604_s_at,HOXA3,3200,HOXA3,3200
206289_at,HOXA4,3201,HOXA4,3201
213844_at,HOXA5,3202,HOXA5,3202
208557_at,HOXA6,3203,HOXA6,3203
206847_s_at,HOXA7,3204,HOXA7,3204
208224_at,HOXB1,3211,HOXB1,3211
209844_at,HOXB13,10481,HOXB13,10481
205453_at,HOXB2,3212,HOXB2,3212
208414_s_at,HOXB3,3213,HOXB3,3213
205600_x_at,HOXB5,3215,HOXB5,3215
205601_s_at,HOXB5,3215,HOXB5,3215
205365_at,HOXB6,3216,HOXB6,3216
205366_s_at,HOXB6,3216,HOXB6,3216
204778_x_at,HOXB7,3217,HOXB7,3217
204779_s_at,HOXB7,3217,HOXB7,3217
216973_s_at,HOXB7,3217,HOXB7,3217
221278_at,HOXB8,3218,HOXB8,3218
216417_x_at,HOXB9,3219,HOXB9,3219
218959_at,HOXC10,3226,HOXC10,3226
206745_at,HOXC11,3227,HOXC11,3227
219832_s_at,HOXC13,3229,HOXC13,3229
206194_at,HOXC4,3221,HOXC4,3221
206739_at,HOXC5,3222,HOXC5,3222
206858_s_at,HOXC6,3223,HOXC6,3223
221350_at,HOXC8,3224,HOXC8,3224
205974_at,HOXD1,3231,HOXD1,3231
205975_s_at,HOXD1,3231,HOXD1,3231
207373_at,HOXD10,3236,HOXD10,3236
214604_at,HOXD11,3237,HOXD11,3237
221411_at,HOXD12,3238,HOXD12,3238
207397_s_at,HOXD13,3239,HOXD13,3239
207398_at,HOXD13,3239,HOXD13,3239
205522_at,HOXD4,3233,HOXD4,3233
205604_at,HOXD9,3235,HOXD9,3235
205605_at,HOXD9,3235,HOXD9,3235
206697_s_at,HP,3240,HP,3240
220633_s_at,HP1BP3,50809,HP1BP3,50809
205454_at,HPCA,3208,HPCA,3208
205462_s_at,HPCAL1,3241,HPCAL1,3241
212552_at,HPCAL1,3241,HPCAL1,3241
219671_at,HPCAL4,51440,HPCAL4,51440
222091_at,HPCAL4,51440,HPCAL4,51440
206024_at,HPD,3242,HPD,3242
218646_at,HPF1,54969,HPF1,54969
203913_s_at,HPGD,3248,HPGD,3248
203914_x_at,HPGD,3248,HPGD,3248
211548_s_at,HPGD,3248,HPGD,3248
211549_s_at,HPGD,3248,HPGD,3248
206726_at,HPGDS,27306,HPGDS,27306
204934_s_at,HPN,3249,HPN,3249
208471_at,HPR,3250,HPR,3250
208470_s_at,HPR///HP,3250///3240,HPR///HP,3250///3240
202854_at,HPRT1,3251,HPRT1,3251
203308_x_at,HPS1,3257,HPS1,3257
203309_s_at,HPS1,3257,HPS1,3257
210112_at,HPS1,3257,HPS1,3257
217354_s_at,HPS1,3257,HPS1,3257
218402_s_at,HPS4,89781,HPS4,89781
54037_at,HPS4,89781,HPS4,89781
204544_at,HPS5,11234,HPS5,11234
219052_at,HPS6,79803,HPS6,79803
219403_s_at,HPSE,10855,HPSE,10855
220927_s_at,HPSE2,60495,HPSE2,60495
210013_at,HPX,3263,HPX,3263
39763_at,HPX,3263,HPX,3263
210086_at,HR,55806,HR,55806
220163_s_at,HR,55806,HR,55806
212983_at,HRAS,3265,HRAS,3265
219983_at,HRASLS,57110,HRASLS,57110
219984_s_at,HRASLS,57110,HRASLS,57110
216759_at,HRASLS2,54979,HRASLS2,54979
216760_at,HRASLS2,54979,HRASLS2,54979
221122_at,HRASLS2,54979,HRASLS2,54979
207066_at,HRC,3270,HRC,3270
206226_at,HRG,3273,HRG,3273
31835_at,HRG,3273,HRG,3273
205579_at,HRH1,3269,HRH1,3269
205580_s_at,HRH1,3269,HRH1,3269
220805_at,HRH2,3274,HRH2,3274
220447_at,HRH3,11255,HRH3,11255
221663_x_at,HRH3,11255,HRH3,11255
221169_s_at,HRH4,59340,HRH4,59340
221170_at,HRH4,59340,HRH4,59340
206863_x_at,HRK,8739,HRK,8739
206864_s_at,HRK,8739,HRK,8739
206865_at,HRK,8739,HRK,8739
219020_at,HS1BP3,64342,HS1BP3,64342
203283_s_at,HS2ST1,9653,HS2ST1,9653
203284_s_at,HS2ST1,9653,HS2ST1,9653
203285_s_at,HS2ST1,9653,HS2ST1,9653
205465_x_at,HS3ST1,9957,HS3ST1,9957
205466_s_at,HS3ST1,9957,HS3ST1,9957
213991_s_at,HS3ST1,9957,HS3ST1,9957
219697_at,HS3ST2,9956,HS3ST2,9956
219985_at,HS3ST3A1,9955,HS3ST3A1,9955
221062_at,HS3ST3B1,9953,HS3ST3B1,9953
206997_s_at,HS6ST1,9394,HS6ST1,9394
214165_s_at,HS6ST1,9394,HS6ST1,9394
200941_at,HSBP1,3281,HSBP1,3281
200942_s_at,HSBP1,3281,HSBP1,3281
205404_at,HSD11B1,3290,HSD11B1,3290
204130_at,HSD11B2,3291,HSD11B2,3291
205829_at,HSD17B1,3292,HSD17B1,3292
202282_at,HSD17B10,3028,HSD17B10,3028
217989_at,HSD17B11,51170,HSD17B11,51170
217869_at,HSD17B12,51144,HSD17B12,51144
219113_x_at,HSD17B14,51171,HSD17B14,51171
204818_at,HSD17B2,3294,HSD17B2,3294
206985_at,HSD17B3,3293,HSD17B3,3293
201413_at,HSD17B4,3295,HSD17B4,3295
205700_at,HSD17B6,8630,HSD17B6,8630
37512_at,HSD17B6,8630,HSD17B6,8630
220081_x_at,HSD17B7,51478,HSD17B7,51478
213540_at,HSD17B8,7923,HSD17B8,7923
204515_at,HSD3B1,3283,HSD3B1,3283
206294_at,HSD3B2,3284,HSD3B2,3284
209512_at,HSDL2,84263,HSDL2,84263
209513_s_at,HSDL2,84263,HSDL2,84263
215436_at,HSDL2,84263,HSDL2,84263
202344_at,HSF1,3297,HSF1,3297
213756_s_at,HSF1,3297,HSF1,3297
209657_s_at,HSF2,3298,HSF2,3298
211220_s_at,HSF2,3298,HSF2,3298
207020_at,HSF2BP,11077,HSF2BP,11077
210977_s_at,HSF4,3299,HSF4,3299
220314_at,HSFX1///HSFX2,100506164///100130086,HSFX1///HSFX2,100506164///100130086
210211_s_at,HSP90AA1,3320,HSP90AA1,3320
211968_s_at,HSP90AA1,3320,HSP90AA1,3320
211969_at,HSP90AA1,3320,HSP90AA1,3320
214328_s_at,HSP90AA1,3320,HSP90AA1,3320
200064_at,HSP90AB1,3326,HSP90AB1,3326
214359_s_at,HSP90AB1,3326,HSP90AB1,3326
216449_x_at,HSP90B1,7184,HSP90B1,7184
216450_x_at,HSP90B1,7184,HSP90B1,7184
214434_at,HSPA12A,259217,HSPA12A,259217
220763_at,HSPA12A,259217,HSPA12A,259217
202557_at,HSPA13,6782,HSPA13,6782
202558_s_at,HSPA13,6782,HSPA13,6782
219212_at,HSPA14,51182,HSPA14,51182
200799_at,HSPA1B///HSPA1A,3304///3303,HSPA1B///HSPA1A,3304///3303
202581_at,HSPA1B///HSPA1A,3304///3303,HSPA1B///HSPA1A,3304///3303
210189_at,HSPA1L,3305,HSPA1L,3305
200800_s_at,HSPA1L///HSPA1B///HSPA1A,3305///3304///3303,HSPA1L///HSPA1B///HSPA1A,3305///3304///3303
211538_s_at,HSPA2,3306,HSPA2,3306
208814_at,HSPA4,3308,HSPA4,3308
208815_x_at,HSPA4,3308,HSPA4,3308
211015_s_at,HSPA4,3308,HSPA4,3308
211016_x_at,HSPA4,3308,HSPA4,3308
205543_at,HSPA4L,22824,HSPA4L,22824
211936_at,HSPA5,3309,HSPA5,3309
117_at,HSPA6,3310,HSPA6,3310
213418_at,HSPA6,3310,HSPA6,3310
200690_at,HSPA9,3313,HSPA9,3313
200691_s_at,HSPA9,3313,HSPA9,3313
200692_s_at,HSPA9,3313,HSPA9,3313
201841_s_at,HSPB1,3315,HSPB1,3315
203960_s_at,HSPB11,51668,HSPB11,51668
214163_at,HSPB11,51668,HSPB11,51668
215691_x_at,HSPB11,51668,HSPB11,51668
205824_at,HSPB2,3316,HSPB2,3316
206375_s_at,HSPB3,8988,HSPB3,8988
214767_s_at,HSPB6,126393,HSPB6,126393
218934_s_at,HSPB7,27129,HSPB7,27129
221667_s_at,HSPB8,26353,HSPB8,26353
219284_at,HSPBAP1,79663,HSPBAP1,79663
202415_s_at,HSPBP1,23640,HSPBP1,23640
200806_s_at,HSPD1,3329,HSPD1,3329
200807_s_at,HSPD1,3329,HSPD1,3329
205133_s_at,HSPE1,3336,HSPE1,3336
202918_s_at,HSPE1-MOB4///MOB4,100529241///25843,HSPE1-MOB4///MOB4,100529241///25843
201654_s_at,HSPG2,3339,HSPG2,3339
201655_s_at,HSPG2,3339,HSPG2,3339
206976_s_at,HSPH1,10808,HSPH1,10808
208744_x_at,HSPH1,10808,HSPH1,10808
207180_s_at,HTATIP2,10553,HTATIP2,10553
209448_at,HTATIP2,10553,HTATIP2,10553
210253_at,HTATIP2,10553,HTATIP2,10553
202601_s_at,HTATSF1,27336,HTATSF1,27336
202602_s_at,HTATSF1,27336,HTATSF1,27336
206639_x_at,HTN1,3346,HTN1,3346
206786_at,HTN3,3347,HTN3,3347
221351_at,HTR1A,3350,HTR1A,3350
210799_at,HTR1B,3351,HTR1B,3351
207368_at,HTR1D,3352,HTR1D,3352
207404_s_at,HTR1E,3354,HTR1E,3354
221458_at,HTR1F,3355,HTR1F,3355
207135_at,HTR2A,3356,HTR2A,3356
211616_s_at,HTR2A,3356,HTR2A,3356
206638_at,HTR2B,3357,HTR2B,3357
207307_at,HTR2C,3358,HTR2C,3358
211479_s_at,HTR2C,3358,HTR2C,3358
216615_s_at,HTR3A,3359,HTR3A,3359
217002_s_at,HTR3A,3359,HTR3A,3359
221084_at,HTR3B,9177,HTR3B,9177
207577_at,HTR4,3360,HTR4,3360
207578_s_at,HTR4,3360,HTR4,3360
216939_s_at,HTR4,3360,HTR4,3360
221362_at,HTR5A,3361,HTR5A,3361
206944_at,HTR6,3362,HTR6,3362
207818_s_at,HTR7,3363,HTR7,3363
207927_at,HTR7,3363,HTR7,3363
216099_at,HTR7P1,93164,HTR7P1,93164
216098_s_at,HTR7P1///HTR7,93164///3363,HTR7P1///HTR7,93164///3363
201185_at,HTRA1,5654,HTRA1,5654
203089_s_at,HTRA2,27429,HTRA2,27429
211152_s_at,HTRA2,27429,HTRA2,27429
202389_s_at,HTT,3064,HTT,3064
202390_s_at,HTT,3064,HTT,3064
219535_at,HUNK,30811,HUNK,30811
204883_s_at,HUS1,3364,HUS1,3364
204884_s_at,HUS1,3364,HUS1,3364
217618_x_at,HUS1,3364,HUS1,3364
207783_x_at,HUWE1,10075,HUWE1,10075
208598_s_at,HUWE1,10075,HUWE1,10075
208599_at,HUWE1,10075,HUWE1,10075
214673_s_at,HUWE1,10075,HUWE1,10075
210619_s_at,HYAL1,3373,HYAL1,3373
206855_s_at,HYAL2,8692,HYAL2,8692
211728_s_at,HYAL3,8372,HYAL3,8372
220249_at,HYAL4,23553,HYAL4,23553
221435_x_at,HYI,81888,HYI,81888
215513_at,HYMAI,57061,HYMAI,57061
200825_s_at,HYOU1,10525,HYOU1,10525
215142_at,HYPM,25763,HYPM,25763
207062_at,IAPP,3375,IAPP,3375
204744_s_at,IARS,3376,IARS,3376
217900_at,IARS2,55699,IARS2,55699
215490_at,IBA57,200205,IBA57,200205
207370_at,IBSP,3381,IBSP,3381
210970_s_at,IBTK,25998,IBTK,25998
215086_at,IBTK,25998,IBTK,25998
204002_s_at,ICA1,3382,ICA1,3382
207949_s_at,ICA1,3382,ICA1,3382
210547_x_at,ICA1,3382,ICA1,3382
211740_at,ICA1,3382,ICA1,3382
214191_at,ICA1,3382,ICA1,3382
202637_s_at,ICAM1,3383,ICAM1,3383
202638_s_at,ICAM1,3383,ICAM1,3383
215485_s_at,ICAM1,3383,ICAM1,3383
204683_at,ICAM2,3384,ICAM2,3384
213620_s_at,ICAM2,3384,ICAM2,3384
204949_at,ICAM3,3385,ICAM3,3385
207194_s_at,ICAM4,3386,ICAM4,3386
206906_at,ICAM5,7087,ICAM5,7087
209654_at,ICE1,23379,ICE1,23379
218713_at,ICE2,79664,ICE2,79664
204569_at,ICK,22858,ICK,22858
201609_x_at,ICMT,23463,ICMT,23463
201610_at,ICMT,23463,ICMT,23463
201611_s_at,ICMT,23463,ICMT,23463
210439_at,ICOS,29851,ICOS,29851
211197_s_at,ICOSLG,23308,ICOSLG,23308
211198_s_at,ICOSLG,23308,ICOSLG,23308
211199_s_at,ICOSLG,23308,ICOSLG,23308
213450_s_at,ICOSLG,23308,ICOSLG,23308
208937_s_at,ID1,3397,ID1,3397
201565_s_at,ID2,3398,ID2,3398
201566_x_at,ID2,3398,ID2,3398
210911_at,ID2B,84099,ID2B,84099
213931_at,ID2B///ID2,84099///3398,ID2B///ID2,84099///3398
207826_s_at,ID3,3399,ID3,3399
209291_at,ID4,3400,ID4,3400
209292_at,ID4,3400,ID4,3400
209293_x_at,ID4,3400,ID4,3400
203327_at,IDE,3416,IDE,3416
203328_x_at,IDE,3416,IDE,3416
217496_s_at,IDE,3416,IDE,3416
201193_at,IDH1,3417,IDH1,3417
210045_at,IDH2,3418,IDH2,3418
210046_s_at,IDH2,3418,IDH2,3418
202069_s_at,IDH3A,3419,IDH3A,3419
202070_s_at,IDH3A,3419,IDH3A,3419
201509_at,IDH3B,3420,IDH3B,3420
210014_x_at,IDH3B,3420,IDH3B,3420
210418_s_at,IDH3B,3420,IDH3B,3420
202471_s_at,IDH3G,3421,IDH3G,3421
214333_x_at,IDH3G,3421,IDH3G,3421
204615_x_at,IDI1,3422,IDI1,3422
208881_x_at,IDI1,3422,IDI1,3422
220703_at,IDI2-AS1,55853,IDI2-AS1,55853
210029_at,IDO1,3620,IDO1,3620
202438_x_at,IDS,3423,IDS,3423
202439_s_at,IDS,3423,IDS,3423
206342_x_at,IDS,3423,IDS,3423
210666_at,IDS,3423,IDS,3423
211782_at,IDS,3423,IDS,3423
212221_x_at,IDS,3423,IDS,3423
212223_at,IDS,3423,IDS,3423
213821_s_at,IDS,3423,IDS,3423
217432_s_at,IDS,3423,IDS,3423
205057_s_at,IDUA,3425,IDUA,3425
205059_s_at,IDUA,3425,IDUA,3425
213723_s_at,IDUA,3425,IDUA,3425
202081_at,IER2,9592,IER2,9592
201631_s_at,IER3,8870,IER3,8870
211406_at,IER3IP1,51124,IER3IP1,51124
218611_at,IER5,51278,IER5,51278
209721_s_at,IFFO1,25900,IFFO1,25900
36030_at,IFFO1,25900,IFFO1,25900
206332_s_at,IFI16,3428,IFI16,3428
208965_s_at,IFI16,3428,IFI16,3428
208966_x_at,IFI16,3428,IFI16,3428
202411_at,IFI27,3429,IFI27,3429
201422_at,IFI30///PIK3R2,10437///5296,IFI30///PIK3R2,10437///5296
209417_s_at,IFI35,3430,IFI35,3430
214059_at,IFI44,10561,IFI44,10561
214453_s_at,IFI44,10561,IFI44,10561
204439_at,IFI44L,10964,IFI44L,10964
204415_at,IFI6,2537,IFI6,2537
216020_at,IFIH1,64135,IFIH1,64135
219209_at,IFIH1,64135,IFIH1,64135
203153_at,IFIT1,3434,IFIT1,3434
217502_at,IFIT2,3433,IFIT2,3433
204747_at,IFIT3,3437,IFIT3,3437
203595_s_at,IFIT5,24138,IFIT5,24138
203596_s_at,IFIT5,24138,IFIT5,24138
214022_s_at,IFITM1,8519,IFITM1,8519
201315_x_at,IFITM2,10581,IFITM2,10581
201601_x_at,IFITM2///IFITM1,10581///8519,IFITM2///IFITM1,10581///8519
212203_x_at,IFITM3,10410,IFITM3,10410
208375_at,IFNA1,3439,IFNA1,3439
208261_x_at,IFNA10,3446,IFNA10,3446
208344_x_at,IFNA13///IFNA1,3447///3439,IFNA13///IFNA1,3447///3439
208182_x_at,IFNA14,3448,IFNA14,3448
208448_x_at,IFNA16,3449,IFNA16,3449
211405_x_at,IFNA17,3451,IFNA17,3451
211338_at,IFNA2,3440,IFNA2,3440
211145_x_at,IFNA21,3452,IFNA21,3452
207964_x_at,IFNA4,3441,IFNA4,3441
214569_at,IFNA5,3442,IFNA5,3442
208548_at,IFNA6///IFNA5,3443///3442,IFNA6///IFNA5,3443///3442
208259_x_at,IFNA7,3444,IFNA7,3444
207932_at,IFNA8,3445,IFNA8,3445
204191_at,IFNAR1,3454,IFNAR1,3454
204785_x_at,IFNAR2,3455,IFNAR2,3455
204786_s_at,IFNAR2,3455,IFNAR2,3455
208173_at,IFNB1,3456,IFNB1,3456
210354_at,IFNG,3458,IFNG,3458
202727_s_at,IFNGR1,3459,IFNGR1,3459
211676_s_at,IFNGR1,3459,IFNGR1,3459
201642_at,IFNGR2,3460,IFNGR2,3460
207817_at,IFNW1,3467,IFNW1,3467
202146_at,IFRD1,3475,IFRD1,3475
202147_s_at,IFRD1,3475,IFRD1,3475
209100_at,IFRD2,7866,IFRD2,7866
216678_at,IFT122,55764,IFT122,55764
204792_s_at,IFT140,9742,IFT140,9742
210312_s_at,IFT20,90410,IFT20,90410
218785_s_at,IFT22,64792,IFT22,64792
205037_at,IFT27,11020,IFT27,11020
213784_at,IFT27,11020,IFT27,11020
218483_s_at,IFT46,56912,IFT46,56912
218709_s_at,IFT52,51098,IFT52,51098
218100_s_at,IFT57,55081,IFT57,55081
219174_at,IFT74,80173,IFT74,80173
61732_r_at,IFT74,80173,IFT74,80173
219372_at,IFT81,28981,IFT81,28981
204703_at,IFT88,8100,IFT88,8100
202105_at,IGBP1,3476,IGBP1,3476
209540_at,IGF1,3479,IGF1,3479
209541_at,IGF1,3479,IGF1,3479
209542_x_at,IGF1,3479,IGF1,3479
211577_s_at,IGF1,3479,IGF1,3479
203627_at,IGF1R,3480,IGF1R,3480
203628_at,IGF1R,3480,IGF1R,3480
208441_at,IGF1R,3480,IGF1R,3480
220561_at,IGF2-AS,51214,IGF2-AS,51214
218847_at,IGF2BP2,10644,IGF2BP2,10644
203819_s_at,IGF2BP3,10643,IGF2BP3,10643
203820_s_at,IGF2BP3,10643,IGF2BP3,10643
216493_s_at,IGF2BP3,10643,IGF2BP3,10643
201392_s_at,IGF2R,3482,IGF2R,3482
201393_s_at,IGF2R,3482,IGF2R,3482
215712_s_at,IGFALS,3483,IGFALS,3483
205302_at,IGFBP1,3484,IGFBP1,3484
202718_at,IGFBP2,3485,IGFBP2,3485
210095_s_at,IGFBP3,3486,IGFBP3,3486
212143_s_at,IGFBP3,3486,IGFBP3,3486
201508_at,IGFBP4,3487,IGFBP4,3487
203424_s_at,IGFBP5,3488,IGFBP5,3488
203425_s_at,IGFBP5,3488,IGFBP5,3488
203426_s_at,IGFBP5,3488,IGFBP5,3488
211958_at,IGFBP5,3488,IGFBP5,3488
211959_at,IGFBP5,3488,IGFBP5,3488
203851_at,IGFBP6,3489,IGFBP6,3489
201162_at,IGFBP7,3490,IGFBP7,3490
201163_s_at,IGFBP7,3490,IGFBP7,3490
213910_at,IGFBP7,3490,IGFBP7,3490
219690_at,IGFLR1,79713,IGFLR1,79713
211693_at,IGH,3492,IGH,3492
215118_s_at,IGH,3492,IGH,3492
217469_at,IGH,3492,IGH,3492
216318_at,IGHA2///IGHA1///IGH,3494///3493///3492,IGHA2///IGHA1///IGH,3494///3493///3492
217022_s_at,IGHA2///IGHA1///IGH,3494///3493///3492,IGHA2///IGHA1///IGH,3494///3493///3492
213674_x_at,IGHD,3495,IGHD,3495
214973_x_at,IGHD,3495,IGHD,3495
215621_s_at,IGHD,3495,IGHD,3495
222285_at,IGHD,3495,IGHD,3495
216892_at,IGHG1,3500,IGHG1,3500
217222_at,IGHG1,3500,IGHG1,3500
217198_x_at,IGHG1///IGHD///IGHA2///IGH,3500///3495///3494///3492,IGHG1///IGHD///IGHA2///IGH,3500///3495///3494///3492
209374_s_at,IGHM,3507,IGHM,3507
211634_x_at,IGHM,3507,IGHM,3507
212827_at,IGHM,3507,IGHM,3507
215949_x_at,IGHM,3507,IGHM,3507
216491_x_at,IGHM,3507,IGHM,3507
211640_x_at,IGHM///IGHG1,3507///3500,IGHM///IGHG1,3507///3500
211647_x_at,IGHM///IGHG1,3507///3500,IGHM///IGHG1,3507///3500
211648_at,IGHM///IGHG1,3507///3500,IGHM///IGHG1,3507///3500
216541_x_at,IGHM///IGHG1,3507///3500,IGHM///IGHG1,3507///3500
211649_x_at,IGHM///IGHG1///IGHA1,3507///3500///3493,IGHM///IGHG1///IGHA1,3507///3500///3493
216542_x_at,IGHM///IGHG1///IGHA1,3507///3500///3493,IGHM///IGHG1///IGHA1,3507///3500///3493
217169_at,IGHM///IGHG1///IGHA1,3507///3500///3493,IGHM///IGHG1///IGHA1,3507///3500///3493
211632_at,IGHM///IGHG1///IGHD,3507///3500///3495,IGHM///IGHG1///IGHD,3507///3500///3495
215980_s_at,IGHMBP2,3508,IGHMBP2,3508
31861_at,IGHMBP2,3508,IGHMBP2,3508
216510_x_at,IGHV3-23///IGHV4-31///IGHM///IGHG1///IGHA1,28442///28396///3507///3500///3493,IGHV3-23///IGHV4-31///IGHM///IGHG1///IGHA1,28442///28396///3507///3500///3493
217084_at,IGHV3-23///IGHV4-31///IGHM///IGHG1///IGHA1,28442///28396///3507///3500///3493,IGHV3-23///IGHV4-31///IGHM///IGHG1///IGHA1,28442///28396///3507///3500///3493
214916_x_at,IGHV3-23///IGHV4-31///IGHM///IGHG3///IGHG1///IGHA2///IGHA1,28442///28396///3507///3502///3500///3494///3493,IGHV3-23///IGHV4-31///IGHM///IGHG3///IGHG1///IGHA2///IGHA1,28442///28396///3507///3502///3500///3494///3493
211650_x_at,IGHV3-23///IGHV4-31///IGHM///IGHG3///IGHG1///IGHD///IGHA1///IGH,28442///28396///3507///3502///3500///3495///3493///3492,IGHV3-23///IGHV4-31///IGHM///IGHG3///IGHG1///IGHD///IGHA1///IGH,28442///28396///3507///3502///3500///3495///3493///3492
211637_x_at,IGHV3-23///IGHV4-31///IGHM///IGHG4///IGHG3///IGHG1///IGHD///IGHA2///IGHA1///IGH,28442///28396///3507///3503///3502///3500///3495///3494///3493///3492,IGHV3-23///IGHV4-31///IGHM///IGHG4///IGHG3///IGHG1///IGHD///IGHA2///IGHA1///IGH,28442///28396///3507///3503///3502///3500///3495///3494///3493///3492
217083_at,IGHV3-75,28407,IGHV3-75,28407
217360_x_at,IGHV4-31///IGHM///IGHG3///IGHG1///IGHA1,28396///3507///3502///3500///3493,IGHV4-31///IGHM///IGHG3///IGHG1///IGHA1,28396///3507///3502///3500///3493
216557_x_at,IGHV4-31///IGHM///IGHG3///IGHG1///IGHD///IGHA1,28396///3507///3502///3500///3495///3493,IGHV4-31///IGHM///IGHG3///IGHG1///IGHD///IGHA1,28396///3507///3502///3500///3495///3493
211641_x_at,IGHV4-31///IGHM///IGHG3///IGHG1///IGHD///IGHA2///IGHA1,28396///3507///3502///3500///3495///3494///3493,IGHV4-31///IGHM///IGHG3///IGHG1///IGHD///IGHA2///IGHA1,28396///3507///3502///3500///3495///3494///3493
211638_at,IGHV4-31///IGHM///IGHG3///IGHG1///IGHD///IGHA2///IGHA1///IGH,28396///3507///3502///3500///3495///3494///3493///3492,IGHV4-31///IGHM///IGHG3///IGHG1///IGHD///IGHA2///IGHA1///IGH,28396///3507///3502///3500///3495///3494///3493///3492
216558_x_at,IGHV4-31///IGHM///IGHG3///IGHG2///IGHG1///IGHD///IGHA1,28396///3507///3502///3501///3500///3495///3493,IGHV4-31///IGHM///IGHG3///IGHG2///IGHG1///IGHD///IGHA1,28396///3507///3502///3501///3500///3495///3493
211868_x_at,IGHV4-31///IGHM///IGHG3///IGHG2///IGHG1///IGHD///IGHA2///IGHA1///IGH,28396///3507///3502///3501///3500///3495///3494///3493///3492,IGHV4-31///IGHM///IGHG3///IGHG2///IGHG1///IGHD///IGHA2///IGHA1///IGH,28396///3507///3502///3501///3500///3495///3494///3493///3492
211635_x_at,IGHV4-31///IGHM///IGHG4///IGHG3///IGHG1///IGHD///IGHA2///IGHA1,28396///3507///3503///3502///3500///3495///3494///3493,IGHV4-31///IGHM///IGHG4///IGHG3///IGHG1///IGHD///IGHA2///IGHA1,28396///3507///3503///3502///3500///3495///3494///3493
211639_x_at,IGHV4-31///IGHM///IGHG4///IGHG3///IGHG1///IGHD///IGHA2///IGHA1///IGH,28396///3507///3503///3502///3500///3495///3494///3493///3492,IGHV4-31///IGHM///IGHG4///IGHG3///IGHG1///IGHD///IGHA2///IGHA1///IGH,28396///3507///3503///3502///3500///3495///3494///3493///3492
217236_x_at,IGHV4-31///IGHM///IGHG4///IGHG3///IGHG1///IGHD///IGHA2///IGHA1///IGH,28396///3507///3503///3502///3500///3495///3494///3493///3492,IGHV4-31///IGHM///IGHG4///IGHG3///IGHG1///IGHD///IGHA2///IGHA1///IGH,28396///3507///3503///3502///3500///3495///3494///3493///3492
210450_at,IGHV5-78,28387,IGHV5-78,28387
211908_x_at,IGK,50802,IGK,50802
211643_x_at,IGK///IGKC,50802///3514,IGK///IGKC,50802///3514
211644_x_at,IGK///IGKC,50802///3514,IGK///IGKC,50802///3514
214836_x_at,IGK///IGKC,50802///3514,IGK///IGKC,50802///3514
215176_x_at,IGK///IGKC,50802///3514,IGK///IGKC,50802///3514
216576_x_at,IGK///IGKC,50802///3514,IGK///IGKC,50802///3514
216829_at,IGK///IGKC,50802///3514,IGK///IGKC,50802///3514
217145_at,IGK///IGKC,50802///3514,IGK///IGKC,50802///3514
217157_x_at,IGK///IGKC,50802///3514,IGK///IGKC,50802///3514
221651_x_at,IGK///IGKC,50802///3514,IGK///IGKC,50802///3514
221671_x_at,IGK///IGKC,50802///3514,IGK///IGKC,50802///3514
211146_at,IGKC,3514,IGKC,3514
211835_at,IGKC,3514,IGKC,3514
214669_x_at,IGKC,3514,IGKC,3514
214768_x_at,IGKC,3514,IGKC,3514
214777_at,IGKC,3514,IGKC,3514
215217_at,IGKC,3514,IGKC,3514
216207_x_at,IGKC,3514,IGKC,3514
216517_at,IGKC,3514,IGKC,3514
217378_x_at,IGKV1OR2-108,28862,IGKV1OR2-108,28862
217480_x_at,IGKV1OR2-118,339562,IGKV1OR2-118,339562
209138_x_at,IGLC1,3537,IGLC1,3537
211655_at,IGLC1,3537,IGLC1,3537
214677_x_at,IGLC1,3537,IGLC1,3537
215214_at,IGLC1,3537,IGLC1,3537
216560_x_at,IGLC1,3537,IGLC1,3537
217138_x_at,IGLC1,3537,IGLC1,3537
211798_x_at,IGLJ3,28831,IGLJ3,28831
211881_x_at,IGLJ3,28831,IGLJ3,28831
216708_x_at,IGLJ3,28831,IGLJ3,28831
216852_x_at,IGLJ3,28831,IGLJ3,28831
216853_x_at,IGLJ3,28831,IGLJ3,28831
216365_x_at,IGLJ3///CKAP2,28831///26586,IGLJ3///CKAP2,28831///26586
216984_x_at,IGLJ3///IGLV1-44///CKAP2///IGLV@///IGLC1,28831///28823///26586///3546///3537,IGLJ3///IGLV1-44///CKAP2///IGLV@///IGLC1,28831///28823///26586///3546///3537
217148_x_at,IGLJ3///IGLV@///IGLC1,28831///3546///3537,IGLJ3///IGLV@///IGLC1,28831///3546///3537
206660_at,IGLL1,3543,IGLL1,3543
215946_x_at,IGLL3P,91353,IGLL3P,91353
217235_x_at,IGLL5,100423062,IGLL5,100423062
216851_at,IGLL5///IGLJ3///IGLV3-19,100423062///28831///28797,IGLL5///IGLJ3///IGLV3-19,100423062///28831///28797
216566_at,IGLL5///IGLV@,100423062///3546,IGLL5///IGLV@,100423062///3546
215379_x_at,IGLV1-44,28823,IGLV1-44,28823
216430_x_at,IGLV1-44,28823,IGLV1-44,28823
216573_at,IGLV1-44,28823,IGLV1-44,28823
217227_x_at,IGLV1-44,28823,IGLV1-44,28823
217258_x_at,IGLV1-44,28823,IGLV1-44,28823
215035_at,IGLV6-57,28778,IGLV6-57,28778
207695_s_at,IGSF1,3547,IGSF1,3547
202421_at,IGSF3,3321,IGSF3,3321
206420_at,IGSF6,10261,IGSF6,10261
215166_at,IGSF9B,22997,IGSF9B,22997
215255_at,IGSF9B,22997,IGSF9B,22997
215420_at,IHH,3549,IHH,3549
200066_at,IK,3550,IK,3550
202490_at,IKBKAP,8518,IKBKAP,8518
202491_s_at,IKBKAP,8518,IKBKAP,8518
209341_s_at,IKBKB,3551,IKBKB,3551
209342_s_at,IKBKB,3551,IKBKB,3551
211027_s_at,IKBKB,3551,IKBKB,3551
204549_at,IKBKE,9641,IKBKE,9641
214398_s_at,IKBKE,9641,IKBKE,9641
209929_s_at,IKBKG,8517,IKBKG,8517
36004_at,IKBKG,8517,IKBKG,8517
205038_at,IKZF1,10320,IKZF1,10320
205039_s_at,IKZF1,10320,IKZF1,10320
216901_s_at,IKZF1,10320,IKZF1,10320
220704_at,IKZF1,10320,IKZF1,10320
220567_at,IKZF2,22807,IKZF2,22807
221092_at,IKZF3,22806,IKZF3,22806
208472_at,IKZF4,64375,IKZF4,64375
220086_at,IKZF5,64376,IKZF5,64376
207433_at,IL10,3586,IL10,3586
204912_at,IL10RA,3587,IL10RA,3587
209575_at,IL10RB,3588,IL10RB,3588
206924_at,IL11,3589,IL11,3589
206926_s_at,IL11,3589,IL11,3589
204773_at,IL11RA,3590,IL11RA,3590
207160_at,IL12A,3592,IL12A,3592
207901_at,IL12B,3593,IL12B,3593
206890_at,IL12RB1,3594,IL12RB1,3594
206999_at,IL12RB2,3595,IL12RB2,3595
207844_at,IL13,3596,IL13,3596
201887_at,IL13RA1,3597,IL13RA1,3597
201888_s_at,IL13RA1,3597,IL13RA1,3597
210904_s_at,IL13RA1,3597,IL13RA1,3597
211612_s_at,IL13RA1,3597,IL13RA1,3597
206172_at,IL13RA2,3598,IL13RA2,3598
205992_s_at,IL15,3600,IL15,3600
217371_s_at,IL15,3600,IL15,3600
207375_s_at,IL15RA,3601,IL15RA,3601
209827_s_at,IL16,3603,IL16,3603
209828_s_at,IL16,3603,IL16,3603
208402_at,IL17A,3605,IL17A,3605
216876_s_at,IL17A,3605,IL17A,3605
220273_at,IL17B,27190,IL17B,27190
205707_at,IL17RA,23765,IL17RA,23765
219255_x_at,IL17RB,55540,IL17RB,55540
221926_s_at,IL17RC,84818,IL17RC,84818
221947_at,IL17RC,84818,IL17RC,84818
64440_at,IL17RC,84818,IL17RC,84818
206295_at,IL18,3606,IL18,3606
219323_s_at,IL18BP,10068,IL18BP,10068
206618_at,IL18R1,8809,IL18R1,8809
207072_at,IL18RAP,8807,IL18RAP,8807
220745_at,IL19,29949,IL19,29949
208200_at,IL1A,3552,IL1A,3552
210118_s_at,IL1A,3552,IL1A,3552
205067_at,IL1B,3553,IL1B,3553
39402_at,IL1B,3553,IL1B,3553
202948_at,IL1R1,3554,IL1R1,3554
215561_s_at,IL1R1,3554,IL1R1,3554
205403_at,IL1R2,7850,IL1R2,7850
211372_s_at,IL1R2,7850,IL1R2,7850
205227_at,IL1RAP,3556,IL1RAP,3556
210233_at,IL1RAP,3556,IL1RAP,3556
220663_at,IL1RAPL1,11141,IL1RAPL1,11141
221112_at,IL1RAPL2,26280,IL1RAPL2,26280
207526_s_at,IL1RL1,9173,IL1RL1,9173
210442_at,IL1RL1,9173,IL1RL1,9173
208038_at,IL1RL2,8808,IL1RL2,8808
212657_s_at,IL1RN,3557,IL1RN,3557
212659_s_at,IL1RN,3557,IL1RN,3557
216243_s_at,IL1RN,3557,IL1RN,3557
216244_at,IL1RN,3557,IL1RN,3557
216245_at,IL1RN,3557,IL1RN,3557
207849_at,IL2,3558,IL2,3558
217181_at,IL2,3558,IL2,3558
219115_s_at,IL20RA,53832,IL20RA,53832
221271_at,IL21,59067,IL21,59067
219971_at,IL21R,50615,IL21R,50615
221658_s_at,IL21R,50615,IL21R,50615
221165_s_at,IL22,50616,IL22,50616
220056_at,IL22RA1,58985,IL22RA1,58985
216857_at,IL23A,51561,IL23A,51561
220054_at,IL23A,51561,IL23A,51561
217326_x_at,IL23A///TRBV19,51561///28568,IL23A///TRBV19,51561///28568
206569_at,IL24,11009,IL24,11009
220971_at,IL25,64806,IL25,64806
221111_at,IL26,55801,IL26,55801
205926_at,IL27RA,9466,IL27RA,9466
217702_at,IL27RA,9466,IL27RA,9466
222062_at,IL27RA,9466,IL27RA,9466
206341_at,IL2RA,3559,IL2RA,3559
211269_s_at,IL2RA,3559,IL2RA,3559
205291_at,IL2RB,3560,IL2RB,3560
204116_at,IL2RG,3561,IL2RG,3561
207906_at,IL3,3562,IL3,3562
203828_s_at,IL32,9235,IL32,9235
209821_at,IL33,90865,IL33,90865
221404_at,IL36A,27179,IL36A,27179
220322_at,IL36G,56300,IL36G,56300
222223_s_at,IL36RN,26525,IL36RN,26525
221470_s_at,IL37,27178,IL37,27178
206148_at,IL3RA,3563,IL3RA,3563
207538_at,IL4,3565,IL4,3565
207539_s_at,IL4,3565,IL4,3565
214935_at,IL4I1///NUP62,259307///23636,IL4I1///NUP62,259307///23636
203233_at,IL4R,3566,IL4R,3566
207952_at,IL5,3567,IL5,3567
207902_at,IL5RA,3568,IL5RA,3568
210744_s_at,IL5RA,3568,IL5RA,3568
211516_at,IL5RA,3568,IL5RA,3568
211517_s_at,IL5RA,3568,IL5RA,3568
205207_at,IL6,3569,IL6,3569
205945_at,IL6R,3570,IL6R,3570
217489_s_at,IL6R,3570,IL6R,3570
204863_s_at,IL6ST,3572,IL6ST,3572
204864_s_at,IL6ST,3572,IL6ST,3572
211000_s_at,IL6ST,3572,IL6ST,3572
212195_at,IL6ST,3572,IL6ST,3572
212196_at,IL6ST,3572,IL6ST,3572
206693_at,IL7,3574,IL7,3574
205798_at,IL7R,3575,IL7R,3575
208193_at,IL9,3578,IL9,3578
208164_s_at,IL9R,3581,IL9R,3581
214950_at,IL9R,3581,IL9R,3581
217212_s_at,IL9R,3581,IL9R,3581
200052_s_at,ILF2,3608,ILF2,3608
208930_s_at,ILF3,3609,ILF3,3609
208931_s_at,ILF3,3609,ILF3,3609
211375_s_at,ILF3,3609,ILF3,3609
217804_s_at,ILF3,3609,ILF3,3609
217805_at,ILF3,3609,ILF3,3609
201234_at,ILK,3611,ILK,3611
221548_s_at,ILKAP,80895,ILKAP,80895
202993_at,ILVBL,10994,ILVBL,10994
210624_s_at,ILVBL,10994,ILVBL,10994
216270_at,ILVBL,10994,ILVBL,10994
200955_at,IMMT,10989,IMMT,10989
221688_s_at,IMP3,55272,IMP3,55272
212411_at,IMP4,92856,IMP4,92856
203011_at,IMPA1,3612,IMPA1,3612
203126_at,IMPA2,3613,IMPA2,3613
218637_at,IMPACT,55364,IMPACT,55364
218516_s_at,IMPAD1,54928,IMPAD1,54928
204169_at,IMPDH1,3614,IMPDH1,3614
201892_s_at,IMPDH2,3615,IMPDH2,3615
207054_at,IMPG1,3617,IMPG1,3617
220830_at,IMPG2,50939,IMPG2,50939
204465_s_at,INA,9118,INA,9118
219769_at,INCENP,3619,INCENP,3619
207252_at,INE1,8552,INE1,8552
218144_s_at,INF2,64423,INF2,64423
208415_x_at,ING1,3621,ING1,3621
209808_x_at,ING1,3621,ING1,3621
210350_x_at,ING1,3621,ING1,3621
205981_s_at,ING2,3622,ING2,3622
213544_at,ING2,3622,ING2,3622
205070_at,ING3,54556,ING3,54556
218234_at,ING4,51147,ING4,51147
48825_at,ING4,51147,ING4,51147
210141_s_at,INHA,3623,INHA,3623
204926_at,INHBA,3624,INHBA,3624
210511_s_at,INHBA,3624,INHBA,3624
205258_at,INHBB,3625,INHBB,3625
207687_at,INHBC,3626,INHBC,3626
207688_s_at,INHBC,3626,INHBC,3626
210587_at,INHBE,83729,INHBE,83729
222093_s_at,INO80B,83444,INO80B,83444
221251_x_at,INO80B-WBP1///INO80B,100532735///83444,INO80B-WBP1///INO80B,100532735///83444
65133_i_at,INO80B-WBP1///INO80B,100532735///83444,INO80B-WBP1///INO80B,100532735///83444
220165_at,INO80D,54891,INO80D,54891
202794_at,INPP1,3628,INPP1,3628
204552_at,INPP4A,3631,INPP4A,3631
204553_x_at,INPP4A,3631,INPP4A,3631
208363_s_at,INPP4A,3631,INPP4A,3631
208364_at,INPP4A,3631,INPP4A,3631
205376_at,INPP4B,8821,INPP4B,8821
203006_at,INPP5A,3632,INPP5A,3632
213643_s_at,INPP5B,3633,INPP5B,3633
213804_at,INPP5B,3633,INPP5B,3633
203331_s_at,INPP5D,3635,INPP5D,3635
203332_s_at,INPP5D,3635,INPP5D,3635
204706_at,INPP5E,56623,INPP5E,56623
203607_at,INPP5F,22876,INPP5F,22876
213651_at,INPP5J,27124,INPP5J,27124
202781_s_at,INPP5K,51763,INPP5K,51763
202782_s_at,INPP5K,51763,INPP5K,51763
201598_s_at,INPPL1,3636,INPPL1,3636
206598_at,INS,3630,INS,3630
202409_at,INS-IGF2///IGF2,723961///3481,INS-IGF2///IGF2,723961///3481
202410_x_at,INS-IGF2///IGF2,723961///3481,INS-IGF2///IGF2,723961///3481
210881_s_at,INS-IGF2///IGF2,723961///3481,INS-IGF2///IGF2,723961///3481
201625_s_at,INSIG1,3638,INSIG1,3638
201626_at,INSIG1,3638,INSIG1,3638
201627_s_at,INSIG1,3638,INSIG1,3638
209566_at,INSIG2,51141,INSIG2,51141
214400_at,INSL3,3640,INSL3,3640
214572_s_at,INSL3,3640,INSL3,3640
206549_at,INSL4,3641,INSL4,3641
221091_at,INSL5,10022,INSL5,10022
221403_s_at,INSL6,11172,INSL6,11172
206502_s_at,INSM1,3642,INSM1,3642
207851_s_at,INSR,3643,INSR,3643
213792_s_at,INSR,3643,INSR,3643
215776_at,INSRR,3645,INSRR,3645
212210_at,INTS1,26173,INTS1,26173
212212_s_at,INTS1,26173,INTS1,26173
218616_at,INTS12,57117,INTS12,57117
202809_s_at,INTS3,65123,INTS3,65123
211132_at,INTS3,65123,INTS3,65123
221818_at,INTS5,80789,INTS5,80789
53968_at,INTS5,80789,INTS5,80789
218819_at,INTS6,26512,INTS6,26512
222239_s_at,INTS6,26512,INTS6,26512
218783_at,INTS7,25896,INTS7,25896
222250_s_at,INTS7,25896,INTS7,25896
218905_at,INTS8,55656,INTS8,55656
203941_at,INTS9,55756,INTS9,55756
210114_at,INVS,27130,INVS,27130
211054_at,INVS,27130,INVS,27130
211055_s_at,INVS,27130,INVS,27130
212439_at,IP6K1,9807,IP6K1,9807
218192_at,IP6K2,51447,IP6K2,51447
214735_at,IPCEF1,26034,IPCEF1,26034
203546_at,IPO13,9670,IPO13,9670
218305_at,IPO4,79711,IPO4,79711
209150_s_at,IPO4///TM9SF1,79711///10548,IPO4///TM9SF1,79711///10548
211952_at,IPO5,3843,IPO5,3843
211953_s_at,IPO5,3843,IPO5,3843
211954_s_at,IPO5,3843,IPO5,3843
211955_at,IPO5,3843,IPO5,3843
200992_at,IPO7,10527,IPO7,10527
200993_at,IPO7,10527,IPO7,10527
200994_at,IPO7,10527,IPO7,10527
200995_at,IPO7,10527,IPO7,10527
205701_at,IPO8,10526,IPO8,10526
213785_at,IPO9,55705,IPO9,55705
217885_at,IPO9,55705,IPO9,55705
219843_at,IPP,3652,IPP,3652
219092_s_at,IPPK,64768,IPPK,64768
220274_at,IQCA1,79781,IQCA1,79781
205995_x_at,IQCB1,9657,IQCB1,9657
211707_s_at,IQCB1,9657,IQCB1,9657
206650_at,IQCC,55721,IQCC,55721
204202_at,IQCE,23288,IQCE,23288
217124_at,IQCE,23288,IQCE,23288
221185_s_at,IQCG,84223,IQCG,84223
220361_at,IQCH,64799,IQCH,64799
204030_s_at,IQCJ-SCHIP1///SCHIP1,100505385///29970,IQCJ-SCHIP1///SCHIP1,100505385///29970
213392_at,IQCK,124152,IQCK,124152
215130_s_at,IQCK,124152,IQCK,124152
215131_at,IQCK,124152,IQCK,124152
216135_at,IQCK,124152,IQCK,124152
200791_s_at,IQGAP1,8826,IQGAP1,8826
210840_s_at,IQGAP1,8826,IQGAP1,8826
213446_s_at,IQGAP1,8826,IQGAP1,8826
203474_at,IQGAP2,10788,IQGAP2,10788
203906_at,IQSEC1,9922,IQSEC1,9922
203907_s_at,IQSEC1,9922,IQSEC1,9922
214819_at,IQSEC2,23096,IQSEC2,23096
213834_at,IQSEC3,440073,IQSEC3,440073
201587_s_at,IRAK1,3654,IRAK1,3654
213817_at,IRAK3,11213,IRAK3,11213
220034_at,IRAK3,11213,IRAK3,11213
219618_at,IRAK4,51135,IRAK4,51135
214666_x_at,IREB2,3658,IREB2,3658
202531_at,IRF1,3659,IRF1,3659
203275_at,IRF2,3660,IRF2,3660
213771_at,IRF2BP1,26145,IRF2BP1,26145
202621_at,IRF3,3661,IRF3,3661
204562_at,IRF4,3662,IRF4,3662
216986_s_at,IRF4,3662,IRF4,3662
216987_at,IRF4,3662,IRF4,3662
205468_s_at,IRF5,3663,IRF5,3663
205469_s_at,IRF5,3663,IRF5,3663
202597_at,IRF6,3664,IRF6,3664
208436_s_at,IRF7,3665,IRF7,3665
204057_at,IRF8,3394,IRF8,3394
203882_at,IRF9,10379,IRF9,10379
214392_at,IRGC,56269,IRGC,56269
221877_at,IRGQ,126298,IRGQ,126298
64488_at,IRGQ,126298,IRGQ,126298
204686_at,IRS1,3667,IRS1,3667
209184_s_at,IRS2,8660,IRS2,8660
209185_s_at,IRS2,8660,IRS2,8660
207403_at,IRS4,8471,IRS4,8471
220225_at,IRX4,50805,IRX4,50805
210239_at,IRX5,10265,IRX5,10265
209273_s_at,ISCA1,81689,ISCA1,81689
209274_s_at,ISCA1,81689,ISCA1,81689
221425_s_at,ISCA1,81689,ISCA1,81689
209075_s_at,ISCU,23479,ISCU,23479
205483_s_at,ISG15,9636,ISG15,9636
204698_at,ISG20,3669,ISG20,3669
33304_at,ISG20,3669,ISG20,3669
208114_s_at,ISG20L2,81875,ISG20L2,81875
212766_s_at,ISG20L2,81875,ISG20L2,81875
216502_at,ISG20L2,81875,ISG20L2,81875
206104_at,ISL1,3670,ISL1,3670
207191_s_at,ISLR,3671,ISLR,3671
218170_at,ISOC1,51015,ISOC1,51015
218893_at,ISOC2,79763,ISOC2,79763
200851_s_at,IST1,9798,IST1,9798
222240_s_at,ISYNA1,51477,ISYNA1,51477
209743_s_at,ITCH,83737,ITCH,83737
209744_x_at,ITCH,83737,ITCH,83737
217094_s_at,ITCH,83737,ITCH,83737
221449_s_at,ITFG1,81533,ITFG1,81533
220590_at,ITFG2,55846,ITFG2,55846
214660_at,ITGA1,3672,ITGA1,3672
206766_at,ITGA10,8515,ITGA10,8515
205032_at,ITGA2,3673,ITGA2,3673
206493_at,ITGA2B,3674,ITGA2B,3674
206494_s_at,ITGA2B,3674,ITGA2B,3674
216956_s_at,ITGA2B,3674,ITGA2B,3674
216966_at,ITGA2B,3674,ITGA2B,3674
201474_s_at,ITGA3,3675,ITGA3,3675
205884_at,ITGA4,3676,ITGA4,3676
205885_s_at,ITGA4,3676,ITGA4,3676
213416_at,ITGA4,3676,ITGA4,3676
201389_at,ITGA5,3678,ITGA5,3678
201656_at,ITGA6,3655,ITGA6,3655
215177_s_at,ITGA6,3655,ITGA6,3655
209663_s_at,ITGA7,3679,ITGA7,3679
216331_at,ITGA7,3679,ITGA7,3679
214265_at,ITGA8,8516,ITGA8,8516
206009_at,ITGA9,3680,ITGA9,3680
205055_at,ITGAE,3682,ITGAE,3682
213475_s_at,ITGAL,3683,ITGAL,3683
205785_at,ITGAM,3684,ITGAM,3684
205786_s_at,ITGAM,3684,ITGAM,3684
202351_at,ITGAV,3685,ITGAV,3685
210184_at,ITGAX,3687,ITGAX,3687
211945_s_at,ITGB1,3688,ITGB1,3688
215878_at,ITGB1,3688,ITGB1,3688
215879_at,ITGB1,3688,ITGB1,3688
216178_x_at,ITGB1,3688,ITGB1,3688
216190_x_at,ITGB1,3688,ITGB1,3688
203336_s_at,ITGB1BP1,9270,ITGB1BP1,9270
203337_x_at,ITGB1BP1,9270,ITGB1BP1,9270
219829_at,ITGB1BP2,26548,ITGB1BP2,26548
202803_s_at,ITGB2,3689,ITGB2,3689
204625_s_at,ITGB3,3690,ITGB3,3690
204626_s_at,ITGB3,3690,ITGB3,3690
204627_s_at,ITGB3,3690,ITGB3,3690
204628_s_at,ITGB3,3690,ITGB3,3690
211579_at,ITGB3,3690,ITGB3,3690
215240_at,ITGB3,3690,ITGB3,3690
216261_at,ITGB3,3690,ITGB3,3690
205176_s_at,ITGB3BP,23421,ITGB3BP,23421
204989_s_at,ITGB4,3691,ITGB4,3691
204990_s_at,ITGB4,3691,ITGB4,3691
211905_s_at,ITGB4,3691,ITGB4,3691
214292_at,ITGB4,3691,ITGB4,3691
201124_at,ITGB5,3693,ITGB5,3693
201125_s_at,ITGB5,3693,ITGB5,3693
214020_x_at,ITGB5,3693,ITGB5,3693
214021_x_at,ITGB5,3693,ITGB5,3693
205718_at,ITGB7,3695,ITGB7,3695
205816_at,ITGB8,3696,ITGB8,3696
211488_s_at,ITGB8,3696,ITGB8,3696
205422_s_at,ITGBL1,9358,ITGBL1,9358
214927_at,ITGBL1,9358,ITGBL1,9358
210888_s_at,ITIH1,3697,ITIH1,3697
204987_at,ITIH2,3698,ITIH2,3698
205755_at,ITIH3,3699,ITIH3,3699
206287_s_at,ITIH4,3700,ITIH4,3700
37201_at,ITIH4,3700,ITIH4,3700
219064_at,ITIH5,80760,ITIH5,80760
211339_s_at,ITK,3702,ITK,3702
202746_at,ITM2A,9452,ITM2A,9452
202747_s_at,ITM2A,9452,ITM2A,9452
217731_s_at,ITM2B,9445,ITM2B,9445
217732_s_at,ITM2B,9445,ITM2B,9445
221004_s_at,ITM2C,81618,ITM2C,81618
209171_at,ITPA,3704,ITPA,3704
210197_at,ITPK1,3705,ITPK1,3705
210740_s_at,ITPK1,3705,ITPK1,3705
217710_x_at,ITPK1,3705,ITPK1,3705
205874_at,ITPKA,3706,ITPKA,3706
203723_at,ITPKB,3707,ITPKB,3707
213076_at,ITPKC,80271,ITPKC,80271
203710_at,ITPR1,3708,ITPR1,3708
211323_s_at,ITPR1,3708,ITPR1,3708
216944_s_at,ITPR1,3708,ITPR1,3708
202660_at,ITPR2,3709,ITPR2,3709
202661_at,ITPR2,3709,ITPR2,3709
202662_s_at,ITPR2,3709,ITPR2,3709
211360_s_at,ITPR2,3709,ITPR2,3709
201187_s_at,ITPR3,3710,ITPR3,3710
201188_s_at,ITPR3,3710,ITPR3,3710
201189_s_at,ITPR3,3710,ITPR3,3710
207322_at,ITSN1,6453,ITSN1,6453
209297_at,ITSN1,6453,ITSN1,6453
209298_s_at,ITSN1,6453,ITSN1,6453
210713_at,ITSN1,6453,ITSN1,6453
35776_at,ITSN1,6453,ITSN1,6453
209898_x_at,ITSN2,50618,ITSN2,50618
209907_s_at,ITSN2,50618,ITSN2,50618
210545_at,ITSN2,50618,ITSN2,50618
203681_at,IVD,3712,IVD,3712
203682_s_at,IVD,3712,IVD,3712
216958_s_at,IVD,3712,IVD,3712
214599_at,IVL,3713,IVL,3713
201362_at,IVNS1ABP,10625,IVNS1ABP,10625
201363_s_at,IVNS1ABP,10625,IVNS1ABP,10625
206245_s_at,IVNS1ABP,10625,IVNS1ABP,10625
214296_x_at,IZUMO4,113177,IZUMO4,113177
215734_at,IZUMO4,113177,IZUMO4,113177
215906_at,Igk,243469,Igk,243469
218517_at,JADE1,79960,JADE1,79960
208202_s_at,JADE2,23338,JADE2,23338
212660_at,JADE2,23338,JADE2,23338
204866_at,JADE3,9767,JADE3,9767
209097_s_at,JAG1,182,JAG1,182
209098_s_at,JAG1,182,JAG1,182
209099_x_at,JAG1,182,JAG1,182
216268_s_at,JAG1,182,JAG1,182
209784_s_at,JAG2,3714,JAG2,3714
32137_at,JAG2,3714,JAG2,3714
201648_at,JAK1,3716,JAK1,3716
205841_at,JAK2,3717,JAK2,3717
205842_s_at,JAK2,3717,JAK2,3717
207187_at,JAK3,3718,JAK3,3718
211108_s_at,JAK3,3718,JAK3,3718
211109_at,JAK3,3718,JAK3,3718
205888_s_at,JAKMIP2,9832,JAKMIP2,9832
205889_s_at,JAKMIP2,9832,JAKMIP2,9832
219213_at,JAM2,58494,JAM2,58494
212813_at,JAM3,83700,JAM3,83700
203297_s_at,JARID2,3720,JARID2,3720
203298_s_at,JARID2,3720,JARID2,3720
212592_at,JCHAIN,3512,JCHAIN,3512
221763_at,JMJD1C,221037,JMJD1C,221037
218560_s_at,JMJD4,65094,JMJD4,65094
212722_s_at,JMJD6,23210,JMJD6,23210
212723_at,JMJD6,23210,JMJD6,23210
215233_at,JMJD6,23210,JMJD6,23210
222256_s_at,JMJD7///JMJD7-PLA2G4B,100137047///8681,JMJD7///JMJD7-PLA2G4B,100137047///8681
201751_at,JOSD1,9929,JOSD1,9929
220385_at,JPH2,57158,JPH2,57158
220188_at,JPH3,57338,JPH3,57338
214692_s_at,JRK,8629,JRK,8629
216309_x_at,JRK,8629,JRK,8629
217146_at,JRK,8629,JRK,8629
37872_at,JRK,8629,JRK,8629
206734_at,JRKL,8690,JRKL,8690
200048_s_at,JTB,10899,JTB,10899
210434_x_at,JTB,10899,JTB,10899
210927_x_at,JTB,10899,JTB,10899
201464_x_at,JUN,3725,JUN,3725
201465_s_at,JUN,3725,JUN,3725
201466_s_at,JUN,3725,JUN,3725
213281_at,JUN,3725,JUN,3725
201473_at,JUNB,3726,JUNB,3726
203751_x_at,JUND,3727,JUND,3727
203752_s_at,JUND,3727,JUND,3727
214326_x_at,JUND,3727,JUND,3727
201015_s_at,JUP,3728,JUP,3728
205635_at,KALRN,8997,KALRN,8997
206078_at,KALRN,8997,KALRN,8997
213005_s_at,KANK1,23189,KANK1,23189
218418_s_at,KANK2,25959,KANK2,25959
221068_at,KANK2,25959,KANK2,25959
213715_s_at,KANK3,256949,KANK3,256949
215046_at,KANSL1L,151050,KANSL1L,151050
221821_s_at,KANSL2,54934,KANSL2,54934
220950_s_at,KANSL3,55683,KANSL3,55683
200079_s_at,KARS,3735,KARS,3735
200840_at,KARS,3735,KARS,3735
202182_at,KAT2A,2648,KAT2A,2648
203845_at,KAT2B,8850,KAT2B,8850
206689_x_at,KAT5,10524,KAT5,10524
209192_x_at,KAT5,10524,KAT5,10524
214258_x_at,KAT5,10524,KAT5,10524
202423_at,KAT6A,7994,KAT6A,7994
216361_s_at,KAT6A,7994,KAT6A,7994
211874_s_at,KAT6B,23522,KAT6B,23522
212452_x_at,KAT6B,23522,KAT6B,23522
212462_at,KAT6B,23522,KAT6B,23522
214496_x_at,KAT6B,23522,KAT6B,23522
200049_at,KAT7,11143,KAT7,11143
214885_at,KAT8,84148,KAT8,84148
221820_s_at,KAT8,84148,KAT8,84148
205526_s_at,KATNA1,11104,KATNA1,11104
203162_s_at,KATNB1,10300,KATNB1,10300
203163_at,KATNB1,10300,KATNB1,10300
218791_s_at,KATNBL1,79768,KATNBL1,79768
217511_at,KAZALD1,81621,KAZALD1,81621
221000_s_at,KAZALD1,81621,KAZALD1,81621
213478_at,KAZN,23254,KAZN,23254
213752_at,KAZN,23254,KAZN,23254
215138_s_at,KAZN,23254,KAZN,23254
204301_at,KBTBD11,9920,KBTBD11,9920
212447_at,KBTBD2,25948,KBTBD2,25948
218569_s_at,KBTBD4,55709,KBTBD4,55709
217938_s_at,KCMF1,56888,KCMF1,56888
208479_at,KCNA1,3736,KCNA1,3736
208560_at,KCNA10,3744,KCNA10,3744
208564_at,KCNA2,3737,KCNA2,3737
207237_at,KCNA3,3738,KCNA3,3738
207248_at,KCNA4,3739,KCNA4,3739
206762_at,KCNA5,3741,KCNA5,3741
208213_s_at,KCNAB1,7881,KCNAB1,7881
210078_s_at,KCNAB1,7881,KCNAB1,7881
210079_x_at,KCNAB1,7881,KCNAB1,7881
210471_s_at,KCNAB1,7881,KCNAB1,7881
203402_at,KCNAB2,8514,KCNAB2,8514
211791_s_at,KCNAB2,8514,KCNAB2,8514
221413_at,KCNAB3,9196,KCNAB3,9196
211006_s_at,KCNB1,3745,KCNB1,3745
217637_at,KCNB1,3745,KCNB1,3745
208123_at,KCNB2,9312,KCNB2,9312
208172_s_at,KCNB2,9312,KCNB2,9312
208477_at,KCNC1,3746,KCNC1,3746
222289_at,KCNC2,3747,KCNC2,3747
207600_at,KCNC3,3748,KCNC3,3748
208251_at,KCNC4,3749,KCNC4,3749
206842_at,KCND1,3750,KCND1,3750
207103_at,KCND2,3751,KCND2,3751
211301_at,KCND3,3752,KCND3,3752
211827_s_at,KCND3,3752,KCND3,3752
213832_at,KCND3,3752,KCND3,3752
215014_at,KCND3,3752,KCND3,3752
208514_at,KCNE1,3753,KCNE1,3753
221095_s_at,KCNE2,9992,KCNE2,9992
222379_at,KCNE4,23704,KCNE4,23704
220010_at,KCNE5,23630,KCNE5,23630
210263_at,KCNF1,3754,KCNF1,3754
211053_at,KCNG1,3755,KCNG1,3755
214595_at,KCNG1,3755,KCNG1,3755
208550_x_at,KCNG2,26251,KCNG2,26251
207635_s_at,KCNH1,3756,KCNH1,3756
205262_at,KCNH2,3757,KCNH2,3757
210036_s_at,KCNH2,3757,KCNH2,3757
220802_at,KCNH4,23415,KCNH4,23415
211045_s_at,KCNH6,81033,KCNH6,81033
211046_at,KCNH6,81033,KCNH6,81033
221023_s_at,KCNH6,81033,KCNH6,81033
221307_at,KCNIP1,30820,KCNIP1,30820
221321_s_at,KCNIP2,30819,KCNIP2,30819
210402_at,KCNJ1,3758,KCNJ1,3758
210403_s_at,KCNJ1,3758,KCNJ1,3758
206692_at,KCNJ10,3766,KCNJ10,3766
210179_at,KCNJ13,3769,KCNJ13,3769
211427_s_at,KCNJ13,3769,KCNJ13,3769
220776_at,KCNJ14,3770,KCNJ14,3770
210119_at,KCNJ15,3772,KCNJ15,3772
211806_s_at,KCNJ15,3772,KCNJ15,3772
219564_at,KCNJ16,3773,KCNJ16,3773
206765_at,KCNJ2,3759,KCNJ2,3759
207141_s_at,KCNJ3,3760,KCNJ3,3760
207142_at,KCNJ3,3760,KCNJ3,3760
208359_s_at,KCNJ4,3761,KCNJ4,3761
211451_s_at,KCNJ4,3761,KCNJ4,3761
208397_x_at,KCNJ5,3762,KCNJ5,3762
208404_x_at,KCNJ5,3762,KCNJ5,3762
211304_x_at,KCNJ5,3762,KCNJ5,3762
211817_s_at,KCNJ5,3762,KCNJ5,3762
210454_s_at,KCNJ6,3763,KCNJ6,3763
205303_at,KCNJ8,3764,KCNJ8,3764
205304_s_at,KCNJ8,3764,KCNJ8,3764
207527_at,KCNJ9,3765,KCNJ9,3765
204678_s_at,KCNK1,3775,KCNK1,3775
204679_at,KCNK1,3775,KCNK1,3775
220727_at,KCNK10,54207,KCNK10,54207
220448_at,KCNK12,56660,KCNK12,56660
221325_at,KCNK13,56659,KCNK13,56659
220540_at,KCNK15,60598,KCNK15,60598
210261_at,KCNK2,3776,KCNK2,3776
205952_at,KCNK3,3777,KCNK3,3777
219615_s_at,KCNK5,8645,KCNK5,8645
220412_x_at,KCNK7,10089,KCNK7,10089
214921_at,KCNMA1,3778,KCNMA1,3778
221583_s_at,KCNMA1,3778,KCNMA1,3778
221584_s_at,KCNMA1,3778,KCNMA1,3778
209948_at,KCNMB1,3779,KCNMB1,3779
221097_s_at,KCNMB2,10242,KCNMB2,10242
221125_s_at,KCNMB3,27094,KCNMB3,27094
219287_at,KCNMB4,27345,KCNMB4,27345
206231_at,KCNN1,3780,KCNN1,3780
220116_at,KCNN2,3781,KCNN2,3781
205902_at,KCNN3,3782,KCNN3,3782
205903_s_at,KCNN3,3782,KCNN3,3782
204401_at,KCNN4,3783,KCNN4,3783
204487_s_at,KCNQ1,3784,KCNQ1,3784
211217_s_at,KCNQ1,3784,KCNQ1,3784
220629_at,KCNQ1DN,55539,KCNQ1DN,55539
205737_at,KCNQ2,3785,KCNQ2,3785
210508_s_at,KCNQ2,3785,KCNQ2,3785
211486_s_at,KCNQ2,3785,KCNQ2,3785
206573_at,KCNQ3,3786,KCNQ3,3786
221083_at,KCNQ4,9132,KCNQ4,9132
207366_at,KCNS1,3787,KCNS1,3787
205968_at,KCNS3,3790,KCNS3,3790
215736_at,KCNV1,27012,KCNV1,27012
220294_at,KCNV1,27012,KCNV1,27012
217522_at,KCNV2,169522,KCNV2,169522
212188_at,KCTD12,115207,KCTD12,115207
212192_at,KCTD12,115207,KCTD12,115207
221889_at,KCTD13,253980,KCTD13,253980
45653_at,KCTD13,253980,KCTD13,253980
218553_s_at,KCTD15,79047,KCTD15,79047
205561_at,KCTD17,79734,KCTD17,79734
212564_at,KCTD2,23510,KCTD2,23510
34858_at,KCTD2,23510,KCTD2,23510
214849_at,KCTD20,222658,KCTD20,222658
217894_at,KCTD3,51133,KCTD3,51133
218474_s_at,KCTD5,54442,KCTD5,54442
213474_at,KCTD7///RABGEF1,154881///27342,KCTD7///RABGEF1,154881///27342
218310_at,KCTD7///RABGEF1,154881///27342,KCTD7///RABGEF1,154881///27342
218823_s_at,KCTD9,54793,KCTD9,54793
219479_at,KDELC1,79070,KDELC1,79070
200922_at,KDELR1,10945,KDELR1,10945
200698_at,KDELR2,11014,KDELR2,11014
200699_at,KDELR2,11014,KDELR2,11014
200700_s_at,KDELR2,11014,KDELR2,11014
204017_at,KDELR3,11015,KDELR3,11015
207264_at,KDELR3,11015,KDELR3,11015
207265_s_at,KDELR3,11015,KDELR3,11015
212348_s_at,KDM1A,23028,KDM1A,23028
208987_s_at,KDM2A,22992,KDM2A,22992
208988_at,KDM2A,22992,KDM2A,22992
208989_s_at,KDM2A,22992,KDM2A,22992
212689_s_at,KDM3A,55818,KDM3A,55818
201643_x_at,KDM3B,51780,KDM3B,51780
210878_s_at,KDM3B,51780,KDM3B,51780
203204_s_at,KDM4A,9682,KDM4A,9682
203205_at,KDM4A,9682,KDM4A,9682
212492_s_at,KDM4B,23030,KDM4B,23030
212495_at,KDM4B,23030,KDM4B,23030
212496_s_at,KDM4B,23030,KDM4B,23030
215616_s_at,KDM4B,23030,KDM4B,23030
216023_at,KDM4B,23030,KDM4B,23030
209984_at,KDM4C,23081,KDM4C,23081
214861_at,KDM4C,23081,KDM4C,23081
220278_at,KDM4D,55693,KDM4D,55693
202040_s_at,KDM5A,5927,KDM5A,5927
215698_at,KDM5A,5927,KDM5A,5927
201547_at,KDM5B,10765,KDM5B,10765
201548_s_at,KDM5B,10765,KDM5B,10765
201549_x_at,KDM5B,10765,KDM5B,10765
211202_s_at,KDM5B,10765,KDM5B,10765
202383_at,KDM5C,8242,KDM5C,8242
206700_s_at,KDM5D,8284,KDM5D,8284
203990_s_at,KDM6A,7403,KDM6A,7403
203991_s_at,KDM6A,7403,KDM6A,7403
203992_s_at,KDM6A,7403,KDM6A,7403
213146_at,KDM6B,23135,KDM6B,23135
41386_i_at,KDM6B,23135,KDM6B,23135
41387_r_at,KDM6B,23135,KDM6B,23135
221778_at,KDM7A,80853,KDM7A,80853
220070_at,KDM8,79831,KDM8,79831
203934_at,KDR,3791,KDR,3791
202419_at,KDSR,2531,KDSR,2531
222359_x_at,KDSR,2531,KDSR,2531
202417_at,KEAP1,9817,KEAP1,9817
206077_at,KEL,3792,KEL,3792
220504_at,KERA,11081,KERA,11081
220513_at,KHDC1L,100129128,KHDC1L,100129128
200040_at,KHDRBS1,10657,KHDRBS1,10657
201488_x_at,KHDRBS1,10657,KHDRBS1,10657
214185_at,KHDRBS1,10657,KHDRBS1,10657
215527_at,KHDRBS2,202559,KHDRBS2,202559
209781_s_at,KHDRBS3,10656,KHDRBS3,10656
205175_s_at,KHK,3795,KHK,3795
211028_s_at,KHK,3795,KHK,3795
212355_at,KHNYN,23351,KHNYN,23351
212356_at,KHNYN,23351,KHNYN,23351
204371_s_at,KHSRP,8570,KHSRP,8570
204372_s_at,KHSRP,8570,KHSRP,8570
212303_x_at,KHSRP,8570,KHSRP,8570
203143_s_at,KIAA0040,9674,KIAA0040,9674
203144_s_at,KIAA0040,9674,KIAA0040,9674
207161_at,KIAA0087,9808,KIAA0087,9808
201728_s_at,KIAA0100,9703,KIAA0100,9703
201729_s_at,KIAA0100,9703,KIAA0100,9703
202503_s_at,KIAA0101,9768,KIAA0101,9768
211713_x_at,KIAA0101,9768,KIAA0101,9768
201977_s_at,KIAA0141,9812,KIAA0141,9812
201978_s_at,KIAA0141,9812,KIAA0141,9812
201985_at,KIAA0196,9897,KIAA0196,9897
219471_at,KIAA0226L,80183,KIAA0226L,80183
44790_s_at,KIAA0226L,80183,KIAA0226L,80183
212441_at,KIAA0232,9778,KIAA0232,9778
206017_at,KIAA0319,9856,KIAA0319,9856
217929_s_at,KIAA0319L,79932,KIAA0319L,79932
203288_at,KIAA0355,9710,KIAA0355,9710
212427_at,KIAA0368,23392,KIAA0368,23392
212428_at,KIAA0368,23392,KIAA0368,23392
214356_s_at,KIAA0368,23392,KIAA0368,23392
202714_s_at,KIAA0391,9692,KIAA0391,9692
202713_s_at,KIAA0391///PSMA6,9692///5687,KIAA0391///PSMA6,9692///5687
208805_at,KIAA0391///PSMA6,9692///5687,KIAA0391///PSMA6,9692///5687
205496_at,KIAA0408,9729,KIAA0408,9729
202386_s_at,KIAA0430,9665,KIAA0430,9665
214294_at,KIAA0485,57235,KIAA0485,57235
214295_at,KIAA0485,57235,KIAA0485,57235
215480_at,KIAA0509,57242,KIAA0509,57242
204546_at,KIAA0513,9764,KIAA0513,9764
213185_at,KIAA0556,23247,KIAA0556,23247
205631_at,KIAA0586,9786,KIAA0586,9786
37232_at,KIAA0586,9786,KIAA0586,9786
204711_at,KIAA0753,9851,KIAA0753,9851
215268_at,KIAA0754,643314,KIAA0754,643314
213424_at,KIAA0895,23366,KIAA0895,23366
202220_at,KIAA0907,22889,KIAA0907,22889
209760_at,KIAA0922,23240,KIAA0922,23240
212421_at,KIAA0930,23313,KIAA0930,23313
217118_s_at,KIAA0930,23313,KIAA0930,23313
215081_at,KIAA1024,23251,KIAA1024,23251
212794_s_at,KIAA1033,23325,KIAA1033,23325
212795_at,KIAA1033,23325,KIAA1033,23325
215936_s_at,KIAA1033,23325,KIAA1033,23325
214098_at,KIAA1107,23285,KIAA1107,23285
212779_at,KIAA1109,84162,KIAA1109,84162
214929_s_at,KIAA1109,84162,KIAA1109,84162
216294_s_at,KIAA1109,84162,KIAA1109,84162
214134_at,KIAA1211L,343990,KIAA1211L,343990
221874_at,KIAA1324,57535,KIAA1324,57535
213316_at,KIAA1462,57608,KIAA1462,57608
206044_s_at,KIAA1549///BRAF,57670///673,KIAA1549///BRAF,57670///673
214772_at,KIAA1549L,25758,KIAA1549L,25758
218614_at,KIAA1551,55196,KIAA1551,55196
215367_at,KIAA1614,57710,KIAA1614,57710
221901_at,KIAA1644,85352,KIAA1644,85352
52837_at,KIAA1644,85352,KIAA1644,85352
215680_at,KIAA1654,85368,KIAA1654,85368
215681_at,KIAA1654,85368,KIAA1654,85368
215943_at,KIAA1661,85375,KIAA1661,85375
212162_at,KIDINS220,57498,KIDINS220,57498
212163_at,KIDINS220,57498,KIDINS220,57498
214932_at,KIDINS220,57498,KIDINS220,57498
204444_at,KIF11,3832,KIF11,3832
220777_at,KIF13A,63971,KIF13A,63971
202962_at,KIF13B,23303,KIF13B,23303
206364_at,KIF14,9928,KIF14,9928
219306_at,KIF15,56992,KIF15,56992
219570_at,KIF16B,55614,KIF16B,55614
222144_at,KIF17,57576,KIF17,57576
221258_s_at,KIF18A,81930,KIF18A,81930
222039_at,KIF18B,146909,KIF18B,146909
203849_s_at,KIF1A,547,KIF1A,547
203850_s_at,KIF1A,547,KIF1A,547
209234_at,KIF1B,23095,KIF1B,23095
212453_at,KIF1BP,26128,KIF1BP,26128
209244_s_at,KIF1C,10749,KIF1C,10749
209245_s_at,KIF1C,10749,KIF1C,10749
218755_at,KIF20A,10112,KIF20A,10112
205235_s_at,KIF20B,9585,KIF20B,9585
204411_at,KIF21B,23046,KIF21B,23046
202183_s_at,KIF22,3835,KIF22,3835
216969_s_at,KIF22,3835,KIF22,3835
204709_s_at,KIF23,9493,KIF23,9493
220652_at,KIF24,347240,KIF24,347240
207682_s_at,KIF25,3834,KIF25,3834
208128_x_at,KIF25,3834,KIF25,3834
207963_at,KIF25-AS1,100505879,KIF25-AS1,100505879
211350_s_at,KIF25-AS1,100505879,KIF25-AS1,100505879
211351_at,KIF25-AS1,100505879,KIF25-AS1,100505879
220002_at,KIF26B,55083,KIF26B,55083
203086_at,KIF2A,3796,KIF2A,3796
203087_s_at,KIF2A,3796,KIF2A,3796
209408_at,KIF2C,11004,KIF2C,11004
211519_s_at,KIF2C,11004,KIF2C,11004
213623_at,KIF3A,11127,KIF3A,11127
203943_at,KIF3B,9371,KIF3B,9371
203389_at,KIF3C,3797,KIF3C,3797
203390_s_at,KIF3C,3797,KIF3C,3797
218355_at,KIF4A,24137,KIF4A,24137
205318_at,KIF5A,3798,KIF5A,3798
201991_s_at,KIF5B,3799,KIF5B,3799
201992_s_at,KIF5B,3799,KIF5B,3799
203129_s_at,KIF5C,3800,KIF5C,3800
203130_s_at,KIF5C,3800,KIF5C,3800
203333_at,KIFAP3,22920,KIFAP3,22920
209680_s_at,KIFC1,3833,KIFC1,3833
209661_at,KIFC3,3801,KIFC3,3801
205664_at,KIN,22944,KIN,22944
210890_x_at,KIR2DL1,3802,KIR2DL1,3802
211397_x_at,KIR2DL2,3803,KIR2DL2,3803
208179_x_at,KIR2DL3,3804,KIR2DL3,3804
208426_x_at,KIR2DL4,3805,KIR2DL4,3805
211242_x_at,KIR2DL4,3805,KIR2DL4,3805
211245_x_at,KIR2DL4,3805,KIR2DL4,3805
211410_x_at,KIR2DL5A,57292,KIR2DL5A,57292
208198_x_at,KIR2DS1,3806,KIR2DS1,3806
217296_at,KIR2DS1,3806,KIR2DS1,3806
211532_x_at,KIR2DS2,100132285,KIR2DS2,100132285
217318_x_at,KIR2DS2///KIR2DS4///KIR2DS1///KIR2DL3///KIR2DL2///KIR2DL1,100132285///3809///3806///3804///3803///3802,KIR2DS2///KIR2DS4///KIR2DS1///KIR2DL3///KIR2DL2///KIR2DL1,100132285///3809///3806///3804///3803///3802
208122_x_at,KIR2DS3,3808,KIR2DS3,3808
216552_x_at,KIR2DS4,3809,KIR2DS4,3809
208203_x_at,KIR2DS5,3810,KIR2DS5,3810
211687_x_at,KIR3DL1,3811,KIR3DL1,3811
207313_x_at,KIR3DL2///KIR3DL1,3812///3811,KIR3DL2///KIR3DL1,3812///3811
207314_x_at,KIR3DL2///KIR3DL1,3812///3811,KIR3DL2///KIR3DL1,3812///3811
211688_x_at,KIR3DL2///KIR3DL1,3812///3811,KIR3DL2///KIR3DL1,3812///3811
216907_x_at,KIR3DL2///KIR3DL1,3812///3811,KIR3DL2///KIR3DL1,3812///3811
216676_x_at,KIR3DL3,115653,KIR3DL3,115653
211389_x_at,KIR3DS1,3813,KIR3DS1,3813
216428_x_at,KIR3DX1,90011,KIR3DX1,90011
216492_at,KIR3DX1,90011,KIR3DX1,90011
220825_s_at,KIRREL,55243,KIRREL,55243
205563_at,KISS1,3814,KISS1,3814
205051_s_at,KIT,3815,KIT,3815
207029_at,KITLG,4254,KITLG,4254
211124_s_at,KITLG,4254,KITLG,4254
216974_at,KITLG,4254,KITLG,4254
219961_s_at,KIZ,55857,KIZ,55857
205978_at,KL,9365,KL,9365
212877_at,KLC1,3831,KLC1,3831
212878_s_at,KLC1,3831,KLC1,3831
213656_s_at,KLC1,3831,KLC1,3831
218906_x_at,KLC2,64837,KLC2,64837
210504_at,KLF1,10661,KLF1,10661
202393_s_at,KLF10,7071,KLF10,7071
218486_at,KLF11,8462,KLF11,8462
206965_at,KLF12,11278,KLF12,11278
206966_s_at,KLF12,11278,KLF12,11278
208467_at,KLF12,11278,KLF12,11278
214276_at,KLF12,11278,KLF12,11278
219878_s_at,KLF13,51621,KLF13,51621
221302_at,KLF15,28999,KLF15,28999
219371_s_at,KLF2,10365,KLF2,10365
219657_s_at,KLF3,51274,KLF3,51274
219871_at,KLF3-AS1,79667,KLF3-AS1,79667
220266_s_at,KLF4,9314,KLF4,9314
221841_s_at,KLF4,9314,KLF4,9314
209211_at,KLF5,688,KLF5,688
209212_s_at,KLF5,688,KLF5,688
208960_s_at,KLF6,1316,KLF6,1316
208961_s_at,KLF6,1316,KLF6,1316
211610_at,KLF6,1316,KLF6,1316
204334_at,KLF7,8609,KLF7,8609
219930_at,KLF8,11279,KLF8,11279
203541_s_at,KLF9,687,KLF9,687
203542_s_at,KLF9,687,KLF9,687
203543_s_at,KLF9,687,KLF9,687
209254_at,KLHDC10,23008,KLHDC10,23008
209255_at,KLHDC10,23008,KLHDC10,23008
209256_s_at,KLHDC10,23008,KLHDC10,23008
210111_s_at,KLHDC10,23008,KLHDC10,23008
217906_at,KLHDC2,23588,KLHDC2,23588
208784_s_at,KLHDC3,116138,KLHDC3,116138
214383_x_at,KLHDC3,116138,KLHDC3,116138
221219_s_at,KLHDC4,54758,KLHDC4,54758
219331_s_at,KLHDC8A,55220,KLHDC8A,55220
216391_s_at,KLHL1,57626,KLHL1,57626
220657_at,KLHL11,55175,KLHL11,55175
219931_s_at,KLHL12,59349,KLHL12,59349
207976_at,KLHL18,23276,KLHL18,23276
212882_at,KLHL18,23276,KLHL18,23276
219157_at,KLHL2,11275,KLHL2,11275
204176_at,KLHL20,27252,KLHL20,27252
204177_s_at,KLHL20,27252,KLHL20,27252
210634_at,KLHL20,27252,KLHL20,27252
210635_s_at,KLHL20,27252,KLHL20,27252
203068_at,KLHL21,9903,KLHL21,9903
221837_at,KLHL22,84861,KLHL22,84861
221838_at,KLHL22,84861,KLHL22,84861
221948_s_at,KLHL22,84861,KLHL22,84861
222141_at,KLHL22,84861,KLHL22,84861
49329_at,KLHL22,84861,KLHL22,84861
206551_x_at,KLHL24,54800,KLHL24,54800
221985_at,KLHL24,54800,KLHL24,54800
221986_s_at,KLHL24,54800,KLHL24,54800
210307_s_at,KLHL25,64410,KLHL25,64410
219354_at,KLHL26,55295,KLHL26,55295
220374_at,KLHL28,54813,KLHL28,54813
220348_at,KLHL29,114818,KLHL29,114818
221221_s_at,KLHL3,26249,KLHL3,26249
214208_at,KLHL35,283212,KLHL35,283212
215748_at,KLHL35,283212,KLHL35,283212
219453_at,KLHL36,79786,KLHL36,79786
214591_at,KLHL4,56062,KLHL4,56062
219106_s_at,KLHL41,10324,KLHL41,10324
220682_s_at,KLHL5,51088,KLHL5,51088
220238_s_at,KLHL7,55975,KLHL7,55975
220239_at,KLHL7,55975,KLHL7,55975
213117_at,KLHL9,55958,KLHL9,55958
213233_s_at,KLHL9,55958,KLHL9,55958
216699_s_at,KLK1,3816,KLK1,3816
209792_s_at,KLK10,5655,KLK10,5655
215808_at,KLK10,5655,KLK10,5655
205470_s_at,KLK11,11012,KLK11,11012
220782_x_at,KLK12,43849,KLK12,43849
205783_at,KLK13,26085,KLK13,26085
216670_at,KLK13,26085,KLK13,26085
217315_s_at,KLK13,26085,KLK13,26085
220573_at,KLK14,43847,KLK14,43847
221462_x_at,KLK15,55554,KLK15,55554
209854_s_at,KLK2,3817,KLK2,3817
209855_s_at,KLK2,3817,KLK2,3817
210339_s_at,KLK2,3817,KLK2,3817
204582_s_at,KLK3,354,KLK3,354
204583_x_at,KLK3,354,KLK3,354
222242_s_at,KLK5,25818,KLK5,25818
204733_at,KLK6,5653,KLK6,5653
205778_at,KLK7,5650,KLK7,5650
206125_s_at,KLK8,11202,KLK8,11202
206541_at,KLKB1,3818,KLKB1,3818
207229_at,KLRA1P,10748,KLRA1P,10748
214470_at,KLRB1,3820,KLRB1,3820
206785_s_at,KLRC2///KLRC1,3822///3821,KLRC2///KLRC1,3822///3821
207723_s_at,KLRC3,3823,KLRC3,3823
210690_at,KLRC4,8302,KLRC4,8302
205821_at,KLRC4-KLRK1///KLRK1,100528032///22914,KLRC4-KLRK1///KLRK1,100528032///22914
207795_s_at,KLRD1,3824,KLRD1,3824
207796_x_at,KLRD1,3824,KLRD1,3824
210606_x_at,KLRD1,3824,KLRD1,3824
220646_s_at,KLRF1,51348,KLRF1,51348
210288_at,KLRG1,10219,KLRG1,10219
205306_x_at,KMO,8564,KMO,8564
205307_s_at,KMO,8564,KMO,8564
211138_s_at,KMO,8564,KMO,8564
212076_at,KMT2A,4297,KMT2A,4297
212078_s_at,KMT2A,4297,KMT2A,4297
212079_s_at,KMT2A,4297,KMT2A,4297
212080_at,KMT2A,4297,KMT2A,4297
216624_s_at,KMT2A,4297,KMT2A,4297
203419_at,KMT2B,9757,KMT2B,9757
217069_at,KMT2B,9757,KMT2B,9757
217075_x_at,KMT2B,9757,KMT2B,9757
211790_s_at,KMT2D,8085,KMT2D,8085
216382_s_at,KMT2D,8085,KMT2D,8085
216845_x_at,KMT2D,8085,KMT2D,8085
220200_s_at,KMT5A,387893,KMT5A,387893
218242_s_at,KMT5B,51111,KMT5B,51111
206054_at,KNG1,3827,KNG1,3827
217512_at,KNG1,3827,KNG1,3827
220247_at,KNL1,57082,KNL1,57082
213235_at,KNOP1,400506,KNOP1,400506
213237_at,KNOP1,400506,KNOP1,400506
206316_s_at,KNTC1,9735,KNTC1,9735
202055_at,KPNA1,3836,KPNA1,3836
202056_at,KPNA1,3836,KPNA1,3836
202057_at,KPNA1,3836,KPNA1,3836
202058_s_at,KPNA1,3836,KPNA1,3836
202059_s_at,KPNA1,3836,KPNA1,3836
213741_s_at,KPNA1,3836,KPNA1,3836
201088_at,KPNA2,3838,KPNA2,3838
211762_s_at,KPNA2,3838,KPNA2,3838
221502_at,KPNA3,3839,KPNA3,3839
221503_s_at,KPNA3,3839,KPNA3,3839
209653_at,KPNA4,3840,KPNA4,3840
213567_at,KPNA4,3840,KPNA4,3840
206241_at,KPNA5,3841,KPNA5,3841
212101_at,KPNA6,23633,KPNA6,23633
212102_s_at,KPNA6,23633,KPNA6,23633
212103_at,KPNA6,23633,KPNA6,23633
208974_x_at,KPNB1,3837,KPNB1,3837
208975_s_at,KPNB1,3837,KPNB1,3837
213507_s_at,KPNB1,3837,KPNB1,3837
213573_at,KPNB1,3837,KPNB1,3837
213574_s_at,KPNB1,3837,KPNB1,3837
213803_at,KPNB1,3837,KPNB1,3837
220160_s_at,KPTN,11133,KPTN,11133
204009_s_at,KRAS,3845,KRAS,3845
204010_s_at,KRAS,3845,KRAS,3845
214352_s_at,KRAS,3845,KRAS,3845
206583_at,KRBOX4,55634,KRBOX4,55634
218303_x_at,KRCC1,51315,KRCC1,51315
219692_at,KREMEN2,79412,KREMEN2,79412
218798_at,KRI1,65095,KRI1,65095
204738_s_at,KRIT1,889,KRIT1,889
216713_at,KRIT1,889,KRIT1,889
34031_i_at,KRIT1,889,KRIT1,889
203202_at,KRR1,11103,KRR1,11103
203203_s_at,KRR1,11103,KRR1,11103
205900_at,KRT1,3848,KRT1,3848
207023_x_at,KRT10,3858,KRT10,3858
210633_x_at,KRT10,3858,KRT10,3858
213287_s_at,KRT10,3858,KRT10,3858
207811_at,KRT12,3859,KRT12,3859
207935_s_at,KRT13,3860,KRT13,3860
209351_at,KRT14,3861,KRT14,3861
204734_at,KRT15,3866,KRT15,3866
209800_at,KRT16,3868,KRT16,3868
205157_s_at,KRT17///JUP,3872///3728,KRT17///JUP,3872///3728
212236_x_at,KRT17///JUP,3872///3728,KRT17///JUP,3872///3728
201596_x_at,KRT18,3875,KRT18,3875
201650_at,KRT19,3880,KRT19,3880
217338_at,KRT19P2,160313,KRT19P2,160313
207908_at,KRT2,3849,KRT2,3849
213953_at,KRT20,54474,KRT20,54474
218963_s_at,KRT23,25984,KRT23,25984
220267_at,KRT24,192666,KRT24,192666
217325_at,KRT3,3850,KRT3,3850
206677_at,KRT31,3881,KRT31,3881
207146_at,KRT32,3882,KRT32,3882
208483_x_at,KRT33A,3883,KRT33A,3883
207787_at,KRT33B,3884,KRT33B,3884
216921_s_at,KRT35,3886,KRT35,3886
214576_at,KRT36,8689,KRT36,8689
207649_at,KRT37,8688,KRT37,8688
207716_at,KRT38,8687,KRT38,8687
213240_s_at,KRT4,3851,KRT4,3851
214399_s_at,KRT4,3851,KRT4,3851
201820_at,KRT5,3852,KRT5,3852
209125_at,KRT6A,3853,KRT6A,3853
209126_x_at,KRT6B,3854,KRT6B,3854
213680_at,KRT6B,3854,KRT6B,3854
214580_x_at,KRT6C///KRT6B///KRT6A,286887///3854///3853,KRT6C///KRT6B///KRT6A,286887///3854///3853
209016_s_at,KRT7,3855,KRT7,3855
214031_s_at,KRT7,3855,KRT7,3855
207065_at,KRT75,9119,KRT75,9119
207878_at,KRT76,51350,KRT76,51350
209008_x_at,KRT8,3856,KRT8,3856
213711_at,KRT81,3887,KRT81,3887
207669_at,KRT83,3889,KRT83,3889
217031_at,KRT84,3890,KRT84,3890
207670_at,KRT85,3891,KRT85,3891
222060_at,KRT8P12,90133,KRT8P12,90133
208188_at,KRT9,3857,KRT9,3857
220976_s_at,KRTAP1-1,81851,KRTAP1-1,81851
220978_at,KRTAP1-3,81850,KRTAP1-3,81850
220970_s_at,KRTAP2-3///KRTAP2-4,730755///85294,KRTAP2-3///KRTAP2-4,730755///85294
216810_at,KRTAP4-7,100132476,KRTAP4-7,100132476
208532_x_at,KRTAP5-8,57830,KRTAP5-8,57830
214517_at,KRTAP5-9,3846,KRTAP5-9,3846
220972_s_at,KRTAP9-9,81870,KRTAP9-9,81870
213767_at,KSR1,8844,KSR1,8844
213769_at,KSR1,8844,KSR1,8844
213770_at,KSR1,8844,KSR1,8844
200914_x_at,KTN1,3895,KTN1,3895
200915_x_at,KTN1,3895,KTN1,3895
214709_s_at,KTN1,3895,KTN1,3895
200076_s_at,KXD1,79036,KXD1,79036
218054_s_at,KXD1,79036,KXD1,79036
206037_at,KYAT1,883,KYAT1,883
209472_at,KYAT3,56267,KYAT3,56267
204385_at,KYNU,8942,KYNU,8942
210662_at,KYNU,8942,KYNU,8942
210663_s_at,KYNU,8942,KYNU,8942
217388_s_at,KYNU,8942,KYNU,8942
204584_at,L1CAM,3897,L1CAM,3897
204585_s_at,L1CAM,3897,L1CAM,3897
219955_at,L1TD1,54596,L1TD1,54596
220089_at,L2HGDH,79944,L2HGDH,79944
206822_s_at,L3MBTL1,26013,L3MBTL1,26013
206823_at,L3MBTL1,26013,L3MBTL1,26013
210306_at,L3MBTL1,26013,L3MBTL1,26013
213837_at,L3MBTL1,26013,L3MBTL1,26013
216076_at,L3MBTL1,26013,L3MBTL1,26013
216077_s_at,L3MBTL1,26013,L3MBTL1,26013
218701_at,LACTB2,51110,LACTB2,51110
203287_at,LAD1,3898,LAD1,3898
216641_s_at,LAD1,3898,LAD1,3898
206486_at,LAG3,3902,LAG3,3902
219061_s_at,LAGE3,8270,LAGE3,8270
221982_x_at,LAGE3,8270,LAGE3,8270
208071_s_at,LAIR1,3903,LAIR1,3903
210644_s_at,LAIR1,3903,LAIR1,3903
207509_s_at,LAIR2,3904,LAIR2,3904
207816_at,LALBA,3906,LALBA,3906
222346_at,LAMA1,284217,LAMA1,284217
205116_at,LAMA2,3908,LAMA2,3908
213519_s_at,LAMA2,3908,LAMA2,3908
216839_at,LAMA2,3908,LAMA2,3908
216840_s_at,LAMA2,3908,LAMA2,3908
203726_s_at,LAMA3,3909,LAMA3,3909
202202_s_at,LAMA4,3910,LAMA4,3910
210089_s_at,LAMA4,3910,LAMA4,3910
210989_at,LAMA4,3910,LAMA4,3910
210990_s_at,LAMA4,3910,LAMA4,3910
216081_at,LAMA4,3910,LAMA4,3910
210150_s_at,LAMA5,3911,LAMA5,3911
201505_at,LAMB1,3912,LAMB1,3912
211651_s_at,LAMB1,3912,LAMB1,3912
216264_s_at,LAMB2,3913,LAMB2,3913
209270_at,LAMB3,3914,LAMB3,3914
215516_at,LAMB4,22798,LAMB4,22798
216622_at,LAMB4,22798,LAMB4,22798
200770_s_at,LAMC1,3915,LAMC1,3915
200771_at,LAMC1,3915,LAMC1,3915
202267_at,LAMC2,3918,LAMC2,3918
207517_at,LAMC2,3918,LAMC2,3918
219407_s_at,LAMC3,10319,LAMC3,10319
201551_s_at,LAMP1,3916,LAMP1,3916
201552_at,LAMP1,3916,LAMP1,3916
201553_s_at,LAMP1,3916,LAMP1,3916
213728_at,LAMP1,3916,LAMP1,3916
200821_at,LAMP2,3920,LAMP2,3920
203041_s_at,LAMP2,3920,LAMP2,3920
203042_at,LAMP2,3920,LAMP2,3920
205569_at,LAMP3,27074,LAMP3,27074
219463_at,LAMP5,24141,LAMP5,24141
218291_at,LAMTOR2,28956,LAMTOR2,28956
217971_at,LAMTOR3,8649,LAMTOR3,8649
202299_s_at,LAMTOR5,10542,LAMTOR5,10542
202300_at,LAMTOR5,10542,LAMTOR5,10542
202019_s_at,LANCL1,10314,LANCL1,10314
202020_s_at,LANCL1,10314,LANCL1,10314
218219_s_at,LANCL2,55915,LANCL2,55915
217933_s_at,LAP3,51056,LAP3,51056
200673_at,LAPTM4A,9741,LAPTM4A,9741
208029_s_at,LAPTM4B,55353,LAPTM4B,55353
208767_s_at,LAPTM4B,55353,LAPTM4B,55353
214039_s_at,LAPTM4B,55353,LAPTM4B,55353
201720_s_at,LAPTM5,7805,LAPTM5,7805
201721_s_at,LAPTM5,7805,LAPTM5,7805
204414_at,LARGE1,9215,LARGE1,9215
215543_s_at,LARGE1,9215,LARGE1,9215
210966_x_at,LARP1,23367,LARP1,23367
212137_at,LARP1,23367,LARP1,23367
212193_s_at,LARP1,23367,LARP1,23367
212714_at,LARP4,113251,LARP4,113251
214155_s_at,LARP4,113251,LARP4,113251
208952_s_at,LARP4B,23185,LARP4B,23185
208953_at,LARP4B,23185,LARP4B,23185
208954_s_at,LARP4B,23185,LARP4B,23185
214215_s_at,LARP4B,23185,LARP4B,23185
214216_s_at,LARP4B,23185,LARP4B,23185
218651_s_at,LARP6,55323,LARP6,55323
212785_s_at,LARP7,51574,LARP7,51574
215246_at,LARP7,51574,LARP7,51574
217810_x_at,LARS,51520,LARS,51520
204016_at,LARS2,23395,LARS2,23395
34764_at,LARS2,23395,LARS2,23395
208117_s_at,LAS1L,81887,LAS1L,81887
200618_at,LASP1,3927,LASP1,3927
209881_s_at,LAT,27040,LAT,27040
211005_at,LAT,27040,LAT,27040
211768_at,LAT2,7462,LAT2,7462
221581_s_at,LAT2,7462,LAT2,7462
219813_at,LATS1,9113,LATS1,9113
207734_at,LAX1,54900,LAX1,54900
221011_s_at,LBH,81606,LBH,81606
211652_s_at,LBP,3929,LBP,3929
214461_at,LBP,3929,LBP,3929
201795_at,LBR,3930,LBR,3930
208380_at,LBX1,10660,LBX1,10660
204428_s_at,LCAT,3931,LCAT,3931
216390_at,LCAT,3931,LCAT,3931
207710_at,LCE2B,26239,LCE2B,26239
204890_s_at,LCK,3932,LCK,3932
204891_s_at,LCK,3932,LCK,3932
221515_s_at,LCMT1,51451,LCMT1,51451
204012_s_at,LCMT2,9836,LCMT2,9836
204013_s_at,LCMT2,9836,LCMT2,9836
207930_at,LCN1,3933,LCN1,3933
212531_at,LCN2,3934,LCN2,3934
208885_at,LCP1,3936,LCP1,3936
205269_at,LCP2,3937,LCP2,3937
205270_s_at,LCP2,3937,LCP2,3937
206945_at,LCT,3938,LCT,3938
219008_at,LDAH,60526,LDAH,60526
222192_s_at,LDAH,60526,LDAH,60526
222193_at,LDAH,60526,LDAH,60526
203451_at,LDB1,8861,LDB1,8861
35160_at,LDB1,8861,LDB1,8861
206481_s_at,LDB2,9079,LDB2,9079
213371_at,LDB3,11155,LDB3,11155
213717_at,LDB3,11155,LDB3,11155
216887_s_at,LDB3,11155,LDB3,11155
216888_at,LDB3,11155,LDB3,11155
200650_s_at,LDHA,3939,LDHA,3939
210712_at,LDHAL6B,92483,LDHAL6B,92483
201030_x_at,LDHB,3945,LDHB,3945
213564_x_at,LDHB,3945,LDHB,3945
207022_s_at,LDHC,3948,LDHC,3948
202067_s_at,LDLR,3949,LDLR,3949
202068_s_at,LDLR,3949,LDLR,3949
217005_at,LDLR,3949,LDLR,3949
217103_at,LDLR,3949,LDLR,3949
217173_s_at,LDLR,3949,LDLR,3949
207996_s_at,LDLRAD4,753,LDLRAD4,753
209573_s_at,LDLRAD4,753,LDLRAD4,753
209574_s_at,LDLRAD4,753,LDLRAD4,753
221790_s_at,LDLRAP1,26119,LDLRAP1,26119
57082_at,LDLRAP1,26119,LDLRAP1,26119
204454_at,LDOC1,23641,LDOC1,23641
206309_at,LECT1,11061,LECT1,11061
207409_at,LECT2,3950,LECT2,3950
210948_s_at,LEF1,51176,LEF1,51176
221557_s_at,LEF1,51176,LEF1,51176
221558_s_at,LEF1,51176,LEF1,51176
206268_at,LEFTY1,10637,LEFTY1,10637
206012_at,LEFTY1///LEFTY2,10637///7044,LEFTY1///LEFTY2,10637///7044
218604_at,LEMD3,23592,LEMD3,23592
221115_s_at,LENEP,55891,LENEP,55891
207092_at,LEP,3952,LEP,3952
202377_at,LEPROT,54741,LEPROT,54741
202378_s_at,LEPROT,54741,LEPROT,54741
207255_at,LEPROT///LEPR,54741///3953,LEPROT///LEPR,54741///3953
209894_at,LEPROT///LEPR,54741///3953,LEPROT///LEPR,54741///3953
211354_s_at,LEPROT///LEPR,54741///3953,LEPROT///LEPR,54741///3953
211355_x_at,LEPROT///LEPR,54741///3953,LEPROT///LEPR,54741///3953
211356_x_at,LEPROT///LEPR,54741///3953,LEPROT///LEPR,54741///3953
202594_at,LEPROTL1,23484,LEPROTL1,23484
202595_s_at,LEPROTL1,23484,LEPROTL1,23484
218939_at,LETM1,3954,LETM1,3954
222006_at,LETM1,3954,LETM1,3954
207170_s_at,LETMD1,25875,LETMD1,25875
215270_at,LFNG,3955,LFNG,3955
201105_at,LGALS1,3956,LGALS1,3956
220440_at,LGALS13,29124,LGALS13,29124
220158_at,LGALS14,56891,LGALS14,56891
208450_at,LGALS2,3957,LGALS2,3957
208949_s_at,LGALS3,3958,LGALS3,3958
200923_at,LGALS3BP,3959,LGALS3BP,3959
204272_at,LGALS4,3960,LGALS4,3960
206400_at,LGALS7B///LGALS7,653499///3963,LGALS7B///LGALS7,653499///3963
208933_s_at,LGALS8,3964,LGALS8,3964
208934_s_at,LGALS8,3964,LGALS8,3964
208935_s_at,LGALS8,3964,LGALS8,3964
208936_x_at,LGALS8,3964,LGALS8,3964
210731_s_at,LGALS8,3964,LGALS8,3964
210732_s_at,LGALS8,3964,LGALS8,3964
203236_s_at,LGALS9,3965,LGALS9,3965
219998_at,LGALSL,29094,LGALSL,29094
206349_at,LGI1,9211,LGI1,9211
219699_at,LGI2,55203,LGI2,55203
201212_at,LGMN,5641,LGMN,5641
218326_s_at,LGR4,55366,LGR4,55366
210393_at,LGR5,8549,LGR5,8549
213880_at,LGR5,8549,LGR5,8549
220393_at,LGSN,51557,LGSN,51557
207240_s_at,LHCGR,3973,LHCGR,3973
218656_s_at,LHFP,10186,LHFP,10186
212658_at,LHFPL2,10184,LHFPL2,10184
218523_at,LHPP,64077,LHPP,64077
206230_at,LHX1,3975,LHX1,3975
206140_at,LHX2,9355,LHX2,9355
211219_s_at,LHX2,9355,LHX2,9355
221670_s_at,LHX3,8022,LHX3,8022
208333_at,LHX5,64211,LHX5,64211
219884_at,LHX6,26468,LHX6,26468
214045_at,LIAS,11019,LIAS,11019
205266_at,LIF,3976,LIF,3976
205876_at,LIFR,3977,LIFR,3977
202726_at,LIG1,3978,LIG1,3978
204123_at,LIG3,3980,LIG3,3980
207348_s_at,LIG3,3980,LIG3,3980
206235_at,LIG4,3981,LIG4,3981
207872_s_at,LILRA1,11024,LILRA1,11024
210660_at,LILRA1,11024,LILRA1,11024
207857_at,LILRA2,11027,LILRA2,11027
211100_x_at,LILRA2,11027,LILRA2,11027
211101_x_at,LILRA2,11027,LILRA2,11027
211102_s_at,LILRA2,11027,LILRA2,11027
206881_s_at,LILRA3,11026,LILRA3,11026
210313_at,LILRA4,23547,LILRA4,23547
215838_at,LILRA5,353514,LILRA5,353514
215839_at,LILRA5,353514,LILRA5,353514
208594_x_at,LILRA6,79168,LILRA6,79168
207104_x_at,LILRB1,10859,LILRB1,10859
211336_x_at,LILRB1,10859,LILRB1,10859
207697_x_at,LILRB2,10288,LILRB2,10288
210146_x_at,LILRB2,10288,LILRB2,10288
210225_x_at,LILRB3,11025,LILRB3,11025
210784_x_at,LILRB3,11025,LILRB3,11025
211133_x_at,LILRB3,11025,LILRB3,11025
211135_x_at,LILRB3,11025,LILRB3,11025
210152_at,LILRB4,11006,LILRB4,11006
206856_at,LILRB5,10990,LILRB5,10990
214561_at,LILRP2,79166,LILRP2,79166
220519_s_at,LIM2,3982,LIM2,3982
217892_s_at,LIMA1,51474,LIMA1,51474
212325_at,LIMCH1,22998,LIMCH1,22998
212327_at,LIMCH1,22998,LIMCH1,22998
212328_at,LIMCH1,22998,LIMCH1,22998
218850_s_at,LIMD1,8994,LIMD1,8994
222353_at,LIMD1,8994,LIMD1,8994
218600_at,LIMD2,80774,LIMD2,80774
219541_at,LIME1,54923,LIME1,54923
204356_at,LIMK1,3984,LIMK1,3984
204357_s_at,LIMK1,3984,LIMK1,3984
208372_s_at,LIMK1,3984,LIMK1,3984
202193_at,LIMK2,3985,LIMK2,3985
210582_s_at,LIMK2,3985,LIMK2,3985
217475_s_at,LIMK2,3985,LIMK2,3985
220765_s_at,LIMS2,55679,LIMS2,55679
207198_s_at,LIMS4///LIMS1,100288695///3987,LIMS4///LIMS1,100288695///3987
212687_at,LIMS4///LIMS3///LIMS1,100288695///96626///3987,LIMS4///LIMS3///LIMS1,100288695///96626///3987
219823_at,LIN28A,79727,LIN28A,79727
213526_s_at,LIN37,55957,LIN37,55957
206440_at,LIN7A,8825,LIN7A,8825
219760_at,LIN7B,64130,LIN7B,64130
219399_at,LIN7C,55327,LIN7C,55327
221568_s_at,LIN7C,55327,LIN7C,55327
203245_s_at,LINC00094,266655,LINC00094,266655
220399_at,LINC00115,79854,LINC00115,79854
220701_at,LINC00216,55451,LINC00216,55451
210711_at,LINC00260,84719,LINC00260,84719
216718_at,LINC00302,388699,LINC00302,388699
216935_at,LINC00302,388699,LINC00302,388699
220244_at,LINC00312,29931,LINC00312,29931
220771_at,LINC00328,51152,LINC00328,51152
219865_at,LINC00339,29092,LINC00339,29092
213703_at,LINC00342,150759,LINC00342,150759
220324_at,LINC00472,79940,LINC00472,79940
220660_at,LINC00474,58483,LINC00474,58483
207259_at,LINC00483,55018,LINC00483,55018
215738_at,LINC00563,100861554,LINC00563,100861554
220904_at,LINC00574,80069,LINC00574,80069
210464_at,LINC00588,26138,LINC00588,26138
208109_s_at,LINC00597,81698,LINC00597,81698
222001_x_at,LINC00623///LINC00869,728855///57234,LINC00623///LINC00869,728855///57234
220747_at,LINC00652,29075,LINC00652,29075
216126_at,LINC00663,284440,LINC00663,284440
215283_at,LINC00667,339290,LINC00667,339290
215658_at,LINC00675,100289255,LINC00675,100289255
215929_at,LINC00837,100507605,LINC00837,100507605
215057_at,LINC00894,100272228,LINC00894,100272228
203707_at,LINC00921///ZNF263,283876///10127,LINC00921///ZNF263,283876///10127
216209_at,LINC00939,400084,LINC00939,400084
214344_at,LINC00950,92973,LINC00950,92973
215185_at,LINC00963,100506190,LINC00963,100506190
217625_x_at,LINC00963,100506190,LINC00963,100506190
222184_at,LINC00965,349196,LINC00965,349196
215756_at,LINC01136,730227,LINC01136,730227
215039_at,LINC01140,339524,LINC01140,339524
220449_at,LINC01260,79015,LINC01260,79015
212957_s_at,LINC01278,92249,LINC01278,92249
216838_at,LINC01278,92249,LINC01278,92249
214896_at,LINC01314,100996492,LINC01314,100996492
215126_at,LINC01314,100996492,LINC01314,100996492
215940_at,LINC01361,101927498,LINC01361,101927498
215944_at,LINC01361,101927498,LINC01361,101927498
217471_at,LINC01482,101928104,LINC01482,101928104
217474_at,LINC01482,101928104,LINC01482,101928104
207698_at,LINC01558,26238,LINC01558,26238
208440_at,LINC01565,23434,LINC01565,23434
207241_at,LINC01587,10141,LINC01587,10141
220121_at,LINS1,55180,LINS1,55180
201847_at,LIPA,3988,LIPA,3988
206606_at,LIPC,3990,LIPC,3990
208186_s_at,LIPE,3991,LIPE,3991
213855_s_at,LIPE,3991,LIPE,3991
206334_at,LIPF,8513,LIPF,8513
219181_at,LIPG,9388,LIPG,9388
205571_at,LIPT1,51601,LIPT1,51601
200704_at,LITAF,9516,LITAF,9516
200706_s_at,LITAF,9516,LITAF,9516
206123_at,LLGL1,3996,LLGL1,3996
206124_s_at,LLGL1,3996,LLGL1,3996
203713_s_at,LLGL2,3993,LLGL2,3993
209779_at,LLPH,84298,LLPH,84298
203293_s_at,LMAN1,3998,LMAN1,3998
203294_s_at,LMAN1,3998,LMAN1,3998
220420_at,LMAN1L,79748,LMAN1L,79748
200805_at,LMAN2,10960,LMAN2,10960
215656_at,LMAN2,10960,LMAN2,10960
221274_s_at,LMAN2L,81562,LMAN2L,81562
220036_s_at,LMBR1L,55716,LMBR1L,55716
218191_s_at,LMBRD1,55788,LMBRD1,55788
218574_s_at,LMCD1,29995,LMCD1,29995
219135_s_at,LMF1,64788,LMF1,64788
219136_s_at,LMF1,64788,LMF1,64788
46142_at,LMF1,64788,LMF1,64788
212682_s_at,LMF2,91289,LMF2,91289
31837_at,LMF2,91289,LMF2,91289
203411_s_at,LMNA,4000,LMNA,4000
212086_x_at,LMNA,4000,LMNA,4000
212089_at,LMNA,4000,LMNA,4000
214213_x_at,LMNA,4000,LMNA,4000
203276_at,LMNB1,4001,LMNB1,4001
216952_s_at,LMNB2,84823,LMNB2,84823
206718_at,LMO1,4004,LMO1,4004
204249_s_at,LMO2,4005,LMO2,4005
204424_s_at,LMO3,55885,LMO3,55885
209204_at,LMO4,8543,LMO4,8543
209205_s_at,LMO4,8543,LMO4,8543
202674_s_at,LMO7,4008,LMO7,4008
203766_s_at,LMOD1,25802,LMOD1,25802
211562_s_at,LMOD1,25802,LMOD1,25802
206223_at,LMTK2,22853,LMTK2,22853
208487_at,LMX1B,4010,LMX1B,4010
207904_s_at,LNPEP,4012,LNPEP,4012
207465_at,LOC100127886,100127886,LOC100127886,100127886
217655_at,LOC100127972,100127972,LOC100127972,100127972
216107_at,LOC100129503,100129503,LOC100129503,100129503
215078_at,LOC100129518///SOD2,100129518///6648,LOC100129518///SOD2,100129518///6648
215223_s_at,LOC100129518///SOD2,100129518///6648,LOC100129518///SOD2,100129518///6648
216841_s_at,LOC100129518///SOD2,100129518///6648,LOC100129518///SOD2,100129518///6648
221477_s_at,LOC100129518///SOD2,100129518///6648,LOC100129518///SOD2,100129518///6648
62212_at,LOC100129924///C1orf50,100129924///79078,LOC100129924///C1orf50,100129924///79078
215229_at,LOC100129973,100129973,LOC100129973,100129973
215970_at,LOC100130331,100130331,LOC100130331,100130331
215740_at,LOC100130741,100130741,LOC100130741,100130741
218638_s_at,LOC100130872///SPON2,100130872///10417,LOC100130872///SPON2,100130872///10417
215421_at,LOC100131510,100131510,LOC100131510,100131510
221186_at,LOC100131532,100131532,LOC100131532,100131532
213089_at,LOC100272216,100272216,LOC100272216,100272216
217220_at,LOC100287387,100287387,LOC100287387,100287387
214871_x_at,LOC100287590,100287590,LOC100287590,100287590
215947_s_at,LOC100287852///FAM136A,100287852///84908,LOC100287852///FAM136A,100287852///84908
215247_at,LOC100288570,100288570,LOC100288570,100288570
217376_at,LOC100289473,100289473,LOC100289473,100289473
216793_x_at,LOC100289518,100289518,LOC100289518,100289518
216794_at,LOC100289518,100289518,LOC100289518,100289518
217320_at,LOC100293211,100293211,LOC100293211,100293211
217384_x_at,LOC100293211,100293211,LOC100293211,100293211
215721_at,LOC100293211///IGHG1,100293211///3500,LOC100293211///IGHG1,100293211///3500
204403_x_at,LOC100294033///TCAF1,100294033///9747,LOC100294033///TCAF1,100294033///9747
210529_s_at,LOC100294033///TCAF1,100294033///9747,LOC100294033///TCAF1,100294033///9747
212979_s_at,LOC100294033///TCAF1,100294033///9747,LOC100294033///TCAF1,100294033///9747
212981_s_at,LOC100294033///TCAF1,100294033///9747,LOC100294033///TCAF1,100294033///9747
214809_at,LOC100294145,100294145,LOC100294145,100294145
217205_at,LOC100420758,100420758,LOC100420758,100420758
216874_at,LOC100505498,100505498,LOC100505498,100505498
216877_at,LOC100505498,100505498,LOC100505498,100505498
215981_at,LOC100505534,100505534,LOC100505534,100505534
203055_s_at,LOC100505585///ARHGEF1,100505585///9138,LOC100505585///ARHGEF1,100505585///9138
216828_at,LOC100505874///MLLT10P1,100505874///140678,LOC100505874///MLLT10P1,100505874///140678
81737_at,LOC100505915,100505915,LOC100505915,100505915
208083_s_at,LOC100505984///ITGB6,100505984///3694,LOC100505984///ITGB6,100505984///3694
208084_at,LOC100505984///ITGB6,100505984///3694,LOC100505984///ITGB6,100505984///3694
221973_at,LOC100506123///LOC100506076,100506123///100506076,LOC100506123///LOC100506076,100506123///100506076
220064_at,LOC100506124///TTC21B,100506124///79809,LOC100506124///TTC21B,100506124///79809
200772_x_at,LOC100506248///MIR1244-2///MIR1244-3///MIR1244-1///LOC728026///PTMA,100506248///100422885///100422872///100302285///728026///5757,LOC100506248///MIR1244-2///MIR1244-3///MIR1244-1///LOC728026///PTMA,100506248///100422885///100422872///100302285///728026///5757
211921_x_at,LOC100506248///MIR1244-2///MIR1244-3///MIR1244-1///LOC728026///PTMA,100506248///100422885///100422872///100302285///728026///5757,LOC100506248///MIR1244-2///MIR1244-3///MIR1244-1///LOC728026///PTMA,100506248///100422885///100422872///100302285///728026///5757
216384_x_at,LOC100506248///MIR1244-2///MIR1244-3///MIR1244-1///LOC728026///PTMA,100506248///100422885///100422872///100302285///728026///5757,LOC100506248///MIR1244-2///MIR1244-3///MIR1244-1///LOC728026///PTMA,100506248///100422885///100422872///100302285///728026///5757
220572_at,LOC100506282,100506282,LOC100506282,100506282
220846_s_at,LOC100506504,100506504,LOC100506504,100506504
202350_s_at,LOC100506558///MATN2,100506558///4147,LOC100506558///MATN2,100506558///4147
221109_at,LOC100506571,100506571,LOC100506571,100506571
213569_at,LOC100506603,100506603,LOC100506603,100506603
214741_at,LOC100506639///ZNF131,100506639///7690,LOC100506639///ZNF131,100506639///7690
221842_s_at,LOC100506639///ZNF131,100506639///7690,LOC100506639///ZNF131,100506639///7690
216259_at,LOC100506699,100506699,LOC100506699,100506699
204358_s_at,LOC100506718///FLRT2,100506718///23768,LOC100506718///FLRT2,100506718///23768
204359_at,LOC100506718///FLRT2,100506718///23768,LOC100506718///FLRT2,100506718///23768
206399_x_at,LOC100507353///CACNA1A,100507353///773,LOC100507353///CACNA1A,100507353///773
210770_s_at,LOC100507353///CACNA1A,100507353///773,LOC100507353///CACNA1A,100507353///773
214933_at,LOC100507353///CACNA1A,100507353///773,LOC100507353///CACNA1A,100507353///773
221183_at,LOC100507388,100507388,LOC100507388,100507388
214148_at,LOC100507424///ITFG2,100507424///55846,LOC100507424///ITFG2,100507424///55846
220589_s_at,LOC100507424///ITFG2,100507424///55846,LOC100507424///ITFG2,100507424///55846
207414_s_at,LOC100507472///PCSK6,100507472///5046,LOC100507472///PCSK6,100507472///5046
210553_x_at,LOC100507472///PCSK6,100507472///5046,LOC100507472///PCSK6,100507472///5046
221834_at,LOC100507577///LONP2,100507577///83752,LOC100507577///LONP2,100507577///83752
221833_at,LOC100507577///LONP2///SIAH1,100507577///83752///6477,LOC100507577///LONP2///SIAH1,100507577///83752///6477
207476_at,LOC100507630,100507630,LOC100507630,100507630
204347_at,LOC100507855///AK4,100507855///205,LOC100507855///AK4,100507855///205
204348_s_at,LOC100507855///AK4,100507855///205,LOC100507855///AK4,100507855///205
200018_at,LOC100508408///SNORD14B///RPS13,100508408///85388///6207,LOC100508408///SNORD14B///RPS13,100508408///85388///6207
213831_at,LOC100509457///HLA-DQA1,100509457///3117,LOC100509457///HLA-DQA1,100509457///3117
212671_s_at,LOC100509457///HLA-DQA2///HLA-DQA1,100509457///3118///3117,LOC100509457///HLA-DQA2///HLA-DQA1,100509457///3118///3117
208332_at,LOC100509646///PRY2///PRY,100509646///442862///9081,LOC100509646///PRY2///PRY,100509646///442862///9081
215189_at,LOC100509764///KRT86,100509764///3892,LOC100509764///KRT86,100509764///3892
216400_at,LOC100510710///GBAP1,100510710///2630,LOC100510710///GBAP1,100510710///2630
218378_s_at,LOC100630923///LOC100289561///PRKRIP1,100630923///100289561///79706,LOC100630923///LOC100289561///PRKRIP1,100630923///100289561///79706
207222_at,LOC100652777///PLA2G10,100652777///8399,LOC100652777///PLA2G10,100652777///8399
218821_at,LOC100652930///STX16-NPEPL1///NPEPL1,100652930///100534593///79716,LOC100652930///STX16-NPEPL1///NPEPL1,100652930///100534593///79716
218822_s_at,LOC100652930///STX16-NPEPL1///NPEPL1,100652930///100534593///79716,LOC100652930///STX16-NPEPL1///NPEPL1,100652930///100534593///79716
216544_at,LOC100652931///RBMY2FP,100652931///159162,LOC100652931///RBMY2FP,100652931///159162
206969_at,LOC100653049///KRT34,100653049///3885,LOC100653049///KRT34,100653049///3885
209616_s_at,LOC100653057///CES1,100653057///1066,LOC100653057///CES1,100653057///1066
220837_at,LOC100996325,100996325,LOC100996325,100996325
207548_at,LOC100996542///GRM7,100996542///2917,LOC100996542///GRM7,100996542///2917
217008_s_at,LOC100996542///GRM7,100996542///2917,LOC100996542///GRM7,100996542///2917
205265_s_at,LOC100996693///SPEG,100996693///10290,LOC100996693///SPEG,100996693///10290
201064_s_at,LOC100996696///PABPC4,100996696///8761,LOC100996696///PABPC4,100996696///8761
222315_at,LOC100996756,100996756,LOC100996756,100996756
219730_at,LOC100996782///MED18,100996782///54797,LOC100996782///MED18,100996782///54797
221650_s_at,LOC100996782///MED18,100996782///54797,LOC100996782///MED18,100996782///54797
207667_s_at,LOC100996792///MAP2K3,100996792///5606,LOC100996792///MAP2K3,100996792///5606
215498_s_at,LOC100996792///MAP2K3,100996792///5606,LOC100996792///MAP2K3,100996792///5606
215499_at,LOC100996792///MAP2K3,100996792///5606,LOC100996792///MAP2K3,100996792///5606
204670_x_at,LOC100996809///HLA-DRB4///HLA-DRB1,100996809///3126///3123,LOC100996809///HLA-DRB4///HLA-DRB1,100996809///3126///3123
208566_at,LOC100996843,100996843,LOC100996843,100996843
207110_at,LOC100996843///KCNJ18///KCNJ12,100996843///100134444///3768,LOC100996843///KCNJ18///KCNJ12,100996843///100134444///3768
208567_s_at,LOC100996843///KCNJ18///KCNJ12,100996843///100134444///3768,LOC100996843///KCNJ18///KCNJ12,100996843///100134444///3768
207979_s_at,LOC100996919///CD8B,100996919///926,LOC100996919///CD8B,100996919///926
215332_s_at,LOC100996919///CD8B,100996919///926,LOC100996919///CD8B,100996919///926
206810_at,LOC101060181///ZNF44,101060181///51710,LOC101060181///ZNF44,101060181///51710
215359_x_at,LOC101060181///ZNF44,101060181///51710,LOC101060181///ZNF44,101060181///51710
211996_s_at,LOC101060275///NPIPA5///NPIPB5///NPIPB11///LOC613037///NPIPB4///NPIPB3,101060275///100288332///100132247///728888///613037///440345///23117,LOC101060275///NPIPA5///NPIPB5///NPIPB11///LOC613037///NPIPB4///NPIPB3,101060275///100288332///100132247///728888///613037///440345///23117
201293_x_at,LOC101060363///PPIA,101060363///5478,LOC101060363///PPIA,101060363///5478
211378_x_at,LOC101060363///PPIA,101060363///5478,LOC101060363///PPIA,101060363///5478
211978_x_at,LOC101060363///PPIA,101060363///5478,LOC101060363///PPIA,101060363///5478
212661_x_at,LOC101060363///PPIA,101060363///5478,LOC101060363///PPIA,101060363///5478
217602_at,LOC101060363///PPIA,101060363///5478,LOC101060363///PPIA,101060363///5478
217225_x_at,LOC101060373///NOMO3///NOMO2///NOMO1,101060373///408050///283820///23420,LOC101060373///NOMO3///NOMO2///NOMO1,101060373///408050///283820///23420
221853_s_at,LOC101060373///NOMO3///NOMO2///NOMO1,101060373///408050///283820///23420,LOC101060373///NOMO3///NOMO2///NOMO1,101060373///408050///283820///23420
210057_at,LOC101060386///BOLA2///SMG1,101060386///552900///23049,LOC101060386///BOLA2///SMG1,101060386///552900///23049
209501_at,LOC101060399///CDR2,101060399///1039,LOC101060399///CDR2,101060399///1039
218016_s_at,LOC101060521///POLR3E,101060521///55718,LOC101060521///POLR3E,101060521///55718
221971_x_at,LOC101060581///AGAP5///AGAP9///AGAP12P///BMS1P5///AGAP11///AGAP4,101060581///729092///642517///414224///399761///119385///119016,LOC101060581///AGAP5///AGAP9///AGAP12P///BMS1P5///AGAP11///AGAP4,101060581///729092///642517///414224///399761///119385///119016
221850_x_at,LOC101060581///AGAP7P///AGAP12P///AGAP6///AGAP11///AGAP4,101060581///653268///414224///414189///119385///119016,LOC101060581///AGAP7P///AGAP12P///AGAP6///AGAP11///AGAP4,101060581///653268///414224///414189///119385///119016
214984_at,LOC101060604///SMG1P3///SLC7A5P1,101060604///100271836///81893,LOC101060604///SMG1P3///SLC7A5P1,101060604///100271836///81893
208118_x_at,LOC101060604///SMG1P3///SLC7A5P2///SLC7A5P1,101060604///100271836///387254///81893,LOC101060604///SMG1P3///SLC7A5P2///SLC7A5P1,101060604///100271836///387254///81893
204524_at,LOC101060747///PDPK1,101060747///5170,LOC101060747///PDPK1,101060747///5170
32029_at,LOC101060747///PDPK1,101060747///5170,LOC101060747///PDPK1,101060747///5170
213129_s_at,LOC101060817///GCSH,101060817///2653,LOC101060817///GCSH,101060817///2653
213133_s_at,LOC101060817///GCSH,101060817///2653,LOC101060817///GCSH,101060817///2653
209823_x_at,LOC101060835///HLA-DQB1,101060835///3119,LOC101060835///HLA-DQB1,101060835///3119
211656_x_at,LOC101060835///HLA-DQB1,101060835///3119,LOC101060835///HLA-DQB1,101060835///3119
212998_x_at,LOC101060835///HLA-DQB1,101060835///3119,LOC101060835///HLA-DQB1,101060835///3119
212999_x_at,LOC101060835///HLA-DQB1,101060835///3119,LOC101060835///HLA-DQB1,101060835///3119
215193_x_at,LOC101060835///LOC100996809///HLA-DRB4///HLA-DRB3///HLA-DRB1///HLA-DQB1,101060835///100996809///3126///3125///3123///3119,LOC101060835///LOC100996809///HLA-DRB4///HLA-DRB3///HLA-DRB1///HLA-DQB1,101060835///100996809///3126///3125///3123///3119
209312_x_at,LOC101060835///LOC100996809///HLA-DRB5///HLA-DRB4///HLA-DRB1///HLA-DQB1,101060835///100996809///3127///3126///3123///3119,LOC101060835///LOC100996809///HLA-DRB5///HLA-DRB4///HLA-DRB1///HLA-DQB1,101060835///100996809///3127///3126///3123///3119
221491_x_at,LOC101060835///LOC100996809///HLA-DRB6///HLA-DRB5///HLA-DRB4///HLA-DRB3///HLA-DRB1///HLA-DQB1,101060835///100996809///3128///3127///3126///3125///3123///3119,LOC101060835///LOC100996809///HLA-DRB6///HLA-DRB5///HLA-DRB4///HLA-DRB3///HLA-DRB1///HLA-DQB1,101060835///100996809///3128///3127///3126///3125///3123///3119
215627_at,LOC101926913,101926913,LOC101926913,101926913
201278_at,LOC101926921///DAB2,101926921///1601,LOC101926921///DAB2,101926921///1601
201279_s_at,LOC101926921///DAB2,101926921///1601,LOC101926921///DAB2,101926921///1601
201280_s_at,LOC101926921///DAB2,101926921///1601,LOC101926921///DAB2,101926921///1601
210757_x_at,LOC101926921///DAB2,101926921///1601,LOC101926921///DAB2,101926921///1601
216771_at,LOC101926997,101926997,LOC101926997,101926997
216772_at,LOC101926997,101926997,LOC101926997,101926997
215799_at,LOC101927051,101927051,LOC101927051,101927051
207093_s_at,LOC101927057///OMG,101927057///4974,LOC101927057///OMG,101927057///4974
216489_at,LOC101927086,101927086,LOC101927086,101927086
214432_at,LOC101927137///ATP1A3,101927137///478,LOC101927137///ATP1A3,101927137///478
200910_at,LOC101927137///CCT3,101927137///7203,LOC101927137///CCT3,101927137///7203
214796_at,LOC101927137///KIAA1456,101927137///57604,LOC101927137///KIAA1456,101927137///57604
206833_s_at,LOC101927144///ACYP2,101927144///98,LOC101927144///ACYP2,101927144///98
201527_at,LOC101927180///ATP6V1F,101927180///9296,LOC101927180///ATP6V1F,101927180///9296
216455_at,LOC101927181,101927181,LOC101927181,101927181
216460_at,LOC101927181,101927181,LOC101927181,101927181
220744_s_at,LOC101927266///IFT122,101927266///55764,LOC101927266///IFT122,101927266///55764
204486_at,LOC101927338///KCNQ1OT1,101927338///10984,LOC101927338///KCNQ1OT1,101927338///10984
216619_at,LOC101927446///GTPBP10,101927446///85865,LOC101927446///GTPBP10,101927446///85865
220687_at,LOC101927550,101927550,LOC101927550,101927550
206374_at,LOC101927562///DUSP8,101927562///1850,LOC101927562///DUSP8,101927562///1850
215060_at,LOC101927610,101927610,LOC101927610,101927610
201245_s_at,LOC101927673///OTUB1,101927673///55611,LOC101927673///OTUB1,101927673///55611
201246_s_at,LOC101927673///OTUB1,101927673///55611,LOC101927673///OTUB1,101927673///55611
38710_at,LOC101927673///OTUB1,101927673///55611,LOC101927673///OTUB1,101927673///55611
202733_at,LOC101927705///P4HA2,101927705///8974,LOC101927705///P4HA2,101927705///8974
200944_s_at,LOC101927733///HMGN1,101927733///3150,LOC101927733///HMGN1,101927733///3150
215861_at,LOC101927770,101927770,LOC101927770,101927770
217443_at,LOC101927792,101927792,LOC101927792,101927792
221945_at,LOC101927826///FBXO41,101927826///150726,LOC101927826///FBXO41,101927826///150726
44040_at,LOC101927826///FBXO41,101927826///150726,LOC101927826///FBXO41,101927826///150726
208129_x_at,LOC101928269///LOC100506403///RUNX1,101928269///100506403///861,LOC101928269///LOC100506403///RUNX1,101928269///100506403///861
209359_x_at,LOC101928269///LOC100506403///RUNX1,101928269///100506403///861,LOC101928269///LOC100506403///RUNX1,101928269///100506403///861
209360_s_at,LOC101928269///LOC100506403///RUNX1,101928269///100506403///861,LOC101928269///LOC100506403///RUNX1,101928269///100506403///861
210365_at,LOC101928269///LOC100506403///RUNX1,101928269///100506403///861,LOC101928269///LOC100506403///RUNX1,101928269///100506403///861
210805_x_at,LOC101928269///LOC100506403///RUNX1,101928269///100506403///861,LOC101928269///LOC100506403///RUNX1,101928269///100506403///861
211179_at,LOC101928269///LOC100506403///RUNX1,101928269///100506403///861,LOC101928269///LOC100506403///RUNX1,101928269///100506403///861
211180_x_at,LOC101928269///LOC100506403///RUNX1,101928269///100506403///861,LOC101928269///LOC100506403///RUNX1,101928269///100506403///861
211181_x_at,LOC101928269///LOC100506403///RUNX1,101928269///100506403///861,LOC101928269///LOC100506403///RUNX1,101928269///100506403///861
211182_x_at,LOC101928269///LOC100506403///RUNX1,101928269///100506403///861,LOC101928269///LOC100506403///RUNX1,101928269///100506403///861
211620_x_at,LOC101928269///LOC100506403///RUNX1,101928269///100506403///861,LOC101928269///LOC100506403///RUNX1,101928269///100506403///861
217263_x_at,LOC101928269///LOC100506403///RUNX1,101928269///100506403///861,LOC101928269///LOC100506403///RUNX1,101928269///100506403///861
220137_at,LOC101928274///VSIG10,101928274///54621,LOC101928274///VSIG10,101928274///54621
217439_at,LOC101928278,101928278,LOC101928278,101928278
218870_at,LOC101928361///ARHGAP15,101928361///55843,LOC101928361///ARHGAP15,101928361///55843
217034_at,LOC101928457,101928457,LOC101928457,101928457
217151_at,LOC101928457,101928457,LOC101928457,101928457
221337_s_at,LOC101928551///ADAM29,101928551///11086,LOC101928551///ADAM29,101928551///11086
220486_x_at,LOC101928589///TMEM164,101928589///84187,LOC101928589///TMEM164,101928589///84187
218618_s_at,LOC101928615///FNDC3B,101928615///64778,LOC101928615///FNDC3B,101928615///64778
202042_at,LOC101928623///HARS,101928623///3035,LOC101928623///HARS,101928623///3035
209362_at,LOC101928625///MED21,101928625///9412,LOC101928625///MED21,101928625///9412
209363_s_at,LOC101928625///MED21,101928625///9412,LOC101928625///MED21,101928625///9412
201530_x_at,LOC101928634///SENP3-EIF4A1///SNORD10///SNORA48///SNORA67///EIF4A1,101928634///100533955///652966///652965///26781///1973,LOC101928634///SENP3-EIF4A1///SNORD10///SNORA48///SNORA67///EIF4A1,101928634///100533955///652966///652965///26781///1973
211787_s_at,LOC101928634///SENP3-EIF4A1///SNORD10///SNORA48///SNORA67///EIF4A1,101928634///100533955///652966///652965///26781///1973,LOC101928634///SENP3-EIF4A1///SNORD10///SNORA48///SNORA67///EIF4A1,101928634///100533955///652966///652965///26781///1973
203507_at,LOC101928634///SNORA67///CD68,101928634///26781///968,LOC101928634///SNORA67///CD68,101928634///26781///968
207016_s_at,LOC101928635///ALDH1A2,101928635///8854,LOC101928635///ALDH1A2,101928635///8854
215625_at,LOC101928669///LOC644450,101928669///644450,LOC101928669///LOC644450,101928669///644450
220476_s_at,LOC101928718///FAM212B,101928718///55924,LOC101928718///FAM212B,101928718///55924
213762_x_at,LOC101928747///RBMX///SNORD61,101928747///27316///26787,LOC101928747///RBMX///SNORD61,101928747///27316///26787
211943_x_at,LOC101928826///TPT1,101928826///7178,LOC101928826///TPT1,101928826///7178
212284_x_at,LOC101928826///TPT1,101928826///7178,LOC101928826///TPT1,101928826///7178
212869_x_at,LOC101928826///TPT1,101928826///7178,LOC101928826///TPT1,101928826///7178
214327_x_at,LOC101928826///TPT1,101928826///7178,LOC101928826///TPT1,101928826///7178
216520_s_at,LOC101928826///TPT1,101928826///7178,LOC101928826///TPT1,101928826///7178
208771_s_at,LOC101928830///LTA4H,101928830///4048,LOC101928830///LTA4H,101928830///4048
202237_at,LOC101928916///NNMT,101928916///4837,LOC101928916///NNMT,101928916///4837
202238_s_at,LOC101928916///NNMT,101928916///4837,LOC101928916///NNMT,101928916///4837
205719_s_at,LOC101929036///PAH,101929036///5053,LOC101929036///PAH,101929036///5053
209986_at,LOC101929036///PAH,101929036///5053,LOC101929036///PAH,101929036///5053
217583_at,LOC101929036///PAH,101929036///5053,LOC101929036///PAH,101929036///5053
216830_at,LOC101929047///HERC2P10///HERC2,101929047///390561///8924,LOC101929047///HERC2P10///HERC2,101929047///390561///8924
210921_at,LOC101929078,101929078,LOC101929078,101929078
208738_x_at,LOC101929087///SUMO2///SUMO3,101929087///6613///6612,LOC101929087///SUMO2///SUMO3,101929087///6613///6612
208739_x_at,LOC101929087///SUMO2///SUMO3,101929087///6613///6612,LOC101929087///SUMO2///SUMO3,101929087///6613///6612
213881_x_at,LOC101929087///SUMO2///SUMO3,101929087///6613///6612,LOC101929087///SUMO2///SUMO3,101929087///6613///6612
220546_at,LOC101929115///KMT2A,101929115///4297,LOC101929115///KMT2A,101929115///4297
206183_s_at,LOC101929134///HERC3,101929134///8916,LOC101929134///HERC3,101929134///8916
216664_at,LOC101929148,101929148,LOC101929148,101929148
216665_s_at,LOC101929148,101929148,LOC101929148,101929148
215597_x_at,LOC101929165,101929165,LOC101929165,101929165
222281_s_at,LOC101929219///LOC100505650///C1orf186,101929219///100505650///440712,LOC101929219///LOC100505650///C1orf186,101929219///100505650///440712
222334_at,LOC101929219///LOC100505650///C1orf186,101929219///100505650///440712,LOC101929219///LOC100505650///C1orf186,101929219///100505650///440712
217520_x_at,LOC101929232///PDCD6IPP2,101929232///646278,LOC101929232///PDCD6IPP2,101929232///646278
200058_s_at,LOC101929240///SNRNP200,101929240///23020,LOC101929240///SNRNP200,101929240///23020
214982_at,LOC101929240///SNRNP200,101929240///23020,LOC101929240///SNRNP200,101929240///23020
217114_at,LOC101929240///SNRNP200,101929240///23020,LOC101929240///SNRNP200,101929240///23020
215565_at,LOC101929272,101929272,LOC101929272,101929272
218150_at,LOC101929356///ARL5A,101929356///26225,LOC101929356///ARL5A,101929356///26225
200709_at,LOC101929368///FKBP1A,101929368///2280,LOC101929368///FKBP1A,101929368///2280
210186_s_at,LOC101929368///FKBP1A,101929368///2280,LOC101929368///FKBP1A,101929368///2280
210187_at,LOC101929368///FKBP1A,101929368///2280,LOC101929368///FKBP1A,101929368///2280
214119_s_at,LOC101929368///FKBP1A,101929368///2280,LOC101929368///FKBP1A,101929368///2280
220602_s_at,LOC101929479///LOC727751///LOC642423///GOLGA2P7///GOLGA2P10,101929479///727751///642423///388152///80154,LOC101929479///LOC727751///LOC642423///GOLGA2P7///GOLGA2P10,101929479///727751///642423///388152///80154
202551_s_at,LOC101929500///CRIM1,101929500///51232,LOC101929500///CRIM1,101929500///51232
202552_s_at,LOC101929500///CRIM1,101929500///51232,LOC101929500///CRIM1,101929500///51232
211050_x_at,LOC101929540///LOC101928670///LOC101928344///LOC100996442///LOC100288069///LOC100134822,101929540///101928670///101928344///100996442///100288069///100134822,LOC101929540///LOC101928670///LOC101928344///LOC100996442///LOC100288069///LOC100134822,101929540///101928670///101928344///100996442///100288069///100134822
217030_at,LOC101929550,101929550,LOC101929550,101929550
216128_at,LOC101929597///TBCD,101929597///6904,LOC101929597///TBCD,101929597///6904
222278_at,LOC101929726,101929726,LOC101929726,101929726
214878_at,LOC101929740///ZNF37A,101929740///7587,LOC101929740///ZNF37A,101929740///7587
221455_s_at,LOC101929777///WNT3,101929777///7473,LOC101929777///WNT3,101929777///7473
207498_s_at,LOC101929829///CYP2D6///CYP2D7,101929829///1565///1564,LOC101929829///CYP2D6///CYP2D7,101929829///1565///1564
217753_s_at,LOC101929876///LOC100996747///RPS26P11///RPS26,101929876///100996747///441502///6231,LOC101929876///LOC100996747///RPS26P11///RPS26,101929876///100996747///441502///6231
221501_x_at,LOC101930075///NPIPA8///NPIPA7///NPIPA5///NPIPA2///NPIPA3///PKD1P1///NPIPA1,101930075///101059953///101059938///100288332///642799///642778///339044///9284,LOC101930075///NPIPA8///NPIPA7///NPIPA5///NPIPA2///NPIPA3///PKD1P1///NPIPA1,101930075///101059953///101059938///100288332///642799///642778///339044///9284
202327_s_at,LOC101930075///PKD1,101930075///5310,LOC101930075///PKD1,101930075///5310
202328_s_at,LOC101930075///PKD1,101930075///5310,LOC101930075///PKD1,101930075///5310
216949_s_at,LOC101930075///PKD1,101930075///5310,LOC101930075///PKD1,101930075///5310
202104_s_at,LOC101930112///SPG7,101930112///6687,LOC101930112///SPG7,101930112///6687
214494_s_at,LOC101930112///SPG7,101930112///6687,LOC101930112///SPG7,101930112///6687
206955_at,LOC101930168///LOC100509620///AQP7,101930168///100509620///364,LOC101930168///LOC100509620///AQP7,101930168///100509620///364
220534_at,LOC101930235///TRIM49D2///TRIM49D1///TRIM48,101930235///729384///399939///79097,LOC101930235///TRIM49D2///TRIM49D1///TRIM48,101930235///729384///399939///79097
205109_s_at,LOC101930241///ARHGEF4,101930241///50649,LOC101930241///ARHGEF4,101930241///50649
211891_s_at,LOC101930241///ARHGEF4,101930241///50649,LOC101930241///ARHGEF4,101930241///50649
208480_s_at,LOC101930322///ABCC6,101930322///368,LOC101930322///ABCC6,101930322///368
215559_at,LOC101930322///ABCC6,101930322///368,LOC101930322///ABCC6,101930322///368
214033_at,LOC101930322///ABCC6P2///ABCC6P1///ABCC6,101930322///730013///653190///368,LOC101930322///ABCC6P2///ABCC6P1///ABCC6,101930322///730013///653190///368
202395_at,LOC101930324///NSF,101930324///4905,LOC101930324///NSF,101930324///4905
217588_at,LOC101930343///CATSPER2P1///CATSPER2,101930343///440278///117155,LOC101930343///CATSPER2P1///CATSPER2,101930343///440278///117155
210123_s_at,LOC101930361///LOC101929970///CHRFAM7A///CHRNA7,101930361///101929970///89832///1139,LOC101930361///LOC101929970///CHRFAM7A///CHRNA7,101930361///101929970///89832///1139
214945_at,LOC101930363///LOC101928349///LOC100507387///FAM153C///FAM153A///FAM153B,101930363///101928349///100507387///653316///285596///202134,LOC101930363///LOC101928349///LOC100507387///FAM153C///FAM153A///FAM153B,101930363///101928349///100507387///653316///285596///202134
220098_at,LOC101930373///HYDIN2///HYDIN,101930373///100288805///54768,LOC101930373///HYDIN2///HYDIN,101930373///100288805///54768
207545_s_at,LOC101930388///LOC101928143///NUMB,101930388///101928143///8650,LOC101930388///LOC101928143///NUMB,101930388///101928143///8650
209073_s_at,LOC101930388///LOC101928143///NUMB,101930388///101928143///8650,LOC101930388///LOC101928143///NUMB,101930388///101928143///8650
209699_x_at,LOC101930400///AKR1C2,101930400///1646,LOC101930400///AKR1C2,101930400///1646
211653_x_at,LOC101930400///AKR1C2,101930400///1646,LOC101930400///AKR1C2,101930400///1646
213447_at,LOC101930404///SNORD116-28///SNORD115-26///SNORD115-13///SNORD115-7///SNORD116-22///SNORD116-4///PWARSN///SNORD107///SNRPN///IPW,101930404///100033820///100033802///100033450///100033444///100033433///100033416///347746///91380///6638///3653,LOC101930404///SNORD116-28///SNORD115-26///SNORD115-13///SNORD115-7///SNORD116-22///SNORD116-4///PWARSN///SNORD107///SNRPN///IPW,101930404///100033820///100033802///100033450///100033444///100033433///100033416///347746///91380///6638///3653
221974_at,LOC101930404///SNORD116-28///SNORD115-26///SNORD115-13///SNORD115-7///SNORD116-22///SNORD116-4///PWARSN///SNORD107///SNRPN///IPW,101930404///100033820///100033802///100033450///100033444///100033433///100033416///347746///91380///6638///3653,LOC101930404///SNORD116-28///SNORD115-26///SNORD115-13///SNORD115-7///SNORD116-22///SNORD116-4///PWARSN///SNORD107///SNRPN///IPW,101930404///100033820///100033802///100033450///100033444///100033433///100033416///347746///91380///6638///3653
216850_at,LOC101930404///SNORD116-28///SNORD115-26///SNORD115-13///SNORD115-7///SNORD116-22///SNORD116-4///PWARSN///SNORD107///SNURF///SNRPN///IPW,101930404///100033820///100033802///100033450///100033444///100033433///100033416///347746///91380///8926///6638///3653,LOC101930404///SNORD116-28///SNORD115-26///SNORD115-13///SNORD115-7///SNORD116-22///SNORD116-4///PWARSN///SNORD107///SNURF///SNRPN///IPW,101930404///100033820///100033802///100033450///100033444///100033433///100033416///347746///91380///8926///6638///3653
217239_x_at,LOC101930405,101930405,LOC101930405,101930405
217369_at,LOC101930405///IGHG1,101930405///3500,LOC101930405///IGHG1,101930405///3500
211751_at,LOC101930416///LOC101929792///LOC100996724///LOC653513///PDE4DIP,101930416///101929792///100996724///653513///9659,LOC101930416///LOC101929792///LOC100996724///LOC653513///PDE4DIP,101930416///101929792///100996724///653513///9659
212390_at,LOC101930416///LOC101929792///LOC100996724///PDE4DIP,101930416///101929792///100996724///9659,LOC101930416///LOC101929792///LOC100996724///PDE4DIP,101930416///101929792///100996724///9659
212392_s_at,LOC101930416///LOC101929792///LOC100996724///PDE4DIP,101930416///101929792///100996724///9659,LOC101930416///LOC101929792///LOC100996724///PDE4DIP,101930416///101929792///100996724///9659
213388_at,LOC101930416///LOC101929792///LOC100996724///PDE4DIP,101930416///101929792///100996724///9659,LOC101930416///LOC101929792///LOC100996724///PDE4DIP,101930416///101929792///100996724///9659
214099_s_at,LOC101930416///LOC101929792///LOC100996724///PDE4DIP,101930416///101929792///100996724///9659,LOC101930416///LOC101929792///LOC100996724///PDE4DIP,101930416///101929792///100996724///9659
214129_at,LOC101930416///LOC101929792///LOC100996724///PDE4DIP,101930416///101929792///100996724///9659,LOC101930416///LOC101929792///LOC100996724///PDE4DIP,101930416///101929792///100996724///9659
214130_s_at,LOC101930416///LOC101929792///LOC100996724///PDE4DIP,101930416///101929792///100996724///9659,LOC101930416///LOC101929792///LOC100996724///PDE4DIP,101930416///101929792///100996724///9659
215847_at,LOC101930458///HERC2P3,101930458///283755,LOC101930458///HERC2P3,101930458///283755
204145_at,LOC101930531///LOC101930278///FRG1CP///FRG1,101930531///101930278///100289097///2483,LOC101930531///LOC101930278///FRG1CP///FRG1,101930531///101930278///100289097///2483
219477_s_at,LOC101930578///MRPS31P5///THSD1,101930578///100887750///55901,LOC101930578///MRPS31P5///THSD1,101930578///100887750///55901
210424_s_at,LOC101930583///GOLGA8B///GOLGA8A,101930583///440270///23015,LOC101930583///GOLGA8B///GOLGA8A,101930583///440270///23015
210425_x_at,LOC101930583///GOLGA8B///GOLGA8A,101930583///440270///23015,LOC101930583///GOLGA8B///GOLGA8A,101930583///440270///23015
213650_at,LOC101930583///GOLGA8B///GOLGA8A,101930583///440270///23015,LOC101930583///GOLGA8B///GOLGA8A,101930583///440270///23015
212370_x_at,LOC101930591///FAM21A///FAM21C,101930591///387680///253725,LOC101930591///FAM21A///FAM21C,101930591///387680///253725
212929_s_at,LOC101930591///FAM21A///FAM21C,101930591///387680///253725,LOC101930591///FAM21A///FAM21C,101930591///387680///253725
214946_x_at,LOC101930591///FAM21A///FAM21C,101930591///387680///253725,LOC101930591///FAM21A///FAM21C,101930591///387680///253725
211068_x_at,LOC101930591///FAM21C,101930591///253725,LOC101930591///FAM21C,101930591///253725
208409_at,LOC101930602///SLC14A2,101930602///8170,LOC101930602///SLC14A2,101930602///8170
211636_at,LOC102723407///IGHV4-31///IGHM///IGHG4///IGHG1///IGHA2///IGHA1,102723407///28396///3507///3503///3500///3494///3493,LOC102723407///IGHV4-31///IGHM///IGHG4///IGHG1///IGHA2///IGHA1,102723407///28396///3507///3503///3500///3494///3493
217217_at,LOC102723407///IGHV4-31///IGHM///IGHG4///IGHG1///IGHA2///IGHA1,102723407///28396///3507///3503///3500///3494///3493,LOC102723407///IGHV4-31///IGHM///IGHG4///IGHG1///IGHA2///IGHA1,102723407///28396///3507///3503///3500///3494///3493
217260_x_at,LOC102723479,102723479,LOC102723479,102723479
221639_x_at,LOC102723559,102723559,LOC102723559,102723559
216499_at,LOC102723620,102723620,LOC102723620,102723620
213212_x_at,LOC102724093///GOLGA6L4///GOLGA6L9///GOLGA6L5P,102724093///643707///440295///374650,LOC102724093///GOLGA6L4///GOLGA6L9///GOLGA6L5P,102724093///643707///440295///374650
215603_x_at,LOC102724197///LOC100132705///GGT2///GGTLC1///GGTLC2///GGT3P///GGT1,102724197///100132705///728441///92086///91227///2679///2678,LOC102724197///LOC100132705///GGT2///GGTLC1///GGTLC2///GGT3P///GGT1,102724197///100132705///728441///92086///91227///2679///2678
208184_s_at,LOC102724200///TRAPPC10,102724200///7109,LOC102724200///TRAPPC10,102724200///7109
209412_at,LOC102724200///TRAPPC10,102724200///7109,LOC102724200///TRAPPC10,102724200///7109
212706_at,LOC102724229///RASA4B///RASA4,102724229///100271927///10156,LOC102724229///RASA4B///RASA4,102724229///100271927///10156
215434_x_at,LOC102724250///NBPF26///NBPF19///NBPF10///NBPF15///NBPF11///NBPF1///NBPF14,102724250///101060684///101060226///100132406///284565///200030///55672///25832,LOC102724250///NBPF26///NBPF19///NBPF10///NBPF15///NBPF11///NBPF1///NBPF14,102724250///101060684///101060226///100132406///284565///200030///55672///25832
209207_s_at,LOC102724364///LOC100996517///SEC22B,102724364///100996517///9554,LOC102724364///LOC100996517///SEC22B,102724364///100996517///9554
209206_at,LOC102724364///SEC22B,102724364///9554,LOC102724364///SEC22B,102724364///9554
213380_x_at,LOC102724562///MST1L///MST1P2///MST1,102724562///11223///11209///4485,LOC102724562///MST1L///MST1P2///MST1,102724562///11223///11209///4485
214203_s_at,LOC102724788///PRODH,102724788///5625,LOC102724788///PRODH,102724788///5625
212053_at,LOC102724985///PDXDC1,102724985///23042,LOC102724985///PDXDC1,102724985///23042
214870_x_at,LOC102724993///LOC101930075///NPIPA8///NPIPA7///NPIPA5///NPIPA2///NPIPA3///PKD1P1///NPIPA1,102724993///101930075///101059953///101059938///100288332///642799///642778///339044///9284,LOC102724993///LOC101930075///NPIPA8///NPIPA7///NPIPA5///NPIPA2///NPIPA3///PKD1P1///NPIPA1,102724993///101930075///101059953///101059938///100288332///642799///642778///339044///9284
216469_at,LOC102725136///LOC441666,102725136///441666,LOC102725136///LOC441666,102725136///441666
215133_s_at,LOC102725213///LOC100507387///FAM153A///FAM153B,102725213///100507387///285596///202134,LOC102725213///LOC100507387///FAM153A///FAM153B,102725213///100507387///285596///202134
59433_at,LOC102725263///LOC389906,102725263///389906,LOC102725263///LOC389906,102725263///389906
222020_s_at,LOC102725271///NTM,102725271///50863,LOC102725271///NTM,102725271///50863
215732_s_at,LOC102725292///DTX2,102725292///113878,LOC102725292///DTX2,102725292///113878
214570_x_at,LOC102725315///LOC102725072///LOC727983///POM121L10P///POM121L4P///POM121L8P///POM121L9P///POM121L1P,102725315///102725072///727983///646074///266697///29797///29774///25812,LOC102725315///LOC102725072///LOC727983///POM121L10P///POM121L4P///POM121L8P///POM121L9P///POM121L1P,102725315///102725072///727983///646074///266697///29797///29774///25812
211646_at,LOC102725526///IGHM///IGHG3///IGHG2///IGHG1///IGHA1///IGH,102725526///3507///3502///3501///3500///3493///3492,LOC102725526///IGHM///IGHG3///IGHG2///IGHG1///IGHA1///IGH,102725526///3507///3502///3501///3500///3493///3492
217281_x_at,LOC102725526///IGHV4-31///IGHM///IGHG3///IGHG2///IGHG1///IGHA2///IGHA1///IGH,102725526///28396///3507///3502///3501///3500///3494///3493///3492,LOC102725526///IGHV4-31///IGHM///IGHG3///IGHG2///IGHG1///IGHA2///IGHA1///IGH,102725526///28396///3507///3502///3501///3500///3494///3493///3492
213739_at,LOC103344931,103344931,LOC103344931,103344931
216108_at,LOC105373738,105373738,LOC105373738,105373738
216110_x_at,LOC105373738,105373738,LOC105373738,105373738
215298_at,LOC105377443,105377443,LOC105377443,105377443
216227_at,LOC105379655,105379655,LOC105379655,105379655
216229_x_at,LOC105379655,105379655,LOC105379655,105379655
216106_at,LOC145678,145678,LOC145678,145678
221213_s_at,LOC145783///ZNF280D,145783///54816,LOC145783///ZNF280D,145783///54816
205557_at,LOC149684///BPI,149684///671,LOC149684///BPI,149684///671
207856_s_at,LOC150776///SMPD4,150776///55627,LOC150776///SMPD4,150776///55627
213367_at,LOC155060,155060,LOC155060,155060
213776_at,LOC157562,157562,LOC157562,157562
216659_at,LOC1720,1720,LOC1720,1720
220609_at,LOC202181,202181,LOC202181,202181
216385_at,LOC220077,220077,LOC220077,220077
216386_at,LOC220077,220077,LOC220077,220077
210483_at,LOC254896///TNFRSF10C,254896///8794,LOC254896///TNFRSF10C,254896///8794
210484_s_at,LOC254896///TNFRSF10C,254896///8794,LOC254896///TNFRSF10C,254896///8794
215302_at,LOC257152,257152,LOC257152,257152
220797_at,LOC284009///METTL16,284009///79066,LOC284009///METTL16,284009///79066
213155_at,LOC339166///WSCD1,339166///23302,LOC339166///WSCD1,339166///23302
213157_s_at,LOC339166///WSCD1,339166///23302,LOC339166///WSCD1,339166///23302
222031_at,LOC389906,389906,LOC389906,389906
222196_at,LOC389906,389906,LOC389906,389906
202332_at,LOC400927-CSNK1E///CSNK1E,102800317///1454,LOC400927-CSNK1E///CSNK1E,102800317///1454
206601_s_at,LOC401021///HOXD4///HOXD3,401021///3233///3232,LOC401021///HOXD4///HOXD3,401021///3233///3232
206602_s_at,LOC401021///HOXD4///HOXD3,401021///3233///3232,LOC401021///HOXD4///HOXD3,401021///3233///3232
217076_s_at,LOC401021///HOXD4///HOXD3,401021///3233///3232,LOC401021///HOXD4///HOXD3,401021///3233///3232
205931_s_at,LOC401317///CREB5,401317///9586,LOC401317///CREB5,401317///9586
214107_x_at,LOC440434,440434,LOC440434,440434
215090_x_at,LOC440434,440434,LOC440434,440434
215678_at,LOC440792,440792,LOC440792,440792
215682_at,LOC440792,440792,LOC440792,440792
205787_x_at,LOC441155///ZC3H11A,441155///9877,LOC441155///ZC3H11A,441155///9877
205788_s_at,LOC441155///ZC3H11A,441155///9877,LOC441155///ZC3H11A,441155///9877
215297_at,LOC441204,441204,LOC441204,441204
214381_at,LOC441601,441601,LOC441601,441601
220752_at,LOC51145,51145,LOC51145,51145
215187_at,LOC55338,55338,LOC55338,55338
217335_at,LOC55338,55338,LOC55338,55338
217342_x_at,LOC55338,55338,LOC55338,55338
220828_s_at,LOC55338,55338,LOC55338,55338
220893_at,LOC57399,57399,LOC57399,57399
220730_at,LOC642533,642533,LOC642533,642533
213378_s_at,LOC642846///DDX12P///DDX11,642846///440081///1663,LOC642846///DDX12P///DDX11,642846///440081///1663
222044_at,LOC643549///PCIF1,643549///63935,LOC643549///PCIF1,643549///63935
208340_at,LOC643733,643733,LOC643733,643733
213013_at,LOC644172///MAPK8IP1,644172///9479,LOC644172///MAPK8IP1,644172///9479
215467_x_at,LOC647070,647070,LOC647070,647070
215468_at,LOC647070,647070,LOC647070,647070
214110_s_at,LOC654342///LOC645166,654342///645166,LOC654342///LOC645166,654342///645166
218380_at,LOC728392,728392,LOC728392,728392
220823_at,LOC729164,729164,LOC729164,729164
217453_at,LOC729815,729815,LOC729815,729815
206791_s_at,LOC729966///PDE4C,729966///5143,LOC729966///PDE4C,729966///5143
206792_x_at,LOC729966///PDE4C,729966///5143,LOC729966///PDE4C,729966///5143
211818_s_at,LOC729966///PDE4C,729966///5143,LOC729966///PDE4C,729966///5143
213248_at,LOC730101,730101,LOC730101,730101
218575_at,LOC730268///ANAPC1,730268///64682,LOC730268///ANAPC1,730268///64682
203742_s_at,LOC732360///TDG,732360///6996,LOC732360///TDG,732360///6996
220698_at,LOC79160,79160,LOC79160,79160
220849_at,LOC79999,79999,LOC79999,79999
208107_s_at,LOC81691,81691,LOC81691,81691
215215_s_at,LOC81691,81691,LOC81691,81691
209017_s_at,LONP1,9361,LONP1,9361
215322_at,LONRF1,91694,LONRF1,91694
220009_at,LONRF3,79836,LONRF3,79836
207720_at,LOR,4014,LOR,4014
204298_s_at,LOX,4015,LOX,4015
213640_s_at,LOX,4015,LOX,4015
215446_s_at,LOX,4015,LOX,4015
203570_at,LOXL1,4016,LOXL1,4016
202997_s_at,LOXL2,4017,LOXL2,4017
202998_s_at,LOXL2,4017,LOXL2,4017
202999_s_at,LOXL2,4017,LOXL2,4017
207584_at,LPA,4018,LPA,4018
207762_at,LPAL2,80350,LPAL2,80350
210909_x_at,LPAL2,80350,LPAL2,80350
204036_at,LPAR1,1902,LPAR1,1902
204037_at,LPAR1,1902,LPAR1,1902
204038_s_at,LPAR1,1902,LPAR1,1902
206722_s_at,LPAR2,9170,LPAR2,9170
206723_s_at,LPAR2,9170,LPAR2,9170
220816_at,LPAR3,23566,LPAR3,23566
206960_at,LPAR4,2846,LPAR4,2846
218589_at,LPAR6,10161,LPAR6,10161
201818_at,LPCAT1,79888,LPCAT1,79888
202793_at,LPCAT3,10162,LPCAT3,10162
213615_at,LPCAT3,10162,LPCAT3,10162
213078_x_at,LPCAT4,254531,LPCAT4,254531
215409_at,LPCAT4,254531,LPCAT4,254531
40472_at,LPCAT4,254531,LPCAT4,254531
202651_at,LPGAT1,9926,LPGAT1,9926
212272_at,LPIN1,23175,LPIN1,23175
212274_at,LPIN1,23175,LPIN1,23175
212276_at,LPIN1,23175,LPIN1,23175
202459_s_at,LPIN2,9663,LPIN2,9663
202460_s_at,LPIN2,9663,LPIN2,9663
203548_s_at,LPL,4023,LPL,4023
203549_s_at,LPL,4023,LPL,4023
210682_at,LPO,4025,LPO,4025
202821_s_at,LPP,4026,LPP,4026
202822_at,LPP,4026,LPP,4026
214902_x_at,LPP,4026,LPP,4026
216250_s_at,LPXN,9404,LPXN,9404
220317_at,LRAT,9227,LRAT,9227
212692_s_at,LRBA,987,LRBA,987
214109_at,LRBA,987,LRBA,987
214936_at,LRCH1,23143,LRCH1,23143
214739_at,LRCH3,84859,LRCH3,84859
221956_at,LRCH4,4034,LRCH4,4034
222017_x_at,LRCH4,4034,LRCH4,4034
90610_at,LRCH4,4034,LRCH4,4034
219346_at,LRFN3,79414,LRFN3,79414
219491_at,LRFN4,78999,LRFN4,78999
220235_s_at,LRIF1,55791,LRIF1,55791
211596_s_at,LRIG1,26018,LRIG1,26018
205953_at,LRIG2,9860,LRIG2,9860
211353_at,LRIT1,26103,LRIT1,26103
204674_at,LRMP,4033,LRMP,4033
35974_at,LRMP,4033,LRMP,4033
200784_s_at,LRP1,4035,LRP1,4035
200785_s_at,LRP1,4035,LRP1,4035
201412_at,LRP10,26020,LRP10,26020
219631_at,LRP12,29967,LRP12,29967
220253_s_at,LRP12,29967,LRP12,29967
220254_at,LRP12,29967,LRP12,29967
219643_at,LRP1B,53353,LRP1B,53353
205710_at,LRP2,4036,LRP2,4036
207797_s_at,LRP2BP,55805,LRP2BP,55805
204381_at,LRP3,4037,LRP3,4037
212850_s_at,LRP4,4038,LRP4,4038
209468_at,LRP5,4041,LRP5,4041
214873_at,LRP5L,91355,LRP5L,91355
205606_at,LRP6,4040,LRP6,4040
34697_at,LRP6,4040,LRP6,4040
205282_at,LRP8,7804,LRP8,7804
208433_s_at,LRP8,7804,LRP8,7804
201186_at,LRPAP1,4043,LRPAP1,4043
211615_s_at,LRPPRC,10128,LRPPRC,10128
211971_s_at,LRPPRC,10128,LRPPRC,10128
207790_at,LRRC1,55227,LRRC1,55227
218816_at,LRRC1,55227,LRRC1,55227
203495_at,LRRC14,9684,LRRC14,9684
32062_at,LRRC14,9684,LRRC14,9684
213909_at,LRRC15,131578,LRRC15,131578
205381_at,LRRC17,10234,LRRC17,10234
220376_at,LRRC19,64922,LRRC19,64922
219949_at,LRRC2,79442,LRRC2,79442
218550_s_at,LRRC20,55222,LRRC20,55222
206076_at,LRRC23,10233,LRRC23,10233
221017_s_at,LRRC3,81543,LRRC3,81543
220622_at,LRRC31,79782,LRRC31,79782
203835_at,LRRC32,2615,LRRC32,2615
220003_at,LRRC36,55282,LRRC36,55282
221740_x_at,LRRC37A2,474170,LRRC37A2,474170
220219_s_at,LRRC37A2///LRRC37A3///LRRC37A4P///LRRC37A,474170///374819///55073///9884,LRRC37A2///LRRC37A3///LRRC37A4P///LRRC37A,474170///374819///55073///9884
220220_at,LRRC37A2///LRRC37A4P,474170///55073,LRRC37A2///LRRC37A4P,474170///55073
206088_at,LRRC37A3,374819,LRRC37A3,374819
216149_at,LRRC37BP1,147172,LRRC37BP1,147172
215063_x_at,LRRC40,55631,LRRC40,55631
218577_at,LRRC40,55631,LRRC40,55631
201932_at,LRRC41,10489,LRRC41,10489
215765_at,LRRC41,10489,LRRC41,10489
215084_s_at,LRRC42,115353,LRRC42,115353
212904_at,LRRC47,57470,LRRC47,57470
219338_s_at,LRRC49,54839,LRRC49,54839
222231_s_at,LRRC59,55379,LRRC59,55379
206483_at,LRRC6,23639,LRRC6,23639
218907_s_at,LRRC61,65999,LRRC61,65999
217668_at,LRRC75B,388886,LRRC75B,388886
212976_at,LRRC8B,23507,LRRC8B,23507
212978_at,LRRC8B,23507,LRRC8B,23507
218684_at,LRRC8D,55144,LRRC8D,55144
220174_at,LRRC8E,80131,LRRC8E,80131
202314_at,LRRD1///CYP51A1,401387///1595,LRRD1///CYP51A1,401387///1595
216607_s_at,LRRD1///CYP51A1,401387///1595,LRRD1///CYP51A1,401387///1595
201861_s_at,LRRFIP1,9208,LRRFIP1,9208
201862_s_at,LRRFIP1,9208,LRRFIP1,9208
211452_x_at,LRRFIP1,9208,LRRFIP1,9208
215375_x_at,LRRFIP1,9208,LRRFIP1,9208
218364_at,LRRFIP2,9209,LRRFIP2,9209
220610_s_at,LRRFIP2,9209,LRRFIP2,9209
219441_s_at,LRRK1,79705,LRRK1,79705
205154_at,LRRN2,10446,LRRN2,10446
216164_at,LRRN2,10446,LRRN2,10446
216167_at,LRRN2,10446,LRRN2,10446
209840_s_at,LRRN3,54674,LRRN3,54674
209841_s_at,LRRN3,54674,LRRN3,54674
206408_at,LRRTM2,26045,LRRTM2,26045
220345_at,LRRTM4,80059,LRRTM4,80059
221612_at,LRTM1,57408,LRTM1,57408
91580_at,LRTM1,57408,LRTM1,57408
214460_at,LSAMP,4045,LSAMP,4045
221535_at,LSG1,55341,LSG1,55341
221536_s_at,LSG1,55341,LSG1,55341
203534_at,LSM1,27257,LSM1,27257
212529_at,LSM12,124801,LSM12,124801
212532_s_at,LSM12,124801,LSM12,124801
212131_at,LSM14A,26065,LSM14A,26065
212132_at,LSM14A,26065,LSM14A,26065
222099_s_at,LSM14A,26065,LSM14A,26065
219653_at,LSM14B,149986,LSM14B,149986
209449_at,LSM2,57819,LSM2,57819
202209_at,LSM3,27258,LSM3,27258
202736_s_at,LSM4,25804,LSM4,25804
202737_s_at,LSM4,25804,LSM4,25804
212924_s_at,LSM4,25804,LSM4,25804
202903_at,LSM5,23658,LSM5,23658
202904_s_at,LSM5,23658,LSM5,23658
211747_s_at,LSM5,23658,LSM5,23658
205036_at,LSM6,11157,LSM6,11157
204559_s_at,LSM7,51690,LSM7,51690
219119_at,LSM8,51691,LSM8,51691
203523_at,LSP1,4046,LSP1,4046
208190_s_at,LSR,51599,LSR,51599
202245_at,LSS,4047,LSS,4047
211018_at,LSS,4047,LSS,4047
211019_s_at,LSS,4047,LSS,4047
210629_x_at,LST1,7940,LST1,7940
211581_x_at,LST1,7940,LST1,7940
211582_x_at,LST1,7940,LST1,7940
214181_x_at,LST1,7940,LST1,7940
214574_x_at,LST1,7940,LST1,7940
215633_x_at,LST1,7940,LST1,7940
206975_at,LTA,4049,LTA,4049
207339_s_at,LTB,4050,LTB,4050
210128_s_at,LTB4R,1241,LTB4R,1241
216388_s_at,LTB4R,1241,LTB4R,1241
220130_x_at,LTB4R2,56413,LTB4R2,56413
202728_s_at,LTBP1,4052,LTBP1,4052
202729_s_at,LTBP1,4052,LTBP1,4052
204682_at,LTBP2,4053,LTBP2,4053
219922_s_at,LTBP3,4054,LTBP3,4054
204442_x_at,LTBP4,8425,LTBP4,8425
210628_x_at,LTBP4,8425,LTBP4,8425
213176_s_at,LTBP4,8425,LTBP4,8425
203005_at,LTBR,4055,LTBR,4055
206480_at,LTC4S,4056,LTC4S,4056
202018_s_at,LTF,4057,LTF,4057
207106_s_at,LTK,4058,LTK,4058
217184_s_at,LTK,4058,LTK,4058
215596_s_at,LTN1,26046,LTN1,26046
220143_x_at,LUC7L,55692,LUC7L,55692
203804_s_at,LUC7L3,51747,LUC7L3,51747
208835_s_at,LUC7L3,51747,LUC7L3,51747
220044_x_at,LUC7L3,51747,LUC7L3,51747
201744_s_at,LUM,4060,LUM,4060
215679_at,LUNAR1,104564224,LUNAR1,104564224
221831_at,LUZP1,7798,LUZP1,7798
221832_s_at,LUZP1,7798,LUZP1,7798
215323_at,LUZP2,338645,LUZP2,338645
220665_at,LUZP4,51213,LUZP4,51213
218729_at,LXN,56925,LXN,56925
206276_at,LY6D,8581,LY6D,8581
202145_at,LY6E,4061,LY6E,4061
219860_at,LY6G5C,80741,LY6G5C,80741
207114_at,LY6G6C,80740,LY6G6C,80740
221338_at,LY6G6E,79136,LY6G6E,79136
207457_s_at,LY6G6F///LY6G6D,259215///58530,LY6G6F///LY6G6D,259215///58530
206773_at,LY6H,4062,LY6H,4062
205668_at,LY75,4065,LY75,4065
203799_at,LY75-CD302///CD302///LY75,100526664///9936///4065,LY75-CD302///CD302///LY75,100526664///9936///4065
205859_at,LY86,9450,LY86,9450
210370_s_at,LY9,4063,LY9,4063
215967_s_at,LY9,4063,LY9,4063
206584_at,LY96,23643,LY96,23643
210044_s_at,LYL1,4066,LYL1,4066
202625_at,LYN,4067,LYN,4067
202626_s_at,LYN,4067,LYN,4067
210754_s_at,LYN,4067,LYN,4067
212909_at,LYPD1,116372,LYPD1,116372
204952_at,LYPD3,27076,LYPD3,27076
203007_x_at,LYPLA1,10434,LYPLA1,10434
212449_s_at,LYPLA1,10434,LYPLA1,10434
202292_x_at,LYPLA2,11313,LYPLA2,11313
215566_x_at,LYPLA2,11313,LYPLA2,11313
215568_x_at,LYPLA2,11313,LYPLA2,11313
216606_x_at,LYPLA2,11313,LYPLA2,11313
203897_at,LYRM1,57149,LYRM1,57149
221311_x_at,LYRM2,57226,LYRM2,57226
218561_s_at,LYRM4,57128,LYRM4,57128
213195_at,LYRM9,201229,LYRM9,201229
203518_at,LYST,1130,LYST,1130
210943_s_at,LYST,1130,LYST,1130
215415_s_at,LYST,1130,LYST,1130
219059_s_at,LYVE1,10894,LYVE1,10894
220037_s_at,LYVE1,10894,LYVE1,10894
213975_s_at,LYZ,4069,LYZ,4069
207343_at,LYZL6,57151,LYZL6,57151
218437_s_at,LZTFL1,54585,LZTFL1,54585
203412_at,LZTR1,8216,LZTR1,8216
219042_at,LZTS1,11178,LZTS1,11178
221719_s_at,LZTS1,11178,LZTS1,11178
221721_s_at,LZTS1,11178,LZTS1,11178
221722_x_at,LZTS1,11178,LZTS1,11178
222107_x_at,LZTS1,11178,LZTS1,11178
47550_at,LZTS1,11178,LZTS1,11178
204447_at,LZTS3,9762,LZTS3,9762
200900_s_at,M6PR,4074,M6PR,4074
200901_s_at,M6PR///PHC1,4074///1911,M6PR///PHC1,4074///1911
210302_s_at,MAB21L2,10586,MAB21L2,10586
210303_at,MAB21L2,10586,MAB21L2,10586
207358_x_at,MACF1,23499,MACF1,23499
208633_s_at,MACF1,23499,MACF1,23499
208634_s_at,MACF1,23499,MACF1,23499
214894_x_at,MACF1,23499,MACF1,23499
215222_x_at,MACF1,23499,MACF1,23499
219188_s_at,MACROD1,28992,MACROD1,28992
204857_at,MAD1L1,8379,MAD1L1,8379
203362_s_at,MAD2L1,4085,MAD2L1,4085
203094_at,MAD2L1BP,9587,MAD2L1BP,9587
208037_s_at,MADCAM1,8174,MADCAM1,8174
210252_s_at,MADD,8567,MADD,8567
38398_at,MADD,8567,MADD,8567
207922_s_at,MAEA,10296,MAEA,10296
206363_at,MAF,4094,MAF,4094
209347_s_at,MAF,4094,MAF,4094
209348_s_at,MAF,4094,MAF,4094
218559_s_at,MAFB,9935,MAFB,9935
205193_at,MAFF,23764,MAFF,23764
36711_at,MAFF,23764,MAFF,23764
204970_s_at,MAFG,4097,MAFG,4097
206750_at,MAFK,7975,MAFK,7975
216617_s_at,MAG,4099,MAG,4099
217447_at,MAG,4099,MAG,4099
207325_x_at,MAGEA1,4100,MAGEA1,4100
210295_at,MAGEA10,4109,MAGEA10,4109
214642_x_at,MAGEA10-MAGEA5///MAGEA5,100533997///4104,MAGEA10-MAGEA5///MAGEA5,100533997///4104
210503_at,MAGEA11,4110,MAGEA11,4110
210467_x_at,MAGEA12,4111,MAGEA12,4111
214603_at,MAGEA2B///MAGEA2,266740///4101,MAGEA2B///MAGEA2,266740///4101
214254_at,MAGEA4,4103,MAGEA4,4103
214612_x_at,MAGEA6,4105,MAGEA6,4105
209942_x_at,MAGEA6///MAGEA3,4105///4102,MAGEA6///MAGEA3,4105///4102
210274_at,MAGEA8,4107,MAGEA8,4107
210437_at,MAGEA9B///MAGEA9,728269///4108,MAGEA9B///MAGEA9,728269///4108
207534_at,MAGEB1,4112,MAGEB1,4112
206218_at,MAGEB2,4113,MAGEB2,4113
207579_at,MAGEB3,4114,MAGEB3,4114
207580_at,MAGEB4,4115,MAGEB4,4115
207581_s_at,MAGEB4,4115,MAGEB4,4115
206609_at,MAGEC1,9947,MAGEC1,9947
215932_at,MAGEC2,51438,MAGEC2,51438
220062_s_at,MAGEC2,51438,MAGEC2,51438
216592_at,MAGEC3,139081,MAGEC3,139081
209014_at,MAGED1,9500,MAGED1,9500
208682_s_at,MAGED2,10916,MAGED2,10916
213627_at,MAGED2,10916,MAGED2,10916
218176_at,MAGEF1,64110,MAGEF1,64110
218573_at,MAGEH1,28986,MAGEH1,28986
219894_at,MAGEL2,54551,MAGEL2,54551
206144_at,MAGI1,9223,MAGI1,9223
215372_x_at,MAGI1,9223,MAGI1,9223
222372_at,MAGI1,9223,MAGI1,9223
207702_s_at,MAGI2,9863,MAGI2,9863
209737_at,MAGI2,9863,MAGI2,9863
219965_s_at,MAGIX,79917,MAGIX,79917
217692_at,MAGOH2P,100506898,MAGOH2P,100506898
217693_x_at,MAGOH2P,100506898,MAGOH2P,100506898
218894_s_at,MAGOHB,55110,MAGOHB,55110
210092_at,MAGOHB///MAGOH,55110///4116,MAGOHB///MAGOH,55110///4116
210093_s_at,MAGOHB///MAGOH,55110///4116,MAGOHB///MAGOH,55110///4116
210596_at,MAGT1,84061,MAGT1,84061
221553_at,MAGT1,84061,MAGT1,84061
220302_at,MAK,4117,MAK,4117
211686_s_at,MAK16,84549,MAK16,84549
204777_s_at,MAL,4118,MAL,4118
209373_at,MALL,7851,MALL,7851
208309_s_at,MALT1,10892,MALT1,10892
210017_at,MALT1,10892,MALT1,10892
210018_x_at,MALT1,10892,MALT1,10892
202360_at,MAML1,9794,MAML1,9794
207946_at,MAML3,55534,MAML3,55534
205088_at,MAMLD1,10046,MAMLD1,10046
208116_s_at,MAN1A1,4121,MAN1A1,4121
221760_at,MAN1A1,4121,MAN1A1,4121
214242_at,MAN1A2,10905,MAN1A2,10905
217282_at,MAN1A2,10905,MAN1A2,10905
217920_at,MAN1A2,10905,MAN1A2,10905
217921_at,MAN1A2,10905,MAN1A2,10905
217922_at,MAN1A2,10905,MAN1A2,10905
218636_s_at,MAN1B1,11253,MAN1B1,11253
65884_at,MAN1B1,11253,MAN1B1,11253
214180_at,MAN1C1,57134,MAN1C1,57134
218918_at,MAN1C1,57134,MAN1C1,57134
205105_at,MAN2A1,4124,MAN2A1,4124
202032_s_at,MAN2A2,4122,MAN2A2,4122
219999_at,MAN2A2,4122,MAN2A2,4122
209166_s_at,MAN2B1,4125,MAN2B1,4125
214703_s_at,MAN2B2,23324,MAN2B2,23324
203668_at,MAN2C1,4123,MAN2C1,4123
203778_at,MANBA,4126,MANBA,4126
219003_s_at,MANEA,79694,MANEA,79694
202655_at,MANF,7873,MANF,7873
220945_x_at,MANSC1,54682,MANSC1,54682
204388_s_at,MAOA,4128,MAOA,4128
204389_at,MAOA,4128,MAOA,4128
212741_at,MAOA,4128,MAOA,4128
204041_at,MAOB,4129,MAOB,4129
203151_at,MAP1A,4130,MAP1A,4130
215384_s_at,MAP1A,4130,MAP1A,4130
215391_at,MAP1A,4130,MAP1A,4130
212233_at,MAP1B,4131,MAP1B,4131
214577_at,MAP1B,4131,MAP1B,4131
208785_s_at,MAP1LC3B,81631,MAP1LC3B,81631
208786_s_at,MAP1LC3B,81631,MAP1LC3B,81631
221697_at,MAP1LC3C,440738,MAP1LC3C,440738
218522_s_at,MAP1S,55201,MAP1S,55201
210015_s_at,MAP2,4133,MAP2,4133
202670_at,MAP2K1,5604,MAP2K1,5604
202424_at,MAP2K2,5605,MAP2K2,5605
213487_at,MAP2K2,5605,MAP2K2,5605
213490_s_at,MAP2K2,5605,MAP2K2,5605
203265_s_at,MAP2K4,6416,MAP2K4,6416
203266_s_at,MAP2K4,6416,MAP2K4,6416
204756_at,MAP2K5,5607,MAP2K5,5607
210482_x_at,MAP2K5,5607,MAP2K5,5607
211370_s_at,MAP2K5,5607,MAP2K5,5607
211371_at,MAP2K5,5607,MAP2K5,5607
216435_at,MAP2K5,5607,MAP2K5,5607
216765_at,MAP2K5,5607,MAP2K5,5607
205698_s_at,MAP2K6,5608,MAP2K6,5608
205699_at,MAP2K6,5608,MAP2K6,5608
209951_s_at,MAP2K7,5609,MAP2K7,5609
209952_s_at,MAP2K7,5609,MAP2K7,5609
216206_x_at,MAP2K7,5609,MAP2K7,5609
214786_at,MAP3K1,4214,MAP3K1,4214
206362_x_at,MAP3K10,4294,MAP3K10,4294
203652_at,MAP3K11,4296,MAP3K11,4296
205447_s_at,MAP3K12,7786,MAP3K12,7786
205448_s_at,MAP3K12,7786,MAP3K12,7786
206249_at,MAP3K13,9175,MAP3K13,9175
211083_s_at,MAP3K13,9175,MAP3K13,9175
205192_at,MAP3K14,9020,MAP3K14,9020
221180_at,MAP3K19,80122,MAP3K19,80122
221695_s_at,MAP3K2,10746,MAP3K2,10746
203514_at,MAP3K3,4215,MAP3K3,4215
204089_x_at,MAP3K4,4216,MAP3K4,4216
216199_s_at,MAP3K4,4216,MAP3K4,4216
203836_s_at,MAP3K5,4217,MAP3K5,4217
203837_at,MAP3K5,4217,MAP3K5,4217
219278_at,MAP3K6,9064,MAP3K6,9064
206853_s_at,MAP3K7,6885,MAP3K7,6885
206854_s_at,MAP3K7,6885,MAP3K7,6885
211536_x_at,MAP3K7,6885,MAP3K7,6885
211537_x_at,MAP3K7,6885,MAP3K7,6885
221211_s_at,MAP3K7CL,56911,MAP3K7CL,56911
205027_s_at,MAP3K8,1326,MAP3K8,1326
213927_at,MAP3K9,4293,MAP3K9,4293
214969_at,MAP3K9,4293,MAP3K9,4293
200835_s_at,MAP4,4134,MAP4,4134
200836_s_at,MAP4,4134,MAP4,4134
212566_at,MAP4,4134,MAP4,4134
212567_s_at,MAP4,4134,MAP4,4134
243_g_at,MAP4,4134,MAP4,4134
33850_at,MAP4,4134,MAP4,4134
206296_x_at,MAP4K1,11184,MAP4K1,11184
214219_x_at,MAP4K1,11184,MAP4K1,11184
214339_s_at,MAP4K1,11184,MAP4K1,11184
204936_at,MAP4K2,5871,MAP4K2,5871
218311_at,MAP4K3,8491,MAP4K3,8491
206571_s_at,MAP4K4,9448,MAP4K4,9448
218181_s_at,MAP4K4,9448,MAP4K4,9448
203552_at,MAP4K5,11183,MAP4K5,11183
203553_s_at,MAP4K5,11183,MAP4K5,11183
211081_s_at,MAP4K5,11183,MAP4K5,11183
221713_s_at,MAP6D1,79929,MAP6D1,79929
202889_x_at,MAP7,9053,MAP7,9053
202890_at,MAP7,9053,MAP7,9053
215471_s_at,MAP7,9053,MAP7,9053
217943_s_at,MAP7D1,55700,MAP7D1,55700
219576_at,MAP7D3,79649,MAP7D3,79649
219626_at,MAP7D3,79649,MAP7D3,79649
220145_at,MAP9,79884,MAP9,79884
208351_s_at,MAPK1,5594,MAPK1,5594
212271_at,MAPK1,5594,MAPK1,5594
204813_at,MAPK10,5602,MAPK10,5602
214376_at,MAPK10,5602,MAPK10,5602
206040_s_at,MAPK11,5600,MAPK11,5600
211499_s_at,MAPK11,5600,MAPK11,5600
211500_at,MAPK11,5600,MAPK11,5600
206106_at,MAPK12,6300,MAPK12,6300
210058_at,MAPK13,5603,MAPK13,5603
210059_s_at,MAPK13,5603,MAPK13,5603
202530_at,MAPK14,1432,MAPK14,1432
210449_x_at,MAPK14,1432,MAPK14,1432
211087_x_at,MAPK14,1432,MAPK14,1432
211561_x_at,MAPK14,1432,MAPK14,1432
212497_at,MAPK1IP1L,93487,MAPK1IP1L,93487
212643_at,MAPK1IP1L,93487,MAPK1IP1L,93487
212644_s_at,MAPK1IP1L,93487,MAPK1IP1L,93487
212499_s_at,MAPK1IP1L///FCF1,93487///51077,MAPK1IP1L///FCF1,93487///51077
212046_x_at,MAPK3,5595,MAPK3,5595
204707_s_at,MAPK4,5596,MAPK4,5596
204708_at,MAPK4,5596,MAPK4,5596
207121_s_at,MAPK6,5597,MAPK6,5597
207292_s_at,MAPK7,5598,MAPK7,5598
35617_at,MAPK7,5598,MAPK7,5598
210477_x_at,MAPK8,5599,MAPK8,5599
210671_x_at,MAPK8,5599,MAPK8,5599
213014_at,MAPK8IP1,9479,MAPK8IP1,9479
205050_s_at,MAPK8IP2,23542,MAPK8IP2,23542
208603_s_at,MAPK8IP2,23542,MAPK8IP2,23542
213177_at,MAPK8IP3,23162,MAPK8IP3,23162
213178_s_at,MAPK8IP3,23162,MAPK8IP3,23162
216137_s_at,MAPK8IP3,23162,MAPK8IP3,23162
216139_s_at,MAPK8IP3,23162,MAPK8IP3,23162
203218_at,MAPK9,5601,MAPK9,5601
210570_x_at,MAPK9,5601,MAPK9,5601
217808_s_at,MAPKAP1,79109,MAPKAP1,79109
201460_at,MAPKAPK2,9261,MAPKAPK2,9261
201461_s_at,MAPKAPK2,9261,MAPKAPK2,9261
215050_x_at,MAPKAPK2,9261,MAPKAPK2,9261
202787_s_at,MAPKAPK3,7867,MAPKAPK3,7867
202788_at,MAPKAPK3,7867,MAPKAPK3,7867
212871_at,MAPKAPK5,8550,MAPKAPK5,8550
212868_x_at,MAPKAPK5-AS1,51275,MAPKAPK5-AS1,51275
219817_at,MAPKAPK5-AS1,51275,MAPKAPK5-AS1,51275
64432_at,MAPKAPK5-AS1,51275,MAPKAPK5-AS1,51275
213394_at,MAPKBP1,23005,MAPKBP1,23005
200712_s_at,MAPRE1,22919,MAPRE1,22919
200713_s_at,MAPRE1,22919,MAPRE1,22919
202501_at,MAPRE2,10982,MAPRE2,10982
211556_at,MAPRE2,10982,MAPRE2,10982
213489_at,MAPRE2,10982,MAPRE2,10982
203841_x_at,MAPRE3,22924,MAPRE3,22924
203842_s_at,MAPRE3,22924,MAPRE3,22924
214270_s_at,MAPRE3,22924,MAPRE3,22924
203928_x_at,MAPT,4137,MAPT,4137
203929_s_at,MAPT,4137,MAPT,4137
203930_s_at,MAPT,4137,MAPT,4137
206401_s_at,MAPT,4137,MAPT,4137
218865_at,MARC1,64757,MARC1,64757
219527_at,MARC2,54996,MARC2,54996
221636_s_at,MARC2,54996,MARC2,54996
219574_at,MARCH1,55016,MARCH1,55016
210075_at,MARCH2,51257,MARCH2,51257
213256_at,MARCH3,115123,MARCH3,115123
218582_at,MARCH5,54708,MARCH5,54708
201736_s_at,MARCH6,10299,MARCH6,10299
201737_s_at,MARCH6,10299,MARCH6,10299
212498_at,MARCH6,10299,MARCH6,10299
215422_at,MARCH6,10299,MARCH6,10299
215423_at,MARCH6,10299,MARCH6,10299
215512_at,MARCH6,10299,MARCH6,10299
202653_s_at,MARCH7,64844,MARCH7,64844
202654_x_at,MARCH7,64844,MARCH7,64844
221824_s_at,MARCH8,220972,MARCH8,220972
201668_x_at,MARCKS,4082,MARCKS,4082
201669_s_at,MARCKS,4082,MARCKS,4082
201670_s_at,MARCKS,4082,MARCKS,4082
213002_at,MARCKS,4082,MARCKS,4082
200644_at,MARCKSL1,65108,MARCKSL1,65108
205819_at,MARCO,8685,MARCO,8685
221047_s_at,MARK1,4139,MARK1,4139
203942_s_at,MARK2,2011,MARK2,2011
211082_x_at,MARK2,2011,MARK2,2011
202568_s_at,MARK3,4140,MARK3,4140
202569_s_at,MARK3,4140,MARK3,4140
221560_at,MARK4,57787,MARK4,57787
55065_at,MARK4,57787,MARK4,57787
208210_at,MAS1,4142,MAS1,4142
206449_s_at,MASP1,5648,MASP1,5648
210680_s_at,MASP1,5648,MASP1,5648
213749_at,MASP1,5648,MASP1,5648
207041_at,MASP2,10747,MASP2,10747
210798_x_at,MASP2,10747,MASP2,10747
216968_at,MASP2,10747,MASP2,10747
217231_s_at,MAST1,22983,MAST1,22983
211593_s_at,MAST2,23139,MAST2,23139
215660_s_at,MAST2,23139,MAST2,23139
215661_at,MAST2,23139,MAST2,23139
215903_s_at,MAST2,23139,MAST2,23139
213045_at,MAST3,23031,MAST3,23031
210958_s_at,MAST4,375449,MAST4,375449
222348_at,MAST4,375449,MAST4,375449
40016_g_at,MAST4,375449,MAST4,375449
205813_s_at,MAT1A,4143,MAT1A,4143
200768_s_at,MAT2A,4144,MAT2A,4144
200769_s_at,MAT2A,4144,MAT2A,4144
217993_s_at,MAT2B,27430,MAT2B,27430
206267_s_at,MATK,4145,MATK,4145
206904_at,MATN1,4146,MATN1,4146
206905_s_at,MATN1,4146,MATN1,4146
206091_at,MATN3,4148,MATN3,4148
207123_s_at,MATN4,8785,MATN4,8785
212505_s_at,MAU2,23383,MAU2,23383
216926_s_at,MAU2,23383,MAU2,23383
216927_at,MAU2,23383,MAU2,23383
217652_at,MAU2,23383,MAU2,23383
220305_at,MAVS,57506,MAVS,57506
208403_x_at,MAX,4149,MAX,4149
209331_s_at,MAX,4149,MAX,4149
209332_s_at,MAX,4149,MAX,4149
210734_x_at,MAX,4149,MAX,4149
214108_at,MAX,4149,MAX,4149
207824_s_at,MAZ,4150,MAZ,4150
212064_x_at,MAZ,4150,MAZ,4150
204179_at,MB,4151,MB,4151
203353_s_at,MBD1,4152,MBD1,4152
208595_s_at,MBD1,4152,MBD1,4152
202484_s_at,MBD2,8932,MBD2,8932
202485_s_at,MBD2,8932,MBD2,8932
214396_s_at,MBD2,8932,MBD2,8932
214397_at,MBD2,8932,MBD2,8932
202463_s_at,MBD3,53615,MBD3,53615
222183_x_at,MBD3,53615,MBD3,53615
41160_at,MBD3,53615,MBD3,53615
209579_s_at,MBD4,8930,MBD4,8930
209580_s_at,MBD4,8930,MBD4,8930
214047_s_at,MBD4,8930,MBD4,8930
214048_at,MBD4,8930,MBD4,8930
220195_at,MBD5,55777,MBD5,55777
218411_s_at,MBIP,51562,MBIP,51562
207256_at,MBL2,4153,MBL2,4153
201151_s_at,MBNL1,4154,MBNL1,4154
201152_s_at,MBNL1,4154,MBNL1,4154
201153_s_at,MBNL1,4154,MBNL1,4154
215663_at,MBNL1,4154,MBNL1,4154
203640_at,MBNL2,10150,MBNL2,10150
205017_s_at,MBNL2,10150,MBNL2,10150
205018_s_at,MBNL2,10150,MBNL2,10150
219814_at,MBNL3,55796,MBNL3,55796
213288_at,MBOAT2,129642,MBOAT2,129642
209179_s_at,MBOAT7,79143,MBOAT7,79143
211037_s_at,MBOAT7,79143,MBOAT7,79143
207323_s_at,MBP,4155,MBP,4155
209072_at,MBP,4155,MBP,4155
210136_at,MBP,4155,MBP,4155
216567_at,MBP,4155,MBP,4155
207115_x_at,MBTD1,54799,MBTD1,54799
201620_at,MBTPS1,8720,MBTPS1,8720
217543_s_at,MBTPS1,8720,MBTPS1,8720
206473_at,MBTPS2,51360,MBTPS2,51360
205458_at,MC1R,4157,MC1R,4157
208568_at,MC2R,4158,MC2R,4158
217425_at,MC2R,4158,MC2R,4158
217434_at,MC2R,4158,MC2R,4158
221442_at,MC3R,4159,MC3R,4159
221467_at,MC4R,4160,MC4R,4160
208565_at,MC5R,4161,MC5R,4161
209087_x_at,MCAM,4162,MCAM,4162
213132_s_at,MCAT,27349,MCAT,27349
206132_at,MCC,4163,MCC,4163
218440_at,MCCC1,56922,MCCC1,56922
209623_at,MCCC2,64087,MCCC2,64087
209624_s_at,MCCC2,64087,MCCC2,64087
208017_s_at,MCF2,4168,MCF2,4168
214884_at,MCF2,4168,MCF2,4168
217004_s_at,MCF2,4168,MCF2,4168
212935_at,MCF2L,23263,MCF2L,23263
220464_at,MCF2L,23263,MCF2L,23263
35147_at,MCF2L,23263,MCF2L,23263
220354_at,MCF2L-AS1,100289410,MCF2L-AS1,100289410
215112_x_at,MCF2L2,23101,MCF2L2,23101
212245_at,MCFD2,90411,MCFD2,90411
212246_at,MCFD2,90411,MCFD2,90411
221354_s_at,MCHR1,2847,MCHR1,2847
200796_s_at,MCL1,4170,MCL1,4170
200797_s_at,MCL1,4170,MCL1,4170
200798_x_at,MCL1,4170,MCL1,4170
214056_at,MCL1,4170,MCL1,4170
214057_at,MCL1,4170,MCL1,4170
220651_s_at,MCM10,55388,MCM10,55388
202107_s_at,MCM2,4171,MCM2,4171
201555_at,MCM3,4172,MCM3,4172
212269_s_at,MCM3AP,8888,MCM3AP,8888
214514_at,MCM3AP,8888,MCM3AP,8888
215580_at,MCM3AP,8888,MCM3AP,8888
215581_s_at,MCM3AP,8888,MCM3AP,8888
215582_x_at,MCM3AP,8888,MCM3AP,8888
220459_at,MCM3AP-AS1,114044,MCM3AP-AS1,114044
212141_at,MCM4,4173,MCM4,4173
212142_at,MCM4,4173,MCM4,4173
222036_s_at,MCM4,4173,MCM4,4173
222037_at,MCM4,4173,MCM4,4173
201755_at,MCM5,4174,MCM5,4174
216237_s_at,MCM5,4174,MCM5,4174
201930_at,MCM6,4175,MCM6,4175
208795_s_at,MCM7,4176,MCM7,4176
210983_s_at,MCM7,4176,MCM7,4176
213561_at,MCM9,254394,MCM9,254394
219673_at,MCM9,254394,MCM9,254394
217905_at,MCMBP,79892,MCMBP,79892
219952_s_at,MCOLN1,57192,MCOLN1,57192
220484_at,MCOLN3,55283,MCOLN3,55283
219592_at,MCPH1,79648,MCPH1,79648
202556_s_at,MCRS1,10445,MCRS1,10445
220122_at,MCTP1,79772,MCTP1,79772
220603_s_at,MCTP2,55784,MCTP2,55784
218163_at,MCTS1,28985,MCTS1,28985
218802_at,MCUB,55013,MCUB,55013
220094_s_at,MCUR1,63933,MCUR1,63933
203061_s_at,MDC1,9656,MDC1,9656
203062_s_at,MDC1,9656,MDC1,9656
205375_at,MDFI,4188,MDFI,4188
211675_s_at,MDFIC,29969,MDFIC,29969
217599_s_at,MDFIC,29969,MDFIC,29969
200978_at,MDH1,4190,MDH1,4190
209036_s_at,MDH2,4191,MDH2,4191
213333_at,MDH2,4191,MDH2,4191
209035_at,MDK,4192,MDK,4192
213761_at,MDM1,56890,MDM1,56890
220397_at,MDM1,56890,MDM1,56890
205385_at,MDM2,4193,MDM2,4193
205386_s_at,MDM2,4193,MDM2,4193
211832_s_at,MDM2,4193,MDM2,4193
217373_x_at,MDM2,4193,MDM2,4193
217542_at,MDM2,4193,MDM2,4193
205655_at,MDM4,4194,MDM4,4194
212693_at,MDN1,23195,MDN1,23195
204058_at,ME1,4199,ME1,4199
204059_s_at,ME1,4199,ME1,4199
211204_at,ME1,4199,ME1,4199
209397_at,ME2,4200,ME2,4200
210153_s_at,ME2,4200,ME2,4200
210154_at,ME2,4200,ME2,4200
204663_at,ME3,10873,ME3,10873
218061_at,MEA1,4201,MEA1,4201
218165_at,MEAF6,64769,MEAF6,64769
208434_at,MECOM,2122,MECOM,2122
215851_at,MECOM,2122,MECOM,2122
221884_at,MECOM,2122,MECOM,2122
202616_s_at,MECP2,4204,MECP2,4204
202617_s_at,MECP2,4204,MECP2,4204
202618_s_at,MECP2,4204,MECP2,4204
218664_at,MECR,51102,MECR,51102
203496_s_at,MED1,5469,MED1,5469
203497_at,MED1,5469,MED1,5469
203506_s_at,MED12,9968,MED12,9968
211342_x_at,MED12,9968,MED12,9968
214275_at,MED12,9968,MED12,9968
216071_x_at,MED12,9968,MED12,9968
201986_at,MED13,9969,MED13,9969
201987_at,MED13,9969,MED13,9969
212207_at,MED13L,23389,MED13L,23389
212208_at,MED13L,23389,MED13L,23389
212209_at,MED13L,23389,MED13L,23389
216109_at,MED13L,23389,MED13L,23389
202610_s_at,MED14,9282,MED14,9282
202611_s_at,MED14,9282,MED14,9282
202612_s_at,MED14,9282,MED14,9282
215167_at,MED14,9282,MED14,9282
217120_s_at,MED14,9282,MED14,9282
222175_s_at,MED15,51586,MED15,51586
221418_s_at,MED16,10025,MED16,10025
221544_s_at,MED16,10025,MED16,10025
221545_x_at,MED16,10025,MED16,10025
221938_x_at,MED16,10025,MED16,10025
43544_at,MED16,10025,MED16,10025
221517_s_at,MED17,9440,MED17,9440
206961_s_at,MED20,9477,MED20,9477
212872_s_at,MED20,9477,MED20,9477
206593_s_at,MED22,6837,MED22,6837
218846_at,MED23,9439,MED23,9439
215337_at,MED24,9862,MED24,9862
208110_x_at,MED25,81857,MED25,81857
215897_at,MED25,81857,MED25,81857
215371_at,MED27,9442,MED27,9442
221598_s_at,MED27,9442,MED27,9442
51176_at,MED27,9442,MED27,9442
218438_s_at,MED28,80306,MED28,80306
219318_x_at,MED31,51003,MED31,51003
217843_s_at,MED4,29079,MED4,29079
207078_at,MED6,10001,MED6,10001
207079_s_at,MED6,10001,MED6,10001
210104_at,MED6,10001,MED6,10001
204349_at,MED7,9443,MED7,9443
204350_s_at,MED7,9443,MED7,9443
213126_at,MED8,112950,MED8,112950
213127_s_at,MED8,112950,MED8,112950
213696_s_at,MED8,112950,MED8,112950
218372_at,MED9,55090,MED9,55090
208328_s_at,MEF2A,4205,MEF2A,4205
212535_at,MEF2A,4205,MEF2A,4205
214684_at,MEF2A,4205,MEF2A,4205
205124_at,MEF2B///BORCS8///BORCS8-MEF2B,100271849///729991///4207,MEF2B///BORCS8///BORCS8-MEF2B,100271849///729991///4207
207968_s_at,MEF2C,4208,MEF2C,4208
209199_s_at,MEF2C,4208,MEF2C,4208
209200_at,MEF2C,4208,MEF2C,4208
203003_at,MEF2D,4209,MEF2D,4209
203004_s_at,MEF2D,4209,MEF2D,4209
208262_x_at,MEFV,4210,MEFV,4210
210794_s_at,MEG3,55384,MEG3,55384
212732_at,MEG3,55384,MEG3,55384
213942_at,MEGF6,1953,MEGF6,1953
214778_at,MEGF8,1954,MEGF8,1954
212830_at,MEGF9,1955,MEGF9,1955
212831_at,MEGF9,1955,MEGF9,1955
204069_at,MEIS1,4211,MEIS1,4211
207480_s_at,MEIS2,4212,MEIS2,4212
214077_x_at,MEIS3P1,4213,MEIS3P1,4213
204825_at,MELK,9833,MELK,9833
220043_s_at,MELTF,4241,MELTF,4241
202645_s_at,MEN1,4221,MEN1,4221
205619_s_at,MEOX1,4222,MEOX1,4222
206201_s_at,MEOX2,4223,MEOX2,4223
206202_at,MEOX2,4223,MEOX2,4223
206000_at,MEP1A,4224,MEP1A,4224
207251_at,MEP1B,4225,MEP1B,4225
219798_s_at,MEPCE,56257,MEPCE,56257
221150_at,MEPE,56955,MEPE,56955
206028_s_at,MERTK,10461,MERTK,10461
211912_at,MERTK,10461,MERTK,10461
211913_s_at,MERTK,10461,MERTK,10461
202016_at,MEST,4232,MEST,4232
203510_at,MET,4233,MET,4233
211599_x_at,MET,4233,MET,4233
213807_x_at,MET,4233,MET,4233
213816_s_at,MET,4233,MET,4233
212673_at,METAP1,23173,METAP1,23173
202015_x_at,METAP2,10988,METAP2,10988
209861_s_at,METAP2,10988,METAP2,10988
213899_at,METAP2,10988,METAP2,10988
219051_x_at,METRN,79006,METRN,79006
204027_s_at,METTL1,4234,METTL1,4234
215061_at,METTL10,399818,METTL10,399818
206468_s_at,METTL13,51603,METTL13,51603
212405_s_at,METTL13,51603,METTL13,51603
212407_at,METTL13,51603,METTL13,51603
218366_x_at,METTL17,64745,METTL17,64745
213528_at,METTL18,92342,METTL18,92342
213861_s_at,METTL21B,25895,METTL21B,25895
218945_at,METTL22,79091,METTL22,79091
221079_s_at,METTL2A///METTL2B,339175///55798,METTL2A///METTL2B,339175///55798
222276_at,METTL2B,55798,METTL2B,55798
209265_s_at,METTL3,56339,METTL3,56339
213653_at,METTL3,56339,METTL3,56339
219698_s_at,METTL4,64863,METTL4,64863
220839_at,METTL5,29081,METTL5,29081
221570_s_at,METTL5,29081,METTL5,29081
207761_s_at,METTL7A,25840,METTL7A,25840
209703_x_at,METTL7A,25840,METTL7A,25840
211424_x_at,METTL7A,25840,METTL7A,25840
220007_at,METTL8,79828,METTL8,79828
217868_s_at,METTL9,51108,METTL9,51108
218247_s_at,MEX3C,51320,MEX3C,51320
222042_x_at,MEX3D,399664,MEX3D,399664
91816_f_at,MEX3D,399664,MEX3D,399664
203406_at,MFAP1,4236,MFAP1,4236
203417_at,MFAP2,4237,MFAP2,4237
213123_at,MFAP3,4238,MFAP3,4238
214588_s_at,MFAP3,4238,MFAP3,4238
205442_at,MFAP3L,9848,MFAP3L,9848
210492_at,MFAP3L,9848,MFAP3L,9848
210493_s_at,MFAP3L,9848,MFAP3L,9848
210843_s_at,MFAP3L,9848,MFAP3L,9848
212713_at,MFAP4,4239,MFAP4,4239
209758_s_at,MFAP5,8076,MFAP5,8076
213764_s_at,MFAP5,8076,MFAP5,8076
213765_at,MFAP5,8076,MFAP5,8076
219137_s_at,MFF,56947,MFF,56947
210605_s_at,MFGE8,4240,MFGE8,4240
213457_at,MFHAS1,9258,MFHAS1,9258
207098_s_at,MFN1,55669,MFN1,55669
211801_x_at,MFN1,55669,MFN1,55669
217043_s_at,MFN1,55669,MFN1,55669
201155_s_at,MFN2,9927,MFN2,9927
216205_s_at,MFN2,9927,MFN2,9927
204152_s_at,MFNG,4242,MFNG,4242
204153_s_at,MFNG,4242,MFNG,4242
213783_at,MFNG,4242,MFNG,4242
218109_s_at,MFSD1,64747,MFSD1,64747
209215_at,MFSD10,10227,MFSD10,10227
221192_x_at,MFSD11,79157,MFSD11,79157
220178_at,MFSD12,126321,MFSD12,126321
219745_at,MFSD13A,79847,MFSD13A,79847
209931_s_at,MFSD2B///FKBP1B,388931///2281,MFSD2B///FKBP1B,388931///2281
212861_at,MFSD5,84975,MFSD5,84975
219858_s_at,MFSD6,54842,MFSD6,54842
205144_at,MFSD7,84179,MFSD7,84179
214269_at,MFSD7,84179,MFSD7,84179
213393_at,MFSD9,84804,MFSD9,84804
213403_at,MFSD9,84804,MFSD9,84804
212945_s_at,MGA,23269,MGA,23269
206522_at,MGAM,8972,MGAM,8972
216666_at,MGAM2,93432,MGAM2,93432
201126_s_at,MGAT1,4245,MGAT1,4245
203101_s_at,MGAT2,4247,MGAT2,4247
203102_s_at,MGAT2,4247,MGAT2,4247
211061_s_at,MGAT2,4247,MGAT2,4247
208058_s_at,MGAT3,4248,MGAT3,4248
209764_at,MGAT3,4248,MGAT3,4248
219797_at,MGAT4A,11320,MGAT4A,11320
220189_s_at,MGAT4B,11282,MGAT4B,11282
207447_s_at,MGAT4C,25834,MGAT4C,25834
206720_at,MGAT5,4249,MGAT5,4249
212098_at,MGAT5,4249,MGAT5,4249
211386_at,MGC12488,84786,MGC12488,84786
211718_at,MGC2889,84789,MGC2889,84789
215524_x_at,MGC40069///TRAC///TRAJ17///TRAV20///TRDV2///YME1L1,348035///28755///28738///28663///28517///10730,MGC40069///TRAC///TRAJ17///TRAV20///TRDV2///YME1L1,348035///28755///28738///28663///28517///10730
207775_at,MGC4859,79150,MGC4859,79150
200898_s_at,MGEA5,10724,MGEA5,10724
200899_s_at,MGEA5,10724,MGEA5,10724
214972_at,MGEA5,10724,MGEA5,10724
211026_s_at,MGLL,11343,MGLL,11343
204880_at,MGMT,4255,MGMT,4255
202291_s_at,MGP,4256,MGP,4256
212576_at,MGRN1,23295,MGRN1,23295
204168_at,MGST2,4258,MGST2,4258
201403_s_at,MGST3,4259,MGST3,4259
206560_s_at,MIA,8190,MIA,8190
219807_x_at,MIA-RAB4B///RAB4B,100529262///53916,MIA-RAB4B///RAB4B,100529262///53916
221177_at,MIA2,117153,MIA2,117153
212305_s_at,MIA3,375056,MIA3,375056
212310_at,MIA3,375056,MIA3,375056
205904_at,MICA,100507436,MICA,100507436
205905_s_at,MICA///MICB,100507436///4277,MICA///MICB,100507436///4277
218376_s_at,MICAL1,64780,MICAL1,64780
206275_s_at,MICAL2,9645,MICAL2,9645
212472_at,MICAL2,9645,MICAL2,9645
212473_s_at,MICAL2,9645,MICAL2,9645
212715_s_at,MICAL3,57553,MICAL3,57553
221779_at,MICALL1,85377,MICALL1,85377
55081_at,MICALL1,85377,MICALL1,85377
219332_at,MICALL2,79778,MICALL2,79778
206247_at,MICB,4277,MICB,4277
216903_s_at,MICU1,10367,MICU1,10367
212410_at,MICU2,221154,MICU2,221154
203636_at,MID1,4281,MID1,4281
203637_s_at,MID1,4281,MID1,4281
210694_s_at,MID1,4281,MID1,4281
218251_at,MID1IP1,58526,MID1IP1,58526
208384_s_at,MID2,11043,MID2,11043
209733_at,MID2,11043,MID2,11043
204593_s_at,MIEF1,54471,MIEF1,54471
204594_s_at,MIEF1,54471,MIEF1,54471
221516_s_at,MIEF1,54471,MIEF1,54471
221862_at,MIER2,54531,MIER2,54531
221863_at,MIER2,54531,MIER2,54531
44822_s_at,MIER2,54531,MIER2,54531
217871_s_at,MIF,4282,MIF,4282
218551_at,MIIP,60672,MIIP,60672
48659_at,MIIP,60672,MIIP,60672
217513_at,MILR1,284021,MILR1,284021
213188_s_at,MINA,84864,MINA,84864
213189_at,MINA,84864,MINA,84864
209241_x_at,MINK1,50488,MINK1,50488
214246_x_at,MINK1,50488,MINK1,50488
214625_s_at,MINK1,50488,MINK1,50488
215909_x_at,MINK1,50488,MINK1,50488
37005_at,MINOS1-NBL1///NBL1,100532736///4681,MINOS1-NBL1///NBL1,100532736///4681
215318_at,MINOS1P1,100462953,MINOS1P1,100462953
209585_s_at,MINPP1,9562,MINPP1,9562
206860_s_at,MIOS,54468,MIOS,54468
209672_s_at,MIOS,54468,MIOS,54468
211724_x_at,MIOS,54468,MIOS,54468
220863_at,MIP,4284,MIP,4284
204305_at,MIPEP,4285,MIPEP,4285
36830_at,MIPEP,4285,MIPEP,4285
212801_at,MIR1178///CIT,100302274///11113,MIR1178///CIT,100302274///11113
216240_at,MIR1204///PVT1,100302185///5820,MIR1204///PVT1,100302185///5820
222087_at,MIR1204///PVT1,100302185///5820,MIR1204///PVT1,100302185///5820
209219_at,MIR1236///NELFE,100302242///7936,MIR1236///NELFE,100302242///7936
214839_at,MIR124-1///LINC00599,406907///157627,MIR124-1///LINC00599,406907///157627
216515_x_at,MIR1244-3,100422872,MIR1244-3,100422872
200912_s_at,MIR1248///SNORA81///SNORA4///SNORD2///SNORA63///EIF4A2,100302143///677847///619568///619567///6043///1974,MIR1248///SNORA81///SNORA4///SNORD2///SNORA63///EIF4A2,100302143///677847///619568///619567///6043///1974
217756_x_at,MIR1282///HYPK///SERF2,100302254///25764///10169,MIR1282///HYPK///SERF2,100302254///25764///10169
200874_s_at,MIR1292///SNORD110///SNORD86///SNORD57///NOP56,100302138///692213///692201///26792///10528,MIR1292///SNORD110///SNORD86///SNORD57///NOP56,100302138///692213///692201///26792///10528
200875_s_at,MIR1292///SNORD110///SNORD86///SNORD57///NOP56,100302138///692213///692201///26792///10528,MIR1292///SNORD110///SNORD86///SNORD57///NOP56,100302138///692213///692201///26792///10528
221580_s_at,MIR1304///SNORD5///SNORA32///SNORA40///SNORA18///SNORA1///SNORA8///TAF1D,100302240///692072///692063///677822///677805///677792///654320///79101,MIR1304///SNORD5///SNORA32///SNORA40///SNORA18///SNORA1///SNORA8///TAF1D,100302240///692072///692063///677822///677805///677792///654320///79101
218650_at,MIR1306///DGCR8,100302197///54487,MIR1306///DGCR8,100302197///54487
219811_at,MIR1306///DGCR8,100302197///54487,MIR1306///DGCR8,100302197///54487
64474_g_at,MIR1306///DGCR8,100302197///54487,MIR1306///DGCR8,100302197///54487
91617_at,MIR1306///DGCR8,100302197///54487,MIR1306///DGCR8,100302197///54487
215629_s_at,MIR15A///DLEU2L///DLEU2,406948///79469///8847,MIR15A///DLEU2L///DLEU2,406948///79469///8847
208962_s_at,MIR1908///FADS1,100302263///3992,MIR1908///FADS1,100302263///3992
208963_x_at,MIR1908///FADS1,100302263///3992,MIR1908///FADS1,100302263///3992
208964_s_at,MIR1908///FADS1,100302263///3992,MIR1908///FADS1,100302263///3992
220990_s_at,MIR21///VMP1,406991///81671,MIR21///VMP1,406991///81671
214696_at,MIR22///MIR22HG,407004///84981,MIR22///MIR22HG,407004///84981
211692_s_at,MIR3190///MIR3191///BBC3,100422899///100422832///27113,MIR3190///MIR3191///BBC3,100422899///100422832///27113
200065_s_at,MIR3620///ARF1,100500810///375,MIR3620///ARF1,100500810///375
208750_s_at,MIR3620///ARF1,100500810///375,MIR3620///ARF1,100500810///375
200598_s_at,MIR3652///HSP90B1,100500842///7184,MIR3652///HSP90B1,100500842///7184
200599_s_at,MIR3652///HSP90B1,100500842///7184,MIR3652///HSP90B1,100500842///7184
200689_x_at,MIR3654///EEF1G,100500804///1937,MIR3654///EEF1G,100500804///1937
211345_x_at,MIR3654///EEF1G,100500804///1937,MIR3654///EEF1G,100500804///1937
211927_x_at,MIR3654///EEF1G,100500804///1937,MIR3654///EEF1G,100500804///1937
217958_at,MIR3656///TRAPPC4,100500840///51399,MIR3656///TRAPPC4,100500840///51399
217959_s_at,MIR3656///TRAPPC4,100500840///51399,MIR3656///TRAPPC4,100500840///51399
209825_s_at,MIR3658///UCK2,100500832///7371,MIR3658///UCK2,100500832///7371
217544_at,MIR3916,100500849,MIR3916,100500849
217714_x_at,MIR3917///STMN1,100500808///3925,MIR3917///STMN1,100500808///3925
202681_at,MIR4271///C3orf62///USP4,100422952///375341///7375,MIR4271///C3orf62///USP4,100422952///375341///7375
206516_at,MIR4321///AMH,100423031///268,MIR4321///AMH,100423031///268
204537_s_at,MIR452///MIR224///GABRE,574412///407009///2564,MIR452///MIR224///GABRE,574412///407009///2564
1007_s_at,MIR4640///DDR1,100616237///780,MIR4640///DDR1,100616237///780
207169_x_at,MIR4640///DDR1,100616237///780,MIR4640///DDR1,100616237///780
208779_x_at,MIR4640///DDR1,100616237///780,MIR4640///DDR1,100616237///780
210749_x_at,MIR4640///DDR1,100616237///780,MIR4640///DDR1,100616237///780
209912_s_at,MIR4656///AP5Z1,100616465///9907,MIR4656///AP5Z1,100616465///9907
209913_x_at,MIR4656///AP5Z1,100616465///9907,MIR4656///AP5Z1,100616465///9907
202730_s_at,MIR4680///PDCD4,100616113///27250,MIR4680///PDCD4,100616113///27250
202731_at,MIR4680///PDCD4,100616113///27250,MIR4680///PDCD4,100616113///27250
212593_s_at,MIR4680///PDCD4,100616113///27250,MIR4680///PDCD4,100616113///27250
212594_at,MIR4680///PDCD4,100616113///27250,MIR4680///PDCD4,100616113///27250
216587_s_at,MIR4683///FZD8,100616500///8325,MIR4683///FZD8,100616500///8325
218383_at,MIR4707///HAUS4,100616424///54930,MIR4707///HAUS4,100616424///54930
209069_s_at,MIR4738///H3F3B///H3F3A,100616282///3021///3020,MIR4738///H3F3B///H3F3A,100616282///3021///3020
211997_x_at,MIR4738///H3F3B///H3F3A,100616282///3021///3020,MIR4738///H3F3B///H3F3A,100616282///3021///3020
211998_at,MIR4738///H3F3B///H3F3A,100616282///3021///3020,MIR4738///H3F3B///H3F3A,100616282///3021///3020
211999_at,MIR4738///H3F3B///H3F3A,100616282///3021///3020,MIR4738///H3F3B///H3F3A,100616282///3021///3020
202189_x_at,MIR4745///PTBP1,100616459///5725,MIR4745///PTBP1,100616459///5725
211271_x_at,MIR4745///PTBP1,100616459///5725,MIR4745///PTBP1,100616459///5725
212015_x_at,MIR4745///PTBP1,100616459///5725,MIR4745///PTBP1,100616459///5725
212016_s_at,MIR4745///PTBP1,100616459///5725,MIR4745///PTBP1,100616459///5725
216306_x_at,MIR4745///PTBP1,100616459///5725,MIR4745///PTBP1,100616459///5725
220757_s_at,MIR4746///UBXN6,100616371///80700,MIR4746///UBXN6,100616371///80700
213166_x_at,MIR4784///MZT2A///MZT2B,100616378///653784///80097,MIR4784///MZT2A///MZT2B,100616378///653784///80097
210778_s_at,MIR4800///MXD4,100616358///10608,MIR4800///MXD4,100616358///10608
212346_s_at,MIR4800///MXD4,100616358///10608,MIR4800///MXD4,100616358///10608
212347_x_at,MIR4800///MXD4,100616358///10608,MIR4800///MXD4,100616358///10608
217350_at,MIR492///KRT19P2,574449///160313,MIR492///KRT19P2,574449///160313
200033_at,MIR5047///MIR3064///DDX5,100616408///100616387///1655,MIR5047///MIR3064///DDX5,100616408///100616387///1655
1294_at,MIR5193///UBA7,100847079///7318,MIR5193///UBA7,100847079///7318
203281_s_at,MIR5193///UBA7,100847079///7318,MIR5193///UBA7,100847079///7318
206163_at,MIR548F5///MAB21L1,100302239///4081,MIR548F5///MAB21L1,100302239///4081
221422_s_at,MIR600///MIR600HG,693185///81571,MIR600///MIR600HG,693185///81571
212700_x_at,MIR6080///MIR4315-1///MIR4315-2///PLEKHM1P1///PLEKHM1,102464831///100423004///100422961///440456///9842,MIR6080///MIR4315-1///MIR4315-2///PLEKHM1P1///PLEKHM1,102464831///100423004///100422961///440456///9842
214657_s_at,MIR612///NEAT1,693197///283131,MIR612///NEAT1,693197///283131
220983_s_at,MIR612///NEAT1,693197///283131,MIR612///NEAT1,693197///283131
209475_at,MIR6125///USP15,102465133///9958,MIR6125///USP15,102465133///9958
210681_s_at,MIR6125///USP15,102465133///9958,MIR6125///USP15,102465133///9958
207524_at,MIR6132///ST7-OT3///ST7,102466616///93655///7982,MIR6132///ST7-OT3///ST7,102466616///93655///7982
207871_s_at,MIR6132///ST7-OT3///ST7,102466616///93655///7982,MIR6132///ST7-OT3///ST7,102466616///93655///7982
216808_at,MIR622,693207,MIR622,693207
219396_s_at,MIR631///NEIL1,693216///79661,MIR631///NEIL1,693216///79661
200753_x_at,MIR636///SRSF2,693221///6427,MIR636///SRSF2,693221///6427
200754_x_at,MIR636///SRSF2,693221///6427,MIR636///SRSF2,693221///6427
214882_s_at,MIR636///SRSF2,693221///6427,MIR636///SRSF2,693221///6427
203890_s_at,MIR637///DAPK3,693222///1613,MIR637///DAPK3,693222///1613
203891_s_at,MIR637///DAPK3,693222///1613,MIR637///DAPK3,693222///1613
217730_at,MIR6513///TMBIM1,102465256///64114,MIR6513///TMBIM1,102465256///64114
221621_at,MIR6516///SCARNA16///SNHG20,102466864///677781///654434,MIR6516///SCARNA16///SNHG20,102466864///677781///654434
201478_s_at,MIR664B///SNORA56///DKC1,100847052///677835///1736,MIR664B///SNORA56///DKC1,100847052///677835///1736
201479_at,MIR664B///SNORA56///DKC1,100847052///677835///1736,MIR664B///SNORA56///DKC1,100847052///677835///1736
216212_s_at,MIR664B///SNORA56///DKC1,100847052///677835///1736,MIR664B///SNORA56///DKC1,100847052///677835///1736
212134_at,MIR6716///PHLDB1,102466719///23187,MIR6716///PHLDB1,102466719///23187
216019_x_at,MIR6716///PHLDB1,102466719///23187,MIR6716///PHLDB1,102466719///23187
217994_x_at,MIR6727///CPSF3L,102465435///54973,MIR6727///CPSF3L,102465435///54973
218810_at,MIR6732///ZC3H12A,102465438///80149,MIR6732///ZC3H12A,102465438///80149
201323_at,MIR6733///EBNA1BP2,102465439///10969,MIR6733///EBNA1BP2,102465439///10969
218028_at,MIR6734///ELOVL1,102466723///64834,MIR6734///ELOVL1,102466723///64834
57163_at,MIR6734///ELOVL1,102466723///64834,MIR6734///ELOVL1,102466723///64834
221647_s_at,MIR6743///RIC8A,102465445///60626,MIR6743///RIC8A,102465445///60626
209086_x_at,MIR6756///MCAM,102465453///4162,MIR6756///MCAM,102465453///4162
210869_s_at,MIR6756///MCAM,102465453///4162,MIR6756///MCAM,102465453///4162
211042_x_at,MIR6756///MCAM,102465453///4162,MIR6756///MCAM,102465453///4162
211340_s_at,MIR6756///MCAM,102465453///4162,MIR6756///MCAM,102465453///4162
201475_x_at,MIR6758///MARS,102465454///4141,MIR6758///MARS,102465454///4141
213671_s_at,MIR6758///MARS,102465454///4141,MIR6758///MARS,102465454///4141
213672_at,MIR6758///MARS,102465454///4141,MIR6758///MARS,102465454///4141
219395_at,MIR6773///ESRP2,102466194///80004,MIR6773///ESRP2,102466194///80004
209980_s_at,MIR6778///SHMT1,102466733///6470,MIR6778///SHMT1,102466733///6470
202650_s_at,MIR6785///TMEM94,102466911///9772,MIR6785///TMEM94,102466911///9772
222210_at,MIR6785///TMEM94,102466911///9772,MIR6785///TMEM94,102466911///9772
202855_s_at,MIR6787///SLC16A3,102465472///9123,MIR6787///SLC16A3,102465472///9123
202856_s_at,MIR6787///SLC16A3,102465472///9123,MIR6787///SLC16A3,102465472///9123
217691_x_at,MIR6787///SLC16A3,102465472///9123,MIR6787///SLC16A3,102465472///9123
218290_at,MIR6789///PLEKHJ1,102466736///55111,MIR6789///PLEKHJ1,102466736///55111
200003_s_at,MIR6805///RPL28,102465483///6158,MIR6805///RPL28,102465483///6158
213223_at,MIR6805///RPL28,102465483///6158,MIR6805///RPL28,102465483///6158
221572_s_at,MIR6824///SLC26A6,102465495///65010,MIR6824///SLC26A6,102465495///65010
204650_s_at,MIR6831///APBB3,102465499///10307,MIR6831///APBB3,102465499///10307
222019_at,MIR6834///PFDN6,102465501///10471,MIR6834///PFDN6,102465501///10471
222029_x_at,MIR6834///PFDN6,102465501///10471,MIR6834///PFDN6,102465501///10471
220954_s_at,MIR6840///STAG3L5P-PVRIG2P-PILRB///PILRB,102466747///101752399///29990,MIR6840///STAG3L5P-PVRIG2P-PILRB///PILRB,102466747///101752399///29990
201639_s_at,MIR6849///MIR1234///MIR939///CPSF1,102466749///100302196///100126351///29894,MIR6849///MIR1234///MIR939///CPSF1,102466749///100302196///100126351///29894
33132_at,MIR6849///MIR1234///MIR939///CPSF1,102466749///100302196///100126351///29894,MIR6849///MIR1234///MIR939///CPSF1,102466749///100302196///100126351///29894
207842_s_at,MIR6866///CASC3,102466986///22794,MIR6866///CASC3,102466986///22794
203071_at,MIR6872///SEMA3B,102465526///7869,MIR6872///SEMA3B,102465526///7869
214262_at,MIR6875///TRIP6,102466755///7205,MIR6875///TRIP6,102466755///7205
221189_s_at,MIR6878///TARS2,102465529///80222,MIR6878///TARS2,102465529///80222
202861_at,MIR6883///PER1,102465532///5187,MIR6883///PER1,102465532///5187
36829_at,MIR6883///PER1,102465532///5187,MIR6883///PER1,102465532///5187
213043_s_at,MIR6884///MED24,102466757///9862,MIR6884///MED24,102466757///9862
217846_at,MIR6890///QARS,102465536///5859,MIR6890///QARS,102465536///5859
202392_s_at,MIR7109///PISD,102465666///23761,MIR7109///PISD,102465666///23761
203857_s_at,MIR7110///PDIA5,102465667///10954,MIR7110///PDIA5,102465667///10954
212563_at,MIR7112///BOP1,102465906///23246,MIR7112///BOP1,102465906///23246
216397_s_at,MIR7112///BOP1,102465906///23246,MIR7112///BOP1,102465906///23246
203189_s_at,MIR7113///MIR4691///NDUFS8,102465669///100616403///4728,MIR7113///MIR4691///NDUFS8,102465669///100616403///4728
203190_at,MIR7113///MIR4691///NDUFS8,102465669///100616403///4728,MIR7113///MIR4691///NDUFS8,102465669///100616403///4728
221214_s_at,MIR7114///NSMF,102466223///26012,MIR7114///NSMF,102466223///26012
201762_s_at,MIR7703///PSME2,102465801///5721,MIR7703///PSME2,102465801///5721
211430_s_at,MIR8071-2///MIR8071-1///IGHV4-31///IGHM///IGHG2///IGHG1,102466889///102465871///28396///3507///3501///3500,MIR8071-2///MIR8071-1///IGHV4-31///IGHM///IGHG2///IGHG1,102466889///102465871///28396///3507///3501///3500
204907_s_at,MIR8085///BCL3,102465879///602,MIR8085///BCL3,102465879///602
204908_s_at,MIR8085///BCL3,102465879///602,MIR8085///BCL3,102465879///602
203112_s_at,MIR943///NELFA,100126332///7469,MIR943///NELFA,100126332///7469
34225_at,MIR943///NELFA,100126332///7469,MIR943///NELFA,100126332///7469
221559_s_at,MIS12,79003,MIS12,79003
219004_s_at,MIS18A,54069,MIS18A,54069
206500_s_at,MIS18BP1,55320,MIS18BP1,55320
212925_at,MISP,126353,MISP,126353
207233_s_at,MITF,4286,MITF,4286
212020_s_at,MKI67,4288,MKI67,4288
212021_s_at,MKI67,4288,MKI67,4288
212022_s_at,MKI67,4288,MKI67,4288
212023_s_at,MKI67,4288,MKI67,4288
218138_at,MKKS,8195,MKKS,8195
212748_at,MKL1,57591,MKL1,57591
215291_at,MKL1,57591,MKL1,57591
215292_s_at,MKL1,57591,MKL1,57591
218259_at,MKL2,57496,MKL2,57496
204423_at,MKLN1,4289,MKLN1,4289
209467_s_at,MKNK1,8569,MKNK1,8569
218205_s_at,MKNK2,2872,MKNK2,2872
201285_at,MKRN1,23608,MKRN1,23608
209845_at,MKRN1,23608,MKRN1,23608
216995_x_at,MKRN2,23609,MKRN2,23609
218071_s_at,MKRN2,23609,MKRN2,23609
206585_at,MKRN3,7681,MKRN3,7681
217115_at,MKRN7P,7686,MKRN7P,7686
218630_at,MKS1,54903,MKS1,54903
206426_at,MLANA,2315,MLANA,2315
206427_s_at,MLANA,2315,MLANA,2315
213395_at,MLC1,23209,MLC1,23209
200616_s_at,MLEC,9761,MLEC,9761
200617_at,MLEC,9761,MLEC,9761
204782_at,MLF1,4291,MLF1,4291
204783_at,MLF1,4291,MLF1,4291
204784_s_at,MLF1,4291,MLF1,4291
200948_at,MLF2,8079,MLF2,8079
202520_s_at,MLH1,4292,MLH1,4292
204838_s_at,MLH3,27030,MLH3,27030
214525_x_at,MLH3,27030,MLH3,27030
217216_x_at,MLH3,27030,MLH3,27030
216401_x_at,MLIP,90523,MLIP,90523
214477_at,MLLT1,4298,MLLT1,4298
205408_at,MLLT10,8028,MLLT10,8028
216480_x_at,MLLT10,8028,MLLT10,8028
216503_s_at,MLLT10,8028,MLLT10,8028
216506_x_at,MLLT10,8028,MLLT10,8028
216509_x_at,MLLT10,8028,MLLT10,8028
211071_s_at,MLLT11,10962,MLLT11,10962
204917_s_at,MLLT3,4300,MLLT3,4300
204918_s_at,MLLT3,4300,MLLT3,4300
207473_at,MLN,4295,MLN,4295
221365_at,MLNR,2862,MLNR,2862
218211_s_at,MLPH,79083,MLPH,79083
220587_s_at,MLST8,64223,MLST8,64223
210752_s_at,MLX,6945,MLX,6945
213708_s_at,MLX,6945,MLX,6945
217909_s_at,MLX,6945,MLX,6945
217910_x_at,MLX,6945,MLX,6945
202519_at,MLXIP,22877,MLXIP,22877
211789_s_at,MLXIP,22877,MLXIP,22877
221163_s_at,MLXIPL,51085,MLXIPL,51085
218869_at,MLYCD,23417,MLYCD,23417
211774_s_at,MMACHC,25974,MMACHC,25974
217883_at,MMADHC,27249,MMADHC,27249
203414_at,MMD,23531,MMD,23531
203434_s_at,MME,4311,MME,4311
203435_s_at,MME,4311,MME,4311
204475_at,MMP1,4312,MMP1,4312
205680_at,MMP10,4319,MMP10,4319
203876_s_at,MMP11,4320,MMP11,4320
203877_at,MMP11,4320,MMP11,4320
203878_s_at,MMP11,4320,MMP11,4320
204580_at,MMP12,4321,MMP12,4321
205959_at,MMP13,4322,MMP13,4322
160020_at,MMP14,4323,MMP14,4323
202827_s_at,MMP14,4323,MMP14,4323
202828_s_at,MMP14,4323,MMP14,4323
217279_x_at,MMP14,4323,MMP14,4323
203365_s_at,MMP15,4324,MMP15,4324
207012_at,MMP16,4325,MMP16,4325
207013_s_at,MMP16,4325,MMP16,4325
208166_at,MMP16,4325,MMP16,4325
208167_s_at,MMP16,4325,MMP16,4325
206234_s_at,MMP17,4326,MMP17,4326
204574_s_at,MMP19,4327,MMP19,4327
204575_s_at,MMP19,4327,MMP19,4327
201069_at,MMP2,4313,MMP2,4313
207599_at,MMP20,9313,MMP20,9313
207118_s_at,MMP23A///MMP23B,8511///8510,MMP23A///MMP23B,8511///8510
208387_s_at,MMP24,10893,MMP24,10893
213171_s_at,MMP24,10893,MMP24,10893
221953_s_at,MMP24-AS1,101410538,MMP24-AS1,101410538
49679_s_at,MMP24-AS1,101410538,MMP24-AS1,101410538
78047_s_at,MMP24-AS1,101410538,MMP24-AS1,101410538
207289_at,MMP25,64386,MMP25,64386
207890_s_at,MMP25,64386,MMP25,64386
220541_at,MMP26,56547,MMP26,56547
220783_at,MMP27,64066,MMP27,64066
219909_at,MMP28,79148,MMP28,79148
205828_at,MMP3,4314,MMP3,4314
204259_at,MMP7,4316,MMP7,4316
207329_at,MMP8,4317,MMP8,4317
203936_s_at,MMP9,4318,MMP9,4318
205612_at,MMRN1,22915,MMRN1,22915
219091_s_at,MMRN2,79812,MMRN2,79812
202167_s_at,MMS19,64210,MMS19,64210
205330_at,MN1,4330,MN1,4330
203565_s_at,MNAT1,4331,MNAT1,4331
204959_at,MNDA,4332,MNDA,4332
219703_at,MNS1,55329,MNS1,55329
204206_at,MNT,4335,MNT,4335
214614_at,MNX1,3110,MNX1,3110
212508_at,MOAP1,64112,MOAP1,64112
201297_s_at,MOB1A,55233,MOB1A,55233
201298_s_at,MOB1A,55233,MOB1A,55233
201299_s_at,MOB1A,55233,MOB1A,55233
214812_s_at,MOB1A,55233,MOB1A,55233
219265_at,MOB3B,79817,MOB3B,79817
202919_at,MOB4,25843,MOB4,25843
207659_s_at,MOBP,4336,MOBP,4336
210193_at,MOBP,4336,MOBP,4336
219959_at,MOCOS,55034,MOCOS,55034
211673_s_at,MOCS1,4337,MOCS1,4337
213181_s_at,MOCS1,4337,MOCS1,4337
218212_s_at,MOCS2,4338,MOCS2,4338
206141_at,MOCS3,27304,MOCS3,27304
205989_s_at,MOG,4340,MOG,4340
211836_s_at,MOG,4340,MOG,4340
214650_x_at,MOG,4340,MOG,4340
207491_at,MOGAT2,80168,MOGAT2,80168
210627_s_at,MOGS,7841,MOGS,7841
205130_at,MOK,5891,MOK,5891
203644_s_at,MON1B,22879,MON1B,22879
212754_s_at,MON2,23041,MON2,23041
212755_at,MON2,23041,MON2,23041
220850_at,MORC1,27136,MORC1,27136
203956_at,MORC2,22880,MORC2,22880
216863_s_at,MORC2,22880,MORC2,22880
213000_at,MORC3,23515,MORC3,23515
219038_at,MORC4,79710,MORC4,79710
217982_s_at,MORF4L1,10933,MORF4L1,10933
221381_s_at,MORF4L1,10933,MORF4L1,10933
201994_at,MORF4L2,9643,MORF4L2,9643
219852_s_at,MORN1,79906,MORN1,79906
221367_at,MOS,4342,MOS,4342
218853_s_at,MOSPD1,56180,MOSPD1,56180
221895_at,MOSPD2,158747,MOSPD2,158747
64883_at,MOSPD2,158747,MOSPD2,158747
219070_s_at,MOSPD3,64598,MOSPD3,64598
209708_at,MOXD1,26002,MOXD1,26002
218024_at,MPC1,51660,MPC1,51660
202427_s_at,MPC2,25874,MPC2,25874
209208_at,MPDU1,9526,MPDU1,9526
205079_s_at,MPDZ,8777,MPDZ,8777
213306_at,MPDZ,8777,MPDZ,8777
203686_at,MPG,4350,MPG,4350
212885_at,MPHOSPH10,10199,MPHOSPH10,10199
203740_at,MPHOSPH6,10200,MPHOSPH6,10200
221771_s_at,MPHOSPH8,54737,MPHOSPH8,54737
206205_at,MPHOSPH9,10198,MPHOSPH9,10198
215731_s_at,MPHOSPH9,10198,MPHOSPH9,10198
202472_at,MPI,4351,MPI,4351
207550_at,MPL,4352,MPL,4352
211903_s_at,MPL,4352,MPL,4352
216825_s_at,MPL,4352,MPL,4352
203948_s_at,MPO,4353,MPO,4353
203949_at,MPO,4353,MPO,4353
202974_at,MPP1,4354,MPP1,4354
207984_s_at,MPP2,4355,MPP2,4355
213270_at,MPP2,4355,MPP2,4355
206186_at,MPP3,4356,MPP3,4356
219321_at,MPP5,64398,MPP5,64398
205429_s_at,MPP6,51678,MPP6,51678
206764_x_at,MPPE1,65258,MPPE1,65258
209858_x_at,MPPE1,65258,MPPE1,65258
213727_x_at,MPPE1,65258,MPPE1,65258
206436_at,MPPED1,758,MPPED1,758
205413_at,MPPED2,744,MPPED2,744
215692_s_at,MPPED2,744,MPPED2,744
212197_x_at,MPRIP,23164,MPRIP,23164
214694_at,MPRIP,23164,MPRIP,23164
214771_x_at,MPRIP,23164,MPRIP,23164
203524_s_at,MPST,4357,MPST,4357
203466_at,MPV17,4358,MPV17,4358
210280_at,MPZ,4359,MPZ,4359
201874_at,MPZL1,9019,MPZL1,9019
201875_s_at,MPZL1,9019,MPZL1,9019
210087_s_at,MPZL1,9019,MPZL1,9019
210210_at,MPZL1,9019,MPZL1,9019
210594_x_at,MPZL1,9019,MPZL1,9019
203779_s_at,MPZL2,10205,MPZL2,10205
203780_at,MPZL2,10205,MPZL2,10205
207565_s_at,MR1,3140,MR1,3140
207566_at,MR1,3140,MR1,3140
210223_s_at,MR1,3140,MR1,3140
210224_at,MR1,3140,MR1,3140
210528_at,MR1,3140,MR1,3140
206538_at,MRAS,22808,MRAS,22808
204438_at,MRC1,4360,MRC1,4360
209280_at,MRC2,9902,MRC2,9902
37408_at,MRC2,9902,MRC2,9902
205395_s_at,MRE11A,4361,MRE11A,4361
211334_at,MRE11A,4361,MRE11A,4361
219648_at,MREG,55686,MREG,55686
212199_at,MRFAP1L1,114932,MRFAP1L1,114932
218586_at,MRGBP,55257,MRGBP,55257
219967_at,MRM1,79922,MRM1,79922
218356_at,MRM2,29960,MRM2,29960
222130_s_at,MRM2,29960,MRM2,29960
218993_at,MRM3,55178,MRM3,55178
214147_at,MROH7,374977,MROH7,374977
46167_at,MROH7-TTC4///TTC4,100527960///7268,MROH7-TTC4///TTC4,100527960///7268
221182_at,MROH9,80133,MROH9,80133
219162_s_at,MRPL11,65003,MRPL11,65003
203931_s_at,MRPL12,6182,MRPL12,6182
218049_s_at,MRPL13,28998,MRPL13,28998
218027_at,MRPL15,29088,MRPL15,29088
217980_s_at,MRPL16,54948,MRPL16,54948
222216_s_at,MRPL17,63875,MRPL17,63875
217907_at,MRPL18,29074,MRPL18,29074
203465_at,MRPL19,9801,MRPL19,9801
218887_at,MRPL2,51069,MRPL2,51069
220526_s_at,MRPL20,55052,MRPL20,55052
220527_at,MRPL20,55052,MRPL20,55052
218339_at,MRPL22,29093,MRPL22,29093
213897_s_at,MRPL23,6150,MRPL23,6150
218270_at,MRPL24,79590,MRPL24,79590
204599_s_at,MRPL28,10573,MRPL28,10573
208787_at,MRPL3,11222,MRPL3,11222
203781_at,MRPL33,9553,MRPL33,9553
221692_s_at,MRPL34,64981,MRPL34,64981
218890_x_at,MRPL35,51318,MRPL35,51318
218558_s_at,MRPL39,54148,MRPL39,54148
218105_s_at,MRPL4,51073,MRPL4,51073
203152_at,MRPL40,64976,MRPL40,64976
221936_x_at,MRPL41,64975,MRPL41,64975
217919_s_at,MRPL42,28977,MRPL42,28977
218202_x_at,MRPL44,65080,MRPL44,65080
219244_s_at,MRPL46,26589,MRPL46,26589
218281_at,MRPL48,51642,MRPL48,51642
201717_at,MRPL49,740,MRPL49,740
221997_s_at,MRPL52,122704,MRPL52,122704
204386_s_at,MRPL57,78988,MRPL57,78988
204387_x_at,MRPL57,78988,MRPL57,78988
221995_s_at,MRPL57,78988,MRPL57,78988
204868_at,MRPL58,3396,MRPL58,3396
209609_s_at,MRPL9,65005,MRPL9,65005
211594_s_at,MRPL9,65005,MRPL9,65005
218106_s_at,MRPS10,55173,MRPS10,55173
211595_s_at,MRPS11,64963,MRPS11,64963
215919_s_at,MRPS11,64963,MRPS11,64963
204330_s_at,MRPS12,6183,MRPS12,6183
204331_s_at,MRPS12,6183,MRPS12,6183
210008_s_at,MRPS12,6183,MRPS12,6183
213840_s_at,MRPS12,6183,MRPS12,6183
203800_s_at,MRPS14,63931,MRPS14,63931
203801_at,MRPS14,63931,MRPS14,63931
221437_s_at,MRPS15,64960,MRPS15,64960
218046_s_at,MRPS16,51021,MRPS16,51021
218982_s_at,MRPS17,51373,MRPS17,51373
218385_at,MRPS18A,55168,MRPS18A,55168
221693_s_at,MRPS18A,55168,MRPS18A,55168
208907_s_at,MRPS18B,28973,MRPS18B,28973
217408_at,MRPS18B,28973,MRPS18B,28973
220103_s_at,MRPS18C,51023,MRPS18C,51023
218001_at,MRPS2,51116,MRPS2,51116
219220_x_at,MRPS22,56945,MRPS22,56945
212145_at,MRPS27,23107,MRPS27,23107
219819_s_at,MRPS28,28957,MRPS28,28957
218398_at,MRPS30,10884,MRPS30,10884
222275_at,MRPS30,10884,MRPS30,10884
212603_at,MRPS31,10240,MRPS31,10240
212604_at,MRPS31,10240,MRPS31,10240
218654_s_at,MRPS33,51650,MRPS33,51650
218112_at,MRPS34,65993,MRPS34,65993
217942_at,MRPS35,60488,MRPS35,60488
217932_at,MRPS7,51081,MRPS7,51081
218536_at,MRS2,57380,MRS2,57380
218538_s_at,MRS2,57380,MRS2,57380
220688_s_at,MRTO4,51154,MRTO4,51154
210356_x_at,MS4A1,931,MS4A1,931
217418_x_at,MS4A1,931,MS4A1,931
220834_at,MS4A12,54860,MS4A12,54860
207496_at,MS4A2,2206,MS4A2,2206
207497_s_at,MS4A2,2206,MS4A2,2206
210254_at,MS4A3,932,MS4A3,932
219607_s_at,MS4A4A,51338,MS4A4A,51338
220790_s_at,MS4A5,64232,MS4A5,64232
219666_at,MS4A6A,64231,MS4A6A,64231
221208_s_at,MSANTD2,79684,MSANTD2,79684
205122_at,MSANTD3-TMEFF1///TMEFF1,100526694///8577,MSANTD3-TMEFF1///TMEFF1,100526694///8577
205123_s_at,MSANTD3-TMEFF1///TMEFF1,100526694///8577,MSANTD3-TMEFF1///TMEFF1,100526694///8577
209928_s_at,MSC,9242,MSC,9242
209421_at,MSH2,4436,MSH2,4436
205887_x_at,MSH3,4437,MSH3,4437
210947_s_at,MSH3,4437,MSH3,4437
210533_at,MSH4,4438,MSH4,4438
212913_at,MSH5-SAPCD1///SAPCD1,100532732///401251,MSH5-SAPCD1///SAPCD1,100532732///401251
221406_s_at,MSH5-SAPCD1///SAPCD1,100532732///401251,MSH5-SAPCD1///SAPCD1,100532732///401251
210410_s_at,MSH5-SAPCD1///SAPCD1///MSH5,100532732///401251///4439,MSH5-SAPCD1///SAPCD1///MSH5,100532732///401251///4439
202911_at,MSH6,2956,MSH6,2956
211449_at,MSH6,2956,MSH6,2956
211450_s_at,MSH6,2956,MSH6,2956
206333_at,MSI1,4440,MSI1,4440
212708_at,MSL1,339287,MSL1,339287
218733_at,MSL2,55167,MSL2,55167
207551_s_at,MSL3,10943,MSL3,10943
214009_at,MSL3,10943,MSL3,10943
204885_s_at,MSLN,10232,MSLN,10232
207430_s_at,MSMB,4477,MSMB,4477
210297_s_at,MSMB,4477,MSMB,4477
209146_at,MSMO1,6307,MSMO1,6307
200600_at,MSN,4478,MSN,4478
208422_at,MSR1,4481,MSR1,4481
208423_s_at,MSR1,4481,MSR1,4481
211887_x_at,MSR1,4481,MSR1,4481
214770_at,MSR1,4481,MSR1,4481
219281_at,MSRA,4482,MSRA,4482
217977_at,MSRB1,51734,MSRB1,51734
218773_s_at,MSRB2,22921,MSRB2,22921
219451_at,MSRB2,22921,MSRB2,22921
205614_x_at,MST1,4485,MST1,4485
216320_x_at,MST1,4485,MST1,4485
213382_at,MST1L,11223,MST1L,11223
215563_s_at,MST1L,11223,MST1L,11223
205455_at,MST1R,4486,MST1R,4486
207145_at,MSTN,2660,MSTN,2660
218296_x_at,MSTO2P///MSTO1,100129405///55154,MSTO2P///MSTO1,100129405///55154
205932_s_at,MSX1,4487,MSX1,4487
205555_s_at,MSX2,4488,MSX2,4488
205556_at,MSX2,4488,MSX2,4488
210319_x_at,MSX2,4488,MSX2,4488
212859_x_at,MT1E,4493,MT1E,4493
216336_x_at,MT1E,4493,MT1E,4493
213629_x_at,MT1F,4494,MT1F,4494
217165_x_at,MT1F,4494,MT1F,4494
204745_x_at,MT1G,4495,MT1G,4495
210472_at,MT1G,4495,MT1G,4495
206461_x_at,MT1H,4496,MT1H,4496
211456_x_at,MT1HL1,645745,MT1HL1,645745
217546_at,MT1M,4499,MT1M,4499
204326_x_at,MT1X,4501,MT1X,4501
208581_x_at,MT1X,4501,MT1X,4501
212185_x_at,MT2A,4502,MT2A,4502
205970_at,MT3,4504,MT3,4504
217395_at,MT4,84560,MT4,84560
202247_s_at,MTA1,9112,MTA1,9112
211783_s_at,MTA1,9112,MTA1,9112
203444_s_at,MTA2,9219,MTA2,9219
204956_at,MTAP,4507,MTAP,4507
211363_s_at,MTAP,4507,MTAP,4507
211364_at,MTAP,4507,MTAP,4507
216685_s_at,MTAP,4507,MTAP,4507
217134_at,MTAP,4507,MTAP,4507
221619_s_at,MTCH1,23787,MTCH1,23787
217772_s_at,MTCH2,23788,MTCH2,23788
213358_at,MTCL1,23255,MTCL1,23255
212248_at,MTDH,92140,MTDH,92140
212250_at,MTDH,92140,MTDH,92140
212251_at,MTDH,92140,MTDH,92140
204871_at,MTERF1,7978,MTERF1,7978
219363_s_at,MTERF3,51001,MTERF3,51001
214364_at,MTERF4,130916,MTERF4,130916
205322_s_at,MTF1,4520,MTF1,4520
205323_s_at,MTF1,4520,MTF1,4520
203345_s_at,MTF2,22823,MTF2,22823
203346_s_at,MTF2,22823,MTF2,22823
203347_s_at,MTF2,22823,MTF2,22823
209704_at,MTF2,22823,MTF2,22823
209705_at,MTF2,22823,MTF2,22823
203207_s_at,MTFR1,9650,MTFR1,9650
203208_s_at,MTFR1,9650,MTFR1,9650
212767_at,MTG1,92170,MTG1,92170
202309_at,MTHFD1,4522,MTHFD1,4522
201761_at,MTHFD2,10797,MTHFD2,10797
220346_at,MTHFD2L,441024,MTHFD2L,441024
206800_at,MTHFR,4524,MTHFR,4524
217070_at,MTHFR,4524,MTHFR,4524
217071_s_at,MTHFR,4524,MTHFR,4524
218879_s_at,MTHFSD,64779,MTHFSD,64779
203095_at,MTIF2,4528,MTIF2,4528
204101_at,MTM1,4534,MTM1,4534
36920_at,MTM1,4534,MTM1,4534
213511_s_at,MTMR1,8776,MTMR1,8776
214975_s_at,MTMR1,8776,MTMR1,8776
216095_x_at,MTMR1,8776,MTMR1,8776
216303_s_at,MTMR1,8776,MTMR1,8776
220286_at,MTMR10,54893,MTMR10,54893
205076_s_at,MTMR11,10903,MTMR11,10903
220953_s_at,MTMR12,54545,MTMR12,54545
222143_s_at,MTMR14,64419,MTMR14,64419
203211_s_at,MTMR2,8898,MTMR2,8898
203212_s_at,MTMR2,8898,MTMR2,8898
214649_s_at,MTMR2,8898,MTMR2,8898
202197_at,MTMR3,8897,MTMR3,8897
202198_s_at,MTMR3,8897,MTMR3,8897
211507_s_at,MTMR3,8897,MTMR3,8897
212277_at,MTMR4,9110,MTMR4,9110
214268_s_at,MTMR4,9110,MTMR4,9110
214429_at,MTMR6,9107,MTMR6,9107
215793_at,MTMR7,9108,MTMR7,9108
217292_at,MTMR7,9108,MTMR7,9108
204837_at,MTMR9,66036,MTMR9,66036
213278_at,MTMR9,66036,MTMR9,66036
221369_at,MTNR1A,4543,MTNR1A,4543
208516_at,MTNR1B,4544,MTNR1B,4544
218716_x_at,MTO1,25821,MTO1,25821
222014_x_at,MTO1,25821,MTO1,25821
202288_at,MTOR,2475,MTOR,2475
215381_at,MTOR,2475,MTOR,2475
218947_s_at,MTPAP,55149,MTPAP,55149
203774_at,MTR,4548,MTR,4548
219822_at,MTRF1,9617,MTRF1,9617
215560_x_at,MTRF1L,54516,MTRF1L,54516
217204_at,MTRF1L,54516,MTRF1L,54516
203199_s_at,MTRR,4552,MTRR,4552
203200_s_at,MTRR,4552,MTRR,4552
203036_s_at,MTSS1,9788,MTSS1,9788
203037_s_at,MTSS1,9788,MTSS1,9788
210359_at,MTSS1,9788,MTSS1,9788
210360_s_at,MTSS1,9788,MTSS1,9788
213978_at,MTSS1L,92154,MTSS1L,92154
205675_at,MTTP,4547,MTTP,4547
212093_s_at,MTUS1,57509,MTUS1,57509
212095_s_at,MTUS1,57509,MTUS1,57509
212096_s_at,MTUS1,57509,MTUS1,57509
214961_at,MTUS2,23281,MTUS2,23281
210386_s_at,MTX1,4580,MTX1,4580
203517_at,MTX2,10651,MTX2,10651
207847_s_at,MUC1,4582,MUC1,4582
211695_x_at,MUC1,4582,MUC1,4582
213693_s_at,MUC1,4582,MUC1,4582
218687_s_at,MUC13,56667,MUC13,56667
220196_at,MUC16,94025,MUC16,94025
204673_at,MUC2,4583,MUC2,4583
217054_at,MUC3A,4584,MUC3A,4584
214676_x_at,MUC3B,57876,MUC3B,57876
214898_x_at,MUC3B,57876,MUC3B,57876
217117_x_at,MUC3B///MUC3A,57876///4584,MUC3B///MUC3A,57876///4584
204895_x_at,MUC4,4585,MUC4,4585
217109_at,MUC4,4585,MUC4,4585
217110_s_at,MUC4,4585,MUC4,4585
214303_x_at,MUC5AC,4586,MUC5AC,4586
214385_s_at,MUC5AC,4586,MUC5AC,4586
217182_at,MUC5AC,4586,MUC5AC,4586
217187_at,MUC5AC,4586,MUC5AC,4586
213432_at,MUC5B,727897,MUC5B,727897
222268_x_at,MUC5B,727897,MUC5B,727897
214133_at,MUC6,4588,MUC6,4588
216359_at,MUC7,4589,MUC7,4589
217059_at,MUC7,4589,MUC7,4589
216671_x_at,MUC8,100129528,MUC8,100129528
217295_at,MUC8,100129528,MUC8,100129528
218246_at,MUL1,79594,MUL1,79594
221290_s_at,MUM1,84939,MUM1,84939
218463_s_at,MUS81,80198,MUS81,80198
207632_at,MUSK,4593,MUSK,4593
207633_s_at,MUSK,4593,MUSK,4593
202959_at,MUT,4594,MUT,4594
202960_s_at,MUT,4594,MUT,4594
207727_s_at,MUTYH,4595,MUTYH,4595
221687_s_at,MVB12B,89853,MVB12B,89853
221828_s_at,MVB12B,89853,MVB12B,89853
222241_at,MVB12B,89853,MVB12B,89853
52975_at,MVB12B,89853,MVB12B,89853
203027_s_at,MVD,4597,MVD,4597
204056_s_at,MVK,4598,MVK,4598
215649_s_at,MVK,4598,MVK,4598
36907_at,MVK,4598,MVK,4598
202180_s_at,MVP,9961,MVP,9961
202086_at,MX1,4599,MX1,4599
204994_at,MX2,4600,MX2,4600
206877_at,MXD1,4084,MXD1,4084
221250_s_at,MXD3,83463,MXD3,83463
202364_at,MXI1,4601,MXI1,4601
209596_at,MXRA5,25878,MXRA5,25878
212509_s_at,MXRA7,439921,MXRA7,439921
213422_s_at,MXRA8,54587,MXRA8,54587
204798_at,MYB,4602,MYB,4602
215152_at,MYB,4602,MYB,4602
219098_at,MYBBP1A,10514,MYBBP1A,10514
213906_at,MYBL1,4603,MYBL1,4603
201710_at,MYBL2,4605,MYBL2,4605
214087_s_at,MYBPC1,4604,MYBPC1,4604
206394_at,MYBPC2,4606,MYBPC2,4606
208040_s_at,MYBPC3,4607,MYBPC3,4607
206304_at,MYBPH,4608,MYBPH,4608
202431_s_at,MYC,4609,MYC,4609
201959_s_at,MYCBP2,23077,MYCBP2,23077
201960_s_at,MYCBP2,23077,MYCBP2,23077
214058_at,MYCL,4610,MYCL,4610
215491_at,MYCL,4610,MYCL,4610
209756_s_at,MYCN,4613,MYCN,4613
209757_s_at,MYCN,4613,MYCN,4613
211377_x_at,MYCN,4613,MYCN,4613
207028_at,MYCNOS,10408,MYCNOS,10408
216188_at,MYCNOS,10408,MYCNOS,10408
220471_s_at,MYCT1,80177,MYCT1,80177
209124_at,MYD88,4615,MYD88,4615
216483_s_at,MYDGF,56005,MYDGF,56005
221739_at,MYDGF,56005,MYDGF,56005
222153_at,MYEF2,50804,MYEF2,50804
207424_at,MYF5,4617,MYF5,4617
206372_at,MYF6,4618,MYF6,4618
205951_at,MYH1,4619,MYH1,4619
212372_at,MYH10,4628,MYH10,4628
213067_at,MYH10,4628,MYH10,4628
201495_x_at,MYH11,4629,MYH11,4629
201496_x_at,MYH11,4629,MYH11,4629
201497_x_at,MYH11,4629,MYH11,4629
207961_x_at,MYH11,4629,MYH11,4629
208208_at,MYH13,8735,MYH13,8735
217545_at,MYH14,79784,MYH14,79784
217660_at,MYH14,79784,MYH14,79784
219946_x_at,MYH14,79784,MYH14,79784
215331_at,MYH15,22989,MYH15,22989
204631_at,MYH2,4620,MYH2,4620
205940_at,MYH3,4621,MYH3,4621
208148_at,MYH4,4622,MYH4,4622
214468_at,MYH6,4624,MYH6,4624
216265_x_at,MYH7,4625,MYH7,4625
204737_s_at,MYH7///MYH6,4625///4624,MYH7///MYH6,4625///4624
215795_at,MYH7B,57644,MYH7B,57644
206717_at,MYH8,4626,MYH8,4626
34471_at,MYH8,4626,MYH8,4626
211926_s_at,MYH9,4627,MYH9,4627
209888_s_at,MYL1,4632,MYL1,4632
221659_s_at,MYL10,93408,MYL10,93408
221660_at,MYL10,93408,MYL10,93408
201319_at,MYL12A,10627,MYL12A,10627
221474_at,MYL12B,103910,MYL12B,103910
201318_s_at,MYL12B///MYL12A,103910///10627,MYL12B///MYL12A,103910///10627
209742_s_at,MYL2,4633,MYL2,4633
205589_at,MYL3,4634,MYL3,4634
210088_x_at,MYL4,4635,MYL4,4635
210395_x_at,MYL4,4635,MYL4,4635
216054_x_at,MYL4,4635,MYL4,4635
217274_x_at,MYL4,4635,MYL4,4635
205145_s_at,MYL5,4636,MYL5,4636
212082_s_at,MYL6,4637,MYL6,4637
214002_at,MYL6,4637,MYL6,4637
204173_at,MYL6B,140465,MYL6B,140465
219942_at,MYL7,58498,MYL7,58498
201058_s_at,MYL9,10398,MYL9,10398
220319_s_at,MYLIP,29116,MYLIP,29116
202555_s_at,MYLK,4638,MYLK,4638
217623_at,MYLK3,91807,MYLK3,91807
205163_at,MYLPF,29895,MYLPF,29895
218926_at,MYNN,55892,MYNN,55892
201976_s_at,MYO10,4651,MYO10,4651
216222_s_at,MYO10,4651,MYO10,4651
220288_at,MYO15A,51168,MYO15A,51168
219173_at,MYO15B,80022,MYO15B,80022
59375_at,MYO15B,80022,MYO15B,80022
215119_at,MYO16,23026,MYO16,23026
202039_at,MYO18A///TIAF1,399687///9220,MYO18A///TIAF1,399687///9220
219320_at,MYO19,80179,MYO19,80179
211916_s_at,MYO1A,4640,MYO1A,4640
212364_at,MYO1B,4430,MYO1B,4430
212365_at,MYO1B,4430,MYO1B,4430
215074_at,MYO1B,4430,MYO1B,4430
214656_x_at,MYO1C,4641,MYO1C,4641
32811_at,MYO1C,4641,MYO1C,4641
212338_at,MYO1D,4642,MYO1D,4642
203072_at,MYO1E,4643,MYO1E,4643
213733_at,MYO1F,4542,MYO1F,4542
221400_at,MYO3A,53904,MYO3A,53904
204527_at,MYO5A,4644,MYO5A,4644
217417_at,MYO5A,4644,MYO5A,4644
218966_at,MYO5C,55930,MYO5C,55930
203215_s_at,MYO6,4646,MYO6,4646
203216_s_at,MYO6,4646,MYO6,4646
210480_s_at,MYO6,4646,MYO6,4646
208189_s_at,MYO7A,4647,MYO7A,4647
211103_at,MYO7A,4647,MYO7A,4647
211104_s_at,MYO7A,4647,MYO7A,4647
33197_at,MYO7A,4647,MYO7A,4647
216660_at,MYO7B,4648,MYO7B,4648
216662_at,MYO7B,4648,MYO7B,4648
219027_s_at,MYO9A,4649,MYO9A,4649
208452_x_at,MYO9B,4650,MYO9B,4650
214780_s_at,MYO9B,4650,MYO9B,4650
217297_s_at,MYO9B,4650,MYO9B,4650
210155_at,MYOC,4653,MYOC,4653
206657_s_at,MYOD1,4654,MYOD1,4654
201798_s_at,MYOF,26509,MYOF,26509
211864_s_at,MYOF,26509,MYOF,26509
217518_at,MYOF,26509,MYOF,26509
207282_s_at,MYOG,4656,MYOG,4656
205610_at,MYOM1,8736,MYOM1,8736
205826_at,MYOM2,9172,MYOM2,9172
219728_at,MYOT,9499,MYOT,9499
219509_at,MYOZ1,58529,MYOZ1,58529
207148_x_at,MYOZ2,51778,MYOZ2,51778
211476_at,MYOZ2,51778,MYOZ2,51778
213782_s_at,MYOZ2,51778,MYOZ2,51778
213955_at,MYOZ3,91977,MYOZ3,91977
204073_s_at,MYRF,745,MYRF,745
217462_at,MYRF,745,MYRF,745
217463_s_at,MYRF,745,MYRF,745
214156_at,MYRIP,25924,MYRIP,25924
210341_at,MYT1,4661,MYT1,4661
215822_x_at,MYT1,4661,MYT1,4661
210016_at,MYT1L,23040,MYT1L,23040
216672_s_at,MYT1L,23040,MYT1L,23040
212241_at,MYZAP///GCOM1///POLR2M,100820829///145781///81488,MYZAP///GCOM1///POLR2M,100820829///145781///81488
221286_s_at,MZB1,51237,MZB1,51237
204138_s_at,MZF1,7593,MZF1,7593
204139_x_at,MZF1,7593,MZF1,7593
210336_x_at,MZF1,7593,MZF1,7593
40569_at,MZF1,7593,MZF1,7593
212995_x_at,MZT2A///MZT2B///PHGDH,653784///80097///26227,MZT2A///MZT2B///PHGDH,653784///80097///26227
220720_x_at,MZT2B,80097,MZT2B,80097
204601_at,N4BP1,9683,N4BP1,9683
221867_at,N4BP1,9683,N4BP1,9683
32069_at,N4BP1,9683,N4BP1,9683
48612_at,N4BP1,9683,N4BP1,9683
211390_at,N4BP2L1,90634,N4BP2L1,90634
213375_s_at,N4BP2L1,90634,N4BP2L1,90634
214886_s_at,N4BP2L1,90634,N4BP2L1,90634
214887_at,N4BP2L1,90634,N4BP2L1,90634
214906_x_at,N4BP2L1,90634,N4BP2L1,90634
217197_x_at,N4BP2L1,90634,N4BP2L1,90634
202258_s_at,N4BP2L2,10443,N4BP2L2,10443
202259_s_at,N4BP2L2,10443,N4BP2L2,10443
214748_at,N4BP2L2,10443,N4BP2L2,10443
214753_at,N4BP2L2,10443,N4BP2L2,10443
221899_at,N4BP2L2,10443,N4BP2L2,10443
215105_at,N4BP2L2-IT2,116828,N4BP2L2-IT2,116828
214775_at,N4BP3,23138,N4BP3,23138
220311_at,N6AMT1,29104,N6AMT1,29104
203025_at,NAA10,8260,NAA10,8260
210603_at,NAA11,84779,NAA11,84779
219158_s_at,NAA15,80155,NAA15,80155
219378_at,NAA16,79612,NAA16,79612
220656_at,NAA16,79612,NAA16,79612
219362_at,NAA35,60560,NAA35,60560
220925_at,NAA35,60560,NAA35,60560
218734_at,NAA40,79829,NAA40,79829
222369_at,NAA40,79829,NAA40,79829
217745_s_at,NAA50,80218,NAA50,80218
218661_at,NAA60,79903,NAA60,79903
45526_g_at,NAA60,79903,NAA60,79903
214765_s_at,NAAA,27163,NAAA,27163
215178_x_at,NAAA,27163,NAAA,27163
222161_at,NAALAD2,10003,NAALAD2,10003
207895_at,NAALADL1,10004,NAALADL1,10004
208047_s_at,NAB1,4664,NAB1,4664
209272_at,NAB1,4664,NAB1,4664
211139_s_at,NAB1,4664,NAB1,4664
212803_at,NAB2,4665,NAB2,4665
216017_s_at,NAB2,4665,NAB2,4665
219334_s_at,NABP1,64859,NABP1,64859
218903_s_at,NABP2,79035,NABP2,79035
200735_x_at,NACA,4666,NACA,4666
208635_x_at,NACA,4666,NACA,4666
222018_at,NACA,4666,NACA,4666
222224_at,NACA2,342538,NACA2,342538
213630_at,NACAD,23148,NACAD,23148
211445_x_at,NACAP1,83955,NACAP1,83955
212993_at,NACC2,138151,NACC2,138151
208917_x_at,NADK,65220,NADK,65220
208918_s_at,NADK,65220,NADK,65220
208919_s_at,NADK,65220,NADK,65220
213607_x_at,NADK,65220,NADK,65220
213613_s_at,NADK,65220,NADK,65220
215159_s_at,NADK,65220,NADK,65220
218840_s_at,NADSYN1,55191,NADSYN1,55191
202268_s_at,NAE1,8883,NAE1,8883
210496_at,NAG18,57051,NAG18,57051
202943_s_at,NAGA,4668,NAGA,4668
202944_at,NAGA,4668,NAGA,4668
218231_at,NAGK,55577,NAGK,55577
204360_s_at,NAGLU,4669,NAGLU,4669
215880_at,NAGLU,4669,NAGLU,4669
205090_s_at,NAGPA,51172,NAGPA,51172
204860_s_at,NAIP,4671,NAIP,4671
204861_s_at,NAIP,4671,NAIP,4671
217738_at,NAMPT,10135,NAMPT,10135
217739_s_at,NAMPT,10135,NAMPT,10135
220184_at,NANOG,79923,NANOG,79923
218189_s_at,NANS,54187,NANS,54187
204528_s_at,NAP1L1,4673,NAP1L1,4673
208752_x_at,NAP1L1,4673,NAP1L1,4673
208753_s_at,NAP1L1,4673,NAP1L1,4673
208754_s_at,NAP1L1,4673,NAP1L1,4673
212967_x_at,NAP1L1,4673,NAP1L1,4673
213864_s_at,NAP1L1,4673,NAP1L1,4673
219368_at,NAP1L2,4674,NAP1L2,4674
204749_at,NAP1L3,4675,NAP1L3,4675
201414_s_at,NAP1L4,4676,NAP1L4,4676
206491_s_at,NAPA,8775,NAPA,8775
208751_at,NAPA,8775,NAPA,8775
210048_at,NAPG,8774,NAPG,8774
219862_s_at,NARF,26502,NARF,26502
218742_at,NARFL,64428,NARFL,64428
200027_at,NARS,4677,NARS,4677
219217_at,NARS2,79731,NARS2,79731
201969_at,NASP,4678,NASP,4678
201970_s_at,NASP,4678,NASP,4678
214440_at,NAT1,9,NAT1,9
217884_at,NAT10,55226,NAT10,55226
206797_at,NAT2,10,NAT2,10
210874_s_at,NAT6,24142,NAT6,24142
206964_at,NAT8B,51471,NAT8B,51471
206963_s_at,NAT8B///NAT8,51471///9027,NAT8B///NAT8,51471///9027
210289_at,NAT8B///NAT8,51471///9027,NAT8B///NAT8,51471///9027
204382_at,NAT9,26151,NAT9,26151
218330_s_at,NAV2,89797,NAV2,89797
204823_at,NAV3,89795,NAV3,89795
216466_at,NAV3,89795,NAV3,89795
216632_at,NAV3,89795,NAV3,89795
217940_s_at,NAXD,55739,NAXD,55739
202926_at,NBAS,51594,NBAS,51594
221207_s_at,NBEA,26960,NBEA,26960
200088_x_at,NBEAL1///RPL12,65065///6136,NBEAL1///RPL12,65065///6136
212443_at,NBEAL2,23218,NBEAL2,23218
201621_at,NBL1,4681,NBL1,4681
202905_x_at,NBN,4683,NBN,4683
202906_s_at,NBN,4683,NBN,4683
202907_s_at,NBN,4683,NBN,4683
217299_s_at,NBN,4683,NBN,4683
212854_x_at,NBPF1,55672,NBPF1,55672
201103_x_at,NBPF20///NBPF10///NBPF8///NBPF9///NBPF15///NBPF11///NBPF12///NBPF14,100288142///100132406///728841///400818///284565///200030///149013///25832,NBPF20///NBPF10///NBPF8///NBPF9///NBPF15///NBPF11///NBPF12///NBPF14,100288142///100132406///728841///400818///284565///200030///149013///25832
213612_x_at,NBPF20///NBPF10///NBPF8///NBPF9///NBPF15///NBPF12///NBPF14,100288142///100132406///728841///400818///284565///149013///25832,NBPF20///NBPF10///NBPF8///NBPF9///NBPF15///NBPF12///NBPF14,100288142///100132406///728841///400818///284565///149013///25832
201104_x_at,NBPF25P///NBPF26///NBPF19///NBPF20///NBPF10///NBPF8///NBPF9///NBPF15///NBPF11///NBPF14,101929780///101060684///101060226///100288142///100132406///728841///400818///284565///200030///25832,NBPF25P///NBPF26///NBPF19///NBPF20///NBPF10///NBPF8///NBPF9///NBPF15///NBPF11///NBPF14,101929780///101060684///101060226///100288142///100132406///728841///400818///284565///200030///25832
214693_x_at,NBPF26///NBPF10///NBPF9///NBPF14,101060684///100132406///400818///25832,NBPF26///NBPF10///NBPF9///NBPF14,101060684///100132406///400818///25832
201383_s_at,NBR1,4077,NBR1,4077
201384_s_at,NBR1,4077,NBR1,4077
207631_at,NBR2,10230,NBR2,10230
211685_s_at,NCALD,83988,NCALD,83988
209968_s_at,NCAM1,4684,NCAM1,4684
212843_at,NCAM1,4684,NCAM1,4684
214952_at,NCAM1,4684,NCAM1,4684
217359_s_at,NCAM1,4684,NCAM1,4684
205669_at,NCAM2,4685,NCAM2,4685
205143_at,NCAN,1463,NCAN,1463
201774_s_at,NCAPD2,9918,NCAPD2,9918
212789_at,NCAPD3,23310,NCAPD3,23310
218662_s_at,NCAPG,64151,NCAPG,64151
218663_at,NCAPG,64151,NCAPG,64151
219588_s_at,NCAPG2,54892,NCAPG2,54892
212949_at,NCAPH,23397,NCAPH,23397
205086_s_at,NCAPH2,29781,NCAPH2,29781
209718_at,NCAPH2,29781,NCAPH2,29781
221633_at,NCAPH2,29781,NCAPH2,29781
40640_at,NCAPH2,29781,NCAPH2,29781
209519_at,NCBP1,4686,NCBP1,4686
209520_s_at,NCBP1,4686,NCBP1,4686
201517_at,NCBP2,22916,NCBP2,22916
201521_s_at,NCBP2,22916,NCBP2,22916
218896_s_at,NCBP3,55421,NCBP3,55421
209556_at,NCDN,23154,NCDN,23154
209557_s_at,NCDN,23154,NCDN,23154
214084_x_at,NCF1,653361,NCF1,653361
204961_s_at,NCF1C///NCF1B///NCF1,654817///654816///653361,NCF1C///NCF1B///NCF1,654817///654816///653361
209949_at,NCF2,4688,NCF2,4688
205147_x_at,NCF4,4689,NCF4,4689
207677_s_at,NCF4,4689,NCF4,4689
204725_s_at,NCK1,4690,NCK1,4690
211063_s_at,NCK1,4690,NCK1,4690
203315_at,NCK2,8440,NCK2,8440
207738_s_at,NCKAP1,10787,NCKAP1,10787
217465_at,NCKAP1,10787,NCKAP1,10787
209734_at,NCKAP1L,3071,NCKAP1L,3071
217549_at,NCKAP1L,3071,NCKAP1L,3071
216114_at,NCKIPSD,51517,NCKIPSD,51517
218697_at,NCKIPSD,51517,NCKIPSD,51517
200610_s_at,NCL,4691,NCL,4691
215857_at,NCLN,56926,NCLN,56926
215859_at,NCLN,56926,NCLN,56926
222206_s_at,NCLN,56926,NCLN,56926
209105_at,NCOA1,8648,NCOA1,8648
209106_at,NCOA1,8648,NCOA1,8648
209107_x_at,NCOA1,8648,NCOA1,8648
210249_s_at,NCOA1,8648,NCOA1,8648
205731_s_at,NCOA2,10499,NCOA2,10499
205732_s_at,NCOA2,10499,NCOA2,10499
212867_at,NCOA2,10499,NCOA2,10499
215605_at,NCOA2,10499,NCOA2,10499
207700_s_at,NCOA3,8202,NCOA3,8202
209060_x_at,NCOA3,8202,NCOA3,8202
209061_at,NCOA3,8202,NCOA3,8202
209062_x_at,NCOA3,8202,NCOA3,8202
211352_s_at,NCOA3,8202,NCOA3,8202
210774_s_at,NCOA4,8031,NCOA4,8031
208979_at,NCOA6,23054,NCOA6,23054
200854_at,NCOR1,9611,NCOR1,9611
200855_at,NCOR1,9611,NCOR1,9611
200856_x_at,NCOR1,9611,NCOR1,9611
200857_s_at,NCOR1,9611,NCOR1,9611
207760_s_at,NCOR2,9612,NCOR2,9612
208888_s_at,NCOR2,9612,NCOR2,9612
208889_s_at,NCOR2,9612,NCOR2,9612
215205_x_at,NCOR2,9612,NCOR2,9612
207860_at,NCR1,9437,NCR1,9437
217088_s_at,NCR1,9437,NCR1,9437
217095_x_at,NCR1,9437,NCR1,9437
217045_x_at,NCR2,9436,NCR2,9436
217493_x_at,NCR2,9436,NCR2,9436
221074_at,NCR2,9436,NCR2,9436
221075_s_at,NCR2,9436,NCR2,9436
210763_x_at,NCR3,259197,NCR3,259197
211010_s_at,NCR3,259197,NCR3,259197
211583_x_at,NCR3,259197,NCR3,259197
218266_s_at,NCS1,23413,NCS1,23413
208759_at,NCSTN,23385,NCSTN,23385
218073_s_at,NDC1,55706,NDC1,55706
204162_at,NDC80,10403,NDC80,10403
218414_s_at,NDE1,54820,NDE1,54820
208093_s_at,NDEL1,81565,NDEL1,81565
217800_s_at,NDFIP1,80762,NDFIP1,80762
209550_at,NDN,4692,NDN,4692
219747_at,NDNF,79625,NDNF,79625
219899_x_at,NDOR1,27158,NDOR1,27158
206022_at,NDP,4693,NDP,4693
200632_s_at,NDRG1,10397,NDRG1,10397
206453_s_at,NDRG2,57447,NDRG2,57447
214278_s_at,NDRG2,57447,NDRG2,57447
214279_s_at,NDRG2,57447,NDRG2,57447
217286_s_at,NDRG3,57446,NDRG3,57446
221082_s_at,NDRG3,57446,NDRG3,57446
209159_s_at,NDRG4,65009,NDRG4,65009
202607_at,NDST1,3340,NDST1,3340
202608_s_at,NDST1,3340,NDST1,3340
203916_at,NDST2,8509,NDST2,8509
220429_at,NDST3,9348,NDST3,9348
208334_at,NDST4,64579,NDST4,64579
202298_at,NDUFA1,4694,NDUFA1,4694
217860_at,NDUFA10,4705,NDUFA10,4705
220864_s_at,NDUFA13,51079,NDUFA13,51079
209223_at,NDUFA2,4695,NDUFA2,4695
209224_s_at,NDUFA2,4695,NDUFA2,4695
218563_at,NDUFA3,4696,NDUFA3,4696
217773_s_at,NDUFA4,4697,NDUFA4,4697
218484_at,NDUFA4L2,56901,NDUFA4L2,56901
201304_at,NDUFA5,4698,NDUFA5,4698
215850_s_at,NDUFA5,4698,NDUFA5,4698
202000_at,NDUFA6,4700,NDUFA6,4700
202001_s_at,NDUFA6,4700,NDUFA6,4700
202785_at,NDUFA7,4701,NDUFA7,4701
218160_at,NDUFA8,4702,NDUFA8,4702
208969_at,NDUFA9,4704,NDUFA9,4704
202077_at,NDUFAB1,4706,NDUFAB1,4706
204125_at,NDUFAF1,51103,NDUFAF1,51103
209177_at,NDUFAF3,25915,NDUFAF3,25915
219006_at,NDUFAF4,29078,NDUFAF4,29078
219524_s_at,NDUFAF5,79133,NDUFAF5,79133
220943_s_at,NDUFAF7,55471,NDUFAF7,55471
206790_s_at,NDUFB1,4707,NDUFB1,4707
218320_s_at,NDUFB11,54539,NDUFB11,54539
218200_s_at,NDUFB2,4708,NDUFB2,4708
218201_at,NDUFB2,4708,NDUFB2,4708
222090_at,NDUFB2-AS1,100134713,NDUFB2-AS1,100134713
203371_s_at,NDUFB3,4709,NDUFB3,4709
218226_s_at,NDUFB4,4710,NDUFB4,4710
203621_at,NDUFB5,4711,NDUFB5,4711
203613_s_at,NDUFB6,4712,NDUFB6,4712
202839_s_at,NDUFB7,4713,NDUFB7,4713
211407_at,NDUFB7,4713,NDUFB7,4713
201226_at,NDUFB8,4714,NDUFB8,4714
201227_s_at,NDUFB8,4714,NDUFB8,4714
214241_at,NDUFB8,4714,NDUFB8,4714
203478_at,NDUFC1,4717,NDUFC1,4717
219545_at,NDUFC2-KCTD14///KCTD14,100532726///65987,NDUFC2-KCTD14///KCTD14,100532726///65987
58916_at,NDUFC2-KCTD14///KCTD14,100532726///65987,NDUFC2-KCTD14///KCTD14,100532726///65987
218101_s_at,NDUFC2-KCTD14///NDUFC2,100532726///4718,NDUFC2-KCTD14///NDUFC2,100532726///4718
203039_s_at,NDUFS1,4719,NDUFS1,4719
201966_at,NDUFS2,4720,NDUFS2,4720
201740_at,NDUFS3,4722,NDUFS3,4722
209303_at,NDUFS4,4724,NDUFS4,4724
203606_at,NDUFS6,4726,NDUFS6,4726
211752_s_at,NDUFS7,374291,NDUFS7,374291
208714_at,NDUFV1,4723,NDUFV1,4723
202941_at,NDUFV2,4729,NDUFV2,4729
205054_at,NEB,4703,NEB,4703
215368_at,NEB,4703,NEB,4703
203961_at,NEBL,10529,NEBL,10529
203962_s_at,NEBL,10529,NEBL,10529
207279_s_at,NEBL,10529,NEBL,10529
216882_s_at,NEBL,10529,NEBL,10529
217585_at,NEBL,10529,NEBL,10529
215005_at,NECAB2,54550,NECAB2,54550
210720_s_at,NECAB3,63941,NECAB3,63941
209300_s_at,NECAP1,25977,NECAP1,25977
220731_s_at,NECAP2,55707,NECAP2,55707
208455_at,NECTIN1,5818,NECTIN1,5818
211845_at,NECTIN1,5818,NECTIN1,5818
211846_s_at,NECTIN1,5818,NECTIN1,5818
203149_at,NECTIN2,5819,NECTIN2,5819
213325_at,NECTIN3,25945,NECTIN3,25945
213012_at,NEDD4,4734,NEDD4,4734
212445_s_at,NEDD4L,23327,NEDD4L,23327
212448_at,NEDD4L,23327,NEDD4L,23327
201840_at,NEDD8,4738,NEDD8,4738
202149_at,NEDD9,4739,NEDD9,4739
202150_s_at,NEDD9,4739,NEDD9,4739
204412_s_at,NEFH,4744,NEFH,4744
33767_at,NEFH,4744,NEFH,4744
221801_x_at,NEFL,4747,NEFL,4747
221805_at,NEFL,4747,NEFL,4747
221916_at,NEFL,4747,NEFL,4747
205113_at,NEFM,4741,NEFM,4741
219502_at,NEIL3,55247,NEIL3,55247
211086_x_at,NEK1,4750,NEK1,4750
213328_at,NEK1,4750,NEK1,4750
213331_s_at,NEK1,4750,NEK1,4750
216213_at,NEK1,4750,NEK1,4750
219542_at,NEK11,79858,NEK11,79858
204641_at,NEK2,4751,NEK2,4751
211080_s_at,NEK2,4751,NEK2,4751
211089_s_at,NEK3,4752,NEK3,4752
213116_at,NEK3,4752,NEK3,4752
204634_at,NEK4,6787,NEK4,6787
212530_at,NEK7,140609,NEK7,140609
212299_at,NEK9,91754,NEK9,91754
214738_s_at,NEK9,91754,NEK9,91754
202757_at,NELFB,25920,NELFB,25920
220607_x_at,NELFCD,51497,NELFCD,51497
206089_at,NELL1,4745,NELL1,4745
203413_at,NELL2,4753,NELL2,4753
218649_x_at,NEMF,9147,NEMF,9147
212619_at,NEMP1,23306,NEMP1,23306
212621_at,NEMP1,23306,NEMP1,23306
213673_x_at,NENF,29937,NENF,29937
214072_x_at,NENF,29937,NENF,29937
214075_at,NENF,29937,NENF,29937
214125_s_at,NENF,29937,NENF,29937
218406_x_at,NENF,29937,NENF,29937
218407_x_at,NENF,29937,NENF,29937
204321_at,NEO1,4756,NEO1,4756
218678_at,NES,10763,NES,10763
201829_at,NET1,10276,NET1,10276
201830_s_at,NET1,10276,NET1,10276
218888_s_at,NETO2,81831,NETO2,81831
208926_at,NEU1,4758,NEU1,4758
221368_at,NEU2,4759,NEU2,4759
206948_at,NEU3,10825,NEU3,10825
216082_at,NEU3,10825,NEU3,10825
216083_s_at,NEU3,10825,NEU3,10825
204888_s_at,NEURL1,9148,NEURL1,9148
204889_s_at,NEURL1,9148,NEURL1,9148
206282_at,NEUROD1,4760,NEUROD1,4760
210271_at,NEUROD2,4761,NEUROD2,4761
221318_at,NEUROD4,58158,NEUROD4,58158
220045_at,NEUROD6,63974,NEUROD6,63974
208497_x_at,NEUROG1,4762,NEUROG1,4762
215632_at,NEUROG2,63973,NEUROG2,63973
207965_at,NEUROG3,50674,NEUROG3,50674
211095_at,NF1,4763,NF1,4763
204323_x_at,NF1P9///NF1,101930150///4763,NF1P9///NF1,101930150///4763
204325_s_at,NF1P9///NF1,101930150///4763,NF1P9///NF1,101930150///4763
210631_at,NF1P9///NF1,101930150///4763,NF1P9///NF1,101930150///4763
211094_s_at,NF1P9///NF1,101930150///4763,NF1P9///NF1,101930150///4763
211914_x_at,NF1P9///NF1,101930150///4763,NF1P9///NF1,101930150///4763
212676_at,NF1P9///NF1,101930150///4763,NF1P9///NF1,101930150///4763
212678_at,NF1P9///NF1,101930150///4763,NF1P9///NF1,101930150///4763
216115_at,NF1P9///NF1,101930150///4763,NF1P9///NF1,101930150///4763
204991_s_at,NF2,4771,NF2,4771
210767_at,NF2,4771,NF2,4771
211017_s_at,NF2,4771,NF2,4771
211091_s_at,NF2,4771,NF2,4771
211092_s_at,NF2,4771,NF2,4771
217150_s_at,NF2,4771,NF2,4771
218915_at,NF2,4771,NF2,4771
213438_at,NFASC,23114,NFASC,23114
214799_at,NFASC,23114,NFASC,23114
208003_s_at,NFAT5,10725,NFAT5,10725
215092_s_at,NFAT5,10725,NFAT5,10725
208196_x_at,NFATC1,4772,NFATC1,4772
209664_x_at,NFATC1,4772,NFATC1,4772
210161_at,NFATC1,4772,NFATC1,4772
210162_s_at,NFATC1,4772,NFATC1,4772
211105_s_at,NFATC1,4772,NFATC1,4772
212808_at,NFATC2IP,84901,NFATC2IP,84901
212809_at,NFATC2IP,84901,NFATC2IP,84901
217526_at,NFATC2IP,84901,NFATC2IP,84901
217527_s_at,NFATC2IP,84901,NFATC2IP,84901
207416_s_at,NFATC3,4775,NFATC3,4775
210555_s_at,NFATC3,4775,NFATC3,4775
210556_at,NFATC3,4775,NFATC3,4775
205897_at,NFATC4,4776,NFATC4,4776
213345_at,NFATC4,4776,NFATC4,4776
209930_s_at,NFE2,4778,NFE2,4778
200758_s_at,NFE2L1,4779,NFE2L1,4779
200759_x_at,NFE2L1,4779,NFE2L1,4779
214179_s_at,NFE2L1,4779,NFE2L1,4779
201146_at,NFE2L2,4780,NFE2L2,4780
204702_s_at,NFE2L3,9603,NFE2L3,9603
209289_at,NFIB,4781,NFIB,4781
209290_s_at,NFIB,4781,NFIB,4781
211466_at,NFIB,4781,NFIB,4781
211467_s_at,NFIB,4781,NFIB,4781
213029_at,NFIB,4781,NFIB,4781
213032_at,NFIB,4781,NFIB,4781
213033_s_at,NFIB,4781,NFIB,4781
206929_s_at,NFIC,4782,NFIC,4782
213298_at,NFIC,4782,NFIC,4782
203574_at,NFIL3,4783,NFIL3,4783
209807_s_at,NFIX,4784,NFIX,4784
209239_at,NFKB1,4790,NFKB1,4790
207535_s_at,NFKB2,4791,NFKB2,4791
209636_at,NFKB2,4791,NFKB2,4791
211524_at,NFKB2,4791,NFKB2,4791
201502_s_at,NFKBIA,4792,NFKBIA,4792
214062_x_at,NFKBIB,4793,NFKBIB,4793
214448_x_at,NFKBIB,4793,NFKBIB,4793
203927_at,NFKBIE,4794,NFKBIE,4794
209973_at,NFKBIL1,4795,NFKBIL1,4795
206968_s_at,NFRKB,4798,NFRKB,4798
213028_at,NFRKB,4798,NFRKB,4798
218455_at,NFS1,9054,NFS1,9054
218946_at,NFU1,27247,NFU1,27247
202584_at,NFX1,4799,NFX1,4799
202585_s_at,NFX1,4799,NFX1,4799
210268_at,NFX1,4799,NFX1,4799
204107_at,NFYA,4800,NFYA,4800
204108_at,NFYA,4800,NFYA,4800
204109_s_at,NFYA,4800,NFYA,4800
215720_s_at,NFYA,4800,NFYA,4800
218127_at,NFYB,4801,NFYB,4801
218128_at,NFYB,4801,NFYB,4801
218129_s_at,NFYB,4801,NFYB,4801
202215_s_at,NFYC,4802,NFYC,4802
202216_x_at,NFYC,4802,NFYC,4802
211251_x_at,NFYC,4802,NFYC,4802
211797_s_at,NFYC,4802,NFYC,4802
220337_at,NGB,58157,NGB,58157
213794_s_at,NGDN,25983,NGDN,25983
216263_s_at,NGDN,25983,NGDN,25983
206814_at,NGF,4803,NGF,4803
205858_at,NGFR,4804,NGFR,4804
207492_at,NGLY1,55768,NGLY1,55768
220742_s_at,NGLY1,55768,NGLY1,55768
217722_s_at,NGRN,51335,NGRN,51335
214628_at,NHLH1,4807,NHLH1,4807
214497_s_at,NHLH2,4808,NHLH2,4808
215228_at,NHLH2,4808,NHLH2,4808
219353_at,NHLRC2,374354,NHLRC2,374354
209104_s_at,NHP2,55651,NHP2,55651
202007_at,NID1,4811,NID1,4811
202008_s_at,NID1,4811,NID1,4811
204114_at,NID2,22795,NID2,22795
218133_s_at,NIF3L1,60491,NIF3L1,60491
219285_s_at,NIN,51199,NIN,51199
203045_at,NINJ1,4814,NINJ1,4814
219594_at,NINJ2,4815,NINJ2,4815
207705_s_at,NINL,22981,NINL,22981
219031_s_at,NIP7,51388,NIP7,51388
212129_at,NIPA2,81614,NIPA2,81614
212133_at,NIPA2,81614,NIPA2,81614
220128_s_at,NIPAL2,79815,NIPAL2,79815
210267_at,NIPAL3,57185,NIPAL3,57185
214579_at,NIPAL3,57185,NIPAL3,57185
207108_s_at,NIPBL,25836,NIPBL,25836
212469_at,NIPBL,25836,NIPBL,25836
212483_at,NIPBL,25836,NIPBL,25836
213918_s_at,NIPBL,25836,NIPBL,25836
201708_s_at,NIPSNAP1,8508,NIPSNAP1,8508
201709_s_at,NIPSNAP1,8508,NIPSNAP1,8508
221104_s_at,NIPSNAP3B,55335,NIPSNAP3B,55335
201591_s_at,NISCH,11188,NISCH,11188
202891_at,NIT1,4817,NIT1,4817
218557_at,NIT2,56954,NIT2,56954
219438_at,NKAIN1,79570,NKAIN1,79570
213915_at,NKG7,4818,NKG7,4818
218240_at,NKIRAS2,28511,NKIRAS2,28511
222105_s_at,NKIRAS2,28511,NKIRAS2,28511
205004_at,NKRF,55922,NKRF,55922
202379_s_at,NKTR,4820,NKTR,4820
202380_s_at,NKTR,4820,NKTR,4820
215338_s_at,NKTR,4820,NKTR,4820
215339_at,NKTR,4820,NKTR,4820
210673_x_at,NKX2-1,7080,NKX2-1,7080
211024_s_at,NKX2-1,7080,NKX2-1,7080
206915_at,NKX2-2,4821,NKX2-2,4821
206578_at,NKX2-5,1482,NKX2-5,1482
207451_at,NKX2-8,26257,NKX2-8,26257
209706_at,NKX3-1,4824,NKX3-1,4824
211497_x_at,NKX3-1,4824,NKX3-1,4824
211498_s_at,NKX3-1,4824,NKX3-1,4824
207031_at,NKX3-2,579,NKX3-2,579
221366_at,NKX6-1,4825,NKX6-1,4825
203866_at,NLE1,54475,NLE1,54475
203867_s_at,NLE1,54475,NLE1,54475
205893_at,NLGN1,22871,NLGN1,22871
219726_at,NLGN3,54413,NLGN3,54413
221933_at,NLGN4X,57502,NLGN4X,57502
207703_at,NLGN4Y,22829,NLGN4Y,22829
218318_s_at,NLK,51701,NLK,51701
210113_s_at,NLRP1,22861,NLRP1,22861
211822_s_at,NLRP1,22861,NLRP1,22861
211824_x_at,NLRP1,22861,NLRP1,22861
221690_s_at,NLRP2,55655,NLRP2,55655
207075_at,NLRP3,114548,NLRP3,114548
216015_s_at,NLRP3,114548,NLRP3,114548
216016_at,NLRP3,114548,NLRP3,114548
219680_at,NLRX1,79671,NLRX1,79671
205204_at,NMB,4828,NMB,4828
207333_at,NMBR,4829,NMBR,4829
218036_x_at,NMD3,51068,NMD3,51068
201577_at,NME1,4830,NME1,4830
201268_at,NME1-NME2///NME2,654364///4831,NME1-NME2///NME2,654364///4831
204862_s_at,NME3,4832,NME3,4832
212739_s_at,NME4,4833,NME4,4833
206197_at,NME5,8382,NME5,8382
205851_at,NME6,10201,NME6,10201
219553_at,NME7,29922,NME7,29922
220384_at,NME8,51314,NME8,51314
203964_at,NMI,9111,NMI,9111
209755_at,NMNAT2,23057,NMNAT2,23057
219147_s_at,NMRK1,54981,NMRK1,54981
221051_s_at,NMRK2,27231,NMRK2,27231
201157_s_at,NMT1,4836,NMT1,4836
201158_at,NMT1,4836,NMT1,4836
201159_s_at,NMT1,4836,NMT1,4836
205005_s_at,NMT2,9397,NMT2,9397
205006_s_at,NMT2,9397,NMT2,9397
215069_at,NMT2,9397,NMT2,9397
215743_at,NMT2,9397,NMT2,9397
206023_at,NMU,10874,NMU,10874
221383_at,NMUR1,10316,NMUR1,10316
204239_s_at,NNAT,4826,NNAT,4826
202783_at,NNT,23530,NNT,23530
202784_s_at,NNT,23530,NNT,23530
202115_s_at,NOC2L,26155,NOC2L,26155
218889_at,NOC3L,64318,NOC3L,64318
218860_at,NOC4L,79050,NOC4L,79050
220671_at,NOCT,25819,NOCT,25819
221073_s_at,NOD1,10392,NOD1,10392
220066_at,NOD2,64127,NOD2,64127
220689_at,NODAL,4838,NODAL,4838
218591_s_at,NOL10,79954,NOL10,79954
221970_s_at,NOL11,25926,NOL11,25926
219324_at,NOL12,79159,NOL12,79159
222057_at,NOL12,79159,NOL12,79159
210276_s_at,NOL12///TRIOBP,79159///11078,NOL12///TRIOBP,79159///11078
221566_s_at,NOL3,8996,NOL3,8996
221567_at,NOL3,8996,NOL3,8996
59625_at,NOL3,8996,NOL3,8996
206045_s_at,NOL4,8715,NOL4,8715
218199_s_at,NOL6,65083,NOL6,65083
202881_x_at,NOL7,51406,NOL7,51406
202882_x_at,NOL7,51406,NOL7,51406
210097_s_at,NOL7,51406,NOL7,51406
213838_at,NOL7,51406,NOL7,51406
218244_at,NOL8,55035,NOL8,55035
218754_at,NOL9,79707,NOL9,79707
205895_s_at,NOLC1,9221,NOLC1,9221
211949_s_at,NOLC1,9221,NOLC1,9221
211951_at,NOLC1,9221,NOLC1,9221
200057_s_at,NONO,4841,NONO,4841
208698_s_at,NONO,4841,NONO,4841
210470_x_at,NONO,4841,NONO,4841
217962_at,NOP10,55505,NOP10,55505
214661_s_at,NOP14,8602,NOP14,8602
214123_s_at,NOP14-AS1,317648,NOP14-AS1,317648
214685_at,NOP14-AS1,317648,NOP14-AS1,317648
215141_at,NOP14-AS1,317648,NOP14-AS1,317648
203023_at,NOP16,51491,NOP16,51491
209327_s_at,NOP16,51491,NOP16,51491
213833_x_at,NOP16,51491,NOP16,51491
214011_s_at,NOP16,51491,NOP16,51491
214427_at,NOP2,4839,NOP2,4839
207309_at,NOS1,4842,NOS1,4842
207310_s_at,NOS1,4842,NOS1,4842
215153_at,NOS1AP,9722,NOS1AP,9722
210037_s_at,NOS2,4843,NOS2,4843
205581_s_at,NOS3,4846,NOS3,4846
217950_at,NOSIP,51070,NOSIP,51070
218902_at,NOTCH1,4851,NOTCH1,4851
202443_x_at,NOTCH2,4853,NOTCH2,4853
202445_s_at,NOTCH2,4853,NOTCH2,4853
210756_s_at,NOTCH2,4853,NOTCH2,4853
212377_s_at,NOTCH2,4853,NOTCH2,4853
214722_at,NOTCH2NL,388677,NOTCH2NL,388677
203237_s_at,NOTCH3,4854,NOTCH3,4854
203238_s_at,NOTCH3,4854,NOTCH3,4854
205247_at,NOTCH4,4855,NOTCH4,4855
204501_at,NOV,4856,NOV,4856
214321_at,NOV,4856,NOV,4856
205794_s_at,NOVA1,4857,NOVA1,4857
207437_at,NOVA1,4857,NOVA1,4857
206476_s_at,NOVA2,4858,NOVA2,4858
206477_s_at,NOVA2,4858,NOVA2,4858
206418_at,NOX1,27035,NOX1,27035
207217_s_at,NOX1,27035,NOX1,27035
207380_x_at,NOX1,27035,NOX1,27035
210808_s_at,NOX1,27035,NOX1,27035
221089_at,NOX3,50508,NOX3,50508
219773_at,NOX4,50507,NOX4,50507
220641_at,NOX5,79400,NOX5,79400
221300_at,NPAP1,23742,NPAP1,23742
206699_x_at,NPAS1,4861,NPAS1,4861
216975_x_at,NPAS1,4861,NPAS1,4861
205459_s_at,NPAS2,4862,NPAS2,4862
205460_at,NPAS2,4862,NPAS2,4862
213462_at,NPAS2,4862,NPAS2,4862
39548_at,NPAS2,4862,NPAS2,4862
39549_at,NPAS2,4862,NPAS2,4862
220316_at,NPAS3,64067,NPAS3,64067
222172_at,NPAS3,64067,NPAS3,64067
209798_at,NPAT,4863,NPAT,4863
211584_s_at,NPAT,4863,NPAT,4863
211585_at,NPAT,4863,NPAT,4863
221358_at,NPBWR2,2832,NPBWR2,2832
202679_at,NPC1,4864,NPC1,4864
217584_at,NPC1,4864,NPC1,4864
220106_at,NPC1L1,29881,NPC1L1,29881
200701_at,NPC2,10577,NPC2,10577
218086_at,NPDC1,56654,NPDC1,56654
89476_r_at,NPEPL1,79716,NPEPL1,79716
201454_s_at,NPEPPS,9520,NPEPPS,9520
201455_s_at,NPEPPS,9520,NPEPPS,9520
214101_s_at,NPEPPS,9520,NPEPPS,9520
206402_s_at,NPFF,8620,NPFF,8620
214184_at,NPFF,8620,NPFF,8620
221387_at,NPFFR1,64106,NPFFR1,64106
206285_at,NPHP1,4867,NPHP1,4867
213471_at,NPHP4,261734,NPHP4,261734
216344_at,NPHP4,261734,NPHP4,261734
207673_at,NPHS1,4868,NPHS1,4868
220424_at,NPHS2,7827,NPHS2,7827
204538_x_at,NPIPA1,9284,NPIPA1,9284
215123_at,NPIPA5///NPIPB5///LOC613037///NPIPB4///NPIPB3,100288332///100132247///613037///440345///23117,NPIPA5///NPIPB5///LOC613037///NPIPB4///NPIPB3,100288332///100132247///613037///440345///23117
215002_at,NPIPA5///NPIPB5///NPIPB11///NPIPB8///LOC613037///NPIPB4///NPIPB3,100288332///100132247///728888///728734///613037///440345///23117,NPIPA5///NPIPB5///NPIPB11///NPIPB8///LOC613037///NPIPB4///NPIPB3,100288332///100132247///728888///728734///613037///440345///23117
215920_s_at,NPIPA5///NPIPB6///NPIPB15///PDXDC2P///NPIPB3///NPIPA1,100288332///728741///440348///283970///23117///9284,NPIPA5///NPIPB6///NPIPB15///PDXDC2P///NPIPB3///NPIPA1,100288332///728741///440348///283970///23117///9284
215921_at,NPIPA5///NPIPB6///NPIPB8///NPIPB3,100288332///728741///728734///23117,NPIPA5///NPIPB6///NPIPB8///NPIPB3,100288332///728741///728734///23117
221992_at,NPIPB15,440348,NPIPB15,440348
221210_s_at,NPL,80896,NPL,80896
217796_s_at,NPLOC4,55666,NPLOC4,55666
200063_s_at,NPM1,4869,NPM1,4869
221691_x_at,NPM1,4869,NPM1,4869
221923_s_at,NPM1,4869,NPM1,4869
205129_at,NPM3,10360,NPM3,10360
209957_s_at,NPPA,4878,NPPA,4878
206801_at,NPPB,4879,NPPB,4879
221348_at,NPPC,4880,NPPC,4880
204648_at,NPR1,4881,NPR1,4881
32625_at,NPR1,4881,NPR1,4881
204310_s_at,NPR2,4882,NPR2,4882
214066_x_at,NPR2,4882,NPR2,4882
219054_at,NPR3,4883,NPR3,4883
219789_at,NPR3,4883,NPR3,4883
219790_s_at,NPR3,4883,NPR3,4883
203246_s_at,NPRL2,10641,NPRL2,10641
210373_at,NPRL2,10641,NPRL2,10641
203289_s_at,NPRL3,8131,NPRL3,8131
210672_s_at,NPRL3,8131,NPRL3,8131
214273_x_at,NPRL3,8131,NPRL3,8131
202228_s_at,NPTN,27020,NPTN,27020
204684_at,NPTX1,4884,NPTX1,4884
213479_at,NPTX2,4885,NPTX2,4885
213040_s_at,NPTXR,23467,NPTXR,23467
217041_at,NPTXR,23467,NPTXR,23467
221322_at,NPVF,64111,NPVF,64111
206001_at,NPY,4852,NPY,4852
205440_s_at,NPY1R,4886,NPY1R,4886
208379_x_at,NPY2R,4887,NPY2R,4887
210729_at,NPY2R,4887,NPY2R,4887
210730_s_at,NPY2R,4887,NPY2R,4887
207400_at,NPY5R,4889,NPY5R,4889
210444_at,NPY6R,4888,NPY6R,4888
201467_s_at,NQO1,1728,NQO1,1728
201468_s_at,NQO1,1728,NQO1,1728
210519_s_at,NQO1,1728,NQO1,1728
203814_s_at,NQO2,4835,NQO2,4835
206644_at,NR0B1,190,NR0B1,190
206645_s_at,NR0B1,190,NR0B1,190
206410_at,NR0B2,8431,NR0B2,8431
204760_s_at,NR1D1///THRA,9572///7067,NR1D1///THRA,9572///7067
217476_at,NR1D1///THRA,9572///7067,NR1D1///THRA,9572///7067
31637_s_at,NR1D1///THRA,9572///7067,NR1D1///THRA,9572///7067
209750_at,NR1D2,9975,NR1D2,9975
218215_s_at,NR1H2,7376,NR1H2,7376
203920_at,NR1H3,10062,NR1H3,10062
206340_at,NR1H4,9971,NR1H4,9971
207202_s_at,NR1I2,8856,NR1I2,8856
207203_s_at,NR1I2,8856,NR1I2,8856
207007_at,NR1I3,9970,NR1I3,9970
204791_at,NR2C1,7181,NR2C1,7181
210530_s_at,NR2C1,7181,NR2C1,7181
210531_at,NR2C1,7181,NR2C1,7181
206038_s_at,NR2C2,7182,NR2C2,7182
207443_at,NR2E1,7101,NR2E1,7101
208385_at,NR2E3,10002,NR2E3,10002
208388_at,NR2E3,10002,NR2E3,10002
209505_at,NR2F1,7025,NR2F1,7025
209119_x_at,NR2F2,7026,NR2F2,7026
209120_at,NR2F2,7026,NR2F2,7026
209121_x_at,NR2F2,7026,NR2F2,7026
215073_s_at,NR2F2,7026,NR2F2,7026
209506_s_at,NR2F2///NR2F1,7026///7025,NR2F2///NR2F1,7026///7025
209261_s_at,NR2F6,2063,NR2F6,2063
209262_s_at,NR2F6,2063,NR2F6,2063
213354_s_at,NR2F6,2063,NR2F6,2063
201865_x_at,NR3C1,2908,NR3C1,2908
201866_s_at,NR3C1,2908,NR3C1,2908
211671_s_at,NR3C1,2908,NR3C1,2908
216321_s_at,NR3C1,2908,NR3C1,2908
205259_at,NR3C2,4306,NR3C2,4306
202340_x_at,NR4A1,3164,NR4A1,3164
210226_at,NR4A1,3164,NR4A1,3164
211143_x_at,NR4A1,3164,NR4A1,3164
204621_s_at,NR4A2,4929,NR4A2,4929
204622_x_at,NR4A2,4929,NR4A2,4929
216248_s_at,NR4A2,4929,NR4A2,4929
207978_s_at,NR4A3,8013,NR4A3,8013
209959_at,NR4A3,8013,NR4A3,8013
216979_at,NR4A3,8013,NR4A3,8013
210333_at,NR5A1,2516,NR5A1,2516
208337_s_at,NR5A2,2494,NR5A2,2494
208343_s_at,NR5A2,2494,NR5A2,2494
210174_at,NR5A2,2494,NR5A2,2494
207742_s_at,NR6A1,2649,NR6A1,2649
210391_at,NR6A1,2649,NR6A1,2649
210392_x_at,NR6A1,2649,NR6A1,2649
211402_x_at,NR6A1,2649,NR6A1,2649
207089_at,NRAP,4892,NRAP,4892
202647_s_at,NRAS,4893,NRAS,4893
221803_s_at,NRBF2,29982,NRBF2,29982
217765_at,NRBP1,29959,NRBP1,29959
204105_s_at,NRCAM,4897,NRCAM,4897
216959_x_at,NRCAM,4897,NRCAM,4897
208709_s_at,NRDC,4898,NRDC,4898
221231_s_at,NRDE2,55051,NRDE2,55051
201309_x_at,NREP,9315,NREP,9315
201310_s_at,NREP,9315,NREP,9315
204651_at,NRF1,4899,NRF1,4899
204652_s_at,NRF1,4899,NRF1,4899
211279_at,NRF1,4899,NRF1,4899
211280_s_at,NRF1,4899,NRF1,4899
206237_s_at,NRG1,3084,NRG1,3084
206343_s_at,NRG1,3084,NRG1,3084
208230_s_at,NRG1,3084,NRG1,3084
208231_at,NRG1,3084,NRG1,3084
208232_x_at,NRG1,3084,NRG1,3084
208241_at,NRG1,3084,NRG1,3084
206879_s_at,NRG2,9542,NRG2,9542
208062_s_at,NRG2,9542,NRG2,9542
204081_at,NRGN,4900,NRGN,4900
202599_s_at,NRIP1,8204,NRIP1,8204
202600_s_at,NRIP1,8204,NRIP1,8204
215104_at,NRIP2,83714,NRIP2,83714
219557_s_at,NRIP3,56675,NRIP3,56675
206596_s_at,NRL,4901,NRL,4901
206597_at,NRL,4901,NRL,4901
218625_at,NRN1,51299,NRN1,51299
210510_s_at,NRP1,8829,NRP1,8829
210615_at,NRP1,8829,NRP1,8829
212298_at,NRP1,8829,NRP1,8829
210841_s_at,NRP2,8828,NRP2,8828
210842_at,NRP2,8828,NRP2,8828
211844_s_at,NRP2,8828,NRP2,8828
214632_at,NRP2,8828,NRP2,8828
219367_s_at,NRP2,8828,NRP2,8828
218359_at,NRSN2,80023,NRSN2,80023
210683_at,NRTN,4902,NRTN,4902
209914_s_at,NRXN1,9378,NRXN1,9378
209915_s_at,NRXN1,9378,NRXN1,9378
216096_s_at,NRXN1,9378,NRXN1,9378
209982_s_at,NRXN2,9379,NRXN2,9379
209983_s_at,NRXN2,9379,NRXN2,9379
205795_at,NRXN3,9369,NRXN3,9369
215020_at,NRXN3,9369,NRXN3,9369
215021_s_at,NRXN3,9369,NRXN3,9369
201922_at,NSA2,10412,NSA2,10412
219084_at,NSD1,64324,NSD1,64324
209279_s_at,NSDHL,50814,NSDHL,50814
215093_at,NSDHL,50814,NSDHL,50814
217830_s_at,NSFL1C,55968,NSFL1C,55968
217831_s_at,NSFL1C,55968,NSFL1C,55968
220248_x_at,NSFL1C,55968,NSFL1C,55968
209569_x_at,NSG1,27065,NSG1,27065
209570_s_at,NSG1,27065,NSG1,27065
213533_at,NSG1,27065,NSG1,27065
209483_s_at,NSL1,25936,NSL1,25936
209484_s_at,NSL1,25936,NSL1,25936
203269_at,NSMAF,8439,NSMAF,8439
211376_s_at,NSMCE4A,54780,NSMCE4A,54780
219067_s_at,NSMCE4A,54780,NSMCE4A,54780
219458_s_at,NSUN3,63899,NSUN3,63899
203802_x_at,NSUN5,55695,NSUN5,55695
213773_x_at,NSUN5,55695,NSUN5,55695
213670_x_at,NSUN5P1,155400,NSUN5P1,155400
214100_x_at,NSUN5P1,155400,NSUN5P1,155400
213460_x_at,NSUN5P2///NSUN5P1,260294///155400,NSUN5P2///NSUN5P1,260294///155400
213842_x_at,NSUN5P2///NSUN5P1,260294///155400,NSUN5P2///NSUN5P1,260294///155400
222128_at,NSUN6,221078,NSUN6,221078
220194_at,NSUN7,79730,NSUN7,79730
219214_s_at,NT5C,30833,NT5C,30833
222203_s_at,NT5C1B-RDH14///RDH14,100526794///57665,NT5C1B-RDH14///RDH14,100526794///57665
209155_s_at,NT5C2,22978,NT5C2,22978
218051_s_at,NT5DC2,64943,NT5DC2,64943
218786_at,NT5DC3,51559,NT5DC3,51559
203939_at,NT5E,4907,NT5E,4907
219708_at,NT5M,56953,NT5M,56953
213061_s_at,NTAN1,123803,NTAN1,123803
213062_at,NTAN1,123803,NTAN1,123803
206706_at,NTF3,4908,NTF3,4908
209731_at,NTHL1,4913,NTHL1,4913
208005_at,NTN1,9423,NTN1,9423
207640_x_at,NTN3,4917,NTN3,4917
206713_at,NTNG1,22854,NTNG1,22854
208605_s_at,NTRK1,4914,NTRK1,4914
207152_at,NTRK2,4915,NTRK2,4915
214680_at,NTRK2,4915,NTRK2,4915
221795_at,NTRK2,4915,NTRK2,4915
221796_at,NTRK2,4915,NTRK2,4915
206462_s_at,NTRK3,4916,NTRK3,4916
213960_at,NTRK3,4916,NTRK3,4916
215025_at,NTRK3,4916,NTRK3,4916
215115_x_at,NTRK3,4916,NTRK3,4916
215311_at,NTRK3,4916,NTRK3,4916
217033_x_at,NTRK3,4916,NTRK3,4916
217377_x_at,NTRK3,4916,NTRK3,4916
206291_at,NTS,4922,NTS,4922
207360_s_at,NTSR1,4923,NTSR1,4923
206899_at,NTSR2,23620,NTSR2,23620
204589_at,NUAK1,9891,NUAK1,9891
220987_s_at,NUAK2///AKIP1,81788///56672,NUAK2///AKIP1,81788///56672
203978_at,NUBP1,4682,NUBP1,4682
218227_at,NUBP2,10101,NUBP2,10101
220176_at,NUBPL,80224,NUBPL,80224
200646_s_at,NUCB1,4924,NUCB1,4924
200649_at,NUCB1,4924,NUCB1,4924
203675_at,NUCB2,4925,NUCB2,4925
217802_s_at,NUCKS1,64710,NUCKS1,64710
222027_at,NUCKS1,64710,NUCKS1,64710
201173_x_at,NUDC,10726,NUDC,10726
210574_s_at,NUDC,10726,NUDC,10726
210575_at,NUDC,10726,NUDC,10726
201269_s_at,NUDCD3,23386,NUDCD3,23386
201270_x_at,NUDCD3,23386,NUDCD3,23386
204766_s_at,NUDT1,4521,NUDT1,4521
219855_at,NUDT11,55190,NUDT11,55190
207917_at,NUDT13,25961,NUDT13,25961
214136_at,NUDT13,25961,NUDT13,25961
219347_at,NUDT15,55270,NUDT15,55270
219665_at,NUDT18,79873,NUDT18,79873
218609_s_at,NUDT2,318,NUDT2,318
202697_at,NUDT21,11051,NUDT21,11051
213461_at,NUDT21,11051,NUDT21,11051
211973_at,NUDT3,11165,NUDT3,11165
211976_at,NUDT3,11165,NUDT3,11165
212605_s_at,NUDT3,11165,NUDT3,11165
212608_s_at,NUDT3,11165,NUDT3,11165
212182_at,NUDT4,11163,NUDT4,11163
212183_at,NUDT4P1///NUDT4,440672///11163,NUDT4P1///NUDT4,440672///11163
206302_s_at,NUDT4P1///NUDT4P2///NUDT4,440672///170688///11163,NUDT4P1///NUDT4P2///NUDT4,440672///170688///11163
206303_s_at,NUDT4P1///NUDT4P2///NUDT4,440672///170688///11163,NUDT4P1///NUDT4P2///NUDT4,440672///170688///11163
212181_s_at,NUDT4P1///NUDT4P2///NUDT4,440672///170688///11163,NUDT4P1///NUDT4P2///NUDT4,440672///170688///11163
220183_s_at,NUDT6,11162,NUDT6,11162
215818_at,NUDT7,283927,NUDT7,283927
218375_at,NUDT9,53343,NUDT9,53343
205134_s_at,NUFIP1,26747,NUFIP1,26747
205135_s_at,NUFIP1,26747,NUFIP1,26747
205136_s_at,NUFIP1,26747,NUFIP1,26747
200747_s_at,NUMA1,4926,NUMA1,4926
214250_at,NUMA1,4926,NUMA1,4926
214251_s_at,NUMA1,4926,NUMA1,4926
218768_at,NUP107,57122,NUP107,57122
202184_s_at,NUP133,55746,NUP133,55746
202097_at,NUP153,9972,NUP153,9972
206550_s_at,NUP155,9631,NUP155,9631
212709_at,NUP160,23279,NUP160,23279
214962_s_at,NUP160,23279,NUP160,23279
214963_at,NUP160,23279,NUP160,23279
212691_at,NUP188,23511,NUP188,23511
214675_at,NUP188,23511,NUP188,23511
217601_at,NUP188,23511,NUP188,23511
212247_at,NUP205,23165,NUP205,23165
222382_x_at,NUP205,23165,NUP205,23165
212315_s_at,NUP210,23225,NUP210,23225
212316_at,NUP210,23225,NUP210,23225
213945_s_at,NUP210,23225,NUP210,23225
213947_s_at,NUP210,23225,NUP210,23225
220035_at,NUP210,23225,NUP210,23225
202155_s_at,NUP214,8021,NUP214,8021
211261_at,NUP214,8021,NUP214,8021
218622_at,NUP37,79023,NUP37,79023
219007_at,NUP43,348995,NUP43,348995
213682_at,NUP50,10762,NUP50,10762
218293_x_at,NUP50,10762,NUP50,10762
218294_s_at,NUP50,10762,NUP50,10762
218295_s_at,NUP50,10762,NUP50,10762
215213_at,NUP54,53371,NUP54,53371
218256_s_at,NUP54,53371,NUP54,53371
204435_at,NUP58,9818,NUP58,9818
202153_s_at,NUP62,23636,NUP62,23636
207740_s_at,NUP62,23636,NUP62,23636
220520_s_at,NUP62CL,54830,NUP62CL,54830
218014_at,NUP85,79902,NUP85,79902
202900_s_at,NUP88,4927,NUP88,4927
214192_at,NUP88,4927,NUP88,4927
202188_at,NUP93,9688,NUP93,9688
203194_s_at,NUP98,4928,NUP98,4928
203195_s_at,NUP98,4928,NUP98,4928
210793_s_at,NUP98,4928,NUP98,4928
204003_s_at,NUPL2,11097,NUPL2,11097
209230_s_at,NUPR1,26471,NUPR1,26471
215207_x_at,NUS1///NUS1P3,116150///11049,NUS1///NUS1P3,116150///11049
37079_at,NUS1P3,11049,NUS1P3,11049
218039_at,NUSAP1,51203,NUSAP1,51203
219978_s_at,NUSAP1,51203,NUSAP1,51203
202397_at,NUTF2P4///NUTF2,128322///10204,NUTF2P4///NUTF2,128322///10204
207877_s_at,NVL,4931,NVL,4931
208922_s_at,NXF1,10482,NXF1,10482
220257_x_at,NXF2B///NXF2,728343///56001,NXF2B///NXF2,728343///56001
220981_x_at,NXF2B///NXF2,728343///56001,NXF2B///NXF2,728343///56001
220110_s_at,NXF3,56000,NXF3,56000
219489_s_at,NXN,64359,NXN,64359
217540_at,NXPE3,91775,NXPE3,91775
220645_at,NXPE4,54827,NXPE4,54827
221991_at,NXPH3,11248,NXPH3,11248
221967_at,NXPH4,11247,NXPH4,11247
218708_at,NXT1,29107,NXT1,29107
209628_at,NXT2,55916,NXT2,55916
209629_s_at,NXT2,55916,NXT2,55916
220911_s_at,NYNRIN,57523,NYNRIN,57523
221684_s_at,NYX,60506,NYX,60506
213322_at,OARD1,221443,OARD1,221443
202869_at,OAS1,4938,OAS1,4938
205552_s_at,OAS1,4938,OAS1,4938
204972_at,OAS2,4939,OAS2,4939
206553_at,OAS2,4939,OAS2,4939
218400_at,OAS3,4940,OAS3,4940
205660_at,OASL,8638,OASL,8638
210797_s_at,OASL,8638,OASL,8638
201599_at,OAT,4942,OAT,4942
200077_s_at,OAZ1,4946,OAZ1,4946
215952_s_at,OAZ1,4946,OAZ1,4946
201364_s_at,OAZ2,4947,OAZ2,4947
201365_at,OAZ2,4947,OAZ2,4947
213863_s_at,OAZ3,51686,OAZ3,51686
222075_s_at,OAZ3,51686,OAZ3,51686
219100_at,OBFC1,79991,OBFC1,79991
220848_x_at,OBP2A,29991,OBP2A,29991
220959_s_at,OBP2A///OBP2B,29991///29989,OBP2A///OBP2B,29991///29989
220427_at,OBSCN,84033,OBSCN,84033
216085_at,OBSCN///DKFZP434C153,84033///26105,OBSCN///DKFZP434C153,84033///26105
212775_at,OBSL1,23363,OBSL1,23363
212776_s_at,OBSL1,23363,OBSL1,23363
213946_s_at,OBSL1,23363,OBSL1,23363
214928_at,OBSL1,23363,OBSL1,23363
206498_at,OCA2,4948,OCA2,4948
205441_at,OCEL1,79629,OCEL1,79629
208274_at,OCLM,10896,OCLM,10896
209925_at,OCLN,100506658,OCLN,100506658
207944_at,OCM2,4951,OCM2,4951
203446_s_at,OCRL,4952,OCRL,4952
208316_s_at,OCRL,4952,OCRL,4952
220133_at,ODAM,54959,ODAM,54959
200790_at,ODC1,4953,ODC1,4953
214485_at,ODF1,4956,ODF1,4956
210415_s_at,ODF2,4957,ODF2,4957
203569_s_at,OFD1,8481,OFD1,8481
201282_at,OGDH,4967,OGDH,4967
219277_s_at,OGDHL,55753,OGDHL,55753
221090_s_at,OGFOD1,55239,OGFOD1,55239
219245_s_at,OGFOD2,79676,OGFOD2,79676
219246_s_at,OGFOD2,79676,OGFOD2,79676
44617_at,OGFOD2,79676,OGFOD2,79676
219254_at,OGFOD3,79701,OGFOD3,79701
53071_s_at,OGFOD3,79701,OGFOD3,79701
64438_at,OGFOD3,79701,OGFOD3,79701
202841_x_at,OGFR,11054,OGFR,11054
210443_x_at,OGFR,11054,OGFR,11054
211512_s_at,OGFR,11054,OGFR,11054
211513_s_at,OGFR,11054,OGFR,11054
219582_at,OGFRL1,79627,OGFRL1,79627
205301_s_at,OGG1,4968,OGG1,4968
205760_s_at,OGG1,4968,OGG1,4968
215272_at,OGG1,4968,OGG1,4968
218730_s_at,OGN,4969,OGN,4969
207563_s_at,OGT,8473,OGT,8473
207564_x_at,OGT,8473,OGT,8473
209240_at,OGT,8473,OGT,8473
212307_s_at,OGT,8473,OGT,8473
220594_at,OGT,8473,OGT,8473
213599_at,OIP5,11339,OIP5,11339
219293_s_at,OLA1,29789,OLA1,29789
219975_x_at,OLAH,55301,OLAH,55301
205591_at,OLFM1,10439,OLFM1,10439
210924_at,OLFM1,10439,OLFM1,10439
213131_at,OLFM1,10439,OLFM1,10439
212768_s_at,OLFM4,10562,OLFM4,10562
217525_at,OLFML1,283298,OLFML1,283298
213075_at,OLFML2A,169611,OLFML2A,169611
213125_at,OLFML2B,25903,OLFML2B,25903
218162_at,OLFML3,56944,OLFML3,56944
213824_at,OLIG2,10215,OLIG2,10215
213825_at,OLIG2,10215,OLIG2,10215
210004_at,OLR1,4973,OLR1,4973
205907_s_at,OMD,4958,OMD,4958
205908_s_at,OMD,4958,OMD,4958
221361_at,OMP,4975,OMP,4975
210745_at,ONECUT1,3175,ONECUT1,3175
207676_at,ONECUT2,9480,ONECUT2,9480
212213_x_at,OPA1,4976,OPA1,4976
212214_at,OPA1,4976,OPA1,4976
214306_at,OPA1,4976,OPA1,4976
206357_at,OPA3,80207,OPA3,80207
206215_at,OPCML,4978,OPCML,4978
214111_at,OPCML,4978,OPCML,4978
206323_x_at,OPHN1,4983,OPHN1,4983
222025_s_at,OPLAH,26873,OPLAH,26873
221327_s_at,OPN1MW3///OPN1MW2///OPN1LW///OPN1MW,101060233///728458///5956///2652,OPN1MW3///OPN1MW2///OPN1LW///OPN1MW,101060233///728458///5956///2652
208036_at,OPN1SW,611,OPN1SW,611
219032_x_at,OPN3,23596,OPN3,23596
207792_at,OPRD1,4985,OPRD1,4985
207553_at,OPRK1,4986,OPRK1,4986
206563_s_at,OPRL1,4987,OPRL1,4987
206564_at,OPRL1,4987,OPRL1,4987
207989_at,OPRM1,4988,OPRM1,4988
207994_s_at,OPRM1,4988,OPRM1,4988
211359_s_at,OPRM1,4988,OPRM1,4988
208004_at,OPRPN,58503,OPRPN,58503
202073_at,OPTN,10133,OPTN,10133
202074_s_at,OPTN,10133,OPTN,10133
221339_at,OR10C1,442194,OR10C1,442194
208558_at,OR10H1,26539,OR10H1,26539
208543_at,OR10H2,26538,OR10H2,26538
208520_at,OR10H3,26532,OR10H3,26532
221346_at,OR10J1,26476,OR10J1,26476
221343_at,OR11A1,26531,OR11A1,26531
221344_at,OR12D2,26529,OR12D2,26529
221431_s_at,OR12D3,81797,OR12D3,81797
208098_at,OR12D3///OR5V1,81797///81696,OR12D3///OR5V1,81797///81696
221388_at,OR1A1,8383,OR1A1,8383
221445_at,OR1A2,26189,OR1A2,26189
221464_at,OR1D2,4991,OR1D2,4991
221341_s_at,OR1D5,8386,OR1D5,8386
214515_at,OR1E1,8387,OR1E1,8387
208587_s_at,OR1E2///OR1E1,8388///8387,OR1E2///OR1E1,8388///8387
221402_at,OR1F1,4992,OR1F1,4992
217308_at,OR1F2P,26184,OR1F2P,26184
221375_at,OR1G1,8390,OR1G1,8390
222290_at,OR2A9P///OR2A20P,441295///401428,OR2A9P///OR2A20P,441295///401428
216408_at,OR2B2,81697,OR2B2,81697
216522_at,OR2B6,26212,OR2B6,26212
221460_at,OR2C1,4993,OR2C1,4993
208526_at,OR2F1,26211,OR2F1,26211
217302_at,OR2F2,135948,OR2F2,135948
208525_s_at,OR2F2///OR2F1,135948///26211,OR2F2///OR2F1,135948///26211
216817_s_at,OR2H1,26716,OR2H1,26716
208573_s_at,OR2H2,7932,OR2H2,7932
217081_at,OR2H2,7932,OR2H2,7932
208508_s_at,OR2J2,26707,OR2J2,26707
216818_s_at,OR2J2,26707,OR2J2,26707
217334_at,OR2J3,442186,OR2J3,442186
221409_at,OR2S2,56656,OR2S2,56656
221451_s_at,OR2W1,26692,OR2W1,26692
221353_at,OR3A1,4994,OR3A1,4994
221386_at,OR3A2,4995,OR3A2,4995
221426_s_at,OR3A3,8392,OR3A3,8392
221424_s_at,OR51E2,81285,OR51E2,81285
221329_at,OR52A1,23538,OR52A1,23538
208521_at,OR5I1,10798,OR5I1,10798
221465_at,OR6A2,8590,OR6A2,8590
217316_at,OR7A10,390892,OR7A10,390892
208509_s_at,OR7A17,26333,OR7A17,26333
208285_at,OR7A5,26659,OR7A5,26659
216690_at,OR7C1,26664,OR7C1,26664
208507_at,OR7C2,26658,OR7C2,26658
216698_x_at,OR7E12P,10821,OR7E12P,10821
217551_at,OR7E14P,10819,OR7E14P,10819
222327_x_at,OR7E156P,283491,OR7E156P,283491
216536_at,OR7E19P,26651,OR7E19P,26651
215463_at,OR7E24,26648,OR7E24,26648
215770_at,OR7E2P,8587,OR7E2P,8587
217499_x_at,OR7E37P,100506759,OR7E37P,100506759
222304_x_at,OR7E47P,26628,OR7E47P,26628
217529_at,ORAI2,80228,ORAI2,80228
218811_at,ORAI2,80228,ORAI2,80228
218812_s_at,ORAI2,80228,ORAI2,80228
221864_at,ORAI3,93129,ORAI3,93129
205085_at,ORC1,4998,ORC1,4998
204853_at,ORC2,4999,ORC2,4999
210028_s_at,ORC3,23595,ORC3,23595
203351_s_at,ORC4,5000,ORC4,5000
203352_at,ORC4,5000,ORC4,5000
204957_at,ORC5,5001,ORC5,5001
211212_s_at,ORC5,5001,ORC5,5001
211213_at,ORC5,5001,ORC5,5001
219105_x_at,ORC6,23594,ORC6,23594
205040_at,ORM1,5004,ORM1,5004
205041_s_at,ORM2///ORM1,5005///5004,ORM2///ORM1,5005///5004
214465_at,ORM2///ORM1,5005///5004,ORM2///ORM1,5005///5004
218556_at,ORMDL2,29095,ORMDL2,29095
200714_x_at,OS9,10956,OS9,10956
215399_s_at,OS9,10956,OS9,10956
201799_s_at,OSBP,5007,OSBP,5007
201800_s_at,OSBP,5007,OSBP,5007
221237_s_at,OSBP2,23762,OSBP2,23762
216755_at,OSBPL10,114884,OSBPL10,114884
217017_at,OSBPL10,114884,OSBPL10,114884
219073_s_at,OSBPL10,114884,OSBPL10,114884
218304_s_at,OSBPL11,114885,OSBPL11,114885
208158_s_at,OSBPL1A,114876,OSBPL1A,114876
209485_s_at,OSBPL1A,114876,OSBPL1A,114876
209221_s_at,OSBPL2,9885,OSBPL2,9885
209222_s_at,OSBPL2,9885,OSBPL2,9885
209626_s_at,OSBPL3,26031,OSBPL3,26031
209627_s_at,OSBPL3,26031,OSBPL3,26031
208163_s_at,OSBPL7,114881,OSBPL7,114881
210344_at,OSBPL7,114881,OSBPL7,114881
212582_at,OSBPL8,114882,OSBPL8,114882
212585_at,OSBPL8,114882,OSBPL8,114882
218047_at,OSBPL9,114883,OSBPL9,114883
209020_at,OSER1,51526,OSER1,51526
221954_at,OSER1,51526,OSER1,51526
209450_at,OSGEP,55644,OSGEP,55644
220631_at,OSGEPL1,64172,OSGEPL1,64172
219475_at,OSGIN1,29948,OSGIN1,29948
204024_at,OSGIN2,734,OSGIN2,734
214161_at,OSGIN2,734,OSGIN2,734
41553_at,OSGIN2,734,OSGIN2,734
214637_at,OSM,5008,OSM,5008
205729_at,OSMR,9180,OSMR,9180
213568_at,OSR2,116039,OSR2,116039
204479_at,OSTF1,26578,OSTF1,26578
218196_at,OSTM1,28962,OSTM1,28962
207200_at,OTC,5009,OTC,5009
220492_s_at,OTOF,9381,OTOF,9381
221209_s_at,OTOR,56914,OTOR,56914
219369_s_at,OTUB2,78990,OTUB2,78990
213216_at,OTUD3,23252,OTUD3,23252
203479_s_at,OTUD4,54726,OTUD4,54726
203480_s_at,OTUD4,54726,OTUD4,54726
220669_at,OTUD4,54726,OTUD4,54726
220031_at,OTUD7B,56957,OTUD7B,56957
202632_at,OVCA2///DPH1,124641///1801,OVCA2///DPH1,124641///1801
222041_at,OVCA2///DPH1,124641///1801,OVCA2///DPH1,124641///1801
205432_at,OVGP1,5016,OVGP1,5016
206604_at,OVOL1,5017,OVOL1,5017
206048_at,OVOL2,58495,OVOL2,58495
211778_s_at,OVOL2,58495,OVOL2,58495
216311_at,OVOL3,728361,OVOL3,728361
208717_at,OXA1L,5018,OXA1L,5018
202780_at,OXCT1,5019,OXCT1,5019
220256_s_at,OXCT2,64064,OXCT2,64064
221797_at,OXLD1,339229,OXLD1,339229
50374_at,OXLD1,339229,OXLD1,339229
218197_s_at,OXR1,55074,OXR1,55074
219133_at,OXSM,54995,OXSM,54995
202696_at,OXSR1,9943,OXSR1,9943
207576_x_at,OXT,5020,OXT,5020
206825_at,OXTR,5021,OXTR,5021
210401_at,P2RX1,5023,P2RX1,5023
221356_x_at,P2RX2,22953,P2RX2,22953
221372_s_at,P2RX2,22953,P2RX2,22953
208338_at,P2RX3,5024,P2RX3,5024
204088_at,P2RX4,5025,P2RX4,5025
210448_s_at,P2RX5,5026,P2RX5,5026
209154_at,P2RX5-TAX1BP3///TAX1BP3,100533970///30851,P2RX5-TAX1BP3///TAX1BP3,100533970///30851
215464_s_at,P2RX5-TAX1BP3///TAX1BP3///P2RX5,100533970///30851///5026,P2RX5-TAX1BP3///TAX1BP3///P2RX5,100533970///30851///5026
206880_at,P2RX6,9127,P2RX6,9127
211147_s_at,P2RX6,9127,P2RX6,9127
207091_at,P2RX7,5027,P2RX7,5027
207455_at,P2RY1,5028,P2RY1,5028
214615_at,P2RY10,27334,P2RY10,27334
220005_at,P2RY13,53829,P2RY13,53829
206637_at,P2RY14,9934,P2RY14,9934
206277_at,P2RY2,5029,P2RY2,5029
221466_at,P2RY4,5030,P2RY4,5030
208373_s_at,P2RY6,5031,P2RY6,5031
220750_s_at,P3H1,64175,P3H1,64175
218717_s_at,P3H2,55214,P3H2,55214
204854_at,P3H3,10536,P3H3,10536
204078_at,P3H4,10609,P3H4,10609
207543_s_at,P4HA1,5033,P4HA1,5033
200654_at,P4HB,5034,P4HB,5034
200656_s_at,P4HB,5034,P4HB,5034
222125_s_at,P4HTM,54681,P4HTM,54681
208676_s_at,PA2G4,5036,PA2G4,5036
214794_at,PA2G4,5036,PA2G4,5036
218957_s_at,PAAF1,80227,PAAF1,80227
215157_x_at,PABPC1,26986,PABPC1,26986
208113_x_at,PABPC3,5042,PABPC3,5042
213046_at,PABPN1,8106,PABPN1,8106
214204_at,PACRG,135138,PACRG,135138
215472_at,PACRG,135138,PACRG,135138
220557_s_at,PACS1,55690,PACS1,55690
212778_at,PACS2,23241,PACS2,23241
34406_at,PACS2,23241,PACS2,23241
201651_s_at,PACSIN2,11252,PACSIN2,11252
218744_s_at,PACSIN3,29763,PACSIN3,29763
220962_s_at,PADI1,29943,PADI1,29943
209791_at,PADI2,11240,PADI2,11240
220779_at,PADI3,51702,PADI3,51702
211412_at,PADI4,23569,PADI4,23569
211413_s_at,PADI4,23569,PADI4,23569
220001_at,PADI4,23569,PADI4,23569
206859_s_at,PAEP,5047,PAEP,5047
202093_s_at,PAF1,54623,PAF1,54623
200813_s_at,PAFAH1B1,5048,PAFAH1B1,5048
200815_s_at,PAFAH1B1,5048,PAFAH1B1,5048
200816_s_at,PAFAH1B1,5048,PAFAH1B1,5048
211547_s_at,PAFAH1B1,5048,PAFAH1B1,5048
210160_at,PAFAH1B2,5049,PAFAH1B2,5049
203228_at,PAFAH1B3,5050,PAFAH1B3,5050
205232_s_at,PAFAH2,5051,PAFAH2,5051
205233_s_at,PAFAH2,5051,PAFAH2,5051
206897_at,PAGE1,8712,PAGE1,8712
205564_at,PAGE4,9506,PAGE4,9506
218300_at,PAGR1,79447,PAGR1,79447
201013_s_at,PAICS,10606,PAICS,10606
201014_s_at,PAICS,10606,PAICS,10606
214664_at,PAICS,10606,PAICS,10606
208051_s_at,PAIP1,10605,PAIP1,10605
209063_x_at,PAIP1,10605,PAIP1,10605
209064_x_at,PAIP1,10605,PAIP1,10605
210283_x_at,PAIP1,10605,PAIP1,10605
213754_s_at,PAIP1,10605,PAIP1,10605
221868_at,PAIP2B,400961,PAIP2B,400961
209615_s_at,PAK1,5058,PAK1,5058
218886_at,PAK1IP1,55003,PAK1IP1,55003
205962_at,PAK2,5062,PAK2,5062
208875_s_at,PAK2,5062,PAK2,5062
208876_s_at,PAK2,5062,PAK2,5062
208877_at,PAK2,5062,PAK2,5062
208878_s_at,PAK2,5062,PAK2,5062
214078_at,PAK3,5063,PAK3,5063
214607_at,PAK3,5063,PAK3,5063
203154_s_at,PAK4,10298,PAK4,10298
215326_at,PAK4,10298,PAK4,10298
33814_at,PAK4,10298,PAK4,10298
210721_s_at,PAK5,57144,PAK5,57144
213990_s_at,PAK5,57144,PAK5,57144
219461_at,PAK6,56924,PAK6,56924
219530_at,PALB2,79728,PALB2,79728
200897_s_at,PALLD,23022,PALLD,23022
200906_s_at,PALLD,23022,PALLD,23022
200907_s_at,PALLD,23022,PALLD,23022
203859_s_at,PALM,5064,PALM,5064
202759_s_at,PALM2-AKAP2///AKAP2,445815///11217,PALM2-AKAP2///AKAP2,445815///11217
202760_s_at,PALM2-AKAP2///AKAP2,445815///11217,PALM2-AKAP2///AKAP2,445815///11217
218736_s_at,PALMD,54873,PALMD,54873
202336_s_at,PAM,5066,PAM,5066
212958_x_at,PAM,5066,PAM,5066
214620_x_at,PAM,5066,PAM,5066
218969_at,PAM16,51025,PAM16,51025
213661_at,PAMR1,25891,PAMR1,25891
203117_s_at,PAN2,9924,PAN2,9924
218809_at,PANK2,80025,PANK2,80025
218433_at,PANK3,79646,PANK3,79646
221751_at,PANK3,79646,PANK3,79646
218771_at,PANK4,55229,PANK4,55229
204715_at,PANX1,24145,PANX1,24145
221941_at,PAOX,196743,PAOX,196743
50400_at,PAOX,196743,PAOX,196743
202466_at,PAPD7,11044,PAPD7,11044
209388_at,PAPOLA,10914,PAPOLA,10914
212718_at,PAPOLA,10914,PAPOLA,10914
212720_at,PAPOLA,10914,PAPOLA,10914
215374_at,PAPOLA,10914,PAPOLA,10914
222035_s_at,PAPOLA,10914,PAPOLA,10914
208271_at,PAPOLB,56903,PAPOLB,56903
219160_s_at,PAPOLG,64895,PAPOLG,64895
222273_at,PAPOLG,64895,PAPOLG,64895
201981_at,PAPPA,5069,PAPPA,5069
201982_s_at,PAPPA,5069,PAPPA,5069
211918_x_at,PAPPA2,60676,PAPPA2,60676
213332_at,PAPPA2,60676,PAPPA2,60676
214689_at,PAPPA2,60676,PAPPA2,60676
209043_at,PAPSS1,9061,PAPSS1,9061
203058_s_at,PAPSS2,9060,PAPSS2,9060
203059_s_at,PAPSS2,9060,PAPSS2,9060
203060_s_at,PAPSS2,9060,PAPSS2,9060
213372_at,PAQR3,152559,PAQR3,152559
212858_at,PAQR4,124222,PAQR4,124222
220333_at,PAQR5,54852,PAQR5,54852
219236_at,PAQR6,79957,PAQR6,79957
210094_s_at,PARD3,56288,PARD3,56288
221280_s_at,PARD3,56288,PARD3,56288
221526_x_at,PARD3,56288,PARD3,56288
221527_s_at,PARD3,56288,PARD3,56288
205245_at,PARD6A,50855,PARD6A,50855
211907_s_at,PARD6B,84612,PARD6B,84612
214827_at,PARD6B,84612,PARD6B,84612
205060_at,PARG,8505,PARG,8505
207058_s_at,PARK2,5071,PARK2,5071
200006_at,PARK7,11315,PARK7,11315
218271_s_at,PARL,55486,PARL,55486
204687_at,PARM1,25849,PARM1,25849
203905_at,PARN,5073,PARN,5073
208644_at,PARP1,142,PARP1,142
220315_at,PARP11,57097,PARP11,57097
218543_s_at,PARP12,64761,PARP12,64761
219034_at,PARP16,54956,PARP16,54956
204752_x_at,PARP2,10038,PARP2,10038
214086_s_at,PARP2,10038,PARP2,10038
215773_x_at,PARP2,10038,PARP2,10038
209940_at,PARP3,10039,PARP3,10039
202239_at,PARP4,143,PARP4,143
219639_x_at,PARP6,56965,PARP6,56965
219033_at,PARP8,79668,PARP8,79668
220060_s_at,PARPBP,55010,PARPBP,55010
205833_s_at,PART1,25859,PART1,25859
205834_s_at,PART1,25859,PART1,25859
215972_at,PART1,25859,PART1,25859
213675_at,PARVA,55742,PARVA,55742
215418_at,PARVA,55742,PARVA,55742
217890_s_at,PARVA,55742,PARVA,55742
204629_at,PARVB,29780,PARVB,29780
216253_s_at,PARVB,29780,PARVB,29780
216254_at,PARVB,29780,PARVB,29780
37965_at,PARVB,29780,PARVB,29780
37966_at,PARVB,29780,PARVB,29780
206594_at,PASK,23178,PASK,23178
213534_s_at,PASK,23178,PASK,23178
216945_x_at,PASK,23178,PASK,23178
214493_s_at,PATJ,10207,PATJ,10207
214705_at,PATJ,10207,PATJ,10207
209431_s_at,PATZ1,23598,PATZ1,23598
209494_s_at,PATZ1,23598,PATZ1,23598
210581_x_at,PATZ1,23598,PATZ1,23598
211391_s_at,PATZ1,23598,PATZ1,23598
211392_s_at,PATZ1,23598,PATZ1,23598
211393_at,PATZ1,23598,PATZ1,23598
204004_at,PAWR,5074,PAWR,5074
204005_s_at,PAWR,5074,PAWR,5074
214090_at,PAWR,5074,PAWR,5074
214237_x_at,PAWR,5074,PAWR,5074
214401_at,PAX1,5075,PAX1,5075
206228_at,PAX2,5076,PAX2,5076
206229_x_at,PAX2,5076,PAX2,5076
207679_at,PAX3,5077,PAX3,5077
207680_x_at,PAX3,5077,PAX3,5077
216059_at,PAX3,5077,PAX3,5077
207867_at,PAX4,5078,PAX4,5078
211176_s_at,PAX4,5078,PAX4,5078
206802_at,PAX5,5079,PAX5,5079
221969_at,PAX5,5079,PAX5,5079
205646_s_at,PAX6,5080,PAX6,5080
208060_at,PAX7,5081,PAX7,5081
121_at,PAX8,7849,PAX8,7849
207921_x_at,PAX8,7849,PAX8,7849
207923_x_at,PAX8,7849,PAX8,7849
207924_x_at,PAX8,7849,PAX8,7849
209552_at,PAX8,7849,PAX8,7849
213917_at,PAX8,7849,PAX8,7849
214528_s_at,PAX8,7849,PAX8,7849
221990_at,PAX8,7849,PAX8,7849
207059_at,PAX9,5083,PAX9,5083
218515_at,PAXBP1,94104,PAXBP1,94104
221158_at,PAXBP1,94104,PAXBP1,94104
212825_at,PAXIP1,22976,PAXIP1,22976
219148_at,PBK,55872,PBK,55872
219543_at,PBLD,64081,PBLD,64081
208329_at,PBOV1,59351,PBOV1,59351
220355_s_at,PBRM1,55193,PBRM1,55193
221212_x_at,PBRM1,55193,PBRM1,55193
205253_at,PBX1,5087,PBX1,5087
212148_at,PBX1,5087,PBX1,5087
212151_at,PBX1,5087,PBX1,5087
202875_s_at,PBX2,5089,PBX2,5089
202876_s_at,PBX2,5089,PBX2,5089
211096_at,PBX2,5089,PBX2,5089
211097_s_at,PBX2,5089,PBX2,5089
204082_at,PBX3,5090,PBX3,5090
207838_x_at,PBXIP1,57326,PBXIP1,57326
212259_s_at,PBXIP1,57326,PBXIP1,57326
214176_s_at,PBXIP1,57326,PBXIP1,57326
214177_s_at,PBXIP1,57326,PBXIP1,57326
204476_s_at,PC,5091,PC,5091
203557_s_at,PCBD1,5092,PCBD1,5092
208620_at,PCBP1,5093,PCBP1,5093
204031_s_at,PCBP2,5094,PCBP2,5094
213263_s_at,PCBP2,5094,PCBP2,5094
213264_at,PCBP2,5094,PCBP2,5094
213517_at,PCBP2,5094,PCBP2,5094
205663_at,PCBP3,54039,PCBP3,54039
209361_s_at,PCBP4,57060,PCBP4,57060
203860_at,PCCA,5095,PCCA,5095
216533_at,PCCA,5095,PCCA,5095
212694_s_at,PCCB,5096,PCCB,5096
203918_at,PCDH1,5097,PCDH1,5097
215277_at,PCDH1,5097,PCDH1,5097
208366_at,PCDH11X,27328,PCDH11X,27328
210292_s_at,PCDH11Y///PCDH11X,83259///27328,PCDH11Y///PCDH11X,83259///27328
211227_s_at,PCDH11Y///PCDH11X,83259///27328,PCDH11Y///PCDH11X,83259///27328
217049_x_at,PCDH11Y///PCDH11X,83259///27328,PCDH11Y///PCDH11X,83259///27328
219656_at,PCDH12,51294,PCDH12,51294
205656_at,PCDH17,27253,PCDH17,27253
205534_at,PCDH7,5099,PCDH7,5099
205535_s_at,PCDH7,5099,PCDH7,5099
210273_at,PCDH7,5099,PCDH7,5099
210941_at,PCDH7,5099,PCDH7,5099
206935_at,PCDH8,5100,PCDH8,5100
219737_s_at,PCDH9,5101,PCDH9,5101
219738_s_at,PCDH9,5101,PCDH9,5101
210674_s_at,PCDHA1///PCDHA2///PCDHA3///PCDHA4///PCDHA5///PCDHA6///PCDHA7///PCDHA8///PCDHA10///PCDHA11///PCDHA12///PCDHA13///PCDHAC1///PCDHAC2///PCDHA9,56147///56146///56145///56144///56143///56142///56141///56140///56139///56138///56137///56136///56135///56134///9752,PCDHA1///PCDHA2///PCDHA3///PCDHA4///PCDHA5///PCDHA6///PCDHA7///PCDHA8///PCDHA10///PCDHA11///PCDHA12///PCDHA13///PCDHAC1///PCDHAC2///PCDHA9,56147///56146///56145///56144///56143///56142///56141///56140///56139///56138///56137///56136///56135///56134///9752
211867_s_at,PCDHA10,56139,PCDHA10,56139
211365_s_at,PCDHA2,56146,PCDHA2,56146
210572_at,PCDHA2///PCDHA3,56146///56145,PCDHA2///PCDHA3,56146///56145
211870_s_at,PCDHA2///PCDHA3,56146///56145,PCDHA2///PCDHA3,56146///56145
211838_x_at,PCDHA5,56143,PCDHA5,56143
211811_s_at,PCDHA5///PCDHA6,56143///56142,PCDHA5///PCDHA6,56143///56142
208205_at,PCDHA9,9752,PCDHA9,9752
221303_at,PCDHB1,29930,PCDHB1,29930
208504_x_at,PCDHB11,56125,PCDHB11,56125
221408_x_at,PCDHB12,56124,PCDHB12,56124
221450_x_at,PCDHB13,56123,PCDHB13,56123
216313_at,PCDHB17P,54661,PCDHB17P,54661
216355_at,PCDHB17P,54661,PCDHB17P,54661
221410_x_at,PCDHB3,56132,PCDHB3,56132
221317_x_at,PCDHB6,56130,PCDHB6,56130
221319_at,PCDHB8,56128,PCDHB8,56128
211880_x_at,PCDHGA1,56114,PCDHGA1,56114
205717_x_at,PCDHGA1///PCDHGA2///PCDHGA3///PCDHGA4///PCDHGA5///PCDHGA6///PCDHGA7///PCDHGA9///PCDHGA10///PCDHGA11///PCDHGB1///PCDHGB2///PCDHGB3///PCDHGB5///PCDHGB6///PCDHGB7///PCDHGC4///PCDHGC5///PCDHGA12///PCDHGA8///PCDHGB4///PCDHGC3,56114///56113///56112///56111///56110///56109///56108///56107///56106///56105///56104///56103///56102///56101///56100///56099///56098///56097///26025///9708///8641///5098,PCDHGA1///PCDHGA2///PCDHGA3///PCDHGA4///PCDHGA5///PCDHGA6///PCDHGA7///PCDHGA9///PCDHGA10///PCDHGA11///PCDHGB1///PCDHGB2///PCDHGB3///PCDHGB5///PCDHGB6///PCDHGB7///PCDHGC4///PCDHGC5///PCDHGA12///PCDHGA8///PCDHGB4///PCDHGC3,56114///56113///56112///56111///56110///56109///56108///56107///56106///56105///56104///56103///56102///56101///56100///56099///56098///56097///26025///9708///8641///5098
209079_x_at,PCDHGA1///PCDHGA2///PCDHGA3///PCDHGA4///PCDHGA5///PCDHGA6///PCDHGA7///PCDHGA9///PCDHGA10///PCDHGA11///PCDHGB1///PCDHGB2///PCDHGB3///PCDHGB5///PCDHGB6///PCDHGB7///PCDHGC4///PCDHGC5///PCDHGA12///PCDHGA8///PCDHGB4///PCDHGC3,56114///56113///56112///56111///56110///56109///56108///56107///56106///56105///56104///56103///56102///56101///56100///56099///56098///56097///26025///9708///8641///5098,PCDHGA1///PCDHGA2///PCDHGA3///PCDHGA4///PCDHGA5///PCDHGA6///PCDHGA7///PCDHGA9///PCDHGA10///PCDHGA11///PCDHGB1///PCDHGB2///PCDHGB3///PCDHGB5///PCDHGB6///PCDHGB7///PCDHGC4///PCDHGC5///PCDHGA12///PCDHGA8///PCDHGB4///PCDHGC3,56114///56113///56112///56111///56110///56109///56108///56107///56106///56105///56104///56103///56102///56101///56100///56099///56098///56097///26025///9708///8641///5098
211066_x_at,PCDHGA1///PCDHGA2///PCDHGA3///PCDHGA4///PCDHGA5///PCDHGA6///PCDHGA7///PCDHGA9///PCDHGA10///PCDHGA11///PCDHGB1///PCDHGB2///PCDHGB3///PCDHGB5///PCDHGB6///PCDHGB7///PCDHGC4///PCDHGC5///PCDHGA12///PCDHGA8///PCDHGB4///PCDHGC3,56114///56113///56112///56111///56110///56109///56108///56107///56106///56105///56104///56103///56102///56101///56100///56099///56098///56097///26025///9708///8641///5098,PCDHGA1///PCDHGA2///PCDHGA3///PCDHGA4///PCDHGA5///PCDHGA6///PCDHGA7///PCDHGA9///PCDHGA10///PCDHGA11///PCDHGB1///PCDHGB2///PCDHGB3///PCDHGB5///PCDHGB6///PCDHGB7///PCDHGC4///PCDHGC5///PCDHGA12///PCDHGA8///PCDHGB4///PCDHGC3,56114///56113///56112///56111///56110///56109///56108///56107///56106///56105///56104///56103///56102///56101///56100///56099///56098///56097///26025///9708///8641///5098
215836_s_at,PCDHGA1///PCDHGA2///PCDHGA3///PCDHGA4///PCDHGA5///PCDHGA6///PCDHGA7///PCDHGA9///PCDHGA10///PCDHGA11///PCDHGB1///PCDHGB2///PCDHGB3///PCDHGB5///PCDHGB6///PCDHGB7///PCDHGC4///PCDHGC5///PCDHGA12///PCDHGA8///PCDHGB4///PCDHGC3,56114///56113///56112///56111///56110///56109///56108///56107///56106///56105///56104///56103///56102///56101///56100///56099///56098///56097///26025///9708///8641///5098,PCDHGA1///PCDHGA2///PCDHGA3///PCDHGA4///PCDHGA5///PCDHGA6///PCDHGA7///PCDHGA9///PCDHGA10///PCDHGA11///PCDHGB1///PCDHGB2///PCDHGB3///PCDHGB5///PCDHGB6///PCDHGB7///PCDHGC4///PCDHGC5///PCDHGA12///PCDHGA8///PCDHGB4///PCDHGC3,56114///56113///56112///56111///56110///56109///56108///56107///56106///56105///56104///56103///56102///56101///56100///56099///56098///56097///26025///9708///8641///5098
211875_x_at,PCDHGA10,56106,PCDHGA10,56106
211877_s_at,PCDHGA11///PCDHGC3,56105///5098,PCDHGA11///PCDHGC3,56105///5098
211879_x_at,PCDHGA3,56112,PCDHGA3,56112
216352_x_at,PCDHGA3,56112,PCDHGA3,56112
211876_x_at,PCDHGA3///PCDHGA5///PCDHGA6///PCDHGA10///PCDHGA11///PCDHGA12///PCDHGC3,56112///56110///56109///56106///56105///26025///5098,PCDHGA3///PCDHGA5///PCDHGA6///PCDHGA10///PCDHGA11///PCDHGA12///PCDHGC3,56112///56110///56109///56106///56105///26025///5098
210368_at,PCDHGA8,9708,PCDHGA8,9708
211873_s_at,PCDHGA9,56107,PCDHGA9,56107
211807_x_at,PCDHGB5,56101,PCDHGB5,56101
221682_s_at,PCDHGB6,56100,PCDHGB6,56100
214563_at,PCDHGC3,5098,PCDHGC3,5098
214564_s_at,PCDHGC3,5098,PCDHGC3,5098
203378_at,PCF11,51585,PCF11,51585
210022_at,PCGF1,84759,PCGF1,84759
210023_s_at,PCGF1,84759,PCGF1,84759
203792_x_at,PCGF2,7703,PCGF2,7703
203793_x_at,PCGF2,7703,PCGF2,7703
213551_x_at,PCGF2,7703,PCGF2,7703
214239_x_at,PCGF2,7703,PCGF2,7703
204564_at,PCGF3,10336,PCGF3,10336
212753_at,PCGF3,10336,PCGF3,10336
219940_s_at,PCID2,55795,PCID2,55795
221762_s_at,PCIF1,63935,PCIF1,63935
222045_s_at,PCIF1,63935,PCIF1,63935
89948_at,PCIF1,63935,PCIF1,63935
208383_s_at,PCK1,5105,PCK1,5105
202847_at,PCK2,5106,PCK2,5106
210650_s_at,PCLO,27445,PCLO,27445
213558_at,PCLO,27445,PCLO,27445
217096_at,PCLO,27445,PCLO,27445
202174_s_at,PCM1,5108,PCM1,5108
209996_x_at,PCM1,5108,PCM1,5108
209997_x_at,PCM1,5108,PCM1,5108
214118_x_at,PCM1,5108,PCM1,5108
214937_x_at,PCM1,5108,PCM1,5108
205202_at,PCMT1,5110,PCMT1,5110
208857_s_at,PCMT1,5110,PCMT1,5110
210156_s_at,PCMT1,5110,PCMT1,5110
212406_s_at,PCMTD2,55251,PCMTD2,55251
201202_at,PCNA,5111,PCNA,5111
217816_s_at,PCNP,57092,PCNP,57092
203660_s_at,PCNT,5116,PCNT,5116
213159_at,PCNX1,22990,PCNX1,22990
213173_at,PCNX1,22990,PCNX1,22990
215175_at,PCNX1,22990,PCNX1,22990
205689_at,PCNX2,80003,PCNX2,80003
220461_at,PCNX2,80003,PCNX2,80003
39650_s_at,PCNX2,80003,PCNX2,80003
201789_at,PCNX4,64430,PCNX4,64430
219972_s_at,PCNX4,64430,PCNX4,64430
202465_at,PCOLCE,5118,PCOLCE,5118
219295_s_at,PCOLCE2,26577,PCOLCE2,26577
205549_at,PCP4,5121,PCP4,5121
205825_at,PCSK1,5122,PCSK1,5122
218952_at,PCSK1N,27344,PCSK1N,27344
204869_at,PCSK2,5126,PCSK2,5126
204870_s_at,PCSK2,5126,PCSK2,5126
205559_s_at,PCSK5,5125,PCSK5,5125
205560_at,PCSK5,5125,PCSK5,5125
213652_at,PCSK5,5125,PCSK5,5125
211262_at,PCSK6,5046,PCSK6,5046
211263_s_at,PCSK6,5046,PCSK6,5046
203118_at,PCSK7,9159,PCSK7,9159
218676_s_at,PCTP,58488,PCTP,58488
203803_at,PCYOX1,51449,PCYOX1,51449
218953_s_at,PCYOX1L,78991,PCYOX1L,78991
204209_at,PCYT1A,5130,PCYT1A,5130
204210_s_at,PCYT1A,5130,PCYT1A,5130
206751_s_at,PCYT1B,9468,PCYT1B,9468
210456_at,PCYT1B,9468,PCYT1B,9468
209577_at,PCYT2,5833,PCYT2,5833
202290_at,PDAP1,11333,PDAP1,11333
217624_at,PDAP1,11333,PDAP1,11333
211496_s_at,PDC,5132,PDC,5132
207634_at,PDCD1,5133,PDCD1,5133
210907_s_at,PDCD10,11235,PDCD10,11235
212422_at,PDCD11,22984,PDCD11,22984
212424_at,PDCD11,22984,PDCD11,22984
220049_s_at,PDCD1LG2,80380,PDCD1LG2,80380
204025_s_at,PDCD2,5134,PDCD2,5134
213581_at,PDCD2,5134,PDCD2,5134
213585_s_at,PDCD2,5134,PDCD2,5134
222307_at,PDCD4-AS1,282997,PDCD4-AS1,282997
219275_at,PDCD5,9141,PDCD5,9141
203415_at,PDCD6,10016,PDCD6,10016
222152_at,PDCD6,10016,PDCD6,10016
222380_s_at,PDCD6,10016,PDCD6,10016
217746_s_at,PDCD6IP,10015,PDCD6IP,10015
204448_s_at,PDCL,5082,PDCL,5082
204449_at,PDCL,5082,PDCL,5082
219043_s_at,PDCL3P4///PDCL3,285359///79031,PDCL3P4///PDCL3,285359///79031
205501_at,PDE10A,10846,PDE10A,10846
211170_s_at,PDE10A,10846,PDE10A,10846
211171_s_at,PDE10A,10846,PDE10A,10846
221110_x_at,PDE11A,50940,PDE11A,50940
214826_at,PDE12,201626,PDE12,201626
208396_s_at,PDE1A,5136,PDE1A,5136
206444_at,PDE1B,5153,PDE1B,5153
207303_at,PDE1C,5137,PDE1C,5137
216869_at,PDE1C,5137,PDE1C,5137
204134_at,PDE2A,5138,PDE2A,5138
206388_at,PDE3A,5139,PDE3A,5139
206389_s_at,PDE3A,5139,PDE3A,5139
208591_s_at,PDE3B,5140,PDE3B,5140
214582_at,PDE3B,5140,PDE3B,5140
222317_at,PDE3B,5140,PDE3B,5140
204735_at,PDE4A,5141,PDE4A,5141
211447_s_at,PDE4A,5141,PDE4A,5141
211591_s_at,PDE4A,5141,PDE4A,5141
211901_s_at,PDE4A,5141,PDE4A,5141
203708_at,PDE4B,5142,PDE4B,5142
211302_s_at,PDE4B,5142,PDE4B,5142
215671_at,PDE4B,5142,PDE4B,5142
204491_at,PDE4D,5144,PDE4D,5144
210836_x_at,PDE4D,5144,PDE4D,5144
210837_s_at,PDE4D,5144,PDE4D,5144
211840_s_at,PDE4D,5144,PDE4D,5144
205872_x_at,PDE4DIP,9659,PDE4DIP,9659
209700_x_at,PDE4DIP,9659,PDE4DIP,9659
210305_at,PDE4DIP,9659,PDE4DIP,9659
215575_at,PDE4DIP,9659,PDE4DIP,9659
206757_at,PDE5A,8654,PDE5A,8654
206623_at,PDE6A,5145,PDE6A,5145
210304_at,PDE6B,5158,PDE6B,5158
211093_at,PDE6C,5146,PDE6C,5146
204091_at,PDE6D,5147,PDE6D,5147
216883_x_at,PDE6D,5147,PDE6D,5147
210060_at,PDE6G,5148,PDE6G,5148
206841_at,PDE6H,5149,PDE6H,5149
220343_at,PDE7B,27115,PDE7B,27115
212521_s_at,PDE8A,5151,PDE8A,5151
212522_at,PDE8A,5151,PDE8A,5151
213228_at,PDE8B,8622,PDE8B,8622
205593_s_at,PDE9A,5152,PDE9A,5152
205463_s_at,PDGFA,5154,PDGFA,5154
216867_s_at,PDGFA,5154,PDGFA,5154
204200_s_at,PDGFB,5155,PDGFB,5155
216055_at,PDGFB,5155,PDGFB,5155
216061_x_at,PDGFB,5155,PDGFB,5155
217112_at,PDGFB,5155,PDGFB,5155
218718_at,PDGFC,56034,PDGFC,56034
219304_s_at,PDGFD,80310,PDGFD,80310
203131_at,PDGFRA,5156,PDGFRA,5156
211533_at,PDGFRA,5156,PDGFRA,5156
215305_at,PDGFRA,5156,PDGFRA,5156
202273_at,PDGFRB,5159,PDGFRB,5159
205226_at,PDGFRL,5157,PDGFRL,5157
200979_at,PDHA1,5160,PDHA1,5160
200980_s_at,PDHA1,5160,PDHA1,5160
214518_at,PDHA2,5161,PDHA2,5161
208911_s_at,PDHB,5162,PDHB,5162
211023_at,PDHB,5162,PDHB,5162
203067_at,PDHX,8050,PDHX,8050
206691_s_at,PDIA2,64714,PDIA2,64714
206889_at,PDIA2,64714,PDIA2,64714
216127_at,PDIA2,64714,PDIA2,64714
208612_at,PDIA3,2923,PDIA3,2923
208658_at,PDIA4,9601,PDIA4,9601
211048_s_at,PDIA4,9601,PDIA4,9601
207668_x_at,PDIA6,10130,PDIA6,10130
208638_at,PDIA6,10130,PDIA6,10130
208639_x_at,PDIA6,10130,PDIA6,10130
216640_s_at,PDIA6,10130,PDIA6,10130
206686_at,PDK1,5163,PDK1,5163
202590_s_at,PDK2,5164,PDK2,5164
213724_s_at,PDK2,5164,PDK2,5164
206347_at,PDK3,5165,PDK3,5165
206348_s_at,PDK3,5165,PDK3,5165
221957_at,PDK3,5165,PDK3,5165
205960_at,PDK4,5166,PDK4,5166
208690_s_at,PDLIM1,9124,PDLIM1,9124
219165_at,PDLIM2,64236,PDLIM2,64236
209621_s_at,PDLIM3,27295,PDLIM3,27295
210170_at,PDLIM3,27295,PDLIM3,27295
211564_s_at,PDLIM4,8572,PDLIM4,8572
214174_s_at,PDLIM4,8572,PDLIM4,8572
214175_x_at,PDLIM4,8572,PDLIM4,8572
218690_at,PDLIM4,8572,PDLIM4,8572
218691_s_at,PDLIM4,8572,PDLIM4,8572
203242_s_at,PDLIM5,10611,PDLIM5,10611
203243_s_at,PDLIM5,10611,PDLIM5,10611
211680_at,PDLIM5,10611,PDLIM5,10611
211681_s_at,PDLIM5,10611,PDLIM5,10611
212412_at,PDLIM5,10611,PDLIM5,10611
213684_s_at,PDLIM5,10611,PDLIM5,10611
216803_at,PDLIM5,10611,PDLIM5,10611
216804_s_at,PDLIM5,10611,PDLIM5,10611
221994_at,PDLIM5,10611,PDLIM5,10611
203369_x_at,PDLIM7,9260,PDLIM7,9260
203370_s_at,PDLIM7,9260,PDLIM7,9260
214121_x_at,PDLIM7,9260,PDLIM7,9260
214122_at,PDLIM7,9260,PDLIM7,9260
214266_s_at,PDLIM7,9260,PDLIM7,9260
218273_s_at,PDP1,54704,PDP1,54704
221244_s_at,PDPK1,5170,PDPK1,5170
204879_at,PDPN,10630,PDPN,10630
208233_at,PDPN,10630,PDPN,10630
221898_at,PDPN,10630,PDPN,10630
220236_at,PDPR,55066,PDPR,55066
212138_at,PDS5A,23244,PDS5A,23244
212140_at,PDS5A,23244,PDS5A,23244
213983_s_at,PDS5A,23244,PDS5A,23244
213984_at,PDS5A,23244,PDS5A,23244
204742_s_at,PDS5B,23047,PDS5B,23047
207956_x_at,PDS5B,23047,PDS5B,23047
215888_at,PDS5B,23047,PDS5B,23047
220865_s_at,PDSS1,23590,PDSS1,23590
216669_at,PDSS2,57107,PDSS2,57107
217018_at,PDSS2,57107,PDSS2,57107
219307_at,PDSS2,57107,PDSS2,57107
208559_at,PDX1,3651,PDX1,3651
210937_s_at,PDX1,3651,PDX1,3651
210938_at,PDX1,3651,PDX1,3651
202671_s_at,PDXK,8566,PDXK,8566
218018_at,PDXK,8566,PDXK,8566
218019_s_at,PDXK,8566,PDXK,8566
206803_at,PDYN,5173,PDYN,5173
209493_at,PDZD2,23037,PDZD2,23037
220303_at,PDZD3,79849,PDZD3,79849
220555_s_at,PDZD7,79955,PDZD7,79955
213549_at,PDZD8,118987,PDZD8,118987
205380_at,PDZK1,5174,PDZK1,5174
219630_at,PDZK1IP1,10158,PDZK1IP1,10158
212915_at,PDZRN3,23024,PDZRN3,23024
220595_at,PDZRN4,29951,PDZRN4,29951
200787_s_at,PEA15,8682,PEA15,8682
200788_s_at,PEA15,8682,PEA15,8682
220008_at,PEAK1,79834,PEAK1,79834
205353_s_at,PEBP1,5037,PEBP1,5037
210825_s_at,PEBP1,5037,PEBP1,5037
211941_s_at,PEBP1,5037,PEBP1,5037
208981_at,PECAM1,5175,PECAM1,5175
208982_at,PECAM1,5175,PECAM1,5175
208983_s_at,PECAM1,5175,PECAM1,5175
221142_s_at,PECR,55825,PECR,55825
217923_at,PEF1,553115,PEF1,553115
212092_at,PEG10,23089,PEG10,23089
212094_at,PEG10,23089,PEG10,23089
209242_at,PEG3,5178,PEG3,5178
209243_s_at,PEG3,5178,PEG3,5178
218319_at,PELI1,57162,PELI1,57162
219132_at,PELI2,57161,PELI2,57161
218472_s_at,PELO,53918,PELO,53918
221076_at,PELO,53918,PELO,53918
215354_s_at,PELP1,27043,PELP1,27043
207621_s_at,PEMT,10400,PEMT,10400
213791_at,PENK,5179,PENK,5179
202108_at,PEPD,5184,PEPD,5184
205251_at,PER2,8864,PER2,8864
208518_s_at,PER2,8864,PER2,8864
221045_s_at,PER3,8863,PER3,8863
217744_s_at,PERP,64065,PERP,64065
202212_at,PES1,23481,PES1,23481
204873_at,PEX1,5189,PEX1,5189
215023_s_at,PEX1,5189,PEX1,5189
206351_s_at,PEX10,5192,PEX10,5192
206352_s_at,PEX10,5192,PEX10,5192
205160_at,PEX11A,8800,PEX11A,8800
205161_s_at,PEX11A,8800,PEX11A,8800
202658_at,PEX11B,8799,PEX11B,8799
205094_at,PEX12,5193,PEX12,5193
205246_at,PEX13,5194,PEX13,5194
203503_s_at,PEX14,5195,PEX14,5195
33760_at,PEX14,5195,PEX14,5195
221603_at,PEX16,9409,PEX16,9409
221604_s_at,PEX16,9409,PEX16,9409
49878_at,PEX16,9409,PEX16,9409
201706_s_at,PEX19,5824,PEX19,5824
201707_at,PEX19,5824,PEX19,5824
210296_s_at,PEX2,5828,PEX2,5828
219180_s_at,PEX26,55670,PEX26,55670
203969_at,PEX3,8504,PEX3,8504
203970_s_at,PEX3,8504,PEX3,8504
203972_s_at,PEX3,8504,PEX3,8504
203244_at,PEX5,5830,PEX5,5830
215481_s_at,PEX5,5830,PEX5,5830
219642_s_at,PEX5L,51555,PEX5L,51555
204545_at,PEX6,5190,PEX6,5190
320_at,PEX6,5190,PEX6,5190
205420_at,PEX7,5191,PEX7,5191
211033_s_at,PEX7,5191,PEX7,5191
206390_x_at,PF4,5196,PF4,5196
207815_at,PF4V1,5197,PF4V1,5197
213302_at,PFAS,5198,PFAS,5198
201507_at,PFDN1,5201,PFDN1,5201
218336_at,PFDN2,5202,PFDN2,5202
205360_at,PFDN4,5203,PFDN4,5203
205361_s_at,PFDN4,5203,PFDN4,5203
205362_s_at,PFDN4,5203,PFDN4,5203
207132_x_at,PFDN5,5204,PFDN5,5204
210908_s_at,PFDN5,5204,PFDN5,5204
207537_at,PFKFB1,5207,PFKFB1,5207
207931_s_at,PFKFB2,5208,PFKFB2,5208
209992_at,PFKFB2,5208,PFKFB2,5208
202464_s_at,PFKFB3,5209,PFKFB3,5209
206246_at,PFKFB4,5210,PFKFB4,5210
201102_s_at,PFKL,5211,PFKL,5211
211065_x_at,PFKL,5211,PFKL,5211
210976_s_at,PFKM,5213,PFKM,5213
201037_at,PFKP,5214,PFKP,5214
200634_at,PFN1,5216,PFN1,5216
204992_s_at,PFN2,5217,PFN2,5217
213265_at,PGA4///PGA3///PGA5,643847///643834///5222,PGA4///PGA3///PGA5,643847///643834///5222
200886_s_at,PGAM1,5223,PGAM1,5223
205736_at,PGAM2,5224,PGAM2,5224
213469_at,PGAP1,80055,PGAP1,80055
220576_at,PGAP1,80055,PGAP1,80055
215293_s_at,PGAP2,27315,PGAP2,27315
41858_at,PGAP2,27315,PGAP2,27315
221811_at,PGAP3,93210,PGAP3,93210
55616_at,PGAP3,93210,PGAP3,93210
219225_at,PGBD5,79605,PGBD5,79605
205261_at,PGC,5225,PGC,5225
201118_at,PGD,5226,PGD,5226
209652_s_at,PGF,5228,PGF,5228
215179_x_at,PGF,5228,PGF,5228
219359_at,PGGHG,80162,PGGHG,80162
206288_at,PGGT1B,5229,PGGT1B,5229
200737_at,PGK1,5230,PGK1,5230
200738_s_at,PGK1,5230,PGK1,5230
217356_s_at,PGK1,5230,PGK1,5230
217383_at,PGK1,5230,PGK1,5230
217009_at,PGK2,5232,PGK2,5232
218387_s_at,PGLS,25796,PGLS,25796
218388_at,PGLS,25796,PGLS,25796
207384_at,PGLYRP1,8993,PGLYRP1,8993
220944_at,PGLYRP4,57115,PGLYRP4,57115
201968_s_at,PGM1,5236,PGM1,5236
210041_s_at,PGM3,5238,PGM3,5238
221788_at,PGM3,5238,PGM3,5238
208491_s_at,PGM5,5239,PGM5,5239
218410_s_at,PGP,283871,PGP,283871
219891_at,PGPEP1,54858,PGPEP1,54858
208305_at,PGR,5241,PGR,5241
201120_s_at,PGRMC1,10857,PGRMC1,10857
201121_s_at,PGRMC1,10857,PGRMC1,10857
201701_s_at,PGRMC2,10424,PGRMC2,10424
213227_at,PGRMC2,10424,PGRMC2,10424
219394_at,PGS1,9489,PGS1,9489
213638_at,PHACTR1,221692,PHACTR1,221692
204047_s_at,PHACTR2,9749,PHACTR2,9749
204048_s_at,PHACTR2,9749,PHACTR2,9749
204049_s_at,PHACTR2,9749,PHACTR2,9749
219235_s_at,PHACTR4,65979,PHACTR4,65979
200658_s_at,PHB,5245,PHB,5245
200659_s_at,PHB,5245,PHB,5245
201600_at,PHB2,11331,PHB2,11331
218338_at,PHC1,1911,PHC1,1911
200919_at,PHC2,1912,PHC2,1912
215521_at,PHC3,80012,PHC3,80012
220328_at,PHC3,80012,PHC3,80012
210617_at,PHEX,5251,PHEX,5251
202928_s_at,PHF1,5252,PHF1,5252
40446_at,PHF1,5252,PHF1,5252
219126_at,PHF10,55274,PHF10,55274
221816_s_at,PHF11,51131,PHF11,51131
204525_at,PHF14,9678,PHF14,9678
207138_at,PHF2,5253,PHF2,5253
212726_at,PHF2,5253,PHF2,5253
206567_s_at,PHF20,51230,PHF20,51230
209422_at,PHF20,51230,PHF20,51230
209423_s_at,PHF20,51230,PHF20,51230
219606_at,PHF20L1,51105,PHF20L1,51105
222133_s_at,PHF20L1,51105,PHF20L1,51105
203278_s_at,PHF21A,51317,PHF21A,51317
213636_at,PHF24,23349,PHF24,23349
37566_at,PHF24,23349,PHF24,23349
215718_s_at,PHF3,23469,PHF3,23469
217951_s_at,PHF3,23469,PHF3,23469
217952_x_at,PHF3,23469,PHF3,23469
217953_at,PHF3,23469,PHF3,23469
217954_s_at,PHF3,23469,PHF3,23469
215622_x_at,PHF7,51533,PHF7,51533
221611_s_at,PHF7,51533,PHF7,51533
221930_at,PHF7,51533,PHF7,51533
212916_at,PHF8,23133,PHF8,23133
215065_at,PHF8,23133,PHF8,23133
201397_at,PHGDH,26227,PHGDH,26227
212542_s_at,PHIP,55023,PHIP,55023
213074_at,PHIP,55023,PHIP,55023
205450_at,PHKA1,5255,PHKA1,5255
209438_at,PHKA2,5256,PHKA2,5256
209439_s_at,PHKA2,5256,PHKA2,5256
202738_s_at,PHKB,5257,PHKB,5257
202739_s_at,PHKB,5257,PHKB,5257
207312_at,PHKG1,5260,PHKG1,5260
203709_at,PHKG2,5261,PHKG2,5261
217996_at,PHLDA1,22822,PHLDA1,22822
217997_at,PHLDA1,22822,PHLDA1,22822
217998_at,PHLDA1,22822,PHLDA1,22822
217999_s_at,PHLDA1,22822,PHLDA1,22822
218000_s_at,PHLDA1,22822,PHLDA1,22822
209802_at,PHLDA2,7262,PHLDA2,7262
209803_s_at,PHLDA2,7262,PHLDA2,7262
218634_at,PHLDA3,23612,PHLDA3,23612
216102_at,PHLDB1,23187,PHLDB1,23187
210919_at,PHLPP1,23239,PHLPP1,23239
212719_at,PHLPP1,23239,PHLPP1,23239
213407_at,PHLPP2,23035,PHLPP2,23035
214944_at,PHLPP2,23035,PHLPP2,23035
213610_s_at,PHOSPHO2-KLHL23///KLHL23,100526832///151230,PHOSPHO2-KLHL23///KLHL23,100526832///151230
217505_at,PHOSPHO2-KLHL23///KLHL23,100526832///151230,PHOSPHO2-KLHL23///KLHL23,100526832///151230
214609_at,PHOX2A,401,PHOX2A,401
207009_at,PHOX2B,8929,PHOX2B,8929
205702_at,PHTF1,10745,PHTF1,10745
210191_s_at,PHTF1,10745,PHTF1,10745
215285_s_at,PHTF1,10745,PHTF1,10745
209780_at,PHTF2,57157,PHTF2,57157
215286_s_at,PHTF2,57157,PHTF2,57157
217097_s_at,PHTF2,57157,PHTF2,57157
203335_at,PHYH,5264,PHYH,5264
205325_at,PHYHIP,9796,PHYHIP,9796
207938_at,PI15,51050,PI15,51050
203691_at,PI3,5266,PI3,5266
41469_at,PI3,5266,PI3,5266
209345_s_at,PI4K2A,55361,PI4K2A,55361
209346_s_at,PI4K2A,55361,PI4K2A,55361
215134_at,PI4K2A,55361,PI4K2A,55361
207081_s_at,PI4KA,5297,PI4KA,5297
213408_s_at,PI4KAP1///PI4KAP2///PI4KA,728233///375133///5297,PI4KAP1///PI4KAP2///PI4KA,728233///375133///5297
206138_s_at,PI4KB,5298,PI4KB,5298
206139_at,PI4KB,5298,PI4KB,5298
210417_s_at,PI4KB,5298,PI4KB,5298
217862_at,PIAS1,8554,PIAS1,8554
217863_at,PIAS1,8554,PIAS1,8554
217864_s_at,PIAS1,8554,PIAS1,8554
214442_s_at,PIAS2,9063,PIAS2,9063
214593_at,PIAS2,9063,PIAS2,9063
37433_at,PIAS2,9063,PIAS2,9063
203035_s_at,PIAS3,10401,PIAS3,10401
212879_x_at,PIAS4,51588,PIAS4,51588
212881_at,PIAS4,51588,PIAS4,51588
213239_at,PIBF1,10464,PIBF1,10464
203134_at,PICALM,8301,PICALM,8301
212506_at,PICALM,8301,PICALM,8301
212511_at,PICALM,8301,PICALM,8301
215236_s_at,PICALM,8301,PICALM,8301
215832_x_at,PICALM,8301,PICALM,8301
204746_s_at,PICK1,9463,PICK1,9463
219093_at,PID1,55022,PID1,55022
219019_at,PIDD1,55367,PIDD1,55367
221640_s_at,PIDD1,55367,PIDD1,55367
202771_at,PIEZO1,9780,PIEZO1,9780
219602_s_at,PIEZO2,63895,PIEZO2,63895
205281_s_at,PIGA,5277,PIGA,5277
205452_at,PIGB,9488,PIGB,9488
202846_s_at,PIGC,5279,PIGC,5279
215242_at,PIGC,5279,PIGC,5279
216593_s_at,PIGC,5279,PIGC,5279
205077_s_at,PIGF,5281,PIGF,5281
205078_at,PIGF,5281,PIGF,5281
218652_s_at,PIGG,54872,PIGG,54872
209625_at,PIGH,5283,PIGH,5283
209707_at,PIGK,10026,PIGK,10026
205873_at,PIGL,9487,PIGL,9487
213889_at,PIGL,9487,PIGL,9487
219048_at,PIGN,23556,PIGN,23556
209998_at,PIGO,84720,PIGO,84720
214990_at,PIGO,84720,PIGO,84720
214991_s_at,PIGO,84720,PIGO,84720
221689_s_at,PIGP,51227,PIGP,51227
204144_s_at,PIGQ,9091,PIGQ,9091
204213_at,PIGR,5284,PIGR,5284
217770_at,PIGT,51604,PIGT,51604
219238_at,PIGV,55650,PIGV,55650
51146_at,PIGV,55650,PIGV,55650
220041_at,PIGZ,80235,PIGZ,80235
217872_at,PIH1D1,55011,PIH1D1,55011
213070_at,PIK3C2A,5286,PIK3C2A,5286
204484_at,PIK3C2B,5287,PIK3C2B,5287
215129_at,PIK3C2G,5288,PIK3C2G,5288
204297_at,PIK3C3,5289,PIK3C3,5289
215394_at,PIK3C3,5289,PIK3C3,5289
204369_at,PIK3CA,5290,PIK3CA,5290
212688_at,PIK3CB,5291,PIK3CB,5291
217620_s_at,PIK3CB,5291,PIK3CB,5291
203879_at,PIK3CD,5293,PIK3CD,5293
211230_s_at,PIK3CD,5293,PIK3CD,5293
206369_s_at,PIK3CG,5294,PIK3CG,5294
206370_at,PIK3CG,5294,PIK3CG,5294
221756_at,PIK3IP1,113791,PIK3IP1,113791
221757_at,PIK3IP1,113791,PIK3IP1,113791
212239_at,PIK3R1,5295,PIK3R1,5295
212240_s_at,PIK3R1,5295,PIK3R1,5295
212249_at,PIK3R1,5295,PIK3R1,5295
207105_s_at,PIK3R2,5296,PIK3R2,5296
202743_at,PIK3R3,8503,PIK3R3,8503
211580_s_at,PIK3R3,8503,PIK3R3,8503
212740_at,PIK3R4,30849,PIK3R4,30849
216436_at,PIK3R4,30849,PIK3R4,30849
216752_at,PIK3R4,30849,PIK3R4,30849
220566_at,PIK3R5,23533,PIK3R5,23533
213111_at,PIKFYVE,200576,PIKFYVE,200576
219788_at,PILRA,29992,PILRA,29992
222218_s_at,PILRA,29992,PILRA,29992
209193_at,PIM1,5292,PIM1,5292
204269_at,PIM2,11040,PIM2,11040
202927_at,PIN1,5300,PIN1,5300
207582_at,PIN1P1,5301,PIN1P1,5301
204571_x_at,PIN4,5303,PIN4,5303
204572_s_at,PIN4,5303,PIN4,5303
214224_s_at,PIN4,5303,PIN4,5303
214225_at,PIN4,5303,PIN4,5303
209018_s_at,PINK1,65018,PINK1,65018
209019_s_at,PINK1,65018,PINK1,65018
213556_at,PINLYP,390940,PINLYP,390940
206509_at,PIP,5304,PIP,5304
205570_at,PIP4K2A,5305,PIP4K2A,5305
212829_at,PIP4K2A,5305,PIP4K2A,5305
201080_at,PIP4K2B,8396,PIP4K2B,8396
201081_s_at,PIP4K2B,8396,PIP4K2B,8396
218942_at,PIP4K2C,79837,PIP4K2C,79837
207391_s_at,PIP5K1A,8394,PIP5K1A,8394
210256_s_at,PIP5K1A,8394,PIP5K1A,8394
211205_x_at,PIP5K1A,8394,PIP5K1A,8394
205632_s_at,PIP5K1B,8395,PIP5K1B,8395
217477_at,PIP5K1B,8395,PIP5K1B,8395
212518_at,PIP5K1C,23396,PIP5K1C,23396
221605_s_at,PIPOX,51268,PIPOX,51268
207469_s_at,PIR,8544,PIR,8544
206742_at,PIR-FIGF///FIGF,100532742///2277,PIR-FIGF///FIGF,100532742///2277
201190_s_at,PITPNA,5306,PITPNA,5306
201191_at,PITPNA,5306,PITPNA,5306
201192_s_at,PITPNA,5306,PITPNA,5306
202522_at,PITPNB,23760,PITPNB,23760
219155_at,PITPNC1,26207,PITPNC1,26207
203826_s_at,PITPNM1,9600,PITPNM1,9600
221254_s_at,PITPNM3,83394,PITPNM3,83394
205273_s_at,PITRM1,10531,PITRM1,10531
208502_s_at,PITX1,5307,PITX1,5307
209587_at,PITX1,5307,PITX1,5307
207558_s_at,PITX2,5308,PITX2,5308
208277_at,PITX3,5309,PITX3,5309
214868_at,PIWIL1,9271,PIWIL1,9271
217421_at,PIWIL2,55124,PIWIL2,55124
220686_s_at,PIWIL2,55124,PIWIL2,55124
218667_at,PJA1,64219,PJA1,64219
201133_s_at,PJA2,9867,PJA2,9867
214682_at,PKD1P1,339044,PKD1P1,339044
203688_at,PKD2,5311,PKD2,5311
221061_at,PKD2L1,9033,PKD2L1,9033
221118_at,PKD2L2,27039,PKD2L2,27039
220548_at,PKDREJ,10343,PKDREJ,10343
214717_at,PKI55,150967,PKI55,150967
204612_at,PKIA,5569,PKIA,5569
202732_at,PKIG,11142,PKIG,11142
207858_s_at,PKLR,5313,PKLR,5313
210451_at,PKLR,5313,PKLR,5313
222078_at,PKLR,5313,PKLR,5313
201251_at,PKM,5315,PKM,5315
213700_s_at,PKM,5315,PKM,5315
204267_x_at,PKMYT1,9088,PKMYT1,9088
202161_at,PKN1,5585,PKN1,5585
210969_at,PKN2,5586,PKN2,5586
212628_at,PKN2,5586,PKN2,5586
212629_s_at,PKN2,5586,PKN2,5586
204195_s_at,PKNOX1,5316,PKNOX1,5316
204196_x_at,PKNOX1,5316,PKNOX1,5316
216004_s_at,PKNOX1,5316,PKNOX1,5316
221883_at,PKNOX1,5316,PKNOX1,5316
54051_at,PKNOX1,5316,PKNOX1,5316
219046_s_at,PKNOX2,63876,PKNOX2,63876
222171_s_at,PKNOX2,63876,PKNOX2,63876
222185_at,PKNOX2,63876,PKNOX2,63876
63305_at,PKNOX2,63876,PKNOX2,63876
205724_at,PKP1,5317,PKP1,5317
221854_at,PKP1,5317,PKP1,5317
207717_s_at,PKP2,5318,PKP2,5318
214154_s_at,PKP2,5318,PKP2,5318
209872_s_at,PKP3,11187,PKP3,11187
209873_s_at,PKP3,11187,PKP3,11187
201927_s_at,PKP4,8502,PKP4,8502
201928_at,PKP4,8502,PKP4,8502
201929_s_at,PKP4,8502,PKP4,8502
214874_at,PKP4,8502,PKP4,8502
219584_at,PLA1A,51365,PLA1A,51365
221027_s_at,PLA2G12A,81579,PLA2G12A,81579
204458_at,PLA2G15,23659,PLA2G15,23659
209581_at,PLA2G16,11145,PLA2G16,11145
206311_s_at,PLA2G1B,5319,PLA2G1B,5319
203649_s_at,PLA2G2A,5320,PLA2G2A,5320
220423_at,PLA2G2D,26279,PLA2G2D,26279
221389_at,PLA2G2E,30814,PLA2G2E,30814
221416_at,PLA2G2F,64600,PLA2G2F,64600
220780_at,PLA2G3,50487,PLA2G3,50487
210145_at,PLA2G4A,5321,PLA2G4A,5321
219095_at,PLA2G4B///JMJD7-PLA2G4B,100137049///8681,PLA2G4B///JMJD7-PLA2G4B,100137049///8681
60528_at,PLA2G4B///JMJD7-PLA2G4B,100137049///8681,PLA2G4B///JMJD7-PLA2G4B,100137049///8681
209785_s_at,PLA2G4C,8605,PLA2G4C,8605
206178_at,PLA2G5,5322,PLA2G5,5322
215870_s_at,PLA2G5,5322,PLA2G5,5322
215871_at,PLA2G5,5322,PLA2G5,5322
204691_x_at,PLA2G6,8398,PLA2G6,8398
210647_x_at,PLA2G6,8398,PLA2G6,8398
215938_s_at,PLA2G6,8398,PLA2G6,8398
206214_at,PLA2G7,7941,PLA2G7,7941
207415_at,PLA2R1,22925,PLA2R1,22925
210194_at,PLA2R1,22925,PLA2R1,22925
209532_at,PLAA,9373,PLAA,9373
209533_s_at,PLAA,9373,PLAA,9373
219702_at,PLAC1,10761,PLAC1,10761
214750_at,PLAC4,191585,PLAC4,191585
219014_at,PLAC8,51316,PLAC8,51316
205372_at,PLAG1,5324,PLAG1,5324
207002_s_at,PLAGL1,5325,PLAGL1,5325
207943_x_at,PLAGL1,5325,PLAGL1,5325
209318_x_at,PLAGL1,5325,PLAGL1,5325
202924_s_at,PLAGL2,5326,PLAGL2,5326
202925_s_at,PLAGL2,5326,PLAGL2,5326
201860_s_at,PLAT,5327,PLAT,5327
205479_s_at,PLAU,5328,PLAU,5328
211668_s_at,PLAU,5328,PLAU,5328
210845_s_at,PLAUR,5329,PLAUR,5329
211924_s_at,PLAUR,5329,PLAUR,5329
214866_at,PLAUR,5329,PLAUR,5329
218454_at,PLBD1,79887,PLBD1,79887
211925_s_at,PLCB1,23236,PLCB1,23236
213222_at,PLCB1,23236,PLCB1,23236
215687_x_at,PLCB1,23236,PLCB1,23236
204046_at,PLCB2,5330,PLCB2,5330
210388_at,PLCB2,5330,PLCB2,5330
213384_x_at,PLCB3,5331,PLCB3,5331
203895_at,PLCB4,5332,PLCB4,5332
203896_s_at,PLCB4,5332,PLCB4,5332
205125_at,PLCD1,5333,PLCD1,5333
205111_s_at,PLCE1,51196,PLCE1,51196
205112_at,PLCE1,51196,PLCE1,51196
214159_at,PLCE1,51196,PLCE1,51196
202789_at,PLCG1,5335,PLCG1,5335
216551_x_at,PLCG1,5335,PLCG1,5335
204613_at,PLCG2,5336,PLCG2,5336
214745_at,PLCH1,23007,PLCH1,23007
216633_s_at,PLCH1,23007,PLCH1,23007
216634_at,PLCH1,23007,PLCH1,23007
206080_at,PLCH2,9651,PLCH2,9651
205934_at,PLCL1,5334,PLCL1,5334
213309_at,PLCL2,23228,PLCL2,23228
216217_at,PLCL2,23228,PLCL2,23228
216218_s_at,PLCL2,23228,PLCL2,23228
218951_s_at,PLCXD1,55344,PLCXD1,55344
177_at,PLD1,5337,PLD1,5337
205203_at,PLD1,5337,PLD1,5337
215723_s_at,PLD1,5337,PLD1,5337
215724_at,PLD1,5337,PLD1,5337
209643_s_at,PLD2,5338,PLD2,5338
201050_at,PLD3,23646,PLD3,23646
201373_at,PLEC,5339,PLEC,5339
216971_s_at,PLEC,5339,PLEC,5339
203470_s_at,PLEK,5341,PLEK,5341
203471_s_at,PLEK,5341,PLEK,5341
218644_at,PLEK2,26499,PLEK2,26499
219024_at,PLEKHA1,59338,PLEKHA1,59338
217677_at,PLEKHA2,59339,PLEKHA2,59339
219011_at,PLEKHA4,57664,PLEKHA4,57664
214989_x_at,PLEKHA5,54477,PLEKHA5,54477
220952_s_at,PLEKHA5,54477,PLEKHA5,54477
205093_at,PLEKHA6,22874,PLEKHA6,22874
220157_x_at,PLEKHA8P1,51054,PLEKHA8P1,51054
209504_s_at,PLEKHB1,58473,PLEKHB1,58473
201410_at,PLEKHB2,55041,PLEKHB2,55041
201411_s_at,PLEKHB2,55041,PLEKHB2,55041
219566_at,PLEKHF1,79156,PLEKHF1,79156
218640_s_at,PLEKHF2,79666,PLEKHF2,79666
212821_at,PLEKHG3,26030,PLEKHG3,26030
212823_s_at,PLEKHG3,26030,PLEKHG3,26030
217044_s_at,PLEKHG3,26030,PLEKHG3,26030
220073_s_at,PLEKHG6,55200,PLEKHG6,55200
220259_at,PLEKHH3,79990,PLEKHH3,79990
212717_at,PLEKHM1,9842,PLEKHM1,9842
216200_at,PLEKHM1,9842,PLEKHM1,9842
212146_at,PLEKHM2,23207,PLEKHM2,23207
218223_s_at,PLEKHO1,51177,PLEKHO1,51177
204436_at,PLEKHO2,80301,PLEKHO2,80301
219857_at,PLEKHS1,79949,PLEKHS1,79949
209977_at,PLG,5340,PLG,5340
209978_s_at,PLG///LPA,5340///4018,PLG///LPA,5340///4018
205871_at,PLGLB1///PLGLB2,5343///5342,PLGLB1///PLGLB2,5343///5342
214415_at,PLGLB1///PLGLB2,5343///5342,PLGLB1///PLGLB2,5343///5342
218992_at,PLGRKT,55848,PLGRKT,55848
205913_at,PLIN1,5346,PLIN1,5346
209122_at,PLIN2,123,PLIN2,123
215895_x_at,PLIN2,123,PLIN2,123
202122_s_at,PLIN3,10226,PLIN3,10226
202240_at,PLK1,5347,PLK1,5347
201939_at,PLK2,10769,PLK2,10769
204958_at,PLK3,1263,PLK3,1263
215462_at,PLK3,1263,PLK3,1263
204886_at,PLK4,10733,PLK4,10733
204887_s_at,PLK4,10733,PLK4,10733
211088_s_at,PLK4,10733,PLK4,10733
204519_s_at,PLLP,51090,PLLP,51090
204938_s_at,PLN,5350,PLN,5350
204939_s_at,PLN,5350,PLN,5350
204940_at,PLN,5350,PLN,5350
200827_at,PLOD1,5351,PLOD1,5351
202619_s_at,PLOD2,5352,PLOD2,5352
202620_s_at,PLOD2,5352,PLOD2,5352
202185_at,PLOD3,8985,PLOD3,8985
210198_s_at,PLP1,5354,PLP1,5354
201136_at,PLP2,5355,PLP2,5355
209147_s_at,PLPP1,8611,PLPP1,8611
210946_at,PLPP1,8611,PLPP1,8611
209529_at,PLPP2,8612,PLPP2,8612
209355_s_at,PLPP3,8613,PLPP3,8613
212226_s_at,PLPP3,8613,PLPP3,8613
212230_at,PLPP3,8613,PLPP3,8613
219732_at,PLPPR1,54886,PLPPR1,54886
218509_at,PLPPR2,64748,PLPPR2,64748
64899_at,PLPPR2,64748,PLPPR2,64748
220798_x_at,PLPPR3,79948,PLPPR3,79948
213496_at,PLPPR4,9890,PLPPR4,9890
205190_at,PLS1,5357,PLS1,5357
201215_at,PLS3,5358,PLS3,5358
202430_s_at,PLSCR1,5359,PLSCR1,5359
202446_s_at,PLSCR1,5359,PLSCR1,5359
207374_at,PLSCR2,57047,PLSCR2,57047
218901_at,PLSCR4,57088,PLSCR4,57088
202075_s_at,PLTP,5360,PLTP,5360
221529_s_at,PLVAP,83483,PLVAP,83483
214081_at,PLXDC1,57125,PLXDC1,57125
219700_at,PLXDC1,57125,PLXDC1,57125
214807_at,PLXDC2,84898,PLXDC2,84898
221537_at,PLXNA1,5361,PLXNA1,5361
221538_s_at,PLXNA1,5361,PLXNA1,5361
207290_at,PLXNA2,5362,PLXNA2,5362
213030_s_at,PLXNA2,5362,PLXNA2,5362
203623_at,PLXNA3,55558,PLXNA3,55558
215668_s_at,PLXNB1,5364,PLXNB1,5364
215807_s_at,PLXNB1,5364,PLXNB1,5364
208890_s_at,PLXNB2,23654,PLXNB2,23654
211472_at,PLXNB2,23654,PLXNB2,23654
205957_at,PLXNB3,5365,PLXNB3,5365
206470_at,PLXNC1,10154,PLXNC1,10154
206471_s_at,PLXNC1,10154,PLXNC1,10154
213241_at,PLXNC1,10154,PLXNC1,10154
212235_at,PLXND1,23129,PLXND1,23129
38671_at,PLXND1,23129,PLXND1,23129
204285_s_at,PMAIP1,5366,PMAIP1,5366
204286_s_at,PMAIP1,5366,PMAIP1,5366
206942_s_at,PMCH,5367,PMCH,5367
217123_x_at,PMCHL1,5369,PMCHL1,5369
209848_s_at,PMEL,6490,PMEL,6490
217875_s_at,PMEPA1,56937,PMEPA1,56937
202337_at,PMF1,11243,PMF1,11243
206956_at,PMF1-BGLAP///PMF1///BGLAP,100527963///11243///632,PMF1-BGLAP///PMF1///BGLAP,100527963///11243///632
221022_s_at,PMFBP1,83449,PMFBP1,83449
206503_x_at,PML,5371,PML,5371
209640_at,PML,5371,PML,5371
210362_x_at,PML,5371,PML,5371
211012_s_at,PML,5371,PML,5371
211013_x_at,PML,5371,PML,5371
211014_s_at,PML,5371,PML,5371
211588_s_at,PML,5371,PML,5371
211589_at,PML,5371,PML,5371
203467_at,PMM1,5372,PMM1,5372
203201_at,PMM2,5373,PMM2,5373
206826_at,PMP2,5375,PMP2,5375
210139_s_at,PMP22,5376,PMP22,5376
212088_at,PMPCA,23203,PMPCA,23203
201682_at,PMPCB,9512,PMPCB,9512
213677_s_at,PMS1,5378,PMS1,5378
209805_at,PMS2CL///PMS2,441194///5395,PMS2CL///PMS2,441194///5395
221206_at,PMS2CL///PMS2,441194///5395,PMS2CL///PMS2,441194///5395
214526_x_at,PMS2P1,5379,PMS2P1,5379
214756_x_at,PMS2P1,5379,PMS2P1,5379
216843_x_at,PMS2P1,5379,PMS2P1,5379
217485_x_at,PMS2P1,5379,PMS2P1,5379
214757_at,PMS2P2,5380,PMS2P2,5380
214473_x_at,PMS2P3,5387,PMS2P3,5387
216111_x_at,PMS2P3,5387,PMS2P3,5387
216525_x_at,PMS2P3,5387,PMS2P3,5387
217488_x_at,PMS2P3,5387,PMS2P3,5387
215192_at,PMS2P4,5382,PMS2P4,5382
215412_x_at,PMS2P8,729299,PMS2P8,729299
213893_x_at,PMS2P9///PMS2P5,100132832///5383,PMS2P9///PMS2P5,100132832///5383
215667_x_at,PMS2P9///PMS2P5,100132832///5383,PMS2P9///PMS2P5,100132832///5383
215410_at,PMS2P9///PMS2P6///LOC441259///PMS2P5///PMS2P4///PMS2P1,100132832///729453///441259///5383///5382///5379,PMS2P9///PMS2P6///LOC441259///PMS2P5///PMS2P4///PMS2P1,100132832///729453///441259///5383///5382///5379
203515_s_at,PMVK,10654,PMVK,10654
212176_at,PNISR,25957,PNISR,25957
212177_at,PNISR,25957,PNISR,25957
212179_at,PNISR,25957,PNISR,25957
218961_s_at,PNKP,11284,PNKP,11284
205912_at,PNLIP,5406,PNLIP,5406
206694_at,PNLIPRP1,5407,PNLIPRP1,5407
210722_at,PNLIPRP1,5407,PNLIPRP1,5407
211766_s_at,PNLIPRP2,5408,PNLIPRP2,5408
218224_at,PNMA1,9240,PNMA1,9240
209597_s_at,PNMA2,10687,PNMA2,10687
209598_at,PNMA2,10687,PNMA2,10687
220923_s_at,PNMA3,29944,PNMA3,29944
218824_at,PNMAL1,55228,PNMAL1,55228
206793_at,PNMT,5409,PNMT,5409
210183_x_at,PNN,5411,PNN,5411
212036_s_at,PNN,5411,PNN,5411
212037_at,PNN,5411,PNN,5411
203622_s_at,PNO1,56902,PNO1,56902
211697_x_at,PNO1,56902,PNO1,56902
205901_at,PNOC,5368,PNOC,5368
201695_s_at,PNP,4860,PNP,4860
212705_x_at,PNPLA2,57104,PNPLA2,57104
39854_r_at,PNPLA2,57104,PNPLA2,57104
220675_s_at,PNPLA3,80339,PNPLA3,80339
209739_s_at,PNPLA4,8228,PNPLA4,8228
209740_s_at,PNPLA4,8228,PNPLA4,8228
203718_at,PNPLA6,10908,PNPLA6,10908
218511_s_at,PNPO,55163,PNPO,55163
209034_at,PNRC1,10957,PNRC1,10957
217779_s_at,PNRC2,55629,PNRC2,55629
220442_at,POC1B-GALNT4///GALNT4,100528030///8693,POC1B-GALNT4///GALNT4,100528030///8693
220411_x_at,PODNL1,79883,PODNL1,79883
201578_at,PODXL,5420,PODXL,5420
219152_at,PODXL2,50512,PODXL2,50512
219756_s_at,POF1B,79983,POF1B,79983
210433_at,POFUT1,23509,POFUT1,23509
212349_at,POFUT1,23509,POFUT1,23509
207448_at,POFUT2,23275,POFUT2,23275
207449_s_at,POFUT2,23275,POFUT2,23275
209578_s_at,POFUT2,23275,POFUT2,23275
218229_s_at,POGK,57645,POGK,57645
218587_s_at,POGLUT1,56983,POGLUT1,56983
212153_at,POGZ,23126,POGZ,23126
215281_x_at,POGZ,23126,POGZ,23126
204835_at,POLA1,5422,POLA1,5422
204441_s_at,POLA2,23649,POLA2,23649
203616_at,POLB,5423,POLB,5423
203422_at,POLD1,5424,POLD1,5424
201115_at,POLD2,5425,POLD2,5425
212836_at,POLD3,10714,POLD3,10714
202996_at,POLD4,57804,POLD4,57804
217806_s_at,POLDIP2,26073,POLDIP2,26073
210583_at,POLDIP3,84271,POLDIP3,84271
212100_s_at,POLDIP3,84271,POLDIP3,84271
215357_s_at,POLDIP3,84271,POLDIP3,84271
216026_s_at,POLE,5426,POLE,5426
205909_at,POLE2,5427,POLE2,5427
208828_at,POLE3,54107,POLE3,54107
203366_at,POLG,5428,POLG,5428
217635_s_at,POLG,5428,POLG,5428
217636_at,POLG,5428,POLG,5428
205811_at,POLG2,11232,POLG2,11232
219380_x_at,POLH,5429,POLH,5429
219317_at,POLI,11201,POLI,11201
221049_s_at,POLL,27343,POLL,27343
222238_s_at,POLM,27434,POLM,27434
207746_at,POLQ,10721,POLQ,10721
219510_at,POLQ,10721,POLQ,10721
220113_x_at,POLR1B,84172,POLR1B,84172
207515_s_at,POLR1C,9533,POLR1C,9533
209317_at,POLR1C,9533,POLR1C,9533
218258_at,POLR1D,51082,POLR1D,51082
218997_at,POLR1E,64425,POLR1E,64425
202725_at,POLR2A,5430,POLR2A,5430
217415_at,POLR2A,5430,POLR2A,5430
217420_s_at,POLR2A,5430,POLR2A,5430
201803_at,POLR2B,5431,POLR2B,5431
208996_s_at,POLR2C,5432,POLR2C,5432
214263_x_at,POLR2C,5432,POLR2C,5432
216282_x_at,POLR2C,5432,POLR2C,5432
203664_s_at,POLR2D,5433,POLR2D,5433
214144_at,POLR2D,5433,POLR2D,5433
213887_s_at,POLR2E,5434,POLR2E,5434
217854_s_at,POLR2E,5434,POLR2E,5434
209511_at,POLR2F,5435,POLR2F,5435
202306_at,POLR2G,5436,POLR2G,5436
209302_at,POLR2H,5437,POLR2H,5437
212955_s_at,POLR2I,5438,POLR2I,5438
212782_x_at,POLR2J,5439,POLR2J,5439
222208_s_at,POLR2J4,84820,POLR2J4,84820
60815_at,POLR2J4,84820,POLR2J4,84820
202634_at,POLR2K,5440,POLR2K,5440
202635_s_at,POLR2K,5440,POLR2K,5440
202586_at,POLR2L,5441,POLR2L,5441
211730_s_at,POLR2L,5441,POLR2L,5441
219459_at,POLR3B,55703,POLR3B,55703
209382_at,POLR3C,10623,POLR3C,10623
210573_s_at,POLR3C,10623,POLR3C,10623
208361_s_at,POLR3D,661,POLR3D,661
205218_at,POLR3F,10621,POLR3F,10621
206653_at,POLR3G,10622,POLR3G,10622
206654_s_at,POLR3G,10622,POLR3G,10622
218866_s_at,POLR3K,51728,POLR3K,51728
203782_s_at,POLRMT,5442,POLRMT,5442
203783_x_at,POLRMT,5442,POLRMT,5442
205096_at,POM121,9883,POM121,9883
212178_s_at,POM121C,100101267,POM121C,100101267
213360_s_at,POM121C///POM121,100101267///9883,POM121C///POM121,100101267///9883
216582_at,POM121L2,94026,POM121L2,94026
206819_at,POM121L9P,29774,POM121L9P,29774
222253_s_at,POM121L9P,29774,POM121L9P,29774
205720_at,POMC,5443,POMC,5443
217944_at,POMGNT1,55624,POMGNT1,55624
217769_s_at,POMP,51371,POMP,51371
218476_at,POMT1,10585,POMT1,10585
220632_s_at,POMT2,29954,POMT2,29954
210910_s_at,POMZP3,22932,POMZP3,22932
204148_s_at,POMZP3///ZP3,22932///7784,POMZP3///ZP3,22932///7784
206344_at,PON1,5444,PON1,5444
206345_s_at,PON1,5444,PON1,5444
201876_at,PON2,5445,PON2,5445
210830_s_at,PON2,5445,PON2,5445
213695_at,PON3,5446,PON3,5446
213449_at,POP1,10940,POP1,10940
202868_s_at,POP4,10775,POP4,10775
204839_at,POP5,51367,POP5,51367
209482_at,POP7,10248,POP7,10248
219647_at,POPDC2,64091,POPDC2,64091
203880_at,POPDC2///COX17,64091///10063,POPDC2///COX17,64091///10063
219926_at,POPDC3,64208,POPDC3,64208
208928_at,POR,5447,POR,5447
219483_s_at,PORCN,64840,PORCN,64840
210809_s_at,POSTN,10631,POSTN,10631
214981_at,POSTN,10631,POSTN,10631
204353_s_at,POT1,25913,POT1,25913
204354_at,POT1,25913,POT1,25913
210926_at,POTEKP,440915,POTEKP,440915
207846_at,POU1F1,5449,POU1F1,5449
205267_at,POU2AF1,5450,POU2AF1,5450
206789_s_at,POU2F1,5451,POU2F1,5451
211660_at,POU2F2,5452,POU2F2,5452
211771_s_at,POU2F2,5452,POU2F2,5452
207109_at,POU2F3,25833,POU2F3,25833
215355_at,POU2F3,25833,POU2F3,25833
208345_s_at,POU3F1,5453,POU3F1,5453
210475_at,POU3F1,5453,POU3F1,5453
207084_at,POU3F2,5454,POU3F2,5454
208563_x_at,POU3F3,5455,POU3F3,5455
207694_at,POU3F4,5456,POU3F4,5456
206940_s_at,POU4F1,5457,POU4F1,5457
211341_at,POU4F1,5457,POU4F1,5457
207725_at,POU4F2,5458,POU4F2,5458
208554_at,POU4F3,5459,POU4F3,5459
214532_x_at,POU5F1B,5462,POU5F1B,5462
210265_x_at,POU5F1P3,642559,POU5F1P3,642559
210905_x_at,POU5F1P4,645682,POU5F1P4,645682
208286_x_at,POU5F1P4///POU5F1P3///POU5F1B///POU5F1,645682///642559///5462///5460,POU5F1P4///POU5F1P3///POU5F1B///POU5F1,645682///642559///5462///5460
205878_at,POU6F1,5463,POU6F1,5463
216330_s_at,POU6F1,5463,POU6F1,5463
216332_at,POU6F1,5463,POU6F1,5463
207450_s_at,POU6F2,11281,POU6F2,11281
214858_at,PP14571,100130449,PP14571,100130449
217848_s_at,PPA1,5464,PPA1,5464
220741_s_at,PPA2,27068,PPA2,27068
214546_s_at,PPAN-P2RY11///P2RY11,692312///5032,PPAN-P2RY11///P2RY11,692312///5032
221649_s_at,PPAN-P2RY11///PPAN,692312///56342,PPAN-P2RY11///PPAN,692312///56342
206870_at,PPARA,5465,PPARA,5465
210771_at,PPARA,5465,PPARA,5465
208044_s_at,PPARD,5467,PPARD,5467
210636_at,PPARD,5467,PPARD,5467
37152_at,PPARD,5467,PPARD,5467
208510_s_at,PPARG,5468,PPARG,5468
219195_at,PPARGC1A,10891,PPARGC1A,10891
209433_s_at,PPAT,5471,PPAT,5471
209434_s_at,PPAT,5471,PPAT,5471
214146_s_at,PPBP,5473,PPBP,5473
208346_at,PPBPP2,10895,PPBPP2,10895
219066_at,PPCDC,60490,PPCDC,60490
218341_at,PPCS,79717,PPCS,79717
218010_x_at,PPDPF,79144,PPDPF,79144
206547_s_at,PPEF1,5475,PPEF1,5475
208411_x_at,PPEF2,5470,PPEF2,5470
202065_s_at,PPFIA1,8500,PPFIA1,8500
202066_at,PPFIA1,8500,PPFIA1,8500
210235_s_at,PPFIA1,8500,PPFIA1,8500
210236_at,PPFIA1,8500,PPFIA1,8500
206973_at,PPFIA2,8499,PPFIA2,8499
213368_x_at,PPFIA3,8541,PPFIA3,8541
215280_s_at,PPFIA3,8541,PPFIA3,8541
214978_s_at,PPFIA4,8497,PPFIA4,8497
203735_x_at,PPFIBP1,8496,PPFIBP1,8496
203736_s_at,PPFIBP1,8496,PPFIBP1,8496
214374_s_at,PPFIBP1,8496,PPFIBP1,8496
214375_at,PPFIBP1,8496,PPFIBP1,8496
212841_s_at,PPFIBP2,8495,PPFIBP2,8495
211765_x_at,PPIA,5478,PPIA,5478
217136_at,PPIAL4C///PPIAL4A///PPIAL4G,653598///653505///644591,PPIAL4C///PPIAL4A///PPIAL4G,653598///653505///644591
200967_at,PPIB,5479,PPIB,5479
200968_s_at,PPIB,5479,PPIB,5479
204517_at,PPIC,5480,PPIC,5480
204518_s_at,PPIC,5480,PPIC,5480
204185_x_at,PPID,5481,PPID,5481
204186_s_at,PPID,5481,PPID,5481
202494_at,PPIE,10450,PPIE,10450
210502_s_at,PPIE,10450,PPIE,10450
222054_at,PPIEL,728448,PPIEL,728448
201489_at,PPIF,10105,PPIF,10105
201490_s_at,PPIF,10105,PPIF,10105
208993_s_at,PPIG,9360,PPIG,9360
208994_s_at,PPIG,9360,PPIG,9360
208995_s_at,PPIG,9360,PPIG,9360
204228_at,PPIH,10465,PPIH,10465
206063_x_at,PPIL2,23759,PPIL2,23759
206064_s_at,PPIL2,23759,PPIL2,23759
209299_x_at,PPIL2,23759,PPIL2,23759
214986_x_at,PPIL2,23759,PPIL2,23759
217407_x_at,PPIL2,23759,PPIL2,23759
214206_at,PPIL6,285755,PPIL6,285755
204578_at,PPIP5K1,9677,PPIP5K1,9677
203253_s_at,PPIP5K2,23262,PPIP5K2,23262
203407_at,PPL,5493,PPL,5493
203966_s_at,PPM1A,5494,PPM1A,5494
210407_at,PPM1A,5494,PPM1A,5494
209296_at,PPM1B,5495,PPM1B,5495
213225_at,PPM1B,5495,PPM1B,5495
204566_at,PPM1D,8493,PPM1D,8493
205938_at,PPM1E,22843,PPM1E,22843
203063_at,PPM1F,9647,PPM1F,9647
37384_at,PPM1F,9647,PPM1F,9647
200913_at,PPM1G,5496,PPM1G,5496
212686_at,PPM1H,57460,PPM1H,57460
217841_s_at,PPME1,51400,PPME1,51400
49077_at,PPME1,51400,PPME1,51400
204788_s_at,PPOX,5498,PPOX,5498
200846_s_at,PPP1CA,5499,PPP1CA,5499
201407_s_at,PPP1CB,5500,PPP1CB,5500
201408_at,PPP1CB,5500,PPP1CB,5500
201409_s_at,PPP1CB,5500,PPP1CB,5500
200726_at,PPP1CC,5501,PPP1CC,5501
201702_s_at,PPP1R10,5514,PPP1R10,5514
201703_s_at,PPP1R10,5514,PPP1R10,5514
201500_s_at,PPP1R11,6992,PPP1R11,6992
201602_s_at,PPP1R12A,4659,PPP1R12A,4659
201603_at,PPP1R12A,4659,PPP1R12A,4659
201604_s_at,PPP1R12A,4659,PPP1R12A,4659
201957_at,PPP1R12B,4660,PPP1R12B,4660
201958_s_at,PPP1R12B,4660,PPP1R12B,4660
216347_s_at,PPP1R13B,23368,PPP1R13B,23368
218849_s_at,PPP1R13L,10848,PPP1R13L,10848
212680_x_at,PPP1R14B,26472,PPP1R14B,26472
220082_at,PPP1R14D,54866,PPP1R14D,54866
202014_at,PPP1R15A,23645,PPP1R15A,23645
37028_at,PPP1R15A,23645,PPP1R15A,23645
212750_at,PPP1R16B,26051,PPP1R16B,26051
41577_at,PPP1R16B,26051,PPP1R16B,26051
220231_at,PPP1R17,10842,PPP1R17,10842
205478_at,PPP1R1A,5502,PPP1R1A,5502
202165_at,PPP1R2,5504,PPP1R2,5504
202166_s_at,PPP1R2,5504,PPP1R2,5504
213774_s_at,PPP1R2,5504,PPP1R2,5504
203955_at,PPP1R26,9858,PPP1R26,9858
207377_at,PPP1R2P9,80316,PPP1R2P9,80316
213751_at,PPP1R37,284352,PPP1R37,284352
213781_at,PPP1R37,284352,PPP1R37,284352
206895_at,PPP1R3A,5506,PPP1R3A,5506
211169_s_at,PPP1R3A,5506,PPP1R3A,5506
204284_at,PPP1R3C,5507,PPP1R3C,5507
204554_at,PPP1R3D,5509,PPP1R3D,5509
204555_s_at,PPP1R3D,5509,PPP1R3D,5509
201213_at,PPP1R7,5510,PPP1R7,5510
201214_s_at,PPP1R7,5510,PPP1R7,5510
213465_s_at,PPP1R7,5510,PPP1R7,5510
207830_s_at,PPP1R8,5511,PPP1R8,5511
221088_s_at,PPP1R9A,55607,PPP1R9A,55607
208652_at,PPP2CA,5515,PPP2CA,5515
201374_x_at,PPP2CB,5516,PPP2CB,5516
201375_s_at,PPP2CB,5516,PPP2CB,5516
200695_at,PPP2R1A,5518,PPP2R1A,5518
202883_s_at,PPP2R1B,5519,PPP2R1B,5519
202884_s_at,PPP2R1B,5519,PPP2R1B,5519
202885_s_at,PPP2R1B,5519,PPP2R1B,5519
202886_s_at,PPP2R1B,5519,PPP2R1B,5519
222351_at,PPP2R1B,5519,PPP2R1B,5519
202313_at,PPP2R2A,5520,PPP2R2A,5520
205643_s_at,PPP2R2B,5521,PPP2R2B,5521
213849_s_at,PPP2R2B,5521,PPP2R2B,5521
221772_s_at,PPP2R2D,55844,PPP2R2D,55844
207749_s_at,PPP2R3A,5523,PPP2R3A,5523
209632_at,PPP2R3A,5523,PPP2R3A,5523
209633_at,PPP2R3A,5523,PPP2R3A,5523
219264_s_at,PPP2R3B,28227,PPP2R3B,28227
218852_at,PPP2R3C,55012,PPP2R3C,55012
202186_x_at,PPP2R5A,5525,PPP2R5A,5525
202187_s_at,PPP2R5A,5525,PPP2R5A,5525
204611_s_at,PPP2R5B,5526,PPP2R5B,5526
635_s_at,PPP2R5B,5526,PPP2R5B,5526
201877_s_at,PPP2R5C,5527,PPP2R5C,5527
213305_s_at,PPP2R5C,5527,PPP2R5C,5527
214083_at,PPP2R5C,5527,PPP2R5C,5527
202513_s_at,PPP2R5D,5528,PPP2R5D,5528
211159_s_at,PPP2R5D,5528,PPP2R5D,5528
203338_at,PPP2R5E,5529,PPP2R5E,5529
202425_x_at,PPP3CA,5530,PPP3CA,5530
202429_s_at,PPP3CA,5530,PPP3CA,5530
202457_s_at,PPP3CA,5530,PPP3CA,5530
202432_at,PPP3CB,5532,PPP3CB,5532
209817_at,PPP3CB,5532,PPP3CB,5532
207000_s_at,PPP3CC,5533,PPP3CC,5533
209697_at,PPP3CC,5533,PPP3CC,5533
213950_s_at,PPP3CC,5533,PPP3CC,5533
32540_at,PPP3CC,5533,PPP3CC,5533
32541_at,PPP3CC,5533,PPP3CC,5533
204506_at,PPP3R1,5534,PPP3R1,5534
204507_s_at,PPP3R1,5534,PPP3R1,5534
208932_at,PPP4C,5531,PPP4C,5531
201594_s_at,PPP4R1,9989,PPP4R1,9989
220764_at,PPP4R2,151987,PPP4R2,151987
220368_s_at,PPP4R3A,55671,PPP4R3A,55671
220369_at,PPP4R3A,55671,PPP4R3A,55671
222270_at,PPP4R3B,57223,PPP4R3B,57223
220672_at,PPP4R4,57718,PPP4R4,57718
220673_s_at,PPP4R4,57718,PPP4R4,57718
201979_s_at,PPP5C,5536,PPP5C,5536
215705_at,PPP5C,5536,PPP5C,5536
203529_at,PPP6C,5537,PPP6C,5537
206174_s_at,PPP6C,5537,PPP6C,5537
209229_s_at,PPP6R1,22870,PPP6R1,22870
202791_s_at,PPP6R2,9701,PPP6R2,9701
202792_s_at,PPP6R2,9701,PPP6R2,9701
217928_s_at,PPP6R3,55291,PPP6R3,55291
203737_s_at,PPRC1,23082,PPRC1,23082
200975_at,PPT1,5538,PPT1,5538
208469_s_at,PPT2-EGFL8///EGFL8///PPT2,100532746///80864///9374,PPT2-EGFL8///EGFL8///PPT2,100532746///80864///9374
209826_at,PPT2-EGFL8///EGFL8///PPT2,100532746///80864///9374,PPT2-EGFL8///EGFL8///PPT2,100532746///80864///9374
213483_at,PPWD1,23398,PPWD1,23398
210670_at,PPY,5539,PPY,5539
220654_at,PPY2P,23614,PPY2P,23614
207769_s_at,PQBP1,10084,PQBP1,10084
210499_s_at,PQBP1,10084,PQBP1,10084
214527_s_at,PQBP1,10084,PQBP1,10084
218208_at,PQLC1,80148,PQLC1,80148
220453_at,PQLC2,54896,PQLC2,54896
216458_at,PQLC3,130814,PQLC3,130814
216694_at,PQLC3,130814,PQLC3,130814
203456_at,PRAF2,11230,PRAF2,11230
204086_at,PRAME,23532,PRAME,23532
217273_at,PRAMEF10,343071,PRAMEF10,343071
217365_at,PRAMEF11,440560,PRAMEF11,440560
216001_at,PRAMEF12,390999,PRAMEF12,390999
208312_s_at,PRAMEF2///PRAMEF1,65122///65121,PRAMEF2///PRAMEF1,65122///65121
207752_x_at,PRB1,5542,PRB1,5542
210597_x_at,PRB1,5542,PRB1,5542
211531_x_at,PRB1,5542,PRB1,5542
206998_x_at,PRB3,5544,PRB3,5544
216881_x_at,PRB4,5545,PRB4,5545
218009_s_at,PRC1,9055,PRC1,9055
208938_at,PRCC,5546,PRCC,5546
201494_at,PRCP,5547,PRCP,5547
217192_s_at,PRDM1,639,PRDM1,639
214158_s_at,PRDM10,56980,PRDM10,56980
219515_at,PRDM10,56980,PRDM10,56980
220571_at,PRDM11,56981,PRDM11,56981
220894_x_at,PRDM12,59335,PRDM12,59335
221168_at,PRDM13,59336,PRDM13,59336
220714_at,PRDM14,63978,PRDM14,63978
220928_s_at,PRDM16,63976,PRDM16,63976
203056_s_at,PRDM2,7799,PRDM2,7799
203057_s_at,PRDM2,7799,PRDM2,7799
205277_at,PRDM2,7799,PRDM2,7799
216433_s_at,PRDM2,7799,PRDM2,7799
216445_at,PRDM2,7799,PRDM2,7799
218329_at,PRDM4,11108,PRDM4,11108
49485_at,PRDM4,11108,PRDM4,11108
220792_at,PRDM5,11107,PRDM5,11107
219835_at,PRDM8,56978,PRDM8,56978
221151_at,PRDM9,56979,PRDM9,56979
208680_at,PRDX1,5052,PRDX1,5052
201006_at,PRDX2,7001,PRDX2,7001
211658_at,PRDX2,7001,PRDX2,7001
215067_x_at,PRDX2,7001,PRDX2,7001
39729_at,PRDX2,7001,PRDX2,7001
201619_at,PRDX3,10935,PRDX3,10935
209766_at,PRDX3,10935,PRDX3,10935
201923_at,PRDX4,10549,PRDX4,10549
200844_s_at,PRDX6,9588,PRDX6,9588
200845_s_at,PRDX6,9588,PRDX6,9588
217861_s_at,PREB,10113,PREB,10113
206273_at,PRELID3A,10650,PRELID3A,10650
217851_s_at,PRELID3B,51012,PRELID3B,51012
204223_at,PRELP,5549,PRELP,5549
37022_at,PRELP,5549,PRELP,5549
204117_at,PREP,5550,PREP,5550
37950_at,PREP,5550,PREP,5550
212215_at,PREPL,9581,PREPL,9581
212216_at,PREPL,9581,PREPL,9581
212217_at,PREPL,9581,PREPL,9581
220732_at,PREX2,80243,PREX2,80243
214617_at,PRF1,5551,PRF1,5551
211743_s_at,PRG2,5553,PRG2,5553
220811_at,PRG3,10394,PRG3,10394
206007_at,PRG4,10216,PRG4,10216
205272_s_at,PRH1-PRR4///PRH2///PRH1,100533464///5555///5554,PRH1-PRR4///PRH2///PRH1,100533464///5555///5554
204919_at,PRH1-PRR4///PRR4,100533464///11272,PRH1-PRR4///PRR4,100533464///11272
217349_s_at,PRICKLE3,4007,PRICKLE3,4007
205053_at,PRIM1,5557,PRIM1,5557
205628_at,PRIM2,5558,PRIM2,5558
215708_s_at,PRIM2B///PRIM2,100996481///5558,PRIM2B///PRIM2,100996481///5558
215709_at,PRIM2B///PRIM2,100996481///5558,PRIM2B///PRIM2,100996481///5558
216051_x_at,PRINS,100169750,PRINS,100169750
209799_at,PRKAA1,5562,PRKAA1,5562
214917_at,PRKAA1,5562,PRKAA1,5562
207709_at,PRKAA2,5563,PRKAA2,5563
201834_at,PRKAB1,5564,PRKAB1,5564
201835_s_at,PRKAB1,5564,PRKAB1,5564
214474_at,PRKAB2,5565,PRKAB2,5565
202801_at,PRKACA,5566,PRKACA,5566
216234_s_at,PRKACA,5566,PRKACA,5566
202741_at,PRKACB,5567,PRKACB,5567
202742_s_at,PRKACB,5567,PRKACB,5567
207228_at,PRKACG,5568,PRKACG,5568
201805_at,PRKAG1,5571,PRKAG1,5571
215231_at,PRKAG2,51422,PRKAG2,51422
218292_s_at,PRKAG2,51422,PRKAG2,51422
200603_at,PRKAR1A,5573,PRKAR1A,5573
200604_s_at,PRKAR1A,5573,PRKAR1A,5573
200605_s_at,PRKAR1A,5573,PRKAR1A,5573
217361_at,PRKAR1AP1,5574,PRKAR1AP1,5574
212555_at,PRKAR1B,5575,PRKAR1B,5575
212559_at,PRKAR1B,5575,PRKAR1B,5575
204842_x_at,PRKAR2A,5576,PRKAR2A,5576
204843_s_at,PRKAR2A,5576,PRKAR2A,5576
213052_at,PRKAR2A,5576,PRKAR2A,5576
203680_at,PRKAR2B,5577,PRKAR2B,5577
206923_at,PRKCA,5578,PRKCA,5578
213093_at,PRKCA,5578,PRKCA,5578
215194_at,PRKCA,5578,PRKCA,5578
215195_at,PRKCA,5578,PRKCA,5578
207957_s_at,PRKCB,5579,PRKCB,5579
209685_s_at,PRKCB,5579,PRKCB,5579
202545_at,PRKCD,5580,PRKCD,5580
213010_at,PRKCDBP,112464,PRKCDBP,112464
206248_at,PRKCE,5581,PRKCE,5581
206270_at,PRKCG,5582,PRKCG,5582
206099_at,PRKCH,5583,PRKCH,5583
218764_at,PRKCH,5583,PRKCH,5583
209677_at,PRKCI,5584,PRKCI,5584
209678_s_at,PRKCI,5584,PRKCI,5584
213518_at,PRKCI,5584,PRKCI,5584
210038_at,PRKCQ,5588,PRKCQ,5588
210039_s_at,PRKCQ,5588,PRKCQ,5588
200707_at,PRKCSH,5589,PRKCSH,5589
214080_x_at,PRKCSH,5589,PRKCSH,5589
202178_at,PRKCZ,5590,PRKCZ,5590
205880_at,PRKD1,5587,PRKD1,5587
217705_at,PRKD1,5587,PRKD1,5587
209282_at,PRKD2,25865,PRKD2,25865
38269_at,PRKD2,25865,PRKD2,25865
211084_x_at,PRKD3,23683,PRKD3,23683
218236_s_at,PRKD3,23683,PRKD3,23683
208694_at,PRKDC,5591,PRKDC,5591
210543_s_at,PRKDC,5591,PRKDC,5591
215757_at,PRKDC,5591,PRKDC,5591
207119_at,PRKG1,5592,PRKG1,5592
211380_s_at,PRKG1,5592,PRKG1,5592
207505_at,PRKG2,5593,PRKG2,5593
209139_s_at,PRKRA,8575,PRKRA,8575
204061_at,PRKX,5613,PRKX,5613
206279_at,PRKY,5616,PRKY,5616
204060_s_at,PRKY///PRKX,5616///5613,PRKY///PRKX,5616///5613
205445_at,PRL,5617,PRL,5617
221443_x_at,PRLH,51052,PRLH,51052
206346_at,PRLR,5618,PRLR,5618
210476_s_at,PRLR,5618,PRLR,5618
211917_s_at,PRLR,5618,PRLR,5618
216638_s_at,PRLR,5618,PRLR,5618
206358_at,PRM1,5619,PRM1,5619
210122_at,PRM2,5620,PRM2,5620
206445_s_at,PRMT1,3276,PRMT1,3276
202098_s_at,PRMT2,3275,PRMT2,3275
210384_at,PRMT2,3275,PRMT2,3275
216069_at,PRMT2,3275,PRMT2,3275
216072_at,PRMT2,3275,PRMT2,3275
221564_at,PRMT2,3275,PRMT2,3275
213320_at,PRMT3,10196,PRMT3,10196
217786_at,PRMT5,10419,PRMT5,10419
219408_at,PRMT7,54496,PRMT7,54496
207772_s_at,PRMT8,56341,PRMT8,56341
222106_at,PRND,23627,PRND,23627
201300_s_at,PRNP,5621,PRNP,5621
215707_s_at,PRNP,5621,PRNP,5621
220568_at,PRO1483,55448,PRO1483,55448
221243_s_at,PRO1596,29013,PRO1596,29013
220883_at,PRO2012,55478,PRO2012,55478
220699_s_at,PRO2214,55387,PRO2214,55387
207751_at,PRO2949,55412,PRO2949,55412
207477_at,PRO2958,100128329,PRO2958,100128329
207478_at,PRO2958,100128329,PRO2958,100128329
220872_at,PRO2964,55415,PRO2964,55415
206259_at,PROC,5624,PROC,5624
203650_at,PROCR,10544,PROCR,10544
216696_s_at,PRODH2,58510,PRODH2,58510
204304_s_at,PROM1,8842,PROM1,8842
211223_at,PROP1,5626,PROP1,5626
221179_at,PRORY,100533178,PRORY,100533178
207808_s_at,PROS1,5627,PROS1,5627
209384_at,PROSC,11212,PROSC,11212
209385_s_at,PROSC,11212,PROSC,11212
214545_s_at,PROSC,11212,PROSC,11212
216519_s_at,PROSC,11212,PROSC,11212
218420_s_at,PROSER1,80209,PROSER1,80209
207401_at,PROX1,5629,PROX1,5629
208034_s_at,PROZ,8858,PROZ,8858
221546_at,PRPF18,8559,PRPF18,8559
221547_at,PRPF18,8559,PRPF18,8559
203103_s_at,PRPF19,27339,PRPF19,27339
202251_at,PRPF3,9129,PRPF3,9129
202407_s_at,PRPF31,26121,PRPF31,26121
202408_s_at,PRPF31,26121,PRPF31,26121
214380_at,PRPF31,26121,PRPF31,26121
218040_at,PRPF38B,55119,PRPF38B,55119
220553_s_at,PRPF39,55015,PRPF39,55015
209161_at,PRPF4,9128,PRPF4,9128
209162_s_at,PRPF4,9128,PRPF4,9128
213729_at,PRPF40A,55660,PRPF40A,55660
214941_s_at,PRPF40A,55660,PRPF40A,55660
218053_at,PRPF40A,55660,PRPF40A,55660
202126_at,PRPF4B,8899,PRPF4B,8899
202127_at,PRPF4B,8899,PRPF4B,8899
211090_s_at,PRPF4B,8899,PRPF4B,8899
208879_x_at,PRPF6,24148,PRPF6,24148
208880_s_at,PRPF6,24148,PRPF6,24148
200000_s_at,PRPF8,10594,PRPF8,10594
213847_at,PRPH,5630,PRPH,5630
206625_at,PRPH2,5961,PRPH2,5961
208447_s_at,PRPS1,5631,PRPS1,5631
209440_at,PRPS1,5631,PRPS1,5631
215486_at,PRPS1L1,221823,PRPS1L1,221823
203401_at,PRPS2,5634,PRPS2,5634
202529_at,PRPSAP1,5635,PRPSAP1,5635
203537_at,PRPSAP2,5636,PRPSAP2,5636
219392_x_at,PRR11,55771,PRR11,55771
217794_at,PRR13,54458,PRR13,54458
218714_at,PRR14,78994,PRR14,78994
45687_at,PRR14,78994,PRR14,78994
216555_at,PRR14L,253143,PRR14L,253143
219127_at,PRR15L,79170,PRR15L,79170
220014_at,PRR16,51334,PRR16,51334
204795_at,PRR3,80742,PRR3,80742
220681_at,PRR34,55267,PRR34,55267
220584_at,PRR36,80164,PRR36,80164
219168_s_at,PRR5,55615,PRR5,55615
47069_at,PRR5,55615,PRR5,55615
205980_s_at,PRR5-ARHGAP8///ARHGAP8,553158///23779,PRR5-ARHGAP8///ARHGAP8,553158///23779
37117_at,PRR5-ARHGAP8///ARHGAP8,553158///23779,PRR5-ARHGAP8///ARHGAP8,553158///23779
219383_at,PRR5L,79899,PRR5L,79899
219742_at,PRR7,80758,PRR7,80758
221734_at,PRRC1,133619,PRRC1,133619
208132_x_at,PRRC2A,7916,PRRC2A,7916
212081_x_at,PRRC2A,7916,PRRC2A,7916
214201_x_at,PRRC2A,7916,PRRC2A,7916
212068_s_at,PRRC2B,84726,PRRC2B,84726
212069_s_at,PRRC2B,84726,PRRC2B,84726
211944_at,PRRC2C,23215,PRRC2C,23215
211946_s_at,PRRC2C,23215,PRRC2C,23215
211947_s_at,PRRC2C,23215,PRRC2C,23215
211948_x_at,PRRC2C,23215,PRRC2C,23215
214052_x_at,PRRC2C,23215,PRRC2C,23215
214055_x_at,PRRC2C,23215,PRRC2C,23215
205618_at,PRRG1,5638,PRRG1,5638
205617_at,PRRG2,5639,PRRG2,5639
220433_at,PRRG3,79057,PRRG3,79057
207291_at,PRRG4,79056,PRRG4,79056
205991_s_at,PRRX1,5396,PRRX1,5396
219729_at,PRRX2,51450,PRRX2,51450
205515_at,PRSS12,8492,PRSS12,8492
213802_at,PRSS12,8492,PRSS12,8492
208165_s_at,PRSS16,10279,PRSS16,10279
205402_x_at,PRSS2,5645,PRSS2,5645
216470_x_at,PRSS2,5645,PRSS2,5645
205869_at,PRSS2///PRSS1,5645///5644,PRSS2///PRSS1,5645///5644
220051_at,PRSS21,10942,PRSS21,10942
205847_at,PRSS22,64063,PRSS22,64063
202458_at,PRSS23,11098,PRSS23,11098
207463_x_at,PRSS3,5646,PRSS3,5646
213421_x_at,PRSS3,5646,PRSS3,5646
215395_x_at,PRSS3P2,154754,PRSS3P2,154754
220126_at,PRSS50,29122,PRSS50,29122
214226_at,PRSS53,339105,PRSS53,339105
202525_at,PRSS8,5652,PRSS8,5652
207341_at,PRTN3,5657,PRTN3,5657
209586_s_at,PRUNE1,58497,PRUNE1,58497
209599_s_at,PRUNE1,58497,PRUNE1,58497
210988_s_at,PRUNE1,58497,PRUNE1,58497
212805_at,PRUNE2,158471,PRUNE2,158471
212806_at,PRUNE2,158471,PRUNE2,158471
220024_s_at,PRX,57716,PRX,57716
222255_at,PRX,57716,PRX,57716
200866_s_at,PSAP,5660,PSAP,5660
200871_s_at,PSAP,5660,PSAP,5660
220892_s_at,PSAT1,29968,PSAT1,29968
205319_at,PSCA,8000,PSCA,8000
208102_s_at,PSD,5662,PSD,5662
203354_s_at,PSD3,23362,PSD3,23362
203355_s_at,PSD3,23362,PSD3,23362
218613_at,PSD3,23362,PSD3,23362
203317_at,PSD4,23550,PSD4,23550
215923_s_at,PSD4,23550,PSD4,23550
203460_s_at,PSEN1,5663,PSEN1,5663
207782_s_at,PSEN1,5663,PSEN1,5663
204261_s_at,PSEN2,5664,PSEN2,5664
204262_s_at,PSEN2,5664,PSEN2,5664
211373_s_at,PSEN2,5664,PSEN2,5664
218302_at,PSENEN,55851,PSENEN,55851
208257_x_at,PSG1,5669,PSG1,5669
210195_s_at,PSG1,5669,PSG1,5669
210196_s_at,PSG1,5669,PSG1,5669
206570_s_at,PSG11,5680,PSG11,5680
203399_x_at,PSG11///PSG3,5680///5671,PSG11///PSG3,5680///5671
215821_x_at,PSG11///PSG3,5680///5671,PSG11///PSG3,5680///5671
208134_x_at,PSG2,5670,PSG2,5670
211741_x_at,PSG3,5671,PSG3,5671
208191_x_at,PSG4,5672,PSG4,5672
204830_x_at,PSG5,5673,PSG5,5673
208106_x_at,PSG6,5675,PSG6,5675
209738_x_at,PSG6,5675,PSG6,5675
205602_x_at,PSG7,5676,PSG7,5676
207733_x_at,PSG9,5678,PSG9,5678
209594_x_at,PSG9,5678,PSG9,5678
210126_at,PSG9,5678,PSG9,5678
205961_s_at,PSIP1,11168,PSIP1,11168
209337_at,PSIP1,11168,PSIP1,11168
210758_at,PSIP1,11168,PSIP1,11168
213141_at,PSKH1,5681,PSKH1,5681
201676_x_at,PSMA1,5682,PSMA1,5682
210759_s_at,PSMA1,5682,PSMA1,5682
211746_x_at,PSMA1,5682,PSMA1,5682
201316_at,PSMA2,5683,PSMA2,5683
201317_s_at,PSMA2,5683,PSMA2,5683
201532_at,PSMA3,5684,PSMA3,5684
203396_at,PSMA4,5685,PSMA4,5685
201274_at,PSMA5,5686,PSMA5,5686
201114_x_at,PSMA7,5688,PSMA7,5688
216088_s_at,PSMA7,5688,PSMA7,5688
200876_s_at,PSMB1,5689,PSMB1,5689
214288_s_at,PSMB1,5689,PSMB1,5689
214289_at,PSMB1,5689,PSMB1,5689
202659_at,PSMB10,5699,PSMB10,5699
200039_s_at,PSMB2,5690,PSMB2,5690
201404_x_at,PSMB2,5690,PSMB2,5690
201400_at,PSMB3,5691,PSMB3,5691
202243_s_at,PSMB4,5692,PSMB4,5692
202244_at,PSMB4,5692,PSMB4,5692
208799_at,PSMB5,5693,PSMB5,5693
208827_at,PSMB6,5694,PSMB6,5694
200786_at,PSMB7,5695,PSMB7,5695
209040_s_at,PSMB8,5696,PSMB8,5696
204279_at,PSMB9,5698,PSMB9,5698
204219_s_at,PSMC1,5700,PSMC1,5700
201067_at,PSMC2,5701,PSMC2,5701
201068_s_at,PSMC2,5701,PSMC2,5701
201267_s_at,PSMC3,5702,PSMC3,5702
205956_x_at,PSMC3IP,29893,PSMC3IP,29893
213951_s_at,PSMC3IP,29893,PSMC3IP,29893
201252_at,PSMC4,5704,PSMC4,5704
209503_s_at,PSMC5,5705,PSMC5,5705
201699_at,PSMC6,5706,PSMC6,5706
201198_s_at,PSMD1,5707,PSMD1,5707
201199_s_at,PSMD1,5707,PSMD1,5707
219485_s_at,PSMD10,5716,PSMD10,5716
208776_at,PSMD11,5717,PSMD11,5717
208777_s_at,PSMD11,5717,PSMD11,5717
202352_s_at,PSMD12,5718,PSMD12,5718
202353_s_at,PSMD12,5718,PSMD12,5718
201232_s_at,PSMD13,5719,PSMD13,5719
201233_at,PSMD13,5719,PSMD13,5719
212296_at,PSMD14,10213,PSMD14,10213
200830_at,PSMD2,5708,PSMD2,5708
201388_at,PSMD3,5709,PSMD3,5709
200882_s_at,PSMD4,5710,PSMD4,5710
210459_at,PSMD4,5710,PSMD4,5710
210460_s_at,PSMD4,5710,PSMD4,5710
211609_x_at,PSMD4,5710,PSMD4,5710
203447_at,PSMD5,5711,PSMD5,5711
215546_at,PSMD5,5711,PSMD5,5711
202753_at,PSMD6,9861,PSMD6,9861
201705_at,PSMD7,5713,PSMD7,5713
200820_at,PSMD8,5714,PSMD8,5714
207805_s_at,PSMD9,5715,PSMD9,5715
209334_s_at,PSMD9,5715,PSMD9,5715
200814_at,PSME1,5720,PSME1,5720
200987_x_at,PSME3,10197,PSME3,10197
200988_s_at,PSME3,10197,PSME3,10197
209852_x_at,PSME3,10197,PSME3,10197
209853_s_at,PSME3,10197,PSME3,10197
212219_at,PSME4,23198,PSME4,23198
212220_at,PSME4,23198,PSME4,23198
212222_at,PSME4,23198,PSME4,23198
201052_s_at,PSMF1,9491,PSMF1,9491
201053_s_at,PSMF1,9491,PSMF1,9491
203405_at,PSMG1,8624,PSMG1,8624
218467_at,PSMG2,56984,PSMG2,56984
220362_at,PSORS1C1,170679,PSORS1C1,170679
220635_at,PSORS1C2,170680,PSORS1C2,170680
218371_s_at,PSPC1,55269,PSPC1,55269
205048_s_at,PSPH,5723,PSPH,5723
205194_at,PSPH,5723,PSPH,5723
221373_x_at,PSPN,5623,PSPN,5623
201896_s_at,PSRC1,84722,PSRC1,84722
211178_s_at,PSTPIP1,9051,PSTPIP1,9051
219938_s_at,PSTPIP2,9050,PSTPIP2,9050
206278_at,PTAFR,5724,PTAFR,5724
211661_x_at,PTAFR,5724,PTAFR,5724
211270_x_at,PTBP1,5725,PTBP1,5725
218683_at,PTBP2,58155,PTBP2,58155
207223_s_at,PTBP3,9991,PTBP3,9991
214697_s_at,PTBP3,9991,PTBP3,9991
214698_at,PTBP3,9991,PTBP3,9991
219658_at,PTCD2,79810,PTCD2,79810
217895_at,PTCD3,55037,PTCD3,55037
208522_s_at,PTCH1,5727,PTCH1,5727
209815_at,PTCH1,5727,PTCH1,5727
209816_at,PTCH1,5727,PTCH1,5727
221292_at,PTCH2,8643,PTCH2,8643
211252_x_at,PTCRA,171558,PTCRA,171558
211837_s_at,PTCRA,171558,PTCRA,171558
215492_x_at,PTCRA,171558,PTCRA,171558
201433_s_at,PTDSS1,9791,PTDSS1,9791
221005_s_at,PTDSS2,81490,PTDSS2,81490
204053_x_at,PTEN,5728,PTEN,5728
204054_at,PTEN,5728,PTEN,5728
211711_s_at,PTEN,5728,PTEN,5728
217494_s_at,PTENP1,11191,PTENP1,11191
217492_s_at,PTENP1///PTEN,11191///5728,PTENP1///PTEN,11191///5728
218967_s_at,PTER,9317,PTER,9317
215894_at,PTGDR,5729,PTGDR,5729
215937_at,PTGDR,5729,PTGDR,5729
206361_at,PTGDR2,11251,PTGDR2,11251
216464_x_at,PTGDR2,11251,PTGDR2,11251
211663_x_at,PTGDS,5730,PTGDS,5730
211748_x_at,PTGDS,5730,PTGDS,5730
212187_x_at,PTGDS,5730,PTGDS,5730
207650_x_at,PTGER1,5731,PTGER1,5731
214391_x_at,PTGER1,5731,PTGER1,5731
206631_at,PTGER2,5732,PTGER2,5732
208169_s_at,PTGER3,5733,PTGER3,5733
210374_x_at,PTGER3,5733,PTGER3,5733
210375_at,PTGER3,5733,PTGER3,5733
210831_s_at,PTGER3,5733,PTGER3,5733
210832_x_at,PTGER3,5733,PTGER3,5733
210833_at,PTGER3,5733,PTGER3,5733
210834_s_at,PTGER3,5733,PTGER3,5733
211265_at,PTGER3,5733,PTGER3,5733
211909_x_at,PTGER3,5733,PTGER3,5733
213933_at,PTGER3,5733,PTGER3,5733
204896_s_at,PTGER4,5734,PTGER4,5734
204897_at,PTGER4,5734,PTGER4,5734
217158_at,PTGER4P2-CDK2AP2P2,442421,PTGER4P2-CDK2AP2P2,442421
207388_s_at,PTGES,9536,PTGES,9536
210367_s_at,PTGES,9536,PTGES,9536
218083_at,PTGES2,80142,PTGES2,80142
200627_at,PTGES3,10728,PTGES3,10728
222064_s_at,PTGES3L-AARSD1///PTGES3L///AARSD1,100885850///100885848///80755,PTGES3L-AARSD1///PTGES3L///AARSD1,100885850///100885848///80755
207177_at,PTGFR,5737,PTGFR,5737
206187_at,PTGIR,5739,PTGIR,5739
208131_s_at,PTGIS,5740,PTGIS,5740
210702_s_at,PTGIS,5740,PTGIS,5740
211892_s_at,PTGIS,5740,PTGIS,5740
202010_s_at,PTGR2///ZNF410,145482///57862,PTGR2///ZNF410,145482///57862
209944_at,PTGR2///ZNF410,145482///57862,PTGR2///ZNF410,145482///57862
205127_at,PTGS1,5742,PTGS1,5742
205128_x_at,PTGS1,5742,PTGS1,5742
215813_s_at,PTGS1,5742,PTGS1,5742
204748_at,PTGS2,5743,PTGS2,5743
206977_at,PTH,5741,PTH,5741
205911_at,PTH1R,5745,PTH1R,5745
206772_at,PTH2R,5746,PTH2R,5746
206300_s_at,PTHLH,5744,PTHLH,5744
210355_at,PTHLH,5744,PTHLH,5744
211756_at,PTHLH,5744,PTHLH,5744
207821_s_at,PTK2,5747,PTK2,5747
208820_at,PTK2,5747,PTK2,5747
203110_at,PTK2B,2185,PTK2B,2185
203111_s_at,PTK2B,2185,PTK2B,2185
206482_at,PTK6,5753,PTK6,5753
207011_s_at,PTK7,5754,PTK7,5754
200773_x_at,PTMA,5757,PTMA,5757
208549_x_at,PTMA,5757,PTMA,5757
218044_x_at,PTMS,5763,PTMS,5763
218045_x_at,PTMS,5763,PTMS,5763
208408_at,PTN,5764,PTN,5764
209465_x_at,PTN,5764,PTN,5764
209466_x_at,PTN,5764,PTN,5764
211737_x_at,PTN,5764,PTN,5764
212032_s_at,PTOV1,53635,PTOV1,53635
212029_s_at,PTOV1-AS2,101928378,PTOV1-AS2,101928378
213690_s_at,PTOV1-AS2,101928378,PTOV1-AS2,101928378
213691_at,PTOV1-AS2,101928378,PTOV1-AS2,101928378
200730_s_at,PTP4A1,7803,PTP4A1,7803
200731_s_at,PTP4A1,7803,PTP4A1,7803
200732_s_at,PTP4A1,7803,PTP4A1,7803
200733_s_at,PTP4A1,7803,PTP4A1,7803
208615_s_at,PTP4A2,8073,PTP4A2,8073
208616_s_at,PTP4A2,8073,PTP4A2,8073
208617_s_at,PTP4A2,8073,PTP4A2,8073
216988_s_at,PTP4A2,8073,PTP4A2,8073
206574_s_at,PTP4A3,11156,PTP4A3,11156
209695_at,PTP4A3,11156,PTP4A3,11156
214223_at,PTP4A3,11156,PTP4A3,11156
206452_x_at,PTPA,5524,PTPA,5524
208874_x_at,PTPA,5524,PTPA,5524
216105_x_at,PTPA,5524,PTPA,5524
218570_at,PTPMT1///KBTBD4,114971///55709,PTPMT1///KBTBD4,114971///55709
202716_at,PTPN1,5770,PTPN1,5770
217686_at,PTPN1,5770,PTPN1,5770
217689_at,PTPN1,5770,PTPN1,5770
205867_at,PTPN11,5781,PTPN11,5781
205868_s_at,PTPN11,5781,PTPN11,5781
209895_at,PTPN11,5781,PTPN11,5781
209896_s_at,PTPN11,5781,PTPN11,5781
212610_at,PTPN11,5781,PTPN11,5781
202006_at,PTPN12,5782,PTPN12,5782
216884_at,PTPN12,5782,PTPN12,5782
216915_s_at,PTPN12,5782,PTPN12,5782
204201_s_at,PTPN13,5783,PTPN13,5783
205503_at,PTPN14,5784,PTPN14,5784
203555_at,PTPN18,26469,PTPN18,26469
213521_at,PTPN18,26469,PTPN18,26469
204935_at,PTPN2,5771,PTPN2,5771
213136_at,PTPN2,5771,PTPN2,5771
213137_s_at,PTPN2,5771,PTPN2,5771
215172_at,PTPN20,26095,PTPN20,26095
1320_at,PTPN21,11099,PTPN21,11099
205438_at,PTPN21,11099,PTPN21,11099
222092_at,PTPN21,11099,PTPN21,11099
40524_at,PTPN21,11099,PTPN21,11099
206060_s_at,PTPN22,26191,PTPN22,26191
208010_s_at,PTPN22,26191,PTPN22,26191
208011_at,PTPN22,26191,PTPN22,26191
203997_at,PTPN3,5774,PTPN3,5774
205171_at,PTPN4,5775,PTPN4,5775
206687_s_at,PTPN6,5777,PTPN6,5777
204852_s_at,PTPN7,5778,PTPN7,5778
202958_at,PTPN9,5780,PTPN9,5780
213795_s_at,PTPRA,5786,PTPRA,5786
213799_s_at,PTPRA,5786,PTPRA,5786
205846_at,PTPRB,5787,PTPRB,5787
217177_s_at,PTPRB,5787,PTPRB,5787
207238_s_at,PTPRC,5788,PTPRC,5788
212587_s_at,PTPRC,5788,PTPRC,5788
212588_at,PTPRC,5788,PTPRC,5788
204960_at,PTPRCAP,5790,PTPRCAP,5790
205712_at,PTPRD,5789,PTPRD,5789
213362_at,PTPRD,5789,PTPRD,5789
214043_at,PTPRD,5789,PTPRD,5789
221840_at,PTPRE,5791,PTPRE,5791
200635_s_at,PTPRF,5792,PTPRF,5792
200636_s_at,PTPRF,5792,PTPRF,5792
200637_s_at,PTPRF,5792,PTPRF,5792
215066_at,PTPRF,5792,PTPRF,5792
204944_at,PTPRG,5793,PTPRG,5793
208300_at,PTPRH,5794,PTPRH,5794
210173_at,PTPRJ,5795,PTPRJ,5795
214137_at,PTPRJ,5795,PTPRJ,5795
203038_at,PTPRK,5796,PTPRK,5796
203329_at,PTPRM,5797,PTPRM,5797
204945_at,PTPRN,5798,PTPRN,5798
203029_s_at,PTPRN2,5799,PTPRN2,5799
203030_s_at,PTPRN2,5799,PTPRN2,5799
211534_x_at,PTPRN2,5799,PTPRN2,5799
208121_s_at,PTPRO,5800,PTPRO,5800
211600_at,PTPRO,5800,PTPRO,5800
206084_at,PTPRR,5801,PTPRR,5801
210675_s_at,PTPRR,5801,PTPRR,5801
210823_s_at,PTPRS,5802,PTPRS,5802
205948_at,PTPRT,11122,PTPRT,11122
211320_s_at,PTPRU,10076,PTPRU,10076
204469_at,PTPRZ1,5803,PTPRZ1,5803
208789_at,PTRF,284119,PTRF,284119
208790_s_at,PTRF,284119,PTRF,284119
218732_at,PTRH2,51651,PTRH2,51651
209694_at,PTS,5805,PTS,5805
203554_x_at,PTTG1,9232,PTTG1,9232
200677_at,PTTG1IP,754,PTTG1IP,754
214557_at,PTTG2,10744,PTTG2,10744
208511_at,PTTG3P,26255,PTTG3P,26255
206157_at,PTX3,5806,PTX3,5806
203974_at,PUDP,8226,PUDP,8226
209899_s_at,PUF60,22827,PUF60,22827
201164_s_at,PUM1,9698,PUM1,9698
201165_s_at,PUM1,9698,PUM1,9698
201166_s_at,PUM1,9698,PUM1,9698
201493_s_at,PUM2,23369,PUM2,23369
216221_s_at,PUM2,23369,PUM2,23369
203712_at,PUM3,9933,PUM3,9933
204020_at,PURA,5813,PURA,5813
204021_s_at,PURA,5813,PURA,5813
213806_at,PURA,5813,PURA,5813
220860_at,PURG,29942,PURG,29942
218670_at,PUS1,80324,PUS1,80324
221277_s_at,PUS3,83480,PUS3,83480
218984_at,PUS7,54517,PUS7,54517
221025_x_at,PUS7L,83448,PUS7L,83448
205336_at,PVALB,5816,PVALB,5816
212662_at,PVR,5817,PVR,5817
214443_at,PVR,5817,PVR,5817
214444_s_at,PVR,5817,PVR,5817
216283_s_at,PVR,5817,PVR,5817
32699_s_at,PVR,5817,PVR,5817
219812_at,PVRIG,79037,PVRIG,79037
216249_at,PVT1,5820,PVT1,5820
214834_at,PWAR5,8123,PWAR5,8123
201606_s_at,PWP1,11137,PWP1,11137
201607_at,PWP1,11137,PWP1,11137
201608_s_at,PWP1,11137,PWP1,11137
209336_at,PWP2,5822,PWP2,5822
217533_x_at,PWWP2A,114825,PWWP2A,114825
212923_s_at,PXDC1,221749,PXDC1,221749
212012_at,PXDN,7837,PXDN,7837
212013_at,PXDN,7837,PXDN,7837
219076_s_at,PXMP2,5827,PXMP2,5827
219428_s_at,PXMP4,11264,PXMP4,11264
201087_at,PXN,5829,PXN,5829
211823_s_at,PXN,5829,PXN,5829
221666_s_at,PYCARD,29108,PYCARD,29108
202148_s_at,PYCR1,5831,PYCR1,5831
218944_at,PYCRL,65263,PYCRL,65263
201481_s_at,PYGB,5834,PYGB,5834
202990_at,PYGL,5836,PYGL,5836
205577_at,PYGM,5837,PYGM,5837
215517_at,PYGO1,26108,PYGO1,26108
215520_at,PYGO1,26108,PYGO1,26108
216748_at,PYHIN1,149628,PYHIN1,149628
213878_at,PYROXD1,79912,PYROXD1,79912
219802_at,PYROXD1,79912,PYROXD1,79912
207080_s_at,PYY,5697,PYY,5697
211253_x_at,PYY,5697,PYY,5697
220209_at,PYY2,23615,PYY2,23615
207330_at,PZP,5858,PZP,5858
209123_at,QDPR,5860,QDPR,5860
212262_at,QKI,9444,QKI,9444
212263_at,QKI,9444,QKI,9444
212265_at,QKI,9444,QKI,9444
212636_at,QKI,9444,QKI,9444
214541_s_at,QKI,9444,QKI,9444
214543_x_at,QKI,9444,QKI,9444
205174_s_at,QPCT,25797,QPCT,25797
220438_at,QPCTL,54814,QPCTL,54814
204044_at,QPRT,23475,QPRT,23475
209174_s_at,QRICH1,54870,QRICH1,54870
218948_at,QRSL1,55278,QRSL1,55278
218949_s_at,QRSL1,55278,QRSL1,55278
219705_at,QSER1,79832,QSER1,79832
201482_at,QSOX1,5768,QSOX1,5768
221270_s_at,QTRT1,81890,QTRT1,81890
219178_at,QTRT2,79691,QTRT2,79691
212866_at,R3HCC1,203069,R3HCC1,203069
35156_at,R3HCC1,203069,R3HCC1,203069
210455_at,R3HCC1L,27291,R3HCC1L,27291
202754_at,R3HDM1,23518,R3HDM1,23518
210714_at,R3HDM1,23518,R3HDM1,23518
203831_at,R3HDM2,22864,R3HDM2,22864
221764_at,R3HDM4,91300,R3HDM4,91300
55705_at,R3HDM4,91300,R3HDM4,91300
200863_s_at,RAB11A,8766,RAB11A,8766
200864_s_at,RAB11A,8766,RAB11A,8766
217793_at,RAB11B,9230,RAB11B,9230
34478_at,RAB11B,9230,RAB11B,9230
219681_s_at,RAB11FIP1,80223,RAB11FIP1,80223
203883_s_at,RAB11FIP2,22841,RAB11FIP2,22841
203884_s_at,RAB11FIP2,22841,RAB11FIP2,22841
203933_at,RAB11FIP3,9727,RAB11FIP3,9727
214999_s_at,RAB11FIP3,9727,RAB11FIP3,9727
216719_s_at,RAB11FIP4,84440,RAB11FIP4,84440
210879_s_at,RAB11FIP5,26056,RAB11FIP5,26056
202252_at,RAB13,5872,RAB13,5872
200927_s_at,RAB14,51552,RAB14,51552
200928_s_at,RAB14,51552,RAB14,51552
211503_s_at,RAB14,51552,RAB14,51552
221810_at,RAB15,376267,RAB15,376267
59697_at,RAB15,376267,RAB15,376267
218931_at,RAB17,64284,RAB17,64284
207791_s_at,RAB1A,5861,RAB1A,5861
208724_s_at,RAB1A,5861,RAB1A,5861
213440_at,RAB1A,5861,RAB1A,5861
220964_s_at,RAB1B,81876,RAB1B,81876
219622_at,RAB20,55647,RAB20,55647
203885_at,RAB21,23011,RAB21,23011
213405_at,RAB22A,57403,RAB22A,57403
215507_x_at,RAB22A,57403,RAB22A,57403
218360_at,RAB22A,57403,RAB22A,57403
220955_x_at,RAB23,51715,RAB23,51715
218186_at,RAB25,57111,RAB25,57111
219562_at,RAB26,25837,RAB26,25837
50965_at,RAB26,25837,RAB26,25837
209514_s_at,RAB27A,5873,RAB27A,5873
209515_s_at,RAB27A,5873,RAB27A,5873
210951_x_at,RAB27A,5873,RAB27A,5873
222294_s_at,RAB27A,5873,RAB27A,5873
207017_at,RAB27B,5874,RAB27B,5874
207018_s_at,RAB27B,5874,RAB27B,5874
207495_at,RAB28,9364,RAB28,9364
209084_s_at,RAB28,9364,RAB28,9364
218699_at,RAB29,8934,RAB29,8934
218700_s_at,RAB29,8934,RAB29,8934
208730_x_at,RAB2A,5862,RAB2A,5862
208731_at,RAB2A,5862,RAB2A,5862
208732_at,RAB2A,5862,RAB2A,5862
208733_at,RAB2A,5862,RAB2A,5862
208734_x_at,RAB2A,5862,RAB2A,5862
221960_s_at,RAB2A,5862,RAB2A,5862
206530_at,RAB30,27314,RAB30,27314
217762_s_at,RAB31,11031,RAB31,11031
217763_s_at,RAB31,11031,RAB31,11031
217764_s_at,RAB31,11031,RAB31,11031
204214_s_at,RAB32,10981,RAB32,10981
206039_at,RAB33A,9363,RAB33A,9363
221014_s_at,RAB33B,83452,RAB33B,83452
205461_at,RAB35,11021,RAB35,11021
221819_at,RAB35,11021,RAB35,11021
211471_s_at,RAB36,9609,RAB36,9609
219412_at,RAB38,23682,RAB38,23682
204974_at,RAB3A,5864,RAB3A,5864
205924_at,RAB3B,5865,RAB3B,5865
205925_s_at,RAB3B,5865,RAB3B,5865
208466_at,RAB3D,9545,RAB3D,9545
212932_at,RAB3GAP1,22930,RAB3GAP1,22930
213530_at,RAB3GAP1,22930,RAB3GAP1,22930
213531_s_at,RAB3GAP1,22930,RAB3GAP1,22930
216057_at,RAB3GAP2,25782,RAB3GAP2,25782
202372_at,RAB3GAP2///AURKAPS1,25782///6791,RAB3GAP2///AURKAPS1,25782///6791
202373_s_at,RAB3GAP2///AURKAPS1,25782///6791,RAB3GAP2///AURKAPS1,25782///6791
202374_s_at,RAB3GAP2///AURKAPS1,25782///6791,RAB3GAP2///AURKAPS1,25782///6791
219579_at,RAB3IL1,5866,RAB3IL1,5866
217589_at,RAB40A,142684,RAB40A,142684
215782_at,RAB40AL,282808,RAB40AL,282808
204547_at,RAB40B,10966,RAB40B,10966
217597_x_at,RAB40B,10966,RAB40B,10966
213466_at,RAB40C,57799,RAB40C,57799
220956_s_at,RAB4B-EGLN2///EGLN2,100529264///112398,RAB4B-EGLN2///EGLN2,100529264///112398
206113_s_at,RAB5A,5868,RAB5A,5868
209089_at,RAB5A,5868,RAB5A,5868
201276_at,RAB5B,5869,RAB5B,5869
201140_s_at,RAB5C,5878,RAB5C,5878
201156_s_at,RAB5C,5878,RAB5C,5878
210127_at,RAB6B,51560,RAB6B,51560
221792_at,RAB6B,51560,RAB6B,51560
211960_s_at,RAB7A,7879,RAB7A,7879
211961_s_at,RAB7A,7879,RAB7A,7879
217267_s_at,RAB7A,7879,RAB7A,7879
217268_at,RAB7A,7879,RAB7A,7879
208819_at,RAB8A,4218,RAB8A,4218
219210_s_at,RAB8B,51762,RAB8B,51762
221808_at,RAB9A,9367,RAB9A,9367
208245_at,RAB9BP1,9366,RAB9BP1,9366
203136_at,RABAC1,10567,RABAC1,10567
203223_at,RABEP1,9135,RABEP1,9135
214552_s_at,RABEP1,9135,RABEP1,9135
219057_at,RABEP2,79874,RABEP2,79874
74694_s_at,RABEP2,79874,RABEP2,79874
77508_r_at,RABEP2,79874,RABEP2,79874
203150_at,RABEPK,10244,RABEPK,10244
204028_s_at,RABGAP1,23637,RABGAP1,23637
213313_at,RABGAP1,23637,RABGAP1,23637
215070_x_at,RABGAP1,23637,RABGAP1,23637
203020_at,RABGAP1L,9910,RABGAP1L,9910
213982_s_at,RABGAP1L,9910,RABGAP1L,9910
215342_s_at,RABGAP1L,9910,RABGAP1L,9910
203573_s_at,RABGGTA,5875,RABGGTA,5875
209180_at,RABGGTB,5876,RABGGTB,5876
204477_at,RABIF,5877,RABIF,5877
204478_s_at,RABIF,5877,RABIF,5877
219151_s_at,RABL2A///RABL2B,11159///11158,RABL2A///RABL2B,11159///11158
220500_s_at,RABL2A///RABL2B,11159///11158,RABL2A///RABL2B,11159///11158
213970_at,RABL3,285282,RABL3,285282
219828_at,RABL6,55684,RABL6,55684
208640_at,RAC1,5879,RAC1,5879
208641_s_at,RAC1,5879,RAC1,5879
207419_s_at,RAC2,5880,RAC2,5880
213603_s_at,RAC2,5880,RAC2,5880
206103_at,RAC3,5881,RAC3,5881
222077_s_at,RACGAP1,29127,RACGAP1,29127
204460_s_at,RAD1,5810,RAD1,5810
204461_x_at,RAD1,5810,RAD1,5810
210216_x_at,RAD1,5810,RAD1,5810
207405_s_at,RAD17,5884,RAD17,5884
210826_x_at,RAD17,5884,RAD17,5884
211228_s_at,RAD17,5884,RAD17,5884
200607_s_at,RAD21,5885,RAD21,5885
200608_s_at,RAD21,5885,RAD21,5885
215917_at,RAD21L1,642636,RAD21L1,642636
201039_s_at,RAD23A,5886,RAD23A,5886
201046_s_at,RAD23A,5886,RAD23A,5886
201222_s_at,RAD23B,5887,RAD23B,5887
201223_s_at,RAD23B,5887,RAD23B,5887
214422_at,RAD23B,5887,RAD23B,5887
208393_s_at,RAD50,10111,RAD50,10111
209349_at,RAD50,10111,RAD50,10111
205023_at,RAD51,5888,RAD51,5888
205024_s_at,RAD51,5888,RAD51,5888
204146_at,RAD51AP1,10635,RAD51AP1,10635
210255_at,RAD51B,5890,RAD51B,5890
216880_at,RAD51B,5890,RAD51B,5890
206066_s_at,RAD51C,5889,RAD51C,5889
209849_s_at,RAD51C,5889,RAD51C,5889
209965_s_at,RAD51D,5892,RAD51D,5892
37793_r_at,RAD51D,5892,RAD51D,5892
205647_at,RAD52,5893,RAD52,5893
210630_s_at,RAD52,5893,RAD52,5893
211904_x_at,RAD52,5893,RAD52,5893
219494_at,RAD54B,25788,RAD54B,25788
204558_at,RAD54L,8438,RAD54L,8438
213205_s_at,RAD54L2,23132,RAD54L2,23132
204828_at,RAD9A,5883,RAD9A,5883
201558_at,RAE1,8480,RAE1,8480
211318_s_at,RAE1,8480,RAE1,8480
211319_at,RAE1,8480,RAE1,8480
201244_s_at,RAF1,5894,RAF1,5894
206591_at,RAG1,5896,RAG1,5896
215117_at,RAG2,5897,RAG2,5897
219830_at,RAI1,10743,RAI1,10743
202052_s_at,RAI14,26064,RAI14,26064
219440_at,RAI2,10742,RAI2,10742
214435_x_at,RALA,5898,RALA,5898
202100_at,RALB,5899,RALB,5899
202101_s_at,RALB,5899,RALB,5899
202844_s_at,RALBP1,10928,RALBP1,10928
202845_s_at,RALBP1,10928,RALBP1,10928
213049_at,RALGAPA1,253959,RALGAPA1,253959
215162_at,RALGAPA1,253959,RALGAPA1,253959
214855_s_at,RALGAPA1///RALGAPA1P1,253959///26134,RALGAPA1///RALGAPA1P1,253959///26134
221736_at,RALGAPB,57148,RALGAPB,57148
221738_at,RALGAPB,57148,RALGAPB,57148
209050_s_at,RALGDS,5900,RALGDS,5900
209051_s_at,RALGDS,5900,RALGDS,5900
204199_at,RALGPS1,9649,RALGPS1,9649
210552_s_at,RALGPS1,9649,RALGPS1,9649
220338_at,RALGPS2,55103,RALGPS2,55103
201271_s_at,RALY,22913,RALY,22913
213967_at,RALYL,138046,RALYL,138046
204916_at,RAMP1,10267,RAMP1,10267
205779_at,RAMP2,10266,RAMP2,10266
205326_at,RAMP3,10268,RAMP3,10268
200749_at,RAN,5901,RAN,5901
200750_s_at,RAN,5901,RAN,5901
202482_x_at,RANBP1,5902,RANBP1,5902
202483_s_at,RANBP1,5902,RANBP1,5902
221915_s_at,RANBP1,5902,RANBP1,5902
221809_at,RANBP10,57610,RANBP10,57610
53987_at,RANBP10,57610,RANBP10,57610
219661_at,RANBP17,64901,RANBP17,64901
201711_x_at,RANBP2,5903,RANBP2,5903
201712_s_at,RANBP2,5903,RANBP2,5903
201713_s_at,RANBP2,5903,RANBP2,5903
202639_s_at,RANBP3,8498,RANBP3,8498
202640_s_at,RANBP3,8498,RANBP3,8498
208272_at,RANBP3,8498,RANBP3,8498
210120_s_at,RANBP3,8498,RANBP3,8498
213019_at,RANBP6,26953,RANBP6,26953
202582_s_at,RANBP9,10048,RANBP9,10048
202583_s_at,RANBP9,10048,RANBP9,10048
216125_s_at,RANBP9,10048,RANBP9,10048
212125_at,RANGAP1,5905,RANGAP1,5905
212127_at,RANGAP1,5905,RANGAP1,5905
218526_s_at,RANGRF,29098,RANGRF,29098
202362_at,RAP1A,5906,RAP1A,5906
200833_s_at,RAP1B,5908,RAP1B,5908
203911_at,RAP1GAP,5909,RAP1GAP,5909
210618_at,RAP1GAP,5909,RAP1GAP,5909
213280_at,RAP1GAP2,23108,RAP1GAP2,23108
209444_at,RAP1GDS1,5910,RAP1GDS1,5910
217457_s_at,RAP1GDS1,5910,RAP1GDS1,5910
214103_s_at,RAP2A,5911,RAP2A,5911
221830_at,RAP2A,5911,RAP2A,5911
213923_at,RAP2B,5912,RAP2B,5912
214488_at,RAP2B,5912,RAP2B,5912
214487_s_at,RAP2B///RAP2A,5912///5911,RAP2B///RAP2A,5912///5911
218668_s_at,RAP2C,57826,RAP2C,57826
218669_at,RAP2C,57826,RAP2C,57826
204543_at,RAPGEF1,2889,RAPGEF1,2889
203096_s_at,RAPGEF2,9693,RAPGEF2,9693
203097_s_at,RAPGEF2,9693,RAPGEF2,9693
215987_at,RAPGEF2,9693,RAPGEF2,9693
215992_s_at,RAPGEF2,9693,RAPGEF2,9693
210051_at,RAPGEF3,10411,RAPGEF3,10411
215027_at,RAPGEF3,10411,RAPGEF3,10411
205651_x_at,RAPGEF4,11069,RAPGEF4,11069
204680_s_at,RAPGEF5,9771,RAPGEF5,9771
204681_s_at,RAPGEF5,9771,RAPGEF5,9771
219112_at,RAPGEF6,51735,RAPGEF6,51735
218657_at,RAPGEFL1,51195,RAPGEFL1,51195
211570_s_at,RAPSN,5913,RAPSN,5913
203749_s_at,RARA,5914,RARA,5914
203750_s_at,RARA,5914,RARA,5914
211605_s_at,RARA,5914,RARA,5914
216300_x_at,RARA,5914,RARA,5914
205080_at,RARB,5915,RARB,5915
208412_s_at,RARB,5915,RARB,5915
208413_at,RARB,5915,RARB,5915
208530_s_at,RARB,5915,RARB,5915
217020_at,RARB,5915,RARB,5915
204188_s_at,RARG,5916,RARG,5916
204189_at,RARG,5916,RARG,5916
217178_at,RARG,5916,RARG,5916
206391_at,RARRES1,5918,RARRES1,5918
206392_s_at,RARRES1,5918,RARRES1,5918
221872_at,RARRES1,5918,RARRES1,5918
209496_at,RARRES2,5919,RARRES2,5919
204070_at,RARRES3,5920,RARRES3,5920
201330_at,RARS,5917,RARS,5917
207471_at,RARS2,57038,RARS2,57038
207472_at,RARS2,57038,RARS2,57038
202677_at,RASA1,5921,RASA1,5921
210621_s_at,RASA1,5921,RASA1,5921
206636_at,RASA2,5922,RASA2,5922
206220_s_at,RASA3,22821,RASA3,22821
206221_at,RASA3,22821,RASA3,22821
208534_s_at,RASA4B///RASA4CP///RASA4,100271927///401331///10156,RASA4B///RASA4CP///RASA4,100271927///401331///10156
212707_s_at,RASA4B///RASA4CP///RASA4,100271927///401331///10156,RASA4B///RASA4CP///RASA4,100271927///401331///10156
219752_at,RASAL1,8437,RASAL1,8437
217194_at,RASAL2,9462,RASAL2,9462
217201_at,RASAL2,9462,RASAL2,9462
219026_s_at,RASAL2,9462,RASAL2,9462
210550_s_at,RASGRF1,5923,RASGRF1,5923
214905_at,RASGRF1,5923,RASGRF1,5923
215688_at,RASGRF1,5923,RASGRF1,5923
205590_at,RASGRP1,10125,RASGRP1,10125
208206_s_at,RASGRP2,10235,RASGRP2,10235
214367_at,RASGRP2,10235,RASGRP2,10235
214368_at,RASGRP2,10235,RASGRP2,10235
214369_s_at,RASGRP2,10235,RASGRP2,10235
205801_s_at,RASGRP3,25780,RASGRP3,25780
220027_s_at,RASIP1,54922,RASIP1,54922
206850_at,RASL10A,10633,RASL10A,10633
219142_at,RASL11B,65997,RASL11B,65997
219167_at,RASL12,51285,RASL12,51285
204346_s_at,RASSF1,11186,RASSF1,11186
203185_at,RASSF2,9770,RASSF2,9770
221578_at,RASSF4,83937,RASSF4,83937
49306_at,RASSF4,83937,RASSF4,83937
204927_at,RASSF7,8045,RASSF7,8045
40359_at,RASSF7,8045,RASSF7,8045
207754_at,RASSF8,11228,RASSF8,11228
210335_at,RASSF9,9182,RASSF9,9182
220680_at,RAVER2,55225,RAVER2,55225
208242_at,RAX,30062,RAX,30062
203132_at,RB1,5925,RB1,5925
211540_s_at,RB1,5925,RB1,5925
202033_s_at,RB1CC1,9821,RB1CC1,9821
202034_x_at,RB1CC1,9821,RB1CC1,9821
210371_s_at,RBBP4,5928,RBBP4,5928
217301_x_at,RBBP4,5928,RBBP4,5928
205169_at,RBBP5,5929,RBBP5,5929
205178_s_at,RBBP6,5930,RBBP6,5930
212781_at,RBBP6,5930,RBBP6,5930
212783_at,RBBP6,5930,RBBP6,5930
201092_at,RBBP7,5931,RBBP7,5931
203344_s_at,RBBP8,5932,RBBP8,5932
221439_at,RBBP9,10741,RBBP9,10741
221440_s_at,RBBP9,10741,RBBP9,10741
207713_s_at,RBCK1,10616,RBCK1,10616
221827_at,RBCK1,10616,RBCK1,10616
219419_at,RBFA,79863,RBFA,79863
215683_at,RBFADN,100506070,RBFADN,100506070
221217_s_at,RBFOX1,54715,RBFOX1,54715
212104_s_at,RBFOX2,23543,RBFOX2,23543
213898_at,RBFOX2,23543,RBFOX2,23543
213901_x_at,RBFOX2,23543,RBFOX2,23543
216215_s_at,RBFOX2,23543,RBFOX2,23543
219222_at,RBKS,64080,RBKS,64080
57540_at,RBKS,64080,RBKS,64080
205296_at,RBL1,5933,RBL1,5933
212331_at,RBL2,5934,RBL2,5934
212332_at,RBL2,5934,RBL2,5934
208984_x_at,RBM10,8241,RBM10,8241
215089_s_at,RBM10,8241,RBM10,8241
217221_x_at,RBM10,8241,RBM10,8241
212168_at,RBM12,10137,RBM12,10137
212170_at,RBM12,10137,RBM12,10137
51226_at,RBM12B,389677,RBM12B,389677
51228_at,RBM12B,389677,RBM12B,389677
220222_at,RBM12B-AS1,55472,RBM12B-AS1,55472
204178_s_at,RBM14,10432,RBM14,10432
200997_at,RBM14-RBM4///RBM4,100526737///5936,RBM14-RBM4///RBM4,100526737///5936
213718_at,RBM14-RBM4///RBM4,100526737///5936,RBM14-RBM4///RBM4,100526737///5936
219286_s_at,RBM15,64783,RBM15,64783
202689_at,RBM15B,29890,RBM15B,29890
221309_at,RBM17,84991,RBM17,84991
205115_s_at,RBM19,9904,RBM19,9904
206019_at,RBM19,9904,RBM19,9904
218134_s_at,RBM22,55696,RBM22,55696
219816_s_at,RBM23,55147,RBM23,55147
212027_at,RBM25,58517,RBM25,58517
212028_at,RBM25,58517,RBM25,58517
212030_at,RBM25,58517,RBM25,58517
212031_at,RBM25,58517,RBM25,58517
212033_at,RBM25,58517,RBM25,58517
215751_at,RBM26,64062,RBM26,64062
218422_s_at,RBM26,64062,RBM26,64062
220509_at,RBM26,64062,RBM26,64062
218593_at,RBM28,55131,RBM28,55131
208319_s_at,RBM3,5935,RBM3,5935
222026_at,RBM3,5935,RBM3,5935
214942_at,RBM34,23029,RBM34,23029
212430_at,RBM38,55544,RBM38,55544
207941_s_at,RBM39,9584,RBM39,9584
208720_s_at,RBM39,9584,RBM39,9584
219754_at,RBM41,55285,RBM41,55285
205740_s_at,RBM42,79171,RBM42,79171
218035_s_at,RBM47,54502,RBM47,54502
221594_at,RBM48,84060,RBM48,84060
221595_at,RBM48,84060,RBM48,84060
221596_s_at,RBM48,84060,RBM48,84060
209497_s_at,RBM4B,83759,RBM4B,83759
201394_s_at,RBM5,10181,RBM5,10181
201395_at,RBM5,10181,RBM5,10181
209936_at,RBM5,10181,RBM5,10181
201967_at,RBM6,10180,RBM6,10180
218379_at,RBM7,10179,RBM7,10179
213852_at,RBM8A,9939,RBM8A,9939
214113_s_at,RBM8A,9939,RBM8A,9939
217856_at,RBM8A,9939,RBM8A,9939
217857_s_at,RBM8A,9939,RBM8A,9939
203748_x_at,RBMS1,5937,RBMS1,5937
207266_x_at,RBMS1,5937,RBMS1,5937
209868_s_at,RBMS1,5937,RBMS1,5937
215127_s_at,RBMS1,5937,RBMS1,5937
205228_at,RBMS2,5939,RBMS2,5939
34187_at,RBMS2,5939,RBMS2,5939
206767_at,RBMS3,27303,RBMS3,27303
204097_s_at,RBMX2,51634,RBMX2,51634
204098_at,RBMX2,51634,RBMX2,51634
207207_at,RBMXL2,27288,RBMXL2,27288
207208_at,RBMXL2,27288,RBMXL2,27288
208307_at,RBMY1J///RBMY1E///RBMY1D///RBMY1B///RBMY1F///RBMY1A1,378951///378950///378949///378948///159163///5940,RBMY1J///RBMY1E///RBMY1D///RBMY1B///RBMY1F///RBMY1A1,378951///378950///378949///378948///159163///5940
203423_at,RBP1,5947,RBP1,5947
210318_at,RBP3,5949,RBP3,5949
219140_s_at,RBP4,5950,RBP4,5950
222049_s_at,RBP4,5950,RBP4,5950
207785_s_at,RBPJ,3516,RBPJ,3516
211974_x_at,RBPJ,3516,RBPJ,3516
221377_s_at,RBPJL,11317,RBPJL,11317
207836_s_at,RBPMS,11030,RBPMS,11030
207837_at,RBPMS,11030,RBPMS,11030
209487_at,RBPMS,11030,RBPMS,11030
209488_s_at,RBPMS,11030,RBPMS,11030
218117_at,RBX1,9978,RBX1,9978
215109_at,RC3H1,149041,RC3H1,149041
220201_at,RC3H2,54542,RC3H2,54542
220202_s_at,RC3H2,54542,RC3H2,54542
208370_s_at,RCAN1,1827,RCAN1,1827
215253_s_at,RCAN1,1827,RCAN1,1827
215254_at,RCAN1,1827,RCAN1,1827
203498_at,RCAN2,10231,RCAN2,10231
219864_s_at,RCAN3,11123,RCAN3,11123
218352_at,RCBTB1,55213,RCBTB1,55213
204759_at,RCBTB2,1102,RCBTB2,1102
206499_s_at,RCC1,1104,RCC1,1104
215747_s_at,RCC1,1104,RCC1,1104
221247_s_at,RCC1L,81554,RCC1L,81554
205332_at,RCE1,9986,RCE1,9986
205333_s_at,RCE1,9986,RCE1,9986
212743_at,RCHY1,25898,RCHY1,25898
212749_s_at,RCHY1,25898,RCHY1,25898
214281_s_at,RCHY1,25898,RCHY1,25898
218544_s_at,RCL1,10171,RCL1,10171
201063_at,RCN1,5954,RCN1,5954
201485_s_at,RCN2,5955,RCN2,5955
201486_at,RCN2,5955,RCN2,5955
219102_at,RCN3,57333,RCN3,57333
61734_at,RCN3,57333,RCN3,57333
212612_at,RCOR1,23186,RCOR1,23186
218344_s_at,RCOR3,55758,RCOR3,55758
206203_at,RCVRN,5957,RCVRN,5957
217042_at,RDH11,51109,RDH11,51109
217775_s_at,RDH11,51109,RDH11,51109
217776_at,RDH11,51109,RDH11,51109
206753_at,RDH16,8608,RDH16,8608
220683_at,RDH8,50700,RDH8,50700
204969_s_at,RDX,5962,RDX,5962
212397_at,RDX,5962,RDX,5962
212398_at,RDX,5962,RDX,5962
218599_at,REC8,9985,REC8,9985
205407_at,RECK,8434,RECK,8434
216153_x_at,RECK,8434,RECK,8434
216156_at,RECK,8434,RECK,8434
205091_x_at,RECQL,5965,RECQL,5965
210568_s_at,RECQL,5965,RECQL,5965
212917_x_at,RECQL,5965,RECQL,5965
212918_at,RECQL,5965,RECQL,5965
213520_at,RECQL4,9401,RECQL4,9401
210309_at,RECQL5,9400,RECQL5,9400
211468_s_at,RECQL5,9400,RECQL5,9400
221686_s_at,RECQL5,9400,RECQL5,9400
34063_at,RECQL5,9400,RECQL5,9400
204364_s_at,REEP1,65055,REEP1,65055
204365_s_at,REEP1,65055,REEP1,65055
205331_s_at,REEP2,51308,REEP2,51308
218777_at,REEP4,80346,REEP4,80346
208872_s_at,REEP5,7905,REEP5,7905
208873_s_at,REEP5,7905,REEP5,7905
209752_at,REG1A,5967,REG1A,5967
205886_at,REG1B,5968,REG1B,5968
207778_at,REG1CP,5969,REG1CP,5969
205815_at,REG3A,5068,REG3A,5068
206035_at,REL,5966,REL,5966
206036_s_at,REL,5966,REL,5966
201783_s_at,RELA,5970,RELA,5970
209878_s_at,RELA,5970,RELA,5970
205205_at,RELB,5971,RELB,5971
205923_at,RELN,5649,RELN,5649
210300_at,REM1,28954,REM1,28954
206367_at,REN,5972,REN,5972
206617_s_at,RENBP,5973,RENBP,5973
219041_s_at,REPIN1,29803,REPIN1,29803
215201_at,REPS1,85021,REPS1,85021
215922_at,REPS1,85021,REPS1,85021
205645_at,REPS2,9185,REPS2,9185
202296_s_at,RER1,11079,RER1,11079
202297_s_at,RER1,11079,RER1,11079
213296_at,RER1,11079,RER1,11079
200938_s_at,RERE,473,RERE,473
200939_s_at,RERE,473,RERE,473
200940_s_at,RERE,473,RERE,473
221643_s_at,RERE,473,RERE,473
220276_at,RERGL,79785,RERGL,79785
204535_s_at,REST,5978,REST,5978
204536_s_at,REST,5978,REST,5978
212920_at,REST,5978,REST,5978
205879_x_at,RET,5979,RET,5979
211421_s_at,RET,5979,RET,5979
215771_x_at,RET,5979,RET,5979
220570_at,RETN,56729,RETN,56729
218124_at,RETSAT,54884,RETSAT,54884
218428_s_at,REV1,51455,REV1,51455
208070_s_at,REV3L,5980,REV3L,5980
218194_at,REXO2,25996,REXO2,25996
218767_at,REXO4,57109,REXO4,57109
208021_s_at,RFC1,5981,RFC1,5981
208133_at,RFC1,5981,RFC1,5981
209085_x_at,RFC1,5981,RFC1,5981
1053_at,RFC2,5982,RFC2,5982
203696_s_at,RFC2,5982,RFC2,5982
204127_at,RFC3,5983,RFC3,5983
204128_s_at,RFC3,5983,RFC3,5983
204023_at,RFC4,5984,RFC4,5984
203209_at,RFC5,5985,RFC5,5985
203210_s_at,RFC5,5985,RFC5,5985
213734_at,RFC5,5985,RFC5,5985
203224_at,RFK,55312,RFK,55312
203225_s_at,RFK,55312,RFK,55312
212968_at,RFNG,5986,RFNG,5986
207934_at,RFPL1,5988,RFPL1,5988
214120_at,RFPL1S,10740,RFPL1S,10740
214408_s_at,RFPL1S///RFPL3S,10740///10737,RFPL1S///RFPL3S,10740///10737
207227_x_at,RFPL2,10739,RFPL2,10739
207936_x_at,RFPL3,10738,RFPL3,10738
214409_at,RFPL3S,10737,RFPL3S,10737
212646_at,RFTN1,23180,RFTN1,23180
218564_at,RFWD3,55159,RFWD3,55159
206321_at,RFX1,5989,RFX1,5989
208031_s_at,RFX2,5990,RFX2,5990
207234_at,RFX3,5991,RFX3,5991
207672_at,RFX4,5992,RFX4,5992
202963_at,RFX5,5993,RFX5,5993
202964_s_at,RFX5,5993,RFX5,5993
218430_s_at,RFX7,64864,RFX7,64864
202758_s_at,RFXANK,8625,RFXANK,8625
208492_at,RFXAP,5994,RFXAP,5994
218723_s_at,RGCC,28984,RGCC,28984
209568_s_at,RGL1,23179,RGL1,23179
209110_s_at,RGL2,5863,RGL2,5863
215054_at,RGL3///EPOR,57139///2057,RGL3///EPOR,57139///2057
210751_s_at,RGN,9104,RGN,9104
203169_at,RGP1,9827,RGP1,9827
210676_x_at,RGPD6///RGPD8///RGPD3///RGPD4///RGPD5,729540///727851///653489///285190///84220,RGPD6///RGPD8///RGPD3///RGPD4///RGPD5,729540///727851///653489///285190///84220
211324_s_at,RGPD6///RGPD8///RGPD3///RGPD4///RGPD5,729540///727851///653489///285190///84220,RGPD6///RGPD8///RGPD3///RGPD4///RGPD5,729540///727851///653489///285190///84220
212842_x_at,RGPD6///RGPD8///RGPD3///RGPD4///RGPD5,729540///727851///653489///285190///84220,RGPD6///RGPD8///RGPD3///RGPD4///RGPD5,729540///727851///653489///285190///84220
207070_at,RGR,5995,RGR,5995
202988_s_at,RGS1,5996,RGS1,5996
202989_at,RGS1,5996,RGS1,5996
216834_at,RGS1,5996,RGS1,5996
204316_at,RGS10,6001,RGS10,6001
204319_s_at,RGS10,6001,RGS10,6001
214000_s_at,RGS10,6001,RGS10,6001
206107_at,RGS11,8786,RGS11,8786
211872_s_at,RGS11,8786,RGS11,8786
205823_at,RGS12,6002,RGS12,6002
209637_s_at,RGS12,6002,RGS12,6002
209638_x_at,RGS12,6002,RGS12,6002
209639_s_at,RGS12,6002,RGS12,6002
214361_s_at,RGS12,6002,RGS12,6002
214362_at,RGS12,6002,RGS12,6002
210258_at,RGS13,6003,RGS13,6003
204280_at,RGS14,10636,RGS14,10636
211021_s_at,RGS14,10636,RGS14,10636
38290_at,RGS14,10636,RGS14,10636
209324_s_at,RGS16,6004,RGS16,6004
209325_s_at,RGS16,6004,RGS16,6004
220334_at,RGS17,26575,RGS17,26575
204336_s_at,RGS19,10287,RGS19,10287
202388_at,RGS2,5997,RGS2,5997
210138_at,RGS20,8601,RGS20,8601
203823_at,RGS3,5998,RGS3,5998
220300_at,RGS3,5998,RGS3,5998
204337_at,RGS4,5999,RGS4,5999
204338_s_at,RGS4,5999,RGS4,5999
204339_s_at,RGS4,5999,RGS4,5999
209070_s_at,RGS5,8490,RGS5,8490
209071_s_at,RGS5,8490,RGS5,8490
218353_at,RGS5,8490,RGS5,8490
210270_at,RGS6,9628,RGS6,9628
211448_s_at,RGS6,9628,RGS6,9628
214538_x_at,RGS6,9628,RGS6,9628
206290_s_at,RGS7,6000,RGS7,6000
216970_at,RGS7,6000,RGS7,6000
206518_s_at,RGS9,8787,RGS9,8787
211446_at,RGSL1,353299,RGSL1,353299
206145_at,RHAG,6005,RHAG,6005
206146_s_at,RHAG,6005,RHAG,6005
211254_x_at,RHAG,6005,RHAG,6005
204402_at,RHBDD3,25807,RHBDD3,25807
217622_at,RHBDD3,25807,RHBDD3,25807
218686_s_at,RHBDF1,64285,RHBDF1,64285
219202_at,RHBDF2,79651,RHBDF2,79651
207383_s_at,RHBDL1,9028,RHBDL1,9028
220510_at,RHBG,57127,RHBG,57127
219554_at,RHCG,51458,RHCG,51458
210429_at,RHD,6007,RHD,6007
210430_x_at,RHD,6007,RHD,6007
210586_x_at,RHD,6007,RHD,6007
215819_s_at,RHD///RHCE,6007///6006,RHD///RHCE,6007///6006
216317_x_at,RHD///RHCE,6007///6006,RHD///RHCE,6007///6006
201451_x_at,RHEB,6009,RHEB,6009
201452_at,RHEB,6009,RHEB,6009
201453_x_at,RHEB,6009,RHEB,6009
213404_s_at,RHEB,6009,RHEB,6009
213409_s_at,RHEB,6009,RHEB,6009
206454_s_at,RHO,6010,RHO,6010
206455_s_at,RHO,6010,RHO,6010
200059_s_at,RHOA,387,RHOA,387
212099_at,RHOB,388,RHOB,388
212651_at,RHOBTB1,9886,RHOBTB1,9886
209441_at,RHOBTB2,23221,RHOBTB2,23221
202975_s_at,RHOBTB3,22836,RHOBTB3,22836
202976_s_at,RHOBTB3,22836,RHOBTB3,22836
216048_s_at,RHOBTB3,22836,RHOBTB3,22836
216049_at,RHOBTB3,22836,RHOBTB3,22836
200885_at,RHOC,389,RHOC,389
209885_at,RHOD,29984,RHOD,29984
31846_at,RHOD,29984,RHOD,29984
219045_at,RHOF,54509,RHOF,54509
203175_at,RHOG,391,RHOG,391
204951_at,RHOH,399,RHOH,399
212117_at,RHOQ,23433,RHOQ,23433
212119_at,RHOQ,23433,RHOQ,23433
212120_at,RHOQ,23433,RHOQ,23433
212122_at,RHOQ,23433,RHOQ,23433
214449_s_at,RHOQ,23433,RHOQ,23433
218323_at,RHOT1,55288,RHOT1,55288
222148_s_at,RHOT1,55288,RHOT1,55288
221789_x_at,RHOT2,89941,RHOT2,89941
222131_x_at,RHOT2,89941,RHOT2,89941
65770_at,RHOT2,89941,RHOT2,89941
207458_at,RHPN1-AS1,78998,RHPN1-AS1,78998
206526_at,RIBC2,26150,RIBC2,26150
220282_at,RIC3,79608,RIC3,79608
219446_at,RIC8B,55188,RIC8B,55188
203790_s_at,RIDA,10247,RIDA,10247
214700_x_at,RIF1,55183,RIF1,55183
214872_at,RIF1,55183,RIF1,55183
214811_at,RIMBP2,23504,RIMBP2,23504
216184_s_at,RIMS1,22999,RIMS1,22999
206137_at,RIMS2,9699,RIMS2,9699
215478_at,RIMS2,9699,RIMS2,9699
204730_at,RIMS3,9783,RIMS3,9783
210991_s_at,RIMS3,9783,RIMS3,9783
205211_s_at,RIN1,9610,RIN1,9610
209684_at,RIN2,54453,RIN2,54453
219456_s_at,RIN3,79890,RIN3,79890
219457_s_at,RIN3,79890,RIN3,79890
220439_at,RIN3,79890,RIN3,79890
222069_s_at,RIN3,79890,RIN3,79890
60471_at,RIN3,79890,RIN3,79890
208371_s_at,RING1,6015,RING1,6015
35685_at,RING1,6015,RING1,6015
218598_at,RINT1,60561,RINT1,60561
218535_s_at,RIOK2,55781,RIOK2,55781
202129_s_at,RIOK3,8780,RIOK3,8780
202130_at,RIOK3,8780,RIOK3,8780
202131_s_at,RIOK3,8780,RIOK3,8780
215588_x_at,RIOK3,8780,RIOK3,8780
209941_at,RIPK1,8737,RIPK1,8737
209544_at,RIPK2,8767,RIPK2,8767
209545_s_at,RIPK2,8767,RIPK2,8767
221215_s_at,RIPK4,54101,RIPK4,54101
207267_s_at,RIPPLY3,53820,RIPPLY3,53820
209882_at,RIT1,6016,RIT1,6016
206984_s_at,RIT2,6014,RIT2,6014
221777_at,RITA1,84934,RITA1,84934
44065_at,RITA1,84934,RITA1,84934
206154_at,RLBP1,6017,RLBP1,6017
204243_at,RLF,6018,RLF,6018
215823_x_at,RLIM///PABPC1,51132///26986,RLIM///PABPC1,51132///26986
211753_s_at,RLN1,6013,RLN1,6013
214519_s_at,RLN2,6019,RLN2,6019
218549_s_at,RMDN1,51115,RMDN1,51115
218126_at,RMDN3,55177,RMDN3,55177
218979_at,RMI1,80010,RMI1,80010
220329_s_at,RMND1,55005,RMND1,55005
212478_at,RMND5A,64795,RMND5A,64795
212479_s_at,RMND5A,64795,RMND5A,64795
212482_at,RMND5A,64795,RMND5A,64795
213297_at,RMND5B,64777,RMND5B,64777
218262_at,RMND5B,64777,RMND5B,64777
201785_at,RNASE1,6035,RNASE1,6035
217093_at,RNASE1,6035,RNASE1,6035
206111_at,RNASE2,6036,RNASE2,6036
206851_at,RNASE3,6037,RNASE3,6037
205158_at,RNASE4,6038,RNASE4,6038
213397_x_at,RNASE4,6038,RNASE4,6038
213566_at,RNASE6,6039,RNASE6,6039
218496_at,RNASEH1,246243,RNASEH1,246243
218497_s_at,RNASEH1,246243,RNASEH1,246243
203022_at,RNASEH2A,10535,RNASEH2A,10535
215040_at,RNASEH2B,79621,RNASEH2B,79621
219056_at,RNASEH2B,79621,RNASEH2B,79621
221287_at,RNASEL,6041,RNASEL,6041
217983_s_at,RNASET2,8635,RNASET2,8635
217984_at,RNASET2,8635,RNASET2,8635
210056_at,RND1,27289,RND1,27289
213467_at,RND2,8153,RND2,8153
214393_at,RND2,8153,RND2,8153
212724_at,RND3,390,RND3,390
207801_s_at,RNF10,9921,RNF10,9921
208632_at,RNF10,9921,RNF10,9921
202636_at,RNF103,7844,RNF103,7844
217837_s_at,RNF103-CHMP3///CHMP3,100526767///51652,RNF103-CHMP3///CHMP3,100526767///51652
208924_at,RNF11,26994,RNF11,26994
218761_at,RNF111,54778,RNF111,54778
209565_at,RNF113A,7737,RNF113A,7737
200867_at,RNF114,55905,RNF114,55905
200868_s_at,RNF114,55905,RNF114,55905
211678_s_at,RNF114,55905,RNF114,55905
212742_at,RNF115,27246,RNF115,27246
219021_at,RNF121,55298,RNF121,55298
219897_at,RNF122,79845,RNF122,79845
221063_x_at,RNF123,63891,RNF123,63891
207735_at,RNF125,54941,RNF125,54941
205748_s_at,RNF126,55658,RNF126,55658
215031_x_at,RNF126,55658,RNF126,55658
222349_x_at,RNF126P1,376412,RNF126P1,376412
219263_at,RNF128,79589,RNF128,79589
201779_s_at,RNF13,11342,RNF13,11342
201780_s_at,RNF13,11342,RNF13,11342
217865_at,RNF130,55819,RNF130,55819
222058_at,RNF130,55819,RNF130,55819
218738_s_at,RNF138,51444,RNF138,51444
209510_at,RNF139,11236,RNF139,11236
201823_s_at,RNF14,9604,RNF14,9604
201824_at,RNF14,9604,RNF14,9604
219104_at,RNF141,50862,RNF141,50862
204040_at,RNF144A,9781,RNF144A,9781
221430_s_at,RNF146,81847,RNF146,81847
212047_s_at,RNF167,26001,RNF167,26001
220270_at,RNF17,56163,RNF17,56163
221033_s_at,RNF17,56163,RNF17,56163
220985_s_at,RNF170,81790,RNF170,81790
207280_at,RNF185-AS1,100852405,RNF185-AS1,100852405
219739_at,RNF186,54546,RNF186,54546
212155_at,RNF187,149603,RNF187,149603
220483_s_at,RNF19A,25897,RNF19A,25897
213038_at,RNF19B,127544,RNF19B,127544
36564_at,RNF19B,127544,RNF19B,127544
205215_at,RNF2,6045,RNF2,6045
221273_s_at,RNF208,727800,RNF208,727800
218425_at,RNF216,54476,RNF216,54476
218426_s_at,RNF216,54476,RNF216,54476
219303_at,RNF219,79596,RNF219,79596
219988_s_at,RNF220,55182,RNF220,55182
204668_at,RNF24,11237,RNF24,11237
204669_s_at,RNF24,11237,RNF24,11237
210706_s_at,RNF24,11237,RNF24,11237
218861_at,RNF25,64320,RNF25,64320
220788_s_at,RNF31///IRF9,55072///10379,RNF31///IRF9,55072///10379
220991_s_at,RNF32,140545,RNF32,140545
219035_s_at,RNF34,80196,RNF34,80196
218528_s_at,RNF38,152006,RNF38,152006
219916_s_at,RNF39,80352,RNF39,80352
212696_s_at,RNF4,6047,RNF4,6047
206845_s_at,RNF40,9810,RNF40,9810
217642_at,RNF40,9810,RNF40,9810
201961_s_at,RNF41,10193,RNF41,10193
201962_s_at,RNF41,10193,RNF41,10193
218704_at,RNF43,54894,RNF43,54894
203286_at,RNF44,22838,RNF44,22838
216018_at,RNF5,6048,RNF5,6048
209111_at,RNF5P1///RNF5,286140///6048,RNF5P1///RNF5,286140///6048
203403_s_at,RNF6,6049,RNF6,6049
210931_at,RNF6,6049,RNF6,6049
210932_s_at,RNF6,6049,RNF6,6049
218286_s_at,RNF7,9616,RNF7,9616
203160_s_at,RNF8,9025,RNF8,9025
203161_s_at,RNF8,9025,RNF8,9025
221195_at,RNFT1,51136,RNFT1,51136
221908_at,RNFT2,84900,RNFT2,84900
221909_at,RNFT2,84900,RNFT2,84900
204207_s_at,RNGTT,8732,RNGTT,8732
204208_at,RNGTT,8732,RNGTT,8732
211387_x_at,RNGTT,8732,RNGTT,8732
211849_s_at,RNGTT,8732,RNGTT,8732
206050_s_at,RNH1,6050,RNH1,6050
220564_at,RNLS,55328,RNLS,55328
202683_s_at,RNMT,8731,RNMT,8731
202684_s_at,RNMT,8731,RNMT,8731
208270_s_at,RNPEP,6051,RNPEP,6051
218301_at,RNPEPL1,57140,RNPEPL1,57140
200060_s_at,RNPS1,10921,RNPS1,10921
207939_x_at,RNPS1,10921,RNPS1,10921
213194_at,ROBO1,6091,ROBO1,6091
219550_at,ROBO3,64221,ROBO3,64221
220758_s_at,ROBO4,54538,ROBO4,54538
213044_at,ROCK1,6093,ROCK1,6093
214578_s_at,ROCK1,6093,ROCK1,6093
202762_at,ROCK2,9475,ROCK2,9475
211504_x_at,ROCK2,9475,ROCK2,9475
218394_at,ROGDI,79641,ROGDI,79641
205806_at,ROM1,6094,ROM1,6094
220425_x_at,ROPN1B,152015,ROPN1B,152015
205805_s_at,ROR1,4919,ROR1,4919
211057_at,ROR1,4919,ROR1,4919
205578_at,ROR2,4920,ROR2,4920
210426_x_at,RORA,6095,RORA,6095
210479_s_at,RORA,6095,RORA,6095
206443_at,RORB,6096,RORB,6096
206419_at,RORC,6097,RORC,6097
207569_at,ROS1,6098,ROS1,6098
205191_at,RP2,6102,RP2,6102
201528_at,RPA1,6117,RPA1,6117
201529_s_at,RPA1,6117,RPA1,6117
201756_at,RPA2,6118,RPA2,6118
209507_at,RPA3,6119,RPA3,6119
221143_at,RPA4,29935,RPA4,29935
216961_s_at,RPAIN,84268,RPAIN,84268
216962_at,RPAIN,84268,RPAIN,84268
218441_s_at,RPAP1,26015,RPAP1,26015
219504_s_at,RPAP2,79871,RPAP2,79871
218842_at,RPAP3,79657,RPAP3,79657
213964_x_at,RPARP-AS1,100505761,RPARP-AS1,100505761
214857_at,RPARP-AS1,100505761,RPARP-AS1,100505761
221770_at,RPE,6120,RPE,6120
207107_at,RPE65,6121,RPE65,6121
216574_s_at,RPEL1///RPE,729020///6120,RPEL1///RPE,729020///6120
218462_at,RPF1,80135,RPF1,80135
207624_s_at,RPGR,6103,RPGR,6103
206608_s_at,RPGRIP1,57096,RPGRIP1,57096
213959_s_at,RPGRIP1L,23322,RPGRIP1L,23322
205230_at,RPH3A,22895,RPH3A,22895
221614_s_at,RPH3AL,9501,RPH3AL,9501
212973_at,RPIA,22934,RPIA,22934
201757_at,RPL10///NDUFS5,6134///4725,RPL10///NDUFS5,6134///4725
200036_s_at,RPL10A,4736,RPL10A,4736
217559_at,RPL10L,140801,RPL10L,140801
200010_at,RPL11,6135,RPL11,6135
200809_x_at,RPL12,6136,RPL12,6136
214271_x_at,RPL12,6136,RPL12,6136
211942_x_at,RPL13AP5///RPL13AP6///SNORD32A///SNORD33///SNORD34///SNORD35A///RPL13A,728658///644511///26819///26818///26817///26816///23521,RPL13AP5///RPL13AP6///SNORD32A///SNORD33///SNORD34///SNORD35A///RPL13A,728658///644511///26819///26818///26817///26816///23521
200716_x_at,RPL13AP5///SNORD32A///SNORD33///SNORD34///SNORD35A///RPL13A,728658///26819///26818///26817///26816///23521,RPL13AP5///SNORD32A///SNORD33///SNORD34///SNORD35A///RPL13A,728658///26819///26818///26817///26816///23521
210646_x_at,RPL13AP5///SNORD32A///SNORD33///SNORD34///SNORD35A///RPL13A,728658///26819///26818///26817///26816///23521,RPL13AP5///SNORD32A///SNORD33///SNORD34///SNORD35A///RPL13A,728658///26819///26818///26817///26816///23521
212790_x_at,RPL13AP5///SNORD32A///SNORD33///SNORD34///SNORD35A///RPL13A,728658///26819///26818///26817///26816///23521,RPL13AP5///SNORD32A///SNORD33///SNORD34///SNORD35A///RPL13A,728658///26819///26818///26817///26816///23521
210822_at,RPL13P5///LRRC23,283345///10233,RPL13P5///LRRC23,283345///10233
217609_at,RPL13P5///LRRC23,283345///10233,RPL13P5///LRRC23,283345///10233
200074_s_at,RPL14,9045,RPL14,9045
213588_x_at,RPL14,9045,RPL14,9045
219138_at,RPL14,9045,RPL14,9045
217266_at,RPL15,6138,RPL15,6138
221475_s_at,RPL15,6138,RPL15,6138
221476_s_at,RPL15,6138,RPL15,6138
200038_s_at,RPL17-C18orf32///SNORD58C///C18orf32///SNORD58A///SNORD58B///RPL17,100526842///100124516///497661///26791///26790///6139,RPL17-C18orf32///SNORD58C///C18orf32///SNORD58A///SNORD58B///RPL17,100526842///100124516///497661///26791///26790///6139
212270_x_at,RPL17-C18orf32///SNORD58C///C18orf32///SNORD58A///SNORD58B///RPL17,100526842///100124516///497661///26791///26790///6139,RPL17-C18orf32///SNORD58C///C18orf32///SNORD58A///SNORD58B///RPL17,100526842///100124516///497661///26791///26790///6139
212537_x_at,RPL17-C18orf32///SNORD58C///C18orf32///SNORD58A///SNORD58B///RPL17,100526842///100124516///497661///26791///26790///6139,RPL17-C18orf32///SNORD58C///C18orf32///SNORD58A///SNORD58B///RPL17,100526842///100124516///497661///26791///26790///6139
214291_at,RPL17-C18orf32///SNORD58C///SNORD58A///SNORD58B///RPL17,100526842///100124516///26791///26790///6139,RPL17-C18orf32///SNORD58C///SNORD58A///SNORD58B///RPL17,100526842///100124516///26791///26790///6139
200022_at,RPL18,6141,RPL18,6141
214335_at,RPL18,6141,RPL18,6141
222297_x_at,RPL18,6141,RPL18,6141
200029_at,RPL19,6143,RPL19,6143
200012_x_at,RPL21P28///SNORA27///SNORD102///RPL21,100131205///619499///26771///6144,RPL21P28///SNORA27///SNORD102///RPL21,100131205///619499///26771///6144
216479_at,RPL21P28///SNORA27///SNORD102///RPL21,100131205///619499///26771///6144,RPL21P28///SNORA27///SNORD102///RPL21,100131205///619499///26771///6144
208768_x_at,RPL22,6146,RPL22,6146
214042_s_at,RPL22,6146,RPL22,6146
220960_x_at,RPL22,6146,RPL22,6146
221726_at,RPL22,6146,RPL22,6146
221775_x_at,RPL22,6146,RPL22,6146
203012_x_at,RPL23A,6147,RPL23A,6147
207283_at,RPL23AP32,56969,RPL23AP32,56969
222225_at,RPL23AP53,644128,RPL23AP53,644128
221634_at,RPL23AP7///CENPBD1P1,118433///65996,RPL23AP7///CENPBD1P1,118433///65996
200013_at,RPL24,6152,RPL24,6152
214143_x_at,RPL24,6152,RPL24,6152
218830_at,RPL26L1,51121,RPL26L1,51121
200025_s_at,RPL27,6155,RPL27,6155
212044_s_at,RPL27A,6157,RPL27A,6157
200823_x_at,RPL29,6159,RPL29,6159
213969_x_at,RPL29,6159,RPL29,6159
215963_x_at,RPL3,6122,RPL3,6122
200062_s_at,RPL30,6156,RPL30,6156
200962_at,RPL31,6160,RPL31,6160
200963_x_at,RPL31,6160,RPL31,6160
221593_s_at,RPL31,6160,RPL31,6160
200674_s_at,RPL32,6161,RPL32,6161
200026_at,RPL34,6164,RPL34,6164
200002_at,RPL35,11224,RPL35,11224
213687_s_at,RPL35A,6165,RPL35A,6165
215208_x_at,RPL35A,6165,RPL35A,6165
215249_at,RPL35A,6165,RPL35A,6165
219762_s_at,RPL36,25873,RPL36,25873
201132_at,RPL36A-HNRNPH2///HNRNPH2,100529097///3188,RPL36A-HNRNPH2///HNRNPH2,100529097///3188
201406_at,RPL36A-HNRNPH2///RPL36A,100529097///6173,RPL36A-HNRNPH2///RPL36A,100529097///6173
207585_s_at,RPL36AL,6166,RPL36AL,6166
200092_s_at,RPL37,6167,RPL37,6167
201429_s_at,RPL37A,6168,RPL37A,6168
213459_at,RPL37A,6168,RPL37A,6168
214041_x_at,RPL37A,6168,RPL37A,6168
202028_s_at,RPL38,6169,RPL38,6169
202029_x_at,RPL38,6169,RPL38,6169
221943_x_at,RPL38,6169,RPL38,6169
208695_s_at,RPL39,6170,RPL39,6170
210115_at,RPL39L,116832,RPL39L,116832
206768_at,RPL3L,6123,RPL3L,6123
201492_s_at,RPL41,6171,RPL41,6171
200937_s_at,RPL5///SNORD21,6125///6083,RPL5///SNORD21,6125///6083
210034_s_at,RPL5///SNORD21,6125///6083,RPL5///SNORD21,6125///6083
213080_x_at,RPL5///SNORD21,6125///6083,RPL5///SNORD21,6125///6083
200034_s_at,RPL6,6128,RPL6,6128
200717_x_at,RPL7,6129,RPL7,6129
212042_x_at,RPL7,6129,RPL7,6129
200936_at,RPL8,6132,RPL8,6132
200032_s_at,RPL9,6133,RPL9,6133
201033_x_at,RPLP0,6175,RPLP0,6175
208856_x_at,RPLP0,6175,RPLP0,6175
211720_x_at,RPLP0,6175,RPLP0,6175
211972_x_at,RPLP0,6175,RPLP0,6175
214167_s_at,RPLP0,6175,RPLP0,6175
200763_s_at,RPLP1,6176,RPLP1,6176
200908_s_at,RPLP2,6181,RPLP2,6181
217670_at,RPLP2,6181,RPLP2,6181
201011_at,RPN1,6184,RPN1,6184
208689_s_at,RPN2,6185,RPN2,6185
213399_x_at,RPN2,6185,RPN2,6185
213491_x_at,RPN2,6185,RPN2,6185
204245_s_at,RPP14,11102,RPP14,11102
219143_s_at,RPP25,54913,RPP25,54913
203436_at,RPP30,10556,RPP30,10556
205562_at,RPP38,10557,RPP38,10557
213427_at,RPP40,10799,RPP40,10799
218209_s_at,RPRD1A,55197,RPRD1A,55197
212553_at,RPRD2,23248,RPRD2,23248
219370_at,RPRM,56475,RPRM,56475
200095_x_at,RPS10,6204,RPS10,6204
200817_x_at,RPS10,6204,RPS10,6204
211542_x_at,RPS10,6204,RPS10,6204
214001_x_at,RPS10,6204,RPS10,6204
221579_s_at,RPS10-NUDT3///NUDT3,100529239///11165,RPS10-NUDT3///NUDT3,100529239///11165
213350_at,RPS11,6205,RPS11,6205
213377_x_at,RPS12,6206,RPS12,6206
217723_x_at,RPS12,6206,RPS12,6206
208645_s_at,RPS14,6208,RPS14,6208
214245_at,RPS14,6208,RPS14,6208
217298_at,RPS14,6208,RPS14,6208
200819_s_at,RPS15,6209,RPS15,6209
200781_s_at,RPS15A,6210,RPS15A,6210
201258_at,RPS16,6217,RPS16,6217
213890_x_at,RPS16,6217,RPS16,6217
201665_x_at,RPS17,6218,RPS17,6218
211487_x_at,RPS17,6218,RPS17,6218
212578_x_at,RPS17,6218,RPS17,6218
201049_s_at,RPS18,6222,RPS18,6222
202649_x_at,RPS19,6223,RPS19,6223
213414_s_at,RPS19,6223,RPS19,6223
200834_s_at,RPS21,6227,RPS21,6227
214097_at,RPS21,6227,RPS21,6227
200926_at,RPS23,6228,RPS23,6228
200061_s_at,RPS24,6229,RPS24,6229
200091_s_at,RPS25,6230,RPS25,6230
200741_s_at,RPS27,6232,RPS27,6232
200017_at,RPS27A,6233,RPS27A,6233
218007_s_at,RPS27L,51065,RPS27L,51065
208902_s_at,RPS28,6234,RPS28,6234
208903_at,RPS28,6234,RPS28,6234
208904_s_at,RPS28,6234,RPS28,6234
201094_at,RPS29,6235,RPS29,6235
207489_at,RPS2P45,80052,RPS2P45,80052
208692_at,RPS3,6188,RPS3,6188
200933_x_at,RPS4X,6191,RPS4X,6191
213347_x_at,RPS4X,6191,RPS4X,6191
201909_at,RPS4Y1,6192,RPS4Y1,6192
200024_at,RPS5,6193,RPS5,6193
200081_s_at,RPS6,6194,RPS6,6194
201254_x_at,RPS6,6194,RPS6,6194
209134_s_at,RPS6,6194,RPS6,6194
211690_at,RPS6,6194,RPS6,6194
203379_at,RPS6KA1,6195,RPS6KA1,6195
204906_at,RPS6KA2,6196,RPS6KA2,6196
212912_at,RPS6KA2,6196,RPS6KA2,6196
203843_at,RPS6KA3,6197,RPS6KA3,6197
204632_at,RPS6KA4,8986,RPS6KA4,8986
204633_s_at,RPS6KA5,9252,RPS6KA5,9252
204635_at,RPS6KA5,9252,RPS6KA5,9252
220737_at,RPS6KA6,27330,RPS6KA6,27330
220738_s_at,RPS6KA6,27330,RPS6KA6,27330
204171_at,RPS6KB1,6198,RPS6KB1,6198
211578_s_at,RPS6KB1,6198,RPS6KB1,6198
203777_s_at,RPS6KB2,6199,RPS6KB2,6199
218909_at,RPS6KC1,26750,RPS6KC1,26750
200082_s_at,RPS7,6201,RPS7,6201
213941_x_at,RPS7,6201,RPS7,6201
214089_at,RPS8,6202,RPS8,6202
214317_x_at,RPS9,6203,RPS9,6203
217747_s_at,RPS9,6203,RPS9,6203
213801_x_at,RPSAP19///RPSAP9///SNORA6///RPSAP58///SNORA62///RPSA,730029///653162///574040///388524///6044///3921,RPSAP19///RPSAP9///SNORA6///RPSAP58///SNORA62///RPSA,730029///653162///574040///388524///6044///3921
221940_at,RPUSD2,27079,RPUSD2,27079
204802_at,RRAD,6236,RRAD,6236
204803_s_at,RRAD,6236,RRAD,6236
201628_s_at,RRAGA,10670,RRAGA,10670
205540_s_at,RRAGB,10325,RRAGB,10325
218088_s_at,RRAGC,64121,RRAGC,64121
221523_s_at,RRAGD,58528,RRAGD,58528
221524_s_at,RRAGD,58528,RRAGD,58528
212647_at,RRAS,6237,RRAS,6237
208456_s_at,RRAS2,22800,RRAS2,22800
212589_at,RRAS2,22800,RRAS2,22800
212590_at,RRAS2,22800,RRAS2,22800
201203_s_at,RRBP1,6238,RRBP1,6238
201204_s_at,RRBP1,6238,RRBP1,6238
201205_at,RRBP1,6238,RRBP1,6238
201206_s_at,RRBP1,6238,RRBP1,6238
213495_s_at,RRBP1,6238,RRBP1,6238
213973_at,RRBP1,6238,RRBP1,6238
203704_s_at,RREB1,6239,RREB1,6239
215032_at,RREB1,6239,RREB1,6239
215620_at,RREB1,6239,RREB1,6239
216648_s_at,RREB1,6239,RREB1,6239
216649_at,RREB1,6239,RREB1,6239
217411_s_at,RREB1,6239,RREB1,6239
208314_at,RRH,10692,RRH,10692
201476_s_at,RRM1,6240,RRM1,6240
201477_s_at,RRM1,6240,RRM1,6240
201890_at,RRM2,6241,RRM2,6241
209773_s_at,RRM2,6241,RRM2,6241
222204_s_at,RRN3,54700,RRN3,54700
215211_at,RRN3P1,730092,RRN3P1,730092
216908_x_at,RRN3P1,730092,RRN3P1,730092
221714_s_at,RRN3P1,730092,RRN3P1,730092
216902_s_at,RRN3P1///RRN3P2///RRN3,730092///653390///54700,RRN3P1///RRN3P2///RRN3,730092///653390///54700
218914_at,RRNAD1,51093,RRNAD1,51093
218758_s_at,RRP1,8568,RRP1,8568
216360_x_at,RRP12,23223,RRP12,23223
216909_at,RRP12,23223,RRP12,23223
216913_s_at,RRP12,23223,RRP12,23223
214764_at,RRP15,51018,RRP15,51018
219037_at,RRP15,51018,RRP15,51018
212844_at,RRP1B,23076,RRP1B,23076
212846_at,RRP1B,23076,RRP1B,23076
202937_x_at,RRP7A,27341,RRP7A,27341
33307_at,RRP7A,27341,RRP7A,27341
210584_s_at,RRP7BP///POLDIP3,91695///84271,RRP7BP///POLDIP3,91695///84271
202938_x_at,RRP7BP///RRP7A,91695///27341,RRP7BP///RRP7A,91695///27341
214828_s_at,RRP7BP///RRP7A,91695///27341,RRP7BP///RRP7A,91695///27341
203170_at,RRP8,23378,RRP8,23378
203171_s_at,RRP8,23378,RRP8,23378
204133_at,RRP9,9136,RRP9,9136
209567_at,RRS1,23212,RRS1,23212
207363_at,RS1,6247,RS1,6247
216937_s_at,RS1,6247,RS1,6247
218307_at,RSAD1,55316,RSAD1,55316
213797_at,RSAD2,91543,RSAD2,91543
213694_at,RSBN1,54665,RSBN1,54665
218166_s_at,RSF1,51773,RSF1,51773
220963_s_at,RSG1,79363,RSG1,79363
212018_s_at,RSL1D1,26156,RSL1D1,26156
212019_at,RSL1D1,26156,RSL1D1,26156
213750_at,RSL1D1,26156,RSL1D1,26156
217915_s_at,RSL24D1,51187,RSL24D1,51187
220105_at,RSPH14,27156,RSPH14,27156
220965_s_at,RSPH6A,81492,RSPH6A,81492
219507_at,RSRC1,51319,RSRC1,51319
202301_s_at,RSRC2,65117,RSRC2,65117
202302_s_at,RSRC2,65117,RSRC2,65117
209006_s_at,RSRP1,57035,RSRP1,57035
209007_s_at,RSRP1,57035,RSRP1,57035
201980_s_at,RSU1,6251,RSU1,6251
215618_at,RSU1,6251,RSU1,6251
203594_at,RTCA,8634,RTCA,8634
215351_at,RTCA,8634,RTCA,8634
200042_at,RTCB,51493,RTCB,51493
206092_x_at,RTEL1,51750,RTEL1,51750
213829_x_at,RTEL1,51750,RTEL1,51750
211526_s_at,RTEL1-TNFRSF6B///RTEL1,100533107///51750,RTEL1-TNFRSF6B///RTEL1,100533107///51750
216325_x_at,RTEL1-TNFRSF6B///RTEL1,100533107///51750,RTEL1-TNFRSF6B///RTEL1,100533107///51750
206467_x_at,RTEL1-TNFRSF6B///TNFRSF6B,100533107///8771,RTEL1-TNFRSF6B///TNFRSF6B,100533107///8771
212301_at,RTF1,23168,RTF1,23168
212302_at,RTF1,23168,RTF1,23168
217737_x_at,RTFDC1,51507,RTFDC1,51507
203485_at,RTN1,6252,RTN1,6252
210222_s_at,RTN1,6252,RTN1,6252
204217_s_at,RTN2,6253,RTN2,6253
34408_at,RTN2,6253,RTN2,6253
219549_s_at,RTN3,10313,RTN3,10313
210968_s_at,RTN4,57142,RTN4,57142
211509_s_at,RTN4,57142,RTN4,57142
214629_x_at,RTN4,57142,RTN4,57142
219684_at,RTP4,64108,RTP4,64108
212733_at,RUBCN,9711,RUBCN,9711
212735_at,RUBCN,9711,RUBCN,9711
218243_at,RUFY1,80230,RUFY1,80230
219957_at,RUFY2,55680,RUFY2,55680
203724_s_at,RUFY3,22902,RUFY3,22902
210251_s_at,RUFY3,22902,RUFY3,22902
213430_at,RUFY3,22902,RUFY3,22902
213437_at,RUFY3,22902,RUFY3,22902
213939_s_at,RUFY3,22902,RUFY3,22902
206196_s_at,RUNDC3A,10900,RUNDC3A,10900
213439_x_at,RUNDC3A,10900,RUNDC3A,10900
215321_at,RUNDC3B,154661,RUNDC3B,154661
220918_at,RUNX1-IT1,80215,RUNX1-IT1,80215
205528_s_at,RUNX1T1,862,RUNX1T1,862
205529_s_at,RUNX1T1,862,RUNX1T1,862
216831_s_at,RUNX1T1,862,RUNX1T1,862
216832_at,RUNX1T1,862,RUNX1T1,862
216994_s_at,RUNX2,860,RUNX2,860
221282_x_at,RUNX2,860,RUNX2,860
221283_at,RUNX2,860,RUNX2,860
204197_s_at,RUNX3,864,RUNX3,864
204198_s_at,RUNX3,864,RUNX3,864
206949_s_at,RUSC1,23623,RUSC1,23623
213066_at,RUSC2,9853,RUSC2,9853
201614_s_at,RUVBL1,8607,RUVBL1,8607
201459_at,RUVBL2,10856,RUVBL2,10856
219598_s_at,RWDD1,51389,RWDD1,51389
213555_at,RWDD2A,112611,RWDD2A,112611
218377_s_at,RWDD2B,10069,RWDD2B,10069
205087_at,RWDD3,25950,RWDD3,25950
221066_at,RXFP3,51289,RXFP3,51289
202426_s_at,RXRA,6256,RXRA,6256
202449_s_at,RXRA,6256,RXRA,6256
209148_at,RXRB,6257,RXRB,6257
215098_at,RXRB,6257,RXRB,6257
215099_s_at,RXRB,6257,RXRB,6257
205954_at,RXRG,6258,RXRG,6258
201844_s_at,RYBP,23429,RYBP,23429
201845_s_at,RYBP,23429,RYBP,23429
201846_s_at,RYBP,23429,RYBP,23429
202853_s_at,RYK,6259,RYK,6259
214172_x_at,RYK,6259,RYK,6259
216976_s_at,RYK,6259,RYK,6259
205485_at,RYR1,6261,RYR1,6261
207557_s_at,RYR2,6262,RYR2,6262
214044_at,RYR2,6262,RYR2,6262
206306_at,RYR3,6263,RYR3,6263
205334_at,S100A1,6271,S100A1,6271
200872_at,S100A10,6281,S100A10,6281
200660_at,S100A11,6282,S100A11,6282
205863_at,S100A12,6283,S100A12,6283
202598_at,S100A13,6284,S100A13,6284
213481_at,S100A13,6284,S100A13,6284
218677_at,S100A14,57402,S100A14,57402
204268_at,S100A2,6273,S100A2,6273
206027_at,S100A3,6274,S100A3,6274
203186_s_at,S100A4,6275,S100A4,6275
207763_at,S100A5,6276,S100A5,6276
217728_at,S100A6,6277,S100A6,6277
205916_at,S100A7,6278,S100A7,6278
202917_s_at,S100A8,6279,S100A8,6279
214370_at,S100A8,6279,S100A8,6279
203535_at,S100A9,6280,S100A9,6280
209686_at,S100B,6285,S100B,6285
207885_at,S100G,795,S100G,795
204351_at,S100P,6286,S100P,6286
218370_s_at,S100PBP,64766,S100PBP,64766
204642_at,S1PR1,1901,S1PR1,1901
208537_at,S1PR2,9294,S1PR2,9294
206437_at,S1PR4,8698,S1PR4,8698
221417_x_at,S1PR5,53637,S1PR5,53637
208607_s_at,SAA2-SAA4///SAA2///SAA1,100528017///6289///6288,SAA2-SAA4///SAA2///SAA1,100528017///6289///6288
207096_at,SAA2-SAA4///SAA4,100528017///6291,SAA2-SAA4///SAA4,100528017///6291
214456_x_at,SAA2///SAA1,6289///6288,SAA2///SAA1,6289///6288
222226_at,SAA3P,6290,SAA3P,6290
205449_at,SAC3D1,29901,SAC3D1,29901
202797_at,SACM1L,22908,SACM1L,22908
213262_at,SACS,26278,SACS,26278
217946_s_at,SAE1,10055,SAE1,10055
201747_s_at,SAFB,6294,SAFB,6294
201748_s_at,SAFB,6294,SAFB,6294
213635_s_at,SAFB,6294,SAFB,6294
203280_at,SAFB2,9667,SAFB2,9667
32099_at,SAFB2,9667,SAFB2,9667
206671_at,SAG,6295,SAG,6295
220793_at,SAGE1,55511,SAGE1,55511
206893_at,SALL1,6299,SALL1,6299
213283_s_at,SALL2,6297,SALL2,6297
213866_at,SAMD14,201191,SAMD14,201191
212845_at,SAMD4A,23034,SAMD4A,23034
215120_s_at,SAMD4A,23034,SAMD4A,23034
215495_s_at,SAMD4A,23034,SAMD4A,23034
215496_at,SAMD4A,23034,SAMD4A,23034
220457_at,SAMD4B,55095,SAMD4B,55095
219691_at,SAMD9,54809,SAMD9,54809
204502_at,SAMHD1,25939,SAMHD1,25939
201569_s_at,SAMM50,25813,SAMM50,25813
201570_at,SAMM50,25813,SAMM50,25813
220330_s_at,SAMSN1,64092,SAMSN1,64092
220367_s_at,SAP130,79595,SAP130,79595
208740_at,SAP18,10284,SAP18,10284
208741_at,SAP18,10284,SAP18,10284
208742_s_at,SAP18,10284,SAP18,10284
204692_at,SAP25///LRCH4,100316904///4034,SAP25///LRCH4,100316904///4034
37796_at,SAP25///LRCH4,100316904///4034,SAP25///LRCH4,100316904///4034
204898_at,SAP30,8819,SAP30,8819
204899_s_at,SAP30,8819,SAP30,8819
204900_x_at,SAP30,8819,SAP30,8819
213963_s_at,SAP30,8819,SAP30,8819
217965_s_at,SAP30BP,29115,SAP30BP,29115
219129_s_at,SAP30L,79685,SAP30L,79685
201542_at,SAR1A,56681,SAR1A,56681
201543_s_at,SAR1A,56681,SAR1A,56681
210790_s_at,SAR1A,56681,SAR1A,56681
218254_s_at,SAR1B,51128,SAR1B,51128
200847_s_at,SARAF,51669,SARAF,51669
207889_at,SARDH,1757,SARDH,1757
210063_at,SARDH,1757,SARDH,1757
210862_s_at,SARDH,1757,SARDH,1757
211322_s_at,SARDH,1757,SARDH,1757
213257_at,SARM1,23098,SARM1,23098
213259_s_at,SARM1,23098,SARM1,23098
200802_at,SARS,6301,SARS,6301
218702_at,SARS2,54938,SARS2,54938
200051_at,SART1,9092,SART1,9092
200069_at,SART3,9733,SART3,9733
209127_s_at,SART3,9733,SART3,9733
209128_s_at,SART3,9733,SART3,9733
213236_at,SASH1,23328,SASH1,23328
41644_at,SASH1,23328,SASH1,23328
204923_at,SASH3,54440,SASH3,54440
203455_s_at,SAT1,6303,SAT1,6303
210592_s_at,SAT1,6303,SAT1,6303
213988_s_at,SAT1,6303,SAT1,6303
203408_s_at,SATB1,6304,SATB1,6304
213435_at,SATB2,23314,SATB2,23314
215591_at,SATB2,23314,SATB2,23314
218276_s_at,SAV1,60485,SAV1,60485
218784_s_at,SAYSD1,55776,SAYSD1,55776
212389_at,SBF1,6305,SBF1,6305
212393_at,SBF1,6305,SBF1,6305
213383_at,SBF1,6305,SBF1,6305
222084_s_at,SBF1,6305,SBF1,6305
39835_at,SBF1,6305,SBF1,6305
216161_at,SBNO1,55206,SBNO1,55206
216162_at,SBNO1,55206,SBNO1,55206
218737_at,SBNO1,55206,SBNO1,55206
204166_at,SBNO2,22904,SBNO2,22904
215760_s_at,SBNO2,22904,SBNO2,22904
214725_at,SBSPON,157869,SBSPON,157869
211423_s_at,SC5D,6309,SC5D,6309
215064_at,SC5D,6309,SC5D,6309
206989_s_at,SCAF11,9169,SCAF11,9169
209376_x_at,SCAF11,9169,SCAF11,9169
213850_s_at,SCAF11,9169,SCAF11,9169
222310_at,SCAF4,57466,SCAF4,57466
222311_s_at,SCAF4,57466,SCAF4,57466
203250_at,SCAF8,22828,SCAF8,22828
214997_at,SCAI,286205,SCAI,286205
206667_s_at,SCAMP1,9522,SCAMP1,9522
206668_s_at,SCAMP1,9522,SCAMP1,9522
212416_at,SCAMP1,9522,SCAMP1,9522
212417_at,SCAMP1,9522,SCAMP1,9522
212425_at,SCAMP1,9522,SCAMP1,9522
218143_s_at,SCAMP2,10066,SCAMP2,10066
201771_at,SCAMP3,10067,SCAMP3,10067
213244_at,SCAMP4,113178,SCAMP4,113178
212699_at,SCAMP5,192683,SCAMP5,192683
218206_x_at,SCAND1,51282,SCAND1,51282
206021_at,SCAND2P,54581,SCAND2P,54581
215670_s_at,SCAND2P,54581,SCAND2P,54581
222177_s_at,SCAND2P,54581,SCAND2P,54581
222211_x_at,SCAND2P,54581,SCAND2P,54581
212329_at,SCAP,22937,SCAP,22937
209741_x_at,SCAPER,49855,SCAPER,49855
215848_at,SCAPER,49855,SCAPER,49855
216399_s_at,SCAPER,49855,SCAPER,49855
219416_at,SCARA3,51435,SCARA3,51435
201819_at,SCARB1,949,SCARB1,949
215834_x_at,SCARB1,949,SCARB1,949
215835_at,SCARB1,949,SCARB1,949
201646_at,SCARB2,950,SCARB2,950
201647_s_at,SCARB2,950,SCARB2,950
215754_at,SCARB2,950,SCARB2,950
206995_x_at,SCARF1,8578,SCARF1,8578
201825_s_at,SCCPDH,51097,SCCPDH,51097
201826_s_at,SCCPDH,51097,SCCPDH,51097
200831_s_at,SCD,6319,SCD,6319
200832_s_at,SCD,6319,SCD,6319
211162_x_at,SCD,6319,SCD,6319
211708_s_at,SCD,6319,SCD,6319
220232_at,SCD5,79966,SCD5,79966
206884_s_at,SCEL,8796,SCEL,8796
215548_s_at,SCFD1,23256,SCFD1,23256
204035_at,SCG2,7857,SCG2,7857
219196_at,SCG3,29106,SCG3,29106
203889_at,SCG5,6447,SCG5,6447
205725_at,SCGB1A1,7356,SCGB1A1,7356
207910_at,SCGB1D1,10648,SCGB1D1,10648
206799_at,SCGB1D2,10647,SCGB1D2,10647
205979_at,SCGB2A1,4246,SCGB2A1,4246
206378_at,SCGB2A2,4250,SCGB2A2,4250
205697_at,SCGN,10590,SCGN,10590
222272_x_at,SCIN,85477,SCIN,85477
219808_at,SCLY,51540,SCLY,51540
221575_at,SCLY,51540,SCLY,51540
59705_at,SCLY,51540,SCLY,51540
221216_s_at,SCMH1,22955,SCMH1,22955
218793_s_at,SCML1,6322,SCML1,6322
206147_x_at,SCML2,10389,SCML2,10389
208578_at,SCN10A,6336,SCN10A,6336
210853_at,SCN11A,11280,SCN11A,11280
220791_x_at,SCN11A,11280,SCN11A,11280
210383_at,SCN1A,6323,SCN1A,6323
205508_at,SCN1B,6324,SCN1B,6324
206381_at,SCN2A,6326,SCN2A,6326
210363_s_at,SCN2B,6327,SCN2B,6327
210364_at,SCN2B,6327,SCN2B,6327
210432_s_at,SCN3A,6328,SCN3A,6328
204722_at,SCN3B,55800,SCN3B,55800
204723_at,SCN3B,55800,SCN3B,55800
206981_at,SCN4A,6329,SCN4A,6329
207413_s_at,SCN5A,6331,SCN5A,6331
207864_at,SCN7A,6332,SCN7A,6332
207049_at,SCN8A,6334,SCN8A,6334
206950_at,SCN9A,6335,SCN9A,6335
203453_at,SCNN1A,6337,SCNN1A,6337
215026_x_at,SCNN1A,6337,SCNN1A,6337
217264_s_at,SCNN1A,6337,SCNN1A,6337
205464_at,SCNN1B,6338,SCNN1B,6338
208458_at,SCNN1D,6339,SCNN1D,6339
207295_at,SCNN1G,6340,SCNN1G,6340
205241_at,SCO2,9997,SCO2,9997
201339_s_at,SCP2,6342,SCP2,6342
211733_x_at,SCP2,6342,SCP2,6342
218217_at,SCPEP1,59342,SCPEP1,59342
205475_at,SCRG1,11341,SCRG1,11341
212556_at,SCRIB,23513,SCRIB,23513
201462_at,SCRN1,9805,SCRN1,9805
219234_x_at,SCRN3,79634,SCRN3,79634
221026_s_at,SCRT1,83482,SCRT1,83482
221198_at,SCT,6343,SCT,6343
210382_at,SCTR,6344,SCTR,6344
219197_s_at,SCUBE2,57758,SCUBE2,57758
217600_at,SCUBE3,222663,SCUBE3,222663
221220_s_at,SCYL2,55681,SCYL2,55681
205607_s_at,SCYL3,57147,SCYL3,57147
41329_at,SCYL3,57147,SCYL3,57147
218607_s_at,SDAD1,55153,SDAD1,55153
201286_at,SDC1,6382,SDC1,6382
201287_s_at,SDC1,6382,SDC1,6382
212154_at,SDC2,6383,SDC2,6383
212157_at,SDC2,6383,SDC2,6383
212158_at,SDC2,6383,SDC2,6383
202898_at,SDC3,9672,SDC3,9672
202071_at,SDC4,6385,SDC4,6385
200958_s_at,SDCBP,6386,SDCBP,6386
218427_at,SDCCAG3,10807,SDCCAG3,10807
203090_at,SDF2,6388,SDF2,6388
218681_s_at,SDF2L1,23753,SDF2L1,23753
217855_x_at,SDF4,51150,SDF4,51150
221972_s_at,SDF4,51150,SDF4,51150
201093_x_at,SDHA,6389,SDHA,6389
221855_at,SDHAF1,644096,SDHAF1,644096
44669_at,SDHAF1,644096,SDHAF1,644096
218981_at,SDHAF3,57001,SDHAF3,57001
222021_x_at,SDHAP2///SDHAP1,727956///255812,SDHAP2///SDHAP1,727956///255812
202675_at,SDHB,6390,SDHB,6390
214166_at,SDHB,6390,SDHB,6390
202004_x_at,SDHC,6391,SDHC,6391
210131_x_at,SDHC,6391,SDHC,6391
215088_s_at,SDHC,6391,SDHC,6391
216591_s_at,SDHC,6391,SDHC,6391
202026_at,SDHD,6392,SDHD,6392
215652_at,SDHD,6392,SDHD,6392
220628_s_at,SDK2,54549,SDK2,54549
218711_s_at,SDPR,8436,SDPR,8436
213398_s_at,SDR39U1,56948,SDR39U1,56948
205695_at,SDS,10993,SDS,10993
204534_at,SEBOX///VTN,645832///7448,SEBOX///VTN,645832///7448
201290_at,SEC11A,23478,SEC11A,23478
216274_s_at,SEC11A,23478,SEC11A,23478
207707_s_at,SEC13,6396,SEC13,6396
202082_s_at,SEC14L1,6397,SEC14L1,6397
202083_s_at,SEC14L1,6397,SEC14L1,6397
202084_s_at,SEC14L1,6397,SEC14L1,6397
217667_at,SEC14L1P1,729799,SEC14L1P1,729799
204541_at,SEC14L2,23541,SEC14L2,23541
216346_at,SEC14L3,266629,SEC14L3,266629
216402_at,SEC14L4,284904,SEC14L4,284904
210169_at,SEC14L5,9717,SEC14L5,9717
215696_s_at,SEC16A,9919,SEC16A,9919
218703_at,SEC22A,26984,SEC22A,26984
214257_s_at,SEC22B,9554,SEC22B,9554
204344_s_at,SEC23A,10484,SEC23A,10484
212887_at,SEC23A,10484,SEC23A,10484
201582_at,SEC23B,10483,SEC23B,10483
201583_s_at,SEC23B,10483,SEC23B,10483
210293_s_at,SEC23B,10483,SEC23B,10483
209175_at,SEC23IP,11196,SEC23IP,11196
209176_at,SEC23IP,11196,SEC23IP,11196
216392_s_at,SEC23IP,11196,SEC23IP,11196
212900_at,SEC24A,10802,SEC24A,10802
212902_at,SEC24A,10802,SEC24A,10802
202798_at,SEC24B,10427,SEC24B,10427
202361_at,SEC24C,9632,SEC24C,9632
202375_at,SEC24D,9871,SEC24D,9871
215209_at,SEC24D,9871,SEC24D,9871
215641_at,SEC24D,9871,SEC24D,9871
200945_s_at,SEC31A,22872,SEC31A,22872
210616_s_at,SEC31A,22872,SEC31A,22872
209889_at,SEC31B,25956,SEC31B,25956
217716_s_at,SEC61A1,29927,SEC61A1,29927
219499_at,SEC61A2,55176,SEC61A2,55176
203133_at,SEC61B,10952,SEC61B,10952
203484_at,SEC61G,23480,SEC61G,23480
208942_s_at,SEC62,7095,SEC62,7095
208943_s_at,SEC62,7095,SEC62,7095
201914_s_at,SEC63,11231,SEC63,11231
201915_at,SEC63,11231,SEC63,11231
201916_s_at,SEC63,11231,SEC63,11231
218265_at,SECISBP2,79048,SECISBP2,79048
212450_at,SECISBP2L,9728,SECISBP2L,9728
212451_at,SECISBP2L,9728,SECISBP2L,9728
213716_s_at,SECTM1,6398,SECTM1,6398
221931_s_at,SEH1L,81929,SEH1L,81929
202061_s_at,SEL1L,6400,SEL1L,6400
202062_s_at,SEL1L,6400,SEL1L,6400
202063_s_at,SEL1L,6400,SEL1L,6400
202064_s_at,SEL1L,6400,SEL1L,6400
209631_s_at,SEL1L2///GPR37,80343///2861,SEL1L2///GPR37,80343///2861
212311_at,SEL1L3,23231,SEL1L3,23231
212314_at,SEL1L3,23231,SEL1L3,23231
206211_at,SELE,6401,SELE,6401
214433_s_at,SELENBP1,8991,SELENBP1,8991
204563_at,SELL,6402,SELL,6402
206049_at,SELP,6403,SELP,6403
209879_at,SELPLG,6404,SELPLG,6404
209880_s_at,SELPLG,6404,SELPLG,6404
217811_at,SELT,51714,SELT,51714
206805_at,SEMA3A,10371,SEMA3A,10371
203070_at,SEMA3B,7869,SEMA3B,7869
203788_s_at,SEMA3C,10512,SEMA3C,10512
203789_s_at,SEMA3C,10512,SEMA3C,10512
215324_at,SEMA3D,223117,SEMA3D,223117
215643_at,SEMA3D,223117,SEMA3D,223117
206941_x_at,SEMA3E,9723,SEMA3E,9723
206832_s_at,SEMA3F,6405,SEMA3F,6405
209730_at,SEMA3F,6405,SEMA3F,6405
35666_at,SEMA3F,6405,SEMA3F,6405
219689_at,SEMA3G,56920,SEMA3G,56920
219259_at,SEMA4A,64218,SEMA4A,64218
219039_at,SEMA4C,54910,SEMA4C,54910
46665_at,SEMA4C,54910,SEMA4C,54910
203528_at,SEMA4D,10507,SEMA4D,10507
208124_s_at,SEMA4F,10505,SEMA4F,10505
210124_x_at,SEMA4F,10505,SEMA4F,10505
203483_at,SEMA4G,57715,SEMA4G,57715
219194_at,SEMA4G,57715,SEMA4G,57715
205405_at,SEMA5A,9037,SEMA5A,9037
213169_at,SEMA5A,9037,SEMA5A,9037
215028_at,SEMA6A,57556,SEMA6A,57556
220454_s_at,SEMA6A,57556,SEMA6A,57556
220778_x_at,SEMA6B,10501,SEMA6B,10501
208100_x_at,SEMA6C,10500,SEMA6C,10500
220574_at,SEMA6D,80031,SEMA6D,80031
210083_at,SEMA7A,8482,SEMA7A,8482
206442_at,SEMG1,6406,SEMG1,6406
216030_s_at,SEMG2,6407,SEMG2,6407
218122_s_at,SENP2,59343,SENP2,59343
203871_at,SENP3,26168,SENP3,26168
215114_at,SENP3,26168,SENP3,26168
215113_s_at,SENP3-EIF4A1///SENP3,100533955///26168,SENP3-EIF4A1///SENP3,100533955///26168
213184_at,SENP5,205564,SENP5,205564
222110_at,SENP5,205564,SENP5,205564
57703_at,SENP5,205564,SENP5,205564
202318_s_at,SENP6,26054,SENP6,26054
202319_at,SENP6,26054,SENP6,26054
214790_at,SENP6,26054,SENP6,26054
220735_s_at,SENP7,57337,SENP7,57337
200902_at,SEP15,9403,SEP15,9403
208939_at,SEPHS1,22929,SEPHS1,22929
208940_at,SEPHS1,22929,SEPHS1,22929
208941_s_at,SEPHS1,22929,SEPHS1,22929
200961_at,SEPHS2,22928,SEPHS2,22928
201427_s_at,SEPP1,6414,SEPP1,6414
212698_s_at,SEPT10,151011,SEPT10,151011
214720_x_at,SEPT10,151011,SEPT10,151011
201307_at,SEPT11,55752,SEPT11,55752
201308_s_at,SEPT11,55752,SEPT11,55752
214293_at,SEPT11,55752,SEPT11,55752
200015_s_at,SEPT2,4735,SEPT2,4735
200778_s_at,SEPT2,4735,SEPT2,4735
210348_at,SEPT4,5414,SEPT4,5414
210657_s_at,SEPT4,5414,SEPT4,5414
209768_s_at,SEPT5-GP1BB,100526833,SEPT5-GP1BB,100526833
209769_s_at,SEPT5-GP1BB,100526833,SEPT5-GP1BB,100526833
206655_s_at,SEPT5-GP1BB///SEPT5///GP1BB,100526833///5413///2812,SEPT5-GP1BB///SEPT5///GP1BB,100526833///5413///2812
209767_s_at,SEPT5-GP1BB///SEPT5///GP1BB,100526833///5413///2812,SEPT5-GP1BB///SEPT5///GP1BB,100526833///5413///2812
212413_at,SEPT6,23157,SEPT6,23157
212415_at,SEPT6,23157,SEPT6,23157
213666_at,SEPT6,23157,SEPT6,23157
214298_x_at,SEPT6,23157,SEPT6,23157
213151_s_at,SEPT7,989,SEPT7,989
217721_at,SEPT7,989,SEPT7,989
208999_at,SEPT8,23176,SEPT8,23176
209000_s_at,SEPT8,23176,SEPT8,23176
207425_s_at,SEPT9,10801,SEPT9,10801
208657_s_at,SEPT9,10801,SEPT9,10801
41220_at,SEPT9,10801,SEPT9,10801
201194_at,SEPW1,6415,SEPW1,6415
209669_s_at,SERBP1,26135,SERBP1,26135
210076_x_at,SERBP1,26135,SERBP1,26135
210466_s_at,SERBP1,26135,SERBP1,26135
217724_at,SERBP1,26135,SERBP1,26135
217725_x_at,SERBP1,26135,SERBP1,26135
219982_s_at,SERF1B///SERF1A,728492///8293,SERF1B///SERF1A,728492///8293
218680_x_at,SERF2-C15ORF63///MIR1282///HYPK///SERF2,100529067///100302254///25764///10169,SERF2-C15ORF63///MIR1282///HYPK///SERF2,100529067///100302254///25764///10169
220482_s_at,SERGEF,26297,SERGEF,26297
217276_x_at,SERHL2,253190,SERHL2,253190
217284_x_at,SERHL2,253190,SERHL2,253190
214243_s_at,SERHL2///SERHL,253190///94009,SERHL2///SERHL,253190///94009
208671_at,SERINC1,57515,SERINC1,57515
220489_s_at,SERINC2,347735,SERINC2,347735
220490_at,SERINC2,347735,SERINC2,347735
211769_x_at,SERINC3,10955,SERINC3,10955
221471_at,SERINC3,10955,SERINC3,10955
221472_at,SERINC3,10955,SERINC3,10955
221473_x_at,SERINC3,10955,SERINC3,10955
212812_at,SERINC5,256987,SERINC5,256987
200969_at,SERP1,27230,SERP1,27230
200970_s_at,SERP1,27230,SERP1,27230
200971_s_at,SERP1,27230,SERP1,27230
202833_s_at,SERPINA1,5265,SERPINA1,5265
211428_at,SERPINA1,5265,SERPINA1,5265
211429_s_at,SERPINA1,5265,SERPINA1,5265
220626_at,SERPINA10,51156,SERPINA10,51156
208531_at,SERPINA2,390502,SERPINA2,390502
202376_at,SERPINA3,12,SERPINA3,12
213874_at,SERPINA4,5267,SERPINA4,5267
209443_at,SERPINA5,5104,SERPINA5,5104
206325_at,SERPINA6,866,SERPINA6,866
206386_at,SERPINA7,6906,SERPINA7,6906
212268_at,SERPINB1,1992,SERPINB1,1992
213572_s_at,SERPINB1,1992,SERPINB1,1992
214539_at,SERPINB10,5273,SERPINB10,5273
211361_s_at,SERPINB13,5275,SERPINB13,5275
211362_s_at,SERPINB13,5275,SERPINB13,5275
215817_at,SERPINB13,5275,SERPINB13,5275
216257_at,SERPINB13,5275,SERPINB13,5275
216258_s_at,SERPINB13,5275,SERPINB13,5275
217272_s_at,SERPINB13,5275,SERPINB13,5275
204614_at,SERPINB2,5055,SERPINB2,5055
209719_x_at,SERPINB3,6317,SERPINB3,6317
209720_s_at,SERPINB3,6317,SERPINB3,6317
211906_s_at,SERPINB4,6318,SERPINB4,6318
210413_x_at,SERPINB4///SERPINB3,6318///6317,SERPINB4///SERPINB3,6318///6317
204855_at,SERPINB5,5268,SERPINB5,5268
211474_s_at,SERPINB6,5269,SERPINB6,5269
206421_s_at,SERPINB7,8710,SERPINB7,8710
206034_at,SERPINB8,5271,SERPINB8,5271
209722_s_at,SERPINB9,5272,SERPINB9,5272
209723_at,SERPINB9,5272,SERPINB9,5272
210049_at,SERPINC1,462,SERPINC1,462
205576_at,SERPIND1,3053,SERPIND1,3053
202627_s_at,SERPINE1,5054,SERPINE1,5054
202628_s_at,SERPINE1,5054,SERPINE1,5054
212190_at,SERPINE2,5270,SERPINE2,5270
202283_at,SERPINF1,5176,SERPINF1,5176
205075_at,SERPINF2,5345,SERPINF2,5345
200986_at,SERPING1,710,SERPING1,710
207714_s_at,SERPINH1,871,SERPINH1,871
205352_at,SERPINI1,5274,SERPINI1,5274
207636_at,SERPINI2,5276,SERPINI2,5276
202656_s_at,SERTAD2,9792,SERTAD2,9792
202657_s_at,SERTAD2,9792,SERTAD2,9792
219382_at,SERTAD3,29946,SERTAD3,29946
218346_s_at,SESN1,27244,SESN1,27244
210231_x_at,SET,6418,SET,6418
213048_s_at,SET,6418,SET,6418
205933_at,SETBP1,26040,SETBP1,26040
213202_at,SETD1A,9739,SETD1A,9739
213153_at,SETD1B,23067,SETD1B,23067
212493_s_at,SETD2,29072,SETD2,29072
215038_s_at,SETD2,29072,SETD2,29072
220946_s_at,SETD2,29072,SETD2,29072
212465_at,SETD3,84193,SETD3,84193
213989_x_at,SETD4,54093,SETD4,54093
219482_at,SETD4,54093,SETD4,54093
221806_s_at,SETD5,55209,SETD5,55209
219751_at,SETD6,79918,SETD6,79918
203155_at,SETDB1,9869,SETDB1,9869
214197_s_at,SETDB1,9869,SETDB1,9869
206554_x_at,SETMAR,6419,SETMAR,6419
200630_x_at,SETSIP///SET,646817///6418,SETSIP///SET,646817///6418
200631_s_at,SETSIP///SET,646817///6418,SETSIP///SET,646817///6418
213047_x_at,SETSIP///SET,646817///6418,SETSIP///SET,646817///6418
40189_at,SETSIP///SET,646817///6418,SETSIP///SET,646817///6418
215780_s_at,SETSIP///SETP4///SET,646817///642869///6418,SETSIP///SETP4///SET,646817///642869///6418
201964_at,SETX,23064,SETX,23064
201965_s_at,SETX,23064,SETX,23064
207873_x_at,SEZ6L,23544,SEZ6L,23544
211894_x_at,SEZ6L,23544,SEZ6L,23544
213609_s_at,SEZ6L,23544,SEZ6L,23544
216047_x_at,SEZ6L,23544,SEZ6L,23544
218720_x_at,SEZ6L2,26470,SEZ6L2,26470
208313_s_at,SF1,7536,SF1,7536
210172_at,SF1,7536,SF1,7536
201356_at,SF3A1,10291,SF3A1,10291
201357_s_at,SF3A1,10291,SF3A1,10291
216457_s_at,SF3A1,10291,SF3A1,10291
209381_x_at,SF3A2,8175,SF3A2,8175
37462_i_at,SF3A2,8175,SF3A2,8175
203818_s_at,SF3A3,10946,SF3A3,10946
201070_x_at,SF3B1,23451,SF3B1,23451
201071_x_at,SF3B1,23451,SF3B1,23451
211185_s_at,SF3B1,23451,SF3B1,23451
214305_s_at,SF3B1,23451,SF3B1,23451
200619_at,SF3B2,10992,SF3B2,10992
200687_s_at,SF3B3,23450,SF3B3,23450
200688_at,SF3B3,23450,SF3B3,23450
209044_x_at,SF3B4,10262,SF3B4,10262
221263_s_at,SF3B5,83443,SF3B5,83443
213431_x_at,SFI1,9814,SFI1,9814
214402_s_at,SFI1,9814,SFI1,9814
215699_x_at,SFI1,9814,SFI1,9814
36545_s_at,SFI1,9814,SFI1,9814
213370_s_at,SFMBT1,51460,SFMBT1,51460
209260_at,SFN,2810,SFN,2810
33322_i_at,SFN,2810,SFN,2810
33323_r_at,SFN,2810,SFN,2810
201585_s_at,SFPQ,6421,SFPQ,6421
201586_s_at,SFPQ,6421,SFPQ,6421
214016_s_at,SFPQ,6421,SFPQ,6421
221768_at,SFPQ,6421,SFPQ,6421
202035_s_at,SFRP1,6422,SFRP1,6422
202036_s_at,SFRP1,6422,SFRP1,6422
202037_s_at,SFRP1,6422,SFRP1,6422
204051_s_at,SFRP4,6424,SFRP4,6424
204052_s_at,SFRP4,6424,SFRP4,6424
207468_s_at,SFRP5,6425,SFRP5,6425
202773_s_at,SFSWAP,6433,SFSWAP,6433
202774_s_at,SFSWAP,6433,SFSWAP,6433
202775_s_at,SFSWAP,6433,SFSWAP,6433
214838_at,SFT2D2,375035,SFT2D2,375035
218851_s_at,SFT2D3///WDR33,84826///55339,SFT2D3///WDR33,84826///55339
218835_at,SFTPA2///SFTPA1,729238///653509,SFTPA2///SFTPA1,729238///653509
209810_at,SFTPB,6439,SFTPB,6439
213936_x_at,SFTPB,6439,SFTPB,6439
214354_x_at,SFTPB,6439,SFTPB,6439
37004_at,SFTPB,6439,SFTPB,6439
205982_x_at,SFTPC,6440,SFTPC,6440
211735_x_at,SFTPC,6440,SFTPC,6440
214387_x_at,SFTPC,6440,SFTPC,6440
215454_x_at,SFTPC,6440,SFTPC,6440
38691_s_at,SFTPC,6440,SFTPC,6440
214199_at,SFTPD,6441,SFTPD,6441
218392_x_at,SFXN1,94081,SFXN1,94081
217226_s_at,SFXN3,81855,SFXN3,81855
220974_x_at,SFXN3,81855,SFXN3,81855
210632_s_at,SGCA,6442,SGCA,6442
205120_s_at,SGCB,6443,SGCB,6443
205121_at,SGCB,6443,SGCB,6443
210329_s_at,SGCD,6444,SGCD,6444
210330_at,SGCD,6444,SGCD,6444
213543_at,SGCD,6444,SGCD,6444
214492_at,SGCD,6444,SGCD,6444
204688_at,SGCE,8910,SGCE,8910
207302_at,SGCG,6445,SGCG,6445
221822_at,SGF29,112869,SGF29,112869
48117_at,SGF29,112869,SGF29,112869
201739_at,SGK1,6446,SGK1,6446
220357_s_at,SGK2,10110,SGK2,10110
212989_at,SGMS1,259230,SGMS1,259230
208381_s_at,SGPL1,8879,SGPL1,8879
212321_at,SGPL1,8879,SGPL1,8879
212322_at,SGPL1,8879,SGPL1,8879
221268_s_at,SGPP1,81537,SGPP1,81537
204293_at,SGSH,6448,SGSH,6448
35626_at,SGSH,6448,SGSH,6448
212319_at,SGSM2,9905,SGSM2,9905
217538_at,SGSM2,9905,SGSM2,9905
36129_at,SGSM2,9905,SGSM2,9905
203014_x_at,SGSM3,27352,SGSM3,27352
214779_s_at,SGSM3,27352,SGSM3,27352
215519_x_at,SGSM3,27352,SGSM3,27352
201396_s_at,SGTA,6449,SGTA,6449
209322_s_at,SH2B1,25970,SH2B1,25970
40149_at,SH2B1,25970,SH2B1,25970
205367_at,SH2B2,10603,SH2B2,10603
203320_at,SH2B3,10019,SH2B3,10019
210116_at,SH2D1A,4068,SH2D1A,4068
211209_x_at,SH2D1A,4068,SH2D1A,4068
211210_x_at,SH2D1A,4068,SH2D1A,4068
211211_x_at,SH2D1A,4068,SH2D1A,4068
207351_s_at,SH2D2A,9047,SH2D2A,9047
219513_s_at,SH2D3A,10045,SH2D3A,10045
222169_x_at,SH2D3A,10045,SH2D3A,10045
215639_at,SH2D3C,10044,SH2D3C,10044
219749_at,SH2D4A,63898,SH2D4A,63898
204979_s_at,SH3BGR,6450,SH3BGR,6450
201311_s_at,SH3BGRL,6451,SH3BGRL,6451
201312_s_at,SH3BGRL,6451,SH3BGRL,6451
221269_s_at,SH3BGRL3,83442,SH3BGRL3,83442
213633_at,SH3BP1,23616,SH3BP1,23616
209370_s_at,SH3BP2,6452,SH3BP2,6452
209371_s_at,SH3BP2,6452,SH3BP2,6452
211250_s_at,SH3BP2,6452,SH3BP2,6452
217253_at,SH3BP2,6452,SH3BP2,6452
217257_at,SH3BP2,6452,SH3BP2,6452
222258_s_at,SH3BP4,23677,SH3BP4,23677
201810_s_at,SH3BP5,9467,SH3BP5,9467
201811_x_at,SH3BP5,9467,SH3BP5,9467
220193_at,SH3D21,79729,SH3D21,79729
201851_at,SH3GL1,6455,SH3GL1,6455
205751_at,SH3GL2,6456,SH3GL2,6456
205636_at,SH3GL3,6457,SH3GL3,6457
205637_s_at,SH3GL3,6457,SH3GL3,6457
211565_at,SH3GL3,6457,SH3GL3,6457
209090_s_at,SH3GLB1,51100,SH3GLB1,51100
209091_s_at,SH3GLB1,51100,SH3GLB1,51100
210101_x_at,SH3GLB1,51100,SH3GLB1,51100
218813_s_at,SH3GLB2,56904,SH3GLB2,56904
207661_s_at,SH3PXD2A,9644,SH3PXD2A,9644
213252_at,SH3PXD2A,9644,SH3PXD2A,9644
219256_s_at,SH3TC1,54436,SH3TC1,54436
219710_at,SH3TC2,79628,SH3TC2,79628
204019_s_at,SH3YL1,26751,SH3YL1,26751
220563_s_at,SHANK1,50944,SHANK1,50944
213307_at,SHANK2,22941,SHANK2,22941
213308_at,SHANK2,22941,SHANK2,22941
215829_at,SHANK2,22941,SHANK2,22941
215830_at,SHANK2,22941,SHANK2,22941
220973_s_at,SHARPIN,81858,SHARPIN,81858
204656_at,SHB,6461,SHB,6461
204657_s_at,SHB,6461,SHB,6461
215689_s_at,SHBG,6462,SHBG,6462
201469_s_at,SHC1,6464,SHC1,6464
214853_s_at,SHC1,6464,SHC1,6464
217048_at,SHC1P1,6465,SHC1P1,6465
213464_at,SHC2,25759,SHC2,25759
206330_s_at,SHC3,53358,SHC3,53358
219493_at,SHCBP1,79801,SHCBP1,79801
220996_s_at,SHCBP1L,81626,SHCBP1L,81626
202276_at,SHFM1,7979,SHFM1,7979
207586_at,SHH,6469,SHH,6469
217479_at,SHISA6,388336,SHISA6,388336
217481_x_at,SHISA6,388336,SHISA6,388336
217304_at,SHMT1,6470,SHMT1,6470
214095_at,SHMT2,6472,SHMT2,6472
214096_s_at,SHMT2,6472,SHMT2,6472
214437_s_at,SHMT2,6472,SHMT2,6472
202777_at,SHOC2,8036,SHOC2,8036
207570_at,SHOX,6473,SHOX,6473
208443_x_at,SHOX2,6474,SHOX2,6474
210134_x_at,SHOX2,6474,SHOX2,6474
210135_s_at,SHOX2,6474,SHOX2,6474
219713_at,SHPK,23729,SHPK,23729
219632_s_at,SHPK///TRPV1,23729///7442,SHPK///TRPV1,23729///7442
219712_s_at,SHPK///TRPV1,23729///7442,SHPK///TRPV1,23729///7442
219083_at,SHQ1,55164,SHQ1,55164
63009_at,SHQ1,55164,SHQ1,55164
204967_at,SHROOM2,357,SHROOM2,357
221802_s_at,SHTN1,57698,SHTN1,57698
206664_at,SI,6476,SI,6476
202980_s_at,SIAH1,6477,SIAH1,6477
202981_x_at,SIAH1,6477,SIAH1,6477
209339_at,SIAH2,6478,SIAH2,6478
219734_at,SIDT1,54847,SIDT1,54847
218765_at,SIDT2,51092,SIDT2,51092
56256_at,SIDT2,51092,SIDT2,51092
218921_at,SIGIRR,59307,SIGIRR,59307
52940_at,SIGIRR,59307,SIGIRR,59307
219519_s_at,SIGLEC1,6614,SIGLEC1,6614
44673_at,SIGLEC1,6614,SIGLEC1,6614
215856_at,SIGLEC15,284266,SIGLEC15,284266
220000_at,SIGLEC5,8778,SIGLEC5,8778
206519_x_at,SIGLEC6,946,SIGLEC6,946
206520_x_at,SIGLEC6,946,SIGLEC6,946
210796_x_at,SIGLEC6,946,SIGLEC6,946
207224_s_at,SIGLEC7,27036,SIGLEC7,27036
216537_s_at,SIGLEC7,27036,SIGLEC7,27036
217159_x_at,SIGLEC7,27036,SIGLEC7,27036
208253_at,SIGLEC8,27181,SIGLEC8,27181
216327_s_at,SIGLEC8,27181,SIGLEC8,27181
216328_at,SIGLEC8,27181,SIGLEC8,27181
210569_s_at,SIGLEC9,27180,SIGLEC9,27180
201692_at,SIGMAR1,10280,SIGMAR1,10280
214484_s_at,SIGMAR1,10280,SIGMAR1,10280
208078_s_at,SIK1,150094,SIK1,150094
213221_s_at,SIK2,23235,SIK2,23235
215752_at,SIK2,23235,SIK2,23235
204155_s_at,SIK3,23387,SIK3,23387
204156_at,SIK3,23387,SIK3,23387
204157_s_at,SIK3,23387,SIK3,23387
213034_at,SIK3,23387,SIK3,23387
204665_at,SIKE1,80143,SIKE1,80143
204666_s_at,SIKE1,80143,SIKE1,80143
221705_s_at,SIKE1,80143,SIKE1,80143
218436_at,SIL1,64374,SIL1,64374
206876_at,SIM1,6492,SIM1,6492
206558_at,SIM2,6493,SIM2,6493
208157_at,SIM2,6493,SIM2,6493
209352_s_at,SIN3B,23309,SIN3B,23309
39705_at,SIN3B,23309,SIN3B,23309
204164_at,SIPA1,6494,SIPA1,6494
202254_at,SIPA1L1,26037,SIPA1L1,26037
202255_s_at,SIPA1L1,26037,SIPA1L1,26037
213600_at,SIPA1L3,23094,SIPA1L3,23094
37831_at,SIPA1L3,23094,SIPA1L3,23094
202895_s_at,SIRPA,140885,SIRPA,140885
202896_s_at,SIRPA,140885,SIRPA,140885
202897_at,SIRPA,140885,SIRPA,140885
206934_at,SIRPB1,10326,SIRPB1,10326
217240_at,SIRPB1,10326,SIRPB1,10326
220485_s_at,SIRPG,55423,SIRPG,55423
218878_s_at,SIRT1,23411,SIRT1,23411
220605_s_at,SIRT2,22933,SIRT2,22933
221562_s_at,SIRT3,23410,SIRT3,23410
221913_at,SIRT3,23410,SIRT3,23410
49327_at,SIRT3,23410,SIRT3,23410
220047_at,SIRT4,23409,SIRT4,23409
222248_s_at,SIRT4,23409,SIRT4,23409
219185_at,SIRT5,23408,SIRT5,23408
221010_s_at,SIRT5,23408,SIRT5,23408
222080_s_at,SIRT5,23408,SIRT5,23408
222081_at,SIRT5,23408,SIRT5,23408
219613_s_at,SIRT6,51548,SIRT6,51548
218797_s_at,SIRT7,51547,SIRT7,51547
205484_at,SIT1,27240,SIT1,27240
203489_at,SIVA1,10572,SIVA1,10572
210792_x_at,SIVA1,10572,SIVA1,10572
222030_at,SIVA1,10572,SIVA1,10572
205817_at,SIX1,6495,SIX1,6495
206510_at,SIX2,10736,SIX2,10736
206511_s_at,SIX2,10736,SIX2,10736
206634_at,SIX3,6496,SIX3,6496
217661_x_at,SIX5,147912,SIX5,147912
207250_at,SIX6,4990,SIX6,4990
217640_x_at,SKA1,220134,SKA1,220134
205790_at,SKAP1,8631,SKAP1,8631
204361_s_at,SKAP2,8935,SKAP2,8935
204362_at,SKAP2,8935,SKAP2,8935
216899_s_at,SKAP2,8935,SKAP2,8935
217035_at,SKAP2,8935,SKAP2,8935
216706_x_at,SKAP2///IGHG1,8935///3500,SKAP2///IGHG1,8935///3500
204270_at,SKI,6497,SKI,6497
213755_s_at,SKI,6497,SKI,6497
206675_s_at,SKIL,6498,SKIL,6498
215889_at,SKIL,6498,SKIL,6498
217591_at,SKIL,6498,SKIL,6498
203727_at,SKIV2L,6499,SKIV2L,6499
212896_at,SKIV2L2,23517,SKIV2L2,23517
200711_s_at,SKP1,6500,SKP1,6500
200718_s_at,SKP1,6500,SKP1,6500
200719_at,SKP1,6500,SKP1,6500
207974_s_at,SKP1,6500,SKP1,6500
203625_x_at,SKP2,6502,SKP2,6502
203626_s_at,SKP2,6502,SKP2,6502
210567_s_at,SKP2,6502,SKP2,6502
203760_s_at,SLA,6503,SLA,6503
203761_at,SLA,6503,SLA,6503
206181_at,SLAMF1,6504,SLAMF1,6504
219159_s_at,SLAMF7,57823,SLAMF7,57823
219385_at,SLAMF8,56833,SLAMF8,56833
219386_s_at,SLAMF8,56833,SLAMF8,56833
206052_s_at,SLBP,7884,SLBP,7884
207185_at,SLC10A1,6554,SLC10A1,6554
207095_at,SLC10A2,6555,SLC10A2,6555
204928_s_at,SLC10A3,8273,SLC10A3,8273
210422_x_at,SLC11A1,6556,SLC11A1,6556
210423_s_at,SLC11A1,6556,SLC11A1,6556
217473_x_at,SLC11A1,6556,SLC11A1,6556
217507_at,SLC11A1,6556,SLC11A1,6556
203123_s_at,SLC11A2,4891,SLC11A2,4891
203124_s_at,SLC11A2,4891,SLC11A2,4891
203125_x_at,SLC11A2,4891,SLC11A2,4891
210047_at,SLC11A2,4891,SLC11A2,4891
220281_at,SLC12A1,6557,SLC12A1,6557
204404_at,SLC12A2,6558,SLC12A2,6558
208354_s_at,SLC12A3,6559,SLC12A3,6559
215274_at,SLC12A3,6559,SLC12A3,6559
209400_at,SLC12A4,6560,SLC12A4,6560
209401_s_at,SLC12A4,6560,SLC12A4,6560
209402_s_at,SLC12A4,6560,SLC12A4,6560
211112_at,SLC12A4,6560,SLC12A4,6560
210040_at,SLC12A5,57468,SLC12A5,57468
220740_s_at,SLC12A6,9990,SLC12A6,9990
218066_at,SLC12A7,10723,SLC12A7,10723
219874_at,SLC12A8,84561,SLC12A8,84561
220371_s_at,SLC12A9,56996,SLC12A9,56996
220502_s_at,SLC13A1,6561,SLC13A1,6561
220503_at,SLC13A1,6561,SLC13A1,6561
207567_at,SLC13A2,9058,SLC13A2,9058
205243_at,SLC13A3,64849,SLC13A3,64849
205244_s_at,SLC13A3,64849,SLC13A3,64849
219824_at,SLC13A4,26266,SLC13A4,26266
205856_at,SLC14A1,6563,SLC14A1,6563
207254_at,SLC15A1,6564,SLC15A1,6564
211349_at,SLC15A1,6564,SLC15A1,6564
205316_at,SLC15A2,6565,SLC15A2,6565
205317_s_at,SLC15A2,6565,SLC15A2,6565
219593_at,SLC15A3,51296,SLC15A3,51296
202234_s_at,SLC16A1,6566,SLC16A1,6566
202235_at,SLC16A1,6566,SLC16A1,6566
202236_s_at,SLC16A1,6566,SLC16A1,6566
209900_s_at,SLC16A1,6566,SLC16A1,6566
219915_s_at,SLC16A10,117247,SLC16A10,117247
204462_s_at,SLC16A2,6567,SLC16A2,6567
205234_at,SLC16A4,9122,SLC16A4,9122
206599_at,SLC16A5,9121,SLC16A5,9121
206600_s_at,SLC16A5,9121,SLC16A5,9121
213590_at,SLC16A5,9121,SLC16A5,9121
207038_at,SLC16A6,9120,SLC16A6,9120
207057_at,SLC16A7,9194,SLC16A7,9194
210807_s_at,SLC16A7,9194,SLC16A7,9194
220455_at,SLC16A8,23539,SLC16A8,23539
206872_at,SLC17A1,6568,SLC17A1,6568
207097_s_at,SLC17A2,10246,SLC17A2,10246
207298_at,SLC17A3,10786,SLC17A3,10786
207051_at,SLC17A4,10050,SLC17A4,10050
221041_s_at,SLC17A5,26503,SLC17A5,26503
220551_at,SLC17A6,57084,SLC17A6,57084
204229_at,SLC17A7,57030,SLC17A7,57030
204230_s_at,SLC17A7,57030,SLC17A7,57030
219559_at,SLC17A9,63910,SLC17A9,63910
207074_s_at,SLC18A1,6570,SLC18A1,6570
205857_at,SLC18A2,6571,SLC18A2,6571
207150_at,SLC18A3,6572,SLC18A3,6572
209775_x_at,SLC19A1,6573,SLC19A1,6573
209776_s_at,SLC19A1,6573,SLC19A1,6573
209777_s_at,SLC19A1,6573,SLC19A1,6573
211576_s_at,SLC19A1,6573,SLC19A1,6573
209681_at,SLC19A2,10560,SLC19A2,10560
220736_at,SLC19A3,80704,SLC19A3,80704
206396_at,SLC1A1,6505,SLC1A1,6505
213664_at,SLC1A1,6505,SLC1A1,6505
208389_s_at,SLC1A2,6506,SLC1A2,6506
217037_at,SLC1A2,6506,SLC1A2,6506
217055_x_at,SLC1A2,6506,SLC1A2,6506
202800_at,SLC1A3,6507,SLC1A3,6507
209610_s_at,SLC1A4,6509,SLC1A4,6509
209611_s_at,SLC1A4,6509,SLC1A4,6509
212810_s_at,SLC1A4,6509,SLC1A4,6509
212811_x_at,SLC1A4,6509,SLC1A4,6509
208916_at,SLC1A5,6510,SLC1A5,6510
206882_at,SLC1A6,6511,SLC1A6,6511
207355_at,SLC1A7,6512,SLC1A7,6512
210923_at,SLC1A7,6512,SLC1A7,6512
201920_at,SLC20A1,6574,SLC20A1,6574
202744_at,SLC20A2,6575,SLC20A2,6575
207201_s_at,SLC22A1,6580,SLC22A1,6580
220100_at,SLC22A11,55867,SLC22A11,55867
207444_at,SLC22A13,9390,SLC22A13,9390
207408_at,SLC22A14,9389,SLC22A14,9389
218675_at,SLC22A17,51310,SLC22A17,51310
221106_at,SLC22A17,51310,SLC22A17,51310
204981_at,SLC22A18,5002,SLC22A18,5002
206097_at,SLC22A18AS,5003,SLC22A18AS,5003
207429_at,SLC22A2,6582,SLC22A2,6582
205421_at,SLC22A3,6581,SLC22A3,6581
205896_at,SLC22A4,6583,SLC22A4,6583
205074_at,SLC22A5,6584,SLC22A5,6584
210343_s_at,SLC22A6,9356,SLC22A6,9356
216599_x_at,SLC22A6,9356,SLC22A6,9356
220554_at,SLC22A7,10864,SLC22A7,10864
221661_at,SLC22A7,10864,SLC22A7,10864
221662_s_at,SLC22A7,10864,SLC22A7,10864
221298_s_at,SLC22A8,9376,SLC22A8,9376
209236_at,SLC23A2,9962,SLC23A2,9962
209237_s_at,SLC23A2,9962,SLC23A2,9962
211572_s_at,SLC23A2,9962,SLC23A2,9962
219418_at,SLC23A3///NHEJ1,151295///79840,SLC23A3///NHEJ1,151295///79840
206081_at,SLC24A1,9187,SLC24A1,9187
210420_at,SLC24A1,9187,SLC24A1,9187
210421_s_at,SLC24A1,9187,SLC24A1,9187
211842_s_at,SLC24A1,9187,SLC24A1,9187
220867_s_at,SLC24A2,25769,SLC24A2,25769
219090_at,SLC24A3,57419,SLC24A3,57419
57588_at,SLC24A3,57419,SLC24A3,57419
210010_s_at,SLC25A1,6576,SLC25A1,6576
218275_at,SLC25A10,1468,SLC25A10,1468
207088_s_at,SLC25A11,8402,SLC25A11,8402
209003_at,SLC25A11,8402,SLC25A11,8402
203339_at,SLC25A12,8604,SLC25A12,8604
203340_s_at,SLC25A12,8604,SLC25A12,8604
203775_at,SLC25A13,10165,SLC25A13,10165
204587_at,SLC25A14,9016,SLC25A14,9016
211855_s_at,SLC25A14,9016,SLC25A14,9016
218653_at,SLC25A15,10166,SLC25A15,10166
209910_at,SLC25A16,8034,SLC25A16,8034
210686_x_at,SLC25A16,8034,SLC25A16,8034
214140_at,SLC25A16,8034,SLC25A16,8034
211754_s_at,SLC25A17,10478,SLC25A17,10478
214210_at,SLC25A17,10478,SLC25A17,10478
203658_at,SLC25A20,788,SLC25A20,788
220474_at,SLC25A21,89874,SLC25A21,89874
218725_at,SLC25A22,79751,SLC25A22,79751
220182_at,SLC25A23,79085,SLC25A23,79085
204342_at,SLC25A24,29957,SLC25A24,29957
221432_s_at,SLC25A28,81894,SLC25A28,81894
200030_s_at,SLC25A3,5250,SLC25A3,5250
216712_at,SLC25A30,253512,SLC25A30,253512
216721_at,SLC25A30,253512,SLC25A30,253512
221037_s_at,SLC25A31,83447,SLC25A31,83447
221020_s_at,SLC25A32,81034,SLC25A32,81034
201917_s_at,SLC25A36,55186,SLC25A36,55186
201918_at,SLC25A36,55186,SLC25A36,55186
201919_at,SLC25A36,55186,SLC25A36,55186
218136_s_at,SLC25A37,51312,SLC25A37,51312
218978_s_at,SLC25A37,51312,SLC25A37,51312
221920_s_at,SLC25A37,51312,SLC25A37,51312
217961_at,SLC25A38,54977,SLC25A38,54977
202825_at,SLC25A4,291,SLC25A4,291
214821_at,SLC25A4,291,SLC25A4,291
205716_at,SLC25A40,55972,SLC25A40,55972
214029_at,SLC25A42,284439,SLC25A42,284439
212683_at,SLC25A44,9673,SLC25A44,9673
32091_at,SLC25A44,9673,SLC25A44,9673
212833_at,SLC25A46,91137,SLC25A46,91137
200657_at,SLC25A5,292,SLC25A5,292
212085_at,SLC25A6,293,SLC25A6,293
212826_s_at,SLC25A6,293,SLC25A6,293
205058_at,SLC26A1,10861,SLC26A1,10861
220733_at,SLC26A1,10861,SLC26A1,10861
214951_at,SLC26A10,65012,SLC26A10,65012
205097_at,SLC26A2,1836,SLC26A2,1836
206143_at,SLC26A3,1811,SLC26A3,1811
215657_at,SLC26A3,1811,SLC26A3,1811
206529_x_at,SLC26A4,5172,SLC26A4,5172
205768_s_at,SLC27A2,11001,SLC27A2,11001
205769_at,SLC27A2,11001,SLC27A2,11001
222217_s_at,SLC27A3,11000,SLC27A3,11000
219733_s_at,SLC27A5,10998,SLC27A5,10998
219932_at,SLC27A6,28965,SLC27A6,28965
207560_at,SLC28A1,9154,SLC28A1,9154
207249_s_at,SLC28A2,9153,SLC28A2,9153
216432_at,SLC28A2,9153,SLC28A2,9153
220475_at,SLC28A3,64078,SLC28A3,64078
201801_s_at,SLC29A1,2030,SLC29A1,2030
201802_at,SLC29A1,2030,SLC29A1,2030
204717_s_at,SLC29A2,3177,SLC29A2,3177
219344_at,SLC29A3,55315,SLC29A3,55315
201249_at,SLC2A1,6513,SLC2A1,6513
201250_s_at,SLC2A1,6513,SLC2A1,6513
221024_s_at,SLC2A10,81031,SLC2A10,81031
221262_s_at,SLC2A11,66035,SLC2A11,66035
216236_s_at,SLC2A14///SLC2A3,144195///6515,SLC2A14///SLC2A3,144195///6515
222088_s_at,SLC2A14///SLC2A3,144195///6515,SLC2A14///SLC2A3,144195///6515
206535_at,SLC2A2,6514,SLC2A2,6514
202497_x_at,SLC2A3,6515,SLC2A3,6515
202498_s_at,SLC2A3,6515,SLC2A3,6515
202499_s_at,SLC2A3,6515,SLC2A3,6515
206603_at,SLC2A4,6517,SLC2A4,6517
218494_s_at,SLC2A4RG,56731,SLC2A4RG,56731
204429_s_at,SLC2A5,6518,SLC2A5,6518
204430_s_at,SLC2A5,6518,SLC2A5,6518
220091_at,SLC2A6,11182,SLC2A6,11182
218985_at,SLC2A8,29988,SLC2A8,29988
219991_at,SLC2A9,56606,SLC2A9,56606
212907_at,SLC30A1,7779,SLC30A1,7779
220435_at,SLC30A10,55532,SLC30A10,55532
207035_at,SLC30A3,7781,SLC30A3,7781
207362_at,SLC30A4,7782,SLC30A4,7782
218989_x_at,SLC30A5,64924,SLC30A5,64924
220181_x_at,SLC30A5,64924,SLC30A5,64924
220814_at,SLC30A6,55676,SLC30A6,55676
202614_at,SLC30A9,10463,SLC30A9,10463
203971_at,SLC31A1,1317,SLC31A1,1317
204204_at,SLC31A2,1318,SLC31A2,1318
203164_at,SLC33A1,9197,SLC33A1,9197
203165_s_at,SLC33A1,9197,SLC33A1,9197
208177_at,SLC34A1,6569,SLC34A1,6569
217530_at,SLC34A1,6569,SLC34A1,6569
204124_at,SLC34A2,10568,SLC34A2,10568
203306_s_at,SLC35A1,10559,SLC35A1,10559
207439_s_at,SLC35A2,7355,SLC35A2,7355
207440_at,SLC35A2,7355,SLC35A2,7355
209326_at,SLC35A2,7355,SLC35A2,7355
206770_s_at,SLC35A3,23443,SLC35A3,23443
209865_at,SLC35A3,23443,SLC35A3,23443
218519_at,SLC35A5,55032,SLC35A5,55032
202433_at,SLC35B1,10237,SLC35B1,10237
218485_s_at,SLC35C1,55343,SLC35C1,55343
219447_s_at,SLC35C2,51006,SLC35C2,51006
209711_at,SLC35D1,23169,SLC35D1,23169
209712_at,SLC35D1,23169,SLC35D1,23169
209713_s_at,SLC35D1,23169,SLC35D1,23169
213082_s_at,SLC35D2,11046,SLC35D2,11046
213083_at,SLC35D2,11046,SLC35D2,11046
220796_x_at,SLC35E1,79939,SLC35E1,79939
222263_at,SLC35E1,79939,SLC35E1,79939
79005_at,SLC35E1,79939,SLC35E1,79939
215169_at,SLC35E2B///SLC35E2,728661///9906,SLC35E2B///SLC35E2,728661///9906
217122_s_at,SLC35E2B///SLC35E2,728661///9906,SLC35E2B///SLC35E2,728661///9906
218988_at,SLC35E3,55508,SLC35E3,55508
220396_at,SLC35E3,55508,SLC35E3,55508
218826_at,SLC35F2,54733,SLC35F2,54733
220123_at,SLC35F5,80255,SLC35F5,80255
219783_at,SLC35F6,54978,SLC35F6,54978
204962_s_at,SLC35F6///CENPA,54978///1058,SLC35F6///CENPA,54978///1058
219569_s_at,SLC35G2,80723,SLC35G2,80723
213119_at,SLC36A1,206358,SLC36A1,206358
218928_s_at,SLC37A1,54020,SLC37A1,54020
202830_s_at,SLC37A4,2542,SLC37A4,2542
217289_s_at,SLC37A4,2542,SLC37A4,2542
218237_s_at,SLC38A1,81539,SLC38A1,81539
212890_at,SLC38A10,124565,SLC38A10,124565
218041_x_at,SLC38A2,54407,SLC38A2,54407
220924_s_at,SLC38A2,54407,SLC38A2,54407
205972_at,SLC38A3,10991,SLC38A3,10991
220786_s_at,SLC38A4,55089,SLC38A4,55089
214830_at,SLC38A6,145389,SLC38A6,145389
218727_at,SLC38A7,55238,SLC38A7,55238
222215_at,SLC38A7,55238,SLC38A7,55238
56821_at,SLC38A7,55238,SLC38A7,55238
217778_at,SLC39A1,27173,SLC39A1,27173
212110_at,SLC39A14,23516,SLC39A14,23516
220413_at,SLC39A2,29986,SLC39A2,29986
219215_s_at,SLC39A4,55630,SLC39A4,55630
202088_at,SLC39A6,25800,SLC39A6,25800
202089_s_at,SLC39A6,25800,SLC39A6,25800
202667_s_at,SLC39A7,7922,SLC39A7,7922
209266_s_at,SLC39A8,64116,SLC39A8,64116
209267_s_at,SLC39A8,64116,SLC39A8,64116
216504_s_at,SLC39A8,64116,SLC39A8,64116
219869_s_at,SLC39A8,64116,SLC39A8,64116
216009_at,SLC39A9,55334,SLC39A9,55334
216011_at,SLC39A9,55334,SLC39A9,55334
217859_s_at,SLC39A9,55334,SLC39A9,55334
205799_s_at,SLC3A1,6519,SLC3A1,6519
205800_at,SLC3A1,6519,SLC3A1,6519
200924_s_at,SLC3A2,6520,SLC3A2,6520
219175_s_at,SLC41A3,54946,SLC41A3,54946
204394_at,SLC43A1,8501,SLC43A1,8501
210692_s_at,SLC43A3,29015,SLC43A3,29015
213113_s_at,SLC43A3,29015,SLC43A3,29015
222364_at,SLC44A1,23446,SLC44A1,23446
205597_at,SLC44A4,80736,SLC44A4,80736
220245_at,SLC45A2,51151,SLC45A2,51151
221644_s_at,SLC45A2,51151,SLC45A2,51151
214719_at,SLC46A3,283537,SLC46A3,283537
219525_at,SLC47A1,55244,SLC47A1,55244
218416_s_at,SLC48A1,55652,SLC48A1,55652
218417_s_at,SLC48A1,55652,SLC48A1,55652
48106_at,SLC48A1,55652,SLC48A1,55652
205592_at,SLC4A1,6521,SLC4A1,6521
206830_at,SLC4A10,57282,SLC4A10,57282
218682_s_at,SLC4A1AP,22950,SLC4A1AP,22950
202111_at,SLC4A2,6522,SLC4A2,6522
205918_at,SLC4A3,6508,SLC4A3,6508
203908_at,SLC4A4,8671,SLC4A4,8671
210738_s_at,SLC4A4,8671,SLC4A4,8671
210739_x_at,SLC4A4,8671,SLC4A4,8671
211494_s_at,SLC4A4,8671,SLC4A4,8671
204296_at,SLC4A5,57835,SLC4A5,57835
221723_s_at,SLC4A5,57835,SLC4A5,57835
201082_s_at,SLC4A5///DCTN1,57835///1639,SLC4A5///DCTN1,57835///1639
207603_at,SLC4A7,9497,SLC4A7,9497
207604_s_at,SLC4A7,9497,SLC4A7,9497
209884_s_at,SLC4A7,9497,SLC4A7,9497
210286_s_at,SLC4A7,9497,SLC4A7,9497
207056_s_at,SLC4A8,9498,SLC4A8,9498
219125_s_at,SLC50A1,55974,SLC50A1,55974
220756_s_at,SLC52A1,55065,SLC52A1,55065
218151_x_at,SLC52A2,79581,SLC52A2,79581
222155_s_at,SLC52A2,79581,SLC52A2,79581
206628_at,SLC5A1,6523,SLC5A1,6523
214389_at,SLC5A12,159963,SLC5A12,159963
207771_at,SLC5A2,6524,SLC5A2,6524
212944_at,SLC5A3,6526,SLC5A3,6526
213164_at,SLC5A3,6526,SLC5A3,6526
213167_s_at,SLC5A3,6526,SLC5A3,6526
215960_at,SLC5A4,6527,SLC5A4,6527
211123_at,SLC5A5,6528,SLC5A5,6528
204087_s_at,SLC5A6,8884,SLC5A6,8884
220722_s_at,SLC5A7,60482,SLC5A7,60482
205152_at,SLC6A1,6529,SLC6A1,6529
215812_s_at,SLC6A10PB///SLC6A10P///SLC6A8,653562///386757///6535,SLC6A10PB///SLC6A10P///SLC6A8,653562///386757///6535
207048_at,SLC6A11,6538,SLC6A11,6538
206058_at,SLC6A12,6539,SLC6A12,6539
207184_at,SLC6A13,6540,SLC6A13,6540
219795_at,SLC6A14,11254,SLC6A14,11254
206376_at,SLC6A15,55117,SLC6A15,55117
219820_at,SLC6A16,28968,SLC6A16,28968
210353_s_at,SLC6A2,6530,SLC6A2,6530
215715_at,SLC6A2,6530,SLC6A2,6530
216610_at,SLC6A2,6530,SLC6A2,6530
216611_s_at,SLC6A2,6530,SLC6A2,6530
217213_at,SLC6A2,6530,SLC6A2,6530
217214_s_at,SLC6A2,6530,SLC6A2,6530
217621_at,SLC6A2,6530,SLC6A2,6530
219614_s_at,SLC6A20,54716,SLC6A20,54716
206836_at,SLC6A3,6531,SLC6A3,6531
207519_at,SLC6A4,6532,SLC6A4,6532
210810_s_at,SLC6A5,9152,SLC6A5,9152
205920_at,SLC6A6,6533,SLC6A6,6533
205921_s_at,SLC6A6,6533,SLC6A6,6533
211030_s_at,SLC6A6,6533,SLC6A6,6533
208494_at,SLC6A7,6534,SLC6A7,6534
202219_at,SLC6A8,6535,SLC6A8,6535
210854_x_at,SLC6A8,6535,SLC6A8,6535
213843_x_at,SLC6A8,6535,SLC6A8,6535
207043_s_at,SLC6A9,6536,SLC6A9,6536
206566_at,SLC7A1,6541,SLC7A1,6541
212290_at,SLC7A1,6541,SLC7A1,6541
212292_at,SLC7A1,6541,SLC7A1,6541
212295_s_at,SLC7A1,6541,SLC7A1,6541
215979_s_at,SLC7A1,6541,SLC7A1,6541
220868_s_at,SLC7A10,56301,SLC7A10,56301
207528_s_at,SLC7A11,23657,SLC7A11,23657
209921_at,SLC7A11,23657,SLC7A11,23657
217678_at,SLC7A11,23657,SLC7A11,23657
207626_s_at,SLC7A2,6542,SLC7A2,6542
205864_at,SLC7A4,6545,SLC7A4,6545
214406_s_at,SLC7A4,6545,SLC7A4,6545
201195_s_at,SLC7A5,8140,SLC7A5,8140
203578_s_at,SLC7A6,9057,SLC7A6,9057
203579_s_at,SLC7A6,9057,SLC7A6,9057
203580_s_at,SLC7A6,9057,SLC7A6,9057
204588_s_at,SLC7A7,9056,SLC7A7,9056
202752_x_at,SLC7A8,23428,SLC7A8,23428
216092_s_at,SLC7A8,23428,SLC7A8,23428
216603_at,SLC7A8,23428,SLC7A8,23428
216604_s_at,SLC7A8,23428,SLC7A8,23428
217248_s_at,SLC7A8,23428,SLC7A8,23428
220135_s_at,SLC7A9,11136,SLC7A9,11136
207053_at,SLC8A1,6546,SLC8A1,6546
210804_x_at,SLC8A1,6546,SLC8A1,6546
211805_s_at,SLC8A1,6546,SLC8A1,6546
215267_s_at,SLC8A2,6543,SLC8A2,6543
218749_s_at,SLC8B1,80024,SLC8B1,80024
209453_at,SLC9A1,6548,SLC9A1,6548
208039_at,SLC9A2,6549,SLC9A2,6549
211116_at,SLC9A2,6549,SLC9A2,6549
207212_at,SLC9A3,6550,SLC9A3,6550
201349_at,SLC9A3R1,9368,SLC9A3R1,9368
209830_s_at,SLC9A3R2,9351,SLC9A3R2,9351
220650_s_at,SLC9A5,6553,SLC9A5,6553
203909_at,SLC9A6,10479,SLC9A6,10479
214860_at,SLC9A7,84679,SLC9A7,84679
212947_at,SLC9A8,23315,SLC9A8,23315
207308_at,SLCO1A2,6579,SLCO1A2,6579
211480_s_at,SLCO1A2,6579,SLCO1A2,6579
211481_at,SLCO1A2,6579,SLCO1A2,6579
210366_at,SLCO1B1,10599,SLCO1B1,10599
206354_at,SLCO1B3,28234,SLCO1B3,28234
220460_at,SLCO1C1,53919,SLCO1C1,53919
204368_at,SLCO2A1,6578,SLCO2A1,6578
203472_s_at,SLCO2B1,11309,SLCO2B1,11309
203473_at,SLCO2B1,11309,SLCO2B1,11309
211557_x_at,SLCO2B1,11309,SLCO2B1,11309
210542_s_at,SLCO3A1,28232,SLCO3A1,28232
219229_at,SLCO3A1,28232,SLCO3A1,28232
219911_s_at,SLCO4A1,28231,SLCO4A1,28231
207596_at,SLCO4C1,353189,SLCO4C1,353189
222071_s_at,SLCO4C1,353189,SLCO4C1,353189
220984_s_at,SLCO5A1,81796,SLCO5A1,81796
203481_at,SLF2,55719,SLF2,55719
203482_at,SLF2,55719,SLF2,55719
219885_at,SLFN12,55106,SLFN12,55106
221434_s_at,SLIRP,81892,SLIRP,81892
208221_s_at,SLIT1,6585,SLIT1,6585
213601_at,SLIT1,6585,SLIT1,6585
209897_s_at,SLIT2,9353,SLIT2,9353
203812_at,SLIT3,6586,SLIT3,6586
203813_s_at,SLIT3,6586,SLIT3,6586
216216_at,SLIT3,6586,SLIT3,6586
206732_at,SLITRK3,22865,SLITRK3,22865
214930_at,SLITRK5,26050,SLITRK5,26050
215469_at,SLITRK5,26050,SLITRK5,26050
206874_s_at,SLK,9748,SLK,9748
206875_s_at,SLK,9748,SLK,9748
205374_at,SLN,6588,SLN,6588
203021_at,SLPI,6590,SLPI,6590
217828_at,SLTM,79811,SLTM,79811
214536_at,SLURP1,57152,SLURP1,57152
222094_at,SLX1A-SULT1A3///SLX1A///SULT1A4///SLX1B///SULT1A3,100526830///548593///445329///79008///6818,SLX1A-SULT1A3///SLX1A///SULT1A4///SLX1B///SULT1A3,100526830///548593///445329///79008///6818
218317_x_at,SLX1A///SLX1B,548593///79008,SLX1A///SLX1B,548593///79008
209607_x_at,SLX1B-SULT1A4///SLX1A-SULT1A3///SULT1A4///SULT1A3,100526831///100526830///445329///6818,SLX1B-SULT1A4///SLX1A-SULT1A3///SULT1A4///SULT1A3,100526831///100526830///445329///6818
210580_x_at,SLX1B-SULT1A4///SLX1A-SULT1A3///SULT1A4///SULT1A3,100526831///100526830///445329///6818,SLX1B-SULT1A4///SLX1A-SULT1A3///SULT1A4///SULT1A3,100526831///100526830///445329///6818
206565_x_at,SMA4,11039,SMA4,11039
214850_at,SMA4,11039,SMA4,11039
208015_at,SMAD1,4086,SMAD1,4086
210993_s_at,SMAD1,4086,SMAD1,4086
203075_at,SMAD2,4087,SMAD2,4087
203076_s_at,SMAD2,4087,SMAD2,4087
203077_s_at,SMAD2,4087,SMAD2,4087
205396_at,SMAD3,4088,SMAD3,4088
205397_x_at,SMAD3,4088,SMAD3,4088
205398_s_at,SMAD3,4088,SMAD3,4088
218284_at,SMAD3,4088,SMAD3,4088
202526_at,SMAD4,4089,SMAD4,4089
202527_s_at,SMAD4,4089,SMAD4,4089
205187_at,SMAD5,4090,SMAD5,4090
205188_s_at,SMAD5,4090,SMAD5,4090
220263_at,SMAD5-AS1,9597,SMAD5-AS1,9597
207069_s_at,SMAD6,4091,SMAD6,4091
209886_s_at,SMAD6,4091,SMAD6,4091
209887_at,SMAD6,4091,SMAD6,4091
213565_s_at,SMAD6,4091,SMAD6,4091
204790_at,SMAD7,4092,SMAD7,4092
206320_s_at,SMAD9,4093,SMAD9,4093
209679_s_at,SMAGP,57228,SMAGP,57228
218137_s_at,SMAP1,60682,SMAP1,60682
203873_at,SMARCA1,6594,SMARCA1,6594
203874_s_at,SMARCA1,6594,SMARCA1,6594
203875_at,SMARCA1,6594,SMARCA1,6594
215294_s_at,SMARCA1,6594,SMARCA1,6594
206542_s_at,SMARCA2,6595,SMARCA2,6595
206543_at,SMARCA2,6595,SMARCA2,6595
206544_x_at,SMARCA2,6595,SMARCA2,6595
212257_s_at,SMARCA2,6595,SMARCA2,6595
212258_s_at,SMARCA2,6595,SMARCA2,6595
217707_x_at,SMARCA2,6595,SMARCA2,6595
208793_x_at,SMARCA4,6597,SMARCA4,6597
208794_s_at,SMARCA4,6597,SMARCA4,6597
212520_s_at,SMARCA4,6597,SMARCA4,6597
213719_s_at,SMARCA4,6597,SMARCA4,6597
213720_s_at,SMARCA4,6597,SMARCA4,6597
214360_at,SMARCA4,6597,SMARCA4,6597
214728_x_at,SMARCA4,6597,SMARCA4,6597
215714_s_at,SMARCA4,6597,SMARCA4,6597
202303_x_at,SMARCA5,8467,SMARCA5,8467
213251_at,SMARCA5,8467,SMARCA5,8467
213859_x_at,SMARCA5,8467,SMARCA5,8467
218452_at,SMARCAL1,50485,SMARCAL1,50485
206532_at,SMARCB1,6598,SMARCB1,6598
212167_s_at,SMARCB1,6598,SMARCB1,6598
201072_s_at,SMARCC1,6599,SMARCC1,6599
201073_s_at,SMARCC1,6599,SMARCC1,6599
201074_at,SMARCC1,6599,SMARCC1,6599
201075_s_at,SMARCC1,6599,SMARCC1,6599
201320_at,SMARCC2,6601,SMARCC2,6601
201321_s_at,SMARCC2,6601,SMARCC2,6601
203183_s_at,SMARCD1,6602,SMARCD1,6602
209518_at,SMARCD1,6602,SMARCD1,6602
201827_at,SMARCD2,6603,SMARCD2,6603
204099_at,SMARCD3,6604,SMARCD3,6604
211988_at,SMARCE1,6605,SMARCE1,6605
211989_at,SMARCE1,6605,SMARCE1,6605
201589_at,SMC1A,8243,SMC1A,8243
217555_at,SMC1A,8243,SMC1A,8243
204240_s_at,SMC2,10592,SMC2,10592
213253_at,SMC2,10592,SMC2,10592
209257_s_at,SMC3,9126,SMC3,9126
209258_s_at,SMC3,9126,SMC3,9126
209259_s_at,SMC3,9126,SMC3,9126
201663_s_at,SMC4,10051,SMC4,10051
201664_at,SMC4,10051,SMC4,10051
215623_x_at,SMC4,10051,SMC4,10051
212926_at,SMC5,23137,SMC5,23137
212927_at,SMC5,23137,SMC5,23137
218781_at,SMC6,79677,SMC6,79677
212569_at,SMCHD1,23347,SMCHD1,23347
212577_at,SMCHD1,23347,SMCHD1,23347
212579_at,SMCHD1,23347,SMCHD1,23347
219806_s_at,SMCO4,56935,SMCO4,56935
206406_at,SMCP,4184,SMCP,4184
210396_s_at,SMG1P5///BOLA2///SMG1P2,595101///552900///440354,SMG1P5///BOLA2///SMG1P2,595101///552900///440354
212147_at,SMG5,23381,SMG5,23381
34868_at,SMG5,23381,SMG5,23381
214940_s_at,SMG6,23293,SMG6,23293
220347_at,SMG6,23293,SMG6,23293
201793_x_at,SMG7,9887,SMG7,9887
201794_s_at,SMG7,9887,SMG7,9887
217189_s_at,SMG7,9887,SMG7,9887
215953_at,SMG7-AS1,284649,SMG7-AS1,284649
222384_at,SMG7-AS1,284649,SMG7-AS1,284649
218514_at,SMG8,55181,SMG8,55181
221335_x_at,SMG9,56006,SMG9,56006
221847_at,SMIM10L1,100129361,SMIM10L1,100129361
222336_at,SMIM14,201895,SMIM14,201895
220930_s_at,SMIM2,79024,SMIM2,79024
220931_at,SMIM2,79024,SMIM2,79024
219097_x_at,SMIM7,79086,SMIM7,79086
221988_at,SMIM7,79086,SMIM7,79086
213312_at,SMIM8,57150,SMIM8,57150
213314_at,SMIM8,57150,SMIM8,57150
203852_s_at,SMN2///SMN1,6607///6606,SMN2///SMN1,6607///6606
200071_at,SMNDC1,10285,SMNDC1,10285
217345_at,SMNP,64939,SMNP,64939
218629_at,SMO,6608,SMO,6608
210357_s_at,SMOX,54498,SMOX,54498
217074_at,SMOX,54498,SMOX,54498
209420_s_at,SMPD1,6609,SMPD1,6609
216230_x_at,SMPD1,6609,SMPD1,6609
216571_at,SMPD1,6609,SMPD1,6609
217171_at,SMPD1,6609,SMPD1,6609
205622_at,SMPD2,6610,SMPD2,6610
219695_at,SMPD3,55512,SMPD3,55512
213624_at,SMPDL3A,10924,SMPDL3A,10924
205309_at,SMPDL3B,27293,SMPDL3B,27293
219772_s_at,SMPX,23676,SMPX,23676
214566_at,SMR3A,26952,SMR3A,26952
214565_s_at,SMR3A///SMR3B,26952///10879,SMR3A///SMR3B,26952///10879
207441_at,SMR3B,10879,SMR3B,10879
202043_s_at,SMS,6611,SMS,6611
207390_s_at,SMTN,6525,SMTN,6525
209427_at,SMTN,6525,SMTN,6525
218393_s_at,SMU1,55234,SMU1,55234
218685_s_at,SMUG1,23583,SMUG1,23583
212666_at,SMURF1,57154,SMURF1,57154
212668_at,SMURF1,57154,SMURF1,57154
215458_s_at,SMURF1,57154,SMURF1,57154
205596_s_at,SMURF2,64750,SMURF2,64750
212921_at,SMYD2,56950,SMYD2,56950
212922_s_at,SMYD2,56950,SMYD2,56950
218788_s_at,SMYD3,64754,SMYD3,64754
209516_at,SMYD5,10322,SMYD5,10322
219480_at,SNAI1,6615,SNAI1,6615
213139_at,SNAI2,6591,SNAI2,6591
209130_at,SNAP23,8773,SNAP23,8773
209131_s_at,SNAP23,8773,SNAP23,8773
214544_s_at,SNAP23,8773,SNAP23,8773
202507_s_at,SNAP25,6616,SNAP25,6616
202508_s_at,SNAP25,6616,SNAP25,6616
218327_s_at,SNAP29,9342,SNAP29,9342
204953_at,SNAP91,9892,SNAP91,9892
205443_at,SNAPC1,6617,SNAPC1,6617
204104_at,SNAPC2,6618,SNAPC2,6618
204001_at,SNAPC3,6619,SNAPC3,6619
210465_s_at,SNAPC3,6619,SNAPC3,6619
222286_at,SNAPC3,6619,SNAPC3,6619
205658_s_at,SNAPC4,6621,SNAPC4,6621
215926_x_at,SNAPC4,6621,SNAPC4,6621
213203_at,SNAPC5,10302,SNAPC5,10302
214592_s_at,SNAPC5,10302,SNAPC5,10302
204466_s_at,SNCA,6622,SNCA,6622
204467_s_at,SNCA,6622,SNCA,6622
207827_x_at,SNCA,6622,SNCA,6622
211546_x_at,SNCA,6622,SNCA,6622
219511_s_at,SNCAIP,9627,SNCAIP,9627
207853_s_at,SNCB,6620,SNCB,6620
208584_at,SNCG,6623,SNCG,6623
209877_at,SNCG,6623,SNCG,6623
201622_at,SND1,27044,SND1,27044
210109_at,SND1-IT1,27099,SND1-IT1,27099
213488_at,SNED1,25992,SNED1,25992
213493_at,SNED1,25992,SNED1,25992
218391_at,SNF8,11267,SNF8,11267
65588_at,SNHG17,388796,SNHG17,388796
215011_at,SNHG3///SNORA73A,8420///6080,SNHG3///SNORA73A,8420///6080
200624_s_at,SNHG4///MATR3,724102///9782,SNHG4///MATR3,724102///9782
200626_s_at,SNHG4///MATR3,724102///9782,SNHG4///MATR3,724102///9782
214363_s_at,SNHG4///MATR3,724102///9782,SNHG4///MATR3,724102///9782
219409_at,SNIP1,79753,SNIP1,79753
218032_at,SNN,8303,SNN,8303
218033_s_at,SNN,8303,SNN,8303
221261_x_at,SNORA11E///SNORA11D///MAGED4///MAGED4B,101340250///100124541///728239///81557,SNORA11E///SNORA11D///MAGED4///MAGED4B,101340250///100124541///728239///81557
215224_at,SNORA21,619505,SNORA21,619505
200888_s_at,SNORA21///RPL23,619505///9349,SNORA21///RPL23,619505///9349
214744_s_at,SNORA21///RPL23,619505///9349,SNORA21///RPL23,619505///9349
208778_s_at,SNORA29///TCP1,677812///6950,SNORA29///TCP1,677812///6950
222010_at,SNORA29///TCP1,677812///6950,SNORA29///TCP1,677812///6950
222011_s_at,SNORA29///TCP1,677812///6950,SNORA29///TCP1,677812///6950
203034_s_at,SNORA3A///RPL27A,619562///6157,SNORA3A///RPL27A,619562///6157
200705_s_at,SNORA41///EEF1B2,619569///1933,SNORA41///EEF1B2,619569///1933
200909_s_at,SNORA52///RPLP2,619565///6181,SNORA52///RPLP2,619565///6181
220789_s_at,SNORA5B///TBRG4,677795///9238,SNORA5B///TBRG4,677795///9238
203107_x_at,SNORA64///RPS2,26784///6187,SNORA64///RPS2,26784///6187
212433_x_at,SNORA64///RPS2,26784///6187,SNORA64///RPS2,26784///6187
217466_x_at,SNORA64///RPS2,26784///6187,SNORA64///RPS2,26784///6187
210035_s_at,SNORA66///RPL5///SNORD21,26782///6125///6083,SNORA66///RPL5///SNORD21,26782///6125///6083
200869_at,SNORA68///RPL18A,26780///6142,SNORA68///RPL18A,26780///6142
200724_at,SNORA70///RPL10,26778///6134,SNORA70///RPL10,26778///6134
200725_x_at,SNORA70///RPL10,26778///6134,SNORA70///RPL10,26778///6134
217680_x_at,SNORA70///RPL10,26778///6134,SNORA70///RPL10,26778///6134
221989_at,SNORA70///RPL10,26778///6134,SNORA70///RPL10,26778///6134
214805_at,SNORD10///SNORA48///SNORA67///EIF4A1,652966///652965///26781///1973,SNORD10///SNORA48///SNORA67///EIF4A1,652966///652965///26781///1973
208687_x_at,SNORD14D///SNORD14C///HSPA8,85390///85389///3312,SNORD14D///SNORD14C///HSPA8,85390///85389///3312
210338_s_at,SNORD14D///SNORD14C///HSPA8,85390///85389///3312,SNORD14D///SNORD14C///HSPA8,85390///85389///3312
221891_x_at,SNORD14D///SNORD14C///HSPA8,85390///85389///3312,SNORD14D///SNORD14C///HSPA8,85390///85389///3312
200089_s_at,SNORD18C///SNORD18B///SNORD18A///SNORD16///RPL4,595100///595099///595098///595097///6124,SNORD18C///SNORD18B///SNORD18A///SNORD16///RPL4,595100///595099///595098///595097///6124
201154_x_at,SNORD18C///SNORD18B///SNORD18A///SNORD16///RPL4,595100///595099///595098///595097///6124,SNORD18C///SNORD18B///SNORD18A///SNORD16///RPL4,595100///595099///595098///595097///6124
211710_x_at,SNORD18C///SNORD18B///SNORD18A///SNORD16///RPL4,595100///595099///595098///595097///6124,SNORD18C///SNORD18B///SNORD18A///SNORD16///RPL4,595100///595099///595098///595097///6124
217850_at,SNORD19B///GNL3,100113381///26354,SNORD19B///GNL3,100113381///26354
217807_s_at,SNORD23///GLTSCR2,692091///29997,SNORD23///GLTSCR2,692091///29997
217740_x_at,SNORD24///SNORD36A///SNORD36B///RPL7A,26820///26815///26814///6130,SNORD24///SNORD36A///SNORD36B///RPL7A,26820///26815///26814///6130
200715_x_at,SNORD32A///SNORD33///SNORD34///SNORD35A///RPL13A,26819///26818///26817///26816///23521,SNORD32A///SNORD33///SNORD34///SNORD35A///RPL13A,26819///26818///26817///26816///23521
200031_s_at,SNORD35B///RPS11,84546///6205,SNORD35B///RPS11,84546///6205
200858_s_at,SNORD38B///SNORD55///RPS8,94163///26811///6202,SNORD38B///SNORD55///RPS8,94163///26811///6202
208825_x_at,SNORD42A///RPL23A,26809///6147,SNORD42A///RPL23A,26809///6147
208834_x_at,SNORD42A///RPL23A,26809///6147,SNORD42A///RPL23A,26809///6147
213084_x_at,SNORD42A///RPL23A,26809///6147,SNORD42A///RPL23A,26809///6147
209181_s_at,SNORD45C///SNORD45A///SNORD45B///RABGGTB,692085///26805///26804///5876,SNORD45C///SNORD45A///SNORD45B///RABGGTB,692085///26805///26804///5876
213704_at,SNORD45C///SNORD45A///SNORD45B///RABGGTB,692085///26805///26804///5876,SNORD45C///SNORD45A///SNORD45B///RABGGTB,692085///26805///26804///5876
200949_x_at,SNORD54///RPS20,26795///6224,SNORD54///RPS20,26795///6224
214003_x_at,SNORD54///RPS20,26795///6224,SNORD54///RPS20,26795///6224
216247_at,SNORD54///RPS20,26795///6224,SNORD54///RPS20,26795///6224
208929_x_at,SNORD68///RPL13,606500///6137,SNORD68///RPL13,606500///6137
212191_x_at,SNORD68///RPL13,606500///6137,SNORD68///RPL13,606500///6137
212734_x_at,SNORD68///RPL13,606500///6137,SNORD68///RPL13,606500///6137
212933_x_at,SNORD68///RPL13,606500///6137,SNORD68///RPL13,606500///6137
214351_x_at,SNORD68///RPL13,606500///6137,SNORD68///RPL13,606500///6137
214976_at,SNORD68///RPL13,606500///6137,SNORD68///RPL13,606500///6137
200099_s_at,SNORD73A///RPS3A,8944///6189,SNORD73A///RPS3A,8944///6189
201257_x_at,SNORD73A///RPS3A,8944///6189,SNORD73A///RPS3A,8944///6189
212391_x_at,SNORD73A///RPS3A,8944///6189,SNORD73A///RPS3A,8944///6189
216823_at,SNORD73A///RPS3A,8944///6189,SNORD73A///RPS3A,8944///6189
201217_x_at,SNORD83B///SNORD139///RPL3,116938///116936///6122,SNORD83B///SNORD139///RPL3,116938///116936///6122
211073_x_at,SNORD83B///SNORD139///RPL3,116938///116936///6122,SNORD83B///SNORD139///RPL3,116938///116936///6122
211666_x_at,SNORD83B///SNORD139///RPL3,116938///116936///6122,SNORD83B///SNORD139///RPL3,116938///116936///6122
212039_x_at,SNORD83B///SNORD139///RPL3,116938///116936///6122,SNORD83B///SNORD139///RPL3,116938///116936///6122
200651_at,SNORD96A///SNORD95///RACK1,619571///619570///10399,SNORD96A///SNORD95///RACK1,619571///619570///10399
222034_at,SNORD96A///SNORD95///RACK1,619571///619570///10399,SNORD96A///SNORD95///RACK1,619571///619570///10399
205104_at,SNPH,9751,SNPH,9751
207474_at,SNRK,54861,SNRK,54861
209481_at,SNRK,54861,SNRK,54861
218493_at,SNRNP25,79622,SNRNP25,79622
212438_at,SNRNP27,11017,SNRNP27,11017
212440_at,SNRNP27,11017,SNRNP27,11017
205300_s_at,SNRNP35,11066,SNRNP35,11066
215905_s_at,SNRNP40,9410,SNRNP40,9410
201221_s_at,SNRNP70,6625,SNRNP70,6625
213121_at,SNRNP70,6625,SNRNP70,6625
201770_at,SNRPA,6626,SNRPA,6626
206055_s_at,SNRPA1,6627,SNRPA1,6627
215722_s_at,SNRPA1,6627,SNRPA1,6627
216977_x_at,SNRPA1,6627,SNRPA1,6627
208821_at,SNRPB,6628,SNRPB,6628
213175_s_at,SNRPB,6628,SNRPB,6628
202505_at,SNRPB2,6629,SNRPB2,6629
201342_at,SNRPC,6631,SNRPC,6631
202690_s_at,SNRPD1,6632,SNRPD1,6632
202691_at,SNRPD1,6632,SNRPD1,6632
200826_at,SNRPD2,6633,SNRPD2,6633
202567_at,SNRPD3,6634,SNRPD3,6634
203316_s_at,SNRPE,6635,SNRPE,6635
215450_at,SNRPE,6635,SNRPE,6635
203832_at,SNRPF,6636,SNRPF,6636
205644_s_at,SNRPG,6637,SNRPG,6637
203516_at,SNTA1,6640,SNTA1,6640
208608_s_at,SNTB1,6641,SNTB1,6641
214708_at,SNTB1,6641,SNTB1,6641
215431_at,SNTB1,6641,SNTB1,6641
205314_x_at,SNTB2,6645,SNTB2,6645
205315_s_at,SNTB2,6645,SNTB2,6645
213814_s_at,SNTB2,6645,SNTB2,6645
214350_at,SNTB2,6645,SNTB2,6645
220405_at,SNTG1,54212,SNTG1,54212
220487_at,SNTG2,54221,SNTG2,54221
201076_at,SNU13,4809,SNU13,4809
201077_s_at,SNU13///ANXA2,4809///302,SNU13///ANXA2,4809///302
207438_s_at,SNUPN,10073,SNUPN,10073
201522_x_at,SNURF///SNRPN,8926///6638,SNURF///SNRPN,8926///6638
206042_x_at,SNURF///SNRPN,8926///6638,SNURF///SNRPN,8926///6638
201575_at,SNW1,22938,SNW1,22938
215424_s_at,SNW1,22938,SNW1,22938
201716_at,SNX1,6642,SNX1,6642
213364_s_at,SNX1,6642,SNX1,6642
214531_s_at,SNX1,6642,SNX1,6642
216357_at,SNX1,6642,SNX1,6642
218404_at,SNX10,29887,SNX10,29887
220140_s_at,SNX11,29916,SNX11,29916
53912_at,SNX11,29916,SNX11,29916
213292_s_at,SNX13,23161,SNX13,23161
215366_at,SNX13,23161,SNX13,23161
215820_x_at,SNX13,23161,SNX13,23161
205482_x_at,SNX15,29907,SNX15,29907
219793_at,SNX16,64089,SNX16,64089
200991_s_at,SNX17,9784,SNX17,9784
202358_s_at,SNX19,399979,SNX19,399979
202359_s_at,SNX19,399979,SNX19,399979
202113_s_at,SNX2,6643,SNX2,6643
202114_at,SNX2,6643,SNX2,6643
218705_s_at,SNX24,28966,SNX24,28966
221006_s_at,SNX27,81609,SNX27,81609
221498_at,SNX27,81609,SNX27,81609
215500_at,SNX29,92017,SNX29,92017
214712_at,SNX29P2,440352,SNX29P2,440352
200067_x_at,SNX3,8724,SNX3,8724
208781_x_at,SNX3,8724,SNX3,8724
210648_x_at,SNX3,8724,SNX3,8724
213545_x_at,SNX3,8724,SNX3,8724
205329_s_at,SNX4,8723,SNX4,8723
212652_s_at,SNX4,8723,SNX4,8723
217792_at,SNX5,27131,SNX5,27131
217789_at,SNX6,58533,SNX6,58533
205573_s_at,SNX7,51375,SNX7,51375
221561_at,SOAT1,6646,SOAT1,6646
210677_at,SOAT2,8435,SOAT2,8435
218974_at,SOBP,55084,SOBP,55084
209999_x_at,SOCS1,8651,SOCS1,8651
210000_s_at,SOCS1,8651,SOCS1,8651
210001_s_at,SOCS1,8651,SOCS1,8651
213337_s_at,SOCS1,8651,SOCS1,8651
203372_s_at,SOCS2,8835,SOCS2,8835
203373_at,SOCS2,8835,SOCS2,8835
206359_at,SOCS3,9021,SOCS3,9021
206360_s_at,SOCS3,9021,SOCS3,9021
214105_at,SOCS3,9021,SOCS3,9021
208127_s_at,SOCS5,9655,SOCS5,9655
209647_s_at,SOCS5,9655,SOCS5,9655
209648_x_at,SOCS5,9655,SOCS5,9655
206020_at,SOCS6,9306,SOCS6,9306
214462_at,SOCS6,9306,SOCS6,9306
214015_at,SOCS7,30837,SOCS7,30837
200642_at,SOD1,6647,SOD1,6647
205236_x_at,SOD3,6649,SOD3,6649
207711_at,SOGA1,140710,SOGA1,140710
215852_x_at,SOGA1,140710,SOGA1,140710
201085_s_at,SON,6651,SON,6651
201086_x_at,SON,6651,SON,6651
213538_at,SON,6651,SON,6651
214988_s_at,SON,6651,SON,6651
207436_x_at,SORBS1,10580,SORBS1,10580
211705_s_at,SORBS1,10580,SORBS1,10580
211819_s_at,SORBS1,10580,SORBS1,10580
218087_s_at,SORBS1,10580,SORBS1,10580
204288_s_at,SORBS2,8470,SORBS2,8470
220858_at,SORBS2,8470,SORBS2,8470
207788_s_at,SORBS3,10174,SORBS3,10174
209253_at,SORBS3,10174,SORBS3,10174
215522_at,SORCS3,22986,SORCS3,22986
201562_s_at,SORD,6652,SORD,6652
201563_at,SORD,6652,SORD,6652
203509_at,SORL1,6653,SORL1,6653
212560_at,SORL1,6653,SORL1,6653
212797_at,SORT1,6272,SORT1,6272
212807_s_at,SORT1,6272,SORT1,6272
212777_at,SOS1,6654,SOS1,6654
212780_at,SOS1,6654,SOS1,6654
211665_s_at,SOS2,6655,SOS2,6655
212870_at,SOS2,6655,SOS2,6655
217575_s_at,SOS2,6655,SOS2,6655
217576_x_at,SOS2,6655,SOS2,6655
217644_s_at,SOS2,6655,SOS2,6655
213456_at,SOSTDC1,25928,SOSTDC1,25928
219496_at,SOWAHC,65124,SOWAHC,65124
208533_at,SOX1,6656,SOX1,6656
209842_at,SOX10,6663,SOX10,6663
209843_s_at,SOX10,6663,SOX10,6663
204913_s_at,SOX11,6664,SOX11,6664
204914_s_at,SOX11,6664,SOX11,6664
204915_s_at,SOX11,6664,SOX11,6664
204432_at,SOX12,6666,SOX12,6666
209736_at,SOX13,9580,SOX13,9580
38918_at,SOX13,9580,SOX13,9580
208574_at,SOX14,8403,SOX14,8403
206122_at,SOX15,6665,SOX15,6665
217040_x_at,SOX15,6665,SOX15,6665
219993_at,SOX17,64321,SOX17,64321
219568_x_at,SOX18,54345,SOX18,54345
213721_at,SOX2,6657,SOX2,6657
213722_at,SOX2,6657,SOX2,6657
214178_s_at,SOX2,6657,SOX2,6657
208468_at,SOX21,11166,SOX21,11166
214633_at,SOX3,6658,SOX3,6658
207678_s_at,SOX30,11063,SOX30,11063
201416_at,SOX4,6659,SOX4,6659
201417_at,SOX4,6659,SOX4,6659
201418_s_at,SOX4,6659,SOX4,6659
213665_at,SOX4,6659,SOX4,6659
213668_s_at,SOX4,6659,SOX4,6659
207336_at,SOX5,6660,SOX5,6660
216561_x_at,SOX5P1,6661,SOX5P1,6661
202935_s_at,SOX9,6662,SOX9,6662
202936_s_at,SOX9,6662,SOX9,6662
214732_at,SP1,6667,SP1,6667
202863_at,SP100,6672,SP100,6672
202864_s_at,SP100,6672,SP100,6672
210218_s_at,SP100,6672,SP100,6672
210219_at,SP100,6672,SP100,6672
210985_s_at,SP100,6672,SP100,6672
208012_x_at,SP110,3431,SP110,3431
208392_x_at,SP110,3431,SP110,3431
209761_s_at,SP110,3431,SP110,3431
209762_x_at,SP110,3431,SP110,3431
207777_s_at,SP140,11262,SP140,11262
214791_at,SP140L,93349,SP140L,93349
204367_at,SP2,6668,SP2,6668
211736_at,SP2,6668,SP2,6668
213168_at,SP3,6670,SP3,6670
216403_at,SP3P,160824,SP3P,160824
206663_at,SP4,6671,SP4,6671
205406_s_at,SPA17,53340,SPA17,53340
220982_s_at,SPACA1,81833,SPACA1,81833
220050_at,SPACA9,11092,SPACA9,11092
210117_at,SPAG1,6674,SPAG1,6674
210884_s_at,SPAG11A,653423,SPAG11A,653423
207271_x_at,SPAG11A///SPAG11B,653423///10407,SPAG11A///SPAG11B,653423///10407
211381_x_at,SPAG11A///SPAG11B,653423///10407,SPAG11A///SPAG11B,653423///10407
219109_at,SPAG16,79582,SPAG16,79582
219888_at,SPAG4,6676,SPAG4,6676
203145_at,SPAG5,10615,SPAG5,10615
210032_s_at,SPAG6,9576,SPAG6,9576
210033_s_at,SPAG6,9576,SPAG6,9576
200053_at,SPAG7,9552,SPAG7,9552
206815_at,SPAG8,26206,SPAG8,26206
206816_s_at,SPAG8,26206,SPAG8,26206
206748_s_at,SPAG9,9043,SPAG9,9043
212468_at,SPAG9,9043,SPAG9,9043
212470_at,SPAG9,9043,SPAG9,9043
210536_s_at,SPAM1,6677,SPAM1,6677
216972_at,SPAM1,6677,SPAM1,6677
216989_at,SPAM1,6677,SPAM1,6677
220922_s_at,SPANXA2///SPANXB1///SPANXC///SPANXA1,728712///728695///64663///30014,SPANXA2///SPANXB1///SPANXC///SPANXA1,728712///728695///64663///30014
220217_x_at,SPANXA2///SPANXC///SPANXA1,728712///64663///30014,SPANXA2///SPANXC///SPANXA1,728712///64663///30014
220921_at,SPANXB1,728695,SPANXB1,728695
200665_s_at,SPARC,6678,SPARC,6678
212667_at,SPARC,6678,SPARC,6678
200795_at,SPARCL1,8404,SPARCL1,8404
207724_s_at,SPAST,6683,SPAST,6683
209748_at,SPAST,6683,SPAST,6683
221057_at,SPATA1,100505741,SPATA1,100505741
204433_s_at,SPATA2,9825,SPATA2,9825
204434_at,SPATA2,9825,SPATA2,9825
218164_at,SPATA20,64847,SPATA20,64847
214965_at,SPATA2L,124044,SPATA2L,124044
215935_at,SPATA31A5///SPATA31A3///SPATA31A1///SPATA31A6///SPATA31A7,727905///727830///647060///389730///26165,SPATA31A5///SPATA31A3///SPATA31A1///SPATA31A6///SPATA31A7,727905///727830///647060///389730///26165
215320_at,SPATA31C2,645961,SPATA31C2,645961
215694_at,SPATA5L1,79029,SPATA5L1,79029
218933_at,SPATA5L1,79029,SPATA5L1,79029
222163_s_at,SPATA5L1,79029,SPATA5L1,79029
220298_s_at,SPATA6,54558,SPATA6,54558
220299_at,SPATA6,54558,SPATA6,54558
220218_at,SPATA6L,55064,SPATA6L,55064
219583_s_at,SPATA7,55812,SPATA7,55812
218324_s_at,SPATS2,65244,SPATS2,65244
215617_at,SPATS2L,26010,SPATS2L,26010
222154_s_at,SPATS2L,26010,SPATS2L,26010
217183_at,SPC24,147841,SPC24,147841
209891_at,SPC25,57405,SPC25,57405
217927_at,SPCS1,28972,SPCS1,28972
201239_s_at,SPCS2,9789,SPCS2,9789
201240_s_at,SPCS2,9789,SPCS2,9789
218817_at,SPCS3,60559,SPCS3,60559
221844_x_at,SPCS3,60559,SPCS3,60559
213441_x_at,SPDEF,25803,SPDEF,25803
213442_x_at,SPDEF,25803,SPDEF,25803
214403_x_at,SPDEF,25803,SPDEF,25803
214404_x_at,SPDEF,25803,SPDEF,25803
220192_x_at,SPDEF,25803,SPDEF,25803
221685_s_at,SPDL1,54908,SPDL1,54908
217610_at,SPDYE2,441273,SPDYE2,441273
212480_at,SPECC1L,23384,SPECC1L,23384
205013_s_at,SPECC1L-ADORA2A///ADORA2A,101730217///135,SPECC1L-ADORA2A///ADORA2A,101730217///135
216119_s_at,SPEF1,25876,SPEF1,25876
201996_s_at,SPEN,23013,SPEN,23013
201997_s_at,SPEN,23013,SPEN,23013
203513_at,SPG11,80208,SPG11,80208
212526_at,SPG20,23111,SPG20,23111
216965_x_at,SPG20,23111,SPG20,23111
215383_x_at,SPG21,51324,SPG21,51324
217827_s_at,SPG21,51324,SPG21,51324
203581_at,SPHAR///RAB4A,10638///5867,SPHAR///RAB4A,10638///5867
203582_s_at,SPHAR///RAB4A,10638///5867,SPHAR///RAB4A,10638///5867
206272_at,SPHAR///RAB4A,10638///5867,SPHAR///RAB4A,10638///5867
219257_s_at,SPHK1,8877,SPHK1,8877
209857_s_at,SPHK2,56848,SPHK2,56848
40273_at,SPHK2,56848,SPHK2,56848
205312_at,SPI1,6688,SPI1,6688
205861_at,SPIB,6689,SPIB,6689
215094_at,SPICE1,152185,SPICE1,152185
212523_s_at,SPIDR,23514,SPIDR,23514
213003_s_at,SPIDR,23514,SPIDR,23514
217813_s_at,SPIN1,10927,SPIN1,10927
207841_at,SPIN2A,54466,SPIN2A,54466
211704_s_at,SPIN2B///SPIN2A,474343///54466,SPIN2B///SPIN2A,474343///54466
206239_s_at,SPINK1,6690,SPINK1,6690
206310_at,SPINK2,6691,SPINK2,6691
207214_at,SPINK4,27290,SPINK4,27290
205185_at,SPINK5,11005,SPINK5,11005
202826_at,SPINT1,6692,SPINT1,6692
210715_s_at,SPINT2,10653,SPINT2,10653
215503_at,SPINT3,10816,SPINT3,10816
206056_x_at,SPN,6693,SPN,6693
206057_x_at,SPN,6693,SPN,6693
216980_s_at,SPN,6693,SPN,6693
216981_x_at,SPN,6693,SPN,6693
222259_s_at,SPO11,23626,SPO11,23626
202363_at,SPOCK1,6695,SPOCK1,6695
202523_s_at,SPOCK2,9806,SPOCK2,9806
202524_s_at,SPOCK2,9806,SPOCK2,9806
206433_s_at,SPOCK3,50859,SPOCK3,50859
206434_at,SPOCK3,50859,SPOCK3,50859
209436_at,SPON1,10418,SPON1,10418
209437_s_at,SPON1,10418,SPON1,10418
213993_at,SPON1,10418,SPON1,10418
213994_s_at,SPON1,10418,SPON1,10418
204640_s_at,SPOP,8405,SPOP,8405
208927_at,SPOP,8405,SPOP,8405
218565_at,SPOUT1,51490,SPOUT1,51490
209875_s_at,SPP1,6696,SPP1,6696
214478_at,SPP2,6694,SPP2,6694
210693_at,SPPL2B,56928,SPPL2B,56928
215833_s_at,SPPL2B,56928,SPPL2B,56928
203458_at,SPR,6697,SPR,6697
212458_at,SPRED2,200734,SPRED2,200734
212466_at,SPRED2,200734,SPRED2,200734
214026_s_at,SPRED2,200734,SPRED2,200734
213796_at,SPRR1A,6698,SPRR1A,6698
214549_x_at,SPRR1A,6698,SPRR1A,6698
205064_at,SPRR1B,6699,SPRR1B,6699
208539_x_at,SPRR2B,6701,SPRR2B,6701
220664_at,SPRR2C,6702,SPRR2C,6702
218990_s_at,SPRR3,6707,SPRR3,6707
212558_at,SPRY1,10252,SPRY1,10252
204011_at,SPRY2,10253,SPRY2,10253
221489_s_at,SPRY4,81848,SPRY4,81848
214668_at,SPRYD7,57213,SPRYD7,57213
219677_at,SPSB1,80176,SPSB1,80176
221769_at,SPSB3,90864,SPSB3,90864
46256_at,SPSB3,90864,SPSB3,90864
206937_at,SPTA1,6708,SPTA1,6708
208611_s_at,SPTAN1,6709,SPTAN1,6709
214925_s_at,SPTAN1,6709,SPTAN1,6709
214926_at,SPTAN1,6709,SPTAN1,6709
215235_at,SPTAN1,6709,SPTAN1,6709
208416_s_at,SPTB,6710,SPTB,6710
214145_s_at,SPTB,6710,SPTB,6710
200671_s_at,SPTBN1,6711,SPTBN1,6711
200672_x_at,SPTBN1,6711,SPTBN1,6711
212071_s_at,SPTBN1,6711,SPTBN1,6711
213914_s_at,SPTBN1,6711,SPTBN1,6711
214856_at,SPTBN1,6711,SPTBN1,6711
215918_s_at,SPTBN1,6711,SPTBN1,6711
205155_s_at,SPTBN2,6712,SPTBN2,6712
220185_at,SPTBN4,57731,SPTBN4,57731
220067_at,SPTBN5,51332,SPTBN5,51332
202277_at,SPTLC1,10558,SPTLC1,10558
202278_s_at,SPTLC1,10558,SPTLC1,10558
203127_s_at,SPTLC2,9517,SPTLC2,9517
203128_at,SPTLC2,9517,SPTLC2,9517
216202_s_at,SPTLC2,9517,SPTLC2,9517
216203_at,SPTLC2,9517,SPTLC2,9517
220456_at,SPTLC3,55304,SPTLC3,55304
212460_at,SPTSSA,171546,SPTSSA,171546
213508_at,SPTSSA,171546,SPTSSA,171546
221067_s_at,SPX,80763,SPX,80763
209218_at,SQLE,6713,SQLE,6713
213562_s_at,SQLE,6713,SQLE,6713
213577_at,SQLE,6713,SQLE,6713
217995_at,SQRDL,58472,SQRDL,58472
201471_s_at,SQSTM1,8878,SQSTM1,8878
213112_s_at,SQSTM1,8878,SQSTM1,8878
219055_at,SRBD1,55133,SRBD1,55133
213324_at,SRC,6714,SRC,6714
221281_at,SRC,6714,SRC,6714
221284_s_at,SRC,6714,SRC,6714
212275_s_at,SRCAP,10847,SRCAP,10847
215053_at,SRCAP,10847,SRCAP,10847
204675_at,SRD5A1,6715,SRD5A1,6715
210959_s_at,SRD5A1,6715,SRD5A1,6715
211056_s_at,SRD5A1,6715,SRD5A1,6715
206938_at,SRD5A2,6716,SRD5A2,6716
218800_at,SRD5A3,79644,SRD5A3,79644
202308_at,SREBF1,6720,SREBF1,6720
201247_at,SREBF2,6721,SREBF2,6721
201248_s_at,SREBF2,6721,SREBF2,6721
212721_at,SREK1,140890,SREK1,140890
217608_at,SREK1IP1,285672,SREK1IP1,285672
202400_s_at,SRF,6722,SRF,6722
202401_s_at,SRF,6722,SRF,6722
213329_at,SRGAP2C///SRGAP2B///SRGAP2,653464///647135///23380,SRGAP2C///SRGAP2B///SRGAP2,653464///647135///23380
209794_at,SRGAP3,9901,SRGAP3,9901
215550_at,SRGAP3,9901,SRGAP3,9901
201858_s_at,SRGN,5552,SRGN,5552
201859_at,SRGN,5552,SRGN,5552
208920_at,SRI,6717,SRI,6717
208921_s_at,SRI,6717,SRI,6717
201516_at,SRM,6723,SRM,6723
200007_at,SRP14,6727,SRP14,6727
205335_s_at,SRP19,6728,SRP19,6728
203605_at,SRP54,6729,SRP54,6729
208095_s_at,SRP72,6731,SRP72,6731
208263_at,SRP72,6731,SRP72,6731
208800_at,SRP72,6731,SRP72,6731
208801_at,SRP72,6731,SRP72,6731
208802_at,SRP72,6731,SRP72,6731
208803_s_at,SRP72,6731,SRP72,6731
201273_s_at,SRP9,6726,SRP9,6726
202199_s_at,SRPK1,6732,SRPK1,6732
202200_s_at,SRPK1,6732,SRPK1,6732
203181_x_at,SRPK2,6733,SRPK2,6733
203182_s_at,SRPK2,6733,SRPK2,6733
214931_s_at,SRPK2,6733,SRPK2,6733
217517_x_at,SRPK2,6733,SRPK2,6733
206216_at,SRPK3,26576,SRPK3,26576
200917_s_at,SRPRA,6734,SRPRA,6734
200918_s_at,SRPRA,6734,SRPRA,6734
218140_x_at,SRPRB,58477,SRPRB,58477
204955_at,SRPX,8406,SRPX,8406
205499_at,SRPX2,27286,SRPX2,27286
216639_at,SRPX2,27286,SRPX2,27286
219204_s_at,SRR,63826,SRR,63826
219205_at,SRR,63826,SRR,63826
213608_s_at,SRRD,402055,SRRD,402055
201224_s_at,SRRM1,10250,SRRM1,10250
201225_s_at,SRRM1,10250,SRRM1,10250
207435_s_at,SRRM2,23524,SRRM2,23524
208610_s_at,SRRM2,23524,SRRM2,23524
216629_at,SRRM2,23524,SRRM2,23524
201679_at,SRRT,51593,SRRT,51593
201680_x_at,SRRT,51593,SRRT,51593
214127_s_at,SRRT,51593,SRRT,51593
222046_at,SRRT,51593,SRRT,51593
222047_s_at,SRRT,51593,SRRT,51593
201741_x_at,SRSF1,6426,SRSF1,6426
201742_x_at,SRSF1,6426,SRSF1,6426
208863_s_at,SRSF1,6426,SRSF1,6426
211784_s_at,SRSF1,6426,SRSF1,6426
204299_at,SRSF10,10772,SRSF10,10772
206095_s_at,SRSF10,10772,SRSF10,10772
210178_x_at,SRSF10,10772,SRSF10,10772
213594_x_at,SRSF10,10772,SRSF10,10772
200685_at,SRSF11,9295,SRSF11,9295
200686_s_at,SRSF11,9295,SRSF11,9295
213742_at,SRSF11,9295,SRSF11,9295
202899_s_at,SRSF3,6428,SRSF3,6428
208672_s_at,SRSF3,6428,SRSF3,6428
208673_s_at,SRSF3,6428,SRSF3,6428
201696_at,SRSF4,6429,SRSF4,6429
203380_x_at,SRSF5,6430,SRSF5,6430
210077_s_at,SRSF5,6430,SRSF5,6430
212266_s_at,SRSF5,6430,SRSF5,6430
206108_s_at,SRSF6,6431,SRSF6,6431
208804_s_at,SRSF6,6431,SRSF6,6431
201129_at,SRSF7,6432,SRSF7,6432
211439_at,SRSF7,6432,SRSF7,6432
213649_at,SRSF7,6432,SRSF7,6432
214141_x_at,SRSF7,6432,SRSF7,6432
213152_s_at,SRSF8,10929,SRSF8,10929
214789_x_at,SRSF8,10929,SRSF8,10929
207893_at,SRY,6736,SRY,6736
202816_s_at,SS18,6760,SS18,6760
202817_s_at,SS18,6760,SS18,6760
209954_x_at,SS18,6760,SS18,6760
216684_s_at,SS18,6760,SS18,6760
213140_s_at,SS18L1,26039,SS18L1,26039
218283_at,SS18L2,51188,SS18L2,51188
201138_s_at,SSB,6741,SSB,6741
201139_s_at,SSB,6741,SSB,6741
202591_s_at,SSBP1,6742,SSBP1,6742
214060_at,SSBP1,6742,SSBP1,6742
203787_at,SSBP2,23635,SSBP2,23635
210829_s_at,SSBP2,23635,SSBP2,23635
217991_x_at,SSBP3,23648,SSBP3,23648
202506_at,SSFA2,6744,SSFA2,6744
221752_at,SSH1,54434,SSH1,54434
221753_at,SSH1,54434,SSH1,54434
219241_x_at,SSH3,54961,SSH3,54961
219919_s_at,SSH3,54961,SSH3,54961
51192_at,SSH3,54961,SSH3,54961
210378_s_at,SSNA1,8636,SSNA1,8636
204963_at,SSPN,8082,SSPN,8082
204964_s_at,SSPN,8082,SSPN,8082
200889_s_at,SSR1,6745,SSR1,6745
200890_s_at,SSR1,6745,SSR1,6745
200891_s_at,SSR1,6745,SSR1,6745
201894_s_at,SSR1,6745,SSR1,6745
200652_at,SSR2,6746,SSR2,6746
217790_s_at,SSR3,6747,SSR3,6747
201004_at,SSR4,6748,SSR4,6748
200956_s_at,SSRP1,6749,SSRP1,6749
200957_s_at,SSRP1,6749,SSRP1,6749
203114_at,SSSCA1,10534,SSSCA1,10534
213921_at,SST,6750,SST,6750
208482_at,SSTR1,6751,SSTR1,6751
214597_at,SSTR2,6752,SSTR2,6752
217455_s_at,SSTR2,6752,SSTR2,6752
214491_at,SSTR3,6753,SSTR3,6753
214556_at,SSTR4,6754,SSTR4,6754
214555_at,SSTR5,6755,SSTR5,6755
206741_at,SSUH2,51066,SSUH2,51066
206626_x_at,SSX1,6756,SSX1,6756
206627_s_at,SSX1,6756,SSX1,6756
215885_at,SSX2B,727837,SSX2B,727837
207493_x_at,SSX2B///SSX2,727837///6757,SSX2B///SSX2,727837///6757
210497_x_at,SSX2B///SSX2,727837///6757,SSX2B///SSX2,727837///6757
216471_x_at,SSX2B///SSX2,727837///6757,SSX2B///SSX2,727837///6757
215881_x_at,SSX2B///SSX3///SSX2,727837///10214///6757,SSX2B///SSX3///SSX2,727837///10214///6757
203015_s_at,SSX2IP,117178,SSX2IP,117178
203016_s_at,SSX2IP,117178,SSX2IP,117178
203017_s_at,SSX2IP,117178,SSX2IP,117178
203018_s_at,SSX2IP,117178,SSX2IP,117178
203019_x_at,SSX2IP,117178,SSX2IP,117178
210871_x_at,SSX2IP,117178,SSX2IP,117178
207666_x_at,SSX3,10214,SSX3,10214
211670_x_at,SSX3,10214,SSX3,10214
211731_x_at,SSX3,10214,SSX3,10214
208586_s_at,SSX4B///SSX4,548313///6759,SSX4B///SSX4,548313///6759
210394_x_at,SSX4B///SSX4,548313///6759,SSX4B///SSX4,548313///6759
211425_x_at,SSX4B///SSX4,548313///6759,SSX4B///SSX4,548313///6759
208528_x_at,SSX7///SSX3///SSX5,280658///10214///6758,SSX7///SSX3///SSX5,280658///10214///6758
207040_s_at,ST13,6767,ST13,6767
208666_s_at,ST13,6767,ST13,6767
208667_s_at,ST13,6767,ST13,6767
202005_at,ST14,6768,ST14,6768
216905_s_at,ST14,6768,ST14,6768
216906_at,ST14,6768,ST14,6768
206135_at,ST18,9705,ST18,9705
210242_x_at,ST20,400410,ST20,400410
217104_at,ST20,400410,ST20,400410
203433_at,ST20-MTHFS///MTHFS,100528021///10588,ST20-MTHFS///MTHFS,100528021///10588
208322_s_at,ST3GAL1,6482,ST3GAL1,6482
205346_at,ST3GAL2,6483,ST3GAL2,6483
217650_x_at,ST3GAL2,6483,ST3GAL2,6483
203759_at,ST3GAL4,6484,ST3GAL4,6484
215710_at,ST3GAL4,6484,ST3GAL4,6484
203217_s_at,ST3GAL5,8869,ST3GAL5,8869
210942_s_at,ST3GAL6,10402,ST3GAL6,10402
213335_s_at,ST3GAL6,10402,ST3GAL6,10402
213355_at,ST3GAL6,10402,ST3GAL6,10402
213873_at,ST3GAL6,10402,ST3GAL6,10402
202440_s_at,ST5,6764,ST5,6764
201998_at,ST6GAL1,6480,ST6GAL1,6480
214970_s_at,ST6GAL1,6480,ST6GAL1,6480
214971_s_at,ST6GAL1,6480,ST6GAL1,6480
204542_at,ST6GALNAC2,10610,ST6GALNAC2,10610
220937_s_at,ST6GALNAC4,27090,ST6GALNAC4,27090
221551_x_at,ST6GALNAC4,27090,ST6GALNAC4,27090
220979_s_at,ST6GALNAC5,81849,ST6GALNAC5,81849
219964_at,ST7L,54879,ST7L,54879
210073_at,ST8SIA1,6489,ST8SIA1,6489
221285_at,ST8SIA2,8128,ST8SIA2,8128
208064_s_at,ST8SIA3,51046,ST8SIA3,51046
208065_at,ST8SIA3,51046,ST8SIA3,51046
206925_at,ST8SIA4,7903,ST8SIA4,7903
206258_at,ST8SIA5,29906,ST8SIA5,29906
217514_at,ST8SIA5,29906,ST8SIA5,29906
204150_at,STAB1,23166,STAB1,23166
38487_at,STAB1,23166,STAB1,23166
220114_s_at,STAB2,55576,STAB2,55576
205743_at,STAC,6769,STAC,6769
202293_at,STAG1,10274,STAG1,10274
202294_at,STAG1,10274,STAG1,10274
207983_s_at,STAG2,10735,STAG2,10735
209022_at,STAG2,10735,STAG2,10735
209023_s_at,STAG2,10735,STAG2,10735
219753_at,STAG3,10734,STAG3,10734
221191_at,STAG3L3,442578,STAG3L3,442578
218994_s_at,STAG3L4,64940,STAG3L4,64940
203544_s_at,STAM,8027,STAM,8027
208194_s_at,STAM2,10254,STAM2,10254
209649_at,STAM2,10254,STAM2,10254
215044_s_at,STAM2,10254,STAM2,10254
202811_at,STAMBP,10617,STAMBP,10617
220803_at,STAMBPL1,57559,STAMBPL1,57559
220059_at,STAP1,26228,STAP1,26228
221610_s_at,STAP2,55620,STAP2,55620
204548_at,STAR,6770,STAR,6770
213103_at,STARD13,90627,STARD13,90627
202991_at,STARD3,10948,STARD3,10948
213820_s_at,STARD5,80765,STARD5,80765
200028_s_at,STARD7,56910,STARD7,56910
206868_at,STARD8,9754,STARD8,9754
200887_s_at,STAT1,6772,STAT1,6772
209969_s_at,STAT1,6772,STAT1,6772
AFFX-HUMISGF3A/M97935_3_at,STAT1,6772,STAT1,6772
AFFX-HUMISGF3A/M97935_5_at,STAT1,6772,STAT1,6772
AFFX-HUMISGF3A/M97935_MA_at,STAT1,6772,STAT1,6772
AFFX-HUMISGF3A/M97935_MB_at,STAT1,6772,STAT1,6772
205170_at,STAT2,6773,STAT2,6773
217199_s_at,STAT2,6773,STAT2,6773
208991_at,STAT3,6774,STAT3,6774
208992_s_at,STAT3,6774,STAT3,6774
206118_at,STAT4,6775,STAT4,6775
203010_at,STAT5A,6776,STAT5A,6776
205026_at,STAT5B,6777,STAT5B,6777
212549_at,STAT5B,6777,STAT5B,6777
212550_at,STAT5B,6777,STAT5B,6777
201331_s_at,STAT6,6778,STAT6,6778
201332_s_at,STAT6,6778,STAT6,6778
206835_at,STATH,6779,STATH,6779
207320_x_at,STAU1,6780,STAU1,6780
208948_s_at,STAU1,6780,STAU1,6780
211505_s_at,STAU1,6780,STAU1,6780
213037_x_at,STAU1,6780,STAU1,6780
204226_at,STAU2,27067,STAU2,27067
204595_s_at,STC1,6781,STC1,6781
204596_s_at,STC1,6781,STC1,6781
204597_x_at,STC1,6781,STC1,6781
203438_at,STC2,8614,STC2,8614
203439_s_at,STC2,8614,STC2,8614
205542_at,STEAP1,26872,STEAP1,26872
217553_at,STEAP1B,256227,STEAP1B,256227
218424_s_at,STEAP3,55240,STEAP3,55240
220187_at,STEAP4,79689,STEAP4,79689
205339_at,STIL,6491,STIL,6491
202764_at,STIM1,6786,STIM1,6786
212009_s_at,STIP1,10963,STIP1,10963
213330_s_at,STIP1,10963,STIP1,10963
203047_at,STK10,6793,STK10,6793
40420_at,STK10,6793,STK10,6793
204292_x_at,STK11,6794,STK11,6794
41657_at,STK11,6794,STK11,6794
209622_at,STK16,8576,STK16,8576
202693_s_at,STK17A,9263,STK17A,9263
202694_at,STK17A,9263,STK17A,9263
202695_s_at,STK17A,9263,STK17A,9263
205214_at,STK17B,9262,STK17B,9262
217503_at,STK17B,9262,STK17B,9262
204090_at,STK19,8859,STK19,8859
36019_at,STK19,8859,STK19,8859
208854_s_at,STK24,8428,STK24,8428
208855_s_at,STK24,8428,STK24,8428
215188_at,STK24,8428,STK24,8428
201314_at,STK25,10494,STK25,10494
218499_at,STK26,51765,STK26,51765
204068_at,STK3,6788,STK3,6788
211078_s_at,STK3,6788,STK3,6788
219686_at,STK32B,55351,STK32B,55351
202951_at,STK38,11329,STK38,11329
216451_at,STK38,11329,STK38,11329
216727_at,STK38,11329,STK38,11329
212565_at,STK38L,23012,STK38L,23012
212572_at,STK38L,23012,STK38L,23012
202786_at,STK39,27347,STK39,27347
205411_at,STK4,6789,STK4,6789
211085_s_at,STK4,6789,STK4,6789
200783_s_at,STMN1,3925,STMN1,3925
203000_at,STMN2,11075,STMN2,11075
203001_s_at,STMN2,11075,STMN2,11075
218207_s_at,STMN3,50861,STMN3,50861
221236_s_at,STMN4,81551,STMN4,81551
201060_x_at,STOM,2040,STOM,2040
201061_s_at,STOM,2040,STOM,2040
201062_at,STOM,2040,STOM,2040
204701_s_at,STOML1,9399,STOML1,9399
33736_at,STOML1,9399,STOML1,9399
215416_s_at,STOML2,30968,STOML2,30968
213413_at,STON1,11037,STON1,11037
220190_s_at,STON1-GTF2A1L///GTF2A1L,286749///11036,STON1-GTF2A1L///GTF2A1L,286749///11036
209478_at,STRA13,201254,STRA13,201254
221701_s_at,STRA6,64220,STRA6,64220
221554_at,STRADA,92335,STRADA,92335
52169_at,STRADA,92335,STRADA,92335
200870_at,STRAP,11171,STRAP,11171
205520_at,STRN,6801,STRN,6801
215287_at,STRN,6801,STRN,6801
204496_at,STRN3,29966,STRN3,29966
215505_s_at,STRN3,29966,STRN3,29966
217903_at,STRN4,29888,STRN4,29888
203767_s_at,STS,412,STS,412
203768_s_at,STS,412,STS,412
203769_s_at,STS,412,STS,412
203770_s_at,STS,412,STS,412
202223_at,STT3A,3703,STT3A,3703
217934_x_at,STUB1,10273,STUB1,10273
213925_at,STUM,375057,STUM,375057
212625_at,STX10,8677,STX10,8677
210190_at,STX11,8676,STX11,8676
212111_at,STX12,23673,STX12,23673
212112_s_at,STX12,23673,STX12,23673
221499_s_at,STX16,8675,STX16,8675
221500_s_at,STX16,8675,STX16,8675
221638_s_at,STX16,8675,STX16,8675
218666_s_at,STX17,55014,STX17,55014
218763_at,STX18,53407,STX18,53407
204729_s_at,STX1A,6804,STX1A,6804
207346_at,STX2,2054,STX2,2054
213434_at,STX2,2054,STX2,2054
209238_at,STX3,6809,STX3,6809
216985_s_at,STX3,6809,STX3,6809
203530_s_at,STX4,6810,STX4,6810
203330_s_at,STX5,6811,STX5,6811
212799_at,STX6,10228,STX6,10228
212800_at,STX6,10228,STX6,10228
214441_at,STX6,10228,STX6,10228
203457_at,STX7,8417,STX7,8417
212631_at,STX7,8417,STX7,8417
212632_at,STX7,8417,STX7,8417
204690_at,STX8,9482,STX8,9482
202260_s_at,STXBP1,6812,STXBP1,6812
209367_at,STXBP2,6813,STXBP2,6813
203310_at,STXBP3,6814,STXBP3,6814
215518_at,STXBP5L,9515,STXBP5L,9515
220994_s_at,STXBP6,29091,STXBP6,29091
220995_at,STXBP6,29091,STXBP6,29091
220030_at,STYK1,55359,STYK1,55359
221696_s_at,STYK1,55359,STYK1,55359
218321_x_at,STYXL1,51657,STYXL1,51657
212857_x_at,SUB1,10923,SUB1,10923
214512_s_at,SUB1,10923,SUB1,10923
221727_at,SUB1,10923,SUB1,10923
202930_s_at,SUCLA2,8803,SUCLA2,8803
217874_at,SUCLG1,8802,SUCLG1,8802
212459_x_at,SUCLG2,8801,SUCLG2,8801
214835_s_at,SUCLG2,8801,SUCLG2,8801
215772_x_at,SUCLG2,8801,SUCLG2,8801
215774_s_at,SUCLG2,8801,SUCLG2,8801
203429_s_at,SUCO,51430,SUCO,51430
219655_at,SUGCT,79783,SUGCT,79783
209547_s_at,SUGP1,57794,SUGP1,57794
215004_s_at,SUGP1,57794,SUGP1,57794
212000_at,SUGP2,10147,SUGP2,10147
212001_at,SUGP2,10147,SUGP2,10147
213505_s_at,SUGP2,10147,SUGP2,10147
214092_x_at,SUGP2,10147,SUGP2,10147
64371_at,SUGP2,10147,SUGP2,10147
212344_at,SULF1,23213,SULF1,23213
212353_at,SULF1,23213,SULF1,23213
212354_at,SULF1,23213,SULF1,23213
203615_x_at,SULT1A1,6817,SULT1A1,6817
215299_x_at,SULT1A1,6817,SULT1A1,6817
207122_x_at,SULT1A2,6799,SULT1A2,6799
211385_x_at,SULT1A2,6799,SULT1A2,6799
207601_at,SULT1B1,27284,SULT1B1,27284
205342_s_at,SULT1C2,6819,SULT1C2,6819
205343_at,SULT1C2,6819,SULT1C2,6819
211470_s_at,SULT1C2,6819,SULT1C2,6819
219934_s_at,SULT1E1,6783,SULT1E1,6783
206292_s_at,SULT2A1,6822,SULT2A1,6822
206293_at,SULT2A1,6822,SULT2A1,6822
205759_s_at,SULT2B1,6820,SULT2B1,6820
219425_at,SULT4A1,25830,SULT4A1,25830
208761_s_at,SUMO1,7341,SUMO1,7341
208762_at,SUMO1,7341,SUMO1,7341
211069_s_at,SUMO1,7341,SUMO1,7341
200739_s_at,SUMO3,6612,SUMO3,6612
200740_s_at,SUMO3,6612,SUMO3,6612
215452_x_at,SUMO4,387082,SUMO4,387082
206487_at,SUN1,23353,SUN1,23353
212074_at,SUN1,23353,SUN1,23353
214169_at,SUN1,23353,SUN1,23353
212144_at,SUN2,25777,SUN2,25777
204067_at,SUOX,6821,SUOX,6821
217815_at,SUPT16H,11198,SUPT16H,11198
216682_s_at,SUPT20H,55578,SUPT20H,55578
216717_at,SUPT20H,55578,SUPT20H,55578
220408_x_at,SUPT20H,55578,SUPT20H,55578
221774_x_at,SUPT20H,55578,SUPT20H,55578
214027_x_at,SUPT20H///DES,55578///1674,SUPT20H///DES,55578///1674
206506_s_at,SUPT3H,8464,SUPT3H,8464
211106_at,SUPT3H,8464,SUPT3H,8464
201483_s_at,SUPT4H1,6827,SUPT4H1,6827
201484_at,SUPT4H1,6827,SUPT4H1,6827
201480_s_at,SUPT5H,6829,SUPT5H,6829
208420_x_at,SUPT6H,6830,SUPT6H,6830
208830_s_at,SUPT6H,6830,SUPT6H,6830
208831_x_at,SUPT6H,6830,SUPT6H,6830
201836_s_at,SUPT7L,9913,SUPT7L,9913
201837_s_at,SUPT7L,9913,SUPT7L,9913
201838_s_at,SUPT7L,9913,SUPT7L,9913
212894_at,SUPV3L1,6832,SUPV3L1,6832
204295_at,SURF1,6834,SURF1,6834
217646_at,SURF1,6834,SURF1,6834
205224_at,SURF2,6835,SURF2,6835
219389_at,SUSD4,55061,SUSD4,55061
214954_at,SUSD5,26032,SUSD5,26032
202181_at,SUSD6,9766,SUSD6,9766
218619_s_at,SUV39H1,6839,SUV39H1,6839
219262_at,SUV39H2,79723,SUV39H2,79723
212287_at,SUZ12,23512,SUZ12,23512
213971_s_at,SUZ12P1///SUZ12,440423///23512,SUZ12P1///SUZ12,440423///23512
203069_at,SV2A,9900,SV2A,9900
205551_at,SV2B,9899,SV2B,9899
216086_at,SV2C,22987,SV2C,22987
213247_at,SVEP1,79987,SVEP1,79987
219552_at,SVEP1,79987,SVEP1,79987
202565_s_at,SVIL,6840,SVIL,6840
202566_s_at,SVIL,6840,SVIL,6840
217634_at,SVIL,6840,SVIL,6840
209306_s_at,SWAP70,23075,SWAP70,23075
209307_at,SWAP70,23075,SWAP70,23075
210369_at,SWAP70,23075,SWAP70,23075
218692_at,SYBU,55638,SYBU,55638
215301_at,SYCE1L,100130958,SYCE1L,100130958
206740_x_at,SYCP1,6847,SYCP1,6847
216917_s_at,SYCP1,6847,SYCP1,6847
206546_at,SYCP2,10388,SYCP2,10388
212962_at,SYDE1,85360,SYDE1,85360
216271_x_at,SYDE1,85360,SYDE1,85360
216272_x_at,SYDE1,85360,SYDE1,85360
44702_at,SYDE1,85360,SYDE1,85360
202553_s_at,SYF2,25949,SYF2,25949
207540_s_at,SYK,6850,SYK,6850
209269_s_at,SYK,6850,SYK,6850
202339_at,SYMPK,8189,SYMPK,8189
32402_s_at,SYMPK,8189,SYMPK,8189
221914_at,SYN1,6853,SYN1,6853
210247_at,SYN2,6854,SYN2,6854
210315_at,SYN2,6854,SYN2,6854
206322_at,SYN3,8224,SYN3,8224
221276_s_at,SYNC,81493,SYNC,81493
209024_s_at,SYNCRIP,10492,SYNCRIP,10492
209025_s_at,SYNCRIP,10492,SYNCRIP,10492
217832_at,SYNCRIP,10492,SYNCRIP,10492
217833_at,SYNCRIP,10492,SYNCRIP,10492
217834_s_at,SYNCRIP,10492,SYNCRIP,10492
219310_at,SYNDIG1,79953,SYNDIG1,79953
209447_at,SYNE1,23345,SYNE1,23345
215350_at,SYNE1,23345,SYNE1,23345
202761_s_at,SYNE2,23224,SYNE2,23224
219563_at,SYNE3///LINC00341,161176///79686,SYNE3///LINC00341,161176///79686
204287_at,SYNGR1,9145,SYNGR1,9145
210613_s_at,SYNGR1,9145,SYNGR1,9145
213854_at,SYNGR1,9145,SYNGR1,9145
201079_at,SYNGR2,9144,SYNGR2,9144
205691_at,SYNGR3,9143,SYNGR3,9143
206719_at,SYNGR4,23546,SYNGR4,23546
207594_s_at,SYNJ1,8867,SYNJ1,8867
212990_at,SYNJ1,8867,SYNJ1,8867
210612_s_at,SYNJ2,8871,SYNJ2,8871
212828_at,SYNJ2,8871,SYNJ2,8871
216180_s_at,SYNJ2,8871,SYNJ2,8871
216181_at,SYNJ2,8871,SYNJ2,8871
216182_at,SYNJ2,8871,SYNJ2,8871
217645_at,SYNJ2BP-COX16///COX16,100529257///51241,SYNJ2BP-COX16///COX16,100529257///51241
219156_at,SYNJ2BP-COX16///SYNJ2BP,100529257///55333,SYNJ2BP-COX16///SYNJ2BP,100529257///55333
212730_at,SYNM,23336,SYNM,23336
202796_at,SYNPO,11346,SYNPO,11346
219804_at,SYNPO2L,79933,SYNPO2L,79933
221937_at,SYNRG,11276,SYNRG,11276
64418_at,SYNRG,11276,SYNRG,11276
213200_at,SYP,6855,SYP,6855
201259_s_at,SYPL1,6856,SYPL1,6856
201260_s_at,SYPL1,6856,SYPL1,6856
218094_s_at,SYS1-DBNDD2///SYS1///DBNDD2,767557///90196///55861,SYS1-DBNDD2///SYS1///DBNDD2,767557///90196///55861
203998_s_at,SYT1,6857,SYT1,6857
203999_at,SYT1,6857,SYT1,6857
209197_at,SYT11,23208,SYT11,23208
209198_s_at,SYT11,23208,SYT11,23208
215860_at,SYT12,91683,SYT12,91683
215865_at,SYT12,91683,SYT12,91683
221859_at,SYT13,57586,SYT13,57586
205613_at,SYT17,51760,SYT17,51760
214903_at,SYT2,127833,SYT2,127833
206161_s_at,SYT5,6861,SYT5,6861
206162_x_at,SYT5,6861,SYT5,6861
220613_s_at,SYTL2,54843,SYTL2,54843
212002_at,SZRD1,26099,SZRD1,26099
212003_at,SZRD1,26099,SZRD1,26099
212004_at,SZRD1,26099,SZRD1,26099
212005_at,SZRD1,26099,SZRD1,26099
203900_at,SZT2,23334,SZT2,23334
215364_s_at,SZT2,23334,SZT2,23334
206524_at,T,6862,T,6862
221394_at,TAAR2,9287,TAAR2,9287
221393_at,TAAR3,9288,TAAR3,9288
221459_at,TAAR5,9038,TAAR5,9038
203901_at,TAB1,10454,TAB1,10454
210284_s_at,TAB2,23118,TAB2,23118
212184_s_at,TAB2,23118,TAB2,23118
206552_s_at,TAC1,6863,TAC1,6863
219992_at,TAC3,6866,TAC3,6866
200911_s_at,TACC1,6867,TACC1,6867
217433_at,TACC1,6867,TACC1,6867
217437_s_at,TACC1,6867,TACC1,6867
202289_s_at,TACC2,10579,TACC2,10579
211382_s_at,TACC2,10579,TACC2,10579
218308_at,TACC3,10460,TACC3,10460
221069_s_at,TACO1,51204,TACO1,51204
208048_at,TACR1,6869,TACR1,6869
208049_s_at,TACR1,6869,TACR1,6869
210637_at,TACR1,6869,TACR1,6869
214348_at,TACR2,6865,TACR2,6865
208183_at,TACR3,6870,TACR3,6870
202285_s_at,TACSTD2,4070,TACSTD2,4070
202286_s_at,TACSTD2,4070,TACSTD2,4070
202287_s_at,TACSTD2,4070,TACSTD2,4070
209938_at,TADA2A,6871,TADA2A,6871
210537_s_at,TADA2A,6871,TADA2A,6871
211221_at,TADA3,10474,TADA3,10474
215273_s_at,TADA3,10474,TADA3,10474
216711_s_at,TAF1,6872,TAF1,6872
216955_at,TAF1,6872,TAF1,6872
200055_at,TAF10,6881,TAF10,6881
209358_at,TAF11,6882,TAF11,6882
209463_s_at,TAF12,6883,TAF12,6883
205966_at,TAF13,6884,TAF13,6884
202840_at,TAF15,8148,TAF15,8148
206613_s_at,TAF1A,9015,TAF1A,9015
214690_at,TAF1B,9014,TAF1B,9014
216941_s_at,TAF1B,9014,TAF1B,9014
203937_s_at,TAF1C,9013,TAF1C,9013
203938_s_at,TAF1C,9013,TAF1C,9013
218750_at,TAF1D,79101,TAF1D,79101
209523_at,TAF2,6873,TAF2,6873
208545_x_at,TAF4,6874,TAF4,6874
213090_s_at,TAF4,6874,TAF4,6874
216226_at,TAF4B,6875,TAF4B,6875
210053_at,TAF5,6877,TAF5,6877
213654_at,TAF5L,27097,TAF5L,27097
203572_s_at,TAF6,6878,TAF6,6878
205955_at,TAF6L,10629,TAF6L,10629
213209_at,TAF6L,10629,TAF6L,10629
213210_at,TAF6L,10629,TAF6L,10629
213211_s_at,TAF6L,10629,TAF6L,10629
213961_s_at,TAF6L,10629,TAF6L,10629
222053_at,TAF6L,10629,TAF6L,10629
201023_at,TAF7,6879,TAF7,6879
220325_at,TAF7L,54457,TAF7L,54457
221616_s_at,TAF9B,51616,TAF9B,51616
221617_at,TAF9B,51616,TAF9B,51616
221618_s_at,TAF9B,51616,TAF9B,51616
205547_s_at,TAGLN,6876,TAGLN,6876
200916_at,TAGLN2,8407,TAGLN2,8407
210978_s_at,TAGLN2,8407,TAGLN2,8407
204743_at,TAGLN3,29114,TAGLN3,29114
206283_s_at,TAL1,6886,TAL1,6886
216925_s_at,TAL1,6886,TAL1,6886
216928_at,TAL1,6886,TAL1,6886
201463_s_at,TALDO1,6888,TALDO1,6888
208425_s_at,TANC2,26115,TANC2,26115
207616_s_at,TANK,10010,TANK,10010
209451_at,TANK,10010,TANK,10010
210458_s_at,TANK,10010,TANK,10010
216310_at,TAOK1,57551,TAOK1,57551
204877_s_at,TAOK2,9344,TAOK2,9344
204878_s_at,TAOK2,9344,TAOK2,9344
204986_s_at,TAOK2,9344,TAOK2,9344
220761_s_at,TAOK3,51347,TAOK3,51347
221508_at,TAOK3,51347,TAOK3,51347
202307_s_at,TAP1,6890,TAP1,6890
204769_s_at,TAP2,6891,TAP2,6891
204770_at,TAP2,6891,TAP2,6891
208428_at,TAP2,6891,TAP2,6891
208829_at,TAPBP,6892,TAPBP,6892
210294_at,TAPBP,6892,TAPBP,6892
218746_at,TAPBPL,55080,TAPBPL,55080
218747_s_at,TAPBPL,55080,TAPBPL,55080
216373_at,TAPT1,202018,TAPT1,202018
216507_at,TAPT1,202018,TAPT1,202018
202813_at,TARBP1,6894,TARBP1,6894
203677_s_at,TARBP2,6895,TARBP2,6895
200020_at,TARDBP,23435,TARDBP,23435
221264_s_at,TARDBP,23435,TARDBP,23435
216298_at,TARP,445347,TARP,445347
217381_s_at,TARP,445347,TARP,445347
209813_x_at,TARP///TRGV9///TRGC2,445347///6983///6967,TARP///TRGV9///TRGC2,445347///6983///6967
211144_x_at,TARP///TRGV9///TRGC2,445347///6983///6967,TARP///TRGV9///TRGC2,445347///6983///6967
215806_x_at,TARP///TRGV9///TRGC2,445347///6983///6967,TARP///TRGV9///TRGC2,445347///6983///6967
216920_s_at,TARP///TRGV9///TRGC2,445347///6983///6967,TARP///TRGV9///TRGC2,445347///6983///6967
201263_at,TARS,6897,TARS,6897
221324_at,TAS2R1,50834,TAS2R1,50834
221397_at,TAS2R10,50839,TAS2R10,50839
221395_at,TAS2R13,50838,TAS2R13,50838
221391_at,TAS2R14,50840,TAS2R14,50840
221444_at,TAS2R16,50833,TAS2R16,50833
221456_at,TAS2R3,50831,TAS2R3,50831
221392_at,TAS2R4,50832,TAS2R4,50832
221396_at,TAS2R7,50837,TAS2R7,50837
221398_at,TAS2R8,50836,TAS2R8,50836
221461_at,TAS2R9,50835,TAS2R9,50835
219443_at,TASP1,55617,TASP1,55617
206916_x_at,TAT,6898,TAT,6898
214413_at,TAT,6898,TAT,6898
203648_at,TATDN2,9797,TATDN2,9797
200976_s_at,TAX1BP1,8887,TAX1BP1,8887
200977_s_at,TAX1BP1,8887,TAX1BP1,8887
213786_at,TAX1BP1,8887,TAX1BP1,8887
203977_at,TAZ,6901,TAZ,6901
37278_at,TAZ,6901,TAZ,6901
212350_at,TBC1D1,23216,TBC1D1,23216
214013_s_at,TBC1D1,23216,TBC1D1,23216
220947_s_at,TBC1D10B,26000,TBC1D10B,26000
221858_at,TBC1D12,23232,TBC1D12,23232
218596_at,TBC1D13,54662,TBC1D13,54662
44696_at,TBC1D13,54662,TBC1D13,54662
218268_at,TBC1D15,64786,TBC1D15,64786
222116_s_at,TBC1D16,125058,TBC1D16,125058
218466_at,TBC1D17,79735,TBC1D17,79735
220260_at,TBC1D19,55296,TBC1D19,55296
222173_s_at,TBC1D2,55357,TBC1D2,55357
209650_s_at,TBC1D22A,25771,TBC1D22A,25771
210144_at,TBC1D22A,25771,TBC1D22A,25771
33778_at,TBC1D22A,25771,TBC1D22A,25771
216549_s_at,TBC1D22B,55633,TBC1D22B,55633
208008_at,TBC1D29,26083,TBC1D29,26083
212796_s_at,TBC1D2B,23102,TBC1D2B,23102
215640_at,TBC1D2B,23102,TBC1D2B,23102
215951_at,TBC1D2B,23102,TBC1D2B,23102
213912_at,TBC1D30,23329,TBC1D30,23329
213913_s_at,TBC1D30,23329,TBC1D30,23329
215186_at,TBC1D30,23329,TBC1D30,23329
214061_at,TBC1D31,93594,TBC1D31,93594
209403_at,TBC1D3I///TBC1D3E///LOC101060389///TBC1D3L///TBC1D3K///TBC1D3G///TBC1D3H///TBC1D3///TBC1D3C///TBC1D3F,102724862///102723859///101060389///101060376///101060351///101060321///729877///729873///414060///84218,TBC1D3I///TBC1D3E///LOC101060389///TBC1D3L///TBC1D3K///TBC1D3G///TBC1D3H///TBC1D3///TBC1D3C///TBC1D3F,102724862///102723859///101060389///101060376///101060351///101060321///729877///729873///414060///84218
221194_s_at,TBC1D3P1-DHX40P1///RNFT1,653645///51136,TBC1D3P1-DHX40P1///RNFT1,653645///51136
203386_at,TBC1D4,9882,TBC1D4,9882
203387_s_at,TBC1D4,9882,TBC1D4,9882
201813_s_at,TBC1D5,9779,TBC1D5,9779
201814_at,TBC1D5,9779,TBC1D5,9779
201815_s_at,TBC1D5,9779,TBC1D5,9779
204526_s_at,TBC1D8,11138,TBC1D8,11138
221592_at,TBC1D8,11138,TBC1D8,11138
219771_at,TBC1D8B,54885,TBC1D8B,54885
212956_at,TBC1D9,23158,TBC1D9,23158
212960_at,TBC1D9,23158,TBC1D9,23158
206431_x_at,TBC1D9B,23061,TBC1D9B,23061
212052_s_at,TBC1D9B,23061,TBC1D9B,23061
212054_x_at,TBC1D9B,23061,TBC1D9B,23061
215994_x_at,TBC1D9B,23061,TBC1D9B,23061
203667_at,TBCA,6902,TBCA,6902
201804_x_at,TBCB,1155,TBCB,1155
211759_x_at,TBCB,1155,TBCB,1155
216194_s_at,TBCB,1155,TBCB,1155
202495_at,TBCC,6903,TBCC,6903
206451_at,TBCCD1,55171,TBCCD1,55171
201759_at,TBCD,6904,TBCD,6904
211052_s_at,TBCD,6904,TBCD,6904
203714_s_at,TBCE,6905,TBCE,6905
203715_at,TBCE,6905,TBCE,6905
222365_at,TBCEL,219899,TBCEL,219899
218520_at,TBK1,29110,TBK1,29110
205424_at,TBKBP1,9755,TBKBP1,9755
201867_s_at,TBL1X,6907,TBL1X,6907
201868_s_at,TBL1X,6907,TBL1X,6907
201869_s_at,TBL1X,6907,TBL1X,6907
213400_s_at,TBL1X,6907,TBL1X,6907
213401_s_at,TBL1X,6907,TBL1X,6907
221428_s_at,TBL1XR1,79718,TBL1XR1,79718
211462_s_at,TBL1Y,90665,TBL1Y,90665
212679_at,TBL2,26608,TBL2,26608
212685_s_at,TBL2,26608,TBL2,26608
209820_s_at,TBL3,10607,TBL3,10607
203135_at,TBP,6908,TBP,6908
208398_s_at,TBPL1,9519,TBPL1,9519
220025_at,TBR1,10716,TBR1,10716
220961_s_at,TBRG4,9238,TBRG4,9238
207662_at,TBX1,6899,TBX1,6899
211273_s_at,TBX1,6899,TBX1,6899
211274_at,TBX1,6899,TBX1,6899
207689_at,TBX10,347853,TBX10,347853
222377_at,TBX10,347853,TBX10,347853
206838_at,TBX19,9095,TBX19,9095
205993_s_at,TBX2,6909,TBX2,6909
213417_at,TBX2,6909,TBX2,6909
221977_at,TBX2,6909,TBX2,6909
40560_at,TBX2,6909,TBX2,6909
220684_at,TBX21,30009,TBX21,30009
219682_s_at,TBX3,6926,TBX3,6926
220634_at,TBX4,9496,TBX4,9496
207155_at,TBX5,6910,TBX5,6910
211886_s_at,TBX5,6910,TBX5,6910
207684_at,TBX6,6911,TBX6,6911
215122_at,TBX6,6911,TBX6,6911
207554_x_at,TBXA2R,6915,TBXA2R,6915
207555_s_at,TBXA2R,6915,TBXA2R,6915
211590_x_at,TBXA2R,6915,TBXA2R,6915
336_at,TBXA2R,6915,TBXA2R,6915
208130_s_at,TBXAS1,6916,TBXAS1,6916
205766_at,TCAP,8557,TCAP,8557
216241_s_at,TCEA1,6917,TCEA1,6917
203919_at,TCEA2,6919,TCEA2,6919
204045_at,TCEAL1,9338,TCEAL1,9338
211276_at,TCEAL2,140597,TCEAL2,140597
202371_at,TCEAL4,79921,TCEAL4,79921
217975_at,TCEAL9,51186,TCEAL9,51186
202823_at,TCEB1,6921,TCEB1,6921
202824_s_at,TCEB1,6921,TCEB1,6921
200085_s_at,TCEB2,6923,TCEB2,6923
213877_x_at,TCEB2,6923,TCEB2,6923
202818_s_at,TCEB3,6924,TCEB3,6924
202819_s_at,TCEB3,6924,TCEB3,6924
213604_at,TCEB3,6924,TCEB3,6924
213685_at,TCEB3-AS1,100506963,TCEB3-AS1,100506963
220844_at,TCEB3B,51224,TCEB3B,51224
202396_at,TCERG1,10915,TCERG1,10915
208986_at,TCF12,6938,TCF12,6938
215611_at,TCF12,6938,TCF12,6938
207306_at,TCF15,6939,TCF15,6939
212931_at,TCF20,6942,TCF20,6942
215511_at,TCF20,6942,TCF20,6942
204931_at,TCF21,6943,TCF21,6943
213311_s_at,TCF25,22980,TCF25,22980
214704_at,TCF25,22980,TCF25,22980
221495_s_at,TCF25,22980,TCF25,22980
202648_at,TCF3,6929,TCF3,6929
209151_x_at,TCF3,6929,TCF3,6929
209152_s_at,TCF3,6929,TCF3,6929
209153_s_at,TCF3,6929,TCF3,6929
210776_x_at,TCF3,6929,TCF3,6929
213730_x_at,TCF3,6929,TCF3,6929
213731_s_at,TCF3,6929,TCF3,6929
213732_at,TCF3,6929,TCF3,6929
213809_x_at,TCF3,6929,TCF3,6929
213811_x_at,TCF3,6929,TCF3,6929
215260_s_at,TCF3,6929,TCF3,6929
216645_at,TCF3,6929,TCF3,6929
216647_at,TCF3,6929,TCF3,6929
203753_at,TCF4,6925,TCF4,6925
212382_at,TCF4,6925,TCF4,6925
212385_at,TCF4,6925,TCF4,6925
212386_at,TCF4,6925,TCF4,6925
212387_at,TCF4,6925,TCF4,6925
213891_s_at,TCF4,6925,TCF4,6925
222146_s_at,TCF4,6925,TCF4,6925
205254_x_at,TCF7,6932,TCF7,6932
205255_x_at,TCF7,6932,TCF7,6932
221016_s_at,TCF7L1,83439,TCF7L1,83439
212759_s_at,TCF7L2,6934,TCF7L2,6934
212761_at,TCF7L2,6934,TCF7L2,6934
212762_s_at,TCF7L2,6934,TCF7L2,6934
216035_x_at,TCF7L2,6934,TCF7L2,6934
216037_x_at,TCF7L2,6934,TCF7L2,6934
216511_s_at,TCF7L2,6934,TCF7L2,6934
204849_at,TCFL5,10732,TCFL5,10732
213780_at,TCHH,7062,TCHH,7062
204158_s_at,TCIRG1,10312,TCIRG1,10312
209995_s_at,TCL1A,8115,TCL1A,8115
39318_at,TCL1A,8115,TCL1A,8115
206413_s_at,TCL1B,9623,TCL1B,9623
207894_s_at,TCL6,27004,TCL6,27004
219839_x_at,TCL6,27004,TCL6,27004
219840_s_at,TCL6,27004,TCL6,27004
221054_s_at,TCL6,27004,TCL6,27004
221624_at,TCL6,27004,TCL6,27004
205513_at,TCN1,6947,TCN1,6947
204043_at,TCN2,6948,TCN2,6948
202384_s_at,TCOF1,6949,TCOF1,6949
202385_s_at,TCOF1,6949,TCOF1,6949
207503_at,TCP10,6953,TCP10,6953
220826_at,TCP10L,140290,TCP10L,140290
220378_at,TCP11,6954,TCP11,6954
205796_at,TCP11L1,55346,TCP11L1,55346
205797_s_at,TCP11L1,55346,TCP11L1,55346
203054_s_at,TCTA,6988,TCTA,6988
218584_at,TCTN1,79600,TCTN1,79600
206438_x_at,TCTN2,79867,TCTN2,79867
212121_at,TCTN3,26123,TCTN3,26123
212123_at,TCTN3,26123,TCTN3,26123
203743_s_at,TDG,6996,TDG,6996
206286_s_at,TDGF1P3///TDGF1,6998///6997,TDGF1P3///TDGF1,6998///6997
205943_at,TDO2,6999,TDO2,6999
219715_s_at,TDP1,55775,TDP1,55775
202266_at,TDP2,51567,TDP2,51567
221018_s_at,TDRD1,56165,TDRD1,56165
215356_at,TDRD12,91646,TDRD12,91646
208089_s_at,TDRD3,81550,TDRD3,81550
214028_x_at,TDRD3,81550,TDRD3,81550
213361_at,TDRD7,23424,TDRD7,23424
221052_at,TDRKH,11022,TDRKH,11022
221053_s_at,TDRKH,11022,TDRKH,11022
214600_at,TEAD1,7003,TEAD1,7003
209454_s_at,TEAD3,7005,TEAD3,7005
204281_at,TEAD4,7004,TEAD4,7004
41037_at,TEAD4,7004,TEAD4,7004
206301_at,TEC,7006,TEC,7006
204307_at,TECPR2,9895,TECPR2,9895
204308_s_at,TECPR2,9895,TECPR2,9895
208336_s_at,TECR,9524,TECR,9524
221296_at,TECTA,7007,TECTA,7007
210167_s_at,TEF,7008,TEF,7008
215673_at,TEF,7008,TEF,7008
215675_at,TEF,7008,TEF,7008
219146_at,TEFM,79736,TEFM,79736
206702_at,TEK,7010,TEK,7010
217711_at,TEK,7010,TEK,7010
210323_at,TEKT2,27285,TEKT2,27285
209528_s_at,TELO2,9894,TELO2,9894
34260_at,TELO2,9894,TELO2,9894
207188_at,TEN1-CDK3///CDK3,100529145///1018,TEN1-CDK3///CDK3,100529145///1018
205728_at,TENM1,10178,TENM1,10178
219523_s_at,TENM3,55714,TENM3,55714
213273_at,TENM4,26011,TENM4,26011
205727_at,TEP1,7011,TEP1,7011
203448_s_at,TERF1,7013,TERF1,7013
203449_s_at,TERF1,7013,TERF1,7013
203611_at,TERF2,7014,TERF2,7014
201174_s_at,TERF2IP,54386,TERF2IP,54386
207199_at,TERT,7015,TERT,7015
202719_s_at,TES,26136,TES,26136
202720_at,TES,26136,TES,26136
218872_at,TESC,54997,TESC,54997
204106_at,TESK1,7016,TESK1,7016
205486_at,TESK2,10420,TESK2,10420
219786_at,TESMIN,9633,TESMIN,9633
219724_s_at,TESPA1,9840,TESPA1,9840
214862_x_at,TET1,80312,TET1,80312
214754_at,TET3,200424,TET3,200424
218104_at,TEX10,54881,TEX10,54881
221259_s_at,TEX11,56159,TEX11,56159
221438_s_at,TEX12,56158,TEX12,56158
221429_x_at,TEX13A,56157,TEX13A,56157
221034_s_at,TEX13B,56156,TEX13B,56156
221035_s_at,TEX14,56155,TEX14,56155
221448_s_at,TEX15,56154,TEX15,56154
218099_at,TEX2,55852,TEX2,55852
212083_at,TEX261,113419,TEX261,113419
212084_at,TEX261,113419,TEX261,113419
218548_x_at,TEX264,51368,TEX264,51368
207364_at,TEX28,1527,TEX28,1527
213346_at,TEX30,93081,TEX30,93081
219883_at,TEX40,25858,TEX40,25858
203400_s_at,TF,7018,TF,7018
214063_s_at,TF,7018,TF,7018
214064_at,TF,7018,TF,7018
220109_at,TF,7018,TF,7018
203176_s_at,TFAM,7019,TFAM,7019
203177_x_at,TFAM,7019,TFAM,7019
208541_x_at,TFAM,7019,TFAM,7019
204653_at,TFAP2A,7020,TFAP2A,7020
204654_s_at,TFAP2A,7020,TFAP2A,7020
210669_at,TFAP2A,7020,TFAP2A,7020
214451_at,TFAP2B,7021,TFAP2B,7021
215686_x_at,TFAP2B,7021,TFAP2B,7021
205286_at,TFAP2C,7022,TFAP2C,7022
205287_s_at,TFAP2C,7022,TFAP2C,7022
205688_at,TFAP4,7023,TFAP4,7023
219169_s_at,TFB1M,51106,TFB1M,51106
218605_at,TFB2M,64216,TFB2M,64216
207627_s_at,TFCP2,7024,TFCP2,7024
209338_at,TFCP2,7024,TFCP2,7024
219735_s_at,TFCP2L1,29842,TFCP2L1,29842
204147_s_at,TFDP1,7027,TFDP1,7027
212330_at,TFDP1,7027,TFDP1,7027
203588_s_at,TFDP2,7029,TFDP2,7029
203589_s_at,TFDP2,7029,TFDP2,7029
207385_at,TFDP3,51270,TFDP3,51270
206649_s_at,TFE3,7030,TFE3,7030
212457_at,TFE3,7030,TFE3,7030
221866_at,TFEB,7942,TFEB,7942
50221_at,TFEB,7942,TFEB,7942
206715_at,TFEC,22797,TFEC,22797
205009_at,TFF1,7031,TFF1,7031
214476_at,TFF2,7032,TFF2,7032
204623_at,TFF3,7033,TFF3,7033
217839_at,TFG,10342,TFG,10342
221871_s_at,TFG,10342,TFG,10342
202750_s_at,TFIP11,24144,TFIP11,24144
202751_at,TFIP11,24144,TFIP11,24144
209676_at,TFPI,7035,TFPI,7035
210664_s_at,TFPI,7035,TFPI,7035
210665_at,TFPI,7035,TFPI,7035
213258_at,TFPI,7035,TFPI,7035
214378_at,TFPI,7035,TFPI,7035
209277_at,TFPI2,7980,TFPI2,7980
209278_s_at,TFPI2,7980,TFPI2,7980
218996_at,TFPT,29844,TFPT,29844
207883_s_at,TFR2,7036,TFR2,7036
210215_at,TFR2,7036,TFR2,7036
215863_at,TFR2,7036,TFR2,7036
207332_s_at,TFRC,7037,TFRC,7037
208691_at,TFRC,7037,TFRC,7037
203673_at,TG,7038,TG,7038
208249_s_at,TGDS,23483,TGDS,23483
205015_s_at,TGFA,7039,TGFA,7039
205016_at,TGFA,7039,TGFA,7039
211258_s_at,TGFA,7039,TGFA,7039
203084_at,TGFB1,7040,TGFB1,7040
203085_s_at,TGFB1,7040,TGFB1,7040
209651_at,TGFB1I1,7041,TGFB1I1,7041
209908_s_at,TGFB2,7042,TGFB2,7042
209909_s_at,TGFB2,7042,TGFB2,7042
220406_at,TGFB2,7042,TGFB2,7042
220407_s_at,TGFB2,7042,TGFB2,7042
209747_at,TGFB3,7043,TGFB3,7043
201506_at,TGFBI,7045,TGFBI,7045
206943_at,TGFBR1,7046,TGFBR1,7046
207334_s_at,TGFBR2,7048,TGFBR2,7048
208944_at,TGFBR2,7048,TGFBR2,7048
204731_at,TGFBR3,7049,TGFBR3,7049
205210_at,TGFBRAP1,9392,TGFBRAP1,9392
221235_s_at,TGFBRAP1,9392,TGFBRAP1,9392
203313_s_at,TGIF1,7050,TGIF1,7050
216262_s_at,TGIF2,60436,TGIF2,60436
218724_s_at,TGIF2,60436,TGIF2,60436
217835_x_at,TGIF2-C20orf24///C20orf24,100527943///55969,TGIF2-C20orf24///C20orf24,100527943///55969
206008_at,TGM1,7051,TGM1,7051
201042_at,TGM2,7052,TGM2,7052
211003_x_at,TGM2,7052,TGM2,7052
211573_x_at,TGM2,7052,TGM2,7052
216183_at,TGM2,7052,TGM2,7052
206004_at,TGM3,7053,TGM3,7053
206260_at,TGM4,7047,TGM4,7047
217566_s_at,TGM4,7047,TGM4,7047
217567_at,TGM4,7047,TGM4,7047
207911_s_at,TGM5,9333,TGM5,9333
203833_s_at,TGOLN2,10618,TGOLN2,10618
203834_s_at,TGOLN2,10618,TGOLN2,10618
212040_at,TGOLN2,10618,TGOLN2,10618
212043_at,TGOLN2,10618,TGOLN2,10618
219231_at,TGS1,96764,TGS1,96764
208291_s_at,TH,7054,TH,7054
220212_s_at,THADA,63892,THADA,63892
54632_at,THADA,63892,THADA,63892
219292_at,THAP1,55145,THAP1,55145
219596_at,THAP10,56906,THAP10,56906
212910_at,THAP11,57215,THAP11,57215
209323_at,THAP12,5612,THAP12,5612
213192_at,THAP3,90326,THAP3,90326
217658_at,THAP3,90326,THAP3,90326
220417_s_at,THAP4,51078,THAP4,51078
218492_s_at,THAP7,80764,THAP7,80764
220360_at,THAP9,79725,THAP9,79725
215009_s_at,THAP9-AS1,100499177,THAP9-AS1,100499177
203887_s_at,THBD,7056,THBD,7056
203888_at,THBD,7056,THBD,7056
201107_s_at,THBS1,7057,THBS1,7057
201108_s_at,THBS1,7057,THBS1,7057
201109_s_at,THBS1,7057,THBS1,7057
201110_s_at,THBS1,7057,THBS1,7057
215775_at,THBS1,7057,THBS1,7057
203083_at,THBS2,7058,THBS2,7058
209561_at,THBS3,7059,THBS3,7059
204776_at,THBS4,7060,THBS4,7060
220808_at,THEG,51298,THEG,51298
218500_at,THEM6,51337,THEM6,51337
207571_x_at,THEMIS2,9473,THEMIS2,9473
210785_s_at,THEMIS2,9473,THEMIS2,9473
219122_s_at,THG1L,54974,THG1L,54974
219800_s_at,THNSL1,79896,THNSL1,79896
219044_at,THNSL2,55258,THNSL2,55258
204064_at,THOC1,9984,THOC1,9984
212994_at,THOC2,57187,THOC2,57187
222122_s_at,THOC2,57187,THOC2,57187
209418_s_at,THOC5,8563,THOC5,8563
209419_at,THOC5,8563,THOC5,8563
218848_at,THOC6,79228,THOC6,79228
218334_at,THOC7,80145,THOC7,80145
203235_at,THOP1,7064,THOP1,7064
211154_at,THPO,7066,THPO,7066
211155_s_at,THPO,7066,THPO,7066
211831_s_at,THPO,7066,THPO,7066
1316_at,THRA,7067,THRA,7067
204100_at,THRA,7067,THRA,7067
214883_at,THRA,7067,THRA,7067
35846_at,THRA,7067,THRA,7067
217847_s_at,THRAP3,9967,THRAP3,9967
207044_at,THRB,7068,THRB,7068
219153_s_at,THSD4,79875,THSD4,79875
213894_at,THSD7A,221981,THSD7A,221981
214920_at,THSD7A,221981,THSD7A,221981
218540_at,THTPA,79178,THTPA,79178
206555_s_at,THUMPD1,55623,THUMPD1,55623
213025_at,THUMPD1,55623,THUMPD1,55623
219248_at,THUMPD2,80745,THUMPD2,80745
208850_s_at,THY1,7070,THY1,7070
208851_s_at,THY1,7070,THY1,7070
213869_x_at,THY1,7070,THY1,7070
218491_s_at,THYN1,29087,THYN1,29087
201446_s_at,TIA1,7072,TIA1,7072
201447_at,TIA1,7072,TIA1,7072
201448_at,TIA1,7072,TIA1,7072
201449_at,TIA1,7072,TIA1,7072
201450_s_at,TIA1,7072,TIA1,7072
202405_at,TIAL1,7073,TIAL1,7073
202406_s_at,TIAL1,7073,TIAL1,7073
217500_at,TIAL1,7073,TIAL1,7073
206409_at,TIAM1,7074,TIAM1,7074
213135_at,TIAM1,7074,TIAM1,7074
219950_s_at,TIAM2,26230,TIAM2,26230
213191_at,TICAM1,148022,TICAM1,148022
204468_s_at,TIE1,7075,TIE1,7075
219099_at,TIGAR,57103,TIGAR,57103
220986_s_at,TIGD6,81789,TIGD6,81789
203046_s_at,TIMELESS,8914,TIMELESS,8914
215455_at,TIMELESS,8914,TIMELESS,8914
218408_at,TIMM10,26519,TIMM10,26519
217981_s_at,TIMM10B,26515,TIMM10B,26515
218188_s_at,TIMM13,26517,TIMM13,26517
201821_s_at,TIMM17A,10440,TIMM17A,10440
201822_at,TIMM17A,10440,TIMM17A,10440
215168_at,TIMM17A,10440,TIMM17A,10440
215171_s_at,TIMM17A,10440,TIMM17A,10440
203342_at,TIMM17B,10245,TIMM17B,10245
219184_x_at,TIMM22,29928,TIMM22,29928
218118_s_at,TIMM23B///TIMM23,100652748///100287932,TIMM23B///TIMM23,100652748///100287932
218119_at,TIMM23B///TIMM23,100652748///100287932,TIMM23B///TIMM23,100652748///100287932
203092_at,TIMM44,10469,TIMM44,10469
203093_s_at,TIMM44,10469,TIMM44,10469
217612_at,TIMM50,92609,TIMM50,92609
205217_at,TIMM8A,1678,TIMM8A,1678
210800_at,TIMM8A,1678,TIMM8A,1678
218357_s_at,TIMM8B,26521,TIMM8B,26521
218316_at,TIMM9,26520,TIMM9,26520
201666_at,TIMP1,7076,TIMP1,7076
203167_at,TIMP2,7077,TIMP2,7077
201147_s_at,TIMP3,7078,TIMP3,7078
201148_s_at,TIMP3,7078,TIMP3,7078
201149_s_at,TIMP3,7078,TIMP3,7078
201150_s_at,TIMP3,7078,TIMP3,7078
206243_at,TIMP4,7079,TIMP4,7079
219058_x_at,TINAGL1,64129,TINAGL1,64129
220052_s_at,TINF2,26277,TINF2,26277
212665_at,TIPARP,25976,TIPARP,25976
219258_at,TIPIN,54962,TIPIN,54962
214773_x_at,TIPRL,261726,TIPRL,261726
221857_s_at,TJAP1,93643,TJAP1,93643
47608_at,TJAP1,93643,TJAP1,93643
202011_at,TJP1,7082,TJP1,7082
214168_s_at,TJP1,7082,TJP1,7082
202085_at,TJP2,9414,TJP2,9414
213412_at,TJP3,27134,TJP3,27134
35148_at,TJP3,27134,TJP3,27134
202338_at,TK1,7083,TK1,7083
204227_s_at,TK2,7084,TK2,7084
204276_at,TK2,7084,TK2,7084
204277_s_at,TK2,7084,TK2,7084
218688_at,TKFC,26007,TKFC,26007
208699_x_at,TKT,7086,TKT,7086
208700_s_at,TKT,7086,TKT,7086
214183_s_at,TKTL1,8277,TKTL1,8277
216370_s_at,TKTL1,8277,TKTL1,8277
221843_s_at,TLDC1,57707,TLDC1,57707
222261_at,TLDC1,57707,TLDC1,57707
65438_at,TLDC1,57707,TLDC1,57707
203220_s_at,TLE1,7088,TLE1,7088
203221_at,TLE1,7088,TLE1,7088
203222_s_at,TLE1,7088,TLE1,7088
204431_at,TLE2,7089,TLE2,7089
40837_at,TLE2,7089,TLE2,7089
206472_s_at,TLE3,7090,TLE3,7090
212769_at,TLE3,7090,TLE3,7090
212770_at,TLE3,7090,TLE3,7090
204872_at,TLE4,7091,TLE4,7091
214688_at,TLE4,7091,TLE4,7091
216997_x_at,TLE4,7091,TLE4,7091
222219_s_at,TLE6,79816,TLE6,79816
202606_s_at,TLK1,9874,TLK1,9874
210379_s_at,TLK1,9874,TLK1,9874
211077_s_at,TLK1,9874,TLK1,9874
212986_s_at,TLK2,11011,TLK2,11011
212997_s_at,TLK2,11011,TLK2,11011
206415_at,TLL1,7092,TLL1,7092
208027_s_at,TLL2,7093,TLL2,7093
215008_at,TLL2,7093,TLL2,7093
215843_s_at,TLL2,7093,TLL2,7093
203254_s_at,TLN1,7094,TLN1,7094
212701_at,TLN2,83660,TLN2,83660
212703_at,TLN2,83660,TLN2,83660
210176_at,TLR1,7096,TLR1,7096
204924_at,TLR2,7097,TLR2,7097
206271_at,TLR3,7098,TLR3,7098
221060_s_at,TLR4,7099,TLR4,7099
210166_at,TLR5,7100,TLR5,7100
207446_at,TLR6,10333,TLR6,10333
220146_at,TLR7,51284,TLR7,51284
220832_at,TLR8,51311,TLR8,51311
207179_at,TLX1,3195,TLX1,3195
207410_s_at,TLX2,3196,TLX2,3196
211049_at,TLX2,3196,TLX2,3196
208495_at,TLX3,30012,TLX3,30012
211703_s_at,TM2D1,83941,TM2D1,83941
212963_at,TM2D1,83941,TM2D1,83941
213882_at,TM2D1,83941,TM2D1,83941
213883_s_at,TM2D1,83941,TM2D1,83941
221702_s_at,TM2D3,80213,TM2D3,80213
209386_at,TM4SF1,4071,TM4SF1,4071
209387_s_at,TM4SF1,4071,TM4SF1,4071
215033_at,TM4SF1,4071,TM4SF1,4071
215034_s_at,TM4SF1,4071,TM4SF1,4071
220639_at,TM4SF20,79853,TM4SF20,79853
209937_at,TM4SF4,7104,TM4SF4,7104
206242_at,TM4SF5,9032,TM4SF5,9032
219892_at,TM6SF1,53346,TM6SF1,53346
216736_at,TM6SF2,53345,TM6SF2,53345
210130_s_at,TM7SF2,7108,TM7SF2,7108
217974_at,TM7SF3,51768,TM7SF3,51768
209149_s_at,TM9SF1,10548,TM9SF1,10548
201078_at,TM9SF2,9375,TM9SF2,9375
217758_s_at,TM9SF3,56889,TM9SF3,56889
212194_s_at,TM9SF4,9777,TM9SF4,9777
212198_s_at,TM9SF4,9777,TM9SF4,9777
218513_at,TMA16,55319,TMA16,55319
221791_s_at,TMA7,51372,TMA7,51372
219206_x_at,TMBIM4,51643,TMBIM4,51643
200803_s_at,TMBIM6,7009,TMBIM6,7009
200804_at,TMBIM6,7009,TMBIM6,7009
219580_s_at,TMC5,79838,TMC5,79838
204328_at,TMC6,11322,TMC6,11322
214958_s_at,TMC6,11322,TMC6,11322
220021_at,TMC7,79905,TMC7,79905
213349_at,TMCC1,23023,TMCC1,23023
213351_s_at,TMCC1,23023,TMCC1,23023
213352_at,TMCC1,23023,TMCC1,23023
213096_at,TMCC2,9911,TMCC2,9911
208715_at,TMCO1,54499,TMCO1,54499
208716_s_at,TMCO1,54499,TMCO1,54499
210768_x_at,TMCO1,54499,TMCO1,54499
211098_x_at,TMCO1,54499,TMCO1,54499
220240_s_at,TMCO3,55002,TMCO3,55002
220241_at,TMCO3,55002,TMCO3,55002
221096_s_at,TMCO6,55374,TMCO6,55374
213550_s_at,TMCO6///IK,55374///3550,TMCO6///IK,55374///3550
203679_at,TMED1,11018,TMED1,11018
200929_at,TMED10,10972,TMED10,10972
212352_s_at,TMED10,10972,TMED10,10972
200087_s_at,TMED2,10959,TMED2,10959
204426_at,TMED2,10959,TMED2,10959
204427_s_at,TMED2,10959,TMED2,10959
208837_at,TMED3,23423,TMED3,23423
202194_at,TMED5,50999,TMED5,50999
202195_s_at,TMED5,50999,TMED5,50999
209404_s_at,TMED7-TICAM2///TMED7,100302736///51014,TMED7-TICAM2///TMED7,100302736///51014
214658_at,TMED7-TICAM2///TMED7,100302736///51014,TMED7-TICAM2///TMED7,100302736///51014
205812_s_at,TMED9,54732,TMED9,54732
208757_at,TMED9,54732,TMED9,54732
219230_at,TMEM100,55273,TMEM100,55273
220097_s_at,TMEM104,54868,TMEM104,54868
218930_s_at,TMEM106B,54664,TMEM106B,54664
201764_at,TMEM106C,79022,TMEM106C,79022
201361_at,TMEM109,79073,TMEM109,79073
203437_at,TMEM11,8834,TMEM11,8834
213851_at,TMEM110,375346,TMEM110,375346
216267_s_at,TMEM115,11070,TMEM115,11070
219154_at,TMEM120B,144404,TMEM120B,144404
219663_s_at,TMEM121,80757,TMEM121,80757
211967_at,TMEM123,114908,TMEM123,114908
221622_s_at,TMEM126B,55863,TMEM126B,55863
219460_s_at,TMEM127,55654,TMEM127,55654
212507_at,TMEM131,23505,TMEM131,23505
218834_s_at,TMEM132A,54972,TMEM132A,54972
218531_at,TMEM134,80194,TMEM134,80194
222209_s_at,TMEM135,65084,TMEM135,65084
208810_at,TMEM135///DNAJB6,65084///10049,TMEM135///DNAJB6,65084///10049
208811_s_at,TMEM135///DNAJB6,65084///10049,TMEM135///DNAJB6,65084///10049
218999_at,TMEM140,55281,TMEM140,55281
219589_s_at,TMEM143,55260,TMEM143,55260
217613_at,TMEM144,55314,TMEM144,55314
219750_at,TMEM144,55314,TMEM144,55314
202475_at,TMEM147,10430,TMEM147,10430
222280_at,TMEM147-AS1,100506469,TMEM147-AS1,100506469
218477_at,TMEM14A,28978,TMEM14A,28978
221452_s_at,TMEM14B,81853,TMEM14B,81853
213676_at,TMEM151B,441151,TMEM151B,441151
213678_at,TMEM151B,441151,TMEM151B,441151
220169_at,TMEM156,80008,TMEM156,80008
213338_at,TMEM158,25907,TMEM158,25907
213272_s_at,TMEM159,57146,TMEM159,57146
219219_at,TMEM160,54958,TMEM160,54958
218745_x_at,TMEM161A,54929,TMEM161A,54929
43977_at,TMEM161A,54929,TMEM161A,54929
218095_s_at,TMEM165,55858,TMEM165,55858
218962_s_at,TMEM168,64418,TMEM168,64418
218345_at,TMEM176A,55365,TMEM176A,55365
220532_s_at,TMEM176B,28959,TMEM176B,28959
218897_at,TMEM177,80775,TMEM177,80775
212164_at,TMEM183B///TMEM183A,653659///92703,TMEM183B///TMEM183A,653659///92703
212165_at,TMEM183B///TMEM183A,653659///92703,TMEM183B///TMEM183A,653659///92703
202027_at,TMEM184B,25829,TMEM184B,25829
219074_at,TMEM184C,55751,TMEM184C,55751
219253_at,TMEM185B,79134,TMEM185B,79134
204676_at,TMEM186,25880,TMEM186,25880
204340_at,TMEM187,8269,TMEM187,8269
201001_s_at,TMEM189-UBE2V1///TMEM189///UBE2V2///UBE2V1,387522///387521///7336///7335,TMEM189-UBE2V1///TMEM189///UBE2V2///UBE2V1,387522///387521///7336///7335
201002_s_at,TMEM189-UBE2V1///TMEM189///UBE2V2///UBE2V1,387522///387521///7336///7335,TMEM189-UBE2V1///TMEM189///UBE2V2///UBE2V1,387522///387521///7336///7335
201003_x_at,TMEM189-UBE2V1///TMEM189///UBE2V2///UBE2V1,387522///387521///7336///7335,TMEM189-UBE2V1///TMEM189///UBE2V2///UBE2V1,387522///387521///7336///7335
219941_at,TMEM19,55266,TMEM19,55266
218113_at,TMEM2,23670,TMEM2,23670
219315_s_at,TMEM204,79652,TMEM204,79652
218814_s_at,TMEM206,55248,TMEM206,55248
221597_s_at,TMEM208,29100,TMEM208,29100
222267_at,TMEM209,84928,TMEM209,84928
217016_x_at,TMEM212,389177,TMEM212,389177
217899_at,TMEM214,54867,TMEM214,54867
221512_at,TMEM222,84065,TMEM222,84065
52078_at,TMEM222,84065,TMEM222,84065
213818_x_at,TMEM223,79064,TMEM223,79064
220934_s_at,TMEM223,79064,TMEM223,79064
220477_s_at,TMEM230,29058,TMEM230,29058
219182_at,TMEM231,79583,TMEM231,79583
64900_at,TMEM231,79583,TMEM231,79583
218453_s_at,TMEM242,729515,TMEM242,729515
204215_at,TMEM243,79161,TMEM243,79161
213386_at,TMEM246,84302,TMEM246,84302
218008_at,TMEM248,55069,TMEM248,55069
213246_at,TMEM251,26175,TMEM251,26175
218174_s_at,TMEM254,80195,TMEM254,80195
219895_at,TMEM255A,55026,TMEM255A,55026
218828_at,TMEM256-PLSCR3///PLSCR3,100529211///57048,TMEM256-PLSCR3///PLSCR3,100529211///57048
56197_at,TMEM256-PLSCR3///PLSCR3,100529211///57048,TMEM256-PLSCR3///PLSCR3,100529211///57048
206711_at,TMEM257,9142,TMEM257,9142
218213_s_at,TMEM258,746,TMEM258,746
212574_x_at,TMEM259,91304,TMEM259,91304
212575_at,TMEM259,91304,TMEM259,91304
213985_s_at,TMEM259,91304,TMEM259,91304
213986_s_at,TMEM259,91304,TMEM259,91304
219757_s_at,TMEM260,54916,TMEM260,54916
213740_s_at,TMEM262,100130348,TMEM262,100130348
213667_at,TMEM265///SRCAP,100862671///10847,TMEM265///SRCAP,100862671///10847
38766_at,TMEM265///SRCAP,100862671///10847,TMEM265///SRCAP,100862671///10847
219029_at,TMEM267,64417,TMEM267,64417
221865_at,TMEM268,203197,TMEM268,203197
217743_s_at,TMEM30A,55754,TMEM30A,55754
213285_at,TMEM30B,161291,TMEM30B,161291
218465_at,TMEM33,55161,TMEM33,55161
219685_at,TMEM35A,59353,TMEM35A,59353
213698_at,TMEM35B///ZMYM6,100506144///9204,TMEM35B///ZMYM6,100506144///9204
218772_x_at,TMEM38B,55151,TMEM38B,55151
218615_s_at,TMEM39A,55254,TMEM39A,55254
218770_s_at,TMEM39B,55116,TMEM39B,55116
219503_s_at,TMEM40,55287,TMEM40,55287
212622_at,TMEM41B,440026,TMEM41B,440026
212623_at,TMEM41B,440026,TMEM41B,440026
217795_s_at,TMEM43,79188,TMEM43,79188
219410_at,TMEM45A,55076,TMEM45A,55076
209655_s_at,TMEM47,83604,TMEM47,83604
209656_s_at,TMEM47,83604,TMEM47,83604
204807_at,TMEM5,10329,TMEM5,10329
204808_s_at,TMEM5,10329,TMEM5,10329
217766_s_at,TMEM50A,23585,TMEM50A,23585
219600_s_at,TMEM50B,757,TMEM50B,757
218815_s_at,TMEM51,55092,TMEM51,55092
219462_at,TMEM53,79639,TMEM53,79639
218562_s_at,TMEM57,55219,TMEM57,55219
200620_at,TMEM59,9528,TMEM59,9528
219005_at,TMEM59L,25789,TMEM59L,25789
218776_s_at,TMEM62,80021,TMEM62,80021
202699_s_at,TMEM63A,9725,TMEM63A,9725
202700_s_at,TMEM63A,9725,TMEM63A,9725
214833_at,TMEM63A,9725,TMEM63A,9725
215583_at,TMEM63A,9725,TMEM63A,9725
219448_at,TMEM70,54968,TMEM70,54968
219449_s_at,TMEM70,54968,TMEM70,54968
219958_at,TMEM74B,55321,TMEM74B,55321
221951_at,TMEM80,283232,TMEM80,283232
65630_at,TMEM80,283232,TMEM80,283232
212202_s_at,TMEM87A,25963,TMEM87A,25963
212204_at,TMEM87A,25963,TMEM87A,25963
221882_s_at,TMEM8A,58986,TMEM8A,58986
207839_s_at,TMEM8B,51754,TMEM8B,51754
216427_at,TMEM92-AS1,103752589,TMEM92-AS1,103752589
216789_at,TMEM92-AS1,103752589,TMEM92-AS1,103752589
212279_at,TMEM97,27346,TMEM97,27346
212281_s_at,TMEM97,27346,TMEM97,27346
212282_at,TMEM97,27346,TMEM97,27346
214283_at,TMEM97,27346,TMEM97,27346
218065_s_at,TMEM9B,56674,TMEM9B,56674
213024_at,TMF1,7110,TMF1,7110
214948_s_at,TMF1,7110,TMF1,7110
215855_s_at,TMF1,7110,TMF1,7110
218790_s_at,TMLHE,55217,TMLHE,55217
203661_s_at,TMOD1,7111,TMOD1,7111
203662_s_at,TMOD1,7111,TMOD1,7111
219701_at,TMOD2,29767,TMOD2,29767
220800_s_at,TMOD3,29766,TMOD3,29766
203432_at,TMPO,7112,TMPO,7112
209753_s_at,TMPO,7112,TMPO,7112
209754_s_at,TMPO,7112,TMPO,7112
201576_s_at,TMPPE///GLB1,643853///2720,TMPPE///GLB1,643853///2720
207602_at,TMPRSS11D,9407,TMPRSS11D,9407
220431_at,TMPRSS11E,28983,TMPRSS11E,28983
207638_at,TMPRSS15,5651,TMPRSS15,5651
217269_s_at,TMPRSS15,5651,TMPRSS15,5651
205102_at,TMPRSS2,7113,TMPRSS2,7113
211689_s_at,TMPRSS2,7113,TMPRSS2,7113
220177_s_at,TMPRSS3,64699,TMPRSS3,64699
218960_at,TMPRSS4,56649,TMPRSS4,56649
221032_s_at,TMPRSS5,80975,TMPRSS5,80975
214955_at,TMPRSS6,164656,TMPRSS6,164656
217733_s_at,TMSB10,9168,TMSB10,9168
205347_s_at,TMSB15B///TMSB15A,286527///11013,TMSB15B///TMSB15A,286527///11013
214051_at,TMSB15B///TMSB15A,286527///11013,TMSB15B///TMSB15A,286527///11013
216438_s_at,TMSB4X,7114,TMSB4X,7114
206769_at,TMSB4Y,9087,TMSB4Y,9087
218419_s_at,TMUB2,79089,TMUB2,79089
208097_s_at,TMX1,81542,TMX1,81542
209476_at,TMX1,81542,TMX1,81542
201175_at,TMX2,51075,TMX2,51075
208407_s_at,TMX2-CTNND1///CTNND1,100528016///1500,TMX2-CTNND1///CTNND1,100528016///1500
208862_s_at,TMX2-CTNND1///CTNND1,100528016///1500,TMX2-CTNND1///CTNND1,100528016///1500
211240_x_at,TMX2-CTNND1///CTNND1,100528016///1500,TMX2-CTNND1///CTNND1,100528016///1500
201580_s_at,TMX4,56255,TMX4,56255
201581_at,TMX4,56255,TMX4,56255
216027_at,TMX4,56255,TMX4,56255
201645_at,TNC,3371,TNC,3371
216005_at,TNC,3371,TNC,3371
207113_s_at,TNF,7124,TNF,7124
201207_at,TNFAIP1,7126,TNFAIP1,7126
201208_s_at,TNFAIP1,7126,TNFAIP1,7126
202509_s_at,TNFAIP2,7127,TNFAIP2,7127
202510_s_at,TNFAIP2,7127,TNFAIP2,7127
202643_s_at,TNFAIP3,7128,TNFAIP3,7128
202644_s_at,TNFAIP3,7128,TNFAIP3,7128
206025_s_at,TNFAIP6,7130,TNFAIP6,7130
206026_s_at,TNFAIP6,7130,TNFAIP6,7130
208296_x_at,TNFAIP8,25816,TNFAIP8,25816
210260_s_at,TNFAIP8,25816,TNFAIP8,25816
218672_at,TNFAIP8L2-SCNM1///SCNM1,100534012///79005,TNFAIP8L2-SCNM1///SCNM1,100534012///79005
209294_x_at,TNFRSF10B,8795,TNFRSF10B,8795
209295_at,TNFRSF10B,8795,TNFRSF10B,8795
210405_x_at,TNFRSF10B,8795,TNFRSF10B,8795
206222_at,TNFRSF10C,8794,TNFRSF10C,8794
211163_s_at,TNFRSF10C,8794,TNFRSF10C,8794
210654_at,TNFRSF10D,8793,TNFRSF10D,8793
207037_at,TNFRSF11A,8792,TNFRSF11A,8792
204932_at,TNFRSF11B,4982,TNFRSF11B,4982
204933_s_at,TNFRSF11B,4982,TNFRSF11B,4982
218368_s_at,TNFRSF12A,51330,TNFRSF12A,51330
207641_at,TNFRSF13B,23495,TNFRSF13B,23495
209354_at,TNFRSF14,8764,TNFRSF14,8764
206641_at,TNFRSF17,608,TNFRSF17,608
207643_s_at,TNFRSF1A,7132,TNFRSF1A,7132
203508_at,TNFRSF1B,7133,TNFRSF1B,7133
214581_x_at,TNFRSF21,27242,TNFRSF21,27242
218856_at,TNFRSF21,27242,TNFRSF21,27242
210847_x_at,TNFRSF25,8718,TNFRSF25,8718
211282_x_at,TNFRSF25,8718,TNFRSF25,8718
211841_s_at,TNFRSF25,8718,TNFRSF25,8718
216042_at,TNFRSF25,8718,TNFRSF25,8718
219423_x_at,TNFRSF25,8718,TNFRSF25,8718
208023_at,TNFRSF4,7293,TNFRSF4,7293
214228_x_at,TNFRSF4,7293,TNFRSF4,7293
206729_at,TNFRSF8,943,TNFRSF8,943
207536_s_at,TNFRSF9,3604,TNFRSF9,3604
211786_at,TNFRSF9,3604,TNFRSF9,3604
202687_s_at,TNFSF10,8743,TNFSF10,8743
202688_at,TNFSF10,8743,TNFSF10,8743
214329_x_at,TNFSF10,8743,TNFSF10,8743
210643_at,TNFSF11,8600,TNFSF11,8600
211153_s_at,TNFSF11,8600,TNFSF11,8600
205611_at,TNFSF12-TNFSF13///TNFSF12,407977///8742,TNFSF12-TNFSF13///TNFSF12,407977///8742
209499_x_at,TNFSF12-TNFSF13///TNFSF13,407977///8741,TNFSF12-TNFSF13///TNFSF13,407977///8741
209500_x_at,TNFSF12-TNFSF13///TNFSF13,407977///8741,TNFSF12-TNFSF13///TNFSF13,407977///8741
211495_x_at,TNFSF12-TNFSF13///TNFSF13,407977///8741,TNFSF12-TNFSF13///TNFSF13,407977///8741
210314_x_at,TNFSF13,8741,TNFSF13,8741
207907_at,TNFSF14,8740,TNFSF14,8740
221085_at,TNFSF15,9966,TNFSF15,9966
221371_at,TNFSF18,8995,TNFSF18,8995
207426_s_at,TNFSF4,7292,TNFSF4,7292
207216_at,TNFSF8,944,TNFSF8,944
206907_at,TNFSF9,8744,TNFSF9,8744
211828_s_at,TNIK,23043,TNIK,23043
213107_at,TNIK,23043,TNIK,23043
213109_at,TNIK,23043,TNIK,23043
207196_s_at,TNIP1,10318,TNIP1,10318
218335_x_at,TNIP2,79155,TNIP2,79155
48531_at,TNIP2,79155,TNIP2,79155
220655_at,TNIP3,79931,TNIP3,79931
205793_x_at,TNK1,8711,TNK1,8711
217149_x_at,TNK1,8711,TNK1,8711
203838_s_at,TNK2,10188,TNK2,10188
203839_s_at,TNK2,10188,TNK2,10188
216439_at,TNK2,10188,TNK2,10188
202561_at,TNKS,8658,TNKS,8658
216695_s_at,TNKS,8658,TNKS,8658
217121_at,TNKS,8658,TNKS,8658
218228_s_at,TNKS2,80351,TNKS2,80351
220065_at,TNMD,64102,TNMD,64102
215271_at,TNN,63923,TNN,63923
209904_at,TNNC1,7134,TNNC1,7134
205388_at,TNNC2,7125,TNNC2,7125
205177_at,TNNI1,7135,TNNI1,7135
206393_at,TNNI2,7136,TNNI2,7136
205742_at,TNNI3,7137,TNNI3,7137
213201_s_at,TNNT1,7138,TNNT1,7138
215389_s_at,TNNT2,7139,TNNT2,7139
205693_at,TNNT3,7140,TNNT3,7140
206568_at,TNP1,7141,TNP1,7141
207736_s_at,TNP2,7142,TNP2,7142
217460_at,TNP2,7142,TNP2,7142
207657_x_at,TNPO1,3842,TNPO1,3842
209225_x_at,TNPO1,3842,TNPO1,3842
209226_s_at,TNPO1,3842,TNPO1,3842
212635_at,TNPO1,3842,TNPO1,3842
221829_s_at,TNPO1,3842,TNPO1,3842
210585_s_at,TNPO2,30000,TNPO2,30000
215844_at,TNPO2,30000,TNPO2,30000
221506_s_at,TNPO2,30000,TNPO2,30000
221507_at,TNPO2,30000,TNPO2,30000
212317_at,TNPO3,23534,TNPO3,23534
212318_at,TNPO3,23534,TNPO3,23534
214550_s_at,TNPO3,23534,TNPO3,23534
206990_at,TNR,7143,TNR,7143
213841_at,TNR,7143,TNR,7143
213254_at,TNRC6B,23112,TNRC6B,23112
218863_s_at,TNS1,7145,TNS1,7145
218864_at,TNS1,7145,TNS1,7145
221246_x_at,TNS1,7145,TNS1,7145
221747_at,TNS1,7145,TNS1,7145
221748_s_at,TNS1,7145,TNS1,7145
212494_at,TNS2,23371,TNS2,23371
217853_at,TNS3,64759,TNS3,64759
222265_at,TNS4,84951,TNS4,84951
216654_at,TNXB,7148,TNXB,7148
217413_s_at,TNXB,7148,TNXB,7148
211611_s_at,TNXB///ATF6B,7148///1388,TNXB///ATF6B,7148///1388
206093_x_at,TNXB///TNXA,7148///7146,TNXB///TNXA,7148///7146
208609_s_at,TNXB///TNXA,7148///7146,TNXB///TNXA,7148///7146
213451_x_at,TNXB///TNXA,7148///7146,TNXB///TNXA,7148///7146
216333_x_at,TNXB///TNXA,7148///7146,TNXB///TNXA,7148///7146
216339_s_at,TNXB///TNXA,7148///7146,TNXB///TNXA,7148///7146
202704_at,TOB1,10140,TOB1,10140
221496_s_at,TOB2,10766,TOB2,10766
222243_s_at,TOB2,10766,TOB2,10766
204080_at,TOE1,114034,TOE1,114034
217930_s_at,TOLLIP,54472,TOLLIP,54472
202807_s_at,TOM1,10043,TOM1,10043
204485_s_at,TOM1L1,10040,TOM1L1,10040
214840_at,TOM1L2,146691,TOM1L2,146691
200662_s_at,TOMM20,9804,TOMM20,9804
212773_s_at,TOMM20,9804,TOMM20,9804
217960_s_at,TOMM22,56993,TOMM22,56993
201870_at,TOMM34,10953,TOMM34,10953
202264_s_at,TOMM40,10452,TOMM40,10452
218233_s_at,TOMM6///PRICKLE4,100188893///29964,TOMM6///PRICKLE4,100188893///29964
201512_s_at,TOMM70,9868,TOMM70,9868
201519_at,TOMM70,9868,TOMM70,9868
207137_at,TONSL,4796,TONSL,4796
208900_s_at,TOP1,7150,TOP1,7150
208901_s_at,TOP1,7150,TOP1,7150
201291_s_at,TOP2A,7153,TOP2A,7153
201292_at,TOP2A,7153,TOP2A,7153
211987_at,TOP2B,7155,TOP2B,7155
204946_s_at,TOP3A,7156,TOP3A,7156
214299_at,TOP3A,7156,TOP3A,7156
214300_s_at,TOP3A,7156,TOP3A,7156
213660_s_at,TOP3B,8940,TOP3B,8940
215781_s_at,TOP3B,8940,TOP3B,8940
202633_at,TOPBP1,11073,TOPBP1,11073
204071_s_at,TOPORS,10210,TOPORS,10210
221979_at,TOPORS-AS1,100129250,TOPORS-AS1,100129250
78383_at,TOPORS-AS1,100129250,TOPORS-AS1,100129250
202348_s_at,TOR1A,1861,TOR1A,1861
202349_at,TOR1A,1861,TOR1A,1861
212408_at,TOR1AIP1,26092,TOR1AIP1,26092
212409_s_at,TOR1AIP1,26092,TOR1AIP1,26092
216100_s_at,TOR1AIP1,26092,TOR1AIP1,26092
214801_at,TOR1AIP2,163590,TOR1AIP2,163590
209593_s_at,TOR1B,27348,TOR1B,27348
218459_at,TOR3A,64222,TOR3A,64222
219620_x_at,TOR4A,54863,TOR4A,54863
204529_s_at,TOX,9760,TOX,9760
204530_s_at,TOX,9760,TOX,9760
214774_x_at,TOX3,27324,TOX3,27324
215108_x_at,TOX3,27324,TOX3,27324
216623_x_at,TOX3,27324,TOX3,27324
201683_x_at,TOX4,9878,TOX4,9878
201684_s_at,TOX4,9878,TOX4,9878
201685_s_at,TOX4,9878,TOX4,9878
217448_s_at,TOX4,9878,TOX4,9878
201746_at,TP53,7157,TP53,7157
211300_s_at,TP53,7157,TP53,7157
220402_at,TP53AIP1,63970,TP53AIP1,63970
220403_s_at,TP53AIP1,63970,TP53AIP1,63970
203050_at,TP53BP1,7158,TP53BP1,7158
213266_at,TP53BP1,7158,TP53BP1,7158
203120_at,TP53BP2,7159,TP53BP2,7159
203421_at,TP53I11,9537,TP53I11,9537
214667_s_at,TP53I11,9537,TP53I11,9537
216919_at,TP53I11,9537,TP53I11,9537
210609_s_at,TP53I3,9540,TP53I3,9540
209917_s_at,TP53TG1,11257,TP53TG1,11257
210241_s_at,TP53TG1,11257,TP53TG1,11257
210886_x_at,TP53TG1,11257,TP53TG1,11257
220167_s_at,TP53TG3B///TP53TG3D///TP53TG3C///TP53TG3,729355///729264///653550///24150,TP53TG3B///TP53TG3D///TP53TG3C///TP53TG3,729355///729264///653550///24150
207482_at,TP53TG5,27296,TP53TG5,27296
207382_at,TP63,8626,TP63,8626
209863_s_at,TP63,8626,TP63,8626
211193_at,TP63,8626,TP63,8626
211194_s_at,TP63,8626,TP63,8626
211195_s_at,TP63,8626,TP63,8626
211834_s_at,TP63,8626,TP63,8626
220804_s_at,TP73,7161,TP73,7161
213339_at,TP73-AS1,57212,TP73-AS1,57212
213340_s_at,TP73-AS1,57212,TP73-AS1,57212
203476_at,TPBG,7162,TPBG,7162
217914_at,TPCN1,53373,TPCN1,53373
201688_s_at,TPD52,7163,TPD52,7163
201689_s_at,TPD52,7163,TPD52,7163
201690_s_at,TPD52,7163,TPD52,7163
201691_s_at,TPD52,7163,TPD52,7163
203786_s_at,TPD52L1,7164,TPD52L1,7164
210372_s_at,TPD52L1,7164,TPD52L1,7164
201379_s_at,TPD52L2,7165,TPD52L2,7165
212055_at,TPGS2,25941,TPGS2,25941
213616_at,TPGS2,25941,TPGS2,25941
213617_s_at,TPGS2,25941,TPGS2,25941
214601_at,TPH1,7166,TPH1,7166
200822_x_at,TPI1,7167,TPI1,7167
210050_at,TPI1,7167,TPI1,7167
213011_s_at,TPI1,7167,TPI1,7167
221218_s_at,TPK1,27010,TPK1,27010
206116_s_at,TPM1,7168,TPM1,7168
206117_at,TPM1,7168,TPM1,7168
210986_s_at,TPM1,7168,TPM1,7168
210987_x_at,TPM1,7168,TPM1,7168
204083_s_at,TPM2,7169,TPM2,7169
212654_at,TPM2,7169,TPM2,7169
214365_at,TPM3,7170,TPM3,7170
209344_at,TPM4,7171,TPM4,7171
212481_s_at,TPM4,7171,TPM4,7171
203671_at,TPMT,7172,TPMT,7172
203672_x_at,TPMT,7172,TPMT,7172
210342_s_at,TPO,7173,TPO,7173
200742_s_at,TPP1,1200,TPP1,1200
200743_s_at,TPP1,1200,TPP1,1200
214195_at,TPP1,1200,TPP1,1200
214196_s_at,TPP1,1200,TPP1,1200
203374_s_at,TPP2,7174,TPP2,7174
203375_s_at,TPP2,7174,TPP2,7174
206179_s_at,TPPP,11076,TPPP,11076
218876_at,TPPP3,51673,TPPP3,51673
201730_s_at,TPR,7175,TPR,7175
201731_s_at,TPR,7175,TPR,7175
215220_s_at,TPR,7175,TPR,7175
218855_at,TPRA1,131601,TPRA1,131601
219030_at,TPRKB,51002,TPRKB,51002
205683_x_at,TPSAB1,7177,TPSAB1,7177
207741_x_at,TPSAB1,7177,TPSAB1,7177
210084_x_at,TPSAB1,7177,TPSAB1,7177
215382_x_at,TPSAB1,7177,TPSAB1,7177
216485_s_at,TPSAB1,7177,TPSAB1,7177
207134_x_at,TPSB2,64499,TPSB2,64499
216474_x_at,TPSB2///TPSAB1,64499///7177,TPSB2///TPSAB1,64499///7177
217023_x_at,TPSB2///TPSAB1,64499///7177,TPSB2///TPSAB1,64499///7177
214568_at,TPSD1,23430,TPSD1,23430
220339_s_at,TPSG1,25823,TPSG1,25823
204140_at,TPST1,8460,TPST1,8460
204079_at,TPST2,8459,TPST2,8459
208588_at,TPT1P8,59347,TPT1P8,59347
220205_at,TPTE,7179,TPTE,7179
210052_s_at,TPX2,22974,TPX2,22974
204658_at,TRA2A,29896,TRA2A,29896
213575_at,TRA2A,29896,TRA2A,29896
213593_s_at,TRA2A,29896,TRA2A,29896
200892_s_at,TRA2B,6434,TRA2B,6434
200893_at,TRA2B,6434,TRA2B,6434
210180_s_at,TRA2B,6434,TRA2B,6434
221807_s_at,TRABD,80305,TRABD,80305
209670_at,TRAC,28755,TRAC,28755
209671_x_at,TRAC,28755,TRAC,28755
210972_x_at,TRAC///TRAJ17///TRAV20///TRDV2,28755///28738///28663///28517,TRAC///TRAJ17///TRAV20///TRDV2,28755///28738///28663///28517
1729_at,TRADD,8717,TRADD,8717
205641_s_at,TRADD,8717,TRADD,8717
213443_at,TRADD,8717,TRADD,8717
205599_at,TRAF1,7185,TRAF1,7185
204413_at,TRAF2,7186,TRAF2,7186
208315_x_at,TRAF3,7187,TRAF3,7187
221571_at,TRAF3,7187,TRAF3,7187
214458_at,TRAF3IP1,26146,TRAF3IP1,26146
202987_at,TRAF3IP2,10758,TRAF3IP2,10758
215411_s_at,TRAF3IP2,10758,TRAF3IP2,10758
205804_s_at,TRAF3IP3,80342,TRAF3IP3,80342
213888_s_at,TRAF3IP3,80342,TRAF3IP3,80342
215275_at,TRAF3IP3,80342,TRAF3IP3,80342
202871_at,TRAF4,9618,TRAF4,9618
211899_s_at,TRAF4,9618,TRAF4,9618
204352_at,TRAF5,7188,TRAF5,7188
205558_at,TRAF6,7189,TRAF6,7189
202837_at,TRAFD1,10906,TRAFD1,10906
35254_at,TRAFD1,10906,TRAFD1,10906
205598_at,TRAIP,10293,TRAIP,10293
201283_s_at,TRAK1,22906,TRAK1,22906
202079_s_at,TRAK1,22906,TRAK1,22906
202080_s_at,TRAK1,22906,TRAK1,22906
214924_s_at,TRAK1,22906,TRAK1,22906
202124_s_at,TRAK2,66008,TRAK2,66008
202125_s_at,TRAK2,66008,TRAK2,66008
201398_s_at,TRAM1,23471,TRAM1,23471
201399_s_at,TRAM1,23471,TRAM1,23471
210733_at,TRAM1,23471,TRAM1,23471
202368_s_at,TRAM2,9697,TRAM2,9697
202369_s_at,TRAM2,9697,TRAM2,9697
213261_at,TRANK1,9881,TRANK1,9881
201391_at,TRAP1,10131,TRAP1,10131
215269_at,TRAPPC10,7109,TRAPPC10,7109
218179_s_at,TRAPPC11,60684,TRAPPC11,60684
203122_at,TRAPPC12,51112,TRAPPC12,51112
218674_at,TRAPPC13,80006,TRAPPC13,80006
219351_at,TRAPPC2,6399,TRAPPC2,6399
209751_s_at,TRAPPC2B///TRAPPC2,10597///6399,TRAPPC2B///TRAPPC2,10597///6399
218354_at,TRAPPC2L,51693,TRAPPC2L,51693
203511_s_at,TRAPPC3,27095,TRAPPC3,27095
203512_at,TRAPPC3,27095,TRAPPC3,27095
204985_s_at,TRAPPC6A,79090,TRAPPC6A,79090
207305_s_at,TRAPPC8,22878,TRAPPC8,22878
221672_s_at,TRAPPC9,83696,TRAPPC9,83696
221836_s_at,TRAPPC9,83696,TRAPPC9,83696
56829_at,TRAPPC9,83696,TRAPPC9,83696
217147_s_at,TRAT1,50852,TRAT1,50852
211667_x_at,TRAV12-2,28673,TRAV12-2,28673
215797_at,TRAV8-3,28683,TRAV8-3,28683
210915_x_at,TRBC1,28639,TRBC1,28639
211796_s_at,TRBC1,28639,TRBC1,28639
213193_x_at,TRBC1,28639,TRBC1,28639
217060_at,TRBV16,28571,TRBV16,28571
206308_at,TRDMT1,1787,TRDMT1,1787
222287_at,TRDN,10345,TRDN,10345
216191_s_at,TRDV3,28516,TRDV3,28516
207378_at,TREH,11181,TREH,11181
219434_at,TREM1,54210,TREM1,54210
219725_at,TREM2,54209,TREM2,54209
219748_at,TREML2,79865,TREML2,79865
206622_at,TRH,7200,TRH,7200
219937_at,TRHDE,29953,TRHDE,29953
211438_at,TRHR,7201,TRHR,7201
218403_at,TRIAP1,51499,TRIAP1,51499
202241_at,TRIB1,10221,TRIB1,10221
202478_at,TRIB2,28951,TRIB2,28951
202479_s_at,TRIB2,28951,TRIB2,28951
218145_at,TRIB3,57761,TRIB3,57761
205150_s_at,TRIL,9865,TRIL,9865
205151_s_at,TRIL,9865,TRIL,9865
210578_at,TRIM10,10107,TRIM10,10107
210579_s_at,TRIM10,10107,TRIM10,10107
221627_at,TRIM10,10107,TRIM10,10107
56748_at,TRIM10,10107,TRIM10,10107
203659_s_at,TRIM13,10206,TRIM13,10206
203147_s_at,TRIM14,9830,TRIM14,9830
203148_s_at,TRIM14,9830,TRIM14,9830
210846_x_at,TRIM14,9830,TRIM14,9830
211044_at,TRIM14,9830,TRIM14,9830
210177_at,TRIM15,89870,TRIM15,89870
210885_s_at,TRIM15,89870,TRIM15,89870
36742_at,TRIM15,89870,TRIM15,89870
204341_at,TRIM16,10626,TRIM16,10626
220279_at,TRIM17,51127,TRIM17,51127
202341_s_at,TRIM2,23321,TRIM2,23321
202342_s_at,TRIM2,23321,TRIM2,23321
214248_s_at,TRIM2,23321,TRIM2,23321
214249_at,TRIM2,23321,TRIM2,23321
215945_s_at,TRIM2,23321,TRIM2,23321
204804_at,TRIM21,6737,TRIM21,6737
213293_s_at,TRIM22,10346,TRIM22,10346
204732_s_at,TRIM23,373,TRIM23,373
210994_x_at,TRIM23,373,TRIM23,373
210995_s_at,TRIM23,373,TRIM23,373
204390_at,TRIM24,8805,TRIM24,8805
204391_x_at,TRIM24,8805,TRIM24,8805
213301_x_at,TRIM24,8805,TRIM24,8805
206911_at,TRIM25,7706,TRIM25,7706
202702_at,TRIM26,7726,TRIM26,7726
210541_s_at,TRIM27,5987,TRIM27,5987
212116_at,TRIM27,5987,TRIM27,5987
212118_at,TRIM27,5987,TRIM27,5987
200990_at,TRIM28,10155,TRIM28,10155
202504_at,TRIM29,23650,TRIM29,23650
211001_at,TRIM29,23650,TRIM29,23650
211002_s_at,TRIM29,23650,TRIM29,23650
204910_s_at,TRIM3,10612,TRIM3,10612
204911_s_at,TRIM3,10612,TRIM3,10612
213884_s_at,TRIM3,10612,TRIM3,10612
213885_at,TRIM3,10612,TRIM3,10612
208170_s_at,TRIM31,11074,TRIM31,11074
210159_s_at,TRIM31,11074,TRIM31,11074
215444_s_at,TRIM31,11074,TRIM31,11074
203846_at,TRIM32,22954,TRIM32,22954
210266_s_at,TRIM33,51592,TRIM33,51592
212435_at,TRIM33,51592,TRIM33,51592
212436_at,TRIM33,51592,TRIM33,51592
214815_at,TRIM33,51592,TRIM33,51592
219736_at,TRIM36,55521,TRIM36,55521
213009_s_at,TRIM37,4591,TRIM37,4591
203567_s_at,TRIM38,10475,TRIM38,10475
203568_s_at,TRIM38,10475,TRIM38,10475
203610_s_at,TRIM38,10475,TRIM38,10475
218836_at,TRIM39-RPP21///RPP21///TRIM39,202658///79897///56658,TRIM39-RPP21///RPP21///TRIM39,202658///79897///56658
217759_at,TRIM44,54765,TRIM44,54765
217760_at,TRIM44,54765,TRIM44,54765
219923_at,TRIM45,80263,TRIM45,80263
220909_at,TRIM46,80128,TRIM46,80128
221154_at,TRIM49C///TRIM49,642612///57093,TRIM49C///TRIM49,642612///57093
210705_s_at,TRIM5,85363,TRIM5,85363
221897_at,TRIM52,84851,TRIM52,84851
215047_at,TRIM58,25893,TRIM58,25893
221044_s_at,TRIM6-TRIM34///TRIM34,445372///53840,TRIM6-TRIM34///TRIM34,445372///53840
219272_at,TRIM62,55223,TRIM62,55223
58308_at,TRIM62,55223,TRIM62,55223
213748_at,TRIM66,9866,TRIM66,9866
219405_at,TRIM68,55128,TRIM68,55128
221012_s_at,TRIM8,81603,TRIM8,81603
209859_at,TRIM9,114088,TRIM9,114088
208178_x_at,TRIO,7204,TRIO,7204
209010_s_at,TRIO,7204,TRIO,7204
209011_at,TRIO,7204,TRIO,7204
209012_at,TRIO,7204,TRIO,7204
209013_x_at,TRIO,7204,TRIO,7204
216697_at,TRIO,7204,TRIO,7204
216700_at,TRIO,7204,TRIO,7204
202795_x_at,TRIOBP,11078,TRIOBP,11078
216210_x_at,TRIOBP,11078,TRIOBP,11078
202734_at,TRIP10,9322,TRIP10,9322
209778_at,TRIP11,9321,TRIP11,9321
210760_x_at,TRIP11,9321,TRIP11,9321
201546_at,TRIP12,9320,TRIP12,9320
204033_at,TRIP13,9319,TRIP13,9319
203732_at,TRIP4,9325,TRIP4,9325
209129_at,TRIP6,7205,TRIP6,7205
218617_at,TRIT1,54802,TRIT1,54802
222188_at,TRMO,51531,TRMO,51531
222195_s_at,TRMO,51531,TRMO,51531
47530_at,TRMO,51531,TRMO,51531
203701_s_at,TRMT1,55621,TRMT1,55621
210463_x_at,TRMT1,55621,TRMT1,55621
216454_at,TRMT1,55621,TRMT1,55621
218877_s_at,TRMT11,60487,TRMT11,60487
217774_s_at,TRMT112,51504,TRMT112,51504
219299_at,TRMT12,55039,TRMT12,55039
219130_at,TRMT13,54482,TRMT13,54482
220992_s_at,TRMT1L,81627,TRMT1L,81627
218475_at,TRMT2A,27037,TRMT2A,27037
205238_at,TRMT2B,79979,TRMT2B,79979
220891_at,TRMT44,152992,TRMT44,152992
221952_x_at,TRMT5,57570,TRMT5,57570
221907_at,TRMT61A,115708,TRMT61A,115708
52741_at,TRMT61A,115708,TRMT61A,115708
221229_s_at,TRMT61B,55006,TRMT61B,55006
213634_s_at,TRMU,55687,TRMU,55687
204317_at,TRMU///GTSE1,55687///51512,TRMU///GTSE1,55687///51512
218977_s_at,TRNAU1AP,54952,TRNAU1AP,54952
205028_at,TRO,7216,TRO,7216
210882_s_at,TRO,7216,TRO,7216
211700_s_at,TRO,7216,TRO,7216
211701_s_at,TRO,7216,TRO,7216
204649_at,TROAP,10024,TROAP,10024
207520_at,TROVE2,6738,TROVE2,6738
210438_x_at,TROVE2,6738,TROVE2,6738
212839_s_at,TROVE2,6738,TROVE2,6738
212852_s_at,TROVE2,6738,TROVE2,6738
213027_at,TROVE2,6738,TROVE2,6738
208349_at,TRPA1,8989,TRPA1,8989
217590_s_at,TRPA1,8989,TRPA1,8989
205802_at,TRPC1,7220,TRPC1,7220
205803_s_at,TRPC1,7220,TRPC1,7220
211602_s_at,TRPC1,7220,TRPC1,7220
215288_at,TRPC2,7221,TRPC2,7221
206425_s_at,TRPC3,7222,TRPC3,7222
210814_at,TRPC3,7222,TRPC3,7222
220817_at,TRPC4,7223,TRPC4,7223
220818_s_at,TRPC4,7223,TRPC4,7223
212059_s_at,TRPC4AP,26133,TRPC4AP,26133
220552_at,TRPC5,7224,TRPC5,7224
206528_at,TRPC6,7225,TRPC6,7225
217287_s_at,TRPC6,7225,TRPC6,7225
208589_at,TRPC7,57113,TRPC7,57113
206479_at,TRPM1,4308,TRPM1,4308
214410_at,TRPM1,4308,TRPM1,4308
205708_s_at,TRPM2,7226,TRPM2,7226
211422_at,TRPM3,80036,TRPM3,80036
216452_at,TRPM3,80036,TRPM3,80036
220463_at,TRPM3,80036,TRPM3,80036
219360_s_at,TRPM4,54795,TRPM4,54795
221102_s_at,TRPM6,140803,TRPM6,140803
220226_at,TRPM8,79054,TRPM8,79054
218502_s_at,TRPS1,7227,TRPS1,7227
219282_s_at,TRPV2,51393,TRPV2,51393
219516_at,TRPV4,59341,TRPV4,59341
208267_at,TRPV5,56302,TRPV5,56302
206827_s_at,TRPV6,55503,TRPV6,55503
202642_s_at,TRRAP,8295,TRRAP,8295
214908_s_at,TRRAP,8295,TRRAP,8295
209390_at,TSC1,7248,TSC1,7248
215624_at,TSC2,7249,TSC2,7249
215735_s_at,TSC2,7249,TSC2,7249
215111_s_at,TSC22D1,8848,TSC22D1,8848
204094_s_at,TSC22D2,9819,TSC22D2,9819
210953_at,TSC22D2,9819,TSC22D2,9819
210954_s_at,TSC22D2,9819,TSC22D2,9819
215547_at,TSC22D2,9819,TSC22D2,9819
207001_x_at,TSC22D3,1831,TSC22D3,1831
208763_s_at,TSC22D3,1831,TSC22D3,1831
208104_s_at,TSC22D4,81628,TSC22D4,81628
219581_at,TSEN2,80746,TSEN2,80746
218132_s_at,TSEN34,79042,TSEN34,79042
212656_at,TSFM,10102,TSFM,10102
214331_at,TSFM,10102,TSFM,10102
214332_s_at,TSFM,10102,TSFM,10102
201758_at,TSG101,7251,TSG101,7251
220623_s_at,TSGA10,80705,TSGA10,80705
214529_at,TSHB,7252,TSHB,7252
210055_at,TSHR,7253,TSHR,7253
215442_s_at,TSHR,7253,TSHR,7253
215443_at,TSHR,7253,TSHR,7253
220213_at,TSHZ2,128553,TSHZ2,128553
220544_at,TSKS,60385,TSKS,60385
220545_s_at,TSKS,60385,TSKS,60385
218245_at,TSKU,25987,TSKU,25987
201504_s_at,TSN,7247,TSN,7247
201513_at,TSN,7247,TSN,7247
201515_s_at,TSN,7247,TSN,7247
203983_at,TSNAX,7257,TSNAX,7257
206090_s_at,TSNAX-DISC1///DISC1,100303453///27185,TSNAX-DISC1///DISC1,100303453///27185
207759_s_at,TSNAX-DISC1///DISC1,100303453///27185,TSNAX-DISC1///DISC1,100303453///27185
222220_s_at,TSNAXIP1,55815,TSNAXIP1,55815
209114_at,TSPAN1,10103,TSPAN1,10103
219274_at,TSPAN12,23554,TSPAN12,23554
217979_at,TSPAN13,27075,TSPAN13,27075
221002_s_at,TSPAN14,81619,TSPAN14,81619
218693_at,TSPAN15,23555,TSPAN15,23555
214606_at,TSPAN2,10100,TSPAN2,10100
200972_at,TSPAN3,10099,TSPAN3,10099
200973_s_at,TSPAN3,10099,TSPAN3,10099
203226_s_at,TSPAN31,6302,TSPAN31,6302
203227_s_at,TSPAN31,6302,TSPAN31,6302
220558_x_at,TSPAN32,10077,TSPAN32,10077
209263_x_at,TSPAN4,7106,TSPAN4,7106
209264_s_at,TSPAN4,7106,TSPAN4,7106
209890_at,TSPAN5,10098,TSPAN5,10098
209108_at,TSPAN6,7105,TSPAN6,7105
209109_s_at,TSPAN6,7105,TSPAN6,7105
202242_at,TSPAN7,7102,TSPAN7,7102
203824_at,TSPAN8,7103,TSPAN8,7103
205665_at,TSPAN9,10867,TSPAN9,10867
220968_s_at,TSPAN9,10867,TSPAN9,10867
202096_s_at,TSPO,706,TSPO,706
215449_at,TSPO2,222642,TSPO2,222642
205839_s_at,TSPOAP1,9256,TSPOAP1,9256
217160_at,TSPY1,7258,TSPY1,7258
217162_at,TSPY1,7258,TSPY1,7258
207918_s_at,TSPY10///TSPY8///TSPY4///TSPY3///TSPY1,100289087///728403///728395///728137///7258,TSPY10///TSPY8///TSPY4///TSPY3///TSPY1,100289087///728403///728395///728137///7258
221493_at,TSPYL1,7259,TSPYL1,7259
218012_at,TSPYL2,64061,TSPYL2,64061
212928_at,TSPYL4,23270,TSPYL4,23270
213122_at,TSPYL5,85453,TSPYL5,85453
218155_x_at,TSR1,55720,TSR1,55720
218156_s_at,TSR1,55720,TSR1,55720
221987_s_at,TSR1,55720,TSR1,55720
213079_at,TSR2,90121,TSR2,90121
213104_at,TSR3,115939,TSR3,115939
213105_s_at,TSR3,115939,TSR3,115939
214067_at,TSR3,115939,TSR3,115939
221993_s_at,TSR3,115939,TSR3,115939
217968_at,TSSC1,7260,TSSC1,7260
218612_s_at,TSSC4,10078,TSSC4,10078
211694_at,TSSK1B,83942,TSSK1B,83942
214371_at,TSSK2,23617,TSSK2,23617
217275_at,TSSK2,23617,TSSK2,23617
204383_at,TSSK2///DGCR14,23617///8220,TSSK2///DGCR14,23617///8220
216285_at,TSSK2///DGCR14,23617///8220,TSSK2///DGCR14,23617///8220
217285_at,TSSK2///DGCR14,23617///8220,TSSK2///DGCR14,23617///8220
32032_at,TSSK2///DGCR14,23617///8220,TSSK2///DGCR14,23617///8220
209605_at,TST,7263,TST,7263
201644_at,TSTA3,7264,TSTA3,7264
36936_at,TSTA3,7264,TSTA3,7264
213161_at,TSTD2///TMOD1,158427///7111,TSTD2///TMOD1,158427///7111
213922_at,TTBK2,146057,TTBK2,146057
201434_at,TTC1,7265,TTC1,7265
215598_at,TTC12,54970,TTC12,54970
219587_at,TTC12,54970,TTC12,54970
219481_at,TTC13,79573,TTC13,79573
218972_at,TTC17,55761,TTC17,55761
217964_at,TTC19,54902,TTC19,54902
215106_at,TTC22,55001,TTC22,55001
215107_s_at,TTC22,55001,TTC22,55001
220309_at,TTC22,55001,TTC22,55001
219838_at,TTC23,64927,TTC23,64927
219758_at,TTC26,79989,TTC26,79989
218710_at,TTC27,55622,TTC27,55622
213058_at,TTC28,23331,TTC28,23331
215146_s_at,TTC28,23331,TTC28,23331
213679_at,TTC30A,92104,TTC30A,92104
218838_s_at,TTC31,64427,TTC31,64427
219421_at,TTC33,23548,TTC33,23548
203048_s_at,TTC37,9652,TTC37,9652
203049_s_at,TTC37,9652,TTC37,9652
216434_at,TTC38,55020,TTC38,55020
216768_x_at,TTC38,55020,TTC38,55020
218272_at,TTC38,55020,TTC38,55020
210652_s_at,TTC39A,22996,TTC39A,22996
215562_at,TTC39A,22996,TTC39A,22996
217101_at,TTC39A,22996,TTC39A,22996
208073_x_at,TTC3P1///TTC3,286495///7267,TTC3P1///TTC3,286495///7267
208661_s_at,TTC3P1///TTC3,286495///7267,TTC3P1///TTC3,286495///7267
208662_s_at,TTC3P1///TTC3,286495///7267,TTC3P1///TTC3,286495///7267
208663_s_at,TTC3P1///TTC3,286495///7267,TTC3P1///TTC3,286495///7267
208664_s_at,TTC3P1///TTC3,286495///7267,TTC3P1///TTC3,286495///7267
210645_s_at,TTC3P1///TTC3,286495///7267,TTC3P1///TTC3,286495///7267
218442_at,TTC4,7268,TTC4,7268
213172_at,TTC9,23508,TTC9,23508
213174_at,TTC9,23508,TTC9,23508
204771_s_at,TTF1,7270,TTF1,7270
204772_s_at,TTF1,7270,TTF1,7270
204407_at,TTF2,8458,TTF2,8458
212898_at,TTI1,9675,TTI1,9675
219124_at,TTI2,80185,TTI2,80185
204822_at,TTK,7272,TTK,7272
205652_s_at,TTLL1,25809,TTLL1,25809
216251_s_at,TTLL12,23170,TTLL12,23170
203702_s_at,TTLL4,9654,TTLL4,9654
203703_s_at,TTLL4,9654,TTLL4,9654
208099_x_at,TTLL5,23093,TTLL5,23093
210539_at,TTLL5,23093,TTLL5,23093
210806_at,TTLL5,23093,TTLL5,23093
214672_at,TTLL5,23093,TTLL5,23093
215898_at,TTLL5,23093,TTLL5,23093
219882_at,TTLL7,79739,TTLL7,79739
208195_at,TTN,7273,TTN,7273
210614_at,TTPA,7274,TTPA,7274
219633_at,TTPAL,79183,TTPAL,79183
209660_at,TTR,7276,TTR,7276
207063_at,TTTY14,83869,TTTY14,83869
214983_at,TTTY15,64595,TTTY15,64595
216673_at,TTTY1B///TTTY1,100101116///50858,TTTY1B///TTTY1,100101116///50858
217261_at,TTTY2B///TTTY2,100101117///60439,TTTY2B///TTTY2,100101117///60439
211460_at,TTTY9B///TTTY9A,425057///83864,TTTY9B///TTTY9A,425057///83864
219415_at,TTYH1,57348,TTYH1,57348
208431_s_at,TUB,7275,TUB,7275
210737_at,TUB,7275,TUB,7275
209118_s_at,TUBA1A,7846,TUBA1A,7846
201090_x_at,TUBA1B,10376,TUBA1B,10376
211058_x_at,TUBA1B,10376,TUBA1B,10376
211072_x_at,TUBA1B,10376,TUBA1B,10376
212639_x_at,TUBA1B,10376,TUBA1B,10376
213646_x_at,TUBA1B,10376,TUBA1B,10376
209251_x_at,TUBA1C,84790,TUBA1C,84790
211750_x_at,TUBA1C,84790,TUBA1C,84790
210527_x_at,TUBA3D///TUBA3C,113457///7278,TUBA3D///TUBA3C,113457///7278
216323_x_at,TUBA3D///TUBA3C,113457///7278,TUBA3D///TUBA3C,113457///7278
212242_at,TUBA4A,7277,TUBA4A,7277
207490_at,TUBA4B,80086,TUBA4B,80086
220069_at,TUBA8,51807,TUBA8,51807
220310_at,TUBAL3,79861,TUBAL3,79861
209026_x_at,TUBB,203068,TUBB,203068
211714_x_at,TUBB,203068,TUBB,203068
212320_at,TUBB,203068,TUBB,203068
208601_s_at,TUBB1,81027,TUBB1,81027
204141_at,TUBB2A,7280,TUBB2A,7280
214023_x_at,TUBB2B,347733,TUBB2B,347733
209372_x_at,TUBB2B///TUBB2A,347733///7280,TUBB2B///TUBB2A,347733///7280
202154_x_at,TUBB3,10381,TUBB3,10381
213476_x_at,TUBB3,10381,TUBB3,10381
212664_at,TUBB4A,10382,TUBB4A,10382
208977_x_at,TUBB4B,10383,TUBB4B,10383
213726_x_at,TUBB4B,10383,TUBB4B,10383
209191_at,TUBB6,84617,TUBB6,84617
211915_s_at,TUBB7P,56604,TUBB7P,56604
222361_at,TUBBP5,643224,TUBBP5,643224
210389_x_at,TUBD1,51174,TUBD1,51174
221326_s_at,TUBD1,51174,TUBD1,51174
201714_at,TUBG1,7283,TUBG1,7283
203894_at,TUBG2,27175,TUBG2,27175
202476_s_at,TUBGCP2,10844,TUBGCP2,10844
202477_s_at,TUBGCP2,10844,TUBGCP2,10844
213563_s_at,TUBGCP2,10844,TUBGCP2,10844
203690_at,TUBGCP3,10426,TUBGCP3,10426
215739_s_at,TUBGCP3,10426,TUBGCP3,10426
211337_s_at,TUBGCP4,27229,TUBGCP4,27229
214876_s_at,TUBGCP5,114791,TUBGCP5,114791
201113_at,TUFM,7284,TUFM,7284
205807_s_at,TUFT1,7286,TUFT1,7286
212337_at,TUG1,55000,TUG1,55000
212725_s_at,TUG1,55000,TUG1,55000
222244_s_at,TUG1,55000,TUG1,55000
206705_at,TULP1,7287,TULP1,7287
206733_at,TULP2,7288,TULP2,7288
205854_at,TULP3,7289,TULP3,7289
221964_at,TULP3,7289,TULP3,7289
218184_at,TULP4,56995,TULP4,56995
203272_s_at,TUSC2,11334,TUSC2,11334
203273_s_at,TUSC2,11334,TUSC2,11334
209227_at,TUSC3,7991,TUSC3,7991
209228_x_at,TUSC3,7991,TUSC3,7991
213423_x_at,TUSC3,7991,TUSC3,7991
218965_s_at,TUT1,64852,TUT1,64852
218446_s_at,TVP23B,51030,TVP23B,51030
201745_at,TWF1,5756,TWF1,5756
214007_s_at,TWF1,5756,TWF1,5756
214008_at,TWF1,5756,TWF1,5756
202009_at,TWF2,11344,TWF2,11344
213943_at,TWIST1,7291,TWIST1,7291
214729_at,TWISTNB,221830,TWISTNB,221830
219201_s_at,TWSG1,57045,TWSG1,57045
206828_at,TXK,7294,TXK,7294
212300_at,TXLNA,200081,TXLNA,200081
219969_at,TXLNG,55787,TXLNG,55787
214131_at,TXLNGY,246126,TXLNGY,246126
208864_s_at,TXN,7295,TXN,7295
216609_at,TXN,7295,TXN,7295
209077_at,TXN2,25828,TXN2,25828
209078_s_at,TXN2,25828,TXN2,25828
220495_s_at,TXNDC15,79770,TXNDC15,79770
203008_x_at,TXNDC9,10190,TXNDC9,10190
211758_x_at,TXNDC9,10190,TXNDC9,10190
201008_s_at,TXNIP,10628,TXNIP,10628
201009_s_at,TXNIP,10628,TXNIP,10628
201010_s_at,TXNIP,10628,TXNIP,10628
201588_at,TXNL1,9352,TXNL1,9352
202835_at,TXNL4A,10907,TXNL4A,10907
202836_s_at,TXNL4A,10907,TXNL4A,10907
218794_s_at,TXNL4B,54957,TXNL4B,54957
201266_at,TXNRD1,7296,TXNRD1,7296
210803_at,TXNRD2,10587,TXNRD2,10587
211177_s_at,TXNRD2,10587,TXNRD2,10587
221906_at,TXNRD3NB///TXNRD3,645840///114112,TXNRD3NB///TXNRD3,645840///114112
59631_at,TXNRD3NB///TXNRD3,645840///114112,TXNRD3NB///TXNRD3,645840///114112
205546_s_at,TYK2,7297,TYK2,7297
204858_s_at,TYMP,1890,TYMP,1890
217497_at,TYMP,1890,TYMP,1890
202589_at,TYMS,7298,TYMS,7298
217684_at,TYMS,7298,TYMS,7298
206630_at,TYR,7299,TYR,7299
211431_s_at,TYRO3,7301,TYRO3,7301
211432_s_at,TYRO3,7301,TYRO3,7301
204122_at,TYROBP,7305,TYROBP,7305
205694_at,TYRP1,7306,TYRP1,7306
218347_at,TYW1,55253,TYW1,55253
202858_at,U2AF1,7307,U2AF1,7307
214171_s_at,U2AF2,11338,U2AF2,11338
218381_s_at,U2AF2,11338,U2AF2,11338
218382_s_at,U2AF2,11338,U2AF2,11338
212058_at,U2SURP,23350,U2SURP,23350
212060_at,U2SURP,23350,U2SURP,23350
212061_at,U2SURP,23350,U2SURP,23350
209340_at,UAP1,6675,UAP1,6675
214755_at,UAP1L1,91373,UAP1L1,91373
200964_at,UBA1,7317,UBA1,7317
201177_s_at,UBA2,10054,UBA2,10054
209115_at,UBA3,9039,UBA3,9039
218289_s_at,UBA5,79876,UBA5,79876
221700_s_at,UBA52,7311,UBA52,7311
218340_s_at,UBA6,55236,UBA6,55236
220869_at,UBA6,55236,UBA6,55236
202151_s_at,UBAC1,10422,UBAC1,10422
221490_at,UBAP1,51271,UBAP1,51271
46270_at,UBAP1,51271,UBAP1,51271
219192_at,UBAP2,55833,UBAP2,55833
221839_s_at,UBAP2,55833,UBAP2,55833
201377_at,UBAP2L,9898,UBAP2L,9898
201378_s_at,UBAP2L,9898,UBAP2L,9898
209947_at,UBAP2L,9898,UBAP2L,9898
214695_at,UBAP2L,9898,UBAP2L,9898
220418_at,UBASH3A,53347,UBASH3A,53347
200633_at,UBB,7314,UBB,7314
217144_at,UBBP1,7315,UBBP1,7315
217125_at,UBBP2,23668,UBBP2,23668
208980_s_at,UBC,7316,UBC,7316
211296_x_at,UBC,7316,UBC,7316
205890_s_at,UBD///GABBR1,10537///2550,UBD///GABBR1,10537///2550
201898_s_at,UBE2A,7319,UBE2A,7319
201899_s_at,UBE2A,7319,UBE2A,7319
202333_s_at,UBE2B,7320,UBE2B,7320
202334_s_at,UBE2B,7320,UBE2B,7320
202335_s_at,UBE2B,7320,UBE2B,7320
211763_s_at,UBE2B,7320,UBE2B,7320
202954_at,UBE2C,11065,UBE2C,11065
211764_s_at,UBE2D1,7321,UBE2D1,7321
214590_s_at,UBE2D1,7321,UBE2D1,7321
215957_at,UBE2D1,7321,UBE2D1,7321
201343_at,UBE2D2,7322,UBE2D2,7322
201344_at,UBE2D2,7322,UBE2D2,7322
201345_s_at,UBE2D2,7322,UBE2D2,7322
200667_at,UBE2D3,7323,UBE2D3,7323
200668_s_at,UBE2D3,7323,UBE2D3,7323
200669_s_at,UBE2D3,7323,UBE2D3,7323
218837_s_at,UBE2D4,51619,UBE2D4,51619
221949_at,UBE2D4,51619,UBE2D4,51619
51774_s_at,UBE2D4,51619,UBE2D4,51619
58900_at,UBE2D4,51619,UBE2D4,51619
65521_at,UBE2D4,51619,UBE2D4,51619
212519_at,UBE2E1,7324,UBE2E1,7324
210024_s_at,UBE2E3,10477,UBE2E3,10477
209141_at,UBE2G1,7326,UBE2G1,7326
209142_s_at,UBE2G1,7326,UBE2G1,7326
209041_s_at,UBE2G2,7327,UBE2G2,7327
209042_s_at,UBE2G2,7327,UBE2G2,7327
217799_x_at,UBE2H,7328,UBE2H,7328
221962_s_at,UBE2H,7328,UBE2H,7328
208760_at,UBE2I,7329,UBE2I,7329
211008_s_at,UBE2I,7329,UBE2I,7329
213535_s_at,UBE2I,7329,UBE2I,7329
217823_s_at,UBE2J1,51465,UBE2J1,51465
217824_at,UBE2J1,51465,UBE2J1,51465
217825_s_at,UBE2J1,51465,UBE2J1,51465
217826_s_at,UBE2J1,51465,UBE2J1,51465
202346_at,UBE2K,3093,UBE2K,3093
202347_s_at,UBE2K,3093,UBE2K,3093
200676_s_at,UBE2L3,7332,UBE2L3,7332
200682_s_at,UBE2L3,7332,UBE2L3,7332
200683_s_at,UBE2L3,7332,UBE2L3,7332
200684_s_at,UBE2L3,7332,UBE2L3,7332
201649_at,UBE2L6,9246,UBE2L6,9246
203109_at,UBE2M,9040,UBE2M,9040
201523_x_at,UBE2N,7334,UBE2N,7334
201524_x_at,UBE2N,7334,UBE2N,7334
212751_at,UBE2N,7334,UBE2N,7334
217393_x_at,UBE2NL,389898,UBE2NL,389898
218141_at,UBE2O,63893,UBE2O,63893
217978_s_at,UBE2Q1,55585,UBE2Q1,55585
202779_s_at,UBE2S,27338,UBE2S,27338
209096_at,UBE2V2,7336,UBE2V2,7336
218521_s_at,UBE2W,55284,UBE2W,55284
217750_s_at,UBE2Z,65264,UBE2Z,65264
211285_s_at,UBE3A,7337,UBE3A,7337
211575_s_at,UBE3A,7337,UBE3A,7337
212278_x_at,UBE3A,7337,UBE3A,7337
213128_s_at,UBE3A,7337,UBE3A,7337
213291_s_at,UBE3A,7337,UBE3A,7337
214980_at,UBE3A,7337,UBE3A,7337
212403_at,UBE3B,89910,UBE3B,89910
212404_s_at,UBE3B,89910,UBE3B,89910
213822_s_at,UBE3B,89910,UBE3B,89910
201817_at,UBE3C,9690,UBE3C,9690
202038_at,UBE4A,9354,UBE4A,9354
202316_x_at,UBE4B,10277,UBE4B,10277
202317_s_at,UBE4B,10277,UBE4B,10277
210685_s_at,UBE4B,10277,UBE4B,10277
215533_s_at,UBE4B,10277,UBE4B,10277
205687_at,UBFD1,56061,UBFD1,56061
219131_at,UBIAD1,29914,UBIAD1,29914
201534_s_at,UBL3,5412,UBL3,5412
201535_at,UBL3,5412,UBL3,5412
221746_at,UBL4A,8266,UBL4A,8266
218011_at,UBL5,59286,UBL5,59286
207253_s_at,UBN1,29855,UBN1,29855
209088_s_at,UBN1,29855,UBN1,29855
204598_at,UBOX5,22888,UBOX5,22888
215544_s_at,UBOX5,22888,UBOX5,22888
218082_s_at,UBP1,7342,UBP1,7342
215884_s_at,UBQLN2,29978,UBQLN2,29978
220422_at,UBQLN3,50613,UBQLN3,50613
222252_x_at,UBQLN4,56893,UBQLN4,56893
212756_s_at,UBR2,23304,UBR2,23304
212760_at,UBR2,23304,UBR2,23304
215558_at,UBR2,23304,UBR2,23304
211950_at,UBR4,23352,UBR4,23352
215636_at,UBR4,23352,UBR4,23352
208882_s_at,UBR5,51366,UBR5,51366
208883_at,UBR5,51366,UBR5,51366
208884_s_at,UBR5,51366,UBR5,51366
218108_at,UBR7,55148,UBR7,55148
219172_at,UBTD1,80019,UBTD1,80019
202692_s_at,UBTF,7343,UBTF,7343
214881_s_at,UBTF,7343,UBTF,7343
201871_s_at,UBXN1,51035,UBXN1,51035
210623_at,UBXN1,51035,UBXN1,51035
212934_at,UBXN2B,137886,UBXN2B,137886
212006_at,UBXN4,23190,UBXN4,23190
212007_at,UBXN4,23190,UBXN4,23190
212008_at,UBXN4,23190,UBXN4,23190
212840_at,UBXN7,26043,UBXN7,26043
217100_s_at,UBXN7,26043,UBXN7,26043
215983_s_at,UBXN8,7993,UBXN8,7993
201387_s_at,UCHL1,7345,UCHL1,7345
204616_at,UCHL3,7347,UCHL3,7347
219960_s_at,UCHL5,51377,UCHL5,51377
220083_x_at,UCHL5,51377,UCHL5,51377
218533_s_at,UCKL1,54963,UCKL1,54963
206072_at,UCN,7349,UCN,7349
221384_at,UCP1,7350,UCP1,7350
208997_s_at,UCP2,7351,UCP2,7351
208998_at,UCP2,7351,UCP2,7351
207349_s_at,UCP3,7352,UCP3,7352
219827_at,UCP3,7352,UCP3,7352
220775_s_at,UEVLD,55293,UEVLD,55293
217797_at,UFC1,51506,UFC1,51506
209103_s_at,UFD1L,7353,UFD1L,7353
212633_at,UFL1,23376,UFL1,23376
212634_at,UFL1,23376,UFL1,23376
218050_at,UFM1,51569,UFM1,51569
218449_at,UFSP2,55325,UFSP2,55325
204881_s_at,UGCG,7357,UGCG,7357
221765_at,UGCG,7357,UGCG,7357
203343_at,UGDH,7358,UGDH,7358
218257_s_at,UGGT1,56886,UGGT1,56886
218801_at,UGGT2,55757,UGGT2,55757
205480_s_at,UGP2,7360,UGP2,7360
204532_x_at,UGT1A1///UGT1A4///UGT1A9///UGT1A6///UGT1A8///UGT1A10,54658///54657///54600///54578///54576///54575,UGT1A1///UGT1A4///UGT1A9///UGT1A6///UGT1A8///UGT1A10,54658///54657///54600///54578///54576///54575
207126_x_at,UGT1A1///UGT1A4///UGT1A9///UGT1A6///UGT1A8///UGT1A10,54658///54657///54600///54578///54576///54575,UGT1A1///UGT1A4///UGT1A9///UGT1A6///UGT1A8///UGT1A10,54658///54657///54600///54578///54576///54575
206094_x_at,UGT1A3///UGT1A1///UGT1A4///UGT1A9///UGT1A5///UGT1A6///UGT1A7///UGT1A8///UGT1A10,54659///54658///54657///54600///54579///54578///54577///54576///54575,UGT1A3///UGT1A1///UGT1A4///UGT1A9///UGT1A5///UGT1A6///UGT1A7///UGT1A8///UGT1A10,54659///54658///54657///54600///54579///54578///54577///54576///54575
208596_s_at,UGT1A3///UGT1A1///UGT1A4///UGT1A9///UGT1A5///UGT1A6///UGT1A7///UGT1A8///UGT1A10,54659///54658///54657///54600///54579///54578///54577///54576///54575,UGT1A3///UGT1A1///UGT1A4///UGT1A9///UGT1A5///UGT1A6///UGT1A7///UGT1A8///UGT1A10,54659///54658///54657///54600///54579///54578///54577///54576///54575
215125_s_at,UGT1A3///UGT1A1///UGT1A4///UGT1A9///UGT1A5///UGT1A6///UGT1A7///UGT1A8///UGT1A10,54659///54658///54657///54600///54579///54578///54577///54576///54575,UGT1A3///UGT1A1///UGT1A4///UGT1A9///UGT1A5///UGT1A6///UGT1A7///UGT1A8///UGT1A10,54659///54658///54657///54600///54579///54578///54577///54576///54575
221304_at,UGT1A3///UGT1A1///UGT1A9///UGT1A5///UGT1A8,54659///54658///54600///54579///54576,UGT1A3///UGT1A1///UGT1A9///UGT1A5///UGT1A8,54659///54658///54600///54579///54576
221305_s_at,UGT1A3///UGT1A1///UGT1A9///UGT1A5///UGT1A8,54659///54658///54600///54579///54576,UGT1A3///UGT1A1///UGT1A9///UGT1A5///UGT1A8,54659///54658///54600///54579///54576
207958_at,UGT2A2///UGT2A1,574537///10941,UGT2A2///UGT2A1,574537///10941
219948_x_at,UGT2A3,79799,UGT2A3,79799
207392_x_at,UGT2B15,7366,UGT2B15,7366
216687_x_at,UGT2B15,7366,UGT2B15,7366
217175_at,UGT2B15,7366,UGT2B15,7366
207245_at,UGT2B17,7367,UGT2B17,7367
211682_x_at,UGT2B28,54490,UGT2B28,54490
206505_at,UGT2B4,7363,UGT2B4,7363
208358_s_at,UGT8,7368,UGT8,7368
213118_at,UHRF1BP1L,23074,UHRF1BP1L,23074
213120_at,UHRF1BP1L,23074,UHRF1BP1L,23074
220746_s_at,UIMC1,51720,UIMC1,51720
221323_at,ULBP1,80329,ULBP1,80329
221291_at,ULBP2,80328,ULBP2,80328
209333_at,ULK1,8408,ULK1,8408
204062_s_at,ULK2,9706,ULK2,9706
204063_s_at,ULK2,9706,ULK2,9706
215154_at,ULK2,9706,ULK2,9706
220958_at,ULK4,54986,ULK4,54986
206716_at,UMOD,7369,UMOD,7369
202706_s_at,UMPS,7372,UMPS,7372
202707_at,UMPS,7372,UMPS,7372
215165_x_at,UMPS,7372,UMPS,7372
203271_s_at,UNC119,9094,UNC119,9094
202365_at,UNC119B,84747,UNC119B,84747
214817_at,UNC13A,23025,UNC13A,23025
202893_at,UNC13B,10497,UNC13B,10497
207499_x_at,UNC45A,55898,UNC45A,55898
221708_s_at,UNC45A,55898,UNC45A,55898
203583_at,UNC50,25972,UNC50,25972
213100_at,UNC5B,219699,UNC5B,219699
41856_at,UNC5B,219699,UNC5B,219699
206189_at,UNC5C,8633,UNC5C,8633
214382_at,UNC93A,54346,UNC93A,54346
214640_at,UNC93A,54346,UNC93A,54346
220998_s_at,UNC93B1,81622,UNC93B1,81622
202330_s_at,UNG,7374,UNG,7374
216586_at,UNGP2,57005,UNGP2,57005
221064_s_at,UNKL,64718,UNKL,64718
220507_s_at,UPB1,51733,UPB1,51733
208947_s_at,UPF1,5976,UPF1,5976
211168_s_at,UPF1,5976,UPF1,5976
203519_s_at,UPF2,26019,UPF2,26019
206958_s_at,UPF3A,65110,UPF3A,65110
206959_s_at,UPF3A,65110,UPF3A,65110
214323_s_at,UPF3A,65110,UPF3A,65110
217596_at,UPF3A,65110,UPF3A,65110
218757_s_at,UPF3B,65109,UPF3B,65109
214624_at,UPK1A,11045,UPK1A,11045
210064_s_at,UPK1B,7348,UPK1B,7348
210065_s_at,UPK1B,7348,UPK1B,7348
207862_at,UPK2,7379,UPK2,7379
206771_at,UPK3A,7380,UPK3A,7380
206658_at,UPK3B,80761,UPK3B,80761
214740_at,UPK3BL///POLR2J3///POLR2J2///POLR2J,100134938///548644///246721///5439,UPK3BL///POLR2J3///POLR2J2///POLR2J,100134938///548644///246721///5439
216242_x_at,UPK3BL///POLR2J3///POLR2J2///POLR2J4///POLR2J,100134938///548644///246721///84820///5439,UPK3BL///POLR2J3///POLR2J2///POLR2J4///POLR2J,100134938///548644///246721///84820///5439
203234_at,UPP1,7378,UPP1,7378
217935_s_at,UQCC1,55245,UQCC1,55245
218190_s_at,UQCR10,29796,UQCR10,29796
202090_s_at,UQCR11,10975,UQCR11,10975
205849_s_at,UQCRB,7381,UQCRB,7381
209065_at,UQCRB,7381,UQCRB,7381
209066_x_at,UQCRB,7381,UQCRB,7381
201903_at,UQCRC1,7384,UQCRC1,7384
200883_at,UQCRC2,7385,UQCRC2,7385
212600_s_at,UQCRC2,7385,UQCRC2,7385
208909_at,UQCRFS1,7386,UQCRFS1,7386
202233_s_at,UQCRHL///UQCRH,440567///7388,UQCRHL///UQCRH,440567///7388
201568_at,UQCRQ,27089,UQCRQ,27089
208395_s_at,URB1,9875,URB1,9875
212996_s_at,URB1,9875,URB1,9875
217633_at,URB1,9875,URB1,9875
205284_at,URB2,9816,URB2,9816
218601_at,URGCP,55665,URGCP,55665
210157_at,URI1,8725,URI1,8725
211563_s_at,URI1,8725,URI1,8725
214173_x_at,URI1,8725,URI1,8725
208101_s_at,URM1,81605,URM1,81605
208970_s_at,UROD,7389,UROD,7389
208971_at,UROD,7389,UROD,7389
222074_at,UROD,7389,UROD,7389
203031_s_at,UROS,7390,UROS,7390
218060_s_at,USB1,79650,USB1,79650
219348_at,USE1,55850,USE1,55850
221706_s_at,USE1,55850,USE1,55850
202152_x_at,USF2,7392,USF2,7392
214879_x_at,USF2,7392,USF2,7392
215737_x_at,USF2,7392,USF2,7392
205137_x_at,USH1C,10083,USH1C,10083
211184_s_at,USH1C,10083,USH1C,10083
221173_at,USH1C,10083,USH1C,10083
207706_at,USH2A,7399,USH2A,7399
201831_s_at,USO1,8615,USO1,8615
201832_s_at,USO1,8615,USO1,8615
202412_s_at,USP1,7398,USP1,7398
202413_s_at,USP1,7398,USP1,7398
209136_s_at,USP10,9100,USP10,9100
209137_s_at,USP10,9100,USP10,9100
208723_at,USP11,8237,USP11,8237
213327_s_at,USP12,219333,USP12,219333
215886_x_at,USP12,219333,USP12,219333
205356_at,USP13,8975,USP13,8975
201671_x_at,USP14,9097,USP14,9097
201672_s_at,USP14,9097,USP14,9097
218386_x_at,USP16,10600,USP16,10600
219211_at,USP18,11274,USP18,11274
214674_at,USP19,10869,USP19,10869
207211_at,USP2,9099,USP2,9099
207213_s_at,USP2,9099,USP2,9099
203965_at,USP20,10868,USP20,10868
218367_x_at,USP21,27005,USP21,27005
200083_at,USP22,23326,USP22,23326
216957_at,USP22,23326,USP22,23326
216964_at,USP22,23326,USP22,23326
220861_at,USP22,23326,USP22,23326
212381_at,USP24,23358,USP24,23358
212388_at,USP24,23358,USP24,23358
220419_s_at,USP25,29761,USP25,29761
217605_at,USP27X,389856,USP27X,389856
220895_at,USP29,57663,USP29,57663
221654_s_at,USP3,9960,USP3,9960
211702_s_at,USP32,84669,USP32,84669
206405_x_at,USP32///USP6,84669///9098,USP32///USP6,84669///9098
213510_x_at,USP32P2,220594,USP32P2,220594
212513_s_at,USP33,23032,USP33,23032
214843_s_at,USP33,23032,USP33,23032
217441_at,USP33,23032,USP33,23032
207365_x_at,USP34,9736,USP34,9736
212065_s_at,USP34,9736,USP34,9736
212066_s_at,USP34,9736,USP34,9736
215013_s_at,USP34,9736,USP34,9736
220370_s_at,USP36,57602,USP36,57602
217829_s_at,USP39,10713,USP39,10713
202682_s_at,USP4,7375,USP4,7375
211800_s_at,USP4,7375,USP4,7375
203869_at,USP46,64854,USP46,64854
203870_at,USP46,64854,USP46,64854
219943_s_at,USP46,64854,USP46,64854
221518_s_at,USP47,55031,USP47,55031
220078_at,USP48,84196,USP48,84196
220079_s_at,USP48,84196,USP48,84196
220667_at,USP49,25862,USP49,25862
206031_s_at,USP5,8078,USP5,8078
216775_at,USP53,54532,USP53,54532
204761_at,USP6NL,9712,USP6NL,9712
201498_at,USP7,7874,USP7,7874
201499_s_at,USP7,7874,USP7,7874
222032_s_at,USP7,7874,USP7,7874
202745_at,USP8,9101,USP8,9101
201099_at,USP9X,8239,USP9X,8239
201100_s_at,USP9X,8239,USP9X,8239
206624_at,USP9Y,8287,USP9Y,8287
204190_at,USPL1,10208,USPL1,10208
205138_s_at,UST,10090,UST,10090
205139_s_at,UST,10090,UST,10090
208275_x_at,UTF1,8433,UTF1,8433
218235_s_at,UTP11,51118,UTP11,51118
221098_x_at,UTP14A,10813,UTP14A,10813
221514_at,UTP14A,10813,UTP14A,10813
203721_s_at,UTP18,51096,UTP18,51096
222038_s_at,UTP18,51096,UTP18,51096
209725_at,UTP20,27340,UTP20,27340
209486_at,UTP3,57050,UTP3,57050
218715_at,UTP6,55813,UTP6,55813
213022_s_at,UTRN,7402,UTRN,7402
213023_at,UTRN,7402,UTRN,7402
220784_s_at,UTS2,10911,UTS2,10911
220785_at,UTS2,10911,UTS2,10911
208067_x_at,UTY,7404,UTY,7404
210322_x_at,UTY,7404,UTY,7404
211149_at,UTY,7404,UTY,7404
203241_at,UVRAG,7405,UVRAG,7405
219675_s_at,UXS1,80146,UXS1,80146
218495_at,UXT,8409,UXT,8409
216407_at,VAC14,55697,VAC14,55697
216501_at,VAC14,55697,VAC14,55697
218169_at,VAC14,55697,VAC14,55697
207100_s_at,VAMP1,6843,VAMP1,6843
207101_at,VAMP1,6843,VAMP1,6843
213326_at,VAMP1,6843,VAMP1,6843
201556_s_at,VAMP2,6844,VAMP2,6844
201557_at,VAMP2,6844,VAMP2,6844
214792_x_at,VAMP2,6844,VAMP2,6844
201336_at,VAMP3,9341,VAMP3,9341
201337_s_at,VAMP3,9341,VAMP3,9341
211749_s_at,VAMP3,9341,VAMP3,9341
207350_s_at,VAMP4,8674,VAMP4,8674
211760_s_at,VAMP4,8674,VAMP4,8674
213480_at,VAMP4,8674,VAMP4,8674
204929_s_at,VAMP5,10791,VAMP5,10791
214115_at,VAMP5,10791,VAMP5,10791
202829_s_at,VAMP7,6845,VAMP7,6845
202546_at,VAMP8,8673,VAMP8,8673
219330_at,VANGL1,81839,VANGL1,81839
208780_x_at,VAPA,9218,VAPA,9218
202549_at,VAPB,9217,VAPB,9217
202550_s_at,VAPB,9217,VAPB,9217
201796_s_at,VARS,7407,VARS,7407
201797_s_at,VARS,7407,VARS,7407
203940_s_at,VASH1,22846,VASH1,22846
219740_at,VASH2,79805,VASH2,79805
202205_at,VASP,7408,VASP,7408
208626_s_at,VAT1,10493,VAT1,10493
206219_s_at,VAV1,7409,VAV1,7409
205536_at,VAV2,7410,VAV2,7410
205537_s_at,VAV2,7410,VAV2,7410
218806_s_at,VAV3,10451,VAV3,10451
218807_at,VAV3,10451,VAV3,10451
220443_s_at,VAX2,25806,VAX2,25806
201472_at,VBP1,7411,VBP1,7411
203868_s_at,VCAM1,7412,VCAM1,7412
204619_s_at,VCAN,1462,VCAN,1462
204620_s_at,VCAN,1462,VCAN,1462
211571_s_at,VCAN,1462,VCAN,1462
215646_s_at,VCAN,1462,VCAN,1462
221731_x_at,VCAN,1462,VCAN,1462
200930_s_at,VCL,7414,VCL,7414
200931_s_at,VCL,7414,VCL,7414
208648_at,VCP,7415,VCP,7415
208649_s_at,VCP,7415,VCP,7415
219810_at,VCPIP1,80124,VCPIP1,80124
218940_at,VCPKMT,79609,VCPKMT,79609
207281_x_at,VCX2,51480,VCX2,51480
211403_x_at,VCX2,51480,VCX2,51480
206922_at,VCY1B///VCY,353513///9084,VCY1B///VCY,353513///9084
212038_s_at,VDAC1,7416,VDAC1,7416
217139_at,VDAC1,7416,VDAC1,7416
217140_s_at,VDAC1,7416,VDAC1,7416
211662_s_at,VDAC2,7417,VDAC2,7417
208844_at,VDAC3,7419,VDAC3,7419
208845_at,VDAC3,7419,VDAC3,7419
208846_s_at,VDAC3,7419,VDAC3,7419
204253_s_at,VDR,7421,VDR,7421
204254_s_at,VDR,7421,VDR,7421
204255_s_at,VDR,7421,VDR,7421
213692_s_at,VDR,7421,VDR,7421
210512_s_at,VEGFA,7422,VEGFA,7422
210513_s_at,VEGFA,7422,VEGFA,7422
211527_x_at,VEGFA,7422,VEGFA,7422
212171_x_at,VEGFA,7422,VEGFA,7422
203683_s_at,VEGFB,7423,VEGFB,7423
209946_at,VEGFC,7424,VEGFC,7424
207376_at,VENTX,27287,VENTX,27287
216722_at,VENTXP1,139538,VENTXP1,139538
216726_at,VENTXP1,139538,VENTXP1,139538
202171_at,VEZF1,7716,VEZF1,7716
202172_at,VEZF1,7716,VEZF1,7716
202173_s_at,VEZF1,7716,VEZF1,7716
207263_x_at,VEZT,55591,VEZT,55591
205586_x_at,VGF,7425,VGF,7425
205487_s_at,VGLL1,51442,VGLL1,51442
215729_s_at,VGLL1,51442,VGLL1,51442
215730_at,VGLL1,51442,VGLL1,51442
220327_at,VGLL3,389136,VGLL3,389136
212399_s_at,VGLL4,9686,VGLL4,9686
214004_s_at,VGLL4,9686,VGLL4,9686
203844_at,VHL,7428,VHL,7428
205506_at,VIL1,7429,VIL1,7429
209950_s_at,VILL,50853,VILL,50853
201426_s_at,VIM,7431,VIM,7431
206577_at,VIP,7432,VIP,7432
218431_at,VIPAS39,63894,VIPAS39,63894
205019_s_at,VIPR1,7433,VIPR1,7433
205946_at,VIPR2,7434,VIPR2,7434
205947_s_at,VIPR2,7434,VIPR2,7434
211598_x_at,VIPR2,7434,VIPR2,7434
217949_s_at,VKORC1,79001,VKORC1,79001
209822_s_at,VLDLR,7436,VLDLR,7436
221412_at,VN1R1,57191,VN1R1,57191
205844_at,VNN1,8876,VNN1,8876
205922_at,VNN2,8875,VNN2,8875
220528_at,VNN3,55350,VNN3,55350
208091_s_at,VOPP1,81552,VOPP1,81552
221349_at,VPREB1,7441,VPREB1,7441
220068_at,VPREB3,29802,VPREB3,29802
203292_s_at,VPS11,55823,VPS11,55823
213686_at,VPS13A,23230,VPS13A,23230
214785_at,VPS13A,23230,VPS13A,23230
214852_x_at,VPS13A,23230,VPS13A,23230
213243_at,VPS13B,157680,VPS13B,157680
220400_at,VPS13B,157680,VPS13B,157680
218396_at,VPS13C,54832,VPS13C,54832
220517_at,VPS13C,54832,VPS13C,54832
212323_s_at,VPS13D,55187,VPS13D,55187
212324_s_at,VPS13D,55187,VPS13D,55187
212326_at,VPS13D,55187,VPS13D,55187
220221_at,VPS13D,55187,VPS13D,55187
203459_s_at,VPS16,64601,VPS16,64601
215216_at,VPS16,64601,VPS16,64601
201807_at,VPS26A,9559,VPS26A,9559
218679_s_at,VPS28,51160,VPS28,51160
204590_x_at,VPS33A,65082,VPS33A,65082
218415_at,VPS33B,26276,VPS33B,26276
44111_at,VPS33B,26276,VPS33B,26276
217727_x_at,VPS35,55737,VPS35,55737
221704_s_at,VPS37B,79720,VPS37B,79720
219053_s_at,VPS37C,55048,VPS37C,55048
212156_at,VPS39,23339,VPS39,23339
203106_s_at,VPS41,27072,VPS41,27072
210849_s_at,VPS41,27072,VPS41,27072
207967_at,VPS45,11311,VPS45,11311
209268_at,VPS45,11311,VPS45,11311
217913_at,VPS4A,27183,VPS4A,27183
218171_at,VPS4B,9525,VPS4B,9525
207045_at,VPS50,55610,VPS50,55610
217969_at,VPS51,738,VPS51,738
214585_s_at,VPS52,6293,VPS52,6293
219794_at,VPS53,55275,VPS53,55275
221707_s_at,VPS53,55275,VPS53,55275
218423_x_at,VPS54,51542,VPS54,51542
202261_at,VPS72,6944,VPS72,6944
209553_at,VPS8,23355,VPS8,23355
205781_at,VPS9D1,9605,VPS9D1,9605
203856_at,VRK1,7443,VRK1,7443
205126_at,VRK2,7444,VRK2,7444
218022_at,VRK3,51231,VRK3,51231
221998_s_at,VRK3,51231,VRK3,51231
221999_at,VRK3,51231,VRK3,51231
220536_at,VRTN,55237,VRTN,55237
204787_at,VSIG4,11326,VSIG4,11326
203797_at,VSNL1,7447,VSNL1,7447
203798_s_at,VSNL1,7447,VSNL1,7447
213381_at,VSTM4,196740,VSTM4,196740
221124_s_at,VSX1,30813,VSX1,30813
219768_at,VTCN1,79679,VTCN1,79679
209452_s_at,VTI1B,10490,VTI1B,10490
218731_s_at,VWA1,64856,VWA1,64856
205011_at,VWA5A,4013,VWA5A,4013
210102_at,VWA5A,4013,VWA5A,4013
221301_at,VWA7,80737,VWA7,80737
212946_at,VWA8,23078,VWA8,23078
214231_s_at,VWA8,23078,VWA8,23078
221265_s_at,VWA9,81556,VWA9,81556
202112_at,VWF,7450,VWF,7450
217742_s_at,WAC,51322,WAC,51322
219679_s_at,WAC,51322,WAC,51322
212264_s_at,WAPL,23063,WAPL,23063
212267_at,WAPL,23063,WAPL,23063
217218_at,WAPL,23063,WAPL,23063
200628_s_at,WARS,7453,WARS,7453
200629_at,WARS,7453,WARS,7453
218766_s_at,WARS2,10352,WARS2,10352
205400_at,WAS,7454,WAS,7454
38964_r_at,WAS,7454,WAS,7454
204165_at,WASF1,8936,WASF1,8936
221725_at,WASF2,10163,WASF2,10163
204042_at,WASF3,10810,WASF3,10810
205809_s_at,WASL,8976,WASL,8976
205810_s_at,WASL,8976,WASL,8976
217821_s_at,WBP11,51729,WBP11,51729
217822_at,WBP11,51729,WBP11,51729
202808_at,WBP1L,54838,WBP1L,54838
209117_at,WBP2,23558,WBP2,23558
203597_s_at,WBP4,11193,WBP4,11193
203598_s_at,WBP4,11193,WBP4,11193
203599_s_at,WBP4,11193,WBP4,11193
207628_s_at,WBSCR22,114049,WBSCR22,114049
219120_at,WDCP,80304,WDCP,80304
212598_at,WDFY3,23001,WDFY3,23001
212602_at,WDFY3,23001,WDFY3,23001
212606_at,WDFY3,23001,WDFY3,23001
204727_at,WDHD1,11169,WDHD1,11169
204728_s_at,WDHD1,11169,WDHD1,11169
216228_s_at,WDHD1,11169,WDHD1,11169
200609_s_at,WDR1,9948,WDR1,9948
200611_s_at,WDR1,9948,WDR1,9948
210935_s_at,WDR1,9948,WDR1,9948
210936_at,WDR1,9948,WDR1,9948
218090_s_at,WDR11,55717,WDR11,55717
218512_at,WDR12,55759,WDR12,55759
222138_s_at,WDR13,64743,WDR13,64743
209461_x_at,WDR18,57418,WDR18,57418
220917_s_at,WDR19,57728,WDR19,57728
219609_at,WDR25,79446,WDR25,79446
218107_at,WDR26,80232,WDR26,80232
218882_s_at,WDR3,10885,WDR3,10885
211383_s_at,WDR37,22884,WDR37,22884
221632_s_at,WDR4,10785,WDR4,10785
218055_s_at,WDR41,55255,WDR41,55255
214662_at,WDR43,23160,WDR43,23160
219297_at,WDR44,54521,WDR44,54521
209216_at,WDR45,11152,WDR45,11152
209217_s_at,WDR45,11152,WDR45,11152
209076_s_at,WDR45B,56270,WDR45B,56270
209196_at,WDR46,9277,WDR46,9277
203855_at,WDR47,22911,WDR47,22911
221735_at,WDR48,57599,WDR48,57599
222157_s_at,WDR48,57599,WDR48,57599
56919_at,WDR48,57599,WDR48,57599
65591_at,WDR48,57599,WDR48,57599
219809_at,WDR55,54853,WDR55,54853
222114_x_at,WDR55,54853,WDR55,54853
218505_at,WDR59,79726,WDR59,79726
219586_at,WDR59,79726,WDR59,79726
221981_s_at,WDR59,79726,WDR59,79726
219538_at,WDR5B,54554,WDR5B,54554
217734_s_at,WDR6,11180,WDR6,11180
219251_s_at,WDR60,55112,WDR60,55112
215156_at,WDR61,80349,WDR61,80349
221531_at,WDR61,80349,WDR61,80349
221532_s_at,WDR61,80349,WDR61,80349
215218_s_at,WDR62,284403,WDR62,284403
212880_at,WDR7,23335,WDR7,23335
219193_at,WDR70,55100,WDR70,55100
213031_s_at,WDR73,84942,WDR73,84942
218278_at,WDR74,54663,WDR74,54663
221712_s_at,WDR74,54663,WDR74,54663
205519_at,WDR76,79968,WDR76,79968
201420_s_at,WDR77,79084,WDR77,79084
201421_s_at,WDR77,79084,WDR77,79084
220769_s_at,WDR78,79819,WDR78,79819
201934_at,WDR82,80335,WDR82,80335
217780_at,WDR83OS,51398,WDR83OS,51398
218971_s_at,WDR91,29062,WDR91,29062
215497_s_at,WDTC1,23038,WDTC1,23038
216036_x_at,WDTC1,23038,WDTC1,23038
40829_at,WDTC1,23038,WDTC1,23038
219060_at,WDYHV1,55093,WDYHV1,55093
212533_at,WEE1,7465,WEE1,7465
215711_s_at,WEE1,7465,WEE1,7465
219478_at,WFDC1,58189,WFDC1,58189
203892_at,WFDC2,10406,WFDC2,10406
215276_at,WFDC8,90199,WFDC8,90199
202908_at,WFS1,7466,WFS1,7466
213908_at,WHAMMP2///WHAMMP3,440253///339005,WHAMMP2///WHAMMP3,440253///339005
222367_at,WHAMMP2///WHAMMP3,440253///339005,WHAMMP2///WHAMMP3,440253///339005
221887_s_at,WHRN,25861,WHRN,25861
47553_at,WHRN,25861,WHRN,25861
209052_s_at,WHSC1,7468,WHSC1,7468
209053_s_at,WHSC1,7468,WHSC1,7468
209054_s_at,WHSC1,7468,WHSC1,7468
218173_s_at,WHSC1L1,54904,WHSC1L1,54904
221248_s_at,WHSC1L1,54904,WHSC1L1,54904
204712_at,WIF1,11197,WIF1,11197
202663_at,WIPF1,7456,WIPF1,7456
202664_at,WIPF1,7456,WIPF1,7456
202665_s_at,WIPF1,7456,WIPF1,7456
212049_at,WIPF2,147179,WIPF2,147179
212050_at,WIPF2,147179,WIPF2,147179
212051_at,WIPF2,147179,WIPF2,147179
203827_at,WIPI1,55062,WIPI1,55062
213836_s_at,WIPI1,55062,WIPI1,55062
202031_s_at,WIPI2,26100,WIPI2,26100
204710_s_at,WIPI2,26100,WIPI2,26100
214699_x_at,WIPI2,26100,WIPI2,26100
206796_at,WISP1,8840,WISP1,8840
211312_s_at,WISP1,8840,WISP1,8840
205792_at,WISP2,8839,WISP2,8839
210861_s_at,WISP3,8838,WISP3,8838
221783_at,WIZ,58525,WIZ,58525
221784_at,WIZ,58525,WIZ,58525
221785_at,WIZ,58525,WIZ,58525
52005_at,WIZ,58525,WIZ,58525
221958_s_at,WLS,79971,WLS,79971
202940_at,WNK1,65125,WNK1,65125
211992_at,WNK1,65125,WNK1,65125
211993_at,WNK1,65125,WNK1,65125
211994_at,WNK1,65125,WNK1,65125
39313_at,WNK1,65125,WNK1,65125
208570_at,WNT1,7471,WNT1,7471
206213_at,WNT10B,7480,WNT10B,7480
206737_at,WNT11,7481,WNT11,7481
221113_s_at,WNT16,51384,WNT16,51384
205648_at,WNT2,7472,WNT2,7472
206458_s_at,WNT2B,7482,WNT2B,7482
206459_s_at,WNT2B,7482,WNT2B,7482
208606_s_at,WNT4,54361,WNT4,54361
205990_s_at,WNT5A,7474,WNT5A,7474
213425_at,WNT5A,7474,WNT5A,7474
221029_s_at,WNT5B,81029,WNT5B,81029
221608_at,WNT6,7475,WNT6,7475
221609_s_at,WNT6,7475,WNT6,7475
222086_s_at,WNT6,7475,WNT6,7475
71933_at,WNT6,7475,WNT6,7475
210248_at,WNT7A,7476,WNT7A,7476
217681_at,WNT7B,7477,WNT7B,7477
207612_at,WNT8B,7479,WNT8B,7479
220258_s_at,WRAP53,55135,WRAP53,55135
44563_at,WRAP53,55135,WRAP53,55135
219322_s_at,WRAP73,49856,WRAP73,49856
202749_at,WRB,7485,WRB,7485
205667_at,WRN,7486,WRN,7486
218015_s_at,WRNIP1,56897,WRNIP1,56897
201294_s_at,WSB1,26118,WSB1,26118
201295_s_at,WSB1,26118,WSB1,26118
201296_s_at,WSB1,26118,WSB1,26118
210561_s_at,WSB1,26118,WSB1,26118
213406_at,WSB1,26118,WSB1,26118
201760_s_at,WSB2,55884,WSB2,55884
207637_at,WSCD2,9671,WSCD2,9671
206067_s_at,WT1,7490,WT1,7490
216953_s_at,WT1,7490,WT1,7490
206954_at,WT1-AS,51352,WT1-AS,51352
203137_at,WTAP,9589,WTAP,9589
210285_x_at,WTAP,9589,WTAP,9589
214759_at,WTAP,9589,WTAP,9589
201045_s_at,WTH3DI///RAB6A,150786///5870,WTH3DI///RAB6A,150786///5870
201047_x_at,WTH3DI///RAB6A,150786///5870,WTH3DI///RAB6A,150786///5870
201048_x_at,WTH3DI///RAB6A,150786///5870,WTH3DI///RAB6A,150786///5870
210406_s_at,WTH3DI///RAB6C///RAB6A,150786///84084///5870,WTH3DI///RAB6C///RAB6A,150786///84084///5870
213085_s_at,WWC1,23286,WWC1,23286
216074_x_at,WWC1,23286,WWC1,23286
218775_s_at,WWC2///CLDN22,80014///53842,WWC2///CLDN22,80014///53842
219520_s_at,WWC3,55841,WWC3,55841
210695_s_at,WWOX,51741,WWOX,51741
219077_s_at,WWOX,51741,WWOX,51741
221147_x_at,WWOX,51741,WWOX,51741
212637_s_at,WWP1,11059,WWP1,11059
212638_s_at,WWP1,11059,WWP1,11059
204022_at,WWP2,11060,WWP2,11060
210200_at,WWP2,11060,WWP2,11060
202132_at,WWTR1,25937,WWTR1,25937
202133_at,WWTR1,25937,WWTR1,25937
202134_s_at,WWTR1,25937,WWTR1,25937
218110_at,XAB2,56949,XAB2,56949
206133_at,XAF1,54739,XAF1,54739
220057_at,XAGE1B///XAGE1E,653220///653067,XAGE1B///XAGE1E,653220///653067
200670_at,XBP1,7494,XBP1,7494
206365_at,XCL1,6375,XCL1,6375
206366_x_at,XCL1,6375,XCL1,6375
214567_s_at,XCL2///XCL1,6846///6375,XCL2///XCL1,6846///6375
221468_at,XCR1,2829,XCR1,2829
210301_at,XDH,7498,XDH,7498
206536_s_at,XIAP,331,XIAP,331
206537_at,XIAP,331,XIAP,331
214218_s_at,XIST,7503,XIST,7503
221728_x_at,XIST,7503,XIST,7503
206698_at,XK,7504,XK,7504
218753_at,XKR8,55113,XKR8,55113
208339_at,XKRY2///XKRY,353515///9082,XKRY2///XKRY,353515///9082
205672_at,XPA,7507,XPA,7507
209375_at,XPC,7508,XPC,7508
208453_s_at,XPNPEP1,7511,XPNPEP1,7511
209045_at,XPNPEP1,7511,XPNPEP1,7511
206484_s_at,XPNPEP2,7512,XPNPEP2,7512
216910_at,XPNPEP2,7512,XPNPEP2,7512
220020_at,XPNPEP3,63929,XPNPEP3,63929
208775_at,XPO1,7514,XPO1,7514
218479_s_at,XPO4,64328,XPO4,64328
211982_x_at,XPO6,23214,XPO6,23214
214784_x_at,XPO6,23214,XPO6,23214
208459_s_at,XPO7,23039,XPO7,23039
212166_at,XPO7,23039,XPO7,23039
212160_at,XPOT,11260,XPOT,11260
203655_at,XRCC1,7515,XRCC1,7515
207598_x_at,XRCC2,7516,XRCC2,7516
216299_s_at,XRCC3,7517,XRCC3,7517
205071_x_at,XRCC4,7518,XRCC4,7518
205072_s_at,XRCC4,7518,XRCC4,7518
210812_at,XRCC4,7518,XRCC4,7518
210813_s_at,XRCC4,7518,XRCC4,7518
208642_s_at,XRCC5,7520,XRCC5,7520
208643_s_at,XRCC5,7520,XRCC5,7520
200792_at,XRCC6,2547,XRCC6,2547
215308_at,XRCC6,2547,XRCC6,2547
208317_at,XYLB,9942,XYLB,9942
208318_s_at,XYLB,9942,XYLB,9942
214776_x_at,XYLB,9942,XYLB,9942
213725_x_at,XYLT1,64131,XYLT1,64131
219401_at,XYLT2,64132,XYLT2,64132
206238_s_at,YAF2,10138,YAF2,10138
213342_at,YAP1,10413,YAP1,10413
212048_s_at,YARS,8565,YARS,8565
218470_at,YARS2,51067,YARS2,51067
208627_s_at,YBX1,4904,YBX1,4904
208628_s_at,YBX1,4904,YBX1,4904
216940_x_at,YBX1,4904,YBX1,4904
219704_at,YBX2,51087,YBX2,51087
201160_s_at,YBX3,8531,YBX3,8531
201161_s_at,YBX3,8531,YBX3,8531
213319_s_at,YBX3,8531,YBX3,8531
221203_s_at,YEATS2,55689,YEATS2,55689
218911_at,YEATS4,8089,YEATS4,8089
202932_at,YES1,7525,YES1,7525
202933_s_at,YES1,7525,YES1,7525
210917_at,YES1,7525,YES1,7525
202418_at,YIF1A,10897,YIF1A,10897
220207_at,YIF1B,90522,YIF1B,90522
214733_s_at,YIPF1,54432,YIPF1,54432
219075_at,YIPF2,78992,YIPF2,78992
221939_at,YIPF2,78992,YIPF2,78992
65086_at,YIPF2,78992,YIPF2,78992
216338_s_at,YIPF3,25844,YIPF3,25844
209551_at,YIPF4,84272,YIPF4,84272
213999_at,YIPF4,84272,YIPF4,84272
221423_s_at,YIPF5,81555,YIPF5,81555
212340_at,YIPF6,286451,YIPF6,286451
212341_at,YIPF6,286451,YIPF6,286451
212342_at,YIPF6,286451,YIPF6,286451
212343_at,YIPF6,286451,YIPF6,286451
217784_at,YKT6,10652,YKT6,10652
217785_s_at,YKT6,10652,YKT6,10652
212787_at,YLPM1,56252,YLPM1,56252
214659_x_at,YLPM1,56252,YLPM1,56252
214713_at,YLPM1,56252,YLPM1,56252
201351_s_at,YME1L1,10730,YME1L1,10730
201352_at,YME1L1,10730,YME1L1,10730
211902_x_at,YME1L1,10730,YME1L1,10730
213830_at,YME1L1,10730,YME1L1,10730
215540_at,YME1L1,10730,YME1L1,10730
215769_at,YME1L1,10730,YME1L1,10730
216133_at,YME1L1,10730,YME1L1,10730
216304_x_at,YME1L1,10730,YME1L1,10730
216540_at,YME1L1,10730,YME1L1,10730
217056_at,YME1L1,10730,YME1L1,10730
217063_x_at,YME1L1,10730,YME1L1,10730
217143_s_at,YME1L1,10730,YME1L1,10730
217397_at,YME1L1,10730,YME1L1,10730
215150_at,YOD1,55432,YOD1,55432
213996_at,YPEL1,29799,YPEL1,29799
217783_s_at,YPEL5,51646,YPEL5,51646
218647_s_at,YRDC,79693,YRDC,79693
212455_at,YTHDC1,91746,YTHDC1,91746
214814_at,YTHDC1,91746,YTHDC1,91746
205835_s_at,YTHDC2,64848,YTHDC2,64848
205836_s_at,YTHDC2,64848,YTHDC2,64848
213077_at,YTHDC2,64848,YTHDC2,64848
221741_s_at,YTHDF1,54915,YTHDF1,54915
217812_at,YTHDF2,51441,YTHDF2,51441
221749_at,YTHDF3,253943,YTHDF3,253943
208743_s_at,YWHAB,7529,YWHAB,7529
217717_s_at,YWHAB,7529,YWHAB,7529
217718_s_at,YWHAB,7529,YWHAB,7529
210317_s_at,YWHAE,7531,YWHAE,7531
210996_s_at,YWHAE,7531,YWHAE,7531
201020_at,YWHAH,7533,YWHAH,7533
200693_at,YWHAQ,10971,YWHAQ,10971
212426_s_at,YWHAQ,10971,YWHAQ,10971
213699_s_at,YWHAQ,10971,YWHAQ,10971
200638_s_at,YWHAZ,7534,YWHAZ,7534
200639_s_at,YWHAZ,7534,YWHAZ,7534
200640_at,YWHAZ,7534,YWHAZ,7534
200641_s_at,YWHAZ,7534,YWHAZ,7534
214848_at,YWHAZ,7534,YWHAZ,7534
200047_s_at,YY1,7528,YY1,7528
201901_s_at,YY1,7528,YY1,7528
201902_s_at,YY1,7528,YY1,7528
213494_s_at,YY1,7528,YY1,7528
217836_s_at,YY1AP1,55249,YY1AP1,55249
216531_at,YY2///MBTPS2,404281///51360,YY2///MBTPS2,404281///51360
218833_at,ZAK,51776,ZAK,51776
214032_at,ZAP70,7535,ZAP70,7535
220269_at,ZBBX,79740,ZBBX,79740
203043_at,ZBED1,9189,ZBED1,9189
219836_at,ZBED2,79413,ZBED2,79413
204799_at,ZBED4,9889,ZBED4,9889
214747_at,ZBED4,9889,ZBED4,9889
218263_s_at,ZBED5,58486,ZBED5,58486
220770_s_at,ZBED8,63920,ZBED8,63920
208087_s_at,ZBP1,81030,ZBP1,81030
205092_x_at,ZBTB1,22890,ZBTB1,22890
213376_at,ZBTB1,22890,ZBTB1,22890
219312_s_at,ZBTB10,65986,ZBTB10,65986
204847_at,ZBTB11,27107,ZBTB11,27107
208199_s_at,ZBTB14,7541,ZBTB14,7541
209724_s_at,ZBTB14,7541,ZBTB14,7541
205883_at,ZBTB16,7704,ZBTB16,7704
203601_s_at,ZBTB17,7709,ZBTB17,7709
203602_s_at,ZBTB17,7709,ZBTB17,7709
207164_s_at,ZBTB18,10472,ZBTB18,10472
212774_at,ZBTB18,10472,ZBTB18,10472
205383_s_at,ZBTB20,26137,ZBTB20,26137
213156_at,ZBTB20,26137,ZBTB20,26137
213158_at,ZBTB20,26137,ZBTB20,26137
222357_at,ZBTB20,26137,ZBTB20,26137
213081_at,ZBTB22,9278,ZBTB22,9278
205340_at,ZBTB24,9841,ZBTB24,9841
214482_at,ZBTB25,7597,ZBTB25,7597
220391_at,ZBTB3,79842,ZBTB3,79842
220118_at,ZBTB32,27033,ZBTB32,27033
214631_at,ZBTB33,10009,ZBTB33,10009
219221_at,ZBTB38,253461,ZBTB38,253461
205256_at,ZBTB39,9880,ZBTB39,9880
203958_s_at,ZBTB40,9923,ZBTB40,9923
203959_s_at,ZBTB40,9923,ZBTB40,9923
204180_s_at,ZBTB43,23099,ZBTB43,23099
204181_s_at,ZBTB43,23099,ZBTB43,23099
204182_s_at,ZBTB43,23099,ZBTB43,23099
220243_at,ZBTB44,29068,ZBTB44,29068
205025_at,ZBTB48,3104,ZBTB48,3104
203026_at,ZBTB5,9925,ZBTB5,9925
206098_at,ZBTB6,10773,ZBTB6,10773
213299_at,ZBTB7A,51341,ZBTB7A,51341
213303_x_at,ZBTB7A,51341,ZBTB7A,51341
219186_at,ZBTB7A,51341,ZBTB7A,51341
222082_at,ZBTB7A,51341,ZBTB7A,51341
205853_at,ZBTB7B,51043,ZBTB7B,51043
217675_at,ZBTB7C,201501,ZBTB7C,201501
205308_at,ZC2HC1A,51101,ZC2HC1A,51101
220107_s_at,ZC2HC1C,79696,ZC2HC1C,79696
209851_at,ZC3H13,23091,ZC3H13,23091
212402_at,ZC3H13,23091,ZC3H13,23091
204216_s_at,ZC3H14,79882,ZC3H14,79882
213063_at,ZC3H14,79882,ZC3H14,79882
213064_at,ZC3H14,79882,ZC3H14,79882
201593_s_at,ZC3H15,55854,ZC3H15,55854
201595_s_at,ZC3H15,55854,ZC3H15,55854
210709_at,ZC3H15,55854,ZC3H15,55854
213445_at,ZC3H3,23144,ZC3H3,23144
213390_at,ZC3H4,23211,ZC3H4,23211
218348_s_at,ZC3H7A,29066,ZC3H7A,29066
205877_s_at,ZC3H7B,23264,ZC3H7B,23264
206168_at,ZC3H7B,23264,ZC3H7B,23264
206169_x_at,ZC3H7B,23264,ZC3H7B,23264
213323_s_at,ZC3H7B,23264,ZC3H7B,23264
216844_at,ZC3H7B,23264,ZC3H7B,23264
213051_at,ZC3HAV1,56829,ZC3HAV1,56829
220104_at,ZC3HAV1,56829,ZC3HAV1,56829
220040_x_at,ZC4H2,55906,ZC4H2,55906
221193_s_at,ZCCHC10,54819,ZCCHC10,54819
212704_at,ZCCHC11,23318,ZCCHC11,23318
217594_at,ZCCHC11,23318,ZCCHC11,23318
212655_at,ZCCHC14,23174,ZCCHC14,23174
215426_at,ZCCHC14,23174,ZCCHC14,23174
215427_s_at,ZCCHC14,23174,ZCCHC14,23174
219062_s_at,ZCCHC2,54877,ZCCHC2,54877
212419_at,ZCCHC24,219654,ZCCHC24,219654
212423_at,ZCCHC24,219654,ZCCHC24,219654
219917_at,ZCCHC4,29063,ZCCHC4,29063
220472_at,ZCCHC4,29063,ZCCHC4,29063
220473_s_at,ZCCHC4,29063,ZCCHC4,29063
220933_s_at,ZCCHC6,79670,ZCCHC6,79670
218478_s_at,ZCCHC8,55596,ZCCHC8,55596
220618_s_at,ZCWPW1,55063,ZCWPW1,55063
221646_s_at,ZDHHC11B///ZDHHC11,653082///79844,ZDHHC11B///ZDHHC11,653082///79844
219296_at,ZDHHC13,54503,ZDHHC13,54503
219247_s_at,ZDHHC14,79683,ZDHHC14,79683
212982_at,ZDHHC17,23390,ZDHHC17,23390
216871_at,ZDHHC17,23390,ZDHHC17,23390
217486_s_at,ZDHHC17,23390,ZDHHC17,23390
212860_at,ZDHHC18,84243,ZDHHC18,84243
205634_x_at,ZDHHC24,254359,ZDHHC24,254359
218077_s_at,ZDHHC3,51304,ZDHHC3,51304
218078_s_at,ZDHHC3,51304,ZDHHC3,51304
220261_s_at,ZDHHC4,55146,ZDHHC4,55146
218249_at,ZDHHC6,64429,ZDHHC6,64429
218606_at,ZDHHC7,55625,ZDHHC7,55625
222274_at,ZDHHC8P1,150244,ZDHHC8P1,150244
210875_s_at,ZEB1,6935,ZEB1,6935
212758_s_at,ZEB1,6935,ZEB1,6935
212764_at,ZEB1,6935,ZEB1,6935
203603_s_at,ZEB2,9839,ZEB2,9839
202448_s_at,ZER1,10444,ZER1,10444
202452_at,ZER1,10444,ZER1,10444
202456_s_at,ZER1,10444,ZER1,10444
218919_at,ZFAND1,79752,ZFAND1,79752
218020_s_at,ZFAND3,60685,ZFAND3,60685
210275_s_at,ZFAND5,7763,ZFAND5,7763
217649_at,ZFAND5,7763,ZFAND5,7763
217741_s_at,ZFAND5,7763,ZFAND5,7763
221613_s_at,ZFAND6,54469,ZFAND6,54469
213065_at,ZFC3H1,196441,ZFC3H1,196441
207699_at,ZFHX2,85446,ZFHX2,85446
208033_s_at,ZFHX3,463,ZFHX3,463
219779_at,ZFHX4,79776,ZFHX4,79776
207757_at,ZFP2,80108,ZFP2,80108
207090_x_at,ZFP30,22835,ZFP30,22835
201531_at,ZFP36,7538,ZFP36,7538
211962_s_at,ZFP36L1,677,ZFP36L1,677
211965_at,ZFP36L1,677,ZFP36L1,677
213277_at,ZFP36L1,677,ZFP36L1,677
213284_at,ZFP36L1,677,ZFP36L1,677
201367_s_at,ZFP36L2,678,ZFP36L2,678
201368_at,ZFP36L2,678,ZFP36L2,678
201369_s_at,ZFP36L2,678,ZFP36L2,678
207068_at,ZFP37,7539,ZFP37,7539
218968_s_at,ZFP64,55734,ZFP64,55734
219536_s_at,ZFP64,55734,ZFP64,55734
207219_at,ZFP69B,65243,ZFP69B,65243
209428_s_at,ZFPL1,7542,ZFPL1,7542
214310_s_at,ZFPL1,7542,ZFPL1,7542
214311_at,ZFPL1,7542,ZFPL1,7542
219778_at,ZFPM2,23414,ZFPM2,23414
201856_s_at,ZFR,51663,ZFR,51663
201857_at,ZFR,51663,ZFR,51663
213286_at,ZFR,51663,ZFR,51663
33148_at,ZFR,51663,ZFR,51663
215419_at,ZFR2,23217,ZFR2,23217
207920_x_at,ZFX,7543,ZFX,7543
214678_x_at,ZFX,7543,ZFX,7543
217176_s_at,ZFX,7543,ZFX,7543
207246_at,ZFY,7544,ZFY,7544
207247_s_at,ZFY///ZFX,7544///7543,ZFY///ZFX,7544///7543
203651_at,ZFYVE16,9765,ZFYVE16,9765
219929_s_at,ZFYVE21,79038,ZFYVE21,79038
213073_at,ZFYVE26,23503,ZFYVE26,23503
37943_at,ZFYVE26,23503,ZFYVE26,23503
204893_s_at,ZFYVE9,9372,ZFYVE9,9372
208446_s_at,ZFYVE9,9372,ZFYVE9,9372
214142_at,ZG16,653808,ZG16,653808
221848_at,ZGPAT,84619,ZGPAT,84619
57539_at,ZGPAT///LIME1,84619///54923,ZGPAT///LIME1,84619///54923
203556_at,ZHX2,22882,ZHX2,22882
212545_s_at,ZHX3,23051,ZHX3,23051
217367_s_at,ZHX3,23051,ZHX3,23051
206373_at,ZIC1,7545,ZIC1,7545
207197_at,ZIC3,7547,ZIC3,7547
211463_at,ZIC4,84107,ZIC4,84107
220653_at,ZIM2///PEG3,23619///5178,ZIM2///PEG3,23619///5178
214670_at,ZKSCAN1,7586,ZKSCAN1,7586
214900_at,ZKSCAN1,7586,ZKSCAN1,7586
211773_s_at,ZKSCAN3,80317,ZKSCAN3,80317
213625_at,ZKSCAN4,387032,ZKSCAN4,387032
203730_s_at,ZKSCAN5,23660,ZKSCAN5,23660
203731_s_at,ZKSCAN5,23660,ZKSCAN5,23660
206314_at,ZKSCAN7,55888,ZKSCAN7,55888
206579_at,ZKSCAN8,7745,ZKSCAN8,7745
219628_at,ZMAT3,64393,ZMAT3,64393
219877_at,ZMAT4,79698,ZMAT4,79698
218752_at,ZMAT5,55954,ZMAT5,55954
212124_at,ZMIZ1,57178,ZMIZ1,57178
221525_at,ZMIZ2,83637,ZMIZ2,83637
221924_at,ZMIZ2,83637,ZMIZ2,83637
54970_at,ZMIZ2,83637,ZMIZ2,83637
202939_at,ZMPSTE24,10269,ZMPSTE24,10269
220206_at,ZMYM1,79830,ZMYM1,79830
202778_s_at,ZMYM2,7750,ZMYM2,7750
210281_s_at,ZMYM2,7750,ZMYM2,7750
210282_at,ZMYM2,7750,ZMYM2,7750
207559_s_at,ZMYM3,9203,ZMYM3,9203
202049_s_at,ZMYM4,9202,ZMYM4,9202
202050_s_at,ZMYM4,9202,ZMYM4,9202
202051_s_at,ZMYM4,9202,ZMYM4,9202
206652_at,ZMYM5,9205,ZMYM5,9205
206744_s_at,ZMYM5,9205,ZMYM5,9205
215948_x_at,ZMYM5,9205,ZMYM5,9205
219924_s_at,ZMYM6,9204,ZMYM6,9204
219925_at,ZMYM6,9204,ZMYM6,9204
205714_s_at,ZMYND10,51364,ZMYND10,51364
216663_s_at,ZMYND10,51364,ZMYND10,51364
202136_at,ZMYND11,10771,ZMYND11,10771
202137_s_at,ZMYND11,10771,ZMYND11,10771
207130_at,ZMYND8,23613,ZMYND8,23613
209048_s_at,ZMYND8,23613,ZMYND8,23613
209049_s_at,ZMYND8,23613,ZMYND8,23613
214795_at,ZMYND8,23613,ZMYND8,23613
216350_s_at,ZNF10,7556,ZNF10,7556
217781_s_at,ZNF106,64397,ZNF106,64397
205739_x_at,ZNF107,51427,ZNF107,51427
222237_s_at,ZNF112,7771,ZNF112,7771
207117_at,ZNF117,51351,ZNF117,51351
207605_x_at,ZNF117,51351,ZNF117,51351
219571_s_at,ZNF12,7559,ZNF12,7559
206928_at,ZNF124,7678,ZNF124,7678
207402_at,ZNF132,7691,ZNF132,7691
216960_s_at,ZNF133,7692,ZNF133,7692
37254_at,ZNF133,7692,ZNF133,7692
206182_at,ZNF134,7693,ZNF134,7693
206142_at,ZNF135,7694,ZNF135,7694
206240_s_at,ZNF136,7695,ZNF136,7695
207394_at,ZNF137P,7696,ZNF137P,7696
219854_at,ZNF14,7561,ZNF14,7561
204523_at,ZNF140,7699,ZNF140,7699
206931_at,ZNF141,7700,ZNF141,7700
204474_at,ZNF142,7701,ZNF142,7701
37586_at,ZNF142,7701,ZNF142,7701
206428_s_at,ZNF143,7702,ZNF143,7702
221873_at,ZNF143,7702,ZNF143,7702
200050_at,ZNF146,7705,ZNF146,7705
203318_s_at,ZNF148,7707,ZNF148,7707
203319_s_at,ZNF148,7707,ZNF148,7707
216677_at,ZNF154,7710,ZNF154,7710
217242_at,ZNF154,7710,ZNF154,7710
221201_s_at,ZNF155,7711,ZNF155,7711
208019_at,ZNF157,7712,ZNF157,7712
219548_at,ZNF16,7564,ZNF16,7564
214715_x_at,ZNF160,90338,ZNF160,90338
206683_at,ZNF165,7718,ZNF165,7718
205252_at,ZNF174,7727,ZNF174,7727
210290_at,ZNF174,7727,ZNF174,7727
210291_s_at,ZNF174,7727,ZNF174,7727
205497_at,ZNF175,7728,ZNF175,7728
219495_s_at,ZNF180,7733,ZNF180,7733
213452_at,ZNF184,7738,ZNF184,7738
203585_at,ZNF185,7739,ZNF185,7739
207513_s_at,ZNF189,7743,ZNF189,7743
204234_s_at,ZNF195,7748,ZNF195,7748
205855_at,ZNF197,10168,ZNF197,10168
207338_s_at,ZNF200,7752,ZNF200,7752
214706_at,ZNF200,7752,ZNF200,7752
204327_s_at,ZNF202,7753,ZNF202,7753
204329_s_at,ZNF202,7753,ZNF202,7753
214823_at,ZNF204P,7754,ZNF204P,7754
206416_at,ZNF205,7755,ZNF205,7755
208136_s_at,ZNF205-AS1,81854,ZNF205-AS1,81854
200828_s_at,ZNF207,7756,ZNF207,7756
200829_x_at,ZNF207,7756,ZNF207,7756
205437_at,ZNF211,10520,ZNF211,10520
203985_at,ZNF212,7988,ZNF212,7988
222170_at,ZNF213-AS1,100507458,ZNF213-AS1,100507458
220497_at,ZNF214,7761,ZNF214,7761
220214_at,ZNF215,7762,ZNF215,7762
203739_at,ZNF217,7764,ZNF217,7764
219314_s_at,ZNF219,51222,ZNF219,51222
218005_at,ZNF22,7570,ZNF22,7570
218006_s_at,ZNF22,7570,ZNF22,7570
220847_x_at,ZNF221,7638,ZNF221,7638
206175_x_at,ZNF222,7673,ZNF222,7673
207128_s_at,ZNF223,7766,ZNF223,7766
216983_s_at,ZNF224,7767,ZNF224,7767
216991_at,ZNF224,7767,ZNF224,7767
220019_s_at,ZNF224,7767,ZNF224,7767
207125_at,ZNF225,7768,ZNF225,7768
219603_s_at,ZNF226,7769,ZNF226,7769
217403_s_at,ZNF227,7770,ZNF227,7770
213934_s_at,ZNF23,7571,ZNF23,7571
205791_x_at,ZNF230,7773,ZNF230,7773
219123_at,ZNF232,7775,ZNF232,7775
217663_at,ZNF234,10780,ZNF234,10780
210595_at,ZNF235,9310,ZNF235,9310
220350_at,ZNF235,9310,ZNF235,9310
219171_s_at,ZNF236,7776,ZNF236,7776
47571_at,ZNF236,7776,ZNF236,7776
206261_at,ZNF239,8187,ZNF239,8187
203247_s_at,ZNF24,7572,ZNF24,7572
203248_at,ZNF24,7572,ZNF24,7572
212534_at,ZNF24,7572,ZNF24,7572
213269_at,ZNF248,57209,ZNF248,57209
213858_at,ZNF250,58500,ZNF250,58500
206900_x_at,ZNF253,56242,ZNF253,56242
206862_at,ZNF254,9534,ZNF254,9534
210697_at,ZNF257,113835,ZNF257,113835
217186_at,ZNF259P1,442240,ZNF259P1,442240
217185_s_at,ZNF259P1///ZPR1,442240///8882,ZNF259P1///ZPR1,442240///8882
219595_at,ZNF26,7574,ZNF26,7574
205917_at,ZNF264,9422,ZNF264,9422
214686_at,ZNF266,10781,ZNF266,10781
219540_at,ZNF267,10308,ZNF267,10308
209989_at,ZNF268,10795,ZNF268,10795
211009_s_at,ZNF271P,10778,ZNF271P,10778
215239_x_at,ZNF273,10793,ZNF273,10793
204937_s_at,ZNF274,10782,ZNF274,10782
213778_x_at,ZNF276,92822,ZNF276,92822
215887_at,ZNF277,11179,ZNF277,11179
218645_at,ZNF277,11179,ZNF277,11179
216034_at,ZNF280A,129025,ZNF280A,129025
215048_at,ZNF280B,140883,ZNF280B,140883
218401_s_at,ZNF281,23528,ZNF281,23528
212892_at,ZNF282,8427,ZNF282,8427
220250_at,ZNF286A,57335,ZNF286A,57335
216453_at,ZNF287,57336,ZNF287,57336
216710_x_at,ZNF287,57336,ZNF287,57336
220055_at,ZNF287,57336,ZNF287,57336
212366_at,ZNF292,23036,ZNF292,23036
212368_at,ZNF292,23036,ZNF292,23036
212684_at,ZNF3,7551,ZNF3,7551
219604_s_at,ZNF3,7551,ZNF3,7551
219605_at,ZNF3,7551,ZNF3,7551
218490_s_at,ZNF302,55900,ZNF302,55900
207753_at,ZNF304,57343,ZNF304,57343
203520_s_at,ZNF318,24149,ZNF318,24149
203521_s_at,ZNF318,24149,ZNF318,24149
209538_at,ZNF32,7580,ZNF32,7580
219376_at,ZNF322,79692,ZNF322,79692
205182_s_at,ZNF324,25799,ZNF324,25799
222318_at,ZNF324B,388569,ZNF324B,388569
219765_at,ZNF329,79673,ZNF329,79673
209814_at,ZNF330,27309,ZNF330,27309
213760_s_at,ZNF330,27309,ZNF330,27309
219228_at,ZNF331,55422,ZNF331,55422
220022_at,ZNF334,55713,ZNF334,55713
221890_at,ZNF335,63925,ZNF335,63925
222059_at,ZNF335,63925,ZNF335,63925
78330_at,ZNF335,63925,ZNF335,63925
214760_at,ZNF337,26152,ZNF337,26152
37860_at,ZNF337,26152,ZNF337,26152
215022_x_at,ZNF33B,7582,ZNF33B,7582
219801_at,ZNF34,80778,ZNF34,80778
207296_at,ZNF343,79175,ZNF343,79175
207236_at,ZNF345,25850,ZNF345,25850
206096_at,ZNF35,7584,ZNF35,7584
219266_at,ZNF350,59348,ZNF350,59348
205427_at,ZNF354A,6940,ZNF354A,6940
219379_x_at,ZNF358,140467,ZNF358,140467
214915_at,ZNF362,149076,ZNF362,149076
206448_at,ZNF365,22891,ZNF365,22891
215358_x_at,ZNF37BP,100129482,ZNF37BP,100129482
212369_at,ZNF384,171017,ZNF384,171017
220616_at,ZNF384,171017,ZNF384,171017
220117_at,ZNF385D,79750,ZNF385D,79750
215523_at,ZNF391,346157,ZNF391,346157
214714_at,ZNF394,84124,ZNF394,84124
218149_s_at,ZNF395,55893,ZNF395,55893
220835_s_at,ZNF407,55628,ZNF407,55628
220836_at,ZNF407,55628,ZNF407,55628
219224_x_at,ZNF408,79797,ZNF408,79797
214904_at,ZNF41,7592,ZNF41,7592
205514_at,ZNF415,55786,ZNF415,55786
219826_at,ZNF419,79744,ZNF419,79744
58367_s_at,ZNF419,79744,ZNF419,79744
214761_at,ZNF423,23090,ZNF423,23090
205964_at,ZNF426,79088,ZNF426,79088
215429_s_at,ZNF428,126299,ZNF428,126299
206695_x_at,ZNF43,7594,ZNF43,7594
206829_x_at,ZNF430,80264,ZNF430,80264
219848_s_at,ZNF432,9668,ZNF432,9668
215892_at,ZNF440,126070,ZNF440,126070
216291_at,ZNF440,126070,ZNF440,126070
208081_s_at,ZNF442,79973,ZNF442,79973
205928_at,ZNF443,10224,ZNF443,10224
216780_at,ZNF443,10224,ZNF443,10224
216788_at,ZNF443,10224,ZNF443,10224
218707_at,ZNF444,55311,ZNF444,55311
50376_at,ZNF444,55311,ZNF444,55311
219900_s_at,ZNF446,55663,ZNF446,55663
207304_at,ZNF45,7596,ZNF45,7596
222028_at,ZNF45,7596,ZNF45,7596
212557_at,ZNF451,26036,ZNF451,26036
215012_at,ZNF451,26036,ZNF451,26036
216273_at,ZNF460,10794,ZNF460,10794
216279_at,ZNF460,10794,ZNF460,10794
213559_s_at,ZNF467,168544,ZNF467,168544
214746_s_at,ZNF467,168544,ZNF467,168544
214751_at,ZNF468,90333,ZNF468,90333
211923_s_at,ZNF471,57573,ZNF471,57573
213124_at,ZNF473,25888,ZNF473,25888
213130_at,ZNF473,25888,ZNF473,25888
222283_at,ZNF480,147657,ZNF480,147657
214922_at,ZNF484,83744,ZNF484,83744
215532_x_at,ZNF492,57615,ZNF492,57615
211064_at,ZNF493,284443,ZNF493,284443
213639_s_at,ZNF500,26048,ZNF500,26048
213641_at,ZNF500,26048,ZNF500,26048
41113_at,ZNF500,26048,ZNF500,26048
221625_at,ZNF506,440515,ZNF506,440515
221626_at,ZNF506,440515,ZNF506,440515
206225_at,ZNF507,22847,ZNF507,22847
206053_at,ZNF510,22869,ZNF510,22869
221869_at,ZNF512B,57473,ZNF512B,57473
55872_at,ZNF512B,57473,ZNF512B,57473
203604_at,ZNF516,9658,ZNF516,9658
204291_at,ZNF518A,9849,ZNF518A,9849
215644_at,ZNF518A,9849,ZNF518A,9849
215019_x_at,ZNF528,84436,ZNF528,84436
215307_at,ZNF529,57711,ZNF529,57711
220617_s_at,ZNF532,55205,ZNF532,55205
206403_at,ZNF536,9745,ZNF536,9745
218735_s_at,ZNF544,27300,ZNF544,27300
215315_at,ZNF549,256051,ZNF549,256051
215124_at,ZNF550,162972,ZNF550,162972
211721_s_at,ZNF551,90233,ZNF551,90233
219741_x_at,ZNF552,79818,ZNF552,79818
220709_at,ZNF556,80032,ZNF556,80032
220444_at,ZNF557,79230,ZNF557,79230
207417_s_at,ZNF559-ZNF177///ZNF177,100529215///7730,ZNF559-ZNF177///ZNF177,100529215///7730
219163_at,ZNF562,54811,ZNF562,54811
206648_at,ZNF571,51276,ZNF571,51276
217627_at,ZNF573,126231,ZNF573,126231
218762_at,ZNF574,64763,ZNF574,64763
219088_s_at,ZNF576,79177,ZNF576,79177
219089_s_at,ZNF576,79177,ZNF576,79177
220748_s_at,ZNF580,51157,ZNF580,51157
219711_at,ZNF586,54807,ZNF586,54807
219981_x_at,ZNF587,84914,ZNF587,84914
221963_x_at,ZNF587B,100293516,ZNF587B,100293516
210061_at,ZNF589,51385,ZNF589,51385
210062_s_at,ZNF589,51385,ZNF589,51385
219968_at,ZNF589,51385,ZNF589,51385
204473_s_at,ZNF592,9640,ZNF592,9640
213389_at,ZNF592,9640,ZNF592,9640
204175_at,ZNF593,51042,ZNF593,51042
219635_at,ZNF606,80095,ZNF606,80095
212617_at,ZNF609,23060,ZNF609,23060
212618_at,ZNF609,23060,ZNF609,23060
212620_at,ZNF609,23060,ZNF609,23060
208137_x_at,ZNF611,81856,ZNF611,81856
219851_at,ZNF613,79898,ZNF613,79898
210599_at,ZNF614,80110,ZNF614,80110
220721_at,ZNF614,80110,ZNF614,80110
206188_at,ZNF623,9831,ZNF623,9831
213916_at,ZNF625-ZNF20///ZNF20,100529855///7568,ZNF625-ZNF20///ZNF20,100529855///7568
213196_at,ZNF629,23361,ZNF629,23361
211257_x_at,ZNF638,27332,ZNF638,27332
213775_x_at,ZNF638-IT1///ZNF638,100507113///27332,ZNF638-IT1///ZNF638,100507113///27332
218413_s_at,ZNF639,51193,ZNF639,51193
204876_at,ZNF646,9726,ZNF646,9726
205594_at,ZNF652,22834,ZNF652,22834
219239_s_at,ZNF654,55279,ZNF654,55279
220760_x_at,ZNF665,79788,ZNF665,79788
207120_at,ZNF667,63934,ZNF667,63934
219047_s_at,ZNF668,79759,ZNF668,79759
220215_at,ZNF669,79862,ZNF669,79862
208273_at,ZNF670-ZNF695///ZNF670///ZNF695,100533111///93474///57116,ZNF670-ZNF695///ZNF670///ZNF695,100533111///93474///57116
219849_at,ZNF671,79891,ZNF671,79891
218068_s_at,ZNF672,79894,ZNF672,79894
215309_at,ZNF674,641339,ZNF674,641339
217547_x_at,ZNF675,171392,ZNF675,171392
216468_s_at,ZNF682,91120,ZNF682,91120
213527_s_at,ZNF688,146542,ZNF688,146542
213529_at,ZNF688,146542,ZNF688,146542
220661_s_at,ZNF692,55657,ZNF692,55657
220967_s_at,ZNF696,79943,ZNF696,79943
205089_at,ZNF7,7553,ZNF7,7553
220242_x_at,ZNF701,55762,ZNF701,55762
206557_at,ZNF702P,79986,ZNF702P,79986
218059_at,ZNF706,51123,ZNF706,51123
213542_at,ZNF710,374655,ZNF710,374655
39891_at,ZNF710,374655,ZNF710,374655
207781_s_at,ZNF711,7552,ZNF711,7552
221370_at,ZNF717,100131827,ZNF717,100131827
208542_x_at,ZNF718///ZNF595///ZNF208,255403///152687///7757,ZNF718///ZNF595///ZNF208,255403///152687///7757
215978_x_at,ZNF721,170960,ZNF721,170960
222136_x_at,ZNF729///ZNF43,100287226///7594,ZNF729///ZNF43,100287226///7594
205881_at,ZNF74,7625,ZNF74,7625
206180_x_at,ZNF747,65988,ZNF747,65988
215289_at,ZNF749,388567,ZNF749,388567
219995_s_at,ZNF750,79755,ZNF750,79755
213659_at,ZNF75D,7626,ZNF75D,7626
214813_at,ZNF75D,7626,ZNF75D,7626
207494_s_at,ZNF76,7629,ZNF76,7629
222120_at,ZNF764,92595,ZNF764,92595
57516_at,ZNF764,92595,ZNF764,92595
219627_at,ZNF767P,79970,ZNF767P,79970
218916_at,ZNF768///ZNF747,79724///65988,ZNF768///ZNF747,79724///65988
220608_s_at,ZNF770,54989,ZNF770,54989
219780_at,ZNF771,51333,ZNF771,51333
219781_s_at,ZNF771,51333,ZNF771,51333
219782_s_at,ZNF771,51333,ZNF771,51333
221968_s_at,ZNF771,51333,ZNF771,51333
215570_s_at,ZNF780A///ZNF780B,284323///163131,ZNF780A///ZNF780B,284323///163131
214899_at,ZNF780B,163131,ZNF780B,163131
221876_at,ZNF783,100289678,ZNF783,100289678
78495_at,ZNF783,100289678,ZNF783,100289678
213402_at,ZNF787,126208,ZNF787,126208
214138_at,ZNF79,7633,ZNF79,7633
216482_x_at,ZNF79,7633,ZNF79,7633
216486_x_at,ZNF79,7633,ZNF79,7633
214901_at,ZNF8,7554,ZNF8,7554
207272_at,ZNF80,7634,ZNF80,7634
215767_at,ZNF804A,91752,ZNF804A,91752
215901_at,ZNF81,347344,ZNF81,347344
217665_at,ZNF813,126017,ZNF813,126017
222135_at,ZNF814,730051,ZNF814,730051
60794_f_at,ZNF814,730051,ZNF814,730051
217541_x_at,ZNF816-ZNF321P///ZNF816,100529240///125893,ZNF816-ZNF321P///ZNF816,100529240///125893
205494_at,ZNF821,55565,ZNF821,55565
41397_at,ZNF821,55565,ZNF821,55565
221645_s_at,ZNF83,55769,ZNF83,55769
215826_x_at,ZNF835,90485,ZNF835,90485
219086_at,ZNF839,55778,ZNF839,55778
221709_s_at,ZNF839,55778,ZNF839,55778
204453_at,ZNF84,7637,ZNF84,7637
206572_x_at,ZNF85,7639,ZNF85,7639
213444_at,ZNF862,643641,ZNF862,643641
206059_at,ZNF91,7644,ZNF91,7644
208119_s_at,ZNF93,81931,ZNF93,81931
215758_x_at,ZNF93,81931,ZNF93,81931
201541_s_at,ZNHIT1,10467,ZNHIT1,10467
219050_s_at,ZNHIT2,741,ZNHIT2,741
212544_at,ZNHIT3,9326,ZNHIT3,9326
218932_at,ZNHIT6,54680,ZNHIT6,54680
215461_at,ZNRF4,148066,ZNRF4,148066
207933_at,ZP2,7783,ZP2,7783
207021_at,ZPBP,11055,ZPBP,11055
200054_at,ZPR1,8882,ZPR1,8882
206512_at,ZRSR1///SRP19,7310///6728,ZRSR1///SRP19,7310///6728
208174_x_at,ZRSR2,8233,ZRSR2,8233
213876_x_at,ZRSR2,8233,ZRSR2,8233
206507_at,ZSCAN12,9753,ZSCAN12,9753
217098_s_at,ZSCAN12,9753,ZSCAN12,9753
219676_at,ZSCAN16,80345,ZSCAN16,80345
217593_at,ZSCAN18,65982,ZSCAN18,65982
218312_s_at,ZSCAN18,65982,ZSCAN18,65982
220516_at,ZSCAN2,54993,ZSCAN2,54993
213218_at,ZSCAN26,7741,ZSCAN26,7741
222016_s_at,ZSCAN31,64288,ZSCAN31,64288
218937_at,ZSCAN32,54925,ZSCAN32,54925
220292_at,ZSCAN32,54925,ZSCAN32,54925
219904_at,ZSCAN5A,79149,ZSCAN5A,79149
205181_at,ZSCAN9,7746,ZSCAN9,7746
217592_at,ZSWIM1,90204,ZSWIM1,90204
212359_s_at,ZSWIM8,23053,ZSWIM8,23053
216345_at,ZSWIM8,23053,ZSWIM8,23053
214867_at,ZSWIM8-AS1///NDST2,100507331///8509,ZSWIM8-AS1///NDST2,100507331///8509
210593_at,ZSWIM8///SAT1,23053///6303,ZSWIM8///SAT1,23053///6303
204812_at,ZW10,9183,ZW10,9183
218349_s_at,ZWILCH,55055,ZWILCH,55055
204026_s_at,ZWINT,11130,ZWINT,11130
216013_at,ZXDB,158586,ZXDB,158586
215263_at,ZXDB///ZXDA,158586///7789,ZXDB///ZXDA,158586///7789
216014_s_at,ZXDB///ZXDA,158586///7789,ZXDB///ZXDA,158586///7789
218639_s_at,ZXDC,79364,ZXDC,79364
200808_s_at,ZYX,7791,ZYX,7791
215706_x_at,ZYX,7791,ZYX,7791
207189_s_at,ZZEF1,23140,ZZEF1,23140
207190_at,ZZEF1,23140,ZZEF1,23140
212601_at,ZZEF1,23140,ZZEF1,23140
212893_at,ZZZ3,26009,ZZZ3,26009
