"accession","geo_accession","qc_candidate","exclusion_applied","decision","evidence","rule"
"GSE41258","GSM1012278",FALSE,FALSE,"include_prespecified_technically_valid_cohort","independent_failure_metrics=0","No PCA-only exclusion; exclusion requires severe failure supported by at least two independent QC metrics"
"GSE41258","GSM1012279",FALSE,FALSE,"include_prespecified_technically_valid_cohort","independent_failure_metrics=0","No PCA-only exclusion; exclusion requires severe failure supported by at least two independent QC metrics"
"GSE41258","GSM1012280",FALSE,FALSE,"include_prespecified_technically_valid_cohort","independent_failure_metrics=0","No PCA-only exclusion; exclusion requires severe failure supported by at least two independent QC metrics"
"GSE41258","GSM1012281",FALSE,FALSE,"include_prespecified_technically_valid_cohort","independent_failure_metrics=0","No PCA-only exclusion; exclusion requires severe failure supported by at least two independent QC metrics"
"GSE41258","GSM1012282",FALSE,FALSE,"include_prespecified_technically_valid_cohort","independent_failure_metrics=0","No PCA-only exclusion; exclusion requires severe failure supported by at least two independent QC metrics"
"GSE41258","GSM1012283",FALSE,FALSE,"include_prespecified_technically_valid_cohort","independent_failure_metrics=0","No PCA-only exclusion; exclusion requires severe failure supported by at least two independent QC metrics"
"GSE41258","GSM1012284",FALSE,FALSE,"include_prespecified_technically_valid_cohort","independent_failure_metrics=0","No PCA-only exclusion; exclusion requires severe failure supported by at least two independent QC metrics"
"GSE41258","GSM1012285",FALSE,FALSE,"include_prespecified_technically_valid_cohort","independent_failure_metrics=0","No PCA-only exclusion; exclusion requires severe failure supported by at least two independent QC metrics"
"GSE41258","GSM1012286",FALSE,FALSE,"include_prespecified_technically_valid_cohort","independent_failure_metrics=0","No PCA-only exclusion; exclusion requires severe failure supported by at least two independent QC metrics"
"GSE41258","GSM1012287",FALSE,FALSE,"include_prespecified_technically_valid_cohort","independent_failure_metrics=0","No PCA-only exclusion; exclusion requires severe failure supported by at least two independent QC metrics"
"GSE41258","GSM1012288",FALSE,FALSE,"include_prespecified_technically_valid_cohort","independent_failure_metrics=0","No PCA-only exclusion; exclusion requires severe failure supported by at least two independent QC metrics"
"GSE41258","GSM1012289",FALSE,FALSE,"include_prespecified_technically_valid_cohort","independent_failure_metrics=0","No PCA-only exclusion; exclusion requires severe failure supported by at least two independent QC metrics"
"GSE41258","GSM1012290",FALSE,FALSE,"include_prespecified_technically_valid_cohort","independent_failure_metrics=0","No PCA-only exclusion; exclusion requires severe failure supported by at least two independent QC metrics"
"GSE41258","GSM1012291",FALSE,FALSE,"include_prespecified_technically_valid_cohort","independent_failure_metrics=0","No PCA-only exclusion; exclusion requires severe failure supported by at least two independent QC metrics"
"GSE41258","GSM1012292",FALSE,FALSE,"include_prespecified_technically_valid_cohort","independent_failure_metrics=0","No PCA-only exclusion; exclusion requires severe failure supported by at least two independent QC metrics"
"GSE41258","GSM1012293",FALSE,FALSE,"include_prespecified_technically_valid_cohort","independent_failure_metrics=0","No PCA-only exclusion; exclusion requires severe failure supported by at least two independent QC metrics"
"GSE41258","GSM1012294",FALSE,FALSE,"include_prespecified_technically_valid_cohort","independent_failure_metrics=0","No PCA-only exclusion; exclusion requires severe failure supported by at least two independent QC metrics"
"GSE41258","GSM1012295",FALSE,FALSE,"include_prespecified_technically_valid_cohort","independent_failure_metrics=0","No PCA-only exclusion; exclusion requires severe failure supported by at least two independent QC metrics"
"GSE41258","GSM1012296",FALSE,FALSE,"include_prespecified_technically_valid_cohort","independent_failure_metrics=0","No PCA-only exclusion; exclusion requires severe failure supported by at least two independent QC metrics"
"GSE41258","GSM1012297",FALSE,FALSE,"include_prespecified_technically_valid_cohort","independent_failure_metrics=0","No PCA-only exclusion; exclusion requires severe failure supported by at least two independent QC metrics"
"GSE41258","GSM1012298",FALSE,FALSE,"include_prespecified_technically_valid_cohort","independent_failure_metrics=0","No PCA-only exclusion; exclusion requires severe failure supported by at least two independent QC metrics"
"GSE41258","GSM1012299",FALSE,FALSE,"include_prespecified_technically_valid_cohort","independent_failure_metrics=0","No PCA-only exclusion; exclusion requires severe failure supported by at least two independent QC metrics"
"GSE41258","GSM1012300",FALSE,FALSE,"include_prespecified_technically_valid_cohort","independent_failure_metrics=0","No PCA-only exclusion; exclusion requires severe failure supported by at least two independent QC metrics"
"GSE41258","GSM1012301",FALSE,FALSE,"include_prespecified_technically_valid_cohort","independent_failure_metrics=0","No PCA-only exclusion; exclusion requires severe failure supported by at least two independent QC metrics"
"GSE41258","GSM1012302",FALSE,FALSE,"include_prespecified_technically_valid_cohort","independent_failure_metrics=0","No PCA-only exclusion; exclusion requires severe failure supported by at least two independent QC metrics"
"GSE41258","GSM1012303",FALSE,FALSE,"include_prespecified_technically_valid_cohort","independent_failure_metrics=0","No PCA-only exclusion; exclusion requires severe failure supported by at least two independent QC metrics"
"GSE41258","GSM1012304",FALSE,FALSE,"include_prespecified_technically_valid_cohort","independent_failure_metrics=0","No PCA-only exclusion; exclusion requires severe failure supported by at least two independent QC metrics"
"GSE41258","GSM1012305",FALSE,FALSE,"include_prespecified_technically_valid_cohort","independent_failure_metrics=0","No PCA-only exclusion; exclusion requires severe failure supported by at least two independent QC metrics"
"GSE41258","GSM1012306",FALSE,FALSE,"include_prespecified_technically_valid_cohort","independent_failure_metrics=0","No PCA-only exclusion; exclusion requires severe failure supported by at least two independent QC metrics"
"GSE41258","GSM1012307",FALSE,FALSE,"include_prespecified_technically_valid_cohort","independent_failure_metrics=0","No PCA-only exclusion; exclusion requires severe failure supported by at least two independent QC metrics"
"GSE41258","GSM1012308",FALSE,FALSE,"include_prespecified_technically_valid_cohort","independent_failure_metrics=0","No PCA-only exclusion; exclusion requires severe failure supported by at least two independent QC metrics"
"GSE41258","GSM1012309",FALSE,FALSE,"include_prespecified_technically_valid_cohort","independent_failure_metrics=0","No PCA-only exclusion; exclusion requires severe failure supported by at least two independent QC metrics"
"GSE41258","GSM1012310",FALSE,FALSE,"include_prespecified_technically_valid_cohort","independent_failure_metrics=0","No PCA-only exclusion; exclusion requires severe failure supported by at least two independent QC metrics"
"GSE41258","GSM1012311",FALSE,FALSE,"include_prespecified_technically_valid_cohort","independent_failure_metrics=0","No PCA-only exclusion; exclusion requires severe failure supported by at least two independent QC metrics"
"GSE41258","GSM1012312",FALSE,FALSE,"include_prespecified_technically_valid_cohort","independent_failure_metrics=0","No PCA-only exclusion; exclusion requires severe failure supported by at least two independent QC metrics"
"GSE41258","GSM1012313",FALSE,FALSE,"include_prespecified_technically_valid_cohort","independent_failure_metrics=0","No PCA-only exclusion; exclusion requires severe failure supported by at least two independent QC metrics"
"GSE41258","GSM1012314",FALSE,FALSE,"include_prespecified_technically_valid_cohort","independent_failure_metrics=0","No PCA-only exclusion; exclusion requires severe failure supported by at least two independent QC metrics"
"GSE41258","GSM1012315",FALSE,FALSE,"include_prespecified_technically_valid_cohort","independent_failure_metrics=0","No PCA-only exclusion; exclusion requires severe failure supported by at least two independent QC metrics"
"GSE41258","GSM1012316",FALSE,FALSE,"include_prespecified_technically_valid_cohort","independent_failure_metrics=0","No PCA-only exclusion; exclusion requires severe failure supported by at least two independent QC metrics"
"GSE41258","GSM1012317",FALSE,FALSE,"include_prespecified_technically_valid_cohort","independent_failure_metrics=0","No PCA-only exclusion; exclusion requires severe failure supported by at least two independent QC metrics"
"GSE41258","GSM1012318",FALSE,FALSE,"include_prespecified_technically_valid_cohort","independent_failure_metrics=0","No PCA-only exclusion; exclusion requires severe failure supported by at least two independent QC metrics"
"GSE41258","GSM1012319",FALSE,FALSE,"include_prespecified_technically_valid_cohort","independent_failure_metrics=0","No PCA-only exclusion; exclusion requires severe failure supported by at least two independent QC metrics"
"GSE41258","GSM1012320",FALSE,FALSE,"include_prespecified_technically_valid_cohort","independent_failure_metrics=0","No PCA-only exclusion; exclusion requires severe failure supported by at least two independent QC metrics"
"GSE41258","GSM1012321",FALSE,FALSE,"include_prespecified_technically_valid_cohort","independent_failure_metrics=0","No PCA-only exclusion; exclusion requires severe failure supported by at least two independent QC metrics"
"GSE41258","GSM1012322",FALSE,FALSE,"include_prespecified_technically_valid_cohort","independent_failure_metrics=0","No PCA-only exclusion; exclusion requires severe failure supported by at least two independent QC metrics"
"GSE41258","GSM1012323",FALSE,FALSE,"include_prespecified_technically_valid_cohort","independent_failure_metrics=0","No PCA-only exclusion; exclusion requires severe failure supported by at least two independent QC metrics"
"GSE41258","GSM1012324",FALSE,FALSE,"include_prespecified_technically_valid_cohort","independent_failure_metrics=0","No PCA-only exclusion; exclusion requires severe failure supported by at least two independent QC metrics"
"GSE41258","GSM1012325",FALSE,FALSE,"include_prespecified_technically_valid_cohort","independent_failure_metrics=0","No PCA-only exclusion; exclusion requires severe failure supported by at least two independent QC metrics"
"GSE41258","GSM1012326",FALSE,FALSE,"include_prespecified_technically_valid_cohort","independent_failure_metrics=0","No PCA-only exclusion; exclusion requires severe failure supported by at least two independent QC metrics"
"GSE41258","GSM1012327",FALSE,FALSE,"include_prespecified_technically_valid_cohort","independent_failure_metrics=0","No PCA-only exclusion; exclusion requires severe failure supported by at least two independent QC metrics"
"GSE41258","GSM1012328",FALSE,FALSE,"include_prespecified_technically_valid_cohort","independent_failure_metrics=0","No PCA-only exclusion; exclusion requires severe failure supported by at least two independent QC metrics"
"GSE41258","GSM1012329",FALSE,FALSE,"include_prespecified_technically_valid_cohort","independent_failure_metrics=0","No PCA-only exclusion; exclusion requires severe failure supported by at least two independent QC metrics"
"GSE41258","GSM1012330",FALSE,FALSE,"include_prespecified_technically_valid_cohort","independent_failure_metrics=0","No PCA-only exclusion; exclusion requires severe failure supported by at least two independent QC metrics"
"GSE41258","GSM1012331",FALSE,FALSE,"include_prespecified_technically_valid_cohort","independent_failure_metrics=0","No PCA-only exclusion; exclusion requires severe failure supported by at least two independent QC metrics"
"GSE41258","GSM1012332",FALSE,FALSE,"include_prespecified_technically_valid_cohort","independent_failure_metrics=0","No PCA-only exclusion; exclusion requires severe failure supported by at least two independent QC metrics"
"GSE41258","GSM1012333",FALSE,FALSE,"include_prespecified_technically_valid_cohort","independent_failure_metrics=0","No PCA-only exclusion; exclusion requires severe failure supported by at least two independent QC metrics"
"GSE41258","GSM1012334",FALSE,FALSE,"include_prespecified_technically_valid_cohort","independent_failure_metrics=0","No PCA-only exclusion; exclusion requires severe failure supported by at least two independent QC metrics"
"GSE41258","GSM1012335",FALSE,FALSE,"include_prespecified_technically_valid_cohort","independent_failure_metrics=0","No PCA-only exclusion; exclusion requires severe failure supported by at least two independent QC metrics"
"GSE41258","GSM1012336",FALSE,FALSE,"include_prespecified_technically_valid_cohort","independent_failure_metrics=0","No PCA-only exclusion; exclusion requires severe failure supported by at least two independent QC metrics"
"GSE41258","GSM1012337",FALSE,FALSE,"include_prespecified_technically_valid_cohort","independent_failure_metrics=0","No PCA-only exclusion; exclusion requires severe failure supported by at least two independent QC metrics"
"GSE41258","GSM1012338",FALSE,FALSE,"include_prespecified_technically_valid_cohort","independent_failure_metrics=0","No PCA-only exclusion; exclusion requires severe failure supported by at least two independent QC metrics"
"GSE41258","GSM1012339",FALSE,FALSE,"include_prespecified_technically_valid_cohort","independent_failure_metrics=0","No PCA-only exclusion; exclusion requires severe failure supported by at least two independent QC metrics"
"GSE41258","GSM1012340",FALSE,FALSE,"include_prespecified_technically_valid_cohort","independent_failure_metrics=0","No PCA-only exclusion; exclusion requires severe failure supported by at least two independent QC metrics"
"GSE41258","GSM1012341",FALSE,FALSE,"include_prespecified_technically_valid_cohort","independent_failure_metrics=0","No PCA-only exclusion; exclusion requires severe failure supported by at least two independent QC metrics"
"GSE41258","GSM1012342",FALSE,FALSE,"include_prespecified_technically_valid_cohort","independent_failure_metrics=0","No PCA-only exclusion; exclusion requires severe failure supported by at least two independent QC metrics"
"GSE41258","GSM1012343",FALSE,FALSE,"include_prespecified_technically_valid_cohort","independent_failure_metrics=0","No PCA-only exclusion; exclusion requires severe failure supported by at least two independent QC metrics"
"GSE41258","GSM1012344",FALSE,FALSE,"include_prespecified_technically_valid_cohort","independent_failure_metrics=0","No PCA-only exclusion; exclusion requires severe failure supported by at least two independent QC metrics"
"GSE41258","GSM1012345",FALSE,FALSE,"include_prespecified_technically_valid_cohort","independent_failure_metrics=0","No PCA-only exclusion; exclusion requires severe failure supported by at least two independent QC metrics"
"GSE41258","GSM1012346",FALSE,FALSE,"include_prespecified_technically_valid_cohort","independent_failure_metrics=0","No PCA-only exclusion; exclusion requires severe failure supported by at least two independent QC metrics"
"GSE41258","GSM1012347",FALSE,FALSE,"include_prespecified_technically_valid_cohort","independent_failure_metrics=0","No PCA-only exclusion; exclusion requires severe failure supported by at least two independent QC metrics"
"GSE41258","GSM1012348",FALSE,FALSE,"include_prespecified_technically_valid_cohort","independent_failure_metrics=0","No PCA-only exclusion; exclusion requires severe failure supported by at least two independent QC metrics"
"GSE41258","GSM1012349",FALSE,FALSE,"include_prespecified_technically_valid_cohort","independent_failure_metrics=0","No PCA-only exclusion; exclusion requires severe failure supported by at least two independent QC metrics"
"GSE41258","GSM1012350",FALSE,FALSE,"include_prespecified_technically_valid_cohort","independent_failure_metrics=0","No PCA-only exclusion; exclusion requires severe failure supported by at least two independent QC metrics"
"GSE41258","GSM1012351",FALSE,FALSE,"include_prespecified_technically_valid_cohort","independent_failure_metrics=0","No PCA-only exclusion; exclusion requires severe failure supported by at least two independent QC metrics"
"GSE41258","GSM1012352",FALSE,FALSE,"include_prespecified_technically_valid_cohort","independent_failure_metrics=0","No PCA-only exclusion; exclusion requires severe failure supported by at least two independent QC metrics"
"GSE41258","GSM1012353",FALSE,FALSE,"include_prespecified_technically_valid_cohort","independent_failure_metrics=0","No PCA-only exclusion; exclusion requires severe failure supported by at least two independent QC metrics"
"GSE41258","GSM1012354",FALSE,FALSE,"include_prespecified_technically_valid_cohort","independent_failure_metrics=0","No PCA-only exclusion; exclusion requires severe failure supported by at least two independent QC metrics"
"GSE41258","GSM1012355",FALSE,FALSE,"include_prespecified_technically_valid_cohort","independent_failure_metrics=0","No PCA-only exclusion; exclusion requires severe failure supported by at least two independent QC metrics"
"GSE41258","GSM1012356",FALSE,FALSE,"include_prespecified_technically_valid_cohort","independent_failure_metrics=0","No PCA-only exclusion; exclusion requires severe failure supported by at least two independent QC metrics"
"GSE41258","GSM1012357",FALSE,FALSE,"include_prespecified_technically_valid_cohort","independent_failure_metrics=0","No PCA-only exclusion; exclusion requires severe failure supported by at least two independent QC metrics"
"GSE41258","GSM1012358",FALSE,FALSE,"include_prespecified_technically_valid_cohort","independent_failure_metrics=0","No PCA-only exclusion; exclusion requires severe failure supported by at least two independent QC metrics"
"GSE41258","GSM1012359",FALSE,FALSE,"include_prespecified_technically_valid_cohort","independent_failure_metrics=0","No PCA-only exclusion; exclusion requires severe failure supported by at least two independent QC metrics"
"GSE41258","GSM1012360",FALSE,FALSE,"include_prespecified_technically_valid_cohort","independent_failure_metrics=0","No PCA-only exclusion; exclusion requires severe failure supported by at least two independent QC metrics"
"GSE41258","GSM1012361",FALSE,FALSE,"include_prespecified_technically_valid_cohort","independent_failure_metrics=0","No PCA-only exclusion; exclusion requires severe failure supported by at least two independent QC metrics"
"GSE41258","GSM1012362",FALSE,FALSE,"include_prespecified_technically_valid_cohort","independent_failure_metrics=0","No PCA-only exclusion; exclusion requires severe failure supported by at least two independent QC metrics"
"GSE41258","GSM1012363",FALSE,FALSE,"include_prespecified_technically_valid_cohort","independent_failure_metrics=0","No PCA-only exclusion; exclusion requires severe failure supported by at least two independent QC metrics"
"GSE41258","GSM1012364",FALSE,FALSE,"include_prespecified_technically_valid_cohort","independent_failure_metrics=0","No PCA-only exclusion; exclusion requires severe failure supported by at least two independent QC metrics"
"GSE41258","GSM1012365",FALSE,FALSE,"include_prespecified_technically_valid_cohort","independent_failure_metrics=0","No PCA-only exclusion; exclusion requires severe failure supported by at least two independent QC metrics"
"GSE41258","GSM1012366",FALSE,FALSE,"include_prespecified_technically_valid_cohort","independent_failure_metrics=0","No PCA-only exclusion; exclusion requires severe failure supported by at least two independent QC metrics"
"GSE41258","GSM1012367",FALSE,FALSE,"include_prespecified_technically_valid_cohort","independent_failure_metrics=0","No PCA-only exclusion; exclusion requires severe failure supported by at least two independent QC metrics"
"GSE41258","GSM1012368",FALSE,FALSE,"include_prespecified_technically_valid_cohort","independent_failure_metrics=0","No PCA-only exclusion; exclusion requires severe failure supported by at least two independent QC metrics"
"GSE41258","GSM1012369",FALSE,FALSE,"include_prespecified_technically_valid_cohort","independent_failure_metrics=0","No PCA-only exclusion; exclusion requires severe failure supported by at least two independent QC metrics"
"GSE41258","GSM1012370",FALSE,FALSE,"include_prespecified_technically_valid_cohort","independent_failure_metrics=0","No PCA-only exclusion; exclusion requires severe failure supported by at least two independent QC metrics"
"GSE41258","GSM1012371",FALSE,FALSE,"include_prespecified_technically_valid_cohort","independent_failure_metrics=0","No PCA-only exclusion; exclusion requires severe failure supported by at least two independent QC metrics"
"GSE41258","GSM1012372",FALSE,FALSE,"include_prespecified_technically_valid_cohort","independent_failure_metrics=0","No PCA-only exclusion; exclusion requires severe failure supported by at least two independent QC metrics"
"GSE41258","GSM1012373",FALSE,FALSE,"include_prespecified_technically_valid_cohort","independent_failure_metrics=0","No PCA-only exclusion; exclusion requires severe failure supported by at least two independent QC metrics"
"GSE41258","GSM1012374",FALSE,FALSE,"include_prespecified_technically_valid_cohort","independent_failure_metrics=0","No PCA-only exclusion; exclusion requires severe failure supported by at least two independent QC metrics"
"GSE41258","GSM1012375",FALSE,FALSE,"include_prespecified_technically_valid_cohort","independent_failure_metrics=0","No PCA-only exclusion; exclusion requires severe failure supported by at least two independent QC metrics"
"GSE41258","GSM1012376",FALSE,FALSE,"include_prespecified_technically_valid_cohort","independent_failure_metrics=0","No PCA-only exclusion; exclusion requires severe failure supported by at least two independent QC metrics"
"GSE41258","GSM1012377",FALSE,FALSE,"include_prespecified_technically_valid_cohort","independent_failure_metrics=0","No PCA-only exclusion; exclusion requires severe failure supported by at least two independent QC metrics"
"GSE41258","GSM1012378",FALSE,FALSE,"include_prespecified_technically_valid_cohort","independent_failure_metrics=0","No PCA-only exclusion; exclusion requires severe failure supported by at least two independent QC metrics"
"GSE41258","GSM1012379",FALSE,FALSE,"include_prespecified_technically_valid_cohort","independent_failure_metrics=0","No PCA-only exclusion; exclusion requires severe failure supported by at least two independent QC metrics"
"GSE41258","GSM1012380",FALSE,FALSE,"include_prespecified_technically_valid_cohort","independent_failure_metrics=0","No PCA-only exclusion; exclusion requires severe failure supported by at least two independent QC metrics"
"GSE41258","GSM1012381",FALSE,FALSE,"include_prespecified_technically_valid_cohort","independent_failure_metrics=0","No PCA-only exclusion; exclusion requires severe failure supported by at least two independent QC metrics"
"GSE41258","GSM1012382",FALSE,FALSE,"include_prespecified_technically_valid_cohort","independent_failure_metrics=0","No PCA-only exclusion; exclusion requires severe failure supported by at least two independent QC metrics"
"GSE41258","GSM1012383",FALSE,FALSE,"include_prespecified_technically_valid_cohort","independent_failure_metrics=0","No PCA-only exclusion; exclusion requires severe failure supported by at least two independent QC metrics"
"GSE41258","GSM1012384",FALSE,FALSE,"include_prespecified_technically_valid_cohort","independent_failure_metrics=0","No PCA-only exclusion; exclusion requires severe failure supported by at least two independent QC metrics"
"GSE41258","GSM1012385",FALSE,FALSE,"include_prespecified_technically_valid_cohort","independent_failure_metrics=0","No PCA-only exclusion; exclusion requires severe failure supported by at least two independent QC metrics"
"GSE41258","GSM1012386",FALSE,FALSE,"include_prespecified_technically_valid_cohort","independent_failure_metrics=0","No PCA-only exclusion; exclusion requires severe failure supported by at least two independent QC metrics"
"GSE41258","GSM1012387",FALSE,FALSE,"include_prespecified_technically_valid_cohort","independent_failure_metrics=0","No PCA-only exclusion; exclusion requires severe failure supported by at least two independent QC metrics"
"GSE41258","GSM1012388",FALSE,FALSE,"include_prespecified_technically_valid_cohort","independent_failure_metrics=0","No PCA-only exclusion; exclusion requires severe failure supported by at least two independent QC metrics"
"GSE41258","GSM1012389",FALSE,FALSE,"include_prespecified_technically_valid_cohort","independent_failure_metrics=0","No PCA-only exclusion; exclusion requires severe failure supported by at least two independent QC metrics"
"GSE41258","GSM1012390",FALSE,FALSE,"include_prespecified_technically_valid_cohort","independent_failure_metrics=0","No PCA-only exclusion; exclusion requires severe failure supported by at least two independent QC metrics"
"GSE41258","GSM1012391",FALSE,FALSE,"include_prespecified_technically_valid_cohort","independent_failure_metrics=0","No PCA-only exclusion; exclusion requires severe failure supported by at least two independent QC metrics"
"GSE41258","GSM1012392",FALSE,FALSE,"include_prespecified_technically_valid_cohort","independent_failure_metrics=0","No PCA-only exclusion; exclusion requires severe failure supported by at least two independent QC metrics"
"GSE41258","GSM1012393",FALSE,FALSE,"include_prespecified_technically_valid_cohort","independent_failure_metrics=0","No PCA-only exclusion; exclusion requires severe failure supported by at least two independent QC metrics"
"GSE41258","GSM1012394",FALSE,FALSE,"include_prespecified_technically_valid_cohort","independent_failure_metrics=0","No PCA-only exclusion; exclusion requires severe failure supported by at least two independent QC metrics"
"GSE41258","GSM1012395",FALSE,FALSE,"include_prespecified_technically_valid_cohort","independent_failure_metrics=0","No PCA-only exclusion; exclusion requires severe failure supported by at least two independent QC metrics"
"GSE41258","GSM1012396",FALSE,FALSE,"include_prespecified_technically_valid_cohort","independent_failure_metrics=0","No PCA-only exclusion; exclusion requires severe failure supported by at least two independent QC metrics"
"GSE41258","GSM1012397",FALSE,FALSE,"include_prespecified_technically_valid_cohort","independent_failure_metrics=0","No PCA-only exclusion; exclusion requires severe failure supported by at least two independent QC metrics"
"GSE41258","GSM1012398",FALSE,FALSE,"include_prespecified_technically_valid_cohort","independent_failure_metrics=0","No PCA-only exclusion; exclusion requires severe failure supported by at least two independent QC metrics"
"GSE41258","GSM1012399",FALSE,FALSE,"include_prespecified_technically_valid_cohort","independent_failure_metrics=0","No PCA-only exclusion; exclusion requires severe failure supported by at least two independent QC metrics"
"GSE41258","GSM1012400",FALSE,FALSE,"include_prespecified_technically_valid_cohort","independent_failure_metrics=0","No PCA-only exclusion; exclusion requires severe failure supported by at least two independent QC metrics"
"GSE41258","GSM1012401",FALSE,FALSE,"include_prespecified_technically_valid_cohort","independent_failure_metrics=0","No PCA-only exclusion; exclusion requires severe failure supported by at least two independent QC metrics"
"GSE41258","GSM1012402",FALSE,FALSE,"include_prespecified_technically_valid_cohort","independent_failure_metrics=0","No PCA-only exclusion; exclusion requires severe failure supported by at least two independent QC metrics"
"GSE41258","GSM1012403",FALSE,FALSE,"include_prespecified_technically_valid_cohort","independent_failure_metrics=0","No PCA-only exclusion; exclusion requires severe failure supported by at least two independent QC metrics"
"GSE41258","GSM1012404",FALSE,FALSE,"include_prespecified_technically_valid_cohort","independent_failure_metrics=0","No PCA-only exclusion; exclusion requires severe failure supported by at least two independent QC metrics"
"GSE41258","GSM1012405",FALSE,FALSE,"include_prespecified_technically_valid_cohort","independent_failure_metrics=0","No PCA-only exclusion; exclusion requires severe failure supported by at least two independent QC metrics"
"GSE41258","GSM1012406",FALSE,FALSE,"include_prespecified_technically_valid_cohort","independent_failure_metrics=0","No PCA-only exclusion; exclusion requires severe failure supported by at least two independent QC metrics"
"GSE41258","GSM1012407",FALSE,FALSE,"include_prespecified_technically_valid_cohort","independent_failure_metrics=0","No PCA-only exclusion; exclusion requires severe failure supported by at least two independent QC metrics"
"GSE41258","GSM1012408",FALSE,FALSE,"include_prespecified_technically_valid_cohort","independent_failure_metrics=0","No PCA-only exclusion; exclusion requires severe failure supported by at least two independent QC metrics"
"GSE41258","GSM1012409",FALSE,FALSE,"include_prespecified_technically_valid_cohort","independent_failure_metrics=0","No PCA-only exclusion; exclusion requires severe failure supported by at least two independent QC metrics"
"GSE41258","GSM1012410",FALSE,FALSE,"include_prespecified_technically_valid_cohort","independent_failure_metrics=0","No PCA-only exclusion; exclusion requires severe failure supported by at least two independent QC metrics"
"GSE41258","GSM1012411",FALSE,FALSE,"include_prespecified_technically_valid_cohort","independent_failure_metrics=0","No PCA-only exclusion; exclusion requires severe failure supported by at least two independent QC metrics"
"GSE41258","GSM1012412",FALSE,FALSE,"include_prespecified_technically_valid_cohort","independent_failure_metrics=0","No PCA-only exclusion; exclusion requires severe failure supported by at least two independent QC metrics"
"GSE41258","GSM1012413",FALSE,FALSE,"include_prespecified_technically_valid_cohort","independent_failure_metrics=0","No PCA-only exclusion; exclusion requires severe failure supported by at least two independent QC metrics"
"GSE41258","GSM1012414",FALSE,FALSE,"include_prespecified_technically_valid_cohort","independent_failure_metrics=0","No PCA-only exclusion; exclusion requires severe failure supported by at least two independent QC metrics"
"GSE41258","GSM1012415",FALSE,FALSE,"include_prespecified_technically_valid_cohort","independent_failure_metrics=0","No PCA-only exclusion; exclusion requires severe failure supported by at least two independent QC metrics"
"GSE41258","GSM1012416",FALSE,FALSE,"include_prespecified_technically_valid_cohort","independent_failure_metrics=0","No PCA-only exclusion; exclusion requires severe failure supported by at least two independent QC metrics"
"GSE41258","GSM1012417",FALSE,FALSE,"include_prespecified_technically_valid_cohort","independent_failure_metrics=0","No PCA-only exclusion; exclusion requires severe failure supported by at least two independent QC metrics"
"GSE41258","GSM1012418",FALSE,FALSE,"include_prespecified_technically_valid_cohort","independent_failure_metrics=0","No PCA-only exclusion; exclusion requires severe failure supported by at least two independent QC metrics"
"GSE41258","GSM1012419",FALSE,FALSE,"include_prespecified_technically_valid_cohort","independent_failure_metrics=0","No PCA-only exclusion; exclusion requires severe failure supported by at least two independent QC metrics"
"GSE41258","GSM1012420",FALSE,FALSE,"include_prespecified_technically_valid_cohort","independent_failure_metrics=0","No PCA-only exclusion; exclusion requires severe failure supported by at least two independent QC metrics"
"GSE41258","GSM1012421",FALSE,FALSE,"include_prespecified_technically_valid_cohort","independent_failure_metrics=0","No PCA-only exclusion; exclusion requires severe failure supported by at least two independent QC metrics"
"GSE41258","GSM1012422",FALSE,FALSE,"include_prespecified_technically_valid_cohort","independent_failure_metrics=0","No PCA-only exclusion; exclusion requires severe failure supported by at least two independent QC metrics"
"GSE41258","GSM1012423",FALSE,FALSE,"include_prespecified_technically_valid_cohort","independent_failure_metrics=0","No PCA-only exclusion; exclusion requires severe failure supported by at least two independent QC metrics"
"GSE41258","GSM1012424",FALSE,FALSE,"include_prespecified_technically_valid_cohort","independent_failure_metrics=0","No PCA-only exclusion; exclusion requires severe failure supported by at least two independent QC metrics"
"GSE41258","GSM1012425",FALSE,FALSE,"include_prespecified_technically_valid_cohort","independent_failure_metrics=0","No PCA-only exclusion; exclusion requires severe failure supported by at least two independent QC metrics"
"GSE41258","GSM1012426",FALSE,FALSE,"include_prespecified_technically_valid_cohort","independent_failure_metrics=0","No PCA-only exclusion; exclusion requires severe failure supported by at least two independent QC metrics"
"GSE41258","GSM1012427",FALSE,FALSE,"include_prespecified_technically_valid_cohort","independent_failure_metrics=0","No PCA-only exclusion; exclusion requires severe failure supported by at least two independent QC metrics"
"GSE41258","GSM1012428",FALSE,FALSE,"include_prespecified_technically_valid_cohort","independent_failure_metrics=0","No PCA-only exclusion; exclusion requires severe failure supported by at least two independent QC metrics"
"GSE41258","GSM1012429",FALSE,FALSE,"include_prespecified_technically_valid_cohort","independent_failure_metrics=0","No PCA-only exclusion; exclusion requires severe failure supported by at least two independent QC metrics"
"GSE41258","GSM1012430",FALSE,FALSE,"include_prespecified_technically_valid_cohort","independent_failure_metrics=0","No PCA-only exclusion; exclusion requires severe failure supported by at least two independent QC metrics"
"GSE41258","GSM1012431",FALSE,FALSE,"include_prespecified_technically_valid_cohort","independent_failure_metrics=0","No PCA-only exclusion; exclusion requires severe failure supported by at least two independent QC metrics"
"GSE41258","GSM1012432",FALSE,FALSE,"include_prespecified_technically_valid_cohort","independent_failure_metrics=0","No PCA-only exclusion; exclusion requires severe failure supported by at least two independent QC metrics"
"GSE41258","GSM1012433",FALSE,FALSE,"include_prespecified_technically_valid_cohort","independent_failure_metrics=0","No PCA-only exclusion; exclusion requires severe failure supported by at least two independent QC metrics"
"GSE41258","GSM1012434",FALSE,FALSE,"include_prespecified_technically_valid_cohort","independent_failure_metrics=0","No PCA-only exclusion; exclusion requires severe failure supported by at least two independent QC metrics"
"GSE41258","GSM1012435",FALSE,FALSE,"include_prespecified_technically_valid_cohort","independent_failure_metrics=0","No PCA-only exclusion; exclusion requires severe failure supported by at least two independent QC metrics"
"GSE41258","GSM1012436",FALSE,FALSE,"include_prespecified_technically_valid_cohort","independent_failure_metrics=0","No PCA-only exclusion; exclusion requires severe failure supported by at least two independent QC metrics"
"GSE41258","GSM1012437",FALSE,FALSE,"include_prespecified_technically_valid_cohort","independent_failure_metrics=0","No PCA-only exclusion; exclusion requires severe failure supported by at least two independent QC metrics"
"GSE41258","GSM1012438",FALSE,FALSE,"include_prespecified_technically_valid_cohort","independent_failure_metrics=0","No PCA-only exclusion; exclusion requires severe failure supported by at least two independent QC metrics"
"GSE41258","GSM1012439",FALSE,FALSE,"include_prespecified_technically_valid_cohort","independent_failure_metrics=0","No PCA-only exclusion; exclusion requires severe failure supported by at least two independent QC metrics"
"GSE41258","GSM1012440",FALSE,FALSE,"include_prespecified_technically_valid_cohort","independent_failure_metrics=0","No PCA-only exclusion; exclusion requires severe failure supported by at least two independent QC metrics"
"GSE41258","GSM1012441",FALSE,FALSE,"include_prespecified_technically_valid_cohort","independent_failure_metrics=0","No PCA-only exclusion; exclusion requires severe failure supported by at least two independent QC metrics"
"GSE41258","GSM1012442",FALSE,FALSE,"include_prespecified_technically_valid_cohort","independent_failure_metrics=0","No PCA-only exclusion; exclusion requires severe failure supported by at least two independent QC metrics"
"GSE41258","GSM1012443",FALSE,FALSE,"include_prespecified_technically_valid_cohort","independent_failure_metrics=0","No PCA-only exclusion; exclusion requires severe failure supported by at least two independent QC metrics"
"GSE41258","GSM1012444",FALSE,FALSE,"include_prespecified_technically_valid_cohort","independent_failure_metrics=0","No PCA-only exclusion; exclusion requires severe failure supported by at least two independent QC metrics"
"GSE41258","GSM1012445",FALSE,FALSE,"include_prespecified_technically_valid_cohort","independent_failure_metrics=0","No PCA-only exclusion; exclusion requires severe failure supported by at least two independent QC metrics"
"GSE41258","GSM1012446",FALSE,FALSE,"include_prespecified_technically_valid_cohort","independent_failure_metrics=0","No PCA-only exclusion; exclusion requires severe failure supported by at least two independent QC metrics"
"GSE41258","GSM1012447",FALSE,FALSE,"include_prespecified_technically_valid_cohort","independent_failure_metrics=0","No PCA-only exclusion; exclusion requires severe failure supported by at least two independent QC metrics"
"GSE41258","GSM1012448",FALSE,FALSE,"include_prespecified_technically_valid_cohort","independent_failure_metrics=0","No PCA-only exclusion; exclusion requires severe failure supported by at least two independent QC metrics"
"GSE41258","GSM1012449",FALSE,FALSE,"include_prespecified_technically_valid_cohort","independent_failure_metrics=0","No PCA-only exclusion; exclusion requires severe failure supported by at least two independent QC metrics"
"GSE41258","GSM1012450",FALSE,FALSE,"include_prespecified_technically_valid_cohort","independent_failure_metrics=0","No PCA-only exclusion; exclusion requires severe failure supported by at least two independent QC metrics"
"GSE41258","GSM1012451",FALSE,FALSE,"include_prespecified_technically_valid_cohort","independent_failure_metrics=0","No PCA-only exclusion; exclusion requires severe failure supported by at least two independent QC metrics"
"GSE41258","GSM1012452",FALSE,FALSE,"include_prespecified_technically_valid_cohort","independent_failure_metrics=0","No PCA-only exclusion; exclusion requires severe failure supported by at least two independent QC metrics"
"GSE41258","GSM1012453",FALSE,FALSE,"include_prespecified_technically_valid_cohort","independent_failure_metrics=0","No PCA-only exclusion; exclusion requires severe failure supported by at least two independent QC metrics"
"GSE41258","GSM1012454",FALSE,FALSE,"include_prespecified_technically_valid_cohort","independent_failure_metrics=0","No PCA-only exclusion; exclusion requires severe failure supported by at least two independent QC metrics"
"GSE41258","GSM1012455",FALSE,FALSE,"include_prespecified_technically_valid_cohort","independent_failure_metrics=0","No PCA-only exclusion; exclusion requires severe failure supported by at least two independent QC metrics"
"GSE41258","GSM1012456",FALSE,FALSE,"include_prespecified_technically_valid_cohort","independent_failure_metrics=0","No PCA-only exclusion; exclusion requires severe failure supported by at least two independent QC metrics"
"GSE41258","GSM1012457",FALSE,FALSE,"include_prespecified_technically_valid_cohort","independent_failure_metrics=0","No PCA-only exclusion; exclusion requires severe failure supported by at least two independent QC metrics"
"GSE41258","GSM1012458",FALSE,FALSE,"include_prespecified_technically_valid_cohort","independent_failure_metrics=0","No PCA-only exclusion; exclusion requires severe failure supported by at least two independent QC metrics"
"GSE41258","GSM1012459",FALSE,FALSE,"include_prespecified_technically_valid_cohort","independent_failure_metrics=0","No PCA-only exclusion; exclusion requires severe failure supported by at least two independent QC metrics"
"GSE41258","GSM1012460",FALSE,FALSE,"include_prespecified_technically_valid_cohort","independent_failure_metrics=0","No PCA-only exclusion; exclusion requires severe failure supported by at least two independent QC metrics"
"GSE41258","GSM1012461",FALSE,FALSE,"include_prespecified_technically_valid_cohort","independent_failure_metrics=0","No PCA-only exclusion; exclusion requires severe failure supported by at least two independent QC metrics"
"GSE41258","GSM1012462",FALSE,FALSE,"include_prespecified_technically_valid_cohort","independent_failure_metrics=0","No PCA-only exclusion; exclusion requires severe failure supported by at least two independent QC metrics"
"GSE41258","GSM1012463",FALSE,FALSE,"include_prespecified_technically_valid_cohort","independent_failure_metrics=0","No PCA-only exclusion; exclusion requires severe failure supported by at least two independent QC metrics"
"GSE41258","GSM1012464",FALSE,FALSE,"include_prespecified_technically_valid_cohort","independent_failure_metrics=0","No PCA-only exclusion; exclusion requires severe failure supported by at least two independent QC metrics"
"GSE41258","GSM1012465",FALSE,FALSE,"include_prespecified_technically_valid_cohort","independent_failure_metrics=0","No PCA-only exclusion; exclusion requires severe failure supported by at least two independent QC metrics"
"GSE41258","GSM1012466",FALSE,FALSE,"include_prespecified_technically_valid_cohort","independent_failure_metrics=0","No PCA-only exclusion; exclusion requires severe failure supported by at least two independent QC metrics"
"GSE41258","GSM1012467",FALSE,FALSE,"include_prespecified_technically_valid_cohort","independent_failure_metrics=0","No PCA-only exclusion; exclusion requires severe failure supported by at least two independent QC metrics"
"GSE41258","GSM1012468",FALSE,FALSE,"include_prespecified_technically_valid_cohort","independent_failure_metrics=0","No PCA-only exclusion; exclusion requires severe failure supported by at least two independent QC metrics"
"GSE41258","GSM1012469",FALSE,FALSE,"include_prespecified_technically_valid_cohort","independent_failure_metrics=0","No PCA-only exclusion; exclusion requires severe failure supported by at least two independent QC metrics"
"GSE41258","GSM1012470",FALSE,FALSE,"include_prespecified_technically_valid_cohort","independent_failure_metrics=0","No PCA-only exclusion; exclusion requires severe failure supported by at least two independent QC metrics"
"GSE41258","GSM1012471",FALSE,FALSE,"include_prespecified_technically_valid_cohort","independent_failure_metrics=0","No PCA-only exclusion; exclusion requires severe failure supported by at least two independent QC metrics"
"GSE41258","GSM1012472",FALSE,FALSE,"include_prespecified_technically_valid_cohort","independent_failure_metrics=0","No PCA-only exclusion; exclusion requires severe failure supported by at least two independent QC metrics"
"GSE41258","GSM1012473",FALSE,FALSE,"include_prespecified_technically_valid_cohort","independent_failure_metrics=0","No PCA-only exclusion; exclusion requires severe failure supported by at least two independent QC metrics"
"GSE41258","GSM1012474",FALSE,FALSE,"include_prespecified_technically_valid_cohort","independent_failure_metrics=0","No PCA-only exclusion; exclusion requires severe failure supported by at least two independent QC metrics"
"GSE41258","GSM1012475",FALSE,FALSE,"include_prespecified_technically_valid_cohort","independent_failure_metrics=0","No PCA-only exclusion; exclusion requires severe failure supported by at least two independent QC metrics"
"GSE41258","GSM1012476",FALSE,FALSE,"include_prespecified_technically_valid_cohort","independent_failure_metrics=0","No PCA-only exclusion; exclusion requires severe failure supported by at least two independent QC metrics"
"GSE41258","GSM1012477",FALSE,FALSE,"include_prespecified_technically_valid_cohort","independent_failure_metrics=0","No PCA-only exclusion; exclusion requires severe failure supported by at least two independent QC metrics"
"GSE41258","GSM1012478",FALSE,FALSE,"include_prespecified_technically_valid_cohort","independent_failure_metrics=0","No PCA-only exclusion; exclusion requires severe failure supported by at least two independent QC metrics"
"GSE41258","GSM1012479",FALSE,FALSE,"include_prespecified_technically_valid_cohort","independent_failure_metrics=0","No PCA-only exclusion; exclusion requires severe failure supported by at least two independent QC metrics"
"GSE41258","GSM1012480",FALSE,FALSE,"include_prespecified_technically_valid_cohort","independent_failure_metrics=0","No PCA-only exclusion; exclusion requires severe failure supported by at least two independent QC metrics"
"GSE41258","GSM1012481",FALSE,FALSE,"include_prespecified_technically_valid_cohort","independent_failure_metrics=0","No PCA-only exclusion; exclusion requires severe failure supported by at least two independent QC metrics"
"GSE41258","GSM1012482",FALSE,FALSE,"include_prespecified_technically_valid_cohort","independent_failure_metrics=0","No PCA-only exclusion; exclusion requires severe failure supported by at least two independent QC metrics"
"GSE41258","GSM1012483",FALSE,FALSE,"include_prespecified_technically_valid_cohort","independent_failure_metrics=0","No PCA-only exclusion; exclusion requires severe failure supported by at least two independent QC metrics"
"GSE41258","GSM1012484",FALSE,FALSE,"include_prespecified_technically_valid_cohort","independent_failure_metrics=0","No PCA-only exclusion; exclusion requires severe failure supported by at least two independent QC metrics"
"GSE41258","GSM1012485",FALSE,FALSE,"include_prespecified_technically_valid_cohort","independent_failure_metrics=0","No PCA-only exclusion; exclusion requires severe failure supported by at least two independent QC metrics"
"GSE41258","GSM1012486",FALSE,FALSE,"include_prespecified_technically_valid_cohort","independent_failure_metrics=0","No PCA-only exclusion; exclusion requires severe failure supported by at least two independent QC metrics"
"GSE41258","GSM1012487",FALSE,FALSE,"include_prespecified_technically_valid_cohort","independent_failure_metrics=0","No PCA-only exclusion; exclusion requires severe failure supported by at least two independent QC metrics"
"GSE41258","GSM1012488",FALSE,FALSE,"include_prespecified_technically_valid_cohort","independent_failure_metrics=0","No PCA-only exclusion; exclusion requires severe failure supported by at least two independent QC metrics"
"GSE41258","GSM1012489",FALSE,FALSE,"include_prespecified_technically_valid_cohort","independent_failure_metrics=0","No PCA-only exclusion; exclusion requires severe failure supported by at least two independent QC metrics"
"GSE41258","GSM1012490",FALSE,FALSE,"include_prespecified_technically_valid_cohort","independent_failure_metrics=0","No PCA-only exclusion; exclusion requires severe failure supported by at least two independent QC metrics"
"GSE41258","GSM1012491",FALSE,FALSE,"include_prespecified_technically_valid_cohort","independent_failure_metrics=0","No PCA-only exclusion; exclusion requires severe failure supported by at least two independent QC metrics"
"GSE41258","GSM1012492",FALSE,FALSE,"include_prespecified_technically_valid_cohort","independent_failure_metrics=0","No PCA-only exclusion; exclusion requires severe failure supported by at least two independent QC metrics"
"GSE41258","GSM1012493",FALSE,FALSE,"include_prespecified_technically_valid_cohort","independent_failure_metrics=0","No PCA-only exclusion; exclusion requires severe failure supported by at least two independent QC metrics"
"GSE41258","GSM1012494",FALSE,FALSE,"include_prespecified_technically_valid_cohort","independent_failure_metrics=0","No PCA-only exclusion; exclusion requires severe failure supported by at least two independent QC metrics"
"GSE41258","GSM1012495",FALSE,FALSE,"include_prespecified_technically_valid_cohort","independent_failure_metrics=0","No PCA-only exclusion; exclusion requires severe failure supported by at least two independent QC metrics"
"GSE41258","GSM1012496",FALSE,FALSE,"include_prespecified_technically_valid_cohort","independent_failure_metrics=0","No PCA-only exclusion; exclusion requires severe failure supported by at least two independent QC metrics"
"GSE41258","GSM1012497",FALSE,FALSE,"include_prespecified_technically_valid_cohort","independent_failure_metrics=0","No PCA-only exclusion; exclusion requires severe failure supported by at least two independent QC metrics"
"GSE41258","GSM1012498",FALSE,FALSE,"include_prespecified_technically_valid_cohort","independent_failure_metrics=0","No PCA-only exclusion; exclusion requires severe failure supported by at least two independent QC metrics"
"GSE41258","GSM1012499",FALSE,FALSE,"include_prespecified_technically_valid_cohort","independent_failure_metrics=0","No PCA-only exclusion; exclusion requires severe failure supported by at least two independent QC metrics"
"GSE41258","GSM1012500",FALSE,FALSE,"include_prespecified_technically_valid_cohort","independent_failure_metrics=0","No PCA-only exclusion; exclusion requires severe failure supported by at least two independent QC metrics"
"GSE41258","GSM1012501",FALSE,FALSE,"include_prespecified_technically_valid_cohort","independent_failure_metrics=0","No PCA-only exclusion; exclusion requires severe failure supported by at least two independent QC metrics"
"GSE41258","GSM1012502",FALSE,FALSE,"include_prespecified_technically_valid_cohort","independent_failure_metrics=0","No PCA-only exclusion; exclusion requires severe failure supported by at least two independent QC metrics"
"GSE41258","GSM1012503",FALSE,FALSE,"include_prespecified_technically_valid_cohort","independent_failure_metrics=0","No PCA-only exclusion; exclusion requires severe failure supported by at least two independent QC metrics"
"GSE41258","GSM1012504",FALSE,FALSE,"include_prespecified_technically_valid_cohort","independent_failure_metrics=0","No PCA-only exclusion; exclusion requires severe failure supported by at least two independent QC metrics"
"GSE41258","GSM1012505",FALSE,FALSE,"include_prespecified_technically_valid_cohort","independent_failure_metrics=0","No PCA-only exclusion; exclusion requires severe failure supported by at least two independent QC metrics"
"GSE41258","GSM1012506",FALSE,FALSE,"include_prespecified_technically_valid_cohort","independent_failure_metrics=0","No PCA-only exclusion; exclusion requires severe failure supported by at least two independent QC metrics"
"GSE41258","GSM1012507",FALSE,FALSE,"include_prespecified_technically_valid_cohort","independent_failure_metrics=0","No PCA-only exclusion; exclusion requires severe failure supported by at least two independent QC metrics"
"GSE41258","GSM1012508",FALSE,FALSE,"include_prespecified_technically_valid_cohort","independent_failure_metrics=0","No PCA-only exclusion; exclusion requires severe failure supported by at least two independent QC metrics"
"GSE41258","GSM1012509",FALSE,FALSE,"include_prespecified_technically_valid_cohort","independent_failure_metrics=0","No PCA-only exclusion; exclusion requires severe failure supported by at least two independent QC metrics"
"GSE41258","GSM1012510",FALSE,FALSE,"include_prespecified_technically_valid_cohort","independent_failure_metrics=0","No PCA-only exclusion; exclusion requires severe failure supported by at least two independent QC metrics"
"GSE41258","GSM1012511",FALSE,FALSE,"include_prespecified_technically_valid_cohort","independent_failure_metrics=0","No PCA-only exclusion; exclusion requires severe failure supported by at least two independent QC metrics"
"GSE41258","GSM1012512",FALSE,FALSE,"include_prespecified_technically_valid_cohort","independent_failure_metrics=0","No PCA-only exclusion; exclusion requires severe failure supported by at least two independent QC metrics"
"GSE41258","GSM1012513",FALSE,FALSE,"include_prespecified_technically_valid_cohort","independent_failure_metrics=0","No PCA-only exclusion; exclusion requires severe failure supported by at least two independent QC metrics"
"GSE41258","GSM1012514",FALSE,FALSE,"include_prespecified_technically_valid_cohort","independent_failure_metrics=0","No PCA-only exclusion; exclusion requires severe failure supported by at least two independent QC metrics"
"GSE41258","GSM1012515",FALSE,FALSE,"include_prespecified_technically_valid_cohort","independent_failure_metrics=0","No PCA-only exclusion; exclusion requires severe failure supported by at least two independent QC metrics"
"GSE41258","GSM1012516",FALSE,FALSE,"include_prespecified_technically_valid_cohort","independent_failure_metrics=0","No PCA-only exclusion; exclusion requires severe failure supported by at least two independent QC metrics"
"GSE41258","GSM1012517",FALSE,FALSE,"include_prespecified_technically_valid_cohort","independent_failure_metrics=0","No PCA-only exclusion; exclusion requires severe failure supported by at least two independent QC metrics"
"GSE41258","GSM1012518",FALSE,FALSE,"include_prespecified_technically_valid_cohort","independent_failure_metrics=0","No PCA-only exclusion; exclusion requires severe failure supported by at least two independent QC metrics"
"GSE41258","GSM1012519",FALSE,FALSE,"include_prespecified_technically_valid_cohort","independent_failure_metrics=0","No PCA-only exclusion; exclusion requires severe failure supported by at least two independent QC metrics"
"GSE41258","GSM1012520",FALSE,FALSE,"include_prespecified_technically_valid_cohort","independent_failure_metrics=0","No PCA-only exclusion; exclusion requires severe failure supported by at least two independent QC metrics"
"GSE41258","GSM1012521",FALSE,FALSE,"include_prespecified_technically_valid_cohort","independent_failure_metrics=0","No PCA-only exclusion; exclusion requires severe failure supported by at least two independent QC metrics"
"GSE41258","GSM1012522",FALSE,FALSE,"include_prespecified_technically_valid_cohort","independent_failure_metrics=0","No PCA-only exclusion; exclusion requires severe failure supported by at least two independent QC metrics"
"GSE41258","GSM1012523",FALSE,FALSE,"include_prespecified_technically_valid_cohort","independent_failure_metrics=0","No PCA-only exclusion; exclusion requires severe failure supported by at least two independent QC metrics"
"GSE41258","GSM1012524",FALSE,FALSE,"include_prespecified_technically_valid_cohort","independent_failure_metrics=0","No PCA-only exclusion; exclusion requires severe failure supported by at least two independent QC metrics"
"GSE41258","GSM1012525",FALSE,FALSE,"include_prespecified_technically_valid_cohort","independent_failure_metrics=0","No PCA-only exclusion; exclusion requires severe failure supported by at least two independent QC metrics"
"GSE41258","GSM1012526",FALSE,FALSE,"include_prespecified_technically_valid_cohort","independent_failure_metrics=0","No PCA-only exclusion; exclusion requires severe failure supported by at least two independent QC metrics"
"GSE41258","GSM1012527",FALSE,FALSE,"include_prespecified_technically_valid_cohort","independent_failure_metrics=0","No PCA-only exclusion; exclusion requires severe failure supported by at least two independent QC metrics"
"GSE41258","GSM1012528",FALSE,FALSE,"include_prespecified_technically_valid_cohort","independent_failure_metrics=0","No PCA-only exclusion; exclusion requires severe failure supported by at least two independent QC metrics"
"GSE41258","GSM1012529",FALSE,FALSE,"include_prespecified_technically_valid_cohort","independent_failure_metrics=0","No PCA-only exclusion; exclusion requires severe failure supported by at least two independent QC metrics"
"GSE41258","GSM1012530",FALSE,FALSE,"include_prespecified_technically_valid_cohort","independent_failure_metrics=0","No PCA-only exclusion; exclusion requires severe failure supported by at least two independent QC metrics"
"GSE41258","GSM1012531",FALSE,FALSE,"include_prespecified_technically_valid_cohort","independent_failure_metrics=0","No PCA-only exclusion; exclusion requires severe failure supported by at least two independent QC metrics"
"GSE41258","GSM1012532",FALSE,FALSE,"include_prespecified_technically_valid_cohort","independent_failure_metrics=0","No PCA-only exclusion; exclusion requires severe failure supported by at least two independent QC metrics"
"GSE41258","GSM1012533",FALSE,FALSE,"include_prespecified_technically_valid_cohort","independent_failure_metrics=0","No PCA-only exclusion; exclusion requires severe failure supported by at least two independent QC metrics"
"GSE41258","GSM1012534",FALSE,FALSE,"include_prespecified_technically_valid_cohort","independent_failure_metrics=0","No PCA-only exclusion; exclusion requires severe failure supported by at least two independent QC metrics"
"GSE41258","GSM1012535",FALSE,FALSE,"include_prespecified_technically_valid_cohort","independent_failure_metrics=0","No PCA-only exclusion; exclusion requires severe failure supported by at least two independent QC metrics"
"GSE41258","GSM1012536",FALSE,FALSE,"include_prespecified_technically_valid_cohort","independent_failure_metrics=0","No PCA-only exclusion; exclusion requires severe failure supported by at least two independent QC metrics"
"GSE41258","GSM1012537",FALSE,FALSE,"include_prespecified_technically_valid_cohort","independent_failure_metrics=0","No PCA-only exclusion; exclusion requires severe failure supported by at least two independent QC metrics"
"GSE41258","GSM1012538",FALSE,FALSE,"include_prespecified_technically_valid_cohort","independent_failure_metrics=0","No PCA-only exclusion; exclusion requires severe failure supported by at least two independent QC metrics"
"GSE41258","GSM1012539",FALSE,FALSE,"include_prespecified_technically_valid_cohort","independent_failure_metrics=0","No PCA-only exclusion; exclusion requires severe failure supported by at least two independent QC metrics"
"GSE41258","GSM1012540",FALSE,FALSE,"include_prespecified_technically_valid_cohort","independent_failure_metrics=0","No PCA-only exclusion; exclusion requires severe failure supported by at least two independent QC metrics"
"GSE41258","GSM1012541",FALSE,FALSE,"include_prespecified_technically_valid_cohort","independent_failure_metrics=0","No PCA-only exclusion; exclusion requires severe failure supported by at least two independent QC metrics"
"GSE41258","GSM1012542",FALSE,FALSE,"include_prespecified_technically_valid_cohort","independent_failure_metrics=0","No PCA-only exclusion; exclusion requires severe failure supported by at least two independent QC metrics"
"GSE41258","GSM1012543",FALSE,FALSE,"include_prespecified_technically_valid_cohort","independent_failure_metrics=0","No PCA-only exclusion; exclusion requires severe failure supported by at least two independent QC metrics"
"GSE41258","GSM1012544",FALSE,FALSE,"include_prespecified_technically_valid_cohort","independent_failure_metrics=0","No PCA-only exclusion; exclusion requires severe failure supported by at least two independent QC metrics"
"GSE41258","GSM1012545",FALSE,FALSE,"include_prespecified_technically_valid_cohort","independent_failure_metrics=0","No PCA-only exclusion; exclusion requires severe failure supported by at least two independent QC metrics"
"GSE41258","GSM1012546",FALSE,FALSE,"include_prespecified_technically_valid_cohort","independent_failure_metrics=0","No PCA-only exclusion; exclusion requires severe failure supported by at least two independent QC metrics"
"GSE41258","GSM1012547",FALSE,FALSE,"include_prespecified_technically_valid_cohort","independent_failure_metrics=0","No PCA-only exclusion; exclusion requires severe failure supported by at least two independent QC metrics"
"GSE41258","GSM1012548",FALSE,FALSE,"include_prespecified_technically_valid_cohort","independent_failure_metrics=0","No PCA-only exclusion; exclusion requires severe failure supported by at least two independent QC metrics"
"GSE41258","GSM1012549",FALSE,FALSE,"include_prespecified_technically_valid_cohort","independent_failure_metrics=0","No PCA-only exclusion; exclusion requires severe failure supported by at least two independent QC metrics"
"GSE41258","GSM1012550",FALSE,FALSE,"include_prespecified_technically_valid_cohort","independent_failure_metrics=0","No PCA-only exclusion; exclusion requires severe failure supported by at least two independent QC metrics"
"GSE41258","GSM1012551",FALSE,FALSE,"include_prespecified_technically_valid_cohort","independent_failure_metrics=0","No PCA-only exclusion; exclusion requires severe failure supported by at least two independent QC metrics"
"GSE41258","GSM1012552",FALSE,FALSE,"include_prespecified_technically_valid_cohort","independent_failure_metrics=0","No PCA-only exclusion; exclusion requires severe failure supported by at least two independent QC metrics"
"GSE41258","GSM1012553",FALSE,FALSE,"include_prespecified_technically_valid_cohort","independent_failure_metrics=0","No PCA-only exclusion; exclusion requires severe failure supported by at least two independent QC metrics"
"GSE41258","GSM1012554",FALSE,FALSE,"include_prespecified_technically_valid_cohort","independent_failure_metrics=0","No PCA-only exclusion; exclusion requires severe failure supported by at least two independent QC metrics"
"GSE41258","GSM1012555",FALSE,FALSE,"include_prespecified_technically_valid_cohort","independent_failure_metrics=0","No PCA-only exclusion; exclusion requires severe failure supported by at least two independent QC metrics"
"GSE41258","GSM1012556",FALSE,FALSE,"include_prespecified_technically_valid_cohort","independent_failure_metrics=0","No PCA-only exclusion; exclusion requires severe failure supported by at least two independent QC metrics"
"GSE41258","GSM1012557",FALSE,FALSE,"include_prespecified_technically_valid_cohort","independent_failure_metrics=0","No PCA-only exclusion; exclusion requires severe failure supported by at least two independent QC metrics"
"GSE41258","GSM1012558",FALSE,FALSE,"include_prespecified_technically_valid_cohort","independent_failure_metrics=0","No PCA-only exclusion; exclusion requires severe failure supported by at least two independent QC metrics"
"GSE41258","GSM1012559",FALSE,FALSE,"include_prespecified_technically_valid_cohort","independent_failure_metrics=0","No PCA-only exclusion; exclusion requires severe failure supported by at least two independent QC metrics"
"GSE41258","GSM1012560",FALSE,FALSE,"include_prespecified_technically_valid_cohort","independent_failure_metrics=0","No PCA-only exclusion; exclusion requires severe failure supported by at least two independent QC metrics"
"GSE41258","GSM1012561",FALSE,FALSE,"include_prespecified_technically_valid_cohort","independent_failure_metrics=0","No PCA-only exclusion; exclusion requires severe failure supported by at least two independent QC metrics"
"GSE41258","GSM1012562",FALSE,FALSE,"include_prespecified_technically_valid_cohort","independent_failure_metrics=0","No PCA-only exclusion; exclusion requires severe failure supported by at least two independent QC metrics"
"GSE41258","GSM1012563",FALSE,FALSE,"include_prespecified_technically_valid_cohort","independent_failure_metrics=0","No PCA-only exclusion; exclusion requires severe failure supported by at least two independent QC metrics"
"GSE41258","GSM1012564",FALSE,FALSE,"include_prespecified_technically_valid_cohort","independent_failure_metrics=0","No PCA-only exclusion; exclusion requires severe failure supported by at least two independent QC metrics"
"GSE41258","GSM1012565",FALSE,FALSE,"include_prespecified_technically_valid_cohort","independent_failure_metrics=0","No PCA-only exclusion; exclusion requires severe failure supported by at least two independent QC metrics"
"GSE41258","GSM1012566",FALSE,FALSE,"include_prespecified_technically_valid_cohort","independent_failure_metrics=0","No PCA-only exclusion; exclusion requires severe failure supported by at least two independent QC metrics"
"GSE41258","GSM1012567",FALSE,FALSE,"include_prespecified_technically_valid_cohort","independent_failure_metrics=0","No PCA-only exclusion; exclusion requires severe failure supported by at least two independent QC metrics"
"GSE41258","GSM1012568",FALSE,FALSE,"include_prespecified_technically_valid_cohort","independent_failure_metrics=0","No PCA-only exclusion; exclusion requires severe failure supported by at least two independent QC metrics"
"GSE41258","GSM1012569",FALSE,FALSE,"include_prespecified_technically_valid_cohort","independent_failure_metrics=0","No PCA-only exclusion; exclusion requires severe failure supported by at least two independent QC metrics"
"GSE41258","GSM1012570",FALSE,FALSE,"include_prespecified_technically_valid_cohort","independent_failure_metrics=0","No PCA-only exclusion; exclusion requires severe failure supported by at least two independent QC metrics"
"GSE41258","GSM1012571",FALSE,FALSE,"include_prespecified_technically_valid_cohort","independent_failure_metrics=0","No PCA-only exclusion; exclusion requires severe failure supported by at least two independent QC metrics"
"GSE41258","GSM1012572",FALSE,FALSE,"include_prespecified_technically_valid_cohort","independent_failure_metrics=0","No PCA-only exclusion; exclusion requires severe failure supported by at least two independent QC metrics"
"GSE41258","GSM1012573",FALSE,FALSE,"include_prespecified_technically_valid_cohort","independent_failure_metrics=0","No PCA-only exclusion; exclusion requires severe failure supported by at least two independent QC metrics"
"GSE41258","GSM1012574",FALSE,FALSE,"include_prespecified_technically_valid_cohort","independent_failure_metrics=0","No PCA-only exclusion; exclusion requires severe failure supported by at least two independent QC metrics"
"GSE41258","GSM1012575",FALSE,FALSE,"include_prespecified_technically_valid_cohort","independent_failure_metrics=0","No PCA-only exclusion; exclusion requires severe failure supported by at least two independent QC metrics"
"GSE41258","GSM1012576",FALSE,FALSE,"include_prespecified_technically_valid_cohort","independent_failure_metrics=0","No PCA-only exclusion; exclusion requires severe failure supported by at least two independent QC metrics"
"GSE41258","GSM1012577",FALSE,FALSE,"include_prespecified_technically_valid_cohort","independent_failure_metrics=0","No PCA-only exclusion; exclusion requires severe failure supported by at least two independent QC metrics"
"GSE41258","GSM1012578",FALSE,FALSE,"include_prespecified_technically_valid_cohort","independent_failure_metrics=0","No PCA-only exclusion; exclusion requires severe failure supported by at least two independent QC metrics"
"GSE41258","GSM1012579",FALSE,FALSE,"include_prespecified_technically_valid_cohort","independent_failure_metrics=0","No PCA-only exclusion; exclusion requires severe failure supported by at least two independent QC metrics"
"GSE41258","GSM1012580",FALSE,FALSE,"include_prespecified_technically_valid_cohort","independent_failure_metrics=0","No PCA-only exclusion; exclusion requires severe failure supported by at least two independent QC metrics"
"GSE41258","GSM1012581",FALSE,FALSE,"include_prespecified_technically_valid_cohort","independent_failure_metrics=0","No PCA-only exclusion; exclusion requires severe failure supported by at least two independent QC metrics"
"GSE41258","GSM1012582",FALSE,FALSE,"include_prespecified_technically_valid_cohort","independent_failure_metrics=0","No PCA-only exclusion; exclusion requires severe failure supported by at least two independent QC metrics"
"GSE41258","GSM1012583",FALSE,FALSE,"include_prespecified_technically_valid_cohort","independent_failure_metrics=0","No PCA-only exclusion; exclusion requires severe failure supported by at least two independent QC metrics"
"GSE41258","GSM1012584",FALSE,FALSE,"include_prespecified_technically_valid_cohort","independent_failure_metrics=0","No PCA-only exclusion; exclusion requires severe failure supported by at least two independent QC metrics"
"GSE41258","GSM1012585",FALSE,FALSE,"include_prespecified_technically_valid_cohort","independent_failure_metrics=0","No PCA-only exclusion; exclusion requires severe failure supported by at least two independent QC metrics"
"GSE41258","GSM1012586",FALSE,FALSE,"include_prespecified_technically_valid_cohort","independent_failure_metrics=0","No PCA-only exclusion; exclusion requires severe failure supported by at least two independent QC metrics"
"GSE41258","GSM1012587",FALSE,FALSE,"include_prespecified_technically_valid_cohort","independent_failure_metrics=0","No PCA-only exclusion; exclusion requires severe failure supported by at least two independent QC metrics"
"GSE41258","GSM1012588",FALSE,FALSE,"include_prespecified_technically_valid_cohort","independent_failure_metrics=0","No PCA-only exclusion; exclusion requires severe failure supported by at least two independent QC metrics"
"GSE41258","GSM1012589",FALSE,FALSE,"include_prespecified_technically_valid_cohort","independent_failure_metrics=0","No PCA-only exclusion; exclusion requires severe failure supported by at least two independent QC metrics"
"GSE41258","GSM1012590",FALSE,FALSE,"include_prespecified_technically_valid_cohort","independent_failure_metrics=0","No PCA-only exclusion; exclusion requires severe failure supported by at least two independent QC metrics"
"GSE41258","GSM1012591",FALSE,FALSE,"include_prespecified_technically_valid_cohort","independent_failure_metrics=0","No PCA-only exclusion; exclusion requires severe failure supported by at least two independent QC metrics"
"GSE41258","GSM1012592",FALSE,FALSE,"include_prespecified_technically_valid_cohort","independent_failure_metrics=0","No PCA-only exclusion; exclusion requires severe failure supported by at least two independent QC metrics"
"GSE41258","GSM1012593",FALSE,FALSE,"include_prespecified_technically_valid_cohort","independent_failure_metrics=0","No PCA-only exclusion; exclusion requires severe failure supported by at least two independent QC metrics"
"GSE41258","GSM1012594",FALSE,FALSE,"include_prespecified_technically_valid_cohort","independent_failure_metrics=0","No PCA-only exclusion; exclusion requires severe failure supported by at least two independent QC metrics"
"GSE41258","GSM1012595",FALSE,FALSE,"include_prespecified_technically_valid_cohort","independent_failure_metrics=0","No PCA-only exclusion; exclusion requires severe failure supported by at least two independent QC metrics"
"GSE41258","GSM1012596",FALSE,FALSE,"include_prespecified_technically_valid_cohort","independent_failure_metrics=0","No PCA-only exclusion; exclusion requires severe failure supported by at least two independent QC metrics"
"GSE41258","GSM1012597",FALSE,FALSE,"include_prespecified_technically_valid_cohort","independent_failure_metrics=0","No PCA-only exclusion; exclusion requires severe failure supported by at least two independent QC metrics"
"GSE41258","GSM1012598",FALSE,FALSE,"include_prespecified_technically_valid_cohort","independent_failure_metrics=0","No PCA-only exclusion; exclusion requires severe failure supported by at least two independent QC metrics"
"GSE41258","GSM1012599",FALSE,FALSE,"include_prespecified_technically_valid_cohort","independent_failure_metrics=0","No PCA-only exclusion; exclusion requires severe failure supported by at least two independent QC metrics"
"GSE41258","GSM1012600",FALSE,FALSE,"include_prespecified_technically_valid_cohort","independent_failure_metrics=0","No PCA-only exclusion; exclusion requires severe failure supported by at least two independent QC metrics"
"GSE41258","GSM1012601",FALSE,FALSE,"include_prespecified_technically_valid_cohort","independent_failure_metrics=0","No PCA-only exclusion; exclusion requires severe failure supported by at least two independent QC metrics"
"GSE41258","GSM1012602",FALSE,FALSE,"include_prespecified_technically_valid_cohort","independent_failure_metrics=0","No PCA-only exclusion; exclusion requires severe failure supported by at least two independent QC metrics"
"GSE41258","GSM1012603",FALSE,FALSE,"include_prespecified_technically_valid_cohort","independent_failure_metrics=0","No PCA-only exclusion; exclusion requires severe failure supported by at least two independent QC metrics"
"GSE41258","GSM1012604",FALSE,FALSE,"include_prespecified_technically_valid_cohort","independent_failure_metrics=0","No PCA-only exclusion; exclusion requires severe failure supported by at least two independent QC metrics"
"GSE41258","GSM1012605",FALSE,FALSE,"include_prespecified_technically_valid_cohort","independent_failure_metrics=0","No PCA-only exclusion; exclusion requires severe failure supported by at least two independent QC metrics"
"GSE41258","GSM1012606",FALSE,FALSE,"include_prespecified_technically_valid_cohort","independent_failure_metrics=0","No PCA-only exclusion; exclusion requires severe failure supported by at least two independent QC metrics"
"GSE41258","GSM1012607",FALSE,FALSE,"include_prespecified_technically_valid_cohort","independent_failure_metrics=0","No PCA-only exclusion; exclusion requires severe failure supported by at least two independent QC metrics"
"GSE41258","GSM1012608",FALSE,FALSE,"include_prespecified_technically_valid_cohort","independent_failure_metrics=0","No PCA-only exclusion; exclusion requires severe failure supported by at least two independent QC metrics"
"GSE41258","GSM1012609",FALSE,FALSE,"include_prespecified_technically_valid_cohort","independent_failure_metrics=0","No PCA-only exclusion; exclusion requires severe failure supported by at least two independent QC metrics"
"GSE41258","GSM1012610",FALSE,FALSE,"include_prespecified_technically_valid_cohort","independent_failure_metrics=0","No PCA-only exclusion; exclusion requires severe failure supported by at least two independent QC metrics"
"GSE41258","GSM1012611",FALSE,FALSE,"include_prespecified_technically_valid_cohort","independent_failure_metrics=0","No PCA-only exclusion; exclusion requires severe failure supported by at least two independent QC metrics"
"GSE41258","GSM1012612",FALSE,FALSE,"include_prespecified_technically_valid_cohort","independent_failure_metrics=0","No PCA-only exclusion; exclusion requires severe failure supported by at least two independent QC metrics"
"GSE41258","GSM1012613",FALSE,FALSE,"include_prespecified_technically_valid_cohort","independent_failure_metrics=0","No PCA-only exclusion; exclusion requires severe failure supported by at least two independent QC metrics"
"GSE41258","GSM1012614",FALSE,FALSE,"include_prespecified_technically_valid_cohort","independent_failure_metrics=0","No PCA-only exclusion; exclusion requires severe failure supported by at least two independent QC metrics"
"GSE41258","GSM1012615",FALSE,FALSE,"include_prespecified_technically_valid_cohort","independent_failure_metrics=0","No PCA-only exclusion; exclusion requires severe failure supported by at least two independent QC metrics"
"GSE41258","GSM1012616",FALSE,FALSE,"include_prespecified_technically_valid_cohort","independent_failure_metrics=0","No PCA-only exclusion; exclusion requires severe failure supported by at least two independent QC metrics"
"GSE41258","GSM1012617",FALSE,FALSE,"include_prespecified_technically_valid_cohort","independent_failure_metrics=0","No PCA-only exclusion; exclusion requires severe failure supported by at least two independent QC metrics"
"GSE41258","GSM1012618",FALSE,FALSE,"include_prespecified_technically_valid_cohort","independent_failure_metrics=0","No PCA-only exclusion; exclusion requires severe failure supported by at least two independent QC metrics"
"GSE41258","GSM1012619",FALSE,FALSE,"include_prespecified_technically_valid_cohort","independent_failure_metrics=0","No PCA-only exclusion; exclusion requires severe failure supported by at least two independent QC metrics"
"GSE41258","GSM1012620",FALSE,FALSE,"include_prespecified_technically_valid_cohort","independent_failure_metrics=0","No PCA-only exclusion; exclusion requires severe failure supported by at least two independent QC metrics"
"GSE41258","GSM1012621",FALSE,FALSE,"include_prespecified_technically_valid_cohort","independent_failure_metrics=0","No PCA-only exclusion; exclusion requires severe failure supported by at least two independent QC metrics"
"GSE41258","GSM1012622",FALSE,FALSE,"include_prespecified_technically_valid_cohort","independent_failure_metrics=0","No PCA-only exclusion; exclusion requires severe failure supported by at least two independent QC metrics"
"GSE41258","GSM1012623",FALSE,FALSE,"include_prespecified_technically_valid_cohort","independent_failure_metrics=0","No PCA-only exclusion; exclusion requires severe failure supported by at least two independent QC metrics"
"GSE41258","GSM1012624",FALSE,FALSE,"include_prespecified_technically_valid_cohort","independent_failure_metrics=0","No PCA-only exclusion; exclusion requires severe failure supported by at least two independent QC metrics"
"GSE41258","GSM1012625",FALSE,FALSE,"include_prespecified_technically_valid_cohort","independent_failure_metrics=0","No PCA-only exclusion; exclusion requires severe failure supported by at least two independent QC metrics"
"GSE41258","GSM1012626",FALSE,FALSE,"include_prespecified_technically_valid_cohort","independent_failure_metrics=0","No PCA-only exclusion; exclusion requires severe failure supported by at least two independent QC metrics"
"GSE41258","GSM1012627",FALSE,FALSE,"include_prespecified_technically_valid_cohort","independent_failure_metrics=0","No PCA-only exclusion; exclusion requires severe failure supported by at least two independent QC metrics"
"GSE41258","GSM1012628",FALSE,FALSE,"include_prespecified_technically_valid_cohort","independent_failure_metrics=0","No PCA-only exclusion; exclusion requires severe failure supported by at least two independent QC metrics"
"GSE41258","GSM1012629",FALSE,FALSE,"include_prespecified_technically_valid_cohort","independent_failure_metrics=0","No PCA-only exclusion; exclusion requires severe failure supported by at least two independent QC metrics"
"GSE41258","GSM1012630",FALSE,FALSE,"include_prespecified_technically_valid_cohort","independent_failure_metrics=0","No PCA-only exclusion; exclusion requires severe failure supported by at least two independent QC metrics"
"GSE41258","GSM1012631",FALSE,FALSE,"include_prespecified_technically_valid_cohort","independent_failure_metrics=0","No PCA-only exclusion; exclusion requires severe failure supported by at least two independent QC metrics"
"GSE41258","GSM1012632",FALSE,FALSE,"include_prespecified_technically_valid_cohort","independent_failure_metrics=0","No PCA-only exclusion; exclusion requires severe failure supported by at least two independent QC metrics"
"GSE41258","GSM1012633",FALSE,FALSE,"include_prespecified_technically_valid_cohort","independent_failure_metrics=0","No PCA-only exclusion; exclusion requires severe failure supported by at least two independent QC metrics"
"GSE41258","GSM1012634",FALSE,FALSE,"include_prespecified_technically_valid_cohort","independent_failure_metrics=0","No PCA-only exclusion; exclusion requires severe failure supported by at least two independent QC metrics"
"GSE41258","GSM1012635",FALSE,FALSE,"include_prespecified_technically_valid_cohort","independent_failure_metrics=0","No PCA-only exclusion; exclusion requires severe failure supported by at least two independent QC metrics"
"GSE41258","GSM1012636",FALSE,FALSE,"include_prespecified_technically_valid_cohort","independent_failure_metrics=0","No PCA-only exclusion; exclusion requires severe failure supported by at least two independent QC metrics"
"GSE41258","GSM1012637",FALSE,FALSE,"include_prespecified_technically_valid_cohort","independent_failure_metrics=0","No PCA-only exclusion; exclusion requires severe failure supported by at least two independent QC metrics"
"GSE41258","GSM1012638",FALSE,FALSE,"include_prespecified_technically_valid_cohort","independent_failure_metrics=0","No PCA-only exclusion; exclusion requires severe failure supported by at least two independent QC metrics"
"GSE41258","GSM1012639",FALSE,FALSE,"include_prespecified_technically_valid_cohort","independent_failure_metrics=0","No PCA-only exclusion; exclusion requires severe failure supported by at least two independent QC metrics"
"GSE41258","GSM1012640",FALSE,FALSE,"include_prespecified_technically_valid_cohort","independent_failure_metrics=0","No PCA-only exclusion; exclusion requires severe failure supported by at least two independent QC metrics"
"GSE41258","GSM1012641",FALSE,FALSE,"include_prespecified_technically_valid_cohort","independent_failure_metrics=0","No PCA-only exclusion; exclusion requires severe failure supported by at least two independent QC metrics"
"GSE41258","GSM1012642",FALSE,FALSE,"include_prespecified_technically_valid_cohort","independent_failure_metrics=0","No PCA-only exclusion; exclusion requires severe failure supported by at least two independent QC metrics"
"GSE41258","GSM1012643",FALSE,FALSE,"include_prespecified_technically_valid_cohort","independent_failure_metrics=0","No PCA-only exclusion; exclusion requires severe failure supported by at least two independent QC metrics"
"GSE41258","GSM1012644",FALSE,FALSE,"include_prespecified_technically_valid_cohort","independent_failure_metrics=0","No PCA-only exclusion; exclusion requires severe failure supported by at least two independent QC metrics"
"GSE41258","GSM1012645",FALSE,FALSE,"include_prespecified_technically_valid_cohort","independent_failure_metrics=0","No PCA-only exclusion; exclusion requires severe failure supported by at least two independent QC metrics"
"GSE41258","GSM1012646",FALSE,FALSE,"include_prespecified_technically_valid_cohort","independent_failure_metrics=0","No PCA-only exclusion; exclusion requires severe failure supported by at least two independent QC metrics"
"GSE41258","GSM1012647",FALSE,FALSE,"include_prespecified_technically_valid_cohort","independent_failure_metrics=0","No PCA-only exclusion; exclusion requires severe failure supported by at least two independent QC metrics"
"GSE41258","GSM1012648",FALSE,FALSE,"include_prespecified_technically_valid_cohort","independent_failure_metrics=0","No PCA-only exclusion; exclusion requires severe failure supported by at least two independent QC metrics"
"GSE41258","GSM1012649",FALSE,FALSE,"include_prespecified_technically_valid_cohort","independent_failure_metrics=0","No PCA-only exclusion; exclusion requires severe failure supported by at least two independent QC metrics"
"GSE41258","GSM1012650",FALSE,FALSE,"include_prespecified_technically_valid_cohort","independent_failure_metrics=0","No PCA-only exclusion; exclusion requires severe failure supported by at least two independent QC metrics"
"GSE41258","GSM1012651",FALSE,FALSE,"include_prespecified_technically_valid_cohort","independent_failure_metrics=0","No PCA-only exclusion; exclusion requires severe failure supported by at least two independent QC metrics"
"GSE41258","GSM1012652",FALSE,FALSE,"include_prespecified_technically_valid_cohort","independent_failure_metrics=0","No PCA-only exclusion; exclusion requires severe failure supported by at least two independent QC metrics"
"GSE41258","GSM1012653",FALSE,FALSE,"include_prespecified_technically_valid_cohort","independent_failure_metrics=0","No PCA-only exclusion; exclusion requires severe failure supported by at least two independent QC metrics"
"GSE41258","GSM1012654",FALSE,FALSE,"include_prespecified_technically_valid_cohort","independent_failure_metrics=0","No PCA-only exclusion; exclusion requires severe failure supported by at least two independent QC metrics"
"GSE41258","GSM1012655",FALSE,FALSE,"include_prespecified_technically_valid_cohort","independent_failure_metrics=0","No PCA-only exclusion; exclusion requires severe failure supported by at least two independent QC metrics"
"GSE41258","GSM1012656",FALSE,FALSE,"include_prespecified_technically_valid_cohort","independent_failure_metrics=0","No PCA-only exclusion; exclusion requires severe failure supported by at least two independent QC metrics"
"GSE41258","GSM1012657",FALSE,FALSE,"include_prespecified_technically_valid_cohort","independent_failure_metrics=0","No PCA-only exclusion; exclusion requires severe failure supported by at least two independent QC metrics"
"GSE41258","GSM1012658",FALSE,FALSE,"include_prespecified_technically_valid_cohort","independent_failure_metrics=0","No PCA-only exclusion; exclusion requires severe failure supported by at least two independent QC metrics"
"GSE41258","GSM1012659",FALSE,FALSE,"include_prespecified_technically_valid_cohort","independent_failure_metrics=0","No PCA-only exclusion; exclusion requires severe failure supported by at least two independent QC metrics"
"GSE41258","GSM1012660",FALSE,FALSE,"include_prespecified_technically_valid_cohort","independent_failure_metrics=0","No PCA-only exclusion; exclusion requires severe failure supported by at least two independent QC metrics"
"GSE41258","GSM1012661",FALSE,FALSE,"include_prespecified_technically_valid_cohort","independent_failure_metrics=0","No PCA-only exclusion; exclusion requires severe failure supported by at least two independent QC metrics"
"GSE41258","GSM1012662",FALSE,FALSE,"include_prespecified_technically_valid_cohort","independent_failure_metrics=0","No PCA-only exclusion; exclusion requires severe failure supported by at least two independent QC metrics"
"GSE41258","GSM1012663",FALSE,FALSE,"include_prespecified_technically_valid_cohort","independent_failure_metrics=0","No PCA-only exclusion; exclusion requires severe failure supported by at least two independent QC metrics"
"GSE41258","GSM1012664",FALSE,FALSE,"include_prespecified_technically_valid_cohort","independent_failure_metrics=0","No PCA-only exclusion; exclusion requires severe failure supported by at least two independent QC metrics"
"GSE41258","GSM1012665",FALSE,FALSE,"include_prespecified_technically_valid_cohort","independent_failure_metrics=0","No PCA-only exclusion; exclusion requires severe failure supported by at least two independent QC metrics"
"GSE41258","GSM1012666",FALSE,FALSE,"include_prespecified_technically_valid_cohort","independent_failure_metrics=0","No PCA-only exclusion; exclusion requires severe failure supported by at least two independent QC metrics"
"GSE41258","GSM1012667",FALSE,FALSE,"include_prespecified_technically_valid_cohort","independent_failure_metrics=0","No PCA-only exclusion; exclusion requires severe failure supported by at least two independent QC metrics"
"GSE44076","GSM1077598",FALSE,FALSE,"include_prespecified_technically_valid_cohort","independent_failure_metrics=0","No PCA-only exclusion; exclusion requires severe failure supported by at least two independent QC metrics"
"GSE44076","GSM1077599",FALSE,FALSE,"include_prespecified_technically_valid_cohort","independent_failure_metrics=0","No PCA-only exclusion; exclusion requires severe failure supported by at least two independent QC metrics"
"GSE44076","GSM1077600",FALSE,FALSE,"include_prespecified_technically_valid_cohort","independent_failure_metrics=0","No PCA-only exclusion; exclusion requires severe failure supported by at least two independent QC metrics"
"GSE44076","GSM1077601",FALSE,FALSE,"include_prespecified_technically_valid_cohort","independent_failure_metrics=0","No PCA-only exclusion; exclusion requires severe failure supported by at least two independent QC metrics"
"GSE44076","GSM1077602",FALSE,FALSE,"include_prespecified_technically_valid_cohort","independent_failure_metrics=0","No PCA-only exclusion; exclusion requires severe failure supported by at least two independent QC metrics"
"GSE44076","GSM1077603",FALSE,FALSE,"include_prespecified_technically_valid_cohort","independent_failure_metrics=0","No PCA-only exclusion; exclusion requires severe failure supported by at least two independent QC metrics"
"GSE44076","GSM1077604",FALSE,FALSE,"include_prespecified_technically_valid_cohort","independent_failure_metrics=0","No PCA-only exclusion; exclusion requires severe failure supported by at least two independent QC metrics"
"GSE44076","GSM1077605",FALSE,FALSE,"include_prespecified_technically_valid_cohort","independent_failure_metrics=0","No PCA-only exclusion; exclusion requires severe failure supported by at least two independent QC metrics"
"GSE44076","GSM1077606",FALSE,FALSE,"include_prespecified_technically_valid_cohort","independent_failure_metrics=0","No PCA-only exclusion; exclusion requires severe failure supported by at least two independent QC metrics"
"GSE44076","GSM1077607",FALSE,FALSE,"include_prespecified_technically_valid_cohort","independent_failure_metrics=0","No PCA-only exclusion; exclusion requires severe failure supported by at least two independent QC metrics"
"GSE44076","GSM1077608",FALSE,FALSE,"include_prespecified_technically_valid_cohort","independent_failure_metrics=0","No PCA-only exclusion; exclusion requires severe failure supported by at least two independent QC metrics"
"GSE44076","GSM1077609",FALSE,FALSE,"include_prespecified_technically_valid_cohort","independent_failure_metrics=0","No PCA-only exclusion; exclusion requires severe failure supported by at least two independent QC metrics"
"GSE44076","GSM1077610",FALSE,FALSE,"include_prespecified_technically_valid_cohort","independent_failure_metrics=0","No PCA-only exclusion; exclusion requires severe failure supported by at least two independent QC metrics"
"GSE44076","GSM1077611",FALSE,FALSE,"include_prespecified_technically_valid_cohort","independent_failure_metrics=0","No PCA-only exclusion; exclusion requires severe failure supported by at least two independent QC metrics"
"GSE44076","GSM1077612",FALSE,FALSE,"include_prespecified_technically_valid_cohort","independent_failure_metrics=0","No PCA-only exclusion; exclusion requires severe failure supported by at least two independent QC metrics"
"GSE44076","GSM1077613",FALSE,FALSE,"include_prespecified_technically_valid_cohort","independent_failure_metrics=0","No PCA-only exclusion; exclusion requires severe failure supported by at least two independent QC metrics"
"GSE44076","GSM1077614",FALSE,FALSE,"include_prespecified_technically_valid_cohort","independent_failure_metrics=0","No PCA-only exclusion; exclusion requires severe failure supported by at least two independent QC metrics"
"GSE44076","GSM1077615",FALSE,FALSE,"include_prespecified_technically_valid_cohort","independent_failure_metrics=0","No PCA-only exclusion; exclusion requires severe failure supported by at least two independent QC metrics"
"GSE44076","GSM1077616",FALSE,FALSE,"include_prespecified_technically_valid_cohort","independent_failure_metrics=0","No PCA-only exclusion; exclusion requires severe failure supported by at least two independent QC metrics"
"GSE44076","GSM1077617",FALSE,FALSE,"include_prespecified_technically_valid_cohort","independent_failure_metrics=0","No PCA-only exclusion; exclusion requires severe failure supported by at least two independent QC metrics"
"GSE44076","GSM1077618",FALSE,FALSE,"include_prespecified_technically_valid_cohort","independent_failure_metrics=0","No PCA-only exclusion; exclusion requires severe failure supported by at least two independent QC metrics"
"GSE44076","GSM1077619",FALSE,FALSE,"include_prespecified_technically_valid_cohort","independent_failure_metrics=0","No PCA-only exclusion; exclusion requires severe failure supported by at least two independent QC metrics"
"GSE44076","GSM1077620",FALSE,FALSE,"include_prespecified_technically_valid_cohort","independent_failure_metrics=0","No PCA-only exclusion; exclusion requires severe failure supported by at least two independent QC metrics"
"GSE44076","GSM1077621",FALSE,FALSE,"include_prespecified_technically_valid_cohort","independent_failure_metrics=0","No PCA-only exclusion; exclusion requires severe failure supported by at least two independent QC metrics"
"GSE44076","GSM1077622",FALSE,FALSE,"include_prespecified_technically_valid_cohort","independent_failure_metrics=0","No PCA-only exclusion; exclusion requires severe failure supported by at least two independent QC metrics"
"GSE44076","GSM1077623",FALSE,FALSE,"include_prespecified_technically_valid_cohort","independent_failure_metrics=0","No PCA-only exclusion; exclusion requires severe failure supported by at least two independent QC metrics"
"GSE44076","GSM1077624",FALSE,FALSE,"include_prespecified_technically_valid_cohort","independent_failure_metrics=0","No PCA-only exclusion; exclusion requires severe failure supported by at least two independent QC metrics"
"GSE44076","GSM1077625",FALSE,FALSE,"include_prespecified_technically_valid_cohort","independent_failure_metrics=0","No PCA-only exclusion; exclusion requires severe failure supported by at least two independent QC metrics"
"GSE44076","GSM1077626",FALSE,FALSE,"include_prespecified_technically_valid_cohort","independent_failure_metrics=0","No PCA-only exclusion; exclusion requires severe failure supported by at least two independent QC metrics"
"GSE44076","GSM1077627",FALSE,FALSE,"include_prespecified_technically_valid_cohort","independent_failure_metrics=0","No PCA-only exclusion; exclusion requires severe failure supported by at least two independent QC metrics"
"GSE44076","GSM1077628",FALSE,FALSE,"include_prespecified_technically_valid_cohort","independent_failure_metrics=0","No PCA-only exclusion; exclusion requires severe failure supported by at least two independent QC metrics"
"GSE44076","GSM1077629",FALSE,FALSE,"include_prespecified_technically_valid_cohort","independent_failure_metrics=0","No PCA-only exclusion; exclusion requires severe failure supported by at least two independent QC metrics"
"GSE44076","GSM1077630",FALSE,FALSE,"include_prespecified_technically_valid_cohort","independent_failure_metrics=0","No PCA-only exclusion; exclusion requires severe failure supported by at least two independent QC metrics"
"GSE44076","GSM1077631",FALSE,FALSE,"include_prespecified_technically_valid_cohort","independent_failure_metrics=0","No PCA-only exclusion; exclusion requires severe failure supported by at least two independent QC metrics"
"GSE44076","GSM1077632",FALSE,FALSE,"include_prespecified_technically_valid_cohort","independent_failure_metrics=0","No PCA-only exclusion; exclusion requires severe failure supported by at least two independent QC metrics"
"GSE44076","GSM1077633",FALSE,FALSE,"include_prespecified_technically_valid_cohort","independent_failure_metrics=0","No PCA-only exclusion; exclusion requires severe failure supported by at least two independent QC metrics"
"GSE44076","GSM1077634",FALSE,FALSE,"include_prespecified_technically_valid_cohort","independent_failure_metrics=0","No PCA-only exclusion; exclusion requires severe failure supported by at least two independent QC metrics"
"GSE44076","GSM1077635",FALSE,FALSE,"include_prespecified_technically_valid_cohort","independent_failure_metrics=0","No PCA-only exclusion; exclusion requires severe failure supported by at least two independent QC metrics"
"GSE44076","GSM1077636",FALSE,FALSE,"include_prespecified_technically_valid_cohort","independent_failure_metrics=0","No PCA-only exclusion; exclusion requires severe failure supported by at least two independent QC metrics"
"GSE44076","GSM1077637",FALSE,FALSE,"include_prespecified_technically_valid_cohort","independent_failure_metrics=0","No PCA-only exclusion; exclusion requires severe failure supported by at least two independent QC metrics"
"GSE44076","GSM1077638",FALSE,FALSE,"include_prespecified_technically_valid_cohort","independent_failure_metrics=0","No PCA-only exclusion; exclusion requires severe failure supported by at least two independent QC metrics"
"GSE44076","GSM1077639",FALSE,FALSE,"include_prespecified_technically_valid_cohort","independent_failure_metrics=0","No PCA-only exclusion; exclusion requires severe failure supported by at least two independent QC metrics"
"GSE44076","GSM1077640",FALSE,FALSE,"include_prespecified_technically_valid_cohort","independent_failure_metrics=0","No PCA-only exclusion; exclusion requires severe failure supported by at least two independent QC metrics"
"GSE44076","GSM1077641",FALSE,FALSE,"include_prespecified_technically_valid_cohort","independent_failure_metrics=0","No PCA-only exclusion; exclusion requires severe failure supported by at least two independent QC metrics"
"GSE44076","GSM1077642",FALSE,FALSE,"include_prespecified_technically_valid_cohort","independent_failure_metrics=0","No PCA-only exclusion; exclusion requires severe failure supported by at least two independent QC metrics"
"GSE44076","GSM1077643",FALSE,FALSE,"include_prespecified_technically_valid_cohort","independent_failure_metrics=0","No PCA-only exclusion; exclusion requires severe failure supported by at least two independent QC metrics"
"GSE44076","GSM1077644",FALSE,FALSE,"include_prespecified_technically_valid_cohort","independent_failure_metrics=0","No PCA-only exclusion; exclusion requires severe failure supported by at least two independent QC metrics"
"GSE44076","GSM1077645",FALSE,FALSE,"include_prespecified_technically_valid_cohort","independent_failure_metrics=0","No PCA-only exclusion; exclusion requires severe failure supported by at least two independent QC metrics"
"GSE44076","GSM1077646",FALSE,FALSE,"include_prespecified_technically_valid_cohort","independent_failure_metrics=0","No PCA-only exclusion; exclusion requires severe failure supported by at least two independent QC metrics"
"GSE44076","GSM1077647",FALSE,FALSE,"include_prespecified_technically_valid_cohort","independent_failure_metrics=0","No PCA-only exclusion; exclusion requires severe failure supported by at least two independent QC metrics"
"GSE44076","GSM1077648",FALSE,FALSE,"include_prespecified_technically_valid_cohort","independent_failure_metrics=0","No PCA-only exclusion; exclusion requires severe failure supported by at least two independent QC metrics"
"GSE44076","GSM1077649",FALSE,FALSE,"include_prespecified_technically_valid_cohort","independent_failure_metrics=0","No PCA-only exclusion; exclusion requires severe failure supported by at least two independent QC metrics"
"GSE44076","GSM1077650",FALSE,FALSE,"include_prespecified_technically_valid_cohort","independent_failure_metrics=0","No PCA-only exclusion; exclusion requires severe failure supported by at least two independent QC metrics"
"GSE44076","GSM1077651",FALSE,FALSE,"include_prespecified_technically_valid_cohort","independent_failure_metrics=0","No PCA-only exclusion; exclusion requires severe failure supported by at least two independent QC metrics"
"GSE44076","GSM1077652",FALSE,FALSE,"include_prespecified_technically_valid_cohort","independent_failure_metrics=0","No PCA-only exclusion; exclusion requires severe failure supported by at least two independent QC metrics"
"GSE44076","GSM1077653",FALSE,FALSE,"include_prespecified_technically_valid_cohort","independent_failure_metrics=0","No PCA-only exclusion; exclusion requires severe failure supported by at least two independent QC metrics"
"GSE44076","GSM1077654",FALSE,FALSE,"include_prespecified_technically_valid_cohort","independent_failure_metrics=0","No PCA-only exclusion; exclusion requires severe failure supported by at least two independent QC metrics"
"GSE44076","GSM1077655",FALSE,FALSE,"include_prespecified_technically_valid_cohort","independent_failure_metrics=0","No PCA-only exclusion; exclusion requires severe failure supported by at least two independent QC metrics"
"GSE44076","GSM1077656",FALSE,FALSE,"include_prespecified_technically_valid_cohort","independent_failure_metrics=0","No PCA-only exclusion; exclusion requires severe failure supported by at least two independent QC metrics"
"GSE44076","GSM1077657",FALSE,FALSE,"include_prespecified_technically_valid_cohort","independent_failure_metrics=0","No PCA-only exclusion; exclusion requires severe failure supported by at least two independent QC metrics"
"GSE44076","GSM1077658",FALSE,FALSE,"include_prespecified_technically_valid_cohort","independent_failure_metrics=0","No PCA-only exclusion; exclusion requires severe failure supported by at least two independent QC metrics"
"GSE44076","GSM1077659",FALSE,FALSE,"include_prespecified_technically_valid_cohort","independent_failure_metrics=0","No PCA-only exclusion; exclusion requires severe failure supported by at least two independent QC metrics"
"GSE44076","GSM1077660",FALSE,FALSE,"include_prespecified_technically_valid_cohort","independent_failure_metrics=0","No PCA-only exclusion; exclusion requires severe failure supported by at least two independent QC metrics"
"GSE44076","GSM1077661",FALSE,FALSE,"include_prespecified_technically_valid_cohort","independent_failure_metrics=0","No PCA-only exclusion; exclusion requires severe failure supported by at least two independent QC metrics"
"GSE44076","GSM1077662",FALSE,FALSE,"include_prespecified_technically_valid_cohort","independent_failure_metrics=0","No PCA-only exclusion; exclusion requires severe failure supported by at least two independent QC metrics"
"GSE44076","GSM1077663",FALSE,FALSE,"include_prespecified_technically_valid_cohort","independent_failure_metrics=0","No PCA-only exclusion; exclusion requires severe failure supported by at least two independent QC metrics"
"GSE44076","GSM1077664",FALSE,FALSE,"include_prespecified_technically_valid_cohort","independent_failure_metrics=0","No PCA-only exclusion; exclusion requires severe failure supported by at least two independent QC metrics"
"GSE44076","GSM1077665",FALSE,FALSE,"include_prespecified_technically_valid_cohort","independent_failure_metrics=0","No PCA-only exclusion; exclusion requires severe failure supported by at least two independent QC metrics"
"GSE44076","GSM1077666",FALSE,FALSE,"include_prespecified_technically_valid_cohort","independent_failure_metrics=0","No PCA-only exclusion; exclusion requires severe failure supported by at least two independent QC metrics"
"GSE44076","GSM1077667",FALSE,FALSE,"include_prespecified_technically_valid_cohort","independent_failure_metrics=0","No PCA-only exclusion; exclusion requires severe failure supported by at least two independent QC metrics"
"GSE44076","GSM1077668",FALSE,FALSE,"include_prespecified_technically_valid_cohort","independent_failure_metrics=0","No PCA-only exclusion; exclusion requires severe failure supported by at least two independent QC metrics"
"GSE44076","GSM1077669",FALSE,FALSE,"include_prespecified_technically_valid_cohort","independent_failure_metrics=0","No PCA-only exclusion; exclusion requires severe failure supported by at least two independent QC metrics"
"GSE44076","GSM1077670",FALSE,FALSE,"include_prespecified_technically_valid_cohort","independent_failure_metrics=0","No PCA-only exclusion; exclusion requires severe failure supported by at least two independent QC metrics"
"GSE44076","GSM1077671",FALSE,FALSE,"include_prespecified_technically_valid_cohort","independent_failure_metrics=0","No PCA-only exclusion; exclusion requires severe failure supported by at least two independent QC metrics"
"GSE44076","GSM1077672",FALSE,FALSE,"include_prespecified_technically_valid_cohort","independent_failure_metrics=0","No PCA-only exclusion; exclusion requires severe failure supported by at least two independent QC metrics"
"GSE44076","GSM1077673",FALSE,FALSE,"include_prespecified_technically_valid_cohort","independent_failure_metrics=0","No PCA-only exclusion; exclusion requires severe failure supported by at least two independent QC metrics"
"GSE44076","GSM1077674",FALSE,FALSE,"include_prespecified_technically_valid_cohort","independent_failure_metrics=0","No PCA-only exclusion; exclusion requires severe failure supported by at least two independent QC metrics"
"GSE44076","GSM1077675",FALSE,FALSE,"include_prespecified_technically_valid_cohort","independent_failure_metrics=0","No PCA-only exclusion; exclusion requires severe failure supported by at least two independent QC metrics"
"GSE44076","GSM1077676",FALSE,FALSE,"include_prespecified_technically_valid_cohort","independent_failure_metrics=0","No PCA-only exclusion; exclusion requires severe failure supported by at least two independent QC metrics"
"GSE44076","GSM1077677",FALSE,FALSE,"include_prespecified_technically_valid_cohort","independent_failure_metrics=0","No PCA-only exclusion; exclusion requires severe failure supported by at least two independent QC metrics"
"GSE44076","GSM1077678",FALSE,FALSE,"include_prespecified_technically_valid_cohort","independent_failure_metrics=0","No PCA-only exclusion; exclusion requires severe failure supported by at least two independent QC metrics"
"GSE44076","GSM1077679",FALSE,FALSE,"include_prespecified_technically_valid_cohort","independent_failure_metrics=0","No PCA-only exclusion; exclusion requires severe failure supported by at least two independent QC metrics"
"GSE44076","GSM1077680",FALSE,FALSE,"include_prespecified_technically_valid_cohort","independent_failure_metrics=0","No PCA-only exclusion; exclusion requires severe failure supported by at least two independent QC metrics"
"GSE44076","GSM1077681",FALSE,FALSE,"include_prespecified_technically_valid_cohort","independent_failure_metrics=0","No PCA-only exclusion; exclusion requires severe failure supported by at least two independent QC metrics"
"GSE44076","GSM1077682",FALSE,FALSE,"include_prespecified_technically_valid_cohort","independent_failure_metrics=0","No PCA-only exclusion; exclusion requires severe failure supported by at least two independent QC metrics"
"GSE44076","GSM1077683",FALSE,FALSE,"include_prespecified_technically_valid_cohort","independent_failure_metrics=0","No PCA-only exclusion; exclusion requires severe failure supported by at least two independent QC metrics"
"GSE44076","GSM1077684",FALSE,FALSE,"include_prespecified_technically_valid_cohort","independent_failure_metrics=0","No PCA-only exclusion; exclusion requires severe failure supported by at least two independent QC metrics"
"GSE44076","GSM1077685",FALSE,FALSE,"include_prespecified_technically_valid_cohort","independent_failure_metrics=0","No PCA-only exclusion; exclusion requires severe failure supported by at least two independent QC metrics"
"GSE44076","GSM1077686",FALSE,FALSE,"include_prespecified_technically_valid_cohort","independent_failure_metrics=0","No PCA-only exclusion; exclusion requires severe failure supported by at least two independent QC metrics"
"GSE44076","GSM1077687",FALSE,FALSE,"include_prespecified_technically_valid_cohort","independent_failure_metrics=0","No PCA-only exclusion; exclusion requires severe failure supported by at least two independent QC metrics"
"GSE44076","GSM1077688",FALSE,FALSE,"include_prespecified_technically_valid_cohort","independent_failure_metrics=0","No PCA-only exclusion; exclusion requires severe failure supported by at least two independent QC metrics"
"GSE44076","GSM1077689",FALSE,FALSE,"include_prespecified_technically_valid_cohort","independent_failure_metrics=0","No PCA-only exclusion; exclusion requires severe failure supported by at least two independent QC metrics"
"GSE44076","GSM1077690",FALSE,FALSE,"include_prespecified_technically_valid_cohort","independent_failure_metrics=0","No PCA-only exclusion; exclusion requires severe failure supported by at least two independent QC metrics"
"GSE44076","GSM1077691",FALSE,FALSE,"include_prespecified_technically_valid_cohort","independent_failure_metrics=0","No PCA-only exclusion; exclusion requires severe failure supported by at least two independent QC metrics"
"GSE44076","GSM1077692",FALSE,FALSE,"include_prespecified_technically_valid_cohort","independent_failure_metrics=0","No PCA-only exclusion; exclusion requires severe failure supported by at least two independent QC metrics"
"GSE44076","GSM1077693",FALSE,FALSE,"include_prespecified_technically_valid_cohort","independent_failure_metrics=0","No PCA-only exclusion; exclusion requires severe failure supported by at least two independent QC metrics"
"GSE44076","GSM1077694",FALSE,FALSE,"include_prespecified_technically_valid_cohort","independent_failure_metrics=0","No PCA-only exclusion; exclusion requires severe failure supported by at least two independent QC metrics"
"GSE44076","GSM1077695",FALSE,FALSE,"include_prespecified_technically_valid_cohort","independent_failure_metrics=0","No PCA-only exclusion; exclusion requires severe failure supported by at least two independent QC metrics"
"GSE44076","GSM1077696",FALSE,FALSE,"include_prespecified_technically_valid_cohort","independent_failure_metrics=0","No PCA-only exclusion; exclusion requires severe failure supported by at least two independent QC metrics"
"GSE44076","GSM1077697",FALSE,FALSE,"include_prespecified_technically_valid_cohort","independent_failure_metrics=0","No PCA-only exclusion; exclusion requires severe failure supported by at least two independent QC metrics"
"GSE44076","GSM1077698",FALSE,FALSE,"include_prespecified_technically_valid_cohort","independent_failure_metrics=0","No PCA-only exclusion; exclusion requires severe failure supported by at least two independent QC metrics"
"GSE44076","GSM1077699",FALSE,FALSE,"include_prespecified_technically_valid_cohort","independent_failure_metrics=0","No PCA-only exclusion; exclusion requires severe failure supported by at least two independent QC metrics"
"GSE44076","GSM1077700",FALSE,FALSE,"include_prespecified_technically_valid_cohort","independent_failure_metrics=0","No PCA-only exclusion; exclusion requires severe failure supported by at least two independent QC metrics"
"GSE44076","GSM1077701",FALSE,FALSE,"include_prespecified_technically_valid_cohort","independent_failure_metrics=0","No PCA-only exclusion; exclusion requires severe failure supported by at least two independent QC metrics"
"GSE44076","GSM1077702",FALSE,FALSE,"include_prespecified_technically_valid_cohort","independent_failure_metrics=0","No PCA-only exclusion; exclusion requires severe failure supported by at least two independent QC metrics"
"GSE44076","GSM1077703",FALSE,FALSE,"include_prespecified_technically_valid_cohort","independent_failure_metrics=0","No PCA-only exclusion; exclusion requires severe failure supported by at least two independent QC metrics"
"GSE44076","GSM1077704",FALSE,FALSE,"include_prespecified_technically_valid_cohort","independent_failure_metrics=0","No PCA-only exclusion; exclusion requires severe failure supported by at least two independent QC metrics"
"GSE44076","GSM1077705",FALSE,FALSE,"include_prespecified_technically_valid_cohort","independent_failure_metrics=0","No PCA-only exclusion; exclusion requires severe failure supported by at least two independent QC metrics"
"GSE44076","GSM1077706",FALSE,FALSE,"include_prespecified_technically_valid_cohort","independent_failure_metrics=0","No PCA-only exclusion; exclusion requires severe failure supported by at least two independent QC metrics"
"GSE44076","GSM1077707",FALSE,FALSE,"include_prespecified_technically_valid_cohort","independent_failure_metrics=0","No PCA-only exclusion; exclusion requires severe failure supported by at least two independent QC metrics"
"GSE44076","GSM1077708",FALSE,FALSE,"include_prespecified_technically_valid_cohort","independent_failure_metrics=0","No PCA-only exclusion; exclusion requires severe failure supported by at least two independent QC metrics"
"GSE44076","GSM1077709",FALSE,FALSE,"include_prespecified_technically_valid_cohort","independent_failure_metrics=0","No PCA-only exclusion; exclusion requires severe failure supported by at least two independent QC metrics"
"GSE44076","GSM1077710",FALSE,FALSE,"include_prespecified_technically_valid_cohort","independent_failure_metrics=0","No PCA-only exclusion; exclusion requires severe failure supported by at least two independent QC metrics"
"GSE44076","GSM1077711",FALSE,FALSE,"include_prespecified_technically_valid_cohort","independent_failure_metrics=0","No PCA-only exclusion; exclusion requires severe failure supported by at least two independent QC metrics"
"GSE44076","GSM1077712",FALSE,FALSE,"include_prespecified_technically_valid_cohort","independent_failure_metrics=0","No PCA-only exclusion; exclusion requires severe failure supported by at least two independent QC metrics"
"GSE44076","GSM1077713",FALSE,FALSE,"include_prespecified_technically_valid_cohort","independent_failure_metrics=0","No PCA-only exclusion; exclusion requires severe failure supported by at least two independent QC metrics"
"GSE44076","GSM1077714",FALSE,FALSE,"include_prespecified_technically_valid_cohort","independent_failure_metrics=0","No PCA-only exclusion; exclusion requires severe failure supported by at least two independent QC metrics"
"GSE44076","GSM1077715",FALSE,FALSE,"include_prespecified_technically_valid_cohort","independent_failure_metrics=0","No PCA-only exclusion; exclusion requires severe failure supported by at least two independent QC metrics"
"GSE44076","GSM1077716",FALSE,FALSE,"include_prespecified_technically_valid_cohort","independent_failure_metrics=0","No PCA-only exclusion; exclusion requires severe failure supported by at least two independent QC metrics"
"GSE44076","GSM1077717",FALSE,FALSE,"include_prespecified_technically_valid_cohort","independent_failure_metrics=0","No PCA-only exclusion; exclusion requires severe failure supported by at least two independent QC metrics"
"GSE44076","GSM1077718",FALSE,FALSE,"include_prespecified_technically_valid_cohort","independent_failure_metrics=0","No PCA-only exclusion; exclusion requires severe failure supported by at least two independent QC metrics"
"GSE44076","GSM1077719",FALSE,FALSE,"include_prespecified_technically_valid_cohort","independent_failure_metrics=0","No PCA-only exclusion; exclusion requires severe failure supported by at least two independent QC metrics"
"GSE44076","GSM1077720",FALSE,FALSE,"include_prespecified_technically_valid_cohort","independent_failure_metrics=0","No PCA-only exclusion; exclusion requires severe failure supported by at least two independent QC metrics"
"GSE44076","GSM1077721",FALSE,FALSE,"include_prespecified_technically_valid_cohort","independent_failure_metrics=0","No PCA-only exclusion; exclusion requires severe failure supported by at least two independent QC metrics"
"GSE44076","GSM1077722",FALSE,FALSE,"include_prespecified_technically_valid_cohort","independent_failure_metrics=0","No PCA-only exclusion; exclusion requires severe failure supported by at least two independent QC metrics"
"GSE44076","GSM1077723",FALSE,FALSE,"include_prespecified_technically_valid_cohort","independent_failure_metrics=0","No PCA-only exclusion; exclusion requires severe failure supported by at least two independent QC metrics"
"GSE44076","GSM1077724",FALSE,FALSE,"include_prespecified_technically_valid_cohort","independent_failure_metrics=0","No PCA-only exclusion; exclusion requires severe failure supported by at least two independent QC metrics"
"GSE44076","GSM1077725",FALSE,FALSE,"include_prespecified_technically_valid_cohort","independent_failure_metrics=0","No PCA-only exclusion; exclusion requires severe failure supported by at least two independent QC metrics"
"GSE44076","GSM1077726",FALSE,FALSE,"include_prespecified_technically_valid_cohort","independent_failure_metrics=0","No PCA-only exclusion; exclusion requires severe failure supported by at least two independent QC metrics"
"GSE44076","GSM1077727",FALSE,FALSE,"include_prespecified_technically_valid_cohort","independent_failure_metrics=0","No PCA-only exclusion; exclusion requires severe failure supported by at least two independent QC metrics"
"GSE44076","GSM1077728",FALSE,FALSE,"include_prespecified_technically_valid_cohort","independent_failure_metrics=0","No PCA-only exclusion; exclusion requires severe failure supported by at least two independent QC metrics"
"GSE44076","GSM1077729",FALSE,FALSE,"include_prespecified_technically_valid_cohort","independent_failure_metrics=0","No PCA-only exclusion; exclusion requires severe failure supported by at least two independent QC metrics"
"GSE44076","GSM1077730",FALSE,FALSE,"include_prespecified_technically_valid_cohort","independent_failure_metrics=0","No PCA-only exclusion; exclusion requires severe failure supported by at least two independent QC metrics"
"GSE44076","GSM1077731",FALSE,FALSE,"include_prespecified_technically_valid_cohort","independent_failure_metrics=0","No PCA-only exclusion; exclusion requires severe failure supported by at least two independent QC metrics"
"GSE44076","GSM1077732",FALSE,FALSE,"include_prespecified_technically_valid_cohort","independent_failure_metrics=0","No PCA-only exclusion; exclusion requires severe failure supported by at least two independent QC metrics"
"GSE44076","GSM1077733",FALSE,FALSE,"include_prespecified_technically_valid_cohort","independent_failure_metrics=0","No PCA-only exclusion; exclusion requires severe failure supported by at least two independent QC metrics"
"GSE44076","GSM1077734",FALSE,FALSE,"include_prespecified_technically_valid_cohort","independent_failure_metrics=0","No PCA-only exclusion; exclusion requires severe failure supported by at least two independent QC metrics"
"GSE44076","GSM1077735",FALSE,FALSE,"include_prespecified_technically_valid_cohort","independent_failure_metrics=0","No PCA-only exclusion; exclusion requires severe failure supported by at least two independent QC metrics"
"GSE44076","GSM1077736",FALSE,FALSE,"include_prespecified_technically_valid_cohort","independent_failure_metrics=1","No PCA-only exclusion; exclusion requires severe failure supported by at least two independent QC metrics"
"GSE44076","GSM1077737",FALSE,FALSE,"include_prespecified_technically_valid_cohort","independent_failure_metrics=0","No PCA-only exclusion; exclusion requires severe failure supported by at least two independent QC metrics"
"GSE44076","GSM1077738",FALSE,FALSE,"include_prespecified_technically_valid_cohort","independent_failure_metrics=0","No PCA-only exclusion; exclusion requires severe failure supported by at least two independent QC metrics"
"GSE44076","GSM1077739",FALSE,FALSE,"include_prespecified_technically_valid_cohort","independent_failure_metrics=0","No PCA-only exclusion; exclusion requires severe failure supported by at least two independent QC metrics"
"GSE44076","GSM1077740",FALSE,FALSE,"include_prespecified_technically_valid_cohort","independent_failure_metrics=0","No PCA-only exclusion; exclusion requires severe failure supported by at least two independent QC metrics"
"GSE44076","GSM1077741",FALSE,FALSE,"include_prespecified_technically_valid_cohort","independent_failure_metrics=0","No PCA-only exclusion; exclusion requires severe failure supported by at least two independent QC metrics"
"GSE44076","GSM1077742",FALSE,FALSE,"include_prespecified_technically_valid_cohort","independent_failure_metrics=0","No PCA-only exclusion; exclusion requires severe failure supported by at least two independent QC metrics"
"GSE44076","GSM1077743",FALSE,FALSE,"include_prespecified_technically_valid_cohort","independent_failure_metrics=0","No PCA-only exclusion; exclusion requires severe failure supported by at least two independent QC metrics"
"GSE44076","GSM1077744",FALSE,FALSE,"include_prespecified_technically_valid_cohort","independent_failure_metrics=0","No PCA-only exclusion; exclusion requires severe failure supported by at least two independent QC metrics"
"GSE44076","GSM1077745",FALSE,FALSE,"include_prespecified_technically_valid_cohort","independent_failure_metrics=0","No PCA-only exclusion; exclusion requires severe failure supported by at least two independent QC metrics"
"GSE44076","GSM1077746",FALSE,FALSE,"include_prespecified_technically_valid_cohort","independent_failure_metrics=0","No PCA-only exclusion; exclusion requires severe failure supported by at least two independent QC metrics"
"GSE44076","GSM1077747",FALSE,FALSE,"include_prespecified_technically_valid_cohort","independent_failure_metrics=0","No PCA-only exclusion; exclusion requires severe failure supported by at least two independent QC metrics"
"GSE44076","GSM1077748",FALSE,FALSE,"include_prespecified_technically_valid_cohort","independent_failure_metrics=0","No PCA-only exclusion; exclusion requires severe failure supported by at least two independent QC metrics"
"GSE44076","GSM1077749",FALSE,FALSE,"include_prespecified_technically_valid_cohort","independent_failure_metrics=0","No PCA-only exclusion; exclusion requires severe failure supported by at least two independent QC metrics"
"GSE44076","GSM1077750",FALSE,FALSE,"include_prespecified_technically_valid_cohort","independent_failure_metrics=0","No PCA-only exclusion; exclusion requires severe failure supported by at least two independent QC metrics"
"GSE44076","GSM1077751",FALSE,FALSE,"include_prespecified_technically_valid_cohort","independent_failure_metrics=0","No PCA-only exclusion; exclusion requires severe failure supported by at least two independent QC metrics"
"GSE44076","GSM1077752",FALSE,FALSE,"include_prespecified_technically_valid_cohort","independent_failure_metrics=0","No PCA-only exclusion; exclusion requires severe failure supported by at least two independent QC metrics"
"GSE44076","GSM1077753",FALSE,FALSE,"include_prespecified_technically_valid_cohort","independent_failure_metrics=0","No PCA-only exclusion; exclusion requires severe failure supported by at least two independent QC metrics"
"GSE44076","GSM1077754",FALSE,FALSE,"include_prespecified_technically_valid_cohort","independent_failure_metrics=0","No PCA-only exclusion; exclusion requires severe failure supported by at least two independent QC metrics"
"GSE44076","GSM1077755",FALSE,FALSE,"include_prespecified_technically_valid_cohort","independent_failure_metrics=0","No PCA-only exclusion; exclusion requires severe failure supported by at least two independent QC metrics"
"GSE44076","GSM1077756",FALSE,FALSE,"include_prespecified_technically_valid_cohort","independent_failure_metrics=0","No PCA-only exclusion; exclusion requires severe failure supported by at least two independent QC metrics"
"GSE44076","GSM1077757",FALSE,FALSE,"include_prespecified_technically_valid_cohort","independent_failure_metrics=0","No PCA-only exclusion; exclusion requires severe failure supported by at least two independent QC metrics"
"GSE44076","GSM1077758",FALSE,FALSE,"include_prespecified_technically_valid_cohort","independent_failure_metrics=0","No PCA-only exclusion; exclusion requires severe failure supported by at least two independent QC metrics"
"GSE44076","GSM1077759",FALSE,FALSE,"include_prespecified_technically_valid_cohort","independent_failure_metrics=0","No PCA-only exclusion; exclusion requires severe failure supported by at least two independent QC metrics"
"GSE44076","GSM1077760",FALSE,FALSE,"include_prespecified_technically_valid_cohort","independent_failure_metrics=0","No PCA-only exclusion; exclusion requires severe failure supported by at least two independent QC metrics"
"GSE44076","GSM1077761",FALSE,FALSE,"include_prespecified_technically_valid_cohort","independent_failure_metrics=0","No PCA-only exclusion; exclusion requires severe failure supported by at least two independent QC metrics"
"GSE44076","GSM1077762",FALSE,FALSE,"include_prespecified_technically_valid_cohort","independent_failure_metrics=0","No PCA-only exclusion; exclusion requires severe failure supported by at least two independent QC metrics"
"GSE44076","GSM1077763",FALSE,FALSE,"include_prespecified_technically_valid_cohort","independent_failure_metrics=0","No PCA-only exclusion; exclusion requires severe failure supported by at least two independent QC metrics"
"GSE44076","GSM1077764",FALSE,FALSE,"include_prespecified_technically_valid_cohort","independent_failure_metrics=0","No PCA-only exclusion; exclusion requires severe failure supported by at least two independent QC metrics"
"GSE44076","GSM1077765",FALSE,FALSE,"include_prespecified_technically_valid_cohort","independent_failure_metrics=0","No PCA-only exclusion; exclusion requires severe failure supported by at least two independent QC metrics"
"GSE44076","GSM1077766",FALSE,FALSE,"include_prespecified_technically_valid_cohort","independent_failure_metrics=0","No PCA-only exclusion; exclusion requires severe failure supported by at least two independent QC metrics"
"GSE44076","GSM1077767",FALSE,FALSE,"include_prespecified_technically_valid_cohort","independent_failure_metrics=0","No PCA-only exclusion; exclusion requires severe failure supported by at least two independent QC metrics"
"GSE44076","GSM1077768",FALSE,FALSE,"include_prespecified_technically_valid_cohort","independent_failure_metrics=0","No PCA-only exclusion; exclusion requires severe failure supported by at least two independent QC metrics"
"GSE44076","GSM1077769",FALSE,FALSE,"include_prespecified_technically_valid_cohort","independent_failure_metrics=0","No PCA-only exclusion; exclusion requires severe failure supported by at least two independent QC metrics"
"GSE44076","GSM1077770",FALSE,FALSE,"include_prespecified_technically_valid_cohort","independent_failure_metrics=0","No PCA-only exclusion; exclusion requires severe failure supported by at least two independent QC metrics"
"GSE44076","GSM1077771",FALSE,FALSE,"include_prespecified_technically_valid_cohort","independent_failure_metrics=0","No PCA-only exclusion; exclusion requires severe failure supported by at least two independent QC metrics"
"GSE44076","GSM1077772",FALSE,FALSE,"include_prespecified_technically_valid_cohort","independent_failure_metrics=0","No PCA-only exclusion; exclusion requires severe failure supported by at least two independent QC metrics"
"GSE44076","GSM1077773",FALSE,FALSE,"include_prespecified_technically_valid_cohort","independent_failure_metrics=0","No PCA-only exclusion; exclusion requires severe failure supported by at least two independent QC metrics"
"GSE44076","GSM1077774",FALSE,FALSE,"include_prespecified_technically_valid_cohort","independent_failure_metrics=0","No PCA-only exclusion; exclusion requires severe failure supported by at least two independent QC metrics"
"GSE44076","GSM1077775",FALSE,FALSE,"include_prespecified_technically_valid_cohort","independent_failure_metrics=0","No PCA-only exclusion; exclusion requires severe failure supported by at least two independent QC metrics"
"GSE44076","GSM1077776",FALSE,FALSE,"include_prespecified_technically_valid_cohort","independent_failure_metrics=0","No PCA-only exclusion; exclusion requires severe failure supported by at least two independent QC metrics"
"GSE44076","GSM1077777",FALSE,FALSE,"include_prespecified_technically_valid_cohort","independent_failure_metrics=0","No PCA-only exclusion; exclusion requires severe failure supported by at least two independent QC metrics"
"GSE44076","GSM1077778",FALSE,FALSE,"include_prespecified_technically_valid_cohort","independent_failure_metrics=0","No PCA-only exclusion; exclusion requires severe failure supported by at least two independent QC metrics"
"GSE44076","GSM1077779",FALSE,FALSE,"include_prespecified_technically_valid_cohort","independent_failure_metrics=0","No PCA-only exclusion; exclusion requires severe failure supported by at least two independent QC metrics"
"GSE44076","GSM1077780",FALSE,FALSE,"include_prespecified_technically_valid_cohort","independent_failure_metrics=0","No PCA-only exclusion; exclusion requires severe failure supported by at least two independent QC metrics"
"GSE44076","GSM1077781",FALSE,FALSE,"include_prespecified_technically_valid_cohort","independent_failure_metrics=0","No PCA-only exclusion; exclusion requires severe failure supported by at least two independent QC metrics"
"GSE44076","GSM1077782",FALSE,FALSE,"include_prespecified_technically_valid_cohort","independent_failure_metrics=0","No PCA-only exclusion; exclusion requires severe failure supported by at least two independent QC metrics"
"GSE44076","GSM1077783",FALSE,FALSE,"include_prespecified_technically_valid_cohort","independent_failure_metrics=0","No PCA-only exclusion; exclusion requires severe failure supported by at least two independent QC metrics"
"GSE44076","GSM1077784",FALSE,FALSE,"include_prespecified_technically_valid_cohort","independent_failure_metrics=0","No PCA-only exclusion; exclusion requires severe failure supported by at least two independent QC metrics"
"GSE44076","GSM1077785",FALSE,FALSE,"include_prespecified_technically_valid_cohort","independent_failure_metrics=0","No PCA-only exclusion; exclusion requires severe failure supported by at least two independent QC metrics"
"GSE44076","GSM1077786",FALSE,FALSE,"include_prespecified_technically_valid_cohort","independent_failure_metrics=0","No PCA-only exclusion; exclusion requires severe failure supported by at least two independent QC metrics"
"GSE44076","GSM1077787",FALSE,FALSE,"include_prespecified_technically_valid_cohort","independent_failure_metrics=0","No PCA-only exclusion; exclusion requires severe failure supported by at least two independent QC metrics"
"GSE44076","GSM1077788",FALSE,FALSE,"include_prespecified_technically_valid_cohort","independent_failure_metrics=0","No PCA-only exclusion; exclusion requires severe failure supported by at least two independent QC metrics"
"GSE44076","GSM1077789",FALSE,FALSE,"include_prespecified_technically_valid_cohort","independent_failure_metrics=0","No PCA-only exclusion; exclusion requires severe failure supported by at least two independent QC metrics"
"GSE44076","GSM1077790",FALSE,FALSE,"include_prespecified_technically_valid_cohort","independent_failure_metrics=0","No PCA-only exclusion; exclusion requires severe failure supported by at least two independent QC metrics"
"GSE44076","GSM1077791",FALSE,FALSE,"include_prespecified_technically_valid_cohort","independent_failure_metrics=0","No PCA-only exclusion; exclusion requires severe failure supported by at least two independent QC metrics"
"GSE44076","GSM1077792",FALSE,FALSE,"include_prespecified_technically_valid_cohort","independent_failure_metrics=0","No PCA-only exclusion; exclusion requires severe failure supported by at least two independent QC metrics"
"GSE44076","GSM1077793",FALSE,FALSE,"include_prespecified_technically_valid_cohort","independent_failure_metrics=0","No PCA-only exclusion; exclusion requires severe failure supported by at least two independent QC metrics"
"GSE44076","GSM1077794",FALSE,FALSE,"include_prespecified_technically_valid_cohort","independent_failure_metrics=0","No PCA-only exclusion; exclusion requires severe failure supported by at least two independent QC metrics"
"GSE44076","GSM1077795",FALSE,FALSE,"include_prespecified_technically_valid_cohort","independent_failure_metrics=0","No PCA-only exclusion; exclusion requires severe failure supported by at least two independent QC metrics"
"GSE44076","GSM1077796",FALSE,FALSE,"include_prespecified_technically_valid_cohort","independent_failure_metrics=0","No PCA-only exclusion; exclusion requires severe failure supported by at least two independent QC metrics"
"GSE44076","GSM1077797",FALSE,FALSE,"include_prespecified_technically_valid_cohort","independent_failure_metrics=0","No PCA-only exclusion; exclusion requires severe failure supported by at least two independent QC metrics"
"GSE44076","GSM1077798",FALSE,FALSE,"include_prespecified_technically_valid_cohort","independent_failure_metrics=0","No PCA-only exclusion; exclusion requires severe failure supported by at least two independent QC metrics"
"GSE44076","GSM1077799",FALSE,FALSE,"include_prespecified_technically_valid_cohort","independent_failure_metrics=0","No PCA-only exclusion; exclusion requires severe failure supported by at least two independent QC metrics"
"GSE44076","GSM1077800",FALSE,FALSE,"include_prespecified_technically_valid_cohort","independent_failure_metrics=0","No PCA-only exclusion; exclusion requires severe failure supported by at least two independent QC metrics"
"GSE44076","GSM1077801",FALSE,FALSE,"include_prespecified_technically_valid_cohort","independent_failure_metrics=0","No PCA-only exclusion; exclusion requires severe failure supported by at least two independent QC metrics"
"GSE44076","GSM1077802",FALSE,FALSE,"include_prespecified_technically_valid_cohort","independent_failure_metrics=0","No PCA-only exclusion; exclusion requires severe failure supported by at least two independent QC metrics"
"GSE44076","GSM1077803",FALSE,FALSE,"include_prespecified_technically_valid_cohort","independent_failure_metrics=0","No PCA-only exclusion; exclusion requires severe failure supported by at least two independent QC metrics"
"GSE44076","GSM1077804",FALSE,FALSE,"include_prespecified_technically_valid_cohort","independent_failure_metrics=0","No PCA-only exclusion; exclusion requires severe failure supported by at least two independent QC metrics"
"GSE44076","GSM1077805",FALSE,FALSE,"include_prespecified_technically_valid_cohort","independent_failure_metrics=0","No PCA-only exclusion; exclusion requires severe failure supported by at least two independent QC metrics"
"GSE44076","GSM1077806",FALSE,FALSE,"include_prespecified_technically_valid_cohort","independent_failure_metrics=0","No PCA-only exclusion; exclusion requires severe failure supported by at least two independent QC metrics"
"GSE44076","GSM1077807",FALSE,FALSE,"include_prespecified_technically_valid_cohort","independent_failure_metrics=0","No PCA-only exclusion; exclusion requires severe failure supported by at least two independent QC metrics"
"GSE44076","GSM1077808",FALSE,FALSE,"include_prespecified_technically_valid_cohort","independent_failure_metrics=0","No PCA-only exclusion; exclusion requires severe failure supported by at least two independent QC metrics"
"GSE44076","GSM1077809",FALSE,FALSE,"include_prespecified_technically_valid_cohort","independent_failure_metrics=0","No PCA-only exclusion; exclusion requires severe failure supported by at least two independent QC metrics"
"GSE44076","GSM1077810",FALSE,FALSE,"include_prespecified_technically_valid_cohort","independent_failure_metrics=0","No PCA-only exclusion; exclusion requires severe failure supported by at least two independent QC metrics"
"GSE44076","GSM1077811",FALSE,FALSE,"include_prespecified_technically_valid_cohort","independent_failure_metrics=0","No PCA-only exclusion; exclusion requires severe failure supported by at least two independent QC metrics"
"GSE44076","GSM1077812",FALSE,FALSE,"include_prespecified_technically_valid_cohort","independent_failure_metrics=0","No PCA-only exclusion; exclusion requires severe failure supported by at least two independent QC metrics"
"GSE44076","GSM1077813",FALSE,FALSE,"include_prespecified_technically_valid_cohort","independent_failure_metrics=0","No PCA-only exclusion; exclusion requires severe failure supported by at least two independent QC metrics"
"GSE44076","GSM1077814",FALSE,FALSE,"include_prespecified_technically_valid_cohort","independent_failure_metrics=0","No PCA-only exclusion; exclusion requires severe failure supported by at least two independent QC metrics"
"GSE44076","GSM1077815",FALSE,FALSE,"include_prespecified_technically_valid_cohort","independent_failure_metrics=0","No PCA-only exclusion; exclusion requires severe failure supported by at least two independent QC metrics"
"GSE44076","GSM1077816",FALSE,FALSE,"include_prespecified_technically_valid_cohort","independent_failure_metrics=0","No PCA-only exclusion; exclusion requires severe failure supported by at least two independent QC metrics"
"GSE44076","GSM1077817",FALSE,FALSE,"include_prespecified_technically_valid_cohort","independent_failure_metrics=0","No PCA-only exclusion; exclusion requires severe failure supported by at least two independent QC metrics"
"GSE44076","GSM1077818",FALSE,FALSE,"include_prespecified_technically_valid_cohort","independent_failure_metrics=0","No PCA-only exclusion; exclusion requires severe failure supported by at least two independent QC metrics"
"GSE44076","GSM1077819",FALSE,FALSE,"include_prespecified_technically_valid_cohort","independent_failure_metrics=0","No PCA-only exclusion; exclusion requires severe failure supported by at least two independent QC metrics"
"GSE44076","GSM1077820",FALSE,FALSE,"include_prespecified_technically_valid_cohort","independent_failure_metrics=0","No PCA-only exclusion; exclusion requires severe failure supported by at least two independent QC metrics"
"GSE44076","GSM1077821",FALSE,FALSE,"include_prespecified_technically_valid_cohort","independent_failure_metrics=0","No PCA-only exclusion; exclusion requires severe failure supported by at least two independent QC metrics"
"GSE44076","GSM1077822",FALSE,FALSE,"include_prespecified_technically_valid_cohort","independent_failure_metrics=0","No PCA-only exclusion; exclusion requires severe failure supported by at least two independent QC metrics"
"GSE44076","GSM1077823",FALSE,FALSE,"include_prespecified_technically_valid_cohort","independent_failure_metrics=0","No PCA-only exclusion; exclusion requires severe failure supported by at least two independent QC metrics"
"GSE44076","GSM1077824",FALSE,FALSE,"include_prespecified_technically_valid_cohort","independent_failure_metrics=0","No PCA-only exclusion; exclusion requires severe failure supported by at least two independent QC metrics"
"GSE44076","GSM1077825",FALSE,FALSE,"include_prespecified_technically_valid_cohort","independent_failure_metrics=0","No PCA-only exclusion; exclusion requires severe failure supported by at least two independent QC metrics"
"GSE44076","GSM1077826",FALSE,FALSE,"include_prespecified_technically_valid_cohort","independent_failure_metrics=0","No PCA-only exclusion; exclusion requires severe failure supported by at least two independent QC metrics"
"GSE44076","GSM1077827",FALSE,FALSE,"include_prespecified_technically_valid_cohort","independent_failure_metrics=0","No PCA-only exclusion; exclusion requires severe failure supported by at least two independent QC metrics"
"GSE44076","GSM1077828",FALSE,FALSE,"include_prespecified_technically_valid_cohort","independent_failure_metrics=0","No PCA-only exclusion; exclusion requires severe failure supported by at least two independent QC metrics"
"GSE44076","GSM1077829",FALSE,FALSE,"include_prespecified_technically_valid_cohort","independent_failure_metrics=0","No PCA-only exclusion; exclusion requires severe failure supported by at least two independent QC metrics"
"GSE44076","GSM1077830",FALSE,FALSE,"include_prespecified_technically_valid_cohort","independent_failure_metrics=0","No PCA-only exclusion; exclusion requires severe failure supported by at least two independent QC metrics"
"GSE44076","GSM1077831",FALSE,FALSE,"include_prespecified_technically_valid_cohort","independent_failure_metrics=0","No PCA-only exclusion; exclusion requires severe failure supported by at least two independent QC metrics"
"GSE44076","GSM1077832",FALSE,FALSE,"include_prespecified_technically_valid_cohort","independent_failure_metrics=0","No PCA-only exclusion; exclusion requires severe failure supported by at least two independent QC metrics"
"GSE44076","GSM1077833",FALSE,FALSE,"include_prespecified_technically_valid_cohort","independent_failure_metrics=0","No PCA-only exclusion; exclusion requires severe failure supported by at least two independent QC metrics"
"GSE44076","GSM1077834",FALSE,FALSE,"include_prespecified_technically_valid_cohort","independent_failure_metrics=0","No PCA-only exclusion; exclusion requires severe failure supported by at least two independent QC metrics"
"GSE44076","GSM1077835",FALSE,FALSE,"include_prespecified_technically_valid_cohort","independent_failure_metrics=0","No PCA-only exclusion; exclusion requires severe failure supported by at least two independent QC metrics"
"GSE44076","GSM1077836",FALSE,FALSE,"include_prespecified_technically_valid_cohort","independent_failure_metrics=0","No PCA-only exclusion; exclusion requires severe failure supported by at least two independent QC metrics"
"GSE44076","GSM1077837",FALSE,FALSE,"include_prespecified_technically_valid_cohort","independent_failure_metrics=0","No PCA-only exclusion; exclusion requires severe failure supported by at least two independent QC metrics"
"GSE44076","GSM1077838",FALSE,FALSE,"include_prespecified_technically_valid_cohort","independent_failure_metrics=0","No PCA-only exclusion; exclusion requires severe failure supported by at least two independent QC metrics"
"GSE44076","GSM1077839",FALSE,FALSE,"include_prespecified_technically_valid_cohort","independent_failure_metrics=0","No PCA-only exclusion; exclusion requires severe failure supported by at least two independent QC metrics"
"GSE44076","GSM1077840",FALSE,FALSE,"include_prespecified_technically_valid_cohort","independent_failure_metrics=0","No PCA-only exclusion; exclusion requires severe failure supported by at least two independent QC metrics"
"GSE44076","GSM1077841",FALSE,FALSE,"include_prespecified_technically_valid_cohort","independent_failure_metrics=0","No PCA-only exclusion; exclusion requires severe failure supported by at least two independent QC metrics"
"GSE44076","GSM1077842",FALSE,FALSE,"include_prespecified_technically_valid_cohort","independent_failure_metrics=0","No PCA-only exclusion; exclusion requires severe failure supported by at least two independent QC metrics"
"GSE44076","GSM1077843",FALSE,FALSE,"include_prespecified_technically_valid_cohort","independent_failure_metrics=0","No PCA-only exclusion; exclusion requires severe failure supported by at least two independent QC metrics"
