"ID","Description","GeneRatio","BgRatio","RichFactor","FoldEnrichment","zScore","pvalue","p.adjust","qvalue","geneID","Count","gene_set","database"
"GO:0030198","extracellular matrix organization","72/936","315/16135",0.228571428571429,3.94017094017094,13.0775401277692,2.0019150940165e-24,5.10290876184401e-21,3.68077282416741e-21,"CCN1/SFRP2/ADAMTS1/AEBP1/GREM1/TGFBR3/COL14A1/CCDC80/FKBP10/DPT/MMP2/ABI3BP/LAMC1/PXDN/COL16A1/SULF1/FOXF1/FBLN1/ADAMTS5/CAV1/COL1A2/SH3PXD2B/ECM2/LAMB2/CTSK/FBLN5/FOXC1/DDR2/COL6A1/ENG/EFEMP2/COL5A1/COL18A1/COL4A1/LAMA2/CAV2/MFAP4/RAMP2/OLFML2A/CSGALNACT1/ADAMTS4/LTBP4/PRICKLE1/COL1A1/SMOC2/COL4A5/PTX3/MYH11/CTSG/LOXL1/RGCC/HMCN1/AGT/COL15A1/EMILIN1/GPM6B/ADAMTSL3/CYP1B1/CRTAP/ITGA8/OLFML2B/COL3A1/CMA1/FOXF2/LUM/NDNF/NID1/PHLDB2/COL4A2/POSTN/ADAMTS8/SPINK5",72,"adjacent_vs_healthy_up","GO_BP"
"GO:0043062","extracellular structure organization","72/936","316/16135",0.227848101265823,3.92770204479065,13.0431457557813,2.45346715414604e-24,5.10290876184401e-21,3.68077282416741e-21,"CCN1/SFRP2/ADAMTS1/AEBP1/GREM1/TGFBR3/COL14A1/CCDC80/FKBP10/DPT/MMP2/ABI3BP/LAMC1/PXDN/COL16A1/SULF1/FOXF1/FBLN1/ADAMTS5/CAV1/COL1A2/SH3PXD2B/ECM2/LAMB2/CTSK/FBLN5/FOXC1/DDR2/COL6A1/ENG/EFEMP2/COL5A1/COL18A1/COL4A1/LAMA2/CAV2/MFAP4/RAMP2/OLFML2A/CSGALNACT1/ADAMTS4/LTBP4/PRICKLE1/COL1A1/SMOC2/COL4A5/PTX3/MYH11/CTSG/LOXL1/RGCC/HMCN1/AGT/COL15A1/EMILIN1/GPM6B/ADAMTSL3/CYP1B1/CRTAP/ITGA8/OLFML2B/COL3A1/CMA1/FOXF2/LUM/NDNF/NID1/PHLDB2/COL4A2/POSTN/ADAMTS8/SPINK5",72,"adjacent_vs_healthy_up","GO_BP"
"GO:0045229","external encapsulating structure organization","72/936","317/16135",0.227129337539432,3.91531181752002,13.0088918077171,3.00406716749059e-24,5.10290876184401e-21,3.68077282416741e-21,"CCN1/SFRP2/ADAMTS1/AEBP1/GREM1/TGFBR3/COL14A1/CCDC80/FKBP10/DPT/MMP2/ABI3BP/LAMC1/PXDN/COL16A1/SULF1/FOXF1/FBLN1/ADAMTS5/CAV1/COL1A2/SH3PXD2B/ECM2/LAMB2/CTSK/FBLN5/FOXC1/DDR2/COL6A1/ENG/EFEMP2/COL5A1/COL18A1/COL4A1/LAMA2/CAV2/MFAP4/RAMP2/OLFML2A/CSGALNACT1/ADAMTS4/LTBP4/PRICKLE1/COL1A1/SMOC2/COL4A5/PTX3/MYH11/CTSG/LOXL1/RGCC/HMCN1/AGT/COL15A1/EMILIN1/GPM6B/ADAMTSL3/CYP1B1/CRTAP/ITGA8/OLFML2B/COL3A1/CMA1/FOXF2/LUM/NDNF/NID1/PHLDB2/COL4A2/POSTN/ADAMTS8/SPINK5",72,"adjacent_vs_healthy_up","GO_BP"
"GO:1901342","regulation of vasculature development","63/936","294/16135",0.214285714285714,3.69391025641026,11.5682305448645,6.00222807213135e-20,7.64683856389533e-17,5.51573169154807e-17,"SFRP2/ADAMTS1/KLF2/GREM1/C3/PTGIS/SFRP1/CDH5/VEGFC/SASH1/ADGRA2/THBS2/ECSCR/PTPRM/CLDN5/DCN/SULF1/PLXND1/HSPG2/SERPINE1/FOXC1/SPARC/ENG/ANGPT2/TEK/SPRY2/RHOJ/WNK1/THBS1/RAMP2/CXCR4/QKI/TGFBR2/SMOC2/EPHA2/CXCL12/F3/APLNR/TWIST1/RGCC/EMILIN1/PRKD1/CD36/CYP1B1/SERPINF1/CMA1/ITGA5/ADM/SEMA3E/FYN/IL1B/HHEX/CCBE1/FGF2/ADGRB3/THBS4/COL4A2/HSPB6/JCAD/CHI3L1/CXCL13/SPINK5/CXCL10",63,"adjacent_vs_healthy_up","GO_BP"
"GO:0045765","regulation of angiogenesis","62/936","288/16135",0.215277777777778,3.71101169278253,11.5200814272585,9.330231881624e-20,9.50937233375118e-17,6.85919362750127e-17,"SFRP2/ADAMTS1/KLF2/GREM1/C3/PTGIS/SFRP1/CDH5/VEGFC/SASH1/ADGRA2/THBS2/ECSCR/PTPRM/CLDN5/DCN/SULF1/PLXND1/HSPG2/SERPINE1/FOXC1/SPARC/ENG/ANGPT2/TEK/SPRY2/RHOJ/WNK1/THBS1/RAMP2/CXCR4/QKI/TGFBR2/SMOC2/EPHA2/F3/APLNR/TWIST1/RGCC/EMILIN1/PRKD1/CD36/CYP1B1/SERPINF1/CMA1/ITGA5/ADM/SEMA3E/FYN/IL1B/HHEX/CCBE1/FGF2/ADGRB3/THBS4/COL4A2/HSPB6/JCAD/CHI3L1/CXCL13/SPINK5/CXCL10",62,"adjacent_vs_healthy_up","GO_BP"
"GO:0031589","cell-substrate adhesion","65/936","342/16135",0.190058479532164,3.27627517868746,10.5586146788863,1.05647659476393e-17,8.97300787819495e-15,6.47230924371164e-15,"CCN1/CCN2/GREM1/FBLN2/SFRP1/LYVE1/CCDC80/APOD/ABI3BP/FAM107A/L1CAM/LAMC1/FN1/COL16A1/FOXF1/FBLN1/SERPINE1/TLN1/THY1/ECM2/FBLN5/MAP4K4/EFEMP2/DLC1/ANGPT2/TEK/MYOC/JAG1/FLNA/THBS1/JAM3/SIGLEC1/CCL21/ITGA7/SPOCK1/PKD1/EFNA5/COL1A1/FERMT2/EMILIN1/GPM6B/CD36/MYADM/FZD7/ANGPT1/ITGA8/STON1/COL3A1/ACTN1/LIMCH1/MUC4/ITGA5/SEMA3E/AXL/SGCE/SORBS1/NDNF/VCL/NID1/PHLDB2/BCL6/LIMS2/GBP1/POSTN/ITGA1",65,"adjacent_vs_healthy_up","GO_BP"
"GO:0090287","regulation of cellular response to growth factor stimulus","61/936","314/16135",0.194267515923567,3.3488315912679,10.4304052281233,3.70202955060725e-17,2.69507751284208e-14,1.94398303619858e-14,"CCN1/SFRP2/GREM1/TGFBR3/CILP/SFRP1/HTRA1/CDH5/VEGFC/GLG1/ADGRA2/LRRC32/FSTL1/GREM2/LTBP1/FBN1/DCN/SULF1/CAV1/MMRN1/VASN/CDKN1C/ZEB2/SLIT2/ENG/FAM20C/SKI/HTRA3/SPRY1/CAV2/SPRY2/THBS1/RBPMS2/ZEB1/LTBP4/LATS2/ASPN/BMP4/SMOC2/TGFB1I1/AGT/EMILIN1/ITGA8/PMEPA1/NRXN1/CHRDL1/CHST11/WASF1/ITGA5/SPART/GPR155/IL1B/HHEX/CCBE1/TWSG1/TNFAIP6/FGF2/JCAD/CXCL13/GDF15/HOXA13",61,"adjacent_vs_healthy_up","GO_BP"
"GO:0001503","ossification","70/936","418/16135",0.167464114832536,2.88678791968266,9.6990197672293,6.022798118008e-16,3.49120960810247e-13,2.51824009573945e-13,"CCN1/SFRP2/CCN2/GREM1/MGP/SFRP1/VEGFC/CEBPD/MMP2/S1PR1/JUNB/IGFBP5/MN1/COL1A2/ZBTB16/TWIST2/VCAN/CTSK/DDX5/FOXC1/DDR2/COL6A1/FAM20C/IGSF10/WWTR1/IGFBP3/SKI/TEK/MYOC/PTPN11/CEBPB/JAG1/PTN/GLI3/HAND2/CSGALNACT1/STC1/RSPO2/PRICKLE1/ASPN/BMP4/LTBP3/COL1A1/EPHA2/TWIST1/FERMT2/ISG15/AREG/PRKD1/ID4/GPM6B/ADRB2/ANO6/PTGS2/SPP1/TNC/CHRDL1/IL6ST/KLF10/TENT5A/CCN3/SLC8A1/SLC24A3/TWSG1/TNFAIP6/FGF2/ROR2/IFITM1/PENK/GRP",70,"adjacent_vs_healthy_up","GO_BP"
"GO:0030336","negative regulation of cell migration","56/936","287/16135",0.195121951219512,3.36356055868251,10.0258659695232,6.1657940488466e-16,3.49120960810247e-13,2.51824009573945e-13,"SFRP2/GREM1/TGFBR3/SFRP1/DUSP1/APOD/PTPRM/CLDN5/IGFBP5/DCN/SULF1/MMRN1/SERPINE1/THY1/IL33/HYAL2/ZEB2/SLIT2/ENG/TRIB1/DLC1/IGFBP3/ANGPT2/MEOX2/JAG1/THBS1/TMEFF2/CCL21/TIMP1/NR2F2/STC1/BMERB1/BMP4/DPYSL3/CXCL12/PODN/RGCC/EPHA4/MITF/EMILIN1/CYP1B1/SERPINF1/ADIPOQ/COL3A1/BST2/LIMCH1/CCN3/CCL2/CLIC4/VCL/TNFAIP6/PHLDB2/FGF2/IFITM1/CXCL13/GDF15",56,"adjacent_vs_healthy_up","GO_BP"
"GO:0007178","cell surface receptor protein serine/threonine kinase signaling pathway","63/936","355/16135",0.177464788732394,3.05918201516793,9.73546851818969,1.08414430546795e-15,5.52479938066469e-13,3.98508622599378e-13,"CCN1/EGR1/FOS/SFRP2/GREM1/TGFBR3/SPTBN1/CILP/SFRP1/HTRA1/JUN/CDH5/TMEM100/GLG1/LRRC32/CLDN5/FSTL1/GREM2/LTBP1/FBN1/SULF1/CAV1/COL1A2/VASN/CDKN1C/ZEB2/DDX5/ENG/WWTR1/SKI/HTRA3/SPRY1/CAV2/SPRY2/LTBP2/THBS1/RBPMS2/ZEB1/LTBP4/LATS2/ASPN/BMP4/LTBP3/TGFBR2/INHBB/TGFB1I1/RBPMS/FERMT2/ID1/EMILIN1/ITGA8/PMEPA1/CHRDL1/CHST11/NFIA/COL3A1/SPART/CCN3/GPR155/TWSG1/TNFAIP6/GDF15/HOXA13",63,"adjacent_vs_healthy_up","GO_BP"
"GO:0042692","muscle cell differentiation","66/936","385/16135",0.171428571428571,2.95512820512821,9.63533391535915,1.30043793491385e-15,5.77132633298798e-13,4.16290827786376e-13,"GREM1/SIK1/LMNA/COL14A1/UCHL1/HEY2/RGS2/LAMC1/CSRP2/IGFBP5/FOXF1/ADAMTS5/LAMB2/COL6A1/ENG/EFEMP2/SKI/LAMA2/PLEC/CAV2/RORA/MEIS1/RAMP2/RBPMS2/ZEB1/PRICKLE1/PI16/QKI/DNMT1/BMP4/MYL9/SYNE1/CFL2/APLNR/MYH11/AKAP13/PRKD1/FZD7/TBX2/TMOD1/ITGA8/FLNC/CD81/DNER/PRDM6/ACTN1/PROX1/ADM/PLEKHO1/BHLHE41/LMOD1/CCN3/CACNA1H/KCNJ8/SLC8A1/CDH2/SGCD/FHOD3/SORBS2/NID1/ADGRB3/POPDC2/CSRP1/ASB2/GDF15/CXCL10",66,"adjacent_vs_healthy_up","GO_BP"
"GO:2000146","negative regulation of cell motility","57/936","301/16135",0.18936877076412,3.26438580799046,9.84101276076925,1.35902503916515e-15,5.77132633298798e-13,4.16290827786376e-13,"SFRP2/GREM1/TGFBR3/SFRP1/DUSP1/APOD/PTPRM/CLDN5/IGFBP5/DCN/SULF1/FBLN1/MMRN1/SERPINE1/THY1/IL33/HYAL2/ZEB2/SLIT2/ENG/TRIB1/DLC1/IGFBP3/ANGPT2/MEOX2/JAG1/THBS1/TMEFF2/CCL21/TIMP1/NR2F2/STC1/BMERB1/BMP4/DPYSL3/CXCL12/PODN/RGCC/EPHA4/MITF/EMILIN1/CYP1B1/SERPINF1/ADIPOQ/COL3A1/BST2/LIMCH1/CCN3/CCL2/CLIC4/VCL/TNFAIP6/PHLDB2/FGF2/IFITM1/CXCL13/GDF15",57,"adjacent_vs_healthy_up","GO_BP"
"GO:0006935","chemotaxis","70/936","432/16135",0.162037037037037,2.79323460747072,9.37538504015112,3.42847064632154e-15,1.34396049335804e-12,9.69410485583385e-13,"CCN1/CH25H/GREM1/SLIT3/MYCBP2/VEGFC/SEMA3G/DUSP1/ADGRA2/MMP2/ECSCR/S1PR1/L1CAM/ACKR3/SCG2/NR4A1/HBEGF/SERPINE1/LYST/S100A4/SLIT2/ENG/ANGPT2/FGFR1/PLEC/WNK1/THBS1/TUBB2B/PTN/JAM3/CCL21/SEMA3A/CXCR4/BMP4/EFNA5/SMOC2/EPHA2/CXCL12/F3/CTSG/FGF7/AGTR1/PRKD1/ANO6/RARRES2/ANGPT1/CMTM3/ANXA1/CXCL2/SEMA3E/CCN3/CCL2/IL1B/CXCL1/ENPP2/CCL20/SAA1/TNFAIP6/CXCL11/FGF2/THBS4/S100A8/CXCL3/ANOS1/GPR183/ITGA1/CXCL13/CCL19/CXCL10/CCL18",70,"adjacent_vs_healthy_up","GO_BP"
"GO:0043542","endothelial cell migration","47/936","220/16135",0.213636363636364,3.68271658896659,9.94224032846453,3.90198999559196e-15,1.42032435839547e-12,1.02449241087272e-12,"GREM1/TGFBR3/CDH5/VEGFC/SOX18/SASH1/ADGRA2/CLEC14A/PTPRM/PLPP3/FSTL1/SCG2/NR4A1/DCN/PLXND1/MMRN1/ZEB2/SLIT2/SPARC/ANGPT2/FGFR1/TEK/MEOX2/RHOJ/THBS1/PTN/NR2F2/STC1/SMOC2/EPHA2/SRPX2/RGCC/ID1/AGT/PRKD1/PTGS2/ANGPT1/CYP1B1/ANXA1/SERPINF1/PROX1/CCN3/CCBE1/FGF2/S100A8/JCAD/CXCL13",47,"adjacent_vs_healthy_up","GO_BP"
"GO:0042330","taxis","70/936","434/16135",0.161290322580645,2.78036255858837,9.33020322785836,4.36332737810745e-15,1.48236775458904e-12,1.0692448564457e-12,"CCN1/CH25H/GREM1/SLIT3/MYCBP2/VEGFC/SEMA3G/DUSP1/ADGRA2/MMP2/ECSCR/S1PR1/L1CAM/ACKR3/SCG2/NR4A1/HBEGF/SERPINE1/LYST/S100A4/SLIT2/ENG/ANGPT2/FGFR1/PLEC/WNK1/THBS1/TUBB2B/PTN/JAM3/CCL21/SEMA3A/CXCR4/BMP4/EFNA5/SMOC2/EPHA2/CXCL12/F3/CTSG/FGF7/AGTR1/PRKD1/ANO6/RARRES2/ANGPT1/CMTM3/ANXA1/CXCL2/SEMA3E/CCN3/CCL2/IL1B/CXCL1/ENPP2/CCL20/SAA1/TNFAIP6/CXCL11/FGF2/THBS4/S100A8/CXCL3/ANOS1/GPR183/ITGA1/CXCL13/CCL19/CXCL10/CCL18",70,"adjacent_vs_healthy_up","GO_BP"
"GO:0010810","regulation of cell-substrate adhesion","46/936","213/16135",0.215962441314554,3.7228140925324,9.92682634990026,5.00375487154581e-15,1.59369592658734e-12,1.14954684285776e-12,"CCN1/GREM1/FBLN2/SFRP1/CCDC80/APOD/ABI3BP/FAM107A/FN1/COL16A1/FOXF1/FBLN1/SERPINE1/TLN1/THY1/ECM2/MAP4K4/EFEMP2/DLC1/ANGPT2/TEK/MYOC/JAG1/FLNA/THBS1/CCL21/SPOCK1/EFNA5/COL1A1/FERMT2/EMILIN1/GPM6B/CD36/MYADM/FZD7/LIMCH1/ITGA5/SEMA3E/NDNF/VCL/NID1/PHLDB2/BCL6/LIMS2/GBP1/POSTN",46,"adjacent_vs_healthy_up","GO_BP"
"GO:0007160","cell-matrix adhesion","47/936","225/16135",0.208888888888889,3.60087844254511,9.74939502442197,9.63471168743541e-15,2.88814651524534e-12,2.08324540015631e-12,"CCN2/GREM1/SFRP1/LYVE1/APOD/FAM107A/L1CAM/FN1/COL16A1/SERPINE1/TLN1/THY1/ECM2/FBLN5/MAP4K4/EFEMP2/DLC1/TEK/MYOC/JAG1/THBS1/JAM3/SIGLEC1/CCL21/ITGA7/PKD1/EFNA5/FERMT2/EMILIN1/GPM6B/CD36/ITGA8/STON1/COL3A1/ACTN1/LIMCH1/MUC4/ITGA5/SEMA3E/SGCE/SORBS1/VCL/NID1/PHLDB2/BCL6/POSTN/ITGA1",47,"adjacent_vs_healthy_up","GO_BP"
"GO:0141091","transforming growth factor beta receptor superfamily signaling pathway","59/936","335/16135",0.176119402985075,3.03598992218395,9.34481971567318,1.28648608651017e-14,3.6421850538088e-12,2.62714000824183e-12,"CCN1/EGR1/FOS/SFRP2/GREM1/TGFBR3/CILP/SFRP1/HTRA1/JUN/CDH5/TMEM100/GLG1/LRRC32/CLDN5/FSTL1/GREM2/LTBP1/FBN1/SULF1/CAV1/COL1A2/VASN/CDKN1C/ZEB2/DDX5/ENG/SKI/HTRA3/SPRY1/CAV2/SPRY2/LTBP2/THBS1/RBPMS2/ZEB1/LTBP4/LATS2/ASPN/BMP4/LTBP3/TGFBR2/INHBB/TGFB1I1/FERMT2/ID1/EMILIN1/ITGA8/PMEPA1/CHRDL1/CHST11/NFIA/COL3A1/SPART/GPR155/TWSG1/TNFAIP6/GDF15/HOXA13",59,"adjacent_vs_healthy_up","GO_BP"
"GO:0071559","response to transforming growth factor beta","51/936","263/16135",0.193916349809886,3.34277810275909,9.50593075001463,1.64161927191096e-14,4.24760757062456e-12,3.06383657701003e-12,"FOS/TGFBR3/CILP/SFRP1/HTRA1/JUN/CDH5/GLG1/LRRC32/CLDN5/MXRA5/LTBP1/FBN1/CAV1/COL1A2/VASN/CDKN1C/PDE2A/HYAL2/ZEB2/CTSK/DDR2/ENG/SKI/HTRA3/SPRY1/CAV2/SPRY2/LTBP2/THBS1/ZEB1/LTBP4/LATS2/ASPN/LTBP3/TGFBR2/COL1A1/TGFB1I1/FERMT2/ID1/EMILIN1/ITGA8/PMEPA1/CHST11/COL3A1/FYN/TWSG1/COL4A2/POSTN/PENK/GDF15",51,"adjacent_vs_healthy_up","GO_BP"
"GO:0040013","negative regulation of locomotion","57/936","318/16135",0.179245283018868,3.08987461699726,9.34056564627986,1.6670359382357e-14,4.24760757062456e-12,3.06383657701003e-12,"SFRP2/GREM1/TGFBR3/SFRP1/DUSP1/APOD/PTPRM/CLDN5/IGFBP5/DCN/SULF1/FBLN1/MMRN1/SERPINE1/THY1/IL33/HYAL2/ZEB2/SLIT2/ENG/TRIB1/DLC1/IGFBP3/ANGPT2/MEOX2/JAG1/THBS1/TMEFF2/CCL21/TIMP1/NR2F2/STC1/BMERB1/BMP4/DPYSL3/CXCL12/PODN/RGCC/EPHA4/MITF/EMILIN1/CYP1B1/SERPINF1/ADIPOQ/COL3A1/BST2/LIMCH1/CCN3/CCL2/CLIC4/VCL/TNFAIP6/PHLDB2/FGF2/IFITM1/CXCL13/GDF15",57,"adjacent_vs_healthy_up","GO_BP"
"GO:0071560","cellular response to transforming growth factor beta stimulus","50/936","256/16135",0.1953125,3.3668452857906,9.4728295242215,2.22241124531228e-14,5.39305128862447e-12,3.89005517224586e-12,"FOS/TGFBR3/CILP/SFRP1/HTRA1/JUN/CDH5/GLG1/LRRC32/CLDN5/LTBP1/FBN1/CAV1/COL1A2/VASN/CDKN1C/PDE2A/HYAL2/ZEB2/CTSK/DDR2/ENG/SKI/HTRA3/SPRY1/CAV2/SPRY2/LTBP2/THBS1/ZEB1/LTBP4/LATS2/ASPN/LTBP3/TGFBR2/COL1A1/TGFB1I1/FERMT2/ID1/EMILIN1/ITGA8/PMEPA1/CHST11/COL3A1/FYN/TWSG1/COL4A2/POSTN/PENK/GDF15",50,"adjacent_vs_healthy_up","GO_BP"
"GO:0007162","negative regulation of cell adhesion","52/936","285/16135",0.182456140350877,3.14522417153996,9.06738219119416,1.16861894540584e-13,2.7069464299037e-11,1.95254419012305e-11,"DUSP1/APOD/MMP2/LRRC32/FAM107A/FBLN1/PLXND1/HSPG2/SERPINE1/MAP4K4/DLC1/ANGPT2/MYOC/PTPN11/CEBPB/JAG1/WNK1/THBS1/SERPINE2/JAM3/CCL21/GLI3/SPOCK1/PODXL/BMP4/EFNA5/COL1A1/CXCL12/PRNP/CTSG/RGCC/SOCS1/EPHA4/MYADM/FZD7/ANGPT1/TMEM131L/CYP1B1/ANXA1/TNC/ADIPOQ/SEMA3E/HLX/LILRB2/TWSG1/PHLDB2/BCL6/MUC1/GBP1/POSTN/LGALS1/PLA2G2A",52,"adjacent_vs_healthy_up","GO_BP"
"GO:0016525","negative regulation of angiogenesis","30/936","106/16135",0.283018867924528,4.87874939525883,9.94243778899274,1.68222487021478e-13,3.72722519070196e-11,2.68848020448055e-11,"ADAMTS1/KLF2/THBS2/ECSCR/PTPRM/CLDN5/DCN/SULF1/HSPG2/SERPINE1/FOXC1/SPARC/ANGPT2/TEK/SPRY2/THBS1/QKI/EPHA2/RGCC/EMILIN1/CD36/SERPINF1/SEMA3E/FYN/HHEX/ADGRB3/THBS4/COL4A2/SPINK5/CXCL10",30,"adjacent_vs_healthy_up","GO_BP"
"GO:2000181","negative regulation of blood vessel morphogenesis","30/936","107/16135",0.280373831775701,4.83315360651809,9.87210778234127,2.21046250887137e-13,4.69354872717021e-11,3.38549784253457e-11,"ADAMTS1/KLF2/THBS2/ECSCR/PTPRM/CLDN5/DCN/SULF1/HSPG2/SERPINE1/FOXC1/SPARC/ANGPT2/TEK/SPRY2/THBS1/QKI/EPHA2/RGCC/EMILIN1/CD36/SERPINF1/SEMA3E/FYN/HHEX/ADGRB3/THBS4/COL4A2/SPINK5/CXCL10",30,"adjacent_vs_healthy_up","GO_BP"
"GO:1901343","negative regulation of vasculature development","30/936","108/16135",0.277777777777778,4.78840218423552,9.80264512903246,2.89413549155131e-13,5.89940578597819e-11,4.25529311010408e-11,"ADAMTS1/KLF2/THBS2/ECSCR/PTPRM/CLDN5/DCN/SULF1/HSPG2/SERPINE1/FOXC1/SPARC/ANGPT2/TEK/SPRY2/THBS1/QKI/EPHA2/RGCC/EMILIN1/CD36/SERPINF1/SEMA3E/FYN/HHEX/ADGRB3/THBS4/COL4A2/SPINK5/CXCL10",30,"adjacent_vs_healthy_up","GO_BP"
"GO:0045446","endothelial cell differentiation","30/936","112/16135",0.267857142857143,4.61738782051282,9.53308817912637,8.21664424264451e-13,1.61046227155832e-10,1.16164055446618e-10,"APOLD1/CDH5/ROBO4/PECAM1/HEG1/SOX18/TMEM100/S1PR1/HEY2/CLDN5/FSTL1/PDE2A/COL18A1/S1PR3/JAG1/NR2F2/CXCR4/STC1/ZEB1/BMP4/MSN/S1PR2/MYADM/GSTM3/PROX1/CLIC4/IL1B/VCL/ARHGEF26/HOXA13",30,"adjacent_vs_healthy_up","GO_BP"
"GO:0060537","muscle tissue development","64/936","420/16135",0.152380952380952,2.62678062678063,8.38296952740041,9.76772741323606e-13,1.84356810732781e-10,1.32978183731073e-10,"EGR1/FOS/GREM1/TGFBR3/SIK1/HEG1/LMNA/COL14A1/S1PR1/ZFPM2/HEY2/RGS2/CSRP2/NR4A1/IGFBP5/CAV1/PLN/DDX5/FOXC1/COL6A1/ENG/EFEMP2/MAFF/FGFR1/SKI/MEOX2/PLEC/CAV2/YBX3/MEIS1/NR2F2/ATF3/PRICKLE1/PI16/BMP4/SYNE1/CFL2/TWIST1/MYH11/AKAP13/FZD7/TBX2/HLF/PHOX2B/MYLK/ITGA8/COL3A1/DNER/PROX1/KCNJ8/HLX/SLC8A1/SGCD/FHOD3/SORBS2/FGF2/SVIL/GJC1/POPDC2/CSRP1/BTG2/ASB2/RBP4/HAND1",64,"adjacent_vs_healthy_up","GO_BP"
"GO:0090288","negative regulation of cellular response to growth factor stimulus","28/936","102/16135",0.274509803921569,4.73206804089157,9.38304254916671,2.47110008230355e-12,4.49740214979247e-10,3.24401559676842e-10,"SFRP2/GREM1/SFRP1/HTRA1/ADGRA2/GREM2/FBN1/DCN/SULF1/CAV1/MMRN1/SLIT2/SKI/HTRA3/SPRY1/SPRY2/THBS1/RBPMS2/AGT/EMILIN1/CHRDL1/SPART/GPR155/HHEX/TWSG1/TNFAIP6/FGF2/CXCL13",28,"adjacent_vs_healthy_up","GO_BP"
"GO:0061448","connective tissue development","49/936","282/16135",0.173758865248227,2.99529838758562,8.38838044440947,3.96032732959798e-12,6.95925105918321e-10,5.01976879671729e-10,"CCN1/EGR1/SFRP2/OGN/CCN2/GREM1/MGP/EFEMP1/PRRX1/GLG1/SULF1/ZBTB16/SH3PXD2B/HYAL2/CTSK/COL6A1/COL5A1/FGFR1/NCOA1/PTPN11/GLI3/TIMP1/HAND2/CSGALNACT1/STC1/ZEB1/RSPO2/PKD1/ARID5B/BMP4/LTBP3/TGFBR2/COL1A1/ERRFI1/NFIB/SELENOM/ID4/GHR/LPL/CHST11/NFIA/COL3A1/TRPS1/SPART/CCN3/TWSG1/FGF2/CHI3L1/HAND1",49,"adjacent_vs_healthy_up","GO_BP"
"GO:0003158","endothelium development","32/936","135/16135",0.237037037037037,4.08610319721431,8.93549838329792,5.28154328835601e-12,8.97158153248742e-10,6.47128040804884e-10,"APOLD1/CDH5/ROBO4/PECAM1/HEG1/SOX18/TMEM100/S1PR1/HEY2/CLDN5/FSTL1/PDE2A/COL18A1/GJA4/S1PR3/JAG1/NR2F2/CXCR4/STC1/ZEB1/BMP4/MSN/S1PR2/MYADM/GSTM3/PROX1/CLIC4/IL1B/VCL/ARHGEF26/HOXA13/CXCL10",32,"adjacent_vs_healthy_up","GO_BP"
"GO:0002009","morphogenesis of an epithelium","69/936","492/16135",0.140243902439024,2.41755915155305,7.92437760548761,6.66324185001079e-12,1.08382948206516e-09,7.81775706719725e-10,"CCN1/SFRP2/RSPO3/GREM1/SFRP1/VEGFC/SOX18/MMP2/RASIP1/IGFBP5/SULF1/FOXF1/PLXND1/HBEGF/SLIT2/ENG/COL5A1/AHI1/DLC1/COL4A1/FGFR1/SKI/SPRY1/SOCS3/SPRY2/JAG1/FLNA/TMEFF2/MED12/GLI3/HAND2/CXCR4/FRAS1/RSPO2/PODXL/PKD1/PRICKLE1/BMP4/TGFBR2/EPHA2/TGFB1I1/APLNR/TWIST1/FERMT2/FGF7/EPHA4/AGT/MSN/AREG/ID4/TBX2/TNC/MYC/PROX1/ITGA5/ADM/SEMA3E/FOXF2/CC2D2A/CLIC4/VCL/PHLDB2/FGF2/HOXB13/ASB2/HAND1/HOXA13/CXCL10/HOXD13",69,"adjacent_vs_healthy_up","GO_BP"
"GO:0051216","cartilage development","40/936","203/16135",0.197044334975369,3.39669908635426,8.52761968781998,6.81888225010019e-12,1.08382948206516e-09,7.81775706719725e-10,"CCN1/SFRP2/OGN/CCN2/GREM1/MGP/EFEMP1/PRRX1/GLG1/SULF1/ZBTB16/HYAL2/CTSK/COL6A1/FGFR1/PTPN11/GLI3/TIMP1/HAND2/CSGALNACT1/STC1/ZEB1/RSPO2/PKD1/BMP4/LTBP3/TGFBR2/COL1A1/ERRFI1/NFIB/GHR/CHST11/NFIA/COL3A1/TRPS1/CCN3/TWSG1/FGF2/CHI3L1/HAND1",40,"adjacent_vs_healthy_up","GO_BP"
"GO:0150115","cell-substrate junction organization","27/936","99/16135",0.272727272727273,4.70134032634033,9.16705919161177,7.20273982331445e-12,1.08382948206516e-09,7.81775706719725e-10,"GREM1/SFRP1/APOD/FAM107A/LAMC1/FN1/COL16A1/TLN1/THY1/MAP4K4/DLC1/TEK/PLEC/MYOC/THBS1/PRICKLE1/EFNA5/FERMT2/GPM6B/STON1/ACTN1/TNS1/LIMCH1/ITGA5/SORBS1/VCL/PHLDB2",27,"adjacent_vs_healthy_up","GO_BP"
"GO:0007044","cell-substrate junction assembly","26/936","92/16135",0.282608695652174,4.87167874396135,9.24170027057051,7.23120141095278e-12,1.08382948206516e-09,7.81775706719725e-10,"GREM1/SFRP1/APOD/FAM107A/LAMC1/FN1/COL16A1/TLN1/THY1/MAP4K4/DLC1/TEK/PLEC/MYOC/THBS1/EFNA5/FERMT2/GPM6B/STON1/ACTN1/TNS1/LIMCH1/ITGA5/SORBS1/VCL/PHLDB2",26,"adjacent_vs_healthy_up","GO_BP"
"GO:0085029","extracellular matrix assembly","18/936","45/16135",0.4,6.89529914529915,9.82732967386733,1.82294764889002e-11,2.65421177678387e-09,1.91450622253352e-09,"TGFBR3/FKBP10/PXDN/COL1A2/FBLN5/COL6A1/EFEMP2/MFAP4/RAMP2/LTBP4/PRICKLE1/MYH11/RGCC/AGT/EMILIN1/GPM6B/COL3A1/PHLDB2",18,"adjacent_vs_healthy_up","GO_BP"
"GO:0090092","regulation of transmembrane receptor protein serine/threonine kinase signaling pathway","46/936","265/16135",0.173584905660377,2.99229962909208,8.11503824379069,1.88723453238941e-11,2.67148532696012e-09,1.92696578570287e-09,"CCN1/SFRP2/GREM1/TGFBR3/CILP/SFRP1/HTRA1/CDH5/GLG1/LRRC32/FSTL1/GREM2/LTBP1/FBN1/SULF1/CAV1/VASN/CDKN1C/ZEB2/ENG/SKI/HTRA3/SPRY1/CAV2/SPRY2/THBS1/RBPMS2/ZEB1/LTBP4/LATS2/ASPN/BMP4/TGFBR2/TGFB1I1/EMILIN1/ITGA8/PMEPA1/CHRDL1/CHST11/SPART/CCN3/GPR155/TWSG1/TNFAIP6/GDF15/HOXA13",46,"adjacent_vs_healthy_up","GO_BP"
"GO:0060485","mesenchyme development","50/936","305/16135",0.163934426229508,2.82594227266358,7.9891016793177,2.18401804670777e-11,3.00804215297913e-09,2.1697271747094e-09,"SFRP2/GREM1/TGFBR3/SFRP1/SEMA3G/TMEM100/ZFPM2/HEY2/FN1/OLFM1/FOXF1/ADAMTS5/VASN/S100A4/DDX5/FOXC1/ENG/WWTR1/FGFR1/SPRY1/SPRY2/JAG1/FLNA/ACTG2/SEMA3A/HAND2/PRICKLE1/QKI/BMP4/TGFBR2/COL1A1/DACT3/TGFB1I1/APLNR/TWIST1/FERMT2/RGCC/EPHA4/AGT/TBX2/PHOX2B/MYC/SEMA3E/FOXF2/IL1B/CDH2/PHLDB2/BNC2/HTR2B/HAND1",50,"adjacent_vs_healthy_up","GO_BP"
"GO:0007179","transforming growth factor beta receptor signaling pathway","39/936","204/16135",0.191176470588235,3.29554738562091,8.188064784136,3.29132840151948e-11,4.41384461424823e-09,3.18374481387979e-09,"FOS/TGFBR3/CILP/HTRA1/JUN/CDH5/GLG1/LRRC32/CLDN5/LTBP1/FBN1/COL1A2/VASN/CDKN1C/ZEB2/ENG/SKI/HTRA3/SPRY1/CAV2/SPRY2/LTBP2/THBS1/ZEB1/LTBP4/LATS2/ASPN/LTBP3/TGFBR2/TGFB1I1/FERMT2/ID1/EMILIN1/ITGA8/PMEPA1/CHST11/COL3A1/TWSG1/GDF15",39,"adjacent_vs_healthy_up","GO_BP"
"GO:0060326","cell chemotaxis","48/936","293/16135",0.16382252559727,2.824013301829,7.81912669258073,5.66660593386975e-11,7.40436508692314e-09,5.34083344698331e-09,"CH25H/GREM1/VEGFC/DUSP1/MMP2/S1PR1/ACKR3/SCG2/NR4A1/HBEGF/SERPINE1/LYST/SLIT2/ENG/FGFR1/PLEC/WNK1/THBS1/PTN/JAM3/CCL21/CXCR4/SMOC2/EPHA2/CXCL12/CTSG/AGTR1/PRKD1/ANO6/RARRES2/ANXA1/CCN3/CCL2/IL1B/CCL20/SAA1/TNFAIP6/CXCL11/FGF2/THBS4/S100A8/CXCL3/GPR183/ITGA1/CXCL13/CCL19/CXCL10/CCL18",48,"adjacent_vs_healthy_up","GO_BP"
"GO:0007517","muscle organ development","54/936","354/16135",0.152542372881356,2.62956323337679,7.69320015549133,5.87543873821862e-11,7.48530895249052e-09,5.39921896680511e-09,"EGR1/FOS/TGFBR3/COL6A3/HEG1/LMNA/S1PR1/ZFPM2/HEY2/NR4A1/CAV1/HBEGF/CRYAB/DDX5/FOXC1/COL6A1/ENG/EFEMP2/MAFF/TAGLN/SKI/MEOX2/LAMA2/PLEC/CAV2/YBX3/NR2F2/ITGA7/ATF3/ARID5B/BMP4/CFL2/FHL1/TWIST1/HLF/PHOX2B/DES/MYLK/COL3A1/DNER/MKX/PROX1/COPRS/CACNA1H/SGCE/HLX/SGCD/SMTN/SVIL/POPDC2/BTG2/ASB2/HAND1/CXCL10",54,"adjacent_vs_healthy_up","GO_BP"
"GO:0050673","epithelial cell proliferation","61/936","430/16135",0.141860465116279,2.44542585967005,7.53897877952778,7.20822783672492e-11,8.83655602768526e-09,6.37388532774455e-09,"SFRP2/TGFBR3/SFRP1/ZFP36/VEGFC/PTPRM/LAMC1/SCG2/NR4A1/IGFBP5/SULF1/CAV1/HSPG2/CDKN1C/ZEB2/SPARC/ENG/NKX2-3/IGFBP3/FGFR1/TEK/EGFL7/CAV2/CEBPB/JAG1/THBS1/PTN/NR2F2/ZEB1/OR51E2/BMP4/EPHA2/CXCL12/F3/APLNR/TWIST1/ERRFI1/RGCC/NFIB/PRDM1/FGF7/AGTR1/AREG/PRKD1/IRS2/FZD7/TBX2/CCND1/PHOX2B/SERPINF1/MYC/PROX1/CCN3/CCL2/ST8SIA1/HLX/FGF2/THBS4/LIMS2/JCAD/HTR2B",61,"adjacent_vs_healthy_up","GO_BP"
"GO:0010594","regulation of endothelial cell migration","34/936","165/16135",0.206060606060606,3.5521238021238,8.17697547447308,7.28287584699335e-11,8.83655602768526e-09,6.37388532774455e-09,"TGFBR3/VEGFC/SASH1/ADGRA2/PTPRM/PLPP3/DCN/MMRN1/SLIT2/SPARC/ANGPT2/FGFR1/TEK/MEOX2/RHOJ/THBS1/PTN/NR2F2/STC1/SMOC2/EPHA2/SRPX2/RGCC/AGT/PRKD1/PTGS2/ANGPT1/ANXA1/SERPINF1/PROX1/CCBE1/FGF2/JCAD/CXCL13",34,"adjacent_vs_healthy_up","GO_BP"
"GO:0003012","muscle system process","60/936","424/16135",0.141509433962264,2.43937469762941,7.45343247401751,1.14758267294322e-10,1.36001890728341e-08,9.80993560322577e-09,"LMNA/COL14A1/HEY2/RGS2/SLMAP/SSPN/NR4A1/IGFBP5/SULF1/CAV1/PLN/CRYAB/CHRM3/COL6A1/MYOC/FLNA/GUCY1A1/GSN/MEIS1/FXYD1/HAND2/CXCR4/STC1/TPM2/PI16/MYL9/MYOF/MYH11/CALD1/AGT/PRKD1/ADRB2/TBX2/PTGS2/TMOD1/SYNM/ANXA6/DES/MYLK/IL6ST/CNN1/CASQ2/PDE9A/LMOD1/CACNA1H/KCNJ8/IL1B/SCN9A/SLC8A1/SGCD/SORBS2/SMTN/KCNH2/GJC1/RYR3/TACR2/ASB2/SMPX/HTR2B/SCNN1B",60,"adjacent_vs_healthy_up","GO_BP"
"GO:0042063","gliogenesis","51/936","332/16135",0.153614457831325,2.64804409947482,7.52955905121849,1.56656977754621e-10,1.81437263326716e-08,1.30872288593095e-08,"GAP43/VEGFC/CLU/APCDD1/PLPP3/VCAN/IL33/ZEB2/LAMB2/LDLR/COL6A1/TUBA1A/SKI/LAMA2/PLEC/MYOC/VIM/PTPN11/CERS5/PTN/SERPINE2/MED12/GLI3/CXCR4/WASF3/ROR1/BMERB1/QKI/NDN/NFIB/EPHA4/AREG/ID4/GPM6B/PHOX2B/IL6ST/NFIA/PLP1/COL3A1/DNER/MAL/PHGDH/CCL2/IL1B/TSPAN2/CDH2/FGF2/ROR2/S100A8/PENK/GPR183",51,"adjacent_vs_healthy_up","GO_BP"
"GO:0002040","sprouting angiogenesis","29/936","129/16135",0.224806201550388,3.87526502352084,8.13640903511255,2.05663838235965e-10,2.32902871033439e-08,1.67994882601167e-08,"KLF2/RSPO3/GREM1/TGFBR3/VEGFC/ADGRA2/CLEC14A/NR4A1/MMRN1/SLIT2/TEK/MEOX2/RHOJ/RNF213/THBS1/RAMP2/BMP4/EPHA2/SRPX2/APLNR/AGTR1/PTGS2/ANGPT1/ANXA1/ITGA5/SEMA3E/CCBE1/FGF2/JCAD",29,"adjacent_vs_healthy_up","GO_BP"
"GO:0090101","negative regulation of transmembrane receptor protein serine/threonine kinase signaling pathway","31/936","146/16135",0.212328767123288,3.66017591616907,8.0126759092269,2.27484206094348e-10,2.52012937881913e-08,1.81779141345873e-08,"SFRP2/GREM1/TGFBR3/CILP/SFRP1/HTRA1/GLG1/LRRC32/GREM2/LTBP1/FBN1/CAV1/VASN/ENG/SKI/HTRA3/SPRY1/CAV2/SPRY2/RBPMS2/ASPN/EMILIN1/PMEPA1/CHRDL1/CHST11/SPART/CCN3/GPR155/TWSG1/TNFAIP6/GDF15",31,"adjacent_vs_healthy_up","GO_BP"
"GO:0014706","striated muscle tissue development","57/936","399/16135",0.142857142857143,2.46260683760684,7.34122131599937,2.34401766117038e-10,2.54151361730303e-08,1.83321605214042e-08,"EGR1/FOS/GREM1/TGFBR3/SIK1/HEG1/LMNA/COL14A1/S1PR1/ZFPM2/HEY2/RGS2/NR4A1/CAV1/PLN/DDX5/FOXC1/COL6A1/ENG/MAFF/FGFR1/SKI/MEOX2/PLEC/CAV2/YBX3/MEIS1/NR2F2/ATF3/PRICKLE1/PI16/BMP4/SYNE1/CFL2/TWIST1/MYH11/AKAP13/FZD7/TBX2/HLF/PHOX2B/DNER/PROX1/KCNJ8/HLX/SLC8A1/SGCD/FHOD3/SORBS2/FGF2/SVIL/GJC1/POPDC2/BTG2/ASB2/RBP4/HAND1",57,"adjacent_vs_healthy_up","GO_BP"
"GO:0001649","osteoblast differentiation","40/936","228/16135",0.175438596491228,3.02425401109612,7.63905671949581,2.83337807142157e-10,3.00810305249256e-08,2.1697711020623e-08,"CCN1/SFRP2/GREM1/SFRP1/VEGFC/CEBPD/JUNB/IGFBP5/TWIST2/VCAN/DDX5/DDR2/COL6A1/FAM20C/WWTR1/IGFBP3/SKI/MYOC/CEBPB/JAG1/GLI3/HAND2/RSPO2/BMP4/COL1A1/EPHA2/TWIST1/FERMT2/AREG/PRKD1/ID4/SPP1/TNC/IL6ST/TENT5A/TWSG1/TNFAIP6/FGF2/IFITM1/PENK",40,"adjacent_vs_healthy_up","GO_BP"
"GO:0051146","striated muscle cell differentiation","46/936","287/16135",0.160278745644599,2.76292474463206,7.47805980223718,3.02344958282029e-10,3.1443875661331e-08,2.26807431647872e-08,"GREM1/SIK1/LMNA/COL14A1/HEY2/RGS2/CSRP2/IGFBP5/ADAMTS5/COL6A1/SKI/PLEC/CAV2/MEIS1/PRICKLE1/PI16/BMP4/MYL9/SYNE1/CFL2/MYH11/AKAP13/PRKD1/FZD7/TMOD1/FLNC/CD81/DNER/PROX1/PLEKHO1/BHLHE41/LMOD1/CCN3/CACNA1H/KCNJ8/SLC8A1/CDH2/SGCD/FHOD3/SORBS2/ADGRB3/POPDC2/CSRP1/ASB2/GDF15/CXCL10",46,"adjacent_vs_healthy_up","GO_BP"
"GO:0001763","morphogenesis of a branching structure","37/936","201/16135",0.18407960199005,3.17320980567249,7.6937615350337,3.25587226414335e-10,3.3183850116149e-08,2.3935801992397e-08,"SFRP2/RSPO3/GREM1/SFRP1/RASIP1/SULF1/FOXF1/PLXND1/SLIT2/ENG/COL4A1/FGFR1/SPRY1/SOCS3/SPRY2/GLI3/RSPO2/PKD1/BMP4/TGFBR2/EPHA2/LRRK2/PRDM1/FGF7/AGT/AREG/TBX2/TNC/MYC/PROX1/ADM/SEMA3E/CLIC4/FGF2/HOXB13/HOXA13/HOXD13",37,"adjacent_vs_healthy_up","GO_BP"
"GO:1904018","positive regulation of vasculature development","33/936","166/16135",0.198795180722892,3.42688059932036,7.7994690070743,3.73453163803672e-10,3.73160259361474e-08,2.6916376635757e-08,"SFRP2/GREM1/C3/PTGIS/CDH5/VEGFC/SASH1/SERPINE1/ENG/ANGPT2/TEK/WNK1/THBS1/RAMP2/CXCR4/TGFBR2/SMOC2/CXCL12/F3/APLNR/TWIST1/EMILIN1/PRKD1/CYP1B1/CMA1/ITGA5/ADM/IL1B/CCBE1/FGF2/HSPB6/JCAD/CHI3L1",33,"adjacent_vs_healthy_up","GO_BP"
"GO:0072001","renal system development","50/936","330/16135",0.151515151515152,2.61185573685574,7.34154275472685,3.89059466775266e-10,3.81278277439761e-08,2.75019363963407e-08,"EGR1/ADAMTS1/GREM1/SFRP1/PCSK5/PECAM1/TNS2/FBN1/SULF1/FOXF1/PLXND1/ZBTB16/CDKN1C/HYAL2/LAMB2/SLIT2/FOXC1/AHI1/WWTR1/COL4A1/ANGPT2/FGFR1/TEK/SPRY1/JAG1/GLI3/FRAS1/PODXL/PKD1/PRICKLE1/ARID5B/BMP4/LRRK2/PRDM1/EPHA4/AGTR1/AGT/ANGPT1/ITGA8/SERPINF1/ADIPOQ/NFIA/MYC/PROX1/CC2D2A/KCNJ8/NID1/KANK2/FGF2/RBP4",50,"adjacent_vs_healthy_up","GO_BP"
"GO:0071711","basement membrane organization","15/936","36/16135",0.416666666666667,7.18260327635328,9.21562136789097,4.47677927193347e-10,4.28082612195292e-08,3.087797409291e-08,"LAMC1/PXDN/CAV1/LAMB2/COL6A1/COL4A1/LAMA2/CAV2/RAMP2/PRICKLE1/HMCN1/COL3A1/CMA1/NID1/PHLDB2",15,"adjacent_vs_healthy_up","GO_BP"
"GO:0061138","morphogenesis of a branching epithelium","35/936","185/16135",0.189189189189189,3.26129013629014,7.67649996068002,4.53619722498936e-10,4.28082612195292e-08,3.087797409291e-08,"SFRP2/RSPO3/GREM1/SFRP1/RASIP1/SULF1/FOXF1/PLXND1/SLIT2/ENG/COL4A1/FGFR1/SPRY1/SOCS3/SPRY2/GLI3/RSPO2/PKD1/BMP4/TGFBR2/EPHA2/FGF7/AGT/AREG/TBX2/TNC/MYC/PROX1/ADM/SEMA3E/CLIC4/FGF2/HOXB13/HOXA13/HOXD13",35,"adjacent_vs_healthy_up","GO_BP"
"GO:0050900","leukocyte migration","54/936","375/16135",0.144,2.48230769230769,7.20737854818038,5.24144631280713e-10,4.85643825637548e-08,3.50299148790861e-08,"CH25H/GREM1/PECAM1/LYVE1/VEGFC/DUSP1/APOD/MMP2/S1PR1/SCG2/SERPINE1/THY1/LYST/IL33/SLIT2/NKX2-3/JAM2/PLEC/SELP/WNK1/THBS1/PTN/JAM3/CCL21/ITGA7/CXCR4/CXCL12/CTSG/MSN/EMILIN1/ANO6/RARRES2/ANXA1/CD81/CCN3/CCL2/FYN/IL1B/CCL20/SAA1/TNFAIP6/CXCL11/THBS4/ST3GAL4/ROR2/S100A8/CXCL3/ASB2/GPR183/ITGA1/CXCL13/GDF15/CCL19/CXCL10",54,"adjacent_vs_healthy_up","GO_BP"
"GO:0042060","wound healing","59/936","430/16135",0.137209302325581,2.36524796263168,7.12079097673217,5.6228799007497e-10,5.07924085619593e-08,3.66370095634062e-08,"CCN1/THBD/FKBP10/SERPING1/FN1/PLPP3/ANGPTL2/TFPI/FBLN1/CAV1/MMRN1/HBEGF/SERPINE1/TLN1/ELK3/DDR2/ENG/COL5A1/PLAT/ANGPT2/PLEC/F10/SELP/FLNA/THBS1/TMEFF2/SERPINE2/TIMP1/CXCR4/ANGPTL1/MYL9/SMOC2/MYOF/F3/HBB/CTSG/FERMT2/EMILIN1/CD36/ANO6/FZD7/ANGPT1/MYLK/ANXA1/DCBLD2/WFDC1/IL6ST/COL3A1/PROS1/ITGA5/AXL/NDNF/VCL/SAA1/PHLDB2/FGF2/ST3GAL4/CSRP1/DUOX2",59,"adjacent_vs_healthy_up","GO_BP"
"GO:0010812","negative regulation of cell-substrate adhesion","19/936","60/16135",0.316666666666667,5.45877849002849,8.5865257154514,5.68125448985809e-10,5.07924085619593e-08,3.66370095634062e-08,"APOD/FAM107A/FBLN1/SERPINE1/MAP4K4/DLC1/ANGPT2/MYOC/JAG1/THBS1/SPOCK1/EFNA5/COL1A1/FZD7/SEMA3E/PHLDB2/BCL6/GBP1/POSTN",19,"adjacent_vs_healthy_up","GO_BP"
"GO:0030199","collagen fibril organization","20/936","67/16135",0.298507462686567,5.14574563082026,8.43840926018645,6.5433674712133e-10,5.74913804022465e-08,4.14690366778164e-08,"SFRP2/AEBP1/GREM1/COL14A1/FKBP10/DPT/PXDN/COL1A2/FOXC1/DDR2/COL6A1/EFEMP2/COL5A1/COL1A1/LOXL1/EMILIN1/CYP1B1/CRTAP/COL3A1/LUM",20,"adjacent_vs_healthy_up","GO_BP"
"GO:0045667","regulation of osteoblast differentiation","28/936","128/16135",0.21875,3.77086672008547,7.81028878258273,8.22150009037744e-10,7.09831591639899e-08,5.1200774973282e-08,"CCN1/SFRP2/GREM1/SFRP1/VEGFC/CEBPD/IGFBP5/TWIST2/DDX5/DDR2/FAM20C/WWTR1/SKI/CEBPB/JAG1/GLI3/HAND2/BMP4/TWIST1/FERMT2/AREG/PRKD1/IL6ST/TENT5A/TWSG1/TNFAIP6/FGF2/IFITM1",28,"adjacent_vs_healthy_up","GO_BP"
"GO:0002064","epithelial cell development","38/936","217/16135",0.175115207373272,3.01867934932451,7.42941126926746,8.35751481522644e-10,7.09831591639899e-08,5.1200774973282e-08,"CDH5/ROBO4/PECAM1/HEG1/SOX18/CLDN5/PDE2A/FRMD6/LAMB2/COL18A1/PLEC/VIM/S1PR3/JAG1/FLNA/CXCR4/STC1/PODXL/BMP4/PALLD/EPHA2/PRDM1/MSN/ATRX/S1PR2/MYADM/TMOD1/IL6ST/ADIPOQ/GSTM3/PROX1/CLIC4/IL1B/CDH2/VCL/HOXB13/ARHGEF26/HOXA13",38,"adjacent_vs_healthy_up","GO_BP"
"GO:0045766","positive regulation of angiogenesis","32/936","163/16135",0.196319018404908,3.38419589953332,7.59202328351064,9.6049758442213e-10,7.89526672393724e-08,5.69492510121227e-08,"SFRP2/GREM1/C3/PTGIS/CDH5/VEGFC/SASH1/SERPINE1/ENG/ANGPT2/TEK/WNK1/THBS1/RAMP2/CXCR4/TGFBR2/SMOC2/F3/APLNR/TWIST1/EMILIN1/PRKD1/CYP1B1/CMA1/ITGA5/ADM/IL1B/CCBE1/FGF2/HSPB6/JCAD/CHI3L1",32,"adjacent_vs_healthy_up","GO_BP"
"GO:0055001","muscle cell development","35/936","190/16135",0.184210526315789,3.17546671165092,7.48545879565813,9.60570127323605e-10,7.89526672393724e-08,5.69492510121227e-08,"LMNA/COL14A1/UCHL1/HEY2/RGS2/CSRP2/COL6A1/ENG/EFEMP2/SKI/PLEC/CAV2/MEIS1/RAMP2/PRICKLE1/PI16/BMP4/MYL9/CFL2/MYH11/AKAP13/PRKD1/TMOD1/FLNC/DNER/ACTN1/PROX1/ADM/LMOD1/SLC8A1/SGCD/FHOD3/SORBS2/CSRP1/ASB2",35,"adjacent_vs_healthy_up","GO_BP"
"GO:0001936","regulation of endothelial cell proliferation","28/936","130/16135",0.215384615384615,3.71285338593031,7.7067558964101,1.19694247372294e-09,9.68193467633666e-08,6.98366435796241e-08,"PTPRM/SCG2/NR4A1/SULF1/CAV1/HSPG2/SPARC/ENG/FGFR1/TEK/EGFL7/CAV2/THBS1/NR2F2/BMP4/CXCL12/F3/APLNR/RGCC/FGF7/AGTR1/PRKD1/PROX1/CCL2/FGF2/THBS4/JCAD/HTR2B",28,"adjacent_vs_healthy_up","GO_BP"
"GO:0050678","regulation of epithelial cell proliferation","51/936","352/16135",0.144886363636364,2.4975870483683,7.04969084742827,1.28719905958139e-09,1.02493225119168e-07,7.39292617772734e-08,"SFRP2/TGFBR3/SFRP1/ZFP36/VEGFC/PTPRM/LAMC1/SCG2/NR4A1/SULF1/CAV1/HSPG2/CDKN1C/SPARC/ENG/NKX2-3/FGFR1/TEK/EGFL7/CAV2/JAG1/THBS1/PTN/NR2F2/ZEB1/BMP4/CXCL12/F3/APLNR/TWIST1/RGCC/NFIB/FGF7/AGTR1/AREG/PRKD1/IRS2/FZD7/CCND1/PHOX2B/SERPINF1/MYC/PROX1/CCL2/ST8SIA1/HLX/FGF2/THBS4/LIMS2/JCAD/HTR2B",51,"adjacent_vs_healthy_up","GO_BP"
"GO:0010001","glial cell differentiation","41/936","250/16135",0.164,2.82707264957265,7.22493017781247,1.39720176275121e-09,1.08335702208216e-07,7.81434917192207e-08,"GAP43/CLU/PLPP3/IL33/ZEB2/LAMB2/LDLR/COL6A1/TUBA1A/SKI/LAMA2/PLEC/MYOC/VIM/PTPN11/CERS5/PTN/SERPINE2/MED12/GLI3/CXCR4/WASF3/ROR1/QKI/NFIB/EPHA4/ID4/GPM6B/PHOX2B/IL6ST/NFIA/PLP1/DNER/MAL/PHGDH/IL1B/TSPAN2/CDH2/FGF2/ROR2/S100A8",41,"adjacent_vs_healthy_up","GO_BP"
"GO:0048880","sensory system development","57/936","418/16135",0.136363636363636,2.35067016317016,6.94311028544087,1.40309190458051e-09,1.08335702208216e-07,7.81434917192207e-08,"FOS/C3/MFAP5/EFEMP1/PTPRM/PXDN/FBN1/SAMD11/NES/THY1/LPCAT1/CRYAB/SH3PXD2B/CDKN1C/LAMB2/FOXC1/COL5A1/AHI1/COL4A1/SKI/VIM/SPRY1/SPRY2/RHOJ/JAG1/GLI3/MEIS1/SEMA3A/CRYBG3/ZEB1/ZHX2/PRICKLE1/BMP4/TGFBR2/EPHA2/TWIST1/NFIB/PRDM1/MITF/TBX2/TMOD1/CYP1B1/PBX3/PHOX2B/SERPINF1/CHRDL1/NFIA/PROX1/FOXF2/CC2D2A/CLIC4/MFSD2A/GPM6A/TWSG1/FGF2/MAB21L2/RBP4",57,"adjacent_vs_healthy_up","GO_BP"
"GO:0060840","artery development","25/936","107/16135",0.233644859813084,4.02762800543174,7.79751428266067,1.5428976696703e-09,1.17352336188654e-07,8.46472688529249e-08,"FKBP10/PRRX1/HEY2/FOXF1/PLXND1/ADGRF5/PDE2A/LDLR/FOXC1/ENG/EFEMP2/JAG1/GLI3/HAND2/PRICKLE1/BMP4/TGFBR2/APLNR/LOXL1/PRDM1/TBX2/MYLK/COL3A1/PROX1/HOXA13",25,"adjacent_vs_healthy_up","GO_BP"
"GO:0001837","epithelial to mesenchymal transition","32/936","167/16135",0.191616766467066,3.30313731511336,7.42427839297846,1.81404238752741e-09,1.35946470688819e-07,9.80593810719152e-08,"SFRP2/GREM1/TGFBR3/SFRP1/TMEM100/HEY2/OLFM1/VASN/S100A4/DDX5/FOXC1/ENG/WWTR1/FGFR1/SPRY1/SPRY2/JAG1/FLNA/QKI/BMP4/TGFBR2/COL1A1/DACT3/TGFB1I1/TWIST1/FERMT2/RGCC/EPHA4/AGT/FOXF2/IL1B/PHLDB2",32,"adjacent_vs_healthy_up","GO_BP"
"GO:0022612","gland morphogenesis","27/936","125/16135",0.216,3.72346153846154,7.58546187902131,2.21125149549378e-09,1.63312139435308e-07,1.17798477837746e-07,"SFRP1/MMP2/IGFBP5/SULF1/PLXND1/CAV1/NKX2-3/FGFR1/CEBPB/PTN/GLI3/BMP4/TGFBR2/EPHA2/NFIB/FGF7/MSN/AREG/ID4/TBX2/TNC/PROX1/TWSG1/LIMS2/HOXB13/HOXA13/HOXD13",27,"adjacent_vs_healthy_up","GO_BP"
"GO:0001952","regulation of cell-matrix adhesion","26/936","118/16135",0.220338983050847,3.79825800376648,7.57076234985362,2.79493491575803e-09,2.03471261867185e-07,1.46765604899655e-07,"GREM1/SFRP1/APOD/FAM107A/COL16A1/SERPINE1/TLN1/THY1/MAP4K4/EFEMP2/DLC1/TEK/MYOC/JAG1/THBS1/CCL21/EFNA5/FERMT2/GPM6B/CD36/LIMCH1/SEMA3E/VCL/PHLDB2/BCL6/POSTN",26,"adjacent_vs_healthy_up","GO_BP"
"GO:0001935","endothelial cell proliferation","30/936","153/16135",0.196078431372549,3.38004860063684,7.3403610297304,3.30252036565629e-09,2.37037236385697e-07,1.7097703657334e-07,"PTPRM/SCG2/NR4A1/SULF1/CAV1/HSPG2/ZEB2/SPARC/ENG/FGFR1/TEK/EGFL7/CAV2/THBS1/NR2F2/BMP4/EPHA2/CXCL12/F3/APLNR/RGCC/FGF7/AGTR1/PRKD1/PROX1/CCL2/FGF2/THBS4/JCAD/HTR2B",30,"adjacent_vs_healthy_up","GO_BP"
"GO:0071774","response to fibroblast growth factor","31/936","162/16135",0.191358024691358,3.29867706025113,7.29698857714493,3.36084446518745e-09,2.37873102702712e-07,1.71579954275359e-07,"CCN2/SFRP1/ZFP36/NR4A1/SULF1/IER2/HYAL2/DDR2/FAM20C/FGFR1/TEK/SPRY1/SPRY2/PTPN11/THBS1/COL1A1/SMOC2/EPHA2/FGF7/EPHA4/TBX2/TNC/NRXN1/CCL2/AXL/NDNF/FGF2/ROR2/FLRT1/POSTN/CXCL13",31,"adjacent_vs_healthy_up","GO_BP"
"GO:0001885","endothelial cell development","19/936","66/16135",0.287878787878788,4.9625259000259,8.00481131555913,3.44952824497831e-09,2.40805423786431e-07,1.73695063179009e-07,"CDH5/ROBO4/PECAM1/HEG1/SOX18/CLDN5/PDE2A/COL18A1/S1PR3/STC1/MSN/S1PR2/MYADM/GSTM3/CLIC4/IL1B/VCL/ARHGEF26/HOXA13",19,"adjacent_vs_healthy_up","GO_BP"
"GO:0048762","mesenchymal cell differentiation","40/936","248/16135",0.161290322580645,2.78036255858837,7.01156215434998,3.64411427168451e-09,2.50951436871679e-07,1.81013471361626e-07,"SFRP2/GREM1/TGFBR3/SFRP1/SEMA3G/TMEM100/HEY2/FN1/OLFM1/VASN/S100A4/DDX5/FOXC1/ENG/WWTR1/FGFR1/SPRY1/SPRY2/JAG1/FLNA/SEMA3A/HAND2/QKI/BMP4/TGFBR2/COL1A1/DACT3/TGFB1I1/TWIST1/FERMT2/RGCC/EPHA4/AGT/PHOX2B/SEMA3E/FOXF2/IL1B/CDH2/PHLDB2/HTR2B",40,"adjacent_vs_healthy_up","GO_BP"
"GO:0009612","response to mechanical stimulus","37/936","219/16135",0.168949771689498,2.9123980408227,7.07106493478349,3.86650530817275e-09,2.62716147339311e-07,1.8949946015634e-07,"FOS/GAP43/MMP2/MAP1B/SHANK3/IL33/PDE2A/NFKBIA/DDR2/COL6A1/ENG/TUBA1A/ANGPT2/PLEC/THBS1/BAG3/PTN/SERPINE2/FOSB/GSN/CXCR4/PKD1/COL1A1/CXCL12/PTGS2/TNC/NRXN1/FYN/IL1B/SCN9A/SLC8A1/CDH2/FGF2/POSTN/BTG2/CHI3L1/CXCL10",37,"adjacent_vs_healthy_up","GO_BP"
"GO:0048041","focal adhesion assembly","21/936","81/16135",0.259259259259259,4.46917537195315,7.76745199576231,4.23543922236026e-09,2.82316339230472e-07,2.03637250390979e-07,"GREM1/SFRP1/APOD/FAM107A/COL16A1/TLN1/THY1/MAP4K4/DLC1/TEK/MYOC/THBS1/EFNA5/FERMT2/GPM6B/STON1/ACTN1/LIMCH1/SORBS1/VCL/PHLDB2",21,"adjacent_vs_healthy_up","GO_BP"
"GO:0010717","regulation of epithelial to mesenchymal transition","24/936","104/16135",0.230769230769231,3.97805719921105,7.56085380473766,4.26576886199889e-09,2.82316339230472e-07,2.03637250390979e-07,"SFRP2/GREM1/SFRP1/OLFM1/VASN/FOXC1/ENG/WWTR1/SPRY1/SPRY2/JAG1/QKI/BMP4/TGFBR2/COL1A1/DACT3/TGFB1I1/TWIST1/FERMT2/RGCC/EPHA4/AGT/IL1B/PHLDB2",24,"adjacent_vs_healthy_up","GO_BP"
"GO:0016049","cell growth","60/936","466/16135",0.128755364806867,2.21951689226367,6.62920702035983,4.7943640422238e-09,3.13231784091955e-07,2.25936831787389e-07,"SFRP2/GREM1/SFRP1/SLIT3/SEMA3G/COL14A1/MAP1B/FAM107A/L1CAM/RGS2/FN1/OLFM1/IGFBP5/HBEGF/CRYAB/HYAL2/RUFY3/LAMB2/SLIT2/LGI1/NRN1/IGFBP3/SERPINE2/MEIS1/SGK1/SPOCK1/SYT1/SEMA3A/CXCR4/RERG/LTBP4/PRICKLE1/PI16/NDN/TGFBR2/EFNA5/CXCL12/DACT3/KIF26A/FHL1/AGTR1/AGT/SPP1/DCBLD2/TNC/WFDC1/WASF1/BST2/SPART/CCN3/MAP2/S100B/MFSD2A/MUC12/VCL/SORBS2/BCL6/S100A8/FLRT1/POSTN",60,"adjacent_vs_healthy_up","GO_BP"
"GO:0035051","cardiocyte differentiation","29/936","147/16135",0.197278911564626,3.40074277574278,7.25619042471471,5.20583015750691e-09,3.35808993451332e-07,2.42221970819642e-07,"GREM1/TGFBR3/SIK1/LMNA/COL14A1/SOX18/HEY2/RGS2/PLEC/SPRY1/JAG1/MEIS1/HAND2/PRICKLE1/PI16/BMP4/SYNE1/TWIST1/MYH11/AKAP13/FZD7/TBX2/PROX1/KCNJ8/SLC8A1/SGCD/FHOD3/SORBS2/ASB2",29,"adjacent_vs_healthy_up","GO_BP"
"GO:0001570","vasculogenesis","21/936","82/16135",0.25609756097561,4.41467323327079,7.69271099311674,5.38639792253464e-09,3.41423365329513e-07,2.46271666473325e-07,"TGFBR3/HEG1/SOX18/TMEM100/ZFPM2/HEY2/ACKR3/JUNB/RASIP1/FOXF1/CAV1/ENG/EGFL7/RAMP2/QKI/TGFBR2/EPHA2/APLNR/ADM/GJC1/HOXA13",21,"adjacent_vs_healthy_up","GO_BP"
"GO:0150063","visual system development","55/936","411/16135",0.1338199513382,2.30682149021565,6.65973739031593,5.42686275347146e-09,3.41423365329513e-07,2.46271666473325e-07,"FOS/C3/MFAP5/EFEMP1/PTPRM/PXDN/FBN1/SAMD11/NES/THY1/LPCAT1/CRYAB/SH3PXD2B/CDKN1C/LAMB2/FOXC1/COL5A1/AHI1/COL4A1/SKI/VIM/SPRY1/SPRY2/RHOJ/JAG1/GLI3/MEIS1/CRYBG3/ZEB1/ZHX2/PRICKLE1/BMP4/TGFBR2/EPHA2/TWIST1/NFIB/PRDM1/MITF/TBX2/TMOD1/CYP1B1/PBX3/SERPINF1/CHRDL1/NFIA/PROX1/FOXF2/CC2D2A/CLIC4/MFSD2A/GPM6A/TWSG1/FGF2/MAB21L2/RBP4",55,"adjacent_vs_healthy_up","GO_BP"
"GO:1902903","regulation of supramolecular fiber organization","51/936","367/16135",0.138964577656676,2.39550583385733,6.71085454929255,5.49815523011312e-09,3.41690232349469e-07,2.46464159994288e-07,"AEBP1/CCN2/SPTBN1/SFRP1/CDH5/CLU/MAP1B/S1PR1/HSPG2/SPTAN1/SHANK3/CRYAB/SLIT2/LDLR/COL6A1/EFEMP2/DLC1/MYOC/FLNA/TMEFF2/GSN/CCL21/WASF3/BMERB1/CDK5RAP2/CXCL12/CLIP3/CFL2/AKAP13/FERMT2/RGCC/EMILIN1/PRKD1/MYADM/TMOD1/MAP1A/ATXN7/WASF1/CLIP1/LIMCH1/PROX1/SYNPO2/LMOD1/MAP2/CCDC88A/KANK2/PHLDB2/SVIL/HDGFL3/STMN2/ASB2",51,"adjacent_vs_healthy_up","GO_BP"
"GO:0045071","negative regulation of viral genome replication","16/936","48/16135",0.333333333333333,5.74608262108262,8.17183944324075,5.63602499719007e-09,3.45335141360347e-07,2.49093264816643e-07,"ZNFX1/EIF2AK2/MX1/IFIT1/IFI16/IFITM2/ISG15/OAS3/BST2/PROX1/OAS2/IFITM3/APOBEC3C/IFITM1/RSAD2/SLPI",16,"adjacent_vs_healthy_up","GO_BP"
"GO:0051893","regulation of focal adhesion assembly","18/936","61/16135",0.295081967213115,5.08669609079445,7.93554431171112,5.7601034175097e-09,3.45335141360347e-07,2.49093264816643e-07,"GREM1/SFRP1/APOD/FAM107A/COL16A1/TLN1/THY1/MAP4K4/DLC1/TEK/MYOC/THBS1/EFNA5/FERMT2/GPM6B/LIMCH1/VCL/PHLDB2",18,"adjacent_vs_healthy_up","GO_BP"
"GO:0090109","regulation of cell-substrate junction assembly","18/936","61/16135",0.295081967213115,5.08669609079445,7.93554431171112,5.7601034175097e-09,3.45335141360347e-07,2.49093264816643e-07,"GREM1/SFRP1/APOD/FAM107A/COL16A1/TLN1/THY1/MAP4K4/DLC1/TEK/MYOC/THBS1/EFNA5/FERMT2/GPM6B/LIMCH1/VCL/PHLDB2",18,"adjacent_vs_healthy_up","GO_BP"
"GO:0017015","regulation of transforming growth factor beta receptor signaling pathway","28/936","139/16135",0.201438848920863,3.47245280698518,7.26492535335558,5.87354841143149e-09,3.48041891914591e-07,2.51045667719936e-07,"TGFBR3/CILP/HTRA1/GLG1/LRRC32/LTBP1/FBN1/VASN/CDKN1C/ZEB2/ENG/SKI/HTRA3/SPRY1/CAV2/SPRY2/THBS1/ZEB1/LTBP4/LATS2/ASPN/TGFB1I1/EMILIN1/ITGA8/PMEPA1/CHST11/TWSG1/GDF15",28,"adjacent_vs_healthy_up","GO_BP"
"GO:1903034","regulation of response to wounding","31/936","167/16135",0.18562874251497,3.19991427401607,7.09153375432958,7.19514237618128e-09,4.2145339711517e-07,3.03998029977314e-07,"THBD/SERPING1/TFPI/CAV1/MMRN1/HBEGF/SERPINE1/IL33/DDR2/PLAT/FLNA/THBS1/PTN/SERPINE2/CXCR4/SMOC2/F3/FERMT2/EPHA4/EMILIN1/CD36/ANO6/MYLK/SPP1/ANXA1/WFDC1/PROS1/PHLDB2/FGF2/ST3GAL4/DUOX2",31,"adjacent_vs_healthy_up","GO_BP"
"GO:0007229","integrin-mediated signaling pathway","24/936","107/16135",0.224299065420561,3.86652288521447,7.38259558272455,7.79852054324323e-09,4.51605235095085e-07,3.25746815035949e-07,"ADAMTS1/CCN2/LAMC1/FN1/PLPP3/COL16A1/TLN1/THY1/LAMB2/LAMA2/PTPN11/FLNA/PTN/TIMP1/ITGA7/FERMT2/ISG15/PRKD1/ITGA8/COL3A1/ITGA5/NID1/LIMS2/ITGA1",24,"adjacent_vs_healthy_up","GO_BP"
"GO:1903844","regulation of cellular response to transforming growth factor beta stimulus","28/936","142/16135",0.197183098591549,3.39909112796437,7.12569765885126,9.65251835235021e-09,5.52688017118839e-07,3.98658711843961e-07,"TGFBR3/CILP/HTRA1/GLG1/LRRC32/LTBP1/FBN1/VASN/CDKN1C/ZEB2/ENG/SKI/HTRA3/SPRY1/CAV2/SPRY2/THBS1/ZEB1/LTBP4/LATS2/ASPN/TGFB1I1/EMILIN1/ITGA8/PMEPA1/CHST11/TWSG1/GDF15",28,"adjacent_vs_healthy_up","GO_BP"
"GO:0001654","eye development","54/936","407/16135",0.132678132678133,2.28713853713854,6.52660291950869,1.01281765420139e-08,5.73479862867808e-07,4.13656052452777e-07,"FOS/MFAP5/EFEMP1/PTPRM/PXDN/FBN1/SAMD11/NES/THY1/LPCAT1/CRYAB/SH3PXD2B/CDKN1C/LAMB2/FOXC1/COL5A1/AHI1/COL4A1/SKI/VIM/SPRY1/SPRY2/RHOJ/JAG1/GLI3/MEIS1/CRYBG3/ZEB1/ZHX2/PRICKLE1/BMP4/TGFBR2/EPHA2/TWIST1/NFIB/PRDM1/MITF/TBX2/TMOD1/CYP1B1/PBX3/SERPINF1/CHRDL1/NFIA/PROX1/FOXF2/CC2D2A/CLIC4/MFSD2A/GPM6A/TWSG1/FGF2/MAB21L2/RBP4",54,"adjacent_vs_healthy_up","GO_BP"
"GO:0030595","leukocyte chemotaxis","36/936","217/16135",0.165898617511521,2.85980148883375,6.8446879116118,1.03120128552347e-08,5.77472719893143e-07,4.16536135228219e-07,"CH25H/GREM1/VEGFC/DUSP1/MMP2/S1PR1/SCG2/SERPINE1/LYST/SLIT2/PLEC/WNK1/THBS1/PTN/JAM3/CCL21/CXCR4/CXCL12/CTSG/ANO6/RARRES2/ANXA1/CCN3/CCL2/IL1B/SAA1/TNFAIP6/CXCL11/THBS4/S100A8/CXCL3/GPR183/ITGA1/CXCL13/CCL19/CXCL10",36,"adjacent_vs_healthy_up","GO_BP"
"GO:0043534","blood vessel endothelial cell migration","25/936","117/16135",0.213675213675214,3.68338629556578,7.22892013714876,1.09357445847769e-08,6.05745156565466e-07,4.36929291648064e-07,"GREM1/TGFBR3/CDH5/VEGFC/SOX18/CLEC14A/NR4A1/MMRN1/SLIT2/ANGPT2/FGFR1/MEOX2/RHOJ/THBS1/EPHA2/SRPX2/RGCC/ID1/PRKD1/PTGS2/ANGPT1/CYP1B1/ANXA1/FGF2/JCAD",25,"adjacent_vs_healthy_up","GO_BP"
"GO:0003007","heart morphogenesis","40/936","260/16135",0.153846153846154,2.65203813280736,6.66425056976025,1.44910081161534e-08,7.94044917848575e-07,5.72751560176655e-07,"CCN1/SFRP2/ADAMTS1/TGFBR3/SLIT3/HEG1/SOX18/TMEM100/S1PR1/ZFPM2/HEY2/CLDN5/OLFM1/FOXF1/PLXND1/ADAMTS5/SLIT2/FOXC1/ENG/COL5A1/AHI1/DLC1/TEK/SPRY1/JAG1/FLNA/HAND2/PRICKLE1/BMP4/TGFBR2/APLNR/TWIST1/TBX2/CPE/PROX1/KCNJ8/ASB2/HTR2B/RBP4/HAND1",40,"adjacent_vs_healthy_up","GO_BP"
"GO:0044344","cellular response to fibroblast growth factor stimulus","29/936","154/16135",0.188311688311688,3.24616355866356,6.95026245844832,1.56764938877049e-08,8.49866094167489e-07,6.13015864007451e-07,"CCN2/SFRP1/ZFP36/NR4A1/SULF1/HYAL2/DDR2/FAM20C/FGFR1/TEK/SPRY1/SPRY2/PTPN11/THBS1/COL1A1/SMOC2/EPHA2/FGF7/EPHA4/TBX2/NRXN1/CCL2/AXL/NDNF/FGF2/ROR2/FLRT1/POSTN/CXCL13",29,"adjacent_vs_healthy_up","GO_BP"
"GO:1903036","positive regulation of response to wounding","19/936","72/16135",0.263888888888889,4.54898207502374,7.48959213213651,1.68496432646184e-08,8.959818642481e-07,6.46279573236876e-07,"THBD/HBEGF/SERPINE1/DDR2/PLAT/FLNA/THBS1/PTN/CXCR4/SMOC2/F3/FERMT2/EMILIN1/CD36/ANO6/MYLK/ANXA1/ST3GAL4/DUOX2",19,"adjacent_vs_healthy_up","GO_BP"
"GO:0033627","cell adhesion mediated by integrin","21/936","87/16135",0.241379310344828,4.16095638078397,7.33616540384709,1.68787792323033e-08,8.959818642481e-07,6.46279573236876e-07,"SFRP2/PLPP3/COL16A1/FBN1/MMRN1/SERPINE1/PTPN11/WNK1/JAM3/CCL21/ITGA7/PODXL/EPHA2/EMILIN1/CYP1B1/ITGA8/ITGA5/CCN3/MUC1/ITGA1/CXCL13",21,"adjacent_vs_healthy_up","GO_BP"
"GO:1902904","negative regulation of supramolecular fiber organization","29/936","155/16135",0.187096774193548,3.2252205679625,6.90799429591208,1.8237753772585e-08,9.58140136341167e-07,6.91114879803221e-07,"SPTBN1/CDH5/CLU/MAP1B/S1PR1/HSPG2/SPTAN1/SHANK3/CRYAB/SLIT2/LDLR/DLC1/MYOC/TMEFF2/GSN/BMERB1/CLIP3/EMILIN1/MYADM/TMOD1/ATXN7/LMOD1/MAP2/KANK2/PHLDB2/SVIL/HDGFL3/STMN2/ASB2",29,"adjacent_vs_healthy_up","GO_BP"
"GO:0043434","response to peptide hormone","59/936","473/16135",0.124735729386892,2.15022542057426,6.30073719125263,2.08703669698747e-08,1.08525908243348e-06,7.82806889997878e-07,"EGR1/FOS/TGFBR3/GAL/MAP1B/PHIP/TNS2/NR4A1/IGFBP5/FBN1/CAV1/TWIST2/NR4A2/CTSK/DDR2/COL6A1/FGFR1/TEK/SOCS3/CAV2/NCOA1/PTPN11/LPIN1/TIMP1/CDO1/COL1A1/INHBB/EPHA2/CXCL12/RHOQ/ERRFI1/SOCS1/EPHA4/AGTR1/AGT/AREG/PRKD1/IRS2/RARRES2/GHR/PTGS2/CYP1B1/NEFL/IRS1/CPEB1/ADIPOQ/COL3A1/RAB31/ADM/AXL/KCNJ8/SORBS1/IL1B/SCNN1G/ROR2/BTG2/SCNN1B/GDF15/ECHDC3",59,"adjacent_vs_healthy_up","GO_BP"
"GO:0150116","regulation of cell-substrate junction organization","18/936","66/16135",0.272727272727273,4.70134032634033,7.47718290669866,2.281687372887e-08,1.17449281335678e-06,8.47171962373356e-07,"GREM1/SFRP1/APOD/FAM107A/COL16A1/TLN1/THY1/MAP4K4/DLC1/TEK/MYOC/THBS1/EFNA5/FERMT2/GPM6B/LIMCH1/VCL/PHLDB2",18,"adjacent_vs_healthy_up","GO_BP"
"GO:0071674","mononuclear cell migration","35/936","214/16135",0.163551401869159,2.81933960380222,6.64870298196626,2.39894789874093e-08,1.21678171295641e-06,8.77675316376886e-07,"CH25H/GREM1/PECAM1/DUSP1/APOD/MMP2/S1PR1/SERPINE1/SLIT2/JAM2/PLEC/WNK1/THBS1/JAM3/CCL21/CXCR4/CXCL12/CTSG/MSN/EMILIN1/ANO6/RARRES2/ANXA1/CD81/CCN3/CCL2/CCL20/SAA1/CXCL11/ROR2/ASB2/GPR183/CXCL13/CCL19/CXCL10",35,"adjacent_vs_healthy_up","GO_BP"
"GO:0060560","developmental growth involved in morphogenesis","37/936","234/16135",0.158119658119658,2.72570585871868,6.59878421132524,2.4115964091169e-08,1.21678171295641e-06,8.77675316376886e-07,"SFRP2/SFRP1/SLIT3/SEMA3G/MAP1B/S1PR1/L1CAM/FN1/OLFM1/RUFY3/LAMB2/SLIT2/NRN1/SPRY1/SPRY2/MED12/SYT1/SEMA3A/CXCR4/PRICKLE1/NDN/BMP4/TGFBR2/EFNA5/CXCL12/AREG/TBX2/SPP1/TNC/WASF1/SPART/MAP2/S100B/VCL/FLRT1/POSTN/HOXD13",37,"adjacent_vs_healthy_up","GO_BP"
"GO:0031099","regeneration","32/936","185/16135",0.172972972972973,2.98175098175098,6.72753623665792,2.43849806406278e-08,1.21829275828078e-06,8.78765246615813e-07,"GAP43/NNMT/TGFBR3/APOD/PRRX1/MMP2/MAP1B/HSPG2/THY1/LAMB2/COL6A1/ELAVL4/ANGPT2/CEBPB/FLNA/PTN/LPIN1/CXCL12/NFIB/EPHA4/FZD7/CCND1/NEFL/SPP1/ANXA1/TNC/CD81/ADM/CCN3/AXL/CPQ/POSTN",32,"adjacent_vs_healthy_up","GO_BP"
"GO:0048525","negative regulation of viral process","19/936","74/16135",0.256756756756757,4.42603661353661,7.33032131663454,2.74412067870557e-08,1.34461913256573e-06,9.69885567817799e-07,"CH25H/ZFP36/ZNFX1/EIF2AK2/MX1/IFIT1/IFI16/IFITM2/PTX3/ISG15/OAS3/BST2/PROX1/OAS2/IFITM3/APOBEC3C/IFITM1/RSAD2/SLPI",19,"adjacent_vs_healthy_up","GO_BP"
"GO:0048844","artery morphogenesis","19/936","74/16135",0.256756756756757,4.42603661353661,7.33032131663454,2.74412067870557e-08,1.34461913256573e-06,9.69885567817799e-07,"FKBP10/PRRX1/HEY2/FOXF1/ADGRF5/LDLR/FOXC1/ENG/EFEMP2/JAG1/HAND2/BMP4/TGFBR2/PRDM1/TBX2/MYLK/COL3A1/PROX1/HOXA13",19,"adjacent_vs_healthy_up","GO_BP"
"GO:0001822","kidney development","45/936","319/16135",0.141065830721003,2.43172775500362,6.40927492044775,2.77886682765755e-08,1.34867670035646e-06,9.72812327035606e-07,"EGR1/ADAMTS1/GREM1/SFRP1/PCSK5/PECAM1/TNS2/FBN1/SULF1/PLXND1/ZBTB16/CDKN1C/HYAL2/LAMB2/SLIT2/FOXC1/AHI1/WWTR1/ANGPT2/FGFR1/TEK/SPRY1/JAG1/GLI3/FRAS1/PODXL/PKD1/ARID5B/BMP4/LRRK2/PRDM1/EPHA4/AGTR1/AGT/ANGPT1/ITGA8/SERPINF1/ADIPOQ/MYC/PROX1/CC2D2A/KCNJ8/NID1/KANK2/FGF2",45,"adjacent_vs_healthy_up","GO_BP"
"GO:0061041","regulation of wound healing","26/936","131/16135",0.198473282442748,3.42133163698049,6.90521326549004,2.81758808016707e-08,1.35456876005013e-06,9.77062321344928e-07,"THBD/SERPING1/TFPI/CAV1/MMRN1/HBEGF/SERPINE1/DDR2/PLAT/THBS1/SERPINE2/CXCR4/SMOC2/F3/FERMT2/EMILIN1/CD36/ANO6/MYLK/ANXA1/WFDC1/PROS1/PHLDB2/FGF2/ST3GAL4/DUOX2",26,"adjacent_vs_healthy_up","GO_BP"
"GO:0035265","organ growth","29/936","158/16135",0.183544303797468,3.16398220274803,6.7832223580952,2.8466893768837e-08,1.35576907145788e-06,9.77928116485772e-07,"TGFBR3/HEG1/COL14A1/DUSP6/S1PR1/ZFPM2/HEY2/RGS2/FOXC1/DDR2/FGFR1/SKI/SPRY2/PTPN11/YBX3/MEIS1/STC1/RSPO2/LATS2/PI16/TGFBR2/FGF7/TBX2/PROX1/HLX/SORBS2/FGF2/BNC2/RBP4",29,"adjacent_vs_healthy_up","GO_BP"
"GO:1901654","response to ketone","35/936","216/16135",0.162037037037037,2.79323460747072,6.58426859694531,3.05758096752352e-08,1.44272524171295e-06,1.0406503643852e-06,"FOS/KLF2/TGFBR3/SFRP1/SLIT3/CAV1/ADCY3/A2M/SLIT2/NCOA1/THBS1/FOSB/CCL21/SGK1/EFNA5/ERRFI1/MSN/PRKD1/TBX2/GHR/CYP1B1/NEFL/SPP1/TNC/SERPINF1/PRKAA2/DDIT4/SCNN1G/POSTN/BTG2/HOXB13/SCNN1B/HOXA13/CCL19/HOXD13",35,"adjacent_vs_healthy_up","GO_BP"
"GO:0010811","positive regulation of cell-substrate adhesion","25/936","123/16135",0.203252032520325,3.50370891529428,6.9169564921752,3.16133977733071e-08,1.47799885369516e-06,1.06609352993132e-06,"CCN1/FBLN2/SFRP1/CCDC80/ABI3BP/FN1/COL16A1/FOXF1/FBLN1/THY1/ECM2/MAP4K4/EFEMP2/TEK/MYOC/FLNA/CCL21/FERMT2/EMILIN1/CD36/MYADM/ITGA5/NDNF/NID1/LIMS2",25,"adjacent_vs_healthy_up","GO_BP"
"GO:0030282","bone mineralization","25/936","124/16135",0.201612903225806,3.47545319823546,6.86685341657826,3.7453423856246e-08,1.73511498155845e-06,1.25155364694747e-06,"CCN1/GREM1/MGP/S1PR1/COL1A2/DDR2/COL6A1/FAM20C/PTN/RSPO2/PRICKLE1/ASPN/BMP4/LTBP3/TWIST1/ISG15/GPM6B/ADRB2/ANO6/PTGS2/KLF10/TENT5A/SLC8A1/SLC24A3/ROR2",25,"adjacent_vs_healthy_up","GO_BP"
"GO:0070372","regulation of ERK1 and ERK2 cascade","40/936","269/16135",0.148698884758364,2.56330823245321,6.41635631190471,3.81855587818469e-08,1.75309556353416e-06,1.26452319835191e-06,"CCN1/CCN2/DUSP6/FN1/ACKR3/AKAP12/FBLN1/DDR2/TEK/SPRY1/SPRY2/PTPN11/DUSP4/RAMP3/CAVIN3/CCL21/HAND2/ATF3/BMP4/EPHA2/FERMT2/MTURN/EPHA4/EMILIN1/CD36/ANGPT1/NRXN1/ADIPOQ/PDE8B/TNFAIP8L3/MARCO/IL1B/FGF2/GBP1/LMO3/CHI3L1/GPR183/HTR2B/CCL19/PLA2G2A",40,"adjacent_vs_healthy_up","GO_BP"
"GO:0051897","positive regulation of phosphatidylinositol 3-kinase/protein kinase B signal transduction","31/936","180/16135",0.172222222222222,2.96880935422602,6.59163203287543,4.46729187189229e-08,2.03261780171099e-06,1.46614503915864e-06,"TMEM100/FN1/IGFBP5/DCN/HBEGF/DDR2/ENG/FGFR1/TEK/MYOC/SPRY2/SELP/THBS1/RAMP3/CCL21/TSPYL5/FERMT2/AGT/PRKD1/IRS2/ANGPT1/IRS1/NRXN1/PROS1/SEMA3E/AXL/CCDC88A/FGF2/CHI3L1/GDF15/CCL19",31,"adjacent_vs_healthy_up","GO_BP"
"GO:0048738","cardiac muscle tissue development","36/936","230/16135",0.156521739130435,2.69816053511706,6.436907499419,4.8636518930224e-08,2.19337788025152e-06,1.58210269310053e-06,"GREM1/TGFBR3/SIK1/HEG1/LMNA/COL14A1/S1PR1/ZFPM2/HEY2/RGS2/PLN/FOXC1/ENG/FGFR1/SKI/PLEC/MEIS1/PRICKLE1/PI16/BMP4/SYNE1/MYH11/AKAP13/FZD7/TBX2/PROX1/KCNJ8/SLC8A1/SGCD/FHOD3/SORBS2/FGF2/GJC1/ASB2/RBP4/HAND1",36,"adjacent_vs_healthy_up","GO_BP"
"GO:0055002","striated muscle cell development","29/936","162/16135",0.179012345679012,3.08585918539622,6.62141320873764,5.0539284351595e-08,2.25919467592744e-06,1.62957692479935e-06,"LMNA/COL14A1/HEY2/RGS2/CSRP2/COL6A1/SKI/PLEC/CAV2/MEIS1/PRICKLE1/PI16/BMP4/MYL9/CFL2/MYH11/AKAP13/PRKD1/TMOD1/FLNC/DNER/PROX1/LMOD1/SLC8A1/SGCD/FHOD3/SORBS2/CSRP1/ASB2",29,"adjacent_vs_healthy_up","GO_BP"
"GO:0090303","positive regulation of wound healing","17/936","62/16135",0.274193548387097,4.72661634960022,7.29564176006682,5.13199093578208e-08,2.27414137467352e-06,1.64035810963396e-06,"THBD/HBEGF/SERPINE1/DDR2/PLAT/THBS1/CXCR4/SMOC2/F3/FERMT2/EMILIN1/CD36/ANO6/MYLK/ANXA1/ST3GAL4/DUOX2",17,"adjacent_vs_healthy_up","GO_BP"
"GO:0043010","camera-type eye development","48/936","359/16135",0.133704735376045,2.30483536890222,6.20448785593202,5.30140267660181e-08,2.32896103792783e-06,1.67990001331157e-06,"FOS/EFEMP1/PTPRM/FBN1/SAMD11/NES/THY1/LPCAT1/CRYAB/CDKN1C/LAMB2/FOXC1/AHI1/COL4A1/SKI/VIM/SPRY1/SPRY2/RHOJ/JAG1/GLI3/MEIS1/CRYBG3/ZEB1/ZHX2/PRICKLE1/BMP4/TGFBR2/EPHA2/TWIST1/NFIB/PRDM1/MITF/TBX2/TMOD1/CYP1B1/SERPINF1/NFIA/PROX1/FOXF2/CC2D2A/CLIC4/MFSD2A/GPM6A/TWSG1/FGF2/MAB21L2/RBP4",48,"adjacent_vs_healthy_up","GO_BP"
"GO:0033002","muscle cell proliferation","33/936","201/16135",0.164179104477612,2.83016009695114,6.47927103960356,5.46838721465543e-08,2.38178643127214e-06,1.71800343262049e-06,"FOS/ADAMTS1/OGN/TGFBR3/JUN/APOD/MMP2/S1PR1/ZFPM2/HEY2/IGFBP5/HBEGF/FOXC1/DDR2/EFEMP2/TRIB1/IGFBP3/FGFR1/SKI/CAV2/THBS1/RBPMS2/PDE1A/DNMT1/BMP4/TBX2/PTGS2/ANGPT1/ADIPOQ/CNN1/CCN3/FGF2/RBP4",33,"adjacent_vs_healthy_up","GO_BP"
"GO:0050920","regulation of chemotaxis","33/936","202/16135",0.163366336633663,2.81614940340188,6.44584595238008,6.1808967365028e-08,2.66930930247612e-06,1.92539620016662e-06,"GREM1/MYCBP2/VEGFC/DUSP1/ADGRA2/S1PR1/SCG2/SERPINE1/SLIT2/ANGPT2/FGFR1/WNK1/THBS1/TUBB2B/PTN/JAM3/CCL21/CXCR4/SMOC2/CXCL12/F3/PRKD1/ANO6/RARRES2/CCN3/CCL2/TNFAIP6/FGF2/THBS4/GPR183/CXCL13/CCL19/CXCL10",33,"adjacent_vs_healthy_up","GO_BP"
"GO:0030509","BMP signaling pathway","28/936","155/16135",0.180645161290323,3.11400606561897,6.56273901700941,7.01291642268476e-08,2.99953598727474e-06,2.16359160281818e-06,"CCN1/EGR1/SFRP2/GREM1/TGFBR3/SFRP1/HTRA1/CDH5/TMEM100/FSTL1/GREM2/FBN1/SULF1/CAV1/DDX5/ENG/SKI/HTRA3/RBPMS2/BMP4/TGFBR2/CHRDL1/NFIA/SPART/GPR155/TWSG1/TNFAIP6/HOXA13",28,"adjacent_vs_healthy_up","GO_BP"
"GO:0070482","response to oxygen levels","45/936","329/16135",0.13677811550152,2.35781505728314,6.17488713234194,7.063271555592e-08,2.99953598727474e-06,2.16359160281818e-06,"EGR1/FOS/TGFBR3/PTGIS/SFRP1/VEGFC/LMNA/MMP2/SOD3/CAV1/HSPG2/VASN/CRYAB/ZEB2/NR4A2/DDR2/COL6A1/ENG/PLAT/ANGPT2/TEK/THBS1/RORA/GUCY1A1/GUCY1B1/CXCR4/ITPR1/HP1BP3/STC1/COL1A1/CXCL12/TWIST1/RGCC/EPHA4/PTGS2/CPEB1/ADIPOQ/MYC/ADM/KCNJ8/NDNF/DDIT4/POSTN/PENK/KCNMB1",45,"adjacent_vs_healthy_up","GO_BP"
"GO:0071772","response to BMP","29/936","166/16135",0.174698795180723,3.01150113273607,6.4645293002315,8.78305730256902e-08,3.66872623064686e-06,2.64628439176627e-06,"CCN1/EGR1/SFRP2/GREM1/TGFBR3/SFRP1/HTRA1/CDH5/TMEM100/FSTL1/GREM2/FBN1/SULF1/CAV1/DDX5/ENG/SKI/HTRA3/RBPMS2/BMP4/TGFBR2/PHOX2B/CHRDL1/NFIA/SPART/GPR155/TWSG1/TNFAIP6/HOXA13",29,"adjacent_vs_healthy_up","GO_BP"
"GO:0071773","cellular response to BMP stimulus","29/936","166/16135",0.174698795180723,3.01150113273607,6.4645293002315,8.78305730256902e-08,3.66872623064686e-06,2.64628439176627e-06,"CCN1/EGR1/SFRP2/GREM1/TGFBR3/SFRP1/HTRA1/CDH5/TMEM100/FSTL1/GREM2/FBN1/SULF1/CAV1/DDX5/ENG/SKI/HTRA3/RBPMS2/BMP4/TGFBR2/PHOX2B/CHRDL1/NFIA/SPART/GPR155/TWSG1/TNFAIP6/HOXA13",29,"adjacent_vs_healthy_up","GO_BP"
"GO:0031400","negative regulation of protein modification process","41/936","288/16135",0.142361111111111,2.4540561194207,6.17881691182868,8.91353439758616e-08,3.69295701545521e-06,2.6637622692658e-06,"SFRP2/SFRP1/HEG1/DUSP1/UCHL1/RGS2/PLPP3/RASIP1/FBLN1/CAV1/P3H1/THY1/CDKN1C/HYAL2/NIBAN1/SLIT2/TRIB1/WWTR1/IGFBP3/BEX1/SPRY2/WNK1/TRIB2/FXYD1/NR2F2/LATS2/FRY/PRNP/ERRFI1/SOCS1/AGT/ISG15/CRTAP/ADIPOQ/BAG2/FYN/IL1B/PRKAA2/HHEX/SLC8A1/PARP14",41,"adjacent_vs_healthy_up","GO_BP"
"GO:0043086","negative regulation of catalytic activity","39/936","267/16135",0.146067415730337,2.51794631710362,6.20658047350058,9.19101808602264e-08,3.77721194890092e-06,2.72453609137445e-06,"TIMP3/ZFP36/HEG1/DUSP1/UCHL1/SERPING1/RGS2/RASIP1/NES/PLN/SERPINE1/THY1/CDKN1C/HYAL2/TRIB1/WWTR1/WNK1/TRIB2/TIMP2/SERPINE2/PARP9/TIMP1/NR2F2/SPOCK1/IFIT1/LATS2/SERPINI1/PTX3/ERRFI1/LRRK2/AGT/PPP1R12A/IRS2/SERPINF1/ADIPOQ/BAG2/IL1B/HHEX/SLC8A1",39,"adjacent_vs_healthy_up","GO_BP"
"GO:0045785","positive regulation of cell adhesion","58/936","482/16135",0.120331950207469,2.07431198354435,5.94232758735777,9.80304807388408e-08,3.99650663876106e-06,2.88271527360027e-06,"CCN1/SFRP2/FBLN2/SFRP1/CCDC80/ABI3BP/LAMC1/FN1/PLPP3/COL16A1/FOXF1/FBLN1/CAV1/MMRN1/ZBTB16/THY1/ECM2/LAMB2/MAP4K4/EFEMP2/TEK/NFAT5/LAMA2/MYOC/PTPN11/SELP/FLNA/CCL21/GLI3/PODXL/TGFBR2/CXCL12/CTSG/FERMT2/SOCS1/EPHA4/EMILIN1/CD36/MYADM/ANGPT1/ANXA1/IL6ST/CD81/ITGA5/CCL2/FYN/HLX/IL1B/NDNF/LILRB2/SAA1/NID1/BCL6/LIMS2/ST3GAL4/LGALS1/CXCL13/CCL19",58,"adjacent_vs_healthy_up","GO_BP"
"GO:0031214","biomineral tissue development","30/936","177/16135",0.169491525423729,2.92173692597421,6.3795901837918,1.06163350105318e-07,4.29371771537062e-06,3.09709622863633e-06,"CCN1/GREM1/MGP/S1PR1/HEY2/COL1A2/DDR2/COL6A1/FAM20C/FGFR1/CEBPB/PTN/RSPO2/PRICKLE1/ASPN/BMP4/LTBP3/COL1A1/TWIST1/ISG15/GPM6B/ADRB2/ANO6/PTGS2/SPP1/KLF10/TENT5A/SLC8A1/SLC24A3/ROR2",30,"adjacent_vs_healthy_up","GO_BP"
"GO:0008217","regulation of blood pressure","31/936","187/16135",0.165775401069519,2.85767745326569,6.34073266451764,1.09963873214762e-07,4.41240864490099e-06,3.18270903660131e-06,"PCSK5/VEGFC/TAC1/NAV2/COL1A2/ENG/WNK1/GUCY1A1/SGK1/RAMP2/NR2F2/OR51E2/IER3/HBB/CTSG/AGTR1/AGT/EMILIN1/ADRB2/PTGS2/ADIPOQ/CMA1/ADM/NPR3/KCNJ8/SCNN1G/PTGS1/POSTN/SCNN1B/NPY/CARTPT",31,"adjacent_vs_healthy_up","GO_BP"
"GO:0050878","regulation of body fluid levels","49/936","379/16135",0.129287598944591,2.22869167625104,6.00676965668887,1.11166675148849e-07,4.42582325436354e-06,3.19238511200477e-06,"VIP/THBD/HEG1/SERPING1/ANGPTL2/TFPI/FBLN1/CAV1/MMRN1/SERPINE1/TLN1/HYAL2/CHRM3/PLAT/NKX2-3/ANGPT2/F10/NCOA1/SELP/WNK1/FLNA/THBS1/SERPINE2/CDO1/ANGPTL1/PRICKLE1/MYL9/F3/APLNR/HBB/CTSG/EMILIN1/CD36/ANO6/CCND1/ANGPT1/IL6ST/COL3A1/PROS1/ADM/NPR3/OAS2/AXL/VCL/SAA1/SCNN1G/ST3GAL4/CSRP1/SCNN1B",49,"adjacent_vs_healthy_up","GO_BP"
"GO:0070371","ERK1 and ERK2 cascade","41/936","292/16135",0.14041095890411,2.42043891230535,6.07850416893112,1.30947406713e-07,5.16892806891283e-06,3.72839312910923e-06,"CCN1/CCN2/DUSP6/FN1/ACKR3/AKAP12/FBLN1/DDR2/TEK/SPRY1/SPRY2/PTPN11/DUSP4/RAMP3/CAVIN3/CCL21/HAND2/ATF3/BMP4/EPHA2/FERMT2/MTURN/EPHA4/EMILIN1/CD36/ANGPT1/NRXN1/ADIPOQ/MYC/PDE8B/TNFAIP8L3/MARCO/IL1B/FGF2/GBP1/LMO3/CHI3L1/GPR183/HTR2B/CCL19/PLA2G2A",41,"adjacent_vs_healthy_up","GO_BP"
"GO:0006936","muscle contraction","45/936","336/16135",0.133928571428571,2.30869391025641,6.01581349833708,1.31860409921246e-07,5.16892806891283e-06,3.72839312910923e-06,"RGS2/SLMAP/SSPN/NR4A1/SULF1/CAV1/PLN/CRYAB/CHRM3/FLNA/GUCY1A1/GSN/FXYD1/CXCR4/STC1/TPM2/MYL9/MYOF/MYH11/CALD1/PRKD1/ADRB2/TBX2/PTGS2/TMOD1/SYNM/ANXA6/DES/MYLK/CNN1/CASQ2/LMOD1/CACNA1H/KCNJ8/SCN9A/SLC8A1/SGCD/SMTN/KCNH2/GJC1/RYR3/TACR2/SMPX/HTR2B/SCNN1B",45,"adjacent_vs_healthy_up","GO_BP"
"GO:0001933","negative regulation of protein phosphorylation","31/936","189/16135",0.164021164021164,2.82743748021526,6.27117605659988,1.40870438020437e-07,5.47996757368049e-06,3.95274865060156e-06,"SFRP2/SFRP1/HEG1/DUSP1/UCHL1/RGS2/PLPP3/RASIP1/FBLN1/CAV1/THY1/CDKN1C/HYAL2/NIBAN1/SLIT2/TRIB1/WWTR1/IGFBP3/SPRY2/TRIB2/NR2F2/LATS2/PRNP/ERRFI1/SOCS1/AGT/ADIPOQ/IL1B/HHEX/SLC8A1/PARP14",31,"adjacent_vs_healthy_up","GO_BP"
"GO:0030510","regulation of BMP signaling pathway","22/936","106/16135",0.207547169811321,3.57774955652314,6.60757166540911,1.42580175731712e-07,5.50445890552123e-06,3.97041446295963e-06,"CCN1/SFRP2/GREM1/SFRP1/HTRA1/CDH5/FSTL1/GREM2/FBN1/SULF1/CAV1/ENG/SKI/HTRA3/RBPMS2/BMP4/CHRDL1/SPART/GPR155/TWSG1/TNFAIP6/HOXA13",22,"adjacent_vs_healthy_up","GO_BP"
"GO:0036293","response to decreased oxygen levels","42/936","304/16135",0.138157894736842,2.38160003373819,6.03484882982492,1.45501131489427e-07,5.57499072233172e-06,4.02128968073667e-06,"EGR1/FOS/TGFBR3/PTGIS/SFRP1/VEGFC/LMNA/MMP2/SOD3/CAV1/HSPG2/VASN/CRYAB/ZEB2/NR4A2/DDR2/COL6A1/ENG/PLAT/ANGPT2/TEK/THBS1/RORA/CXCR4/ITPR1/HP1BP3/STC1/CXCL12/TWIST1/RGCC/EPHA4/PTGS2/CPEB1/ADIPOQ/MYC/ADM/KCNJ8/NDNF/DDIT4/POSTN/PENK/KCNMB1",42,"adjacent_vs_healthy_up","GO_BP"
"GO:0010463","mesenchymal cell proliferation","14/936","46/16135",0.304347826086957,5.24642326272761,7.15713342501274,1.85908141254048e-07,7.07005886440769e-06,5.09969543801364e-06,"LMNA/PRRX1/FOXF1/FGFR1/HAND2/ZEB1/BMP4/TGFBR2/SYNE1/NFIB/FGF7/IRS2/TBX2/MYC",14,"adjacent_vs_healthy_up","GO_BP"
"GO:0051896","regulation of phosphatidylinositol 3-kinase/protein kinase B signal transduction","37/936","254/16135",0.145669291338583,2.51108335015815,6.02376192335466,2.1012602177568e-07,7.93186819976937e-06,5.72132606659395e-06,"TMEM100/FN1/IGFBP5/DCN/HBEGF/HYAL2/DDR2/ENG/FGFR1/TEK/MYOC/SPRY2/SELP/THBS1/SERPINE2/RAMP3/CAVIN3/CCL21/PLK3/TSPYL5/TWIST1/FERMT2/AGT/PRKD1/IRS2/ANGPT1/IRS1/NRXN1/PROS1/SEMA3E/AXL/PHLDA3/CCDC88A/FGF2/CHI3L1/GDF15/CCL19",37,"adjacent_vs_healthy_up","GO_BP"
"GO:0048251","elastic fiber assembly","7/936","10/16135",0.7,12.0667735042735,8.68705564027966,2.22434960447714e-07,8.33476881207023e-06,6.01194181024317e-06,"FBLN5/EFEMP2/MFAP4/LTBP4/MYH11/EMILIN1/COL3A1",7,"adjacent_vs_healthy_up","GO_BP"
"GO:0055006","cardiac cell development","19/936","84/16135",0.226190476190476,3.89912749287749,6.61085076299541,2.43703274091248e-07,9.06505025378831e-06,6.53870021610939e-06,"TGFBR3/LMNA/COL14A1/HEY2/RGS2/PLEC/SPRY1/JAG1/MEIS1/PRICKLE1/PI16/BMP4/MYH11/PROX1/SLC8A1/SGCD/FHOD3/SORBS2/ASB2",19,"adjacent_vs_healthy_up","GO_BP"
"GO:0042326","negative regulation of phosphorylation","32/936","204/16135",0.156862745098039,2.70403888050947,6.07819330400103,2.55078217482019e-07,9.41941011803164e-06,6.79430309265606e-06,"SFRP2/SFRP1/HEG1/DUSP1/UCHL1/RGS2/PLPP3/RASIP1/FBLN1/CAV1/THY1/CDKN1C/HYAL2/NIBAN1/SLIT2/TRIB1/WWTR1/IGFBP3/SPRY2/TRIB2/NR2F2/LATS2/PRNP/ERRFI1/SOCS1/AGT/IRS2/ADIPOQ/IL1B/HHEX/SLC8A1/PARP14",32,"adjacent_vs_healthy_up","GO_BP"
"GO:0050679","positive regulation of epithelial cell proliferation","31/936","194/16135",0.15979381443299,2.75456538020971,6.10118344505332,2.57044494457146e-07,9.42373196945046e-06,6.79742048197162e-06,"SFRP1/VEGFC/LAMC1/SCG2/NR4A1/HSPG2/FGFR1/TEK/EGFL7/CAV2/PTN/BMP4/CXCL12/F3/APLNR/TWIST1/FGF7/AGTR1/AREG/PRKD1/IRS2/FZD7/CCND1/MYC/PROX1/ST8SIA1/HLX/FGF2/THBS4/JCAD/HTR2B",31,"adjacent_vs_healthy_up","GO_BP"
"GO:0001666","response to hypoxia","40/936","290/16135",0.137931034482759,2.37768936044798,5.87496961536401,3.00619484837845e-07,1.09425492480975e-05,7.89295669965229e-06,"EGR1/FOS/TGFBR3/PTGIS/SFRP1/VEGFC/LMNA/MMP2/SOD3/CAV1/HSPG2/VASN/CRYAB/NR4A2/DDR2/ENG/PLAT/ANGPT2/TEK/THBS1/RORA/CXCR4/ITPR1/HP1BP3/STC1/CXCL12/TWIST1/RGCC/EPHA4/PTGS2/CPEB1/ADIPOQ/MYC/ADM/KCNJ8/NDNF/DDIT4/POSTN/PENK/KCNMB1",40,"adjacent_vs_healthy_up","GO_BP"
"GO:0043114","regulation of vascular permeability","14/936","48/16135",0.291666666666667,5.02782229344729,6.93513360718716,3.35234762813995e-07,1.21160024914902e-05,8.73937881109719e-06,"CDH5/CLDN5/AKAP12/PDE2A/ZEB2/SLIT2/TEK/PLEC/RAMP2/C2CD4B/FERMT2/ANGPT1/ADM/TACR2",14,"adjacent_vs_healthy_up","GO_BP"
"GO:0043491","phosphatidylinositol 3-kinase/protein kinase B signal transduction","40/936","292/16135",0.136986301369863,2.36140381688327,5.82587445671493,3.61081223660346e-07,1.29582388434727e-05,9.34689127518109e-06,"COL6A3/TMEM100/FN1/IGFBP5/DCN/HBEGF/HYAL2/DDR2/COL6A1/ENG/FGFR1/TEK/MYOC/SPRY2/SELP/THBS1/SERPINE2/RAMP3/CAVIN3/CCL21/PLK3/TSPYL5/TWIST1/ERRFI1/FERMT2/AGT/PRKD1/IRS2/ANGPT1/IRS1/NRXN1/PROS1/SEMA3E/AXL/PHLDA3/CCDC88A/FGF2/CHI3L1/GDF15/CCL19",40,"adjacent_vs_healthy_up","GO_BP"
"GO:0010595","positive regulation of endothelial cell migration","21/936","103/16135",0.203883495145631,3.51459422454568,6.35322325903403,3.74424533326569e-07,1.33431288240014e-05,9.62451579224424e-06,"TGFBR3/VEGFC/SASH1/ADGRA2/PLPP3/SPARC/FGFR1/TEK/RHOJ/THBS1/SMOC2/SRPX2/AGT/PRKD1/PTGS2/ANGPT1/ANXA1/PROX1/CCBE1/FGF2/JCAD",21,"adjacent_vs_healthy_up","GO_BP"
"GO:0035904","aorta development","16/936","63/16135",0.253968253968254,4.37796771130104,6.66641352657948,4.0222495191459e-07,1.42342941316441e-05,1.02673211409777e-05,"FKBP10/HEY2/PLXND1/PDE2A/ENG/EFEMP2/JAG1/PRICKLE1/TGFBR2/APLNR/LOXL1/PRDM1/TBX2/MYLK/COL3A1/PROX1",16,"adjacent_vs_healthy_up","GO_BP"
"GO:0060562","epithelial tube morphogenesis","43/936","327/16135",0.131498470948012,2.26680323583993,5.74309525982966,4.17563356431265e-07,1.46535116662976e-05,1.05697064237609e-05,"SFRP2/GREM1/SFRP1/SOX18/RASIP1/FOXF1/PLXND1/SLIT2/ENG/AHI1/DLC1/COL4A1/SKI/SPRY1/SPRY2/MED12/GLI3/HAND2/CXCR4/RSPO2/PODXL/PKD1/PRICKLE1/BMP4/TGFBR2/EPHA2/APLNR/TWIST1/EPHA4/AGT/AREG/TBX2/TNC/MYC/PROX1/ADM/SEMA3E/CC2D2A/CLIC4/FGF2/ASB2/HAND1/CXCL10",43,"adjacent_vs_healthy_up","GO_BP"
"GO:1901888","regulation of cell junction assembly","37/936","261/16135",0.14176245210728,2.44373628712709,5.83534289588802,4.19821959042278e-07,1.46535116662976e-05,1.05697064237609e-05,"GREM1/SFRP1/MYCBP2/APOD/THBS2/MAP1B/FAM107A/CLDN5/COL16A1/CHD4/CAV1/TLN1/THY1/MAP4K4/DLC1/FGFR1/TEK/MYOC/THBS1/PRICKLE1/EFNA5/EPHA2/SRPX2/APLNR/FERMT2/AGT/S1PR2/GPM6B/LRFN5/NRXN1/LIMCH1/IL1B/VCL/PHLDB2/ADGRB3/AMIGO2/FLRT1",37,"adjacent_vs_healthy_up","GO_BP"
"GO:0003205","cardiac chamber development","28/936","169/16135",0.165680473372781,2.85604106610024,6.01913818839379,4.54744213569724e-07,1.57644660704171e-05,1.13710475745469e-05,"CCN1/SFRP2/ADAMTS1/TGFBR3/SLIT3/HEG1/ZFPM2/HEY2/FOXF1/PLXND1/PDE2A/SLIT2/FOXC1/ENG/TEK/JAG1/HAND2/BMP4/TGFBR2/APLNR/PRDM1/TBX2/CPE/PROX1/KCNJ8/RBP4/HAND1/HOXA13",28,"adjacent_vs_healthy_up","GO_BP"
"GO:0007369","gastrulation","30/936","189/16135",0.158730158730159,2.73622981956315,5.95818078105558,4.6340390430033e-07,1.58004548661618e-05,1.13970066084105e-05,"SFRP2/SFRP1/DUSP1/MMP2/FN1/PLPP3/FOXF1/FOXC1/COL6A1/COL5A1/FGFR1/WNK1/DUSP4/SOX7/ITGA7/PRICKLE1/BMP4/TGFBR2/EPHA2/APLNR/MYADM/FZD7/ITGA8/ADIPOQ/ITGA5/DUSP2/TWSG1/PHLDB2/COL4A2/HAND1",30,"adjacent_vs_healthy_up","GO_BP"
"GO:0001953","negative regulation of cell-matrix adhesion","12/936","36/16135",0.333333333333333,5.74608262108262,7.07438249902124,4.63505282674922e-07,1.58004548661618e-05,1.13970066084105e-05,"APOD/FAM107A/SERPINE1/MAP4K4/DLC1/MYOC/JAG1/THBS1/SEMA3E/PHLDB2/BCL6/POSTN",12,"adjacent_vs_healthy_up","GO_BP"
"GO:0050820","positive regulation of coagulation","11/936","30/16135",0.366666666666667,6.32069088319088,7.23851926101344,4.65084032559707e-07,1.58004548661618e-05,1.13970066084105e-05,"THBD/SERPINE1/PLAT/ANGPT2/THBS1/F3/EMILIN1/CD36/ANO6/ANGPT1/ST3GAL4",11,"adjacent_vs_healthy_up","GO_BP"
"GO:0001558","regulation of cell growth","48/936","387/16135",0.124031007751938,2.13807725435632,5.62361999264258,5.20990595679663e-07,1.75825700369772e-05,1.26824619038925e-05,"SFRP2/GREM1/SFRP1/SLIT3/SEMA3G/COL14A1/MAP1B/FAM107A/L1CAM/RGS2/FN1/OLFM1/IGFBP5/HBEGF/CRYAB/HYAL2/RUFY3/SLIT2/LGI1/IGFBP3/SERPINE2/SGK1/SPOCK1/SYT1/SEMA3A/CXCR4/RERG/LTBP4/PI16/EFNA5/CXCL12/DACT3/KIF26A/FHL1/AGTR1/AGT/SPP1/DCBLD2/TNC/WFDC1/BST2/SPART/CCN3/MAP2/MFSD2A/MUC12/BCL6/S100A8",48,"adjacent_vs_healthy_up","GO_BP"
"GO:0001938","positive regulation of endothelial cell proliferation","19/936","88/16135",0.215909090909091,3.72189442501943,6.35355990445391,5.27244688519429e-07,1.76765719256251e-05,1.27502662902344e-05,"SCG2/NR4A1/HSPG2/FGFR1/TEK/EGFL7/CAV2/BMP4/CXCL12/F3/APLNR/FGF7/AGTR1/PRKD1/PROX1/FGF2/THBS4/JCAD/HTR2B",19,"adjacent_vs_healthy_up","GO_BP"
"GO:0030514","negative regulation of BMP signaling pathway","15/936","57/16135",0.263157894736842,4.53638101664417,6.63715422738563,5.62024472077493e-07,1.87194556189994e-05,1.35025074406234e-05,"SFRP2/GREM1/SFRP1/HTRA1/GREM2/FBN1/CAV1/SKI/HTRA3/RBPMS2/CHRDL1/SPART/GPR155/TWSG1/TNFAIP6",15,"adjacent_vs_healthy_up","GO_BP"
"GO:0035924","cellular response to vascular endothelial growth factor stimulus","21/936","106/16135",0.19811320754717,3.41512457668118,6.19071339996116,6.19520150491888e-07,2.04969208144977e-05,1.47846086681455e-05,"VEGFC/ADGRA2/NR4A1/DCN/GAS1/FOXC1/DDR2/FGFR1/TEK/SPRY2/RAMP2/SMOC2/EPHA2/EPHA4/EMILIN1/PRKD1/ANXA1/AXL/CCBE1/ROR2/JCAD",21,"adjacent_vs_healthy_up","GO_BP"
"GO:0045444","fat cell differentiation","34/936","233/16135",0.145922746781116,2.51545247789883,5.78223650596262,6.23434600911921e-07,2.04969208144977e-05,1.47846086681455e-05,"SFRP2/SFRP1/ZFP36/CCDC3/CEBPD/ZFPM2/RGS2/NR4A1/ADGRF5/ZBTB16/NR4A2/WWTR1/CEBPB/JAG1/TRIB2/RORA/FABP4/ARID5B/INHBB/CLIP3/TGFB1I1/FERMT2/SOCS1/ID4/ADRB2/C1QTNF3/RARRES2/CCND1/PTGS2/LPL/ADIPOQ/KCNJ8/RUNX1T1/LMO3",34,"adjacent_vs_healthy_up","GO_BP"
"GO:0060419","heart growth","18/936","81/16135",0.222222222222222,3.83072174738841,6.33796015732146,6.66016626535858e-07,2.17565431335047e-05,1.56931852892255e-05,"TGFBR3/HEG1/COL14A1/DUSP6/S1PR1/ZFPM2/HEY2/RGS2/FOXC1/FGFR1/SKI/MEIS1/PI16/TBX2/PROX1/SORBS2/FGF2/RBP4",18,"adjacent_vs_healthy_up","GO_BP"
"GO:0048608","reproductive structure development","40/936","299/16135",0.133779264214047,2.30612011548466,5.65714628215712,6.74304958505992e-07,2.17821762584293e-05,1.57116746869444e-05,"SFRP2/ADAMTS1/C3/SFRP1/SLIT3/MMP2/ZFPM2/SULF1/CDKN1C/A2M/SLIT2/FOXC1/COL6A1/NCOA1/PTPN11/CEBPB/FLNA/YBX3/SERPINE2/NR2F2/PKD1/ARID5B/BMP4/INHBB/PTX3/ERRFI1/ATRX/ID4/CYP1B1/REC8/TNC/SERPINF1/FOXF2/AXL/TNFAIP6/ROR2/HOXB13/RBP4/HOXA13/HOXD13",40,"adjacent_vs_healthy_up","GO_BP"
"GO:0006898","receptor-mediated endocytosis","37/936","266/16135",0.139097744360902,2.39780139451192,5.70443913703037,6.75350048828851e-07,2.17821762584293e-05,1.57116746869444e-05,"GREM1/C3/LYVE1/CLU/ACKR3/CAV1/HSPG2/SERPINE1/TAMALIN/LDLR/AHI1/CAV2/RAMP3/SIGLEC1/CCL21/RAMP2/GAS7/MX1/MX2/SYNE1/APLNR/CD36/ADRB2/GHR/ANGPT1/STON1/ADIPOQ/CD81/RAB31/WASF1/ADM/MARCO/CD14/DNM3/RAMP1/FCGR2B/CCL19",37,"adjacent_vs_healthy_up","GO_BP"
"GO:0001945","lymph vessel development","11/936","31/16135",0.354838709677419,6.1167976288944,7.07642079347057,6.83229506680527e-07,2.1897720541157e-05,1.57950177909858e-05,"VEGFC/HEG1/SOX18/CLEC14A/FOXC1/NR2F2/PKD1/EPHA2/PROX1/CCBE1/FGF2",11,"adjacent_vs_healthy_up","GO_BP"
"GO:0002685","regulation of leukocyte migration","33/936","224/16135",0.147321428571429,2.53956330128205,5.75803452673187,7.29838463788009e-07,2.32453550716481e-05,1.67670783917614e-05,"GREM1/LYVE1/VEGFC/DUSP1/APOD/SERPINE1/THY1/IL33/SLIT2/JAM2/SELP/WNK1/THBS1/PTN/JAM3/CCL21/CXCL12/MSN/EMILIN1/ANO6/RARRES2/ANXA1/CD81/CCN3/CCL2/CCL20/TNFAIP6/THBS4/ST3GAL4/CXCL13/GDF15/CCL19/CXCL10",33,"adjacent_vs_healthy_up","GO_BP"
"GO:0055007","cardiac muscle cell differentiation","22/936","116/16135",0.189655172413793,3.26932287061597,6.08708024661495,7.39232661977731e-07,2.33983207791212e-05,1.68774138975236e-05,"GREM1/SIK1/LMNA/COL14A1/HEY2/RGS2/PLEC/MEIS1/PRICKLE1/PI16/BMP4/SYNE1/MYH11/AKAP13/FZD7/PROX1/KCNJ8/SLC8A1/SGCD/FHOD3/SORBS2/ASB2",22,"adjacent_vs_healthy_up","GO_BP"
"GO:0010563","negative regulation of phosphorus metabolic process","35/936","246/16135",0.142276422764228,2.452596240706,5.69725463095922,7.87305991683169e-07,2.46141799608431e-05,1.77544237840338e-05,"SFRP2/SFRP1/HEG1/DUSP1/UCHL1/RGS2/PLPP3/RASIP1/FBLN1/CAV1/THY1/LPCAT1/CDKN1C/HYAL2/NIBAN1/SLIT2/TRIB1/WWTR1/IGFBP3/SPRY2/TRIB2/NR2F2/LATS2/IER3/PRNP/ERRFI1/SOCS1/AGT/IRS2/ADIPOQ/IL1B/HHEX/SLC8A1/DDIT4/PARP14",35,"adjacent_vs_healthy_up","GO_BP"
"GO:0045936","negative regulation of phosphate metabolic process","35/936","246/16135",0.142276422764228,2.452596240706,5.69725463095922,7.87305991683169e-07,2.46141799608431e-05,1.77544237840338e-05,"SFRP2/SFRP1/HEG1/DUSP1/UCHL1/RGS2/PLPP3/RASIP1/FBLN1/CAV1/THY1/LPCAT1/CDKN1C/HYAL2/NIBAN1/SLIT2/TRIB1/WWTR1/IGFBP3/SPRY2/TRIB2/NR2F2/LATS2/IER3/PRNP/ERRFI1/SOCS1/AGT/IRS2/ADIPOQ/IL1B/HHEX/SLC8A1/DDIT4/PARP14",35,"adjacent_vs_healthy_up","GO_BP"
"GO:0003018","vascular process in circulatory system","37/936","268/16135",0.138059701492537,2.37990735425437,5.65290072515515,8.13326629905925e-07,2.51194697333369e-05,1.81188937265167e-05,"KLF2/CDH5/MMP2/RGS2/SOD3/CLDN5/AKAP12/CAV1/PDE2A/ZEB2/SLIT2/FOXC1/TEK/SLC7A2/PLEC/GUCY1A1/RAMP2/C2CD4B/HBB/FERMT2/AGTR1/AGT/CD36/ADRB2/PTGS2/ANGPT1/ADM/KCNJ8/MFSD2A/KCNMB4/SLC8A1/SLC24A3/TACR2/ITGA1/HTR2B/KCNMB1/SCNN1B",37,"adjacent_vs_healthy_up","GO_BP"
"GO:0006959","humoral immune response","37/936","268/16135",0.138059701492537,2.37990735425437,5.65290072515515,8.13326629905925e-07,2.51194697333369e-05,1.81188937265167e-05,"VIP/C1R/C3/CLU/SERPING1/C1S/TAC1/CFH/A2M/CFD/CCL21/CXCL12/CTSG/RGCC/C7/RARRES2/CD81/CXCL2/ADM/CCL2/IL1B/CXCL1/PI3/CCL20/CXCL11/FCN1/CXCL3/SLPI/GPR183/FCGR2B/CXCL13/NPY/CCL19/SPINK5/CXCL10/CR2/CCL18",37,"adjacent_vs_healthy_up","GO_BP"
"GO:0010975","regulation of neuron projection development","51/936","430/16135",0.118604651162791,2.04453637447823,5.44803976554972,9.08713432690785e-07,2.77918009033118e-05,2.00464696262011e-05,"SFRP2/SFRP1/MYCBP2/SEMA3G/PMP22/PRRX1/MAP1B/L1CAM/RGS2/FN1/DBN1/PLXND1/P3H1/THY1/SHANK3/RUFY3/SLIT2/DDR2/ENC1/ELAVL4/FGFR1/VIM/FLNA/TUBB2B/PTN/SDC2/SPOCK1/SEMA3A/EFNA5/SERPINI1/DPYSL3/CXCL12/SYNE1/KIF26A/DENND5A/LRRK2/EPHA4/PRKD1/NEFL/SPP1/SERPINF1/SPART/MAP2/FYN/MFSD2A/NDNF/CCDC88A/DNM3/ADGRB3/STMN2/NCS1",51,"adjacent_vs_healthy_up","GO_BP"
"GO:0030856","regulation of epithelial cell differentiation","26/936","155/16135",0.167741935483871,2.8915770609319,5.87222845920409,9.10759566493931e-07,2.77918009033118e-05,2.00464696262011e-05,"APOLD1/CDH5/ZFP36/TMEM100/HEY2/CLDN5/CAV1/SERPINE1/CDKN1C/FOXC1/AHI1/MAFF/WWTR1/SPRY1/SPRY2/CEBPB/S1PR3/JAG1/ZEB1/BMP4/ERRFI1/S1PR2/CCND1/IL1B/VCL/FGF2",26,"adjacent_vs_healthy_up","GO_BP"
"GO:0061458","reproductive system development","40/936","303/16135",0.132013201320132,2.27567628557728,5.56282437584355,9.5260722848301e-07,2.8895752597318e-05,2.08427596607937e-05,"SFRP2/ADAMTS1/C3/SFRP1/SLIT3/MMP2/ZFPM2/SULF1/CDKN1C/A2M/SLIT2/FOXC1/COL6A1/NCOA1/PTPN11/CEBPB/FLNA/YBX3/SERPINE2/NR2F2/PKD1/ARID5B/BMP4/INHBB/PTX3/ERRFI1/ATRX/ID4/CYP1B1/REC8/TNC/SERPINF1/FOXF2/AXL/TNFAIP6/ROR2/HOXB13/RBP4/HOXA13/HOXD13",40,"adjacent_vs_healthy_up","GO_BP"
"GO:0003206","cardiac chamber morphogenesis","23/936","127/16135",0.181102362204724,3.12188740830473,5.95740466911903,9.7435818518831e-07,2.9380646814909e-05,2.11925181107292e-05,"CCN1/SFRP2/ADAMTS1/TGFBR3/SLIT3/HEG1/ZFPM2/HEY2/FOXF1/SLIT2/FOXC1/ENG/TEK/JAG1/HAND2/BMP4/TGFBR2/APLNR/TBX2/CPE/PROX1/RBP4/HAND1",23,"adjacent_vs_healthy_up","GO_BP"
"GO:0001934","positive regulation of protein phosphorylation","48/936","396/16135",0.121212121212121,2.08948458948459,5.44730333861562,1.01966904637386e-06,3.05660791783599e-05,2.20475808664862e-05,"CCN1/SFRP2/GREM1/C3/TCIM/PECAM1/SASH1/PLPP3/FBN1/CAV1/HBEGF/NIBAN1/DDR2/FGFR1/TEK/SPRY2/PTPN11/THBS1/PARP9/BMP4/EFNA5/CLIP3/PRNP/RGCC/LRRK2/FGF7/EPHA4/AREG/S1PR2/CD36/ADRB2/RARRES2/GHR/CCND1/ANGPT1/ADIPOQ/LIMCH1/PROX1/ITGA5/IL1B/ENPP2/CCDC88A/FGF2/THBS4/CHI3L1/PARP14/CCL19/CARTPT",48,"adjacent_vs_healthy_up","GO_BP"
"GO:0001667","ameboidal-type cell migration","33/936","228/16135",0.144736842105263,2.4950095591543,5.6418131103932,1.09593992827259e-06,3.2660291663609e-05,2.35581546908458e-05,"CD248/SEMA3G/SASH1/FN1/AKAP12/HBEGF/HYAL2/ZEB2/MAP4K4/DDR2/PLEC/PTPN11/THBS1/TIMP1/SEMA3A/HAND2/ARID5B/BMP4/TGFBR2/TWIST1/FGF7/IRS2/AMOTL1/PHOX2B/TNS1/PROX1/SEMA3E/CCN3/ENPP2/CDH2/KANK2/FGF2/HTR2B",33,"adjacent_vs_healthy_up","GO_BP"
"GO:0032102","negative regulation of response to external stimulus","47/936","386/16135",0.121761658031088,2.09895764137992,5.42312428019848,1.16161247809254e-06,3.44161464439512e-05,2.48246681364698e-05,"GREM1/PTGIS/CDH5/CHD8/ZFP36/THBD/DUSP1/SERPING1/TFPI/FOXF1/MMRN1/SERPINE1/IL33/A2M/SLIT2/LDLR/TRIB1/PLAT/ANGPT2/TEK/SOCS3/THBS1/RORA/SERPINE2/IFI16/IER3/USP18/EPHA4/ISG15/C1QTNF3/LRFN5/SPP1/WFDC1/ADIPOQ/OAS3/PROS1/CCN3/CCL2/FYN/SAA1/TNFAIP6/PHLDB2/FGF2/PARP14/FCGR2B/CXCL13/SPINK5",47,"adjacent_vs_healthy_up","GO_BP"
"GO:0048708","astrocyte differentiation","18/936","84/16135",0.214285714285714,3.69391025641026,6.14289599811796,1.17590048876528e-06,3.46380860736871e-05,2.49847551370146e-05,"GAP43/PLPP3/ZEB2/LAMB2/LDLR/VIM/PTPN11/SERPINE2/ROR1/QKI/EPHA4/ID4/IL6ST/PLP1/IL1B/TSPAN2/ROR2/S100A8",18,"adjacent_vs_healthy_up","GO_BP"
"GO:0048568","embryonic organ development","52/936","446/16135",0.116591928251121,2.00984055804684,5.36690675916416,1.19680654066503e-06,3.50512996047643e-05,2.52828096793847e-05,"CCN1/RSPO3/MFAP5/PCSK5/SOX18/EFEMP1/PRRX1/ZFPM2/HEY2/JUNB/FBN1/FOXF1/NES/CDKN1C/A2M/FOXC1/SPARC/ENG/AHI1/FGFR1/SOCS3/SPRY2/NCOA1/CEBPB/TUBB2B/MED12/GLI3/NR2F2/HAND2/RBPMS2/ZEB1/PKD1/PRICKLE1/BMP4/TGFBR2/EPHA2/APLNR/TWIST1/PRDM1/TBX2/RARRES2/PBX3/ITGA8/CHST11/PROX1/ADM/FOXF2/CC2D2A/HLX/ASB2/RBP4/HAND1",52,"adjacent_vs_healthy_up","GO_BP"
"GO:0045669","positive regulation of osteoblast differentiation","16/936","68/16135",0.235294117647059,4.0560583207642,6.2668621328732,1.22698712401452e-06,3.56686006731158e-05,2.5728074351508e-05,"CCN1/SFRP2/CEBPD/DDR2/FAM20C/WWTR1/CEBPB/JAG1/GLI3/BMP4/FERMT2/PRKD1/IL6ST/TENT5A/FGF2/IFITM1",16,"adjacent_vs_healthy_up","GO_BP"
"GO:0035633","maintenance of blood-brain barrier","12/936","39/16135",0.307692307692308,5.30407626561473,6.67812775731327,1.23188259781562e-06,3.56686006731158e-05,2.5728074351508e-05,"CDH5/PECAM1/LAMC1/CLDN5/ZEB2/JAM2/LAMA2/JAM3/PTGS2/ANGPT1/MFSD2A/VCL",12,"adjacent_vs_healthy_up","GO_BP"
"GO:2000351","regulation of endothelial cell apoptotic process","14/936","53/16135",0.264150943396226,4.55349943557491,6.43021656482474,1.27296128547146e-06,3.6649778026907e-05,2.64358061782119e-05,"CD248/CDH5/ECSCR/SCG2/SERPINE1/TEK/THBS1/RAMP2/F3/RGCC/ANO6/ANGPT1/CCL2/NDNF",14,"adjacent_vs_healthy_up","GO_BP"
"GO:0097305","response to alcohol","36/936","262/16135",0.137404580152672,2.36861421021726,5.54247350408244,1.28099578970845e-06,3.66739019345744e-05,2.64532069642927e-05,"FOS/KLF2/TGFBR3/SFRP1/SLIT3/RGS2/CLDN5/ADCY3/A2M/CTSK/SLIT2/FOSB/CCL21/SGK1/CDO1/TGFBR2/EFNA5/INHBB/PRKD1/GHR/CYP1B1/NEFL/TNC/ADIPOQ/GPR155/FYN/PRKAA2/CD14/FGF2/SCNN1G/S100A8/BTG2/PENK/KCNMB1/SCNN1B/CCL19",36,"adjacent_vs_healthy_up","GO_BP"
"GO:0050792","regulation of viral process","24/936","139/16135",0.172661870503597,2.97638812027301,5.80731495560888,1.39389624157247e-06,3.96832136706888e-05,2.86238499004473e-05,"CH25H/ZFP36/DDX5/ZNFX1/EIF2AK2/MX1/CXCR4/IFIT1/IFI16/IFITM2/PTX3/ISG15/OAS3/BST2/PROX1/OAS2/IFITM3/AXL/APOBEC3C/LAMP3/IFITM1/RSAD2/SLPI/LGALS1",24,"adjacent_vs_healthy_up","GO_BP"
"GO:0035107","appendage morphogenesis","25/936","149/16135",0.167785234899329,2.8923234669879,5.75864157329436,1.46234049663027e-06,4.11717523250158e-05,2.96975458809706e-05,"SFRP2/GREM1/PCSK5/PRRX1/ZBTB16/COL6A1/FGFR1/SKI/AFF3/GLI3/HAND2/FRAS1/RSPO2/PRICKLE1/BMP4/TWIST1/ERRFI1/ATRX/TBX2/CHST11/NFIA/MAP3K20/COL3A1/HOXA13/HOXD13",25,"adjacent_vs_healthy_up","GO_BP"
"GO:0035108","limb morphogenesis","25/936","149/16135",0.167785234899329,2.8923234669879,5.75864157329436,1.46234049663027e-06,4.11717523250158e-05,2.96975458809706e-05,"SFRP2/GREM1/PCSK5/PRRX1/ZBTB16/COL6A1/FGFR1/SKI/AFF3/GLI3/HAND2/FRAS1/RSPO2/PRICKLE1/BMP4/TWIST1/ERRFI1/ATRX/TBX2/CHST11/NFIA/MAP3K20/COL3A1/HOXA13/HOXD13",25,"adjacent_vs_healthy_up","GO_BP"
"GO:0010562","positive regulation of phosphorus metabolic process","54/936","474/16135",0.113924050632911,1.96385102239533,5.28555725484817,1.53050162475733e-06,4.24243828785532e-05,3.06010792803247e-05,"CCN1/SFRP2/GREM1/C3/TCIM/PECAM1/SASH1/UCHL1/ZBTB20/PLPP3/FBN1/CAV1/HBEGF/ADGRF5/NIBAN1/DDR2/FGFR1/TEK/SPRY2/PTPN11/THBS1/PARP9/BMP4/EFNA5/CLIP3/PRNP/RGCC/LRRK2/FGF7/EPHA4/AREG/S1PR2/CD36/ADRB2/FZD7/RARRES2/GHR/CCND1/ANGPT1/ADIPOQ/LIMCH1/PROX1/ITGA5/IL1B/PRKAA2/ENPP2/CCDC88A/FGF2/THBS4/CHI3L1/PARP14/HTR2B/CCL19/CARTPT",54,"adjacent_vs_healthy_up","GO_BP"
"GO:0045937","positive regulation of phosphate metabolic process","54/936","474/16135",0.113924050632911,1.96385102239533,5.28555725484817,1.53050162475733e-06,4.24243828785532e-05,3.06010792803247e-05,"CCN1/SFRP2/GREM1/C3/TCIM/PECAM1/SASH1/UCHL1/ZBTB20/PLPP3/FBN1/CAV1/HBEGF/ADGRF5/NIBAN1/DDR2/FGFR1/TEK/SPRY2/PTPN11/THBS1/PARP9/BMP4/EFNA5/CLIP3/PRNP/RGCC/LRRK2/FGF7/EPHA4/AREG/S1PR2/CD36/ADRB2/FZD7/RARRES2/GHR/CCND1/ANGPT1/ADIPOQ/LIMCH1/PROX1/ITGA5/IL1B/PRKAA2/ENPP2/CCDC88A/FGF2/THBS4/CHI3L1/PARP14/HTR2B/CCL19/CARTPT",54,"adjacent_vs_healthy_up","GO_BP"
"GO:0030512","negative regulation of transforming growth factor beta receptor signaling pathway","19/936","94/16135",0.202127659574468,3.48432669576287,5.99457442821377,1.53180660315027e-06,4.24243828785532e-05,3.06010792803247e-05,"TGFBR3/CILP/HTRA1/GLG1/LRRC32/LTBP1/FBN1/VASN/ENG/SKI/HTRA3/SPRY1/CAV2/SPRY2/ASPN/EMILIN1/PMEPA1/CHST11/GDF15",19,"adjacent_vs_healthy_up","GO_BP"
"GO:1903900","regulation of viral life cycle","21/936","112/16135",0.1875,3.23217147435897,5.88255629527108,1.59591754634932e-06,4.39610584659252e-05,3.1709496852642e-05,"CH25H/DDX5/ZNFX1/EIF2AK2/MX1/IFIT1/IFI16/IFITM2/ISG15/OAS3/BST2/PROX1/OAS2/IFITM3/AXL/APOBEC3C/LAMP3/IFITM1/RSAD2/SLPI/LGALS1",21,"adjacent_vs_healthy_up","GO_BP"
"GO:0002042","cell migration involved in sprouting angiogenesis","14/936","54/16135",0.259259259259259,4.46917537195315,6.33677156888688,1.62758057187761e-06,4.43537464935203e-05,3.19927461694152e-05,"GREM1/TGFBR3/CLEC14A/NR4A1/MMRN1/SLIT2/MEOX2/RHOJ/THBS1/SRPX2/PTGS2/ANXA1/FGF2/JCAD",14,"adjacent_vs_healthy_up","GO_BP"
"GO:0031102","neuron projection regeneration","14/936","54/16135",0.259259259259259,4.46917537195315,6.33677156888688,1.62758057187761e-06,4.43537464935203e-05,3.19927461694152e-05,"GAP43/APOD/PRRX1/MMP2/MAP1B/THY1/LAMB2/FLNA/PTN/EPHA4/NEFL/SPP1/TNC/ADM",14,"adjacent_vs_healthy_up","GO_BP"
"GO:0045069","regulation of viral genome replication","17/936","78/16135",0.217948717948718,3.7570540214771,6.05705917479841,1.80768969068959e-06,4.8999929062522e-05,3.53440783868311e-05,"DDX5/ZNFX1/EIF2AK2/MX1/IFIT1/IFI16/IFITM2/ISG15/OAS3/BST2/PROX1/OAS2/IFITM3/APOBEC3C/IFITM1/RSAD2/SLPI",17,"adjacent_vs_healthy_up","GO_BP"
"GO:0060348","bone development","31/936","212/16135",0.14622641509434,2.52068718755039,5.53091281857615,1.84860491307539e-06,4.9843865804403e-05,3.59528173570551e-05,"OGN/GREM1/GLG1/FBN1/SULF1/ZBTB16/P3H1/SH3PXD2B/FOXC1/DDR2/COL6A1/ENG/FAM20C/LRRC17/SKI/TEK/MYOC/GLI3/CSGALNACT1/STC1/PLS3/BMP4/LTBP3/TGFBR2/COL1A1/TWIST1/AKAP13/GHR/COL3A1/BNC2/RAB23",31,"adjacent_vs_healthy_up","GO_BP"
"GO:0032970","regulation of actin filament-based process","45/936","369/16135",0.121951219512195,2.10222534917657,5.31525689991181,1.87726927766988e-06,5.03503381000301e-05,3.63181402638406e-05,"CCN2/SPTBN1/SFRP1/S1PR1/FAM107A/CAV1/PLN/SPTAN1/SHANK3/FRMD6/ZEB2/SLIT2/DLC1/MYOC/FLNA/TMEFF2/GSN/JAM3/CCL21/STC1/WASF3/EFNA5/CXCL12/CFL2/AKAP13/RHOQ/FERMT2/RGCC/PRKD1/GPM6B/MYADM/TMOD1/WASF1/BST2/LIMCH1/PROX1/SYNPO2/LMOD1/CCDC88A/KANK2/PHLDB2/SVIL/DIXDC1/ASB2/ARHGEF26",45,"adjacent_vs_healthy_up","GO_BP"
"GO:0010464","regulation of mesenchymal cell proliferation","11/936","34/16135",0.323529411764706,5.57708019105078,6.62983924456575,1.96565350260741e-06,5.2444870415117e-05,3.7828944784266e-05,"LMNA/PRRX1/FOXF1/FGFR1/ZEB1/BMP4/TGFBR2/SYNE1/NFIB/IRS2/MYC",11,"adjacent_vs_healthy_up","GO_BP"
"GO:0050727","regulation of inflammatory response","46/936","382/16135",0.120418848167539,2.07580995211885,5.280645891932,2.05058501616553e-06,5.44259439707267e-05,3.92579105068532e-05,"C3/PTGIS/CDH5/ZFP36/FOXF1/SERPINE1/IL33/PDE2A/HYAL2/NFKBIA/LDLR/TEK/SOCS3/CEBPB/RORA/FABP4/IER3/C2CD4B/USP18/LRRK2/AGTR1/AGT/C1QTNF3/PTGS2/LRFN5/ANXA1/LPL/TNC/WFDC1/IL6ST/ADIPOQ/CD81/CMA1/CALHM2/CCN3/FYN/IL1B/SAA1/TNFAIP6/BCL6/IFI35/S100A8/GBP1/FCGR2B/LGALS1/PLA2G2A",46,"adjacent_vs_healthy_up","GO_BP"
"GO:0010718","positive regulation of epithelial to mesenchymal transition","14/936","55/16135",0.254545454545455,4.38791763791764,6.24557761185932,2.0678613807432e-06,5.46001118977583e-05,3.93835393594506e-05,"OLFM1/FOXC1/ENG/WWTR1/JAG1/BMP4/TGFBR2/COL1A1/TGFB1I1/TWIST1/FERMT2/RGCC/AGT/IL1B",14,"adjacent_vs_healthy_up","GO_BP"
"GO:0031960","response to corticosteroid","25/936","152/16135",0.164473684210526,2.83523813540261,5.64139504188123,2.13080305403609e-06,5.59720224915872e-05,4.0373110497526e-05,"FOS/SLIT3/ZFP36/FAM107A/A2M/SLIT2/FOSB/SGK1/CDO1/STC1/AREG/PTGDS/TBX2/GHR/PTGS2/CYP1B1/NEFL/BCHE/ANXA1/SERPINF1/ADIPOQ/ADM/DDIT4/SCNN1G/SCNN1B",25,"adjacent_vs_healthy_up","GO_BP"
"GO:0042327","positive regulation of phosphorylation","49/936","419/16135",0.116945107398568,2.01592874773066,5.22878391246138,2.22929119212982e-06,5.82588098209926e-05,4.20225902451678e-05,"CCN1/SFRP2/GREM1/C3/TCIM/PECAM1/SASH1/PLPP3/FBN1/CAV1/HBEGF/NIBAN1/DDR2/FGFR1/TEK/SPRY2/PTPN11/THBS1/PARP9/BMP4/EFNA5/CLIP3/PRNP/RGCC/LRRK2/FGF7/EPHA4/AREG/S1PR2/CD36/ADRB2/FZD7/RARRES2/GHR/CCND1/ANGPT1/ADIPOQ/LIMCH1/PROX1/ITGA5/IL1B/ENPP2/CCDC88A/FGF2/THBS4/CHI3L1/PARP14/CCL19/CARTPT",49,"adjacent_vs_healthy_up","GO_BP"
"GO:0051145","smooth muscle cell differentiation","15/936","63/16135",0.238095238095238,4.10434472934473,6.12641903758715,2.2431663983266e-06,5.83223263564915e-05,4.20684052790359e-05,"HEY2/FOXF1/ENG/EFEMP2/RAMP2/RBPMS2/ZEB1/QKI/DNMT1/BMP4/APLNR/TBX2/ITGA8/PRDM6/ADM",15,"adjacent_vs_healthy_up","GO_BP"
"GO:0051494","negative regulation of cytoskeleton organization","25/936","153/16135",0.163398692810458,2.81670716719736,5.60294713686068,2.40945309985348e-06,6.23277817099155e-05,4.49575753389707e-05,"SPTBN1/CDH5/MAP1B/S1PR1/SPTAN1/SHANK3/SLIT2/DLC1/MYOC/TMEFF2/GSN/BMERB1/CDK5RAP2/CLIP3/MYADM/TMOD1/ATXN7/LMOD1/MAP2/KANK2/PHLDB2/SVIL/HDGFL3/STMN2/ASB2",25,"adjacent_vs_healthy_up","GO_BP"
"GO:0007596","blood coagulation","33/936","237/16135",0.139240506329114,2.4002623607054,5.3890695051107,2.62197562921116e-06,6.74827666992933e-05,4.86759112025804e-05,"THBD/SERPING1/ANGPTL2/TFPI/FBLN1/CAV1/MMRN1/SERPINE1/TLN1/PLAT/ANGPT2/F10/SELP/FLNA/THBS1/SERPINE2/ANGPTL1/MYL9/F3/HBB/CTSG/EMILIN1/CD36/ANO6/ANGPT1/IL6ST/COL3A1/PROS1/AXL/VCL/SAA1/ST3GAL4/CSRP1",33,"adjacent_vs_healthy_up","GO_BP"
"GO:0045601","regulation of endothelial cell differentiation","11/936","35/16135",0.314285714285714,5.41773504273504,6.49265299803842,2.71709888005263e-06,6.94352418575116e-05,5.00842486504236e-05,"APOLD1/CDH5/TMEM100/CLDN5/S1PR3/JAG1/ZEB1/BMP4/S1PR2/IL1B/VCL",11,"adjacent_vs_healthy_up","GO_BP"
"GO:0001886","endothelial cell morphogenesis","7/936","13/16135",0.538461538461538,9.28213346482577,7.41320287853366,2.72508798498868e-06,6.94352418575116e-05,5.00842486504236e-05,"CDH5/HEG1/COL18A1/STC1/CLIC4/ARHGEF26/HOXA13",7,"adjacent_vs_healthy_up","GO_BP"
"GO:0036303","lymph vessel morphogenesis","9/936","23/16135",0.391304347826087,6.74540133779264,6.84244012445979,2.79392829512938e-06,7.08351173730314e-05,5.10939911316669e-05,"VEGFC/SOX18/CLEC14A/FOXC1/PKD1/EPHA2/PROX1/CCBE1/FGF2",9,"adjacent_vs_healthy_up","GO_BP"
"GO:0003231","cardiac ventricle development","22/936","126/16135",0.174603174603175,3.00985280151947,5.62042122205272,3.1376166191995e-06,7.88372043062551e-05,5.68659665862685e-05,"CCN1/SFRP2/TGFBR3/SLIT3/HEG1/ZFPM2/HEY2/FOXF1/PDE2A/SLIT2/FOXC1/ENG/JAG1/HAND2/BMP4/TGFBR2/APLNR/PRDM1/CPE/PROX1/HAND1/HOXA13",22,"adjacent_vs_healthy_up","GO_BP"
"GO:0060395","SMAD protein signal transduction","17/936","81/16135",0.209876543209877,3.6179038725335,5.86146287784117,3.14049302868324e-06,7.88372043062551e-05,5.68659665862685e-05,"FOS/GREM1/TGFBR3/SPTBN1/CILP/JUN/ENG/WWTR1/SKI/BMP4/TGFBR2/RBPMS/EMILIN1/PMEPA1/CCN3/TWSG1/GDF15",17,"adjacent_vs_healthy_up","GO_BP"
"GO:0043116","negative regulation of vascular permeability","8/936","18/16135",0.444444444444444,7.66144349477683,7.01720139661737,3.23210713467258e-06,8.07393037171151e-05,5.8237967565927e-05,"CLDN5/AKAP12/PDE2A/SLIT2/RAMP2/FERMT2/ANGPT1/ADM",8,"adjacent_vs_healthy_up","GO_BP"
"GO:0055017","cardiac muscle tissue growth","16/936","73/16135",0.219178082191781,3.77824610701323,5.90382909428732,3.34862416775236e-06,8.32418963847125e-05,6.00431095958473e-05,"TGFBR3/HEG1/COL14A1/S1PR1/ZFPM2/HEY2/RGS2/FOXC1/FGFR1/SKI/MEIS1/PI16/TBX2/SORBS2/FGF2/RBP4",16,"adjacent_vs_healthy_up","GO_BP"
"GO:0003279","cardiac septum development","20/936","108/16135",0.185185185185185,3.19226812282368,5.67258316056199,3.43514597571256e-06,8.47600504413837e-05,6.11381674257027e-05,"CCN1/TGFBR3/SLIT3/HEG1/ZFPM2/HEY2/PLXND1/PDE2A/SLIT2/ENG/JAG1/BMP4/TGFBR2/APLNR/PRDM1/TBX2/PROX1/KCNJ8/HAND1/HOXA13",20,"adjacent_vs_healthy_up","GO_BP"
"GO:0030323","respiratory tube development","29/936","197/16135",0.147208121827411,2.5376100915441,5.38845010334513,3.44296123260723e-06,8.47600504413837e-05,6.11381674257027e-05,"KLF2/CCN2/PCSK5/HEG1/ZFPM2/IGFBP5/FBN1/FOXF1/COL6A1/FGFR1/SPRY1/SPRY2/GLI3/RSPO2/PKD1/BMP4/LTBP3/TGFBR2/ERRFI1/NFIB/FGF7/TBX2/TNC/COL3A1/PROX1/CCBE1/FGF2/CHI3L1/RBP4",29,"adjacent_vs_healthy_up","GO_BP"
"GO:0043410","positive regulation of MAPK cascade","50/936","438/16135",0.114155251141553,1.96783651406939,5.09603230250715,3.52520190459604e-06,8.63674466626029e-05,6.2297596411181e-05,"CCN2/IGFBP6/SASH1/ACKR3/AKAP12/DDR2/IGFBP3/FGFR1/TEK/MYOC/CAV2/SPRY2/PTPN11/THBS1/RAMP3/EIF2AK2/CAVIN3/CCL21/SEMA3A/HAND2/BMP4/FERMT2/LRRK2/MTURN/FGF7/CD36/ADRB2/FZD7/GSDME/GHR/ANGPT1/NRXN1/SH3RF3/CD81/PDE8B/TNFAIP8L3/MARCO/IL1B/CDH2/FGF2/JCAD/CHI3L1/GPR183/FCGR2B/ITGA1/HTR2B/GDF15/CCL19/CARTPT/PLA2G2A",50,"adjacent_vs_healthy_up","GO_BP"
"GO:0050817","coagulation","33/936","241/16135",0.136929460580913,2.3604239812746,5.28040993012241,3.79524879184096e-06,9.25386978144571e-05,6.67489739668025e-05,"THBD/SERPING1/ANGPTL2/TFPI/FBLN1/CAV1/MMRN1/SERPINE1/TLN1/PLAT/ANGPT2/F10/SELP/FLNA/THBS1/SERPINE2/ANGPTL1/MYL9/F3/HBB/CTSG/EMILIN1/CD36/ANO6/ANGPT1/IL6ST/COL3A1/PROS1/AXL/VCL/SAA1/ST3GAL4/CSRP1",33,"adjacent_vs_healthy_up","GO_BP"
"GO:0070167","regulation of biomineral tissue development","19/936","100/16135",0.19,3.27526709401709,5.6636883379306,4.04384323778717e-06,9.76979180650599e-05,7.04703647614618e-05,"CCN1/GREM1/MGP/S1PR1/HEY2/DDR2/FAM20C/CEBPB/PTN/ASPN/BMP4/LTBP3/TWIST1/ISG15/GPM6B/ADRB2/ANO6/TENT5A/SLC8A1",19,"adjacent_vs_healthy_up","GO_BP"
"GO:0050818","regulation of coagulation","16/936","74/16135",0.216216216216216,3.72718872718873,5.83507180933497,4.04518459806272e-06,9.76979180650599e-05,7.04703647614618e-05,"THBD/SERPING1/TFPI/CAV1/SERPINE1/PLAT/ANGPT2/THBS1/SERPINE2/F3/EMILIN1/CD36/ANO6/ANGPT1/PROS1/ST3GAL4",16,"adjacent_vs_healthy_up","GO_BP"
"GO:0021782","glial cell development","22/936","128/16135",0.171875,2.96282385149573,5.53264471307737,4.10291433282391e-06,9.86247709437295e-05,7.11389118680293e-05,"CLU/ZEB2/LAMB2/LDLR/COL6A1/SKI/PLEC/MYOC/VIM/CERS5/MED12/WASF3/ROR1/ID4/GPM6B/PLP1/MAL/PHGDH/IL1B/TSPAN2/ROR2/S100A8",22,"adjacent_vs_healthy_up","GO_BP"
"GO:0060392","negative regulation of SMAD protein signal transduction","9/936","24/16135",0.375,6.46434294871795,6.64788906376794,4.24071247772017e-06,0.000101458548293249,7.31829403123244e-05,"GREM1/TGFBR3/CILP/ENG/SKI/EMILIN1/PMEPA1/CCN3/GDF15",9,"adjacent_vs_healthy_up","GO_BP"
"GO:0048588","developmental cell growth","31/936","221/16135",0.14027149321267,2.41803476814789,5.26738160077019,4.48301769378404e-06,0.000106257944965226,7.66447872053556e-05,"SLIT3/SEMA3G/COL14A1/MAP1B/L1CAM/RGS2/FN1/OLFM1/RUFY3/LAMB2/SLIT2/NRN1/MEIS1/SYT1/SEMA3A/CXCR4/PRICKLE1/PI16/NDN/TGFBR2/EFNA5/CXCL12/SPP1/WASF1/SPART/MAP2/S100B/VCL/SORBS2/FLRT1/POSTN",31,"adjacent_vs_healthy_up","GO_BP"
"GO:0097529","myeloid leukocyte migration","31/936","221/16135",0.14027149321267,2.41803476814789,5.26738160077019,4.48301769378404e-06,0.000106257944965226,7.66447872053556e-05,"GREM1/PECAM1/VEGFC/DUSP1/MMP2/SCG2/SERPINE1/SLIT2/THBS1/JAM3/CCL21/CXCL12/CTSG/EMILIN1/ANO6/RARRES2/ANXA1/CD81/CCN3/CCL2/IL1B/SAA1/TNFAIP6/THBS4/ROR2/S100A8/CXCL3/ITGA1/CXCL13/CCL19/CXCL10",31,"adjacent_vs_healthy_up","GO_BP"
"GO:0048545","response to steroid hormone","40/936","323/16135",0.123839009287926,2.13476753724432,5.11229851205745,4.77607138461774e-06,0.000112679906370426,8.12770042645474e-05,"FOS/SFRP1/SLIT3/JUN/ZFP36/FAM107A/JUNB/TFPI/CAV1/A2M/SLIT2/DDX5/NCOA1/THBS1/FOSB/SGK1/CDO1/STC1/OR51E2/COL1A1/ERRFI1/AREG/PTGDS/TBX2/GHR/PTGS2/CYP1B1/NEFL/BCHE/SPP1/ANXA1/PMEPA1/SERPINF1/ADIPOQ/ADM/DDIT4/KANK2/SCNN1G/LMO3/SCNN1B",40,"adjacent_vs_healthy_up","GO_BP"
"GO:0007599","hemostasis","33/936","244/16135",0.135245901639344,2.33140237494746,5.20032001432051,4.97409670703628e-06,0.00011681104524911,8.42568309530472e-05,"THBD/SERPING1/ANGPTL2/TFPI/FBLN1/CAV1/MMRN1/SERPINE1/TLN1/PLAT/ANGPT2/F10/SELP/FLNA/THBS1/SERPINE2/ANGPTL1/MYL9/F3/HBB/CTSG/EMILIN1/CD36/ANO6/ANGPT1/IL6ST/COL3A1/PROS1/AXL/VCL/SAA1/ST3GAL4/CSRP1",33,"adjacent_vs_healthy_up","GO_BP"
"GO:0072577","endothelial cell apoptotic process","14/936","59/16135",0.23728813559322,4.0904316963639,5.90143461400219,5.08333155060281e-06,0.000118828704504,8.57121862612506e-05,"CD248/CDH5/ECSCR/SCG2/SERPINE1/TEK/THBS1/RAMP2/F3/RGCC/ANO6/ANGPT1/CCL2/NDNF",14,"adjacent_vs_healthy_up","GO_BP"
"GO:2001044","regulation of integrin-mediated signaling pathway","8/936","19/16135",0.421052631578947,7.25820962663068,6.77329078233291,5.2990204483194e-06,0.00012330506029514,8.89410209350221e-05,"LAMC1/LAMB2/LAMA2/FLNA/TIMP1/PRKD1/NID1/LIMS2",8,"adjacent_vs_healthy_up","GO_BP"
"GO:0032956","regulation of actin cytoskeleton organization","40/936","326/16135",0.122699386503067,2.11512243720833,5.0475496290729,5.98857268843763e-06,0.000138717120092173,0.000100057874775235,"CCN2/SPTBN1/SFRP1/S1PR1/FAM107A/SPTAN1/SHANK3/SLIT2/DLC1/MYOC/FLNA/TMEFF2/GSN/JAM3/CCL21/WASF3/EFNA5/CXCL12/CFL2/AKAP13/RHOQ/FERMT2/RGCC/PRKD1/GPM6B/MYADM/TMOD1/WASF1/BST2/LIMCH1/PROX1/SYNPO2/LMOD1/CCDC88A/KANK2/PHLDB2/SVIL/DIXDC1/ASB2/ARHGEF26",40,"adjacent_vs_healthy_up","GO_BP"
"GO:0019058","viral life cycle","36/936","280/16135",0.128571428571429,2.21634615384615,5.09512123105167,6.07112846413429e-06,0.000139993079878861,0.000100978235754975,"CH25H/PCSK5/CAV1/HYAL2/DDX5/LDLR/ZNFX1/CAV2/EIF2AK2/SIGLEC1/MX1/CXCR4/IFIT1/MYH10/IFI16/EPHA2/IFITM2/AGTR1/ISG15/NFIA/CD81/OAS3/BST2/PROX1/ITGA5/OAS2/IFITM3/CCL2/AXL/APOBEC3C/LAMP3/IFITM1/RSAD2/SLPI/LGALS1/CR2",36,"adjacent_vs_healthy_up","GO_BP"
"GO:0050730","regulation of peptidyl-tyrosine phosphorylation","24/936","151/16135",0.158940397350993,2.73985396501953,5.33040218887967,6.24314255754438e-06,0.000143311056185793,0.000103371521151944,"SFRP2/GREM1/SFRP1/PECAM1/PLPP3/HBEGF/HYAL2/PTPN11/PARP9/EFNA5/PRNP/ERRFI1/SOCS1/FGF7/EPHA4/AREG/CD36/ANGPT1/ADIPOQ/ITGA5/FYN/ENPP2/THBS4/PARP14",24,"adjacent_vs_healthy_up","GO_BP"
"GO:0071900","regulation of protein serine/threonine kinase activity","29/936","203/16135",0.142857142857143,2.46260683760684,5.20405541727344,6.29552680760374e-06,0.000143865491531608,0.000103771440227294,"TCIM/HEG1/SASH1/DUSP1/UCHL1/RGS2/RASIP1/THY1/HYAL2/TRIB1/FGFR1/TRIB2/THBS1/HERC5/NR2F2/LATS2/RGCC/LRRK2/AGT/GHR/CCND1/ADIPOQ/PROX1/SYNPO2/IL1B/HHEX/SLC8A1/FGF2/CCL19",29,"adjacent_vs_healthy_up","GO_BP"
"GO:0030324","lung development","28/936","193/16135",0.145077720207254,2.50088570036757,5.20542645814074,6.71645183992477e-06,0.000152799279358289,0.000110215459704029,"KLF2/CCN2/HEG1/ZFPM2/IGFBP5/FBN1/FOXF1/COL6A1/FGFR1/SPRY1/SPRY2/GLI3/RSPO2/PKD1/BMP4/LTBP3/TGFBR2/ERRFI1/NFIB/FGF7/TBX2/TNC/COL3A1/PROX1/CCBE1/FGF2/CHI3L1/RBP4",28,"adjacent_vs_healthy_up","GO_BP"
"GO:0051384","response to glucocorticoid","22/936","132/16135",0.166666666666667,2.87304131054131,5.36210189011606,6.88382346838973e-06,0.000155910952866285,0.000112459937083588,"FOS/SLIT3/ZFP36/FAM107A/A2M/SLIT2/FOSB/CDO1/STC1/AREG/PTGDS/TBX2/GHR/PTGS2/CYP1B1/NEFL/BCHE/ANXA1/SERPINF1/ADIPOQ/ADM/DDIT4",22,"adjacent_vs_healthy_up","GO_BP"
"GO:0010596","negative regulation of endothelial cell migration","13/936","53/16135",0.245283018867925,4.22824947589099,5.84166217882136,7.45171249238771e-06,0.000168026225049592,0.000121198789116991,"PTPRM/DCN/MMRN1/SLIT2/ANGPT2/MEOX2/THBS1/NR2F2/STC1/RGCC/SERPINF1/FGF2/CXCL13",13,"adjacent_vs_healthy_up","GO_BP"
"GO:0090066","regulation of anatomical structure size","53/936","488/16135",0.108606557377049,1.87218675563962,4.85517960787475,7.8100012692156e-06,0.0001753293677001,0.000126466609933229,"KLF2/SPTBN1/SEMA3G/MMP2/MAP1B/L1CAM/RGS2/SOD3/FN1/OLFM1/CAV1/SPTAN1/SHANK3/RUFY3/SLIT2/FOXC1/COL6A1/WNK1/GUCY1A1/GSN/CCL21/SEMA3A/HP1BP3/EFNA5/CXCL12/CFL2/HBB/LRRK2/AGTR1/AGT/MSN/PRKD1/MYADM/ADRB2/ANO6/PTGS2/TMOD1/NEFL/SPP1/ADM/LMOD1/SPART/MAP2/KCNJ8/KCNMB4/SLC8A1/KANK2/SVIL/ASB2/ITGA1/HTR2B/KCNMB1/SCNN1B",53,"adjacent_vs_healthy_up","GO_BP"
"GO:0048754","branching morphogenesis of an epithelial tube","24/936","153/16135",0.156862745098039,2.70403888050947,5.25546435828674,7.87090446833097e-06,0.000175921619169362,0.000126893806109934,"SFRP2/GREM1/RASIP1/FOXF1/PLXND1/SLIT2/ENG/COL4A1/SPRY1/SPRY2/GLI3/RSPO2/PKD1/BMP4/TGFBR2/EPHA2/AGT/AREG/TBX2/TNC/MYC/SEMA3E/CLIC4/FGF2",24,"adjacent_vs_healthy_up","GO_BP"
"GO:0035455","response to interferon-alpha","8/936","20/16135",0.4,6.89529914529915,6.54646926854403,8.38318788412695e-06,0.00018655338627734,0.000134562592927471,"EIF2AK2/MX2/IFITM2/BST2/IFITM3/AXL/LAMP3/IFITM1",8,"adjacent_vs_healthy_up","GO_BP"
"GO:1901655","cellular response to ketone","19/936","105/16135",0.180952380952381,3.11930199430199,5.40657433319103,8.51664098474665e-06,0.000188699141122908,0.000136110344708171,"FOS/KLF2/SFRP1/ADCY3/SGK1/EFNA5/MSN/PRKD1/TBX2/CYP1B1/SPP1/TNC/SERPINF1/PRKAA2/DDIT4/SCNN1G/POSTN/BTG2/SCNN1B",19,"adjacent_vs_healthy_up","GO_BP"
"GO:0030194","positive regulation of blood coagulation","9/936","26/16135",0.346153846153846,5.96708579881657,6.29007013977004,9.12075140088385e-06,0.000198629697174804,0.000143273341843843,"THBD/SERPINE1/PLAT/THBS1/F3/EMILIN1/CD36/ANO6/ST3GAL4",9,"adjacent_vs_healthy_up","GO_BP"
"GO:0033622","integrin activation","9/936","26/16135",0.346153846153846,5.96708579881657,6.29007013977004,9.12075140088385e-06,0.000198629697174804,0.000143273341843843,"FN1/RASIP1/COL16A1/TLN1/SELP/JAM3/CXCL12/FERMT2/CXCL13",9,"adjacent_vs_healthy_up","GO_BP"
"GO:0060740","prostate gland epithelium morphogenesis","9/936","26/16135",0.346153846153846,5.96708579881657,6.29007013977004,9.12075140088385e-06,0.000198629697174804,0.000143273341843843,"SFRP1/MMP2/SULF1/BMP4/ID4/TNC/HOXB13/HOXA13/HOXD13",9,"adjacent_vs_healthy_up","GO_BP"
"GO:1900048","positive regulation of hemostasis","9/936","26/16135",0.346153846153846,5.96708579881657,6.29007013977004,9.12075140088385e-06,0.000198629697174804,0.000143273341843843,"THBD/SERPINE1/PLAT/THBS1/F3/EMILIN1/CD36/ANO6/ST3GAL4",9,"adjacent_vs_healthy_up","GO_BP"
"GO:0048771","tissue remodeling","26/936","175/16135",0.148571428571429,2.56111111111111,5.1527353690507,9.19547514426053e-06,0.000199404856745326,0.000143832471237437,"RSPO3/GREM1/SFRP1/MMP2/S1PR1/IGFBP5/CAV1/CTSK/FOXC1/DDR2/COL6A1/JAG1/FLNA/PTN/TIMP1/HAND2/LTBP3/EPHA2/MITF/AGT/ADRB2/SPP1/NPR3/AXL/THBS4/CARTPT",26,"adjacent_vs_healthy_up","GO_BP"
"GO:0016055","Wnt signaling pathway","49/936","441/16135",0.111111111111111,1.91536087369421,4.83666779148152,9.2858743042592e-06,0.000199934968897755,0.00014421484578017,"EGR1/SFRP2/RSPO3/GREM1/IGFBP6/SFRP1/CHD8/ADGRA2/APCDD1/RBMS3/SHISA3/PLPP3/SULF1/CAV1/ZEB2/NR4A2/COL6A1/WWTR1/SKI/MYOC/RNF213/WNK1/SOX7/MED12/PRICKLE2/GLI3/ROR1/RSPO2/LATS2/PKD1/PRICKLE1/COL1A1/DACT3/TGFB1I1/PLEKHA4/FERMT2/LRRK2/MITF/FZD7/CCND1/TMEM131L/AMOTL1/CPE/PRKAA2/HHEX/CDH2/FGF2/DIXDC1/ROR2",49,"adjacent_vs_healthy_up","GO_BP"
"GO:0006956","complement activation","13/936","54/16135",0.240740740740741,4.14994855967078,5.7536740972366,9.29838846718365e-06,0.000199934968897755,0.00014421484578017,"C1R/C3/CLU/SERPING1/C1S/CFH/A2M/CFD/RGCC/C7/IL1B/FCN1/CR2",13,"adjacent_vs_healthy_up","GO_BP"
"GO:0001704","formation of primary germ layer","21/936","125/16135",0.168,2.89602564102564,5.28086408364384,9.74612814614784e-06,0.000207942747652186,0.000149990926795306,"SFRP2/DUSP1/MMP2/FN1/FOXF1/FOXC1/COL6A1/COL5A1/FGFR1/DUSP4/SOX7/ITGA7/BMP4/EPHA2/FZD7/ITGA8/ITGA5/DUSP2/TWSG1/COL4A2/HAND1",21,"adjacent_vs_healthy_up","GO_BP"
"GO:0003151","outflow tract morphogenesis","16/936","79/16135",0.20253164556962,3.49129070648058,5.50833972029168,9.87152043778809e-06,0.000207942747652186,0.000149990926795306,"SFRP2/TGFBR3/SOX18/ZFPM2/HEY2/CLDN5/PLXND1/FOXC1/ENG/JAG1/HAND2/PRICKLE1/BMP4/TGFBR2/TWIST1/TBX2",16,"adjacent_vs_healthy_up","GO_BP"
"GO:0030500","regulation of bone mineralization","16/936","79/16135",0.20253164556962,3.49129070648058,5.50833972029168,9.87152043778809e-06,0.000207942747652186,0.000149990926795306,"CCN1/GREM1/MGP/S1PR1/DDR2/FAM20C/PTN/BMP4/LTBP3/TWIST1/ISG15/GPM6B/ADRB2/ANO6/TENT5A/SLC8A1",16,"adjacent_vs_healthy_up","GO_BP"
"GO:0055013","cardiac muscle cell development","16/936","79/16135",0.20253164556962,3.49129070648058,5.50833972029168,9.87152043778809e-06,0.000207942747652186,0.000149990926795306,"LMNA/COL14A1/HEY2/RGS2/PLEC/MEIS1/PRICKLE1/PI16/BMP4/MYH11/PROX1/SLC8A1/SGCD/FHOD3/SORBS2/ASB2",16,"adjacent_vs_healthy_up","GO_BP"
"GO:0007015","actin filament organization","49/936","442/16135",0.110859728506787,1.91102747805236,4.81937884173106,9.87483220797275e-06,0.000207942747652186,0.000149990926795306,"CCN2/SPTBN1/SFRP1/S1PR1/FAM107A/DBN1/SPTAN1/SHANK3/RUFY3/ZEB2/SLIT2/DLC1/PLEC/MYOC/RHOJ/FLNA/TMEFF2/GSN/CCL21/WASF3/PPP1R9A/ENAH/TPM2/PLS3/MYL9/DPYSL3/CXCL12/CFL2/RHOQ/FERMT2/RGCC/CALD1/MYADM/TMOD1/CNN1/WASF1/ACTN1/LIMCH1/PROX1/SYNPO2/LMOD1/SORBS1/CAP2/TAGLN3/CCDC88A/KANK2/PHLDB2/SVIL/ASB2",49,"adjacent_vs_healthy_up","GO_BP"
"GO:0060541","respiratory system development","30/936","219/16135",0.136986301369863,2.36140381688327,5.03377151939688,1.0263789900953e-05,0.000215243923190356,0.00015525732871617,"KLF2/CCN2/HEG1/ZFPM2/IGFBP5/FBN1/FOXF1/COL6A1/FGFR1/SKI/SPRY1/SPRY2/GLI3/RSPO2/PKD1/BMP4/LTBP3/TGFBR2/ERRFI1/NFIB/FGF7/TBX2/PHOX2B/TNC/COL3A1/PROX1/CCBE1/FGF2/CHI3L1/RBP4",30,"adjacent_vs_healthy_up","GO_BP"
"GO:0048736","appendage development","27/936","187/16135",0.144385026737968,2.48894487865076,5.08215320756055,1.06735968521756e-05,0.000222010814525252,0.000160138346757453,"SFRP2/GREM1/PCSK5/PRRX1/ZBTB16/COL6A1/FGFR1/SKI/AFF3/MEOX2/GLI3/HAND2/FRAS1/RSPO2/PRICKLE1/BMP4/TWIST1/ERRFI1/FERMT2/ATRX/TBX2/CHST11/NFIA/MAP3K20/COL3A1/HOXA13/HOXD13",27,"adjacent_vs_healthy_up","GO_BP"
"GO:0060173","limb development","27/936","187/16135",0.144385026737968,2.48894487865076,5.08215320756055,1.06735968521756e-05,0.000222010814525252,0.000160138346757453,"SFRP2/GREM1/PCSK5/PRRX1/ZBTB16/COL6A1/FGFR1/SKI/AFF3/MEOX2/GLI3/HAND2/FRAS1/RSPO2/PRICKLE1/BMP4/TWIST1/ERRFI1/FERMT2/ATRX/TBX2/CHST11/NFIA/MAP3K20/COL3A1/HOXA13/HOXD13",27,"adjacent_vs_healthy_up","GO_BP"
"GO:0045778","positive regulation of ossification","13/936","55/16135",0.236363636363636,4.07449494949495,5.66778737754162,1.15364087558437e-05,0.000238981865934064,0.00017237971491402,"CCN1/ZBTB16/FAM20C/PTPN11/PTN/BMP4/ISG15/GPM6B/ADRB2/ANO6/TENT5A/CCN3/SLC8A1",13,"adjacent_vs_healthy_up","GO_BP"
"GO:0010721","negative regulation of cell development","34/936","266/16135",0.12781954887218,2.20338506522717,4.91102447740559,1.23962850544927e-05,0.000255698813340462,0.000184437795626063,"SFRP1/SEMA3G/FBN1/THY1/RUFY3/LDLR/TRIB1/LRRC17/SKI/S1PR3/PTN/GLI3/SEMA3A/QKI/BMP4/SOCS1/ID4/TMEM131L/SPP1/ANXA1/ADIPOQ/MYC/PROX1/SPART/MAP2/HOOK3/HLX/IL1B/TNFAIP6/BCL6/BTG2/FCGR2B/LGALS1/CARTPT",34,"adjacent_vs_healthy_up","GO_BP"
"GO:0045859","regulation of protein kinase activity","41/936","348/16135",0.117816091954023,2.03094299538265,4.82476219906323,1.24437413085625e-05,0.000255698813340462,0.000184437795626063,"CCN1/TCIM/HEG1/SASH1/DUSP1/UCHL1/RGS2/RASIP1/FBN1/THY1/CDKN1C/HYAL2/DDR2/TRIB1/WWTR1/FGFR1/TRIB2/THBS1/HERC5/NR2F2/LATS2/ERRFI1/RGCC/LRRK2/EPHA4/AGT/ADRB2/GHR/CCND1/ANGPT1/ADIPOQ/PROX1/SYNPO2/IL1B/HHEX/SLC8A1/CCDC88A/FGF2/CHI3L1/CCL19/CARTPT",41,"adjacent_vs_healthy_up","GO_BP"
"GO:0046683","response to organophosphorus","21/936","127/16135",0.165354330708661,2.85041893801736,5.19523061309753,1.25491149172871e-05,0.000256828472363434,0.000185252628582399,"FOS/THBD/IGFBP5/PDE2A/TEK/FOSB/CDO1/STC1/COL1A1/INHBB/ERRFI1/AREG/PTGS2/CYP1B1/ADIPOQ/KCNJ8/IL1B/AKR1C1/DUOX2/RYR3/PENK",21,"adjacent_vs_healthy_up","GO_BP"
"GO:0010955","negative regulation of protein processing","8/936","21/16135",0.380952380952381,6.56695156695157,6.33471169086569,1.28548221329261e-05,0.000262032694357566,0.00018900647952917,"GLG1/SERPINE1/GAS1/PLAT/THBS1/SERPINE2/PRNP/LRRK2",8,"adjacent_vs_healthy_up","GO_BP"
"GO:0060343","trabecula formation","9/936","27/16135",0.333333333333333,5.74608262108262,6.12488316924286,1.29797364491759e-05,0.000263524848386457,0.000190082783311061,"ADAMTS1/GREM1/TGFBR3/SFRP1/MMP2/HEY2/TEK/COL1A1/RBP4",9,"adjacent_vs_healthy_up","GO_BP"
"GO:0044703","multi-organism reproductive process","28/936","200/16135",0.14,2.4133547008547,4.99104602591953,1.33126337791215e-05,0.000269161861236815,0.000194148810096455,"FOS/PCSK5/THBD/MMP2/TAC1/RGS2/JUNB/COL16A1/IGFBP5/FBLN1/HSPG2/MAFF/ANGPT2/PTN/SERPINE2/FOSB/TIMP1/NR2F2/LDOC1/STC1/ERRFI1/PRDM1/PTGS2/SPP1/TPPP3/ITGA5/ADM/IL1B",28,"adjacent_vs_healthy_up","GO_BP"
"GO:0098742","cell-cell adhesion via plasma-membrane adhesion molecules","34/936","267/16135",0.127340823970037,2.19513268670572,4.88665976719363,1.34345193486899e-05,0.000269161861236815,0.000194148810096455,"CDH5/ROBO4/PECAM1/PTPRM/L1CAM/CLDN5/CADM3/SPARCL1/PCDH17/PCDH9/PCDH7/SELP/WNK1/NEXN/PKD1/TGFBR2/EFNA5/PALLD/PCDHB4/PCDHB16/HMCN1/MYADM/LRFN5/NRXN1/ADIPOQ/MPZ/PCDHB5/ITGA5/PCDH18/FAT4/PCDHB14/CDH2/AMIGO2/CLDN8",34,"adjacent_vs_healthy_up","GO_BP"
"GO:2001046","positive regulation of integrin-mediated signaling pathway","6/936","11/16135",0.545454545454545,9.40268065268065,6.9179791589576,1.34674372330093e-05,0.000269161861236815,0.000194148810096455,"LAMC1/LAMB2/LAMA2/FLNA/NID1/LIMS2",6,"adjacent_vs_healthy_up","GO_BP"
"GO:0002686","negative regulation of leukocyte migration","12/936","48/16135",0.25,4.30956196581197,5.69842777113357,1.35214749757898e-05,0.000269161861236815,0.000194148810096455,"GREM1/DUSP1/APOD/IL33/SLIT2/CCL21/CXCL12/EMILIN1/CCN3/CCL2/TNFAIP6/GDF15",12,"adjacent_vs_healthy_up","GO_BP"
"GO:0061383","trabecula morphogenesis","12/936","48/16135",0.25,4.30956196581197,5.69842777113357,1.35214749757898e-05,0.000269161861236815,0.000194148810096455,"ADAMTS1/GREM1/TGFBR3/SFRP1/HEG1/MMP2/S1PR1/HEY2/ENG/TEK/COL1A1/RBP4",12,"adjacent_vs_healthy_up","GO_BP"
"GO:0048010","vascular endothelial growth factor receptor signaling pathway","18/936","99/16135",0.181818181818182,3.13422688422688,5.28581066615437,1.36457798974438e-05,0.000270579355476163,0.000195171261117649,"VEGFC/CLEC14A/SULF1/MMRN1/FOXC1/DDR2/FGFR1/TEK/EPHA2/EPHA4/EMILIN1/PRKD1/ITGA5/FYN/AXL/IL1B/HHEX/ROR2",18,"adjacent_vs_healthy_up","GO_BP"
"GO:0002688","regulation of leukocyte chemotaxis","20/936","118/16135",0.169491525423729,2.92173692597421,5.1993109805836,1.37791961487167e-05,0.00027216582780566,0.0001963155975166,"GREM1/VEGFC/DUSP1/SERPINE1/SLIT2/WNK1/THBS1/PTN/JAM3/CCL21/CXCL12/ANO6/RARRES2/CCN3/CCL2/TNFAIP6/THBS4/CXCL13/CCL19/CXCL10",20,"adjacent_vs_healthy_up","GO_BP"
"GO:0048247","lymphocyte chemotaxis","11/936","41/16135",0.268292682926829,4.62489576818845,5.76709222109343,1.49281266665996e-05,0.000293720978737419,0.000211863516845218,"CH25H/PLEC/WNK1/CCL21/CXCL12/CCL2/SAA1/CXCL11/GPR183/CXCL13/CXCL10",11,"adjacent_vs_healthy_up","GO_BP"
"GO:0035909","aorta morphogenesis","10/936","34/16135",0.294117647058824,5.07007290095525,5.89544598754384,1.50315520147516e-05,0.000294618419489131,0.000212510848726771,"FKBP10/HEY2/ENG/EFEMP2/JAG1/TGFBR2/TBX2/MYLK/COL3A1/PROX1",10,"adjacent_vs_healthy_up","GO_BP"
"GO:0043549","regulation of kinase activity","43/936","375/16135",0.114666666666667,1.97665242165242,4.74874666668391,1.50992243064367e-05,0.000294810908297324,0.000212649692591559,"CCN1/TCIM/HEG1/SASH1/DUSP1/UCHL1/LDB2/RGS2/RASIP1/FBN1/THY1/CDKN1C/HYAL2/DDR2/TRIB1/WWTR1/FGFR1/TRIB2/THBS1/HERC5/NR2F2/LATS2/ERRFI1/RGCC/LRRK2/EPHA4/AGT/IRS2/ADRB2/GHR/CCND1/ANGPT1/ADIPOQ/PROX1/SYNPO2/IL1B/HHEX/SLC8A1/CCDC88A/FGF2/CHI3L1/CCL19/CARTPT",43,"adjacent_vs_healthy_up","GO_BP"
"GO:0018108","peptidyl-tyrosine phosphorylation","27/936","191/16135",0.141361256544503,2.43682037857431,4.95703474472108,1.58083836015211e-05,0.000307479094783785,0.000221787366558906,"SFRP2/GREM1/SFRP1/PECAM1/EFEMP1/PLPP3/HBEGF/HYAL2/DDR2/FGFR1/PTPN11/PARP9/EFNA5/PRNP/ERRFI1/SOCS1/FGF7/EPHA4/AREG/CD36/ANGPT1/ADIPOQ/ITGA5/FYN/ENPP2/THBS4/PARP14",27,"adjacent_vs_healthy_up","GO_BP"
"GO:0061028","establishment of endothelial barrier","12/936","49/16135",0.244897959183673,4.22161172161172,5.60465194692568,1.69704716163091e-05,0.000328827085006506,0.000237185859052037,"CDH5/ROBO4/PECAM1/SOX18/CLDN5/PDE2A/S1PR3/MSN/S1PR2/MYADM/IL1B/VCL",12,"adjacent_vs_healthy_up","GO_BP"
"GO:0018212","peptidyl-tyrosine modification","27/936","192/16135",0.140625,2.42412860576923,4.92624769266403,1.74018751626342e-05,0.000335908923593879,0.000242294051307491,"SFRP2/GREM1/SFRP1/PECAM1/EFEMP1/PLPP3/HBEGF/HYAL2/DDR2/FGFR1/PTPN11/PARP9/EFNA5/PRNP/ERRFI1/SOCS1/FGF7/EPHA4/AREG/CD36/ANGPT1/ADIPOQ/ITGA5/FYN/ENPP2/THBS4/PARP14",27,"adjacent_vs_healthy_up","GO_BP"
"GO:0048659","smooth muscle cell proliferation","22/936","140/16135",0.157142857142857,2.70886752136752,5.03943368364535,1.80626271125633e-05,0.000347347727417444,0.000250544960782805,"ADAMTS1/OGN/JUN/APOD/MMP2/S1PR1/IGFBP5/HBEGF/DDR2/EFEMP2/TRIB1/IGFBP3/THBS1/RBPMS2/PDE1A/DNMT1/BMP4/PTGS2/ADIPOQ/CNN1/CCN3/FGF2",22,"adjacent_vs_healthy_up","GO_BP"
"GO:0060512","prostate gland morphogenesis","9/936","28/16135",0.321428571428571,5.54086538461539,5.96776560107904,1.81479686596804e-05,0.000347676873269668,0.000250782376571445,"SFRP1/MMP2/SULF1/BMP4/ID4/TNC/HOXB13/HOXA13/HOXD13",9,"adjacent_vs_healthy_up","GO_BP"
"GO:0070374","positive regulation of ERK1 and ERK2 cascade","26/936","182/16135",0.142857142857143,2.46260683760684,4.9242892357142,1.87124813317972e-05,0.000356069382025002,0.000256835966708937,"CCN2/ACKR3/AKAP12/DDR2/TEK/SPRY2/PTPN11/RAMP3/CAVIN3/CCL21/HAND2/BMP4/FERMT2/MTURN/CD36/ANGPT1/NRXN1/PDE8B/TNFAIP8L3/MARCO/FGF2/CHI3L1/GPR183/HTR2B/CCL19/PLA2G2A",26,"adjacent_vs_healthy_up","GO_BP"
"GO:0071375","cellular response to peptide hormone stimulus","41/936","354/16135",0.115819209039548,1.99652023274905,4.70459166757757,1.87257838270605e-05,0.000356069382025002,0.000256835966708937,"FOS/MAP1B/PHIP/TNS2/NR4A1/FBN1/CAV1/NR4A2/DDR2/COL6A1/FGFR1/TEK/SOCS3/CAV2/NCOA1/PTPN11/LPIN1/INHBB/EPHA2/RHOQ/SOCS1/EPHA4/AGTR1/AGT/PRKD1/IRS2/RARRES2/GHR/CYP1B1/IRS1/CPEB1/ADIPOQ/RAB31/AXL/SORBS1/IL1B/SCNN1G/ROR2/SCNN1B/GDF15/ECHDC3",41,"adjacent_vs_healthy_up","GO_BP"
"GO:0043535","regulation of blood vessel endothelial cell migration","17/936","92/16135",0.184782608695652,3.18532840951319,5.21638066820068,1.88747078538407e-05,0.000357566956219971,0.000257916180104135,"TGFBR3/VEGFC/MMRN1/ANGPT2/FGFR1/MEOX2/RHOJ/THBS1/EPHA2/SRPX2/RGCC/PRKD1/PTGS2/ANGPT1/ANXA1/FGF2/JCAD",17,"adjacent_vs_healthy_up","GO_BP"
"GO:0001937","negative regulation of endothelial cell proliferation","11/936","42/16135",0.261904761904762,4.5147792022792,5.65985924232567,1.91736464247705e-05,0.000361884822891225,0.00026103069518635,"PTPRM/SCG2/SULF1/CAV1/SPARC/ENG/CAV2/THBS1/NR2F2/RGCC/CCL2",11,"adjacent_vs_healthy_up","GO_BP"
"GO:0050729","positive regulation of inflammatory response","23/936","151/16135",0.152317880794702,2.62569338314371,4.98064765329841,1.97422460537265e-05,0.000371241645349779,0.000267779853251555,"C3/SERPINE1/IL33/PDE2A/HYAL2/NFKBIA/LDLR/CEBPB/FABP4/C2CD4B/LRRK2/AGTR1/AGT/PTGS2/LPL/IL6ST/CD81/IL1B/IFI35/S100A8/GBP1/LGALS1/PLA2G2A",23,"adjacent_vs_healthy_up","GO_BP"
"GO:0072132","mesenchyme morphogenesis","13/936","58/16135",0.224137931034483,3.86374521072797,5.42184764887782,2.1336556343978e-05,0.000399746658562176,0.000288340769168619,"TMEM100/HEY2/FOXF1/ADAMTS5/FOXC1/ENG/FGFR1/ACTG2/TGFBR2/APLNR/TWIST1/TBX2/MYC",13,"adjacent_vs_healthy_up","GO_BP"
"GO:0002062","chondrocyte differentiation","19/936","112/16135",0.169642857142857,2.92434561965812,5.07132698774768,2.21711298392182e-05,0.000413861090332073,0.000298521632537305,"SFRP2/CCN2/GREM1/EFEMP1/GLG1/SULF1/ZBTB16/FGFR1/PTPN11/GLI3/BMP4/LTBP3/TGFBR2/NFIB/CHST11/COL3A1/TRPS1/CCN3/TWSG1",19,"adjacent_vs_healthy_up","GO_BP"
"GO:0030900","forebrain development","45/936","406/16135",0.110837438423645,1.91064323607427,4.61171191496459,2.27310867139293e-05,0.00042276502881089,0.000304944121417753,"FOS/TACC1/SHANK3/NR4A2/SLIT2/TUBA1A/ELAVL4/DLC1/PCDH9/FGFR1/SKI/NCOA1/FLNA/TUBB2B/GLI3/NR2F2/SEMA3A/CXCR4/ZEB1/BMERB1/BMP4/INHBB/CXCL12/KIF26A/LRRK2/NFIB/ATRX/ID4/NEFL/TUBB2A/COL3A1/PROX1/SEMA3E/FYN/AXL/HOOK3/FAT4/MFSD2A/NDNF/CDH2/TWSG1/FGF2/DIXDC1/BTG2/NPY",45,"adjacent_vs_healthy_up","GO_BP"
"GO:0031032","actomyosin structure organization","28/936","206/16135",0.135922330097087,2.34306281636379,4.81434404427513,2.3187477236748e-05,0.000429685032721702,0.000309935580902293,"CCN2/SFRP1/S1PR1/CSRP2/ZEB2/DLC1/PLEC/MYOC/TMEFF2/MYH10/MYL9/CFL2/MYH11/AKAP13/FERMT2/RGCC/PRKD1/TMOD1/FLNC/CNN1/LIMCH1/PROX1/LMOD1/SORBS1/FHOD3/CCDC88A/PHLDB2/CSRP1",28,"adjacent_vs_healthy_up","GO_BP"
"GO:0003401","axis elongation","9/936","29/16135",0.310344827586207,5.34980106100796,5.81803044616639,2.49670703507241e-05,0.000460986197490181,0.000332513385449003,"SFRP2/SFRP1/SPRY1/SPRY2/MED12/BMP4/AREG/TNC/HOXD13",9,"adjacent_vs_healthy_up","GO_BP"
"GO:0050921","positive regulation of chemotaxis","22/936","143/16135",0.153846153846154,2.65203813280736,4.92422783753084,2.53638126990531e-05,0.000466620900773916,0.000336577746323745,"VEGFC/S1PR1/SCG2/SERPINE1/SLIT2/FGFR1/WNK1/THBS1/PTN/CCL21/CXCR4/SMOC2/CXCL12/F3/PRKD1/ANO6/RARRES2/FGF2/THBS4/CXCL13/CCL19/CXCL10",22,"adjacent_vs_healthy_up","GO_BP"
"GO:0033629","negative regulation of cell adhesion mediated by integrin","6/936","12/16135",0.5,8.61912393162393,6.5520043488015,2.56106677543467e-05,0.000469467492360255,0.000338631017789393,"SERPINE1/PTPN11/WNK1/JAM3/CYP1B1/MUC1",6,"adjacent_vs_healthy_up","GO_BP"
"GO:1903053","regulation of extracellular matrix organization","13/936","59/16135",0.220338983050847,3.79825800376648,5.3435048125366,2.59298590029753e-05,0.000470867494435685,0.000339640851559409,"AEBP1/TGFBR3/LAMC1/LAMB2/DDR2/COL6A1/EFEMP2/LAMA2/RGCC/AGT/EMILIN1/NID1/PHLDB2",13,"adjacent_vs_healthy_up","GO_BP"
"GO:0038084","vascular endothelial growth factor signaling pathway","16/936","85/16135",0.188235294117647,3.24484665661136,5.14944077711519,2.59642397834434e-05,0.000470867494435685,0.000339640851559409,"VEGFC/ADGRA2/DCN/FOXC1/DDR2/FGFR1/TEK/SPRY2/SMOC2/EPHA2/EPHA4/EMILIN1/AXL/CCBE1/ROR2/JCAD",16,"adjacent_vs_healthy_up","GO_BP"
"GO:0046620","regulation of organ growth","16/936","85/16135",0.188235294117647,3.24484665661136,5.14944077711519,2.59642397834434e-05,0.000470867494435685,0.000339640851559409,"TGFBR3/COL14A1/DUSP6/ZFPM2/HEY2/RGS2/FOXC1/FGFR1/YBX3/LATS2/PI16/TBX2/PROX1/HLX/FGF2/RBP4",16,"adjacent_vs_healthy_up","GO_BP"
"GO:0044706","multi-multicellular organism process","28/936","208/16135",0.134615384615385,2.32053336620644,4.75680665784021,2.77283369274741e-05,0.000501076613412794,0.00036143095390347,"FOS/PCSK5/THBD/MMP2/TAC1/RGS2/JUNB/COL16A1/IGFBP5/FBLN1/HSPG2/MAFF/ANGPT2/PTN/SERPINE2/FOSB/TIMP1/NR2F2/LDOC1/STC1/ERRFI1/PRDM1/PTGS2/SPP1/TPPP3/ITGA5/ADM/IL1B",28,"adjacent_vs_healthy_up","GO_BP"
"GO:1903318","negative regulation of protein maturation","8/936","23/16135",0.347826086956522,5.99591230026013,5.94984210358324,2.79130950514903e-05,0.000502632976616235,0.000362553572325847,"GLG1/SERPINE1/GAS1/PLAT/THBS1/SERPINE2/PRNP/LRRK2",8,"adjacent_vs_healthy_up","GO_BP"
"GO:0030193","regulation of blood coagulation","14/936","68/16135",0.205882352941176,3.54905103066868,5.22717491034802,2.89223156057069e-05,0.000518524024685528,0.000374015924605855,"THBD/SERPING1/TFPI/CAV1/SERPINE1/PLAT/THBS1/SERPINE2/F3/EMILIN1/CD36/ANO6/PROS1/ST3GAL4",14,"adjacent_vs_healthy_up","GO_BP"
"GO:0048565","digestive tract development","21/936","134/16135",0.156716417910448,2.70151645618064,4.90813425215619,2.89990869378681e-05,0.000518524024685528,0.000374015924605855,"SFRP2/SFRP1/PCSK5/CHD8/FOXF1/AHI1/NKX2-3/GLI3/RBPMS2/PKD1/PRDM1/RARRES2/IL6ST/COL3A1/FOXF2/HLX/CLMP/NPY/HOXA13/PYY/HOXD13",21,"adjacent_vs_healthy_up","GO_BP"
"GO:0032868","response to insulin","37/936","313/16135",0.118210862619808,2.0377481499686,4.6008162623257,3.03471067547351e-05,0.000540730265811644,0.000390033480999393,"EGR1/FOS/GAL/PHIP/TNS2/TWIST2/CTSK/DDR2/COL6A1/FGFR1/TEK/SOCS3/CAV2/NCOA1/PTPN11/LPIN1/COL1A1/INHBB/EPHA2/RHOQ/ERRFI1/SOCS1/EPHA4/IRS2/RARRES2/GHR/IRS1/CPEB1/ADIPOQ/RAB31/ADM/AXL/KCNJ8/SORBS1/IL1B/ROR2/ECHDC3",37,"adjacent_vs_healthy_up","GO_BP"
"GO:0007409","axonogenesis","48/936","449/16135",0.106904231625835,1.84284164239621,4.49484264970596,3.13281895166821e-05,0.000556266389466941,0.000401239823188168,"GAP43/SLIT3/ROBO4/MYCBP2/SEMA3G/UCHL1/MAP1B/PTPRM/L1CAM/FN1/OLFM1/PLXND1/THY1/TUBB3/RUFY3/NR4A2/LAMB2/SLIT2/LGI1/LAMA2/PTPN11/NEXN/TUBB2B/GLI3/SEMA3A/NRXN3/ENAH/PRICKLE1/NDN/EFNA5/PALLD/CXCL12/NFIB/EPHA4/NEFL/PHOX2B/SPP1/NRXN1/MAP1A/ARHGEF25/SEMA3E/SPART/MAP2/FYN/S100B/VCL/NPTX1/ANOS1",48,"adjacent_vs_healthy_up","GO_BP"
"GO:0048592","eye morphogenesis","24/936","166/16135",0.144578313253012,2.49227679950571,4.79585466667801,3.17473989696962e-05,0.000561752587324903,0.000405197065797439,"MFAP5/EFEMP1/PTPRM/FBN1/SAMD11/THY1/COL5A1/AHI1/SKI/JAG1/GLI3/MEIS1/ZEB1/ZHX2/BMP4/EPHA2/TWIST1/PRDM1/TBX2/PROX1/FOXF2/MFSD2A/FGF2/RBP4",24,"adjacent_vs_healthy_up","GO_BP"
"GO:0030278","regulation of ossification","20/936","125/16135",0.16,2.75811965811966,4.89676445108093,3.28470603615284e-05,0.000579199375786675,0.000417781587260817,"CCN1/GREM1/MGP/SFRP1/S1PR1/ZBTB16/DDR2/FAM20C/PTPN11/PTN/BMP4/LTBP3/TWIST1/ISG15/GPM6B/ADRB2/ANO6/TENT5A/CCN3/SLC8A1",20,"adjacent_vs_healthy_up","GO_BP"
"GO:0001764","neuron migration","26/936","188/16135",0.138297872340426,2.38401300236407,4.73675629430535,3.32059215882732e-05,0.000583508194530484,0.000420889575993648,"MAP1B/NAV1/NR4A2/IGSF10/TUBA1A/FGFR1/FLNA/TUBB2B/NR2F2/SPOCK1/SEMA3A/CXCR4/NDN/CXCL12/KIF26A/TWIST1/PHOX2B/TUBB2A/COL3A1/DNER/SEMA3E/FYN/AXL/NDNF/GPM6A/DDIT4",26,"adjacent_vs_healthy_up","GO_BP"
"GO:0014812","muscle cell migration","16/936","87/16135",0.183908045977011,3.17025248059731,5.03687151855685,3.50522795775434e-05,0.000613836483598492,0.000442765636768969,"ADAMTS1/IGFBP5/SERPINE1/SLIT2/DDR2/TRIB1/PLAT/IGFBP3/BMP4/CYP1B1/ANXA1/ADIPOQ/PLEKHO1/CCN3/THBS4/POSTN",16,"adjacent_vs_healthy_up","GO_BP"
"GO:0055123","digestive system development","22/936","146/16135",0.150684931506849,2.5975441985716,4.81193887818293,3.52165312613868e-05,0.000614600833246669,0.000443316968870811,"SFRP2/SFRP1/PCSK5/CHD8/FOXF1/CDKN1C/AHI1/NKX2-3/GLI3/RBPMS2/PKD1/PRDM1/RARRES2/IL6ST/COL3A1/FOXF2/HLX/CLMP/NPY/HOXA13/PYY/HOXD13",22,"adjacent_vs_healthy_up","GO_BP"
"GO:0048660","regulation of smooth muscle cell proliferation","21/936","136/16135",0.154411764705882,2.66178827300151,4.82947773317969,3.63767181802304e-05,0.000632681760568102,0.000456358900252791,"ADAMTS1/OGN/JUN/APOD/MMP2/S1PR1/IGFBP5/HBEGF/DDR2/EFEMP2/TRIB1/IGFBP3/THBS1/RBPMS2/PDE1A/DNMT1/BMP4/PTGS2/ADIPOQ/CNN1/FGF2",21,"adjacent_vs_healthy_up","GO_BP"
"GO:0009615","response to virus","43/936","389/16135",0.110539845758355,1.90551325994771,4.48627544548058,3.66484555882552e-05,0.000635239896863091,0.000458204106388067,"CLU/LYST/IL33/HYAL2/ZNFX1/PARP9/EIF2AK2/HERC5/SLFN11/MX1/MX2/CXCR4/IFIT3/IFIT1/IFI16/IFI6/CXCL12/IFITM2/IFI44/USP18/ISG15/GSDME/IFI44L/TRIM22/OAS3/BST2/OAS2/IFITM3/KCNJ8/IL1B/APOBEC3C/DDIT4/RIGI/IRF7/GBP1/DUOX2/IFITM1/PENK/RTP4/RSAD2/IFIT2/CCL19/CXCL10",43,"adjacent_vs_healthy_up","GO_BP"
"GO:0061351","neural precursor cell proliferation","23/936","157/16135",0.146496815286624,2.52534841308727,4.76605572167382,3.72844413781745e-05,0.000644072926315855,0.000464575447966406,"VEGFC/DBN1/NES/FGFR1/FLNA/RORA/PTN/GLI3/PTBP2/LRRK2/NFIB/EML1/TRNP1/ID4/NFIA/PDE9A/PROX1/HOOK3/CDH2/FGF2/LIMS2/DIXDC1/BTG2",23,"adjacent_vs_healthy_up","GO_BP"
"GO:0051960","regulation of nervous system development","47/936","440/16135",0.106818181818182,1.84135829448329,4.44046142831154,3.85635457634088e-05,0.000663918341926795,0.000478890120219856,"VEGFC/SEMA3G/THBS2/MAP1B/L1CAM/HEY2/FN1/DBN1/PLXND1/THY1/SHANK3/IL33/RUFY3/SLIT2/LDLR/JAM2/SKI/PTN/SERPINE2/LPIN1/GLI3/SEMA3A/CXCR4/WASF3/QKI/EFNA5/CXCL12/SRPX2/EPHA4/ID4/BHLHE40/NEFL/SPP1/SERPINF1/NRXN1/IL6ST/PROX1/BHLHE41/SPART/MAP2/HOOK3/IL1B/FGF2/ADGRB3/AMIGO2/FLRT1/BTG2",47,"adjacent_vs_healthy_up","GO_BP"
"GO:0050680","negative regulation of epithelial cell proliferation","21/936","137/16135",0.153284671532847,2.64235916151975,4.79067840527373,4.06608580761161e-05,0.00069141815624263,0.000498725977360833,"SFRP2/TGFBR3/SFRP1/PTPRM/SCG2/SULF1/CAV1/CDKN1C/SPARC/ENG/CAV2/THBS1/NR2F2/ZEB1/BMP4/RGCC/NFIB/PHOX2B/SERPINF1/CCL2/LIMS2",21,"adjacent_vs_healthy_up","GO_BP"
"GO:0003208","cardiac ventricle morphogenesis","14/936","70/16135",0.2,3.44764957264957,5.09283186610038,4.07035806265284e-05,0.00069141815624263,0.000498725977360833,"SFRP2/TGFBR3/HEG1/ZFPM2/HEY2/FOXF1/FOXC1/ENG/JAG1/HAND2/TGFBR2/CPE/PROX1/HAND1",14,"adjacent_vs_healthy_up","GO_BP"
"GO:0032272","negative regulation of protein polymerization","14/936","70/16135",0.2,3.44764957264957,5.09283186610038,4.07035806265284e-05,0.00069141815624263,0.000498725977360833,"SPTBN1/CDH5/SPTAN1/SLIT2/GSN/CLIP3/MYADM/TMOD1/LMOD1/MAP2/KANK2/SVIL/STMN2/ASB2",14,"adjacent_vs_healthy_up","GO_BP"
"GO:1900046","regulation of hemostasis","14/936","70/16135",0.2,3.44764957264957,5.09283186610038,4.07035806265284e-05,0.00069141815624263,0.000498725977360833,"THBD/SERPING1/TFPI/CAV1/SERPINE1/PLAT/THBS1/SERPINE2/F3/EMILIN1/CD36/ANO6/PROS1/ST3GAL4",14,"adjacent_vs_healthy_up","GO_BP"
"GO:0016032","viral process","43/936","391/16135",0.10997442455243,1.89576638905283,4.44966221800074,4.13826252049755e-05,0.000695980313730798,0.000502016701550844,"CH25H/JUN/PCSK5/ZFP36/CAV1/HYAL2/DDX5/LDLR/ZNFX1/CAV2/PARP9/EIF2AK2/SIGLEC1/ST3GAL2/MX1/CXCR4/IFIT1/MYH10/IFI16/EPHA2/IFITM2/PTX3/AGTR1/ISG15/NFIA/CD81/OAS3/BST2/PROX1/ITGA5/OAS2/IFITM3/CCL2/AXL/APOBEC3C/ST3GAL4/IRF7/LAMP3/IFITM1/RSAD2/SLPI/LGALS1/CR2",43,"adjacent_vs_healthy_up","GO_BP"
"GO:0001894","tissue homeostasis","33/936","270/16135",0.122222222222222,2.10689696106363,4.55166700612859,4.14343270435598e-05,0.000695980313730798,0.000502016701550844,"CCN2/CDH5/PECAM1/COL14A1/LDB2/S1PR1/LAMC1/CLDN5/SERPINA3/ZEB2/CTSK/FOXC1/TUBA1A/WWTR1/JAM2/LAMA2/PTPN11/JAM3/PRICKLE1/LTBP3/ERRFI1/NFIB/ADRB2/PTGS2/ANGPT1/SPP1/COL3A1/MUC4/MFSD2A/VCL/RBP4/HOXA13/CARTPT",33,"adjacent_vs_healthy_up","GO_BP"
"GO:0060249","anatomical structure homeostasis","33/936","270/16135",0.122222222222222,2.10689696106363,4.55166700612859,4.14343270435598e-05,0.000695980313730798,0.000502016701550844,"CCN2/CDH5/PECAM1/COL14A1/LDB2/S1PR1/LAMC1/CLDN5/SERPINA3/ZEB2/CTSK/FOXC1/TUBA1A/WWTR1/JAM2/LAMA2/PTPN11/JAM3/PRICKLE1/LTBP3/ERRFI1/NFIB/ADRB2/PTGS2/ANGPT1/SPP1/COL3A1/MUC4/MFSD2A/VCL/RBP4/HOXA13/CARTPT",33,"adjacent_vs_healthy_up","GO_BP"
"GO:0008543","fibroblast growth factor receptor signaling pathway","20/936","127/16135",0.15748031496063,2.71468470287368,4.81414358508678,4.15184488567823e-05,0.000695980313730798,0.000502016701550844,"CCN2/SULF1/DDR2/FAM20C/FGFR1/TEK/SPRY1/SPRY2/PTPN11/THBS1/SMOC2/EPHA2/FGF7/EPHA4/TBX2/NRXN1/AXL/FGF2/ROR2/FLRT1",20,"adjacent_vs_healthy_up","GO_BP"
"GO:0048705","skeletal system morphogenesis","29/936","224/16135",0.129464285714286,2.2317374465812,4.60675227798493,4.18084040870139e-05,0.000698543040089911,0.000503865218539612,"CCN2/GREM1/MGP/SFRP1/PRRX1/GLG1/MMP2/CSRNP1/HYAL2/FOXC1/FGFR1/SKI/TEK/MED12/GLI3/CSGALNACT1/STC1/ZEB1/PKD1/ARID5B/BMP4/LTBP3/TGFBR2/COL1A1/TWIST1/GHR/CHST11/COL3A1/RAB23",29,"adjacent_vs_healthy_up","GO_BP"
"GO:0007565","female pregnancy","25/936","180/16135",0.138888888888889,2.39420109211776,4.66782655179233,4.34977189693929e-05,0.000724393385189629,0.000522511299075061,"FOS/PCSK5/THBD/MMP2/RGS2/JUNB/COL16A1/IGFBP5/FBLN1/HSPG2/ANGPT2/PTN/FOSB/TIMP1/NR2F2/LDOC1/STC1/ERRFI1/PRDM1/PTGS2/SPP1/TPPP3/ITGA5/ADM/IL1B",25,"adjacent_vs_healthy_up","GO_BP"
"GO:0014002","astrocyte development","10/936","38/16135",0.263157894736842,4.53638101664417,5.41601452077782,4.38408714071843e-05,0.000727729904530981,0.000524917959725313,"ZEB2/LAMB2/LDLR/VIM/ROR1/PLP1/IL1B/TSPAN2/ROR2/S100A8",10,"adjacent_vs_healthy_up","GO_BP"
"GO:0051338","regulation of transferase activity","46/936","430/16135",0.106976744186047,1.84409163188233,4.40257025856069,4.48394618025503e-05,0.000741889277096741,0.000535131239284025,"CCN1/TCIM/ZFP36/HEG1/SASH1/DUSP1/UCHL1/LDB2/RGS2/RASIP1/FBN1/THY1/CDKN1C/HYAL2/DDR2/TRIB1/WWTR1/FGFR1/TRIB2/THBS1/HERC5/NR2F2/LATS2/ERRFI1/RGCC/LRRK2/EPHA4/AGTR1/AGT/IRS2/ADRB2/GHR/CCND1/ANGPT1/ADIPOQ/BAG2/PROX1/SYNPO2/IL1B/HHEX/SLC8A1/CCDC88A/FGF2/CHI3L1/CCL19/CARTPT",46,"adjacent_vs_healthy_up","GO_BP"
"GO:0044089","positive regulation of cellular component biogenesis","51/936","494/16135",0.103238866396761,1.7796571680681,4.36753441421291,4.51663073067999e-05,0.000744878647363923,0.000537287498263823,"DYNC1H1/CCN2/SFRP1/CDH5/CLU/LDB2/THBS2/MAP1B/CLDN5/ASAP1/RASIP1/COL16A1/CAV1/THY1/MAP4K4/TEK/MYOC/FLNA/CCL21/LATS2/CDK5RAP2/EFNA5/EPHA2/DPYSL3/SRPX2/RHOQ/FERMT2/RGCC/AGT/MSN/EMILIN1/ISG15/PRKD1/CD36/NRXN1/TPPP3/CLIP1/LIMCH1/SYNPO2/LMOD1/DZIP1/GPM6A/DOCK11/CCDC88A/PHLDB2/DNM3/ADGRB3/AMIGO2/FLRT1/CXCL13/CCL19",51,"adjacent_vs_healthy_up","GO_BP"
"GO:0071675","regulation of mononuclear cell migration","21/936","138/16135",0.152173913043478,2.62321163136381,4.75222352645914,4.53904142496983e-05,0.000746159841988588,0.000538211635178086,"GREM1/DUSP1/APOD/SERPINE1/SLIT2/JAM2/WNK1/THBS1/JAM3/CCL21/CXCL12/MSN/EMILIN1/ANO6/RARRES2/CD81/CCN3/CCL2/CCL20/CXCL13/CXCL10",21,"adjacent_vs_healthy_up","GO_BP"
"GO:0043536","positive regulation of blood vessel endothelial cell migration","12/936","54/16135",0.222222222222222,3.83072174738841,5.17057662558632,4.82481766294604e-05,0.000790078286788254,0.000569890394419686,"TGFBR3/VEGFC/FGFR1/RHOJ/THBS1/SRPX2/PRKD1/PTGS2/ANGPT1/ANXA1/FGF2/JCAD",12,"adjacent_vs_healthy_up","GO_BP"
"GO:0051348","negative regulation of transferase activity","22/936","149/16135",0.147651006711409,2.54524465094935,4.7024254801595,4.83721400074441e-05,0.000790078286788254,0.000569890394419686,"ZFP36/HEG1/DUSP1/UCHL1/RGS2/RASIP1/THY1/CDKN1C/HYAL2/TRIB1/WWTR1/TRIB2/NR2F2/LATS2/ERRFI1/AGT/IRS2/ADIPOQ/BAG2/IL1B/HHEX/SLC8A1",22,"adjacent_vs_healthy_up","GO_BP"
"GO:0001819","positive regulation of cytokine production","50/936","483/16135",0.10351966873706,1.78449770841075,4.34391949783644,4.99235241031205e-05,0.000812812392426524,0.000586288704113323,"EGR1/C3/SPTBN1/HEG1/CLU/ZBTB20/AKAP12/SULF1/SERPINE1/IL33/HYAL2/PTPN11/CEBPB/THBS1/RORA/EIF2AK2/IFI16/F3/TWIST1/RGCC/LRRK2/AGT/RFTN1/ISG15/CD36/C1QTNF3/PTGS2/CYP1B1/ANXA1/LPL/IL6ST/ADIPOQ/CD81/OAS3/OAS2/LUM/IL1B/LILRB2/SAA1/CCBE1/CD14/RIGI/IRF7/POSTN/FCN1/RSAD2/CHI3L1/FCGR2B/HTR2B/CCL19",50,"adjacent_vs_healthy_up","GO_BP"
"GO:0048732","gland development","46/936","432/16135",0.106481481481481,1.83555417062362,4.36844238833285,5.02312986498693e-05,0.000815218783183866,0.00058802445486203,"TGFBR3/SFRP1/MMP2/IGFBP5/SULF1/FOXF1/PLXND1/CAV1/CDKN1C/FOXC1/NKX2-3/FGFR1/NCOA1/CEBPB/PTN/SERPINE2/GLI3/CDO1/HAND2/PKD1/ARID5B/BMP4/TGFBR2/INHBB/EPHA2/ERRFI1/NFIB/FGF7/MSN/AREG/ID4/IRS2/TBX2/CCND1/CYP1B1/TNC/SERPINF1/PROX1/OAS2/HLX/TWSG1/FGF2/LIMS2/HOXB13/HOXA13/HOXD13",46,"adjacent_vs_healthy_up","GO_BP"
"GO:0045598","regulation of fat cell differentiation","20/936","129/16135",0.155038759689922,2.67259656794541,4.73310450209029,5.21756235571785e-05,0.000844085643325021,0.00060884637414091,"SFRP2/SFRP1/ZFP36/CCDC3/ZFPM2/ZBTB16/WWTR1/CEBPB/JAG1/TRIB2/RORA/TGFB1I1/FERMT2/ID4/RARRES2/PTGS2/LPL/ADIPOQ/RUNX1T1/LMO3",20,"adjacent_vs_healthy_up","GO_BP"
"GO:1901890","positive regulation of cell junction assembly","18/936","109/16135",0.165137614678899,2.84668313338038,4.80058877753963,5.23488823925418e-05,0.000844208559089852,0.000608935034359614,"SFRP1/THBS2/CLDN5/COL16A1/CAV1/THY1/MAP4K4/TEK/MYOC/EFNA5/EPHA2/SRPX2/FERMT2/AGT/NRXN1/ADGRB3/AMIGO2/FLRT1",18,"adjacent_vs_healthy_up","GO_BP"
"GO:0019079","viral genome replication","19/936","119/16135",0.159663865546218,2.75232528908999,4.76115831313725,5.28442744011481e-05,0.000849509218764197,0.000612758446650537,"DDX5/ZNFX1/EIF2AK2/MX1/IFIT1/IFI16/IFITM2/ISG15/NFIA/OAS3/BST2/PROX1/OAS2/IFITM3/CCL2/APOBEC3C/IFITM1/RSAD2/SLPI",19,"adjacent_vs_healthy_up","GO_BP"
"GO:0052652","cyclic purine nucleotide metabolic process","10/936","39/16135",0.256410256410256,4.42006355467894,5.30650944518402,5.59196990010289e-05,0.000888460469669749,0.000640854325391796,"PDE2A/ADCY3/RORA/GUCY1A1/GUCY1B1/PDE1A/EPHA2/ADCY4/PDE9A/PDE8B",10,"adjacent_vs_healthy_up","GO_BP"
"GO:0090049","regulation of cell migration involved in sprouting angiogenesis","10/936","39/16135",0.256410256410256,4.42006355467894,5.30650944518402,5.59196990010289e-05,0.000888460469669749,0.000640854325391796,"TGFBR3/MMRN1/MEOX2/RHOJ/THBS1/SRPX2/PTGS2/ANXA1/FGF2/JCAD",10,"adjacent_vs_healthy_up","GO_BP"
"GO:0014823","response to activity","15/936","81/16135",0.185185185185185,3.19226812282368,4.9084683188806,5.61986546500202e-05,0.000888460469669749,0.000640854325391796,"FOS/MMP2/TNS2/FN1/COL6A1/ANGPT2/CXCR4/ZEB1/AGT/PHOX2B/ADIPOQ/ITGA5/PRKAA2/COL4A2/POSTN",15,"adjacent_vs_healthy_up","GO_BP"
"GO:0051607","defense response to virus","35/936","298/16135",0.11744966442953,2.02462642689153,4.4303564540347,5.63687369634081e-05,0.000888460469669749,0.000640854325391796,"LYST/IL33/HYAL2/ZNFX1/PARP9/EIF2AK2/HERC5/SLFN11/MX1/MX2/IFIT3/IFIT1/IFI16/IFI6/IFITM2/USP18/ISG15/IFI44L/TRIM22/OAS3/BST2/OAS2/IFITM3/KCNJ8/IL1B/APOBEC3C/DDIT4/RIGI/IRF7/GBP1/IFITM1/RTP4/RSAD2/IFIT2/CXCL10",35,"adjacent_vs_healthy_up","GO_BP"
"GO:0003281","ventricular septum development","14/936","72/16135",0.194444444444444,3.35188152896486,4.96329173342883,5.64876750731944e-05,0.000888460469669749,0.000640854325391796,"CCN1/TGFBR3/SLIT3/HEG1/ZFPM2/HEY2/PDE2A/SLIT2/BMP4/TGFBR2/APLNR/PRDM1/PROX1/HOXA13",14,"adjacent_vs_healthy_up","GO_BP"
"GO:0032835","glomerulus development","14/936","72/16135",0.194444444444444,3.35188152896486,4.96329173342883,5.64876750731944e-05,0.000888460469669749,0.000640854325391796,"EGR1/PECAM1/SULF1/LAMB2/FOXC1/WWTR1/ANGPT2/TEK/JAG1/PODXL/BMP4/ANGPT1/ADIPOQ/NID1",14,"adjacent_vs_healthy_up","GO_BP"
"GO:0060411","cardiac septum morphogenesis","14/936","72/16135",0.194444444444444,3.35188152896486,4.96329173342883,5.64876750731944e-05,0.000888460469669749,0.000640854325391796,"CCN1/TGFBR3/SLIT3/ZFPM2/HEY2/SLIT2/ENG/JAG1/BMP4/TGFBR2/APLNR/TBX2/PROX1/HAND1",14,"adjacent_vs_healthy_up","GO_BP"
"GO:0006816","calcium ion transport","45/936","422/16135",0.106635071090047,1.83820178636529,4.32988832639416,5.84170269693664e-05,0.000915978982879664,0.000660703670208995,"CACHD1/CAV1/PLN/THY1/GJA4/FLNA/RAMP3/CCL21/RAMP2/CXCR4/ITPR1/STC1/PKD1/CXCL12/SESTD1/TRPC1/APLNR/PRNP/PRKD1/ANO6/PTGS2/ANXA6/MYLK/PLP1/CASQ2/MICU3/NALF1/CALHM2/CCL2/FYN/CACNA1H/KCNJ8/SLC8A1/GPM6A/LILRB2/SLC24A3/CXCL11/FGF2/RAMP1/RYR3/PLCL1/NCS1/HTR2B/CCL19/CXCL10",45,"adjacent_vs_healthy_up","GO_BP"
"GO:0001946","lymphangiogenesis","7/936","19/16135",0.368421052631579,6.35093342330184,5.79134132527298,5.88021877200892e-05,0.000919190026446547,0.00066301982408315,"VEGFC/SOX18/CLEC14A/FOXC1/EPHA2/PROX1/CCBE1",7,"adjacent_vs_healthy_up","GO_BP"
"GO:0031640","killing of cells of another organism","18/936","110/16135",0.163636363636364,2.8208041958042,4.75512581285269,5.92591175064724e-05,0.000920684337844461,0.000664097683994228,"TAC1/CCL21/CXCL12/CTSG/C7/CXCL2/APOL1/CXCL1/CCL20/CXCL11/GBP1/CXCL3/CXCL13/SCNN1B/CCL19/CXCL10/PLA2G2A/CCL18",18,"adjacent_vs_healthy_up","GO_BP"
"GO:0141061","disruption of cell in another organism","18/936","110/16135",0.163636363636364,2.8208041958042,4.75512581285269,5.92591175064724e-05,0.000920684337844461,0.000664097683994228,"TAC1/CCL21/CXCL12/CTSG/C7/CXCL2/APOL1/CXCL1/CCL20/CXCL11/GBP1/CXCL3/CXCL13/SCNN1B/CCL19/CXCL10/PLA2G2A/CCL18",18,"adjacent_vs_healthy_up","GO_BP"
"GO:0060317","cardiac epithelial to mesenchymal transition","9/936","32/16135",0.28125,4.84825721153846,5.40738295549547,5.97351215655431e-05,0.000925258904249263,0.000667397358844589,"TGFBR3/TMEM100/HEY2/OLFM1/ENG/SPRY1/JAG1/TGFBR2/TWIST1",9,"adjacent_vs_healthy_up","GO_BP"
"GO:0060021","roof of mouth development","16/936","91/16135",0.175824175824176,3.03090072320842,4.82119288453944,6.1994945186923e-05,0.000954459941608941,0.000688460323080728,"TGFBR3/PRRX1/LRRC32/CLDN5/CSRNP1/SKI/MEOX2/GLI3/HAND2/FRAS1/ARID5B/TGFBR2/TWIST1/TBX2/FOXF2/BNC2",16,"adjacent_vs_healthy_up","GO_BP"
"GO:0071229","cellular response to acid chemical","16/936","91/16135",0.175824175824176,3.03090072320842,4.82119288453944,6.1994945186923e-05,0.000954459941608941,0.000688460323080728,"KLF2/MMP2/COL16A1/COL1A2/COL6A1/COL4A1/PLEC/CEBPB/ZEB1/DNMT1/COL1A1/SOCS1/PTGS2/CPEB1/COL3A1/FYN",16,"adjacent_vs_healthy_up","GO_BP"
"GO:0033673","negative regulation of kinase activity","20/936","131/16135",0.152671755725191,2.63179356690807,4.65358912949507,6.5202030215531e-05,0.00100081188547695,0.000721894386533399,"HEG1/DUSP1/UCHL1/RGS2/RASIP1/THY1/CDKN1C/HYAL2/TRIB1/WWTR1/TRIB2/NR2F2/LATS2/ERRFI1/AGT/IRS2/ADIPOQ/IL1B/HHEX/SLC8A1",20,"adjacent_vs_healthy_up","GO_BP"
"GO:0030326","embryonic limb morphogenesis","19/936","121/16135",0.15702479338843,2.70683230910504,4.67665218405672,6.6746926110917e-05,0.00101839022593184,0.000734573797602654,"SFRP2/GREM1/PRRX1/ZBTB16/FGFR1/SKI/AFF3/GLI3/HAND2/FRAS1/RSPO2/PRICKLE1/BMP4/TWIST1/TBX2/CHST11/MAP3K20/HOXA13/HOXD13",19,"adjacent_vs_healthy_up","GO_BP"
"GO:0035113","embryonic appendage morphogenesis","19/936","121/16135",0.15702479338843,2.70683230910504,4.67665218405672,6.6746926110917e-05,0.00101839022593184,0.000734573797602654,"SFRP2/GREM1/PRRX1/ZBTB16/FGFR1/SKI/AFF3/GLI3/HAND2/FRAS1/RSPO2/PRICKLE1/BMP4/TWIST1/TBX2/CHST11/MAP3K20/HOXA13/HOXD13",19,"adjacent_vs_healthy_up","GO_BP"
"GO:0014074","response to purine-containing compound","21/936","142/16135",0.147887323943662,2.54931834597328,4.60173187338845,6.96043478872348e-05,0.00105881718457716,0.000763734117273288,"FOS/THBD/IGFBP5/PDE2A/TEK/FOSB/CDO1/STC1/COL1A1/INHBB/AREG/PTGS2/CYP1B1/ADIPOQ/CASQ2/KCNJ8/IL1B/SLC8A1/DUOX2/RYR3/PENK",21,"adjacent_vs_healthy_up","GO_BP"
"GO:0045926","negative regulation of growth","28/936","219/16135",0.127853881278539,2.20397689575772,4.45168768642927,7.04463201955457e-05,0.00106622212247361,0.000769075363892807,"SFRP2/GREM1/SFRP1/SLIT3/SEMA3G/RGS2/IGFBP5/CRYAB/HYAL2/SLIT2/SERPINE2/SEMA3A/RERG/PI16/DACT3/FHL1/ADRB2/SPP1/DCBLD2/WFDC1/BST2/SPART/CCN3/MAP2/BCL6/RBP4/GDF15/MT1M",28,"adjacent_vs_healthy_up","GO_BP"
"GO:0070613","regulation of protein processing","12/936","56/16135",0.214285714285714,3.69391025641026,5.01128454240974,7.05638598952259e-05,0.00106622212247361,0.000769075363892807,"GLG1/SERPINE1/GAS1/PLAT/THBS1/SERPINE2/GSN/PRNP/LRRK2/BAG2/CCBE1/SPON1",12,"adjacent_vs_healthy_up","GO_BP"
"GO:0009187","cyclic nucleotide metabolic process","10/936","40/16135",0.25,4.30956196581197,5.20063608735943,7.07188142456989e-05,0.00106622212247361,0.000769075363892807,"PDE2A/ADCY3/RORA/GUCY1A1/GUCY1B1/PDE1A/EPHA2/ADCY4/PDE9A/PDE8B",10,"adjacent_vs_healthy_up","GO_BP"
"GO:0031103","axon regeneration","11/936","48/16135",0.229166666666667,3.9504318019943,5.08007485310678,7.35041873606899e-05,0.00110169805526493,0.000794664465212164,"GAP43/APOD/MMP2/MAP1B/LAMB2/FLNA/PTN/EPHA4/NEFL/SPP1/TNC",11,"adjacent_vs_healthy_up","GO_BP"
"GO:0060976","coronary vasculature development","11/936","48/16135",0.229166666666667,3.9504318019943,5.08007485310678,7.35041873606899e-05,0.00110169805526493,0.000794664465212164,"TGFBR3/HEY2/PLXND1/HAND2/PRICKLE1/BMP4/APLNR/PRDM1/KCNJ8/SGCD/FGF2",11,"adjacent_vs_healthy_up","GO_BP"
"GO:1990868","response to chemokine","15/936","83/16135",0.180722891566265,3.11534599938214,4.79465460684664,7.53229298001765e-05,0.00111914926940475,0.000807252178955918,"SLIT3/DUSP1/ACKR3/ACKR1/SLIT2/FOXC1/WNK1/CCL21/CXCR4/CXCL12/CCL2/CXCL11/CCL19/CXCL10/CCL18",15,"adjacent_vs_healthy_up","GO_BP"
"GO:1990869","cellular response to chemokine","15/936","83/16135",0.180722891566265,3.11534599938214,4.79465460684664,7.53229298001765e-05,0.00111914926940475,0.000807252178955918,"SLIT3/DUSP1/ACKR3/ACKR1/SLIT2/FOXC1/WNK1/CCL21/CXCR4/CXCL12/CCL2/CXCL11/CCL19/CXCL10/CCL18",15,"adjacent_vs_healthy_up","GO_BP"
"GO:0007519","skeletal muscle tissue development","24/936","175/16135",0.137142857142857,2.36410256410256,4.5024722961976,7.53273546714736e-05,0.00111914926940475,0.000807252178955918,"EGR1/FOS/NR4A1/CAV1/DDX5/COL6A1/MAFF/SKI/MEOX2/PLEC/CAV2/YBX3/NR2F2/ATF3/CFL2/TWIST1/HLF/PHOX2B/DNER/HLX/SVIL/POPDC2/BTG2/ASB2",24,"adjacent_vs_healthy_up","GO_BP"
"GO:0010818","T cell chemotaxis","8/936","26/16135",0.307692307692308,5.30407626561473,5.45046787878848,7.61082407790496e-05,0.00112162025100027,0.000809034519642431,"PLEC/WNK1/CCL21/CXCL12/CXCL11/GPR183/CXCL13/CXCL10",8,"adjacent_vs_healthy_up","GO_BP"
"GO:0060390","regulation of SMAD protein signal transduction","13/936","65/16135",0.2,3.44764957264957,4.90681205489634,7.61539652366745e-05,0.00112162025100027,0.000809034519642431,"GREM1/TGFBR3/SPTBN1/CILP/ENG/SKI/BMP4/TGFBR2/EMILIN1/PMEPA1/CCN3/TWSG1/GDF15",13,"adjacent_vs_healthy_up","GO_BP"
"GO:0071901","negative regulation of protein serine/threonine kinase activity","13/936","65/16135",0.2,3.44764957264957,4.90681205489634,7.61539652366745e-05,0.00112162025100027,0.000809034519642431,"HEG1/DUSP1/UCHL1/RGS2/RASIP1/HYAL2/NR2F2/LATS2/AGT/ADIPOQ/IL1B/HHEX/SLC8A1",13,"adjacent_vs_healthy_up","GO_BP"
"GO:0003170","heart valve development","14/936","74/16135",0.189189189189189,3.26129013629014,4.83823880446859,7.73692800910459e-05,0.00113623588283565,0.00081957690301208,"CCN1/SLIT3/HEY2/OLFM1/ADAMTS5/PDE2A/SLIT2/JAG1/BMP4/TGFBR2/APLNR/TWIST1/PRDM1/EMILIN1",14,"adjacent_vs_healthy_up","GO_BP"
"GO:0050886","endocrine process","16/936","93/16135",0.172043010752688,2.96572006249426,4.71775443558156,8.1297270397332e-05,0.00119049106305978,0.000858711640131529,"GAL/PCSK5/ECRG4/FGFR1/PTPN11/OR51E2/INHBB/CTSG/AGTR1/AGT/SELENOM/C1QTNF3/SPP1/CMA1/IL1B/TACR2",16,"adjacent_vs_healthy_up","GO_BP"
"GO:0050731","positive regulation of peptidyl-tyrosine phosphorylation","18/936","113/16135",0.15929203539823,2.74591558883594,4.62174035858289,8.5074671030693e-05,0.00123868721020689,0.000893475943576481,"GREM1/PECAM1/PLPP3/HBEGF/PTPN11/PARP9/EFNA5/PRNP/FGF7/EPHA4/AREG/CD36/ANGPT1/ADIPOQ/ITGA5/ENPP2/THBS4/PARP14",18,"adjacent_vs_healthy_up","GO_BP"
"GO:1902106","negative regulation of leukocyte differentiation","18/936","113/16135",0.15929203539823,2.74591558883594,4.62174035858289,8.5074671030693e-05,0.00123868721020689,0.000893475943576481,"SFRP1/FBN1/TRIB1/LRRC17/GLI3/QKI/BMP4/SOCS1/TMEM131L/ANXA1/ADIPOQ/MYC/HLX/TNFAIP6/BCL6/FCGR2B/LGALS1/CARTPT",18,"adjacent_vs_healthy_up","GO_BP"
"GO:0060538","skeletal muscle organ development","25/936","188/16135",0.132978723404255,2.29232019458083,4.42293952837332,8.95903497405698e-05,0.0012900661856034,0.000930536048939742,"EGR1/FOS/NR4A1/CAV1/DDX5/COL6A1/MAFF/SKI/MEOX2/PLEC/CAV2/YBX3/NR2F2/ATF3/CFL2/TWIST1/HLF/PHOX2B/DES/DNER/HLX/SVIL/POPDC2/BTG2/ASB2",25,"adjacent_vs_healthy_up","GO_BP"
"GO:0002548","monocyte chemotaxis","11/936","49/16135",0.224489795918367,3.86981074481074,4.99262225497648,8.98692103393265e-05,0.0012900661856034,0.000930536048939742,"GREM1/DUSP1/SERPINE1/SLIT2/CXCL12/CTSG/ANO6/ANXA1/CCN3/CCL2/CXCL10",11,"adjacent_vs_healthy_up","GO_BP"
"GO:0010171","body morphogenesis","11/936","49/16135",0.224489795918367,3.86981074481074,4.99262225497648,8.98692103393265e-05,0.0012900661856034,0.000930536048939742,"MMP2/CLDN5/CSRNP1/GREM2/SKI/PTPN11/PRICKLE1/ARID5B/COL1A1/PHLDB2/MAB21L2",11,"adjacent_vs_healthy_up","GO_BP"
"GO:0033628","regulation of cell adhesion mediated by integrin","11/936","49/16135",0.224489795918367,3.86981074481074,4.99262225497648,8.98692103393265e-05,0.0012900661856034,0.000930536048939742,"SFRP2/SERPINE1/PTPN11/WNK1/JAM3/CCL21/PODXL/EPHA2/CYP1B1/MUC1/CXCL13",11,"adjacent_vs_healthy_up","GO_BP"
"GO:0045668","negative regulation of osteoblast differentiation","11/936","49/16135",0.224489795918367,3.86981074481074,4.99262225497648,8.98692103393265e-05,0.0012900661856034,0.000930536048939742,"GREM1/SFRP1/VEGFC/IGFBP5/TWIST2/SKI/HAND2/TWIST1/AREG/TWSG1/TNFAIP6",11,"adjacent_vs_healthy_up","GO_BP"
"GO:0070098","chemokine-mediated signaling pathway","14/936","75/16135",0.186666666666667,3.21780626780627,4.77730436033739,9.01245956544989e-05,0.00129009814453743,0.000930559101199024,"SLIT3/ACKR3/ACKR1/SLIT2/FOXC1/WNK1/CCL21/CXCR4/CXCL12/CCL2/CXCL11/CCL19/CXCL10/CCL18",14,"adjacent_vs_healthy_up","GO_BP"
"GO:0048638","regulation of developmental growth","35/936","305/16135",0.114754098360656,1.97815959086451,4.27977190024569,9.03863438416561e-05,0.00129022075130835,0.000930647538537707,"TGFBR3/MYCBP2/SEMA3G/COL14A1/DUSP6/MAP1B/ZFPM2/L1CAM/HEY2/RGS2/FN1/OLFM1/RUFY3/FOXC1/FGFR1/YBX3/SYT1/SEMA3A/CXCR4/LATS2/PI16/EFNA5/CXCL12/ADRB2/TBX2/GHR/SPP1/PROX1/SPART/MAP2/HLX/MFSD2A/FGF2/RBP4/GDF15",35,"adjacent_vs_healthy_up","GO_BP"
"GO:0006469","negative regulation of protein kinase activity","19/936","124/16135",0.153225806451613,2.64134443065895,4.55305380828292,9.3686400969416e-05,0.00133359189759817,0.000961931526566306,"HEG1/DUSP1/UCHL1/RGS2/RASIP1/THY1/CDKN1C/HYAL2/TRIB1/WWTR1/TRIB2/NR2F2/LATS2/ERRFI1/AGT/ADIPOQ/IL1B/HHEX/SLC8A1",19,"adjacent_vs_healthy_up","GO_BP"
"GO:0141060","disruption of anatomical structure in another organism","18/936","114/16135",0.157894736842105,2.7218286099865,4.57824445872566,9.56528325797142e-05,0.00135779062625689,0.000979386281684099,"TAC1/CCL21/CXCL12/CTSG/C7/CXCL2/APOL1/CXCL1/CCL20/CXCL11/GBP1/CXCL3/CXCL13/SCNN1B/CCL19/CXCL10/PLA2G2A/CCL18",18,"adjacent_vs_healthy_up","GO_BP"
"GO:0042552","myelination","22/936","156/16135",0.141025641025641,2.43103495507342,4.45696461504186,9.75331730375939e-05,0.00138063624944327,0.000995865029962801,"PMP22/CLU/CLDN5/COL6A1/JAM2/SKI/PLEC/MYOC/PTN/LPIN1/JAM3/CXCR4/WASF3/QKI/DEGS1/ID4/GPM6B/PLP1/MPZ/MAL/TSPAN2/PLLP",22,"adjacent_vs_healthy_up","GO_BP"
"GO:0030308","negative regulation of cell growth","23/936","167/16135",0.137724550898204,2.37412994523773,4.4295766451385,9.88375209053083e-05,0.0013952243948295,0.00100638758711572,"SFRP2/GREM1/SFRP1/SLIT3/SEMA3G/RGS2/CRYAB/HYAL2/SLIT2/SERPINE2/SEMA3A/RERG/PI16/DACT3/FHL1/SPP1/DCBLD2/WFDC1/BST2/SPART/CCN3/MAP2/BCL6",23,"adjacent_vs_healthy_up","GO_BP"
"GO:0051147","regulation of muscle cell differentiation","20/936","135/16135",0.148148148148148,2.55381449825894,4.49891207451204,0.00010020014072178,0.00141055225723257,0.00101744370863755,"SIK1/HEY2/RGS2/LAMC1/LAMB2/ENG/EFEMP2/LAMA2/RBPMS2/ZEB1/PI16/DNMT1/BMP4/PRKD1/FZD7/PRDM6/PROX1/BHLHE41/CCN3/NID1",20,"adjacent_vs_healthy_up","GO_BP"
"GO:0050866","negative regulation of cell activation","27/936","212/16135",0.127358490566038,2.19543722786647,4.34794160267803,0.0001007075221968,0.00141371472758137,0.00101972482622369,"SFRP1/GAL/THBD/LRRC32/FN1/ADGRF5/LDLR/PTPN11/CEBPB/SERPINE2/GLI3/BMP4/PRNP/CTSG/SOCS1/EMILIN1/LRFN5/TMEM131L/ANXA1/AXL/HLX/LILRB2/TWSG1/BCL6/FCGR2B/LGALS1/PLA2G2A",27,"adjacent_vs_healthy_up","GO_BP"
"GO:0060420","regulation of heart growth","12/936","58/16135",0.206896551724138,3.56653404067197,4.85914616358098,0.000101257039946468,0.00141371472758137,0.00101972482622369,"TGFBR3/COL14A1/DUSP6/ZFPM2/HEY2/RGS2/FGFR1/PI16/TBX2/PROX1/FGF2/RBP4",12,"adjacent_vs_healthy_up","GO_BP"
"GO:0060986","endocrine hormone secretion","12/936","58/16135",0.206896551724138,3.56653404067197,4.85914616358098,0.000101257039946468,0.00141371472758137,0.00101972482622369,"GAL/ECRG4/FGFR1/PTPN11/INHBB/AGTR1/AGT/SELENOM/C1QTNF3/SPP1/IL1B/TACR2",12,"adjacent_vs_healthy_up","GO_BP"
"GO:0035886","vascular associated smooth muscle cell differentiation","8/936","27/16135",0.296296296296296,5.10762899651789,5.30095021829338,0.000102688663654786,0.0014297853278273,0.00103131669106274,"HEY2/ENG/EFEMP2/RAMP2/QKI/DNMT1/APLNR/ADM",8,"adjacent_vs_healthy_up","GO_BP"
"GO:0044060","regulation of endocrine process","10/936","42/16135",0.238095238095238,4.10434472934473,4.99893540861775,0.000110447736430891,0.00153362851458261,0.0011062196920025,"GAL/ECRG4/FGFR1/PTPN11/OR51E2/INHBB/AGTR1/AGT/SPP1/TACR2",10,"adjacent_vs_healthy_up","GO_BP"
"GO:0051051","negative regulation of transport","42/936","396/16135",0.106060606060606,1.82829901579902,4.14140414438403,0.000115151149765951,0.00159459309567197,0.00115019397878347,"SFRP1/APOD/MAP1B/RGS2/FOXF1/CAV1/PLN/CRYAB/PTPN11/WNK1/THBS1/SERPINE2/STC1/PIM3/INHBB/SESTD1/LRRK2/AGT/PRKD1/IRS2/GPM6B/CD36/PTGS2/ANGPT1/IRS1/ANXA1/ADIPOQ/FRMD4A/CASQ2/PDE8B/PEA15/CCN3/IL1B/LILRB2/KCNH2/PIP4P2/TACR2/RSAD2/FCGR2B/RAB23/GRP/CARTPT",42,"adjacent_vs_healthy_up","GO_BP"
"GO:0007272","ensheathment of neurons","22/936","158/16135",0.139240506329114,2.4002623607054,4.38926481940296,0.000118037491885826,0.00162572718554099,0.00117265127074055,"PMP22/CLU/CLDN5/COL6A1/JAM2/SKI/PLEC/MYOC/PTN/LPIN1/JAM3/CXCR4/WASF3/QKI/DEGS1/ID4/GPM6B/PLP1/MPZ/MAL/TSPAN2/PLLP",22,"adjacent_vs_healthy_up","GO_BP"
"GO:0008366","axon ensheathment","22/936","158/16135",0.139240506329114,2.4002623607054,4.38926481940296,0.000118037491885826,0.00162572718554099,0.00117265127074055,"PMP22/CLU/CLDN5/COL6A1/JAM2/SKI/PLEC/MYOC/PTN/LPIN1/JAM3/CXCR4/WASF3/QKI/DEGS1/ID4/GPM6B/PLP1/MPZ/MAL/TSPAN2/PLLP",22,"adjacent_vs_healthy_up","GO_BP"
"GO:0090050","positive regulation of cell migration involved in sprouting angiogenesis","7/936","21/16135",0.333333333333333,5.74608262108262,5.4006334892635,0.000122498908842717,0.00168262652146222,0.0012136932605441,"TGFBR3/RHOJ/SRPX2/PTGS2/ANXA1/FGF2/JCAD",7,"adjacent_vs_healthy_up","GO_BP"
"GO:0009410","response to xenobiotic stimulus","43/936","410/16135",0.104878048780488,1.80791380029185,4.11209435232813,0.000123517409332503,0.00169205569343666,0.00122049460494935,"FOS/SFRP2/NNMT/SFRP1/GAL/VEGFC/UCHL1/DUSP6/MMP2/MAP1B/PTPRM/HSPG2/PDE2A/COL6A1/ENG/COL18A1/THBS1/RORA/CBR3/FOSB/AOX1/CXCR4/PRICKLE1/FMO2/TGFBR2/COL1A1/PRNP/ERRFI1/PPP1R12A/CCND1/PTGS2/CYP1B1/BCHE/ADIPOQ/MYC/GSTM3/KCNJ8/IL1B/PRKAA2/KCNH2/AKR1C1/HTR2B/SCNN1B",43,"adjacent_vs_healthy_up","GO_BP"
"GO:0110011","regulation of basement membrane organization","5/936","10/16135",0.5,8.61912393162393,5.98076336329144,0.000128181302437215,0.00175086323907965,0.00126291300315338,"LAMC1/LAMB2/LAMA2/NID1/PHLDB2",5,"adjacent_vs_healthy_up","GO_BP"
"GO:0001893","maternal placenta development","9/936","35/16135",0.257142857142857,4.43269230769231,5.04495624732708,0.000128497419822565,0.00175086323907965,0.00126291300315338,"JUNB/PTN/NR2F2/LDOC1/STC1/PRDM1/PTGS2/SPP1/TPPP3",9,"adjacent_vs_healthy_up","GO_BP"
"GO:0051017","actin filament bundle assembly","22/936","159/16135",0.138364779874214,2.38516637101543,4.35579988029757,0.000129656477552098,0.00176095158299983,0.00127018981406168,"CCN2/SFRP1/S1PR1/FAM107A/SHANK3/ZEB2/DLC1/MYOC/FLNA/TMEFF2/PLS3/MYL9/DPYSL3/FERMT2/RGCC/CALD1/ACTN1/LIMCH1/SYNPO2/SORBS1/CCDC88A/PHLDB2",22,"adjacent_vs_healthy_up","GO_BP"
"GO:1902905","positive regulation of supramolecular fiber organization","23/936","170/16135",0.135294117647059,2.33223353443942,4.33333040162793,0.000129928923706424,0.00176095158299983,0.00127018981406168,"CCN2/SFRP1/CLU/MAP1B/EFEMP2/MYOC/FLNA/GSN/CCL21/WASF3/CDK5RAP2/CFL2/FERMT2/RGCC/PRKD1/WASF1/CLIP1/LIMCH1/PROX1/SYNPO2/LMOD1/CCDC88A/STMN2",23,"adjacent_vs_healthy_up","GO_BP"
"GO:0051591","response to cAMP","15/936","87/16135",0.172413793103448,2.97211170055998,4.5770127414988,0.000131212562758495,0.00177363188280448,0.00127933622547163,"FOS/THBD/IGFBP5/PDE2A/TEK/FOSB/CDO1/STC1/COL1A1/INHBB/AREG/CYP1B1/ADIPOQ/DUOX2/PENK",15,"adjacent_vs_healthy_up","GO_BP"
"GO:0010761","fibroblast migration","11/936","51/16135",0.215686274509804,3.71805346070052,4.8244464866134,0.000132078586396596,0.00178061501660596,0.00128437322109973,"CD248/AKAP12/HYAL2/ZEB2/DDR2/PLEC/THBS1/ARID5B/TNS1/CCN3/FGF2",11,"adjacent_vs_healthy_up","GO_BP"
"GO:0071621","granulocyte chemotaxis","18/936","117/16135",0.153846153846154,2.65203813280736,4.45051528560138,0.000134657542356298,0.0018084512487155,0.00130445173934448,"SCG2/SLIT2/THBS1/JAM3/CCL21/RARRES2/ANXA1/CCL2/IL1B/SAA1/TNFAIP6/THBS4/S100A8/CXCL3/ITGA1/CXCL13/CCL19/CXCL10",18,"adjacent_vs_healthy_up","GO_BP"
"GO:0002573","myeloid leukocyte differentiation","29/936","239/16135",0.121338912133891,2.09167024282087,4.2193731886444,0.0001348531150926,0.0018084512487155,0.00130445173934448,"FOS/SFRP1/JUNB/FBN1/IL33/PDE2A/FAM20C/TRIB1/NKX2-3/LRRC17/CEBPB/IFI16/QKI/BMP4/TGFBR2/EPHA2/SOCS1/MITF/ADIPOQ/CD81/KLF10/MYC/TSPAN2/TNFAIP6/ROR2/IRF7/GPR183/CCL19/CARTPT",29,"adjacent_vs_healthy_up","GO_BP"
"GO:1903707","negative regulation of hemopoiesis","18/936","118/16135",0.152542372881356,2.62956323337679,4.40882719082693,0.000150452128603216,0.00201234658100259,0.0014515232299556,"SFRP1/FBN1/TRIB1/LRRC17/GLI3/QKI/BMP4/SOCS1/TMEM131L/ANXA1/ADIPOQ/MYC/HLX/TNFAIP6/BCL6/FCGR2B/LGALS1/CARTPT",18,"adjacent_vs_healthy_up","GO_BP"
"GO:0048009","insulin-like growth factor receptor signaling pathway","16/936","98/16135",0.163265306122449,2.81440781440781,4.47082657838244,0.000154198854178667,0.00205706115417405,0.00148377624357097,"IGFBP6/CILP/PHIP/IGFBP5/DDR2/COL6A1/IGFBP3/FGFR1/TEK/EPHA2/EPHA4/IRS2/GHR/IRS1/AXL/ROR2",16,"adjacent_vs_healthy_up","GO_BP"
"GO:0061572","actin filament bundle organization","22/936","161/16135",0.136645962732919,2.35553697510219,4.28962086921325,0.000155974478692255,0.00207531577915335,0.00149694346459628,"CCN2/SFRP1/S1PR1/FAM107A/SHANK3/ZEB2/DLC1/MYOC/FLNA/TMEFF2/PLS3/MYL9/DPYSL3/FERMT2/RGCC/CALD1/ACTN1/LIMCH1/SYNPO2/SORBS1/CCDC88A/PHLDB2",22,"adjacent_vs_healthy_up","GO_BP"
"GO:0003197","endocardial cushion development","11/936","52/16135",0.211538461538462,3.64655243261012,4.74351290593432,0.000158844300379589,0.00210799623628746,0.00152051616481778,"TMEM100/HEY2/FOXF1/ADAMTS5/ENG/JAG1/BMP4/TGFBR2/APLNR/TWIST1/TBX2",11,"adjacent_vs_healthy_up","GO_BP"
"GO:0048678","response to axon injury","14/936","79/16135",0.177215189873418,3.05487936817051,4.54341744006731,0.000161174313518995,0.00213336182257869,0.00153881258457506,"GAP43/APOD/MMP2/MAP1B/LAMB2/FLNA/PTN/DPYSL3/EPHA4/NEFL/SPP1/TNC/AXL/FGF2",14,"adjacent_vs_healthy_up","GO_BP"
"GO:0030501","positive regulation of bone mineralization","10/936","44/16135",0.227272727272727,3.91778360528361,4.80938277604932,0.000167585446071718,0.00221247521549605,0.00159587776842771,"CCN1/FAM20C/PTN/BMP4/ISG15/GPM6B/ADRB2/ANO6/TENT5A/SLC8A1",10,"adjacent_vs_healthy_up","GO_BP"
"GO:0045807","positive regulation of endocytosis","21/936","151/16135",0.139072847682119,2.39737221939209,4.2811385821359,0.000170042472678935,0.00223911225005646,0.0016150912949676,"GREM1/C3/CLU/SERPINE1/AHI1/CCL21/SYNE1/CLIP3/PTX3/APLNR/LRRK2/CD36/ANO6/ANGPT1/RAB31/CCL2/AXL/CD14/FCN1/FCGR2B/CCL19",21,"adjacent_vs_healthy_up","GO_BP"
"GO:2000353","positive regulation of endothelial cell apoptotic process","7/936","22/16135",0.318181818181818,5.48489704739705,5.22368593828825,0.000170716269302844,0.00224219100094663,0.00161731202497431,"CD248/ECSCR/THBS1/F3/RGCC/ANO6/CCL2",7,"adjacent_vs_healthy_up","GO_BP"
"GO:0030099","myeloid cell differentiation","44/936","429/16135",0.102564102564103,1.76802542187158,4.00103995427953,0.000171569385627126,0.00224760305695587,0.00162121578841814,"FOS/KLF2/TGFBR3/SFRP1/ZFP36/JUNB/FBN1/ADGRF5/ZBTB16/CDKN1C/IL33/PDE2A/NFKBIA/FAM20C/TRIB1/NKX2-3/LRRC17/PTPN11/CEBPB/JAG1/FLNA/MEIS1/IFI16/QKI/BMP4/TGFBR2/EPHA2/MTURN/SOCS1/MITF/ISG15/ADIPOQ/CD81/KLF10/MYC/ACTN1/TSPAN2/TNFAIP6/BCL6/ROR2/IRF7/GPR183/CCL19/CARTPT",44,"adjacent_vs_healthy_up","GO_BP"
"GO:0097306","cellular response to alcohol","16/936","99/16135",0.161616161616162,2.78597945264612,4.42331099383051,0.00017420352587748,0.00227625940479907,0.00164188586333107,"FOS/KLF2/SFRP1/ADCY3/SGK1/EFNA5/INHBB/PRKD1/CYP1B1/TNC/GPR155/PRKAA2/SCNN1G/BTG2/KCNMB1/SCNN1B",16,"adjacent_vs_healthy_up","GO_BP"
"GO:0031579","membrane raft organization","8/936","29/16135",0.275862068965517,4.75537872089596,5.0229671262242,0.000178995559291725,0.00232102129809321,0.00167417300936575,"CAV1/COL6A1/CAV2/GSN/RFTN1/MYADM/COLEC12/MAL",8,"adjacent_vs_healthy_up","GO_BP"
"GO:0035767","endothelial cell chemotaxis","8/936","29/16135",0.275862068965517,4.75537872089596,5.0229671262242,0.000178995559291725,0.00232102129809321,0.00167417300936575,"NR4A1/FGFR1/THBS1/SMOC2/PRKD1/CCN3/FGF2/CXCL13",8,"adjacent_vs_healthy_up","GO_BP"
"GO:0090025","regulation of monocyte chemotaxis","8/936","29/16135",0.275862068965517,4.75537872089596,5.0229671262242,0.000178995559291725,0.00232102129809321,0.00167417300936575,"GREM1/DUSP1/SERPINE1/SLIT2/CXCL12/ANO6/CCN3/CXCL10",8,"adjacent_vs_healthy_up","GO_BP"
"GO:0003214","cardiac left ventricle morphogenesis","6/936","16/16135",0.375,6.46434294871795,5.42663154724805,0.000181528103723293,0.00234194232044026,0.00168926352618718,"SFRP2/HEY2/FOXF1/TGFBR2/CPE/HAND1",6,"adjacent_vs_healthy_up","GO_BP"
"GO:0060841","venous blood vessel development","6/936","16/16135",0.375,6.46434294871795,5.42663154724805,0.000181528103723293,0.00234194232044026,0.00168926352618718,"HEG1/FOXF1/ENG/APLNR/PROX1/CCBE1",6,"adjacent_vs_healthy_up","GO_BP"
"GO:0060425","lung morphogenesis","11/936","53/16135",0.207547169811321,3.57774955652314,4.66455340681461,0.000190076870725707,0.002446039730349,0.00176434990051613,"FOXF1/COL6A1/SPRY1/SPRY2/RSPO2/BMP4/TGFBR2/NFIB/FGF7/TBX2/TNC",11,"adjacent_vs_healthy_up","GO_BP"
"GO:1901879","regulation of protein depolymerization","15/936","90/16135",0.166666666666667,2.87304131054131,4.42181117747034,0.000194067553846306,0.00249110391536719,0.0017968550922214,"SPTBN1/MAP1B/NES/SPTAN1/GSN/BMERB1/CFL2/TMOD1/MAP1A/ATXN7/LMOD1/SVIL/HDGFL3/STMN2/ASB2",15,"adjacent_vs_healthy_up","GO_BP"
"GO:0045664","regulation of neuron differentiation","24/936","186/16135",0.129032258064516,2.22429004687069,4.16749900753955,0.00019637991871853,0.00251445242660711,0.00181369657806164,"SFRP2/SFRP1/MAP1B/HEY2/FGFR1/NCOA1/JAG1/GLI3/MEIS1/ZEB1/ZHX2/TCF4/CDK5RAP2/BMP4/CXCL12/LRRK2/ID4/PHOX2B/PROX1/S100B/BCL6/FGF2/DIXDC1/PCP4",24,"adjacent_vs_healthy_up","GO_BP"
"GO:1903317","regulation of protein maturation","12/936","62/16135",0.193548387096774,3.33643507030604,4.57406710793774,0.000198054156954765,0.00252953379408892,0.0018245749006359,"GLG1/SERPINE1/GAS1/PLAT/THBS1/SERPINE2/GSN/PRNP/LRRK2/BAG2/CCBE1/SPON1",12,"adjacent_vs_healthy_up","GO_BP"
"GO:0048511","rhythmic process","33/936","293/16135",0.112627986348123,1.94150914500744,4.03603377215211,0.000202014336834014,0.00257366265126534,0.00185640543216941,"EGR1/ADAMTS1/SLIT3/SIK1/MYCBP2/MMP2/PLN/A2M/SLIT2/DDX5/COL6A1/NCOA1/RORA/PTN/CAVIN3/PTX3/TWIST1/ID1/ID4/PTGDS/HLF/BHLHE40/CYP1B1/SERPINF1/ADIPOQ/KLF10/PROX1/BHLHE41/AXL/PRKAA2/SCN9A/TNFAIP6/CARTPT",33,"adjacent_vs_healthy_up","GO_BP"
"GO:0003382","epithelial cell morphogenesis","9/936","37/16135",0.243243243243243,4.19308731808732,4.8253313208459,0.000203908825349312,0.00259108523128453,0.00186897249187094,"CDH5/HEG1/FRMD6/COL18A1/STC1/PALLD/CLIC4/ARHGEF26/HOXA13",9,"adjacent_vs_healthy_up","GO_BP"
"GO:0019730","antimicrobial humoral response","21/936","153/16135",0.137254901960784,2.36603402044579,4.21301602256491,0.000204907250433215,0.00259108523128453,0.00186897249187094,"VIP/TAC1/CCL21/CXCL12/CTSG/RARRES2/CXCL2/ADM/CCL2/CXCL1/PI3/CCL20/CXCL11/CXCL3/SLPI/CXCL13/NPY/CCL19/SPINK5/CXCL10/CCL18",21,"adjacent_vs_healthy_up","GO_BP"
"GO:0072073","kidney epithelium development","21/936","153/16135",0.137254901960784,2.36603402044579,4.21301602256491,0.000204907250433215,0.00259108523128453,0.00186897249187094,"GREM1/SFRP1/PECAM1/LAMB2/SLIT2/FOXC1/AHI1/WWTR1/FGFR1/SPRY1/JAG1/GLI3/PODXL/PKD1/BMP4/EPHA4/AGT/ADIPOQ/MYC/KANK2/FGF2",21,"adjacent_vs_healthy_up","GO_BP"
"GO:0032760","positive regulation of tumor necrosis factor production","16/936","101/16135",0.158415841584158,2.73081154269273,4.33003067743538,0.000221073942999225,0.00278171065067666,0.00200647227798127,"CLU/ZBTB20/AKAP12/IL33/PTPN11/THBS1/TWIST1/LRRK2/CD36/LPL/OAS3/OAS2/CD14/RIGI/FCGR2B/CCL19",16,"adjacent_vs_healthy_up","GO_BP"
"GO:0032963","collagen metabolic process","16/936","101/16135",0.158415841584158,2.73081154269273,4.33003067743538,0.000221073942999225,0.00278171065067666,0.00200647227798127,"MMP2/TNS2/COL1A2/P3H1/LARP6/CTSK/DDR2/COL6A1/ENG/COL5A1/VIM/MFAP4/BMP4/COL1A1/RGCC/EMILIN1",16,"adjacent_vs_healthy_up","GO_BP"
"GO:0030239","myofibril assembly","13/936","72/16135",0.180555555555556,3.11246141975309,4.45803165368729,0.000225762280763528,0.00282035104364826,0.00203434393216965,"CSRP2/PLEC/MYL9/CFL2/MYH11/AKAP13/PRKD1/TMOD1/FLNC/PROX1/LMOD1/FHOD3/CSRP1",13,"adjacent_vs_healthy_up","GO_BP"
"GO:0042698","ovulation cycle","13/936","72/16135",0.180555555555556,3.11246141975309,4.45803165368729,0.000225762280763528,0.00282035104364826,0.00203434393216965,"EGR1/ADAMTS1/SLIT3/MMP2/A2M/SLIT2/NCOA1/PTN/PTX3/CYP1B1/SERPINF1/AXL/TNFAIP6",13,"adjacent_vs_healthy_up","GO_BP"
"GO:0007566","embryo implantation","11/936","54/16135",0.203703703703704,3.51149493510605,4.58747915393604,0.000226358629680561,0.00282035104364826,0.00203434393216965,"PCSK5/MMP2/FBLN1/HSPG2/TIMP1/STC1/ERRFI1/PTGS2/SPP1/TPPP3/IL1B",11,"adjacent_vs_healthy_up","GO_BP"
"GO:0070169","positive regulation of biomineral tissue development","11/936","54/16135",0.203703703703704,3.51149493510605,4.58747915393604,0.000226358629680561,0.00282035104364826,0.00203434393216965,"CCN1/FAM20C/CEBPB/PTN/BMP4/ISG15/GPM6B/ADRB2/ANO6/TENT5A/SLC8A1",11,"adjacent_vs_healthy_up","GO_BP"
"GO:0050918","positive chemotaxis","12/936","63/16135",0.19047619047619,3.28347578347578,4.50643557061017,0.000231933919819701,0.00288276891561268,0.00207936649039897,"VEGFC/S1PR1/SCG2/S100A4/ANGPT2/BMP4/CXCL12/F3/FGF7/ANGPT1/FGF2/CXCL10",12,"adjacent_vs_healthy_up","GO_BP"
"GO:0046597","host-mediated suppression of symbiont invasion","7/936","23/16135",0.304347826086957,5.24642326272761,5.05724408270668,0.000233192658037811,0.00288902233763982,0.00208387713852728,"GSN/IFITM2/PTX3/LY6E/IFITM3/IFITM1/FCN1",7,"adjacent_vs_healthy_up","GO_BP"
"GO:0022411","cellular component disassembly","44/936","435/16135",0.101149425287356,1.74363886432852,3.90173998587586,0.000233570879730692,0.00288902233763982,0.00208387713852728,"C3/SPTBN1/GCN1/MMP2/MAP1B/LAMC1/ADAMTS5/NES/SPTAN1/SH3PXD2B/CTSK/MAP4K4/DDR2/COL6A1/ENG/WNK1/LPIN1/GSN/KLC1/ADAMTS4/BMERB1/PLK3/PRICKLE1/STMN3/CFL2/CTSG/EPHA4/ADRB2/TMOD1/STON1/MAP1A/ATXN7/MYC/CMA1/LMOD1/IL1B/PRKAA2/DDIT4/SVIL/HDGFL3/ADGRB3/STMN2/ASB2/HSPA2",44,"adjacent_vs_healthy_up","GO_BP"
"GO:0007411","axon guidance","28/936","235/16135",0.119148936170213,2.05391889434443,4.03872239532435,0.000237562271366091,0.00293127683990702,0.00211435568143339,"GAP43/SLIT3/ROBO4/MYCBP2/SEMA3G/PTPRM/L1CAM/TUBB3/LAMB2/SLIT2/LGI1/LAMA2/NEXN/TUBB2B/GLI3/SEMA3A/NRXN3/ENAH/EFNA5/PALLD/CXCL12/NFIB/EPHA4/NRXN1/ARHGEF25/SEMA3E/FYN/ANOS1",28,"adjacent_vs_healthy_up","GO_BP"
"GO:1990138","neuron projection extension","22/936","166/16135",0.132530120481928,2.28458706621357,4.12838481325661,0.000243471267340429,0.00299693134871214,0.00216171285418962,"SLIT3/SEMA3G/MAP1B/L1CAM/FN1/OLFM1/RUFY3/LAMB2/SLIT2/NRN1/SYT1/SEMA3A/CXCR4/PRICKLE1/NDN/CXCL12/WASF1/MAP2/S100B/VCL/FLRT1/POSTN",22,"adjacent_vs_healthy_up","GO_BP"
"GO:0031346","positive regulation of cell projection organization","37/936","346/16135",0.106936416184971,1.84339644780396,3.93544591035128,0.000244780529483402,0.00300578693553594,0.00216810046659744,"MAP1B/L1CAM/RGS2/FN1/ASAP1/DBN1/PLXND1/P3H1/RUFY3/SLIT2/DDR2/ENC1/ELAVL4/FGFR1/FLNA/TUBB2B/PTN/CCL21/EFNA5/SERPINI1/DPYSL3/CXCL12/RHOQ/EPHA4/PRKD1/NEFL/SERPINF1/DZIP1/FYN/NDNF/ENPP2/GPM6A/DOCK11/CCDC88A/DNM3/STMN2/CCL19",37,"adjacent_vs_healthy_up","GO_BP"
"GO:0048008","platelet-derived growth factor receptor signaling pathway","16/936","102/16135",0.156862745098039,2.70403888050947,4.28423842922088,0.000248357996682547,0.0030423854593612,0.00219449930267068,"APOD/CSRNP1/DDR2/PLAT/FGFR1/TEK/PTPN11/ARID5B/EPHA2/F3/EPHA4/STON1/ADIPOQ/AXL/PDGFRL/ROR2",16,"adjacent_vs_healthy_up","GO_BP"
"GO:0050767","regulation of neurogenesis","38/936","359/16135",0.105849582172702,1.82466133371426,3.92126190953231,0.000249440507243335,0.0030483185249689,0.00219877887490527,"VEGFC/SEMA3G/MAP1B/L1CAM/HEY2/FN1/DBN1/PLXND1/THY1/SHANK3/IL33/RUFY3/SLIT2/LDLR/SKI/PTN/SERPINE2/GLI3/SEMA3A/CXCR4/QKI/EFNA5/CXCL12/EPHA4/ID4/BHLHE40/NEFL/SPP1/SERPINF1/IL6ST/PROX1/BHLHE41/SPART/MAP2/HOOK3/IL1B/FGF2/BTG2",38,"adjacent_vs_healthy_up","GO_BP"
"GO:0033280","response to vitamin D","9/936","38/16135",0.236842105263158,4.08274291497976,4.72126173983341,0.000253585086917559,0.00309155407399972,0.00222996505544225,"SFRP1/MN1/STC1/PTGS2/SPP1/TNC/KANK2/PENK/CXCL10",9,"adjacent_vs_healthy_up","GO_BP"
"GO:0097485","neuron projection guidance","28/936","236/16135",0.11864406779661,2.04521584818195,4.01401070264311,0.000255022535135073,0.00310165832708432,0.00223725334177032,"GAP43/SLIT3/ROBO4/MYCBP2/SEMA3G/PTPRM/L1CAM/TUBB3/LAMB2/SLIT2/LGI1/LAMA2/NEXN/TUBB2B/GLI3/SEMA3A/NRXN3/ENAH/EFNA5/PALLD/CXCL12/NFIB/EPHA4/NRXN1/ARHGEF25/SEMA3E/FYN/ANOS1",28,"adjacent_vs_healthy_up","GO_BP"
"GO:0031345","negative regulation of cell projection organization","23/936","178/16135",0.129213483146067,2.22741404974551,4.08626861468717,0.000259121658038253,0.00314400945086414,0.0022678015786205,"SEMA3G/PMP22/THY1/RUFY3/SLIT2/VIM/SPRY2/FLNA/CCL21/SPOCK1/SEMA3A/DPYSL3/PRNP/DENND5A/LRRK2/EPHA4/SPP1/NRXN1/SPART/MAP2/FYN/DNM3/STMN2",23,"adjacent_vs_healthy_up","GO_BP"
"GO:0014909","smooth muscle cell migration","13/936","73/16135",0.178082191780822,3.06982496194825,4.39841985185729,0.000260330987202727,0.00315117983559405,0.0022729736399848,"ADAMTS1/IGFBP5/SERPINE1/SLIT2/DDR2/TRIB1/PLAT/IGFBP3/BMP4/CYP1B1/ADIPOQ/CCN3/POSTN",13,"adjacent_vs_healthy_up","GO_BP"
"GO:0002689","negative regulation of leukocyte chemotaxis","6/936","17/16135",0.352941176470588,6.08408748114631,5.20455189084034,0.000266827669705562,0.0031945306269182,0.00230424294579822,"GREM1/DUSP1/SLIT2/CCN3/CCL2/TNFAIP6",6,"adjacent_vs_healthy_up","GO_BP"
"GO:0046068","cGMP metabolic process","6/936","17/16135",0.352941176470588,6.08408748114631,5.20455189084034,0.000266827669705562,0.0031945306269182,0.00230424294579822,"PDE2A/RORA/GUCY1A1/GUCY1B1/PDE1A/PDE9A",6,"adjacent_vs_healthy_up","GO_BP"
"GO:1901550","regulation of endothelial cell development","6/936","17/16135",0.352941176470588,6.08408748114631,5.20455189084034,0.000266827669705562,0.0031945306269182,0.00230424294579822,"CDH5/CLDN5/S1PR3/S1PR2/IL1B/VCL",6,"adjacent_vs_healthy_up","GO_BP"
"GO:1903140","regulation of establishment of endothelial barrier","6/936","17/16135",0.352941176470588,6.08408748114631,5.20455189084034,0.000266827669705562,0.0031945306269182,0.00230424294579822,"CDH5/CLDN5/S1PR3/S1PR2/IL1B/VCL",6,"adjacent_vs_healthy_up","GO_BP"
"GO:0051235","maintenance of location","26/936","213/16135",0.122065727699531,2.10419926969223,4.02568593867045,0.000267046712532801,0.0031945306269182,0.00230424294579822,"LTBP1/DBN1/FBN1/CAV1/PLN/THY1/FLNA/TAF3/CCL21/ITPR1/SYNE1/TRPC1/APLNR/PRKD1/ANXA6/CASQ2/DZIP1/SLC8A1/CCDC88A/CXCL11/FGF2/RYR3/PLCL1/HTR2B/CCL19/CXCL10",26,"adjacent_vs_healthy_up","GO_BP"
"GO:0002695","negative regulation of leukocyte activation","24/936","190/16135",0.126315789473684,2.1774628879892,4.05147543019453,0.000271591379170496,0.00324128727928067,0.0023379689290358,"SFRP1/GAL/LRRC32/FN1/ADGRF5/LDLR/PTPN11/CEBPB/GLI3/BMP4/PRNP/CTSG/SOCS1/LRFN5/TMEM131L/ANXA1/AXL/HLX/LILRB2/TWSG1/BCL6/FCGR2B/LGALS1/PLA2G2A",24,"adjacent_vs_healthy_up","GO_BP"
"GO:0071230","cellular response to amino acid stimulus","14/936","83/16135",0.168674698795181,2.90765626609,4.32390394155842,0.000276164049533277,0.00328815887014388,0.00237177781842155,"MMP2/COL16A1/COL1A2/COL6A1/COL4A1/CEBPB/ZEB1/DNMT1/COL1A1/SOCS1/PTGS2/CPEB1/COL3A1/FYN",14,"adjacent_vs_healthy_up","GO_BP"
"GO:0006939","smooth muscle contraction","16/936","103/16135",0.155339805825243,2.67778607584433,4.23899387690015,0.000278510661795118,0.00330836907344504,0.00238635561523384,"RGS2/SULF1/CAV1/CHRM3/GUCY1A1/MYH11/ADRB2/TBX2/PTGS2/MYLK/CNN1/SLC8A1/SMTN/TACR2/HTR2B/SCNN1B",16,"adjacent_vs_healthy_up","GO_BP"
"GO:0001101","response to acid chemical","19/936","135/16135",0.140740740740741,2.426123773346,4.12919654877988,0.000292200810195849,0.00346291936920476,0.00249783409841837,"KLF2/MMP2/COL16A1/COL1A2/COL6A1/COL18A1/TUBA1A/COL4A1/PLEC/CEBPB/CDO1/ZEB1/DNMT1/COL1A1/SOCS1/PTGS2/CPEB1/COL3A1/FYN",19,"adjacent_vs_healthy_up","GO_BP"
"GO:0042742","defense response to bacterium","33/936","299/16135",0.110367892976589,1.90254909527485,3.90917511970463,0.000293768486475802,0.00347342043406192,0.0025054086085566,"VIP/TAC1/ADAMTS5/SERPINE1/LYST/IL33/ZNFX1/SELP/CEBPB/RNF213/EPHA2/CTSG/EMILIN1/ISG15/PRKD1/CD36/RARRES2/COLEC12/OAS3/ADM/OAS2/IL1B/PI3/CCL20/S100A8/GBP1/SLPI/CXCL13/SCNN1B/NPY/LCN2/SPINK5/PLA2G2A",33,"adjacent_vs_healthy_up","GO_BP"
"GO:0010575","positive regulation of vascular endothelial growth factor production","8/936","31/16135",0.258064516129032,4.44858009374138,4.76931191210178,0.00029665914615439,0.00349947918704345,0.00252420501552419,"C3/SULF1/RORA/PTGS2/CYP1B1/IL6ST/IL1B/CCBE1",8,"adjacent_vs_healthy_up","GO_BP"
"GO:0072678","T cell migration","13/936","74/16135",0.175675675675676,3.02834084084084,4.3398223020354,0.00029932282642325,0.00352274624354014,0.00254098774734408,"APOD/S1PR1/PLEC/WNK1/CCL21/CXCL12/MSN/CCL2/CCL20/CXCL11/GPR183/CXCL13/CXCL10",13,"adjacent_vs_healthy_up","GO_BP"
"GO:0051495","positive regulation of cytoskeleton organization","23/936","180/16135",0.127777777777778,2.20266500474834,4.02655805809796,0.000305353671530667,0.00358544311087621,0.00258621154738076,"DYNC1H1/CCN2/SFRP1/MAP1B/NES/MYOC/FLNA/GSN/CCL21/WASF3/CDK5RAP2/CFL2/FERMT2/RGCC/PRKD1/WASF1/CLIP1/LIMCH1/PROX1/SYNPO2/LMOD1/CCDC88A/STMN2",23,"adjacent_vs_healthy_up","GO_BP"
"GO:0072676","lymphocyte migration","16/936","104/16135",0.153846153846154,2.65203813280736,4.19428438289142,0.000311777727623447,0.00364032065748555,0.00262579520282978,"CH25H/APOD/S1PR1/JAM2/PLEC/WNK1/CCL21/CXCL12/MSN/CCL2/CCL20/SAA1/CXCL11/GPR183/CXCL13/CXCL10",16,"adjacent_vs_healthy_up","GO_BP"
"GO:0002043","blood vessel endothelial cell proliferation involved in sprouting angiogenesis","7/936","24/16135",0.291666666666667,5.02782229344729,4.90022607049057,0.00031284581109052,0.00364032065748555,0.00262579520282978,"THBS1/BMP4/EPHA2/APLNR/AGTR1/FGF2/JCAD",7,"adjacent_vs_healthy_up","GO_BP"
"GO:1900746","regulation of vascular endothelial growth factor signaling pathway","7/936","24/16135",0.291666666666667,5.02782229344729,4.90022607049057,0.00031284581109052,0.00364032065748555,0.00262579520282978,"ADGRA2/DCN/SPRY2/SMOC2/EMILIN1/CCBE1/JCAD",7,"adjacent_vs_healthy_up","GO_BP"
"GO:0003180","aortic valve morphogenesis","9/936","39/16135",0.230769230769231,3.97805719921105,4.6207002891194,0.000312884703292518,0.00364032065748555,0.00262579520282978,"SLIT3/HEY2/ADAMTS5/SLIT2/JAG1/BMP4/TGFBR2/TWIST1/EMILIN1",9,"adjacent_vs_healthy_up","GO_BP"
"GO:0051283","negative regulation of sequestering of calcium ion","18/936","125/16135",0.144,2.48230769230769,4.12856518595511,0.000314046868767514,0.00364551900510079,0.00262954481653556,"PLN/THY1/FLNA/CCL21/ITPR1/TRPC1/APLNR/PRKD1/ANXA6/CASQ2/SLC8A1/CXCL11/FGF2/RYR3/PLCL1/HTR2B/CCL19/CXCL10",18,"adjacent_vs_healthy_up","GO_BP"
"GO:0022408","negative regulation of cell-cell adhesion","24/936","192/16135",0.125,2.15478098290598,3.99453892684093,0.000317951288076553,0.00368245400917754,0.00265618635876393,"LRRC32/CEBPB/JAG1/WNK1/SERPINE2/CCL21/GLI3/PODXL/BMP4/CXCL12/PRNP/CTSG/RGCC/SOCS1/MYADM/TMEM131L/ANXA1/ADIPOQ/HLX/LILRB2/TWSG1/BCL6/LGALS1/PLA2G2A",24,"adjacent_vs_healthy_up","GO_BP"
"GO:0072006","nephron development","21/936","158/16135",0.132911392405063,2.29115952612788,4.04727088530407,0.000320918949798442,0.0037077830234518,0.00267445639880478,"EGR1/GREM1/PECAM1/SULF1/LAMB2/FOXC1/AHI1/WWTR1/ANGPT2/TEK/JAG1/GLI3/PODXL/PKD1/BMP4/AGT/ANGPT1/ADIPOQ/MYC/NID1/FGF2",21,"adjacent_vs_healthy_up","GO_BP"
"GO:0048593","camera-type eye morphogenesis","19/936","136/16135",0.139705882352941,2.40828462795375,4.09274717073159,0.000321593425503472,0.0037077830234518,0.00267445639880478,"PTPRM/SAMD11/THY1/AHI1/SKI/JAG1/GLI3/MEIS1/ZEB1/ZHX2/BMP4/EPHA2/TWIST1/PRDM1/TBX2/PROX1/FOXF2/MFSD2A/RBP4",19,"adjacent_vs_healthy_up","GO_BP"
"GO:0110053","regulation of actin filament organization","29/936","252/16135",0.115079365079365,1.98376661918329,3.90595762827563,0.000335166757011824,0.00385555258178839,0.0027810438766432,"CCN2/SPTBN1/SFRP1/S1PR1/SPTAN1/SHANK3/SLIT2/DLC1/MYOC/FLNA/TMEFF2/GSN/CCL21/WASF3/CXCL12/CFL2/FERMT2/RGCC/MYADM/TMOD1/WASF1/LIMCH1/SYNPO2/LMOD1/CCDC88A/KANK2/PHLDB2/SVIL/ASB2",29,"adjacent_vs_healthy_up","GO_BP"
"GO:0010977","negative regulation of neuron projection development","18/936","126/16135",0.142857142857143,2.46260683760684,4.09008386255458,0.000346954420635677,0.00397215160984602,0.0028651477777374,"SEMA3G/PMP22/THY1/RUFY3/SLIT2/VIM/FLNA/SPOCK1/SEMA3A/DPYSL3/DENND5A/LRRK2/EPHA4/SPP1/SPART/MAP2/DNM3/STMN2",18,"adjacent_vs_healthy_up","GO_BP"
"GO:0051282","regulation of sequestering of calcium ion","18/936","126/16135",0.142857142857143,2.46260683760684,4.09008386255458,0.000346954420635677,0.00397215160984602,0.0028651477777374,"PLN/THY1/FLNA/CCL21/ITPR1/TRPC1/APLNR/PRKD1/ANXA6/CASQ2/SLC8A1/CXCL11/FGF2/RYR3/PLCL1/HTR2B/CCL19/CXCL10",18,"adjacent_vs_healthy_up","GO_BP"
"GO:0043405","regulation of MAP kinase activity","16/936","105/16135",0.152380952380952,2.62678062678063,4.1500977237467,0.000348420676923307,0.00397215160984602,0.0028651477777374,"SASH1/DUSP1/UCHL1/RGS2/HYAL2/TRIB1/FGFR1/TRIB2/THBS1/LRRK2/AGT/GHR/ADIPOQ/IL1B/FGF2/CCL19",16,"adjacent_vs_healthy_up","GO_BP"
"GO:1903557","positive regulation of tumor necrosis factor superfamily cytokine production","16/936","105/16135",0.152380952380952,2.62678062678063,4.1500977237467,0.000348420676923307,0.00397215160984602,0.0028651477777374,"CLU/ZBTB20/AKAP12/IL33/PTPN11/THBS1/TWIST1/LRRK2/CD36/LPL/OAS3/OAS2/CD14/RIGI/FCGR2B/CCL19",16,"adjacent_vs_healthy_up","GO_BP"
"GO:0007492","endoderm development","14/936","85/16135",0.164705882352941,2.83924082453494,4.21902390210116,0.000356245393242619,0.0040429776761345,0.00291623524024243,"DUSP1/MMP2/LAMC1/FN1/COL6A1/COL5A1/DUSP4/SOX7/MED12/ITGA7/BMP4/ITGA5/DUSP2/COL4A2",14,"adjacent_vs_healthy_up","GO_BP"
"GO:1903035","negative regulation of response to wounding","15/936","95/16135",0.157894736842105,2.7218286099865,4.17687024096916,0.000356954343547112,0.0040429776761345,0.00291623524024243,"THBD/SERPING1/TFPI/MMRN1/SERPINE1/IL33/PLAT/THBS1/SERPINE2/EPHA4/SPP1/WFDC1/PROS1/PHLDB2/FGF2",15,"adjacent_vs_healthy_up","GO_BP"
"GO:0030850","prostate gland development","10/936","48/16135",0.208333333333333,3.59130163817664,4.46172193507998,0.000357806697789768,0.0040429776761345,0.00291623524024243,"SFRP1/MMP2/SULF1/BMP4/ID4/TNC/SERPINF1/HOXB13/HOXA13/HOXD13",10,"adjacent_vs_healthy_up","GO_BP"
"GO:0048546","digestive tract morphogenesis","10/936","48/16135",0.208333333333333,3.59130163817664,4.46172193507998,0.000357806697789768,0.0040429776761345,0.00291623524024243,"SFRP2/SFRP1/FOXF1/AHI1/NKX2-3/GLI3/RBPMS2/HLX/HOXA13/HOXD13",10,"adjacent_vs_healthy_up","GO_BP"
"GO:0060442","branching involved in prostate gland morphogenesis","5/936","12/16135",0.416666666666667,7.18260327635328,5.31667996440467,0.000365322991788128,0.00410062988139273,0.00295782028129873,"SFRP1/BMP4/HOXB13/HOXA13/HOXD13",5,"adjacent_vs_healthy_up","GO_BP"
"GO:0097084","vascular associated smooth muscle cell development","5/936","12/16135",0.416666666666667,7.18260327635328,5.31667996440467,0.000365322991788128,0.00410062988139273,0.00295782028129873,"HEY2/ENG/EFEMP2/RAMP2/ADM",5,"adjacent_vs_healthy_up","GO_BP"
"GO:1902043","positive regulation of extrinsic apoptotic signaling pathway via death domain receptors","5/936","12/16135",0.416666666666667,7.18260327635328,5.31667996440467,0.000365322991788128,0.00410062988139273,0.00295782028129873,"SFRP1/THBS1/ATF3/MAL/PEA15",5,"adjacent_vs_healthy_up","GO_BP"
"GO:0046822","regulation of nucleocytoplasmic transport","17/936","116/16135",0.146551724137931,2.52629494547598,4.09403171907101,0.000369953881282046,0.00414348347035891,0.00298873095069266,"APOD/HYAL2/PTPN11/WNK1/FLNA/BAG3/GLI3/MX2/BMP4/IER3/PPP1R12A/PRKD1/CD36/PTGS2/ANGPT1/IL1B/RAB23",17,"adjacent_vs_healthy_up","GO_BP"
"GO:0038063","collagen-activated tyrosine kinase receptor signaling pathway","11/936","57/16135",0.192982456140351,3.32667941220573,4.36676082803613,0.000372131616951915,0.00415873403505912,0.0029997313167038,"DDR2/COL4A1/FGFR1/TEK/COL1A1/EPHA2/COL4A5/EPHA4/AXL/ROR2/COL4A2",11,"adjacent_vs_healthy_up","GO_BP"
"GO:0060325","face morphogenesis","8/936","32/16135",0.25,4.30956196581197,4.65043472417302,0.000375633821017336,0.0041886869844734,0.0030213366416965,"MMP2/CLDN5/CSRNP1/SKI/PTPN11/PRICKLE1/ARID5B/COL1A1",8,"adjacent_vs_healthy_up","GO_BP"
"GO:0007156","homophilic cell adhesion via plasma membrane adhesion molecules","21/936","160/16135",0.13125,2.26252003205128,3.98271544949497,0.00038141025921193,0.00424381371385152,0.00306110003486109,"CDH5/ROBO4/PECAM1/PTPRM/L1CAM/CADM3/PCDH17/PCDH9/PCDH7/NEXN/PKD1/PALLD/PCDHB4/PCDHB16/HMCN1/PCDHB5/PCDH18/FAT4/PCDHB14/CDH2/AMIGO2",21,"adjacent_vs_healthy_up","GO_BP"
"GO:0050922","negative regulation of chemotaxis","9/936","40/16135",0.225,3.87860576923077,4.52343276826053,0.000383190929144821,0.00425433763599565,0.00306869103216079,"GREM1/DUSP1/SLIT2/ANGPT2/THBS1/CCN3/CCL2/TNFAIP6/CXCL13",9,"adjacent_vs_healthy_up","GO_BP"
"GO:0035296","regulation of tube diameter","20/936","149/16135",0.134228187919463,2.31385877359032,3.99828141806959,0.000387319216885571,0.00428151568166783,0.00308829479475834,"KLF2/MMP2/RGS2/SOD3/CAV1/FOXC1/GUCY1A1/HBB/AGTR1/AGT/ADRB2/PTGS2/ADM/KCNJ8/KCNMB4/SLC8A1/ITGA1/HTR2B/KCNMB1/SCNN1B",20,"adjacent_vs_healthy_up","GO_BP"
"GO:0097746","blood vessel diameter maintenance","20/936","149/16135",0.134228187919463,2.31385877359032,3.99828141806959,0.000387319216885571,0.00428151568166783,0.00308829479475834,"KLF2/MMP2/RGS2/SOD3/CAV1/FOXC1/GUCY1A1/HBB/AGTR1/AGT/ADRB2/PTGS2/ADM/KCNJ8/KCNMB4/SLC8A1/ITGA1/HTR2B/KCNMB1/SCNN1B",20,"adjacent_vs_healthy_up","GO_BP"
"GO:0014897","striated muscle hypertrophy","14/936","86/16135",0.162790697674419,2.80622639634268,4.16772317658759,0.000403225541230754,0.00444769990933317,0.00320816493501434,"LMNA/COL14A1/HEY2/RGS2/IGFBP5/MYOC/MEIS1/HAND2/PI16/AGT/IL6ST/PDE9A/SORBS2/HTR2B",14,"adjacent_vs_healthy_up","GO_BP"
"GO:0061844","antimicrobial humoral immune response mediated by antimicrobial peptide","17/936","117/16135",0.145299145299145,2.50470268098473,4.0536003068089,0.000409954258899423,0.00451215313898803,0.00325465561458857,"VIP/TAC1/CCL21/CXCL12/CXCL2/ADM/CCL2/CXCL1/CCL20/CXCL11/CXCL3/CXCL13/NPY/CCL19/SPINK5/CXCL10/CCL18",17,"adjacent_vs_healthy_up","GO_BP"
"GO:0014912","negative regulation of smooth muscle cell migration","7/936","25/16135",0.28,4.8267094017094,4.7517016100583,0.000412926018786814,0.00451560298656138,0.00325714401988605,"IGFBP5/SERPINE1/SLIT2/TRIB1/IGFBP3/BMP4/ADIPOQ",7,"adjacent_vs_healthy_up","GO_BP"
"GO:0048745","smooth muscle tissue development","7/936","25/16135",0.28,4.8267094017094,4.7517016100583,0.000412926018786814,0.00451560298656138,0.00325714401988605,"ENG/EFEMP2/BMP4/MYLK/ITGA8/COL3A1/PROX1",7,"adjacent_vs_healthy_up","GO_BP"
"GO:0051894","positive regulation of focal adhesion assembly","7/936","25/16135",0.28,4.8267094017094,4.7517016100583,0.000412926018786814,0.00451560298656138,0.00325714401988605,"SFRP1/COL16A1/THY1/MAP4K4/TEK/MYOC/FERMT2",7,"adjacent_vs_healthy_up","GO_BP"
"GO:0001890","placenta development","20/936","150/16135",0.133333333333333,2.29843304843305,3.96469983983274,0.000423113087559243,0.00460723139786731,0.00332323639621429,"CCN1/RSPO3/HTRA1/HEY2/JUNB/CDKN1C/SOCS3/NCOA1/CEBPB/PTN/NR2F2/LDOC1/STC1/PKD1/PRDM1/PTGS2/SPP1/TPPP3/ADM/HAND1",20,"adjacent_vs_healthy_up","GO_BP"
"GO:0035150","regulation of tube size","20/936","150/16135",0.133333333333333,2.29843304843305,3.96469983983274,0.000423113087559243,0.00460723139786731,0.00332323639621429,"KLF2/MMP2/RGS2/SOD3/CAV1/FOXC1/GUCY1A1/HBB/AGTR1/AGT/ADRB2/PTGS2/ADM/KCNJ8/KCNMB4/SLC8A1/ITGA1/HTR2B/KCNMB1/SCNN1B",20,"adjacent_vs_healthy_up","GO_BP"
"GO:0031623","receptor internalization","19/936","139/16135",0.136690647482014,2.3563072618828,3.9853019584255,0.000425757290627351,0.0046261389190554,0.00333687455699856,"GREM1/ACKR3/CAV1/TAMALIN/AHI1/RAMP3/RAMP2/MX1/MX2/SYNE1/APLNR/CD36/GHR/ANGPT1/CD81/RAB31/ADM/DNM3/RAMP1",19,"adjacent_vs_healthy_up","GO_BP"
"GO:0030111","regulation of Wnt signaling pathway","34/936","318/16135",0.106918238993711,1.84308310487556,3.76810791533238,0.000431170422984974,0.00467498824581154,0.00337211000462156,"EGR1/SFRP2/RSPO3/GREM1/IGFBP6/SFRP1/CHD8/ADGRA2/APCDD1/RBMS3/SHISA3/PLPP3/SULF1/CAV1/ZEB2/WWTR1/SKI/RNF213/WNK1/SOX7/GLI3/RSPO2/LATS2/PRICKLE1/COL1A1/DACT3/PLEKHA4/LRRK2/FZD7/TMEM131L/HHEX/CDH2/FGF2/DIXDC1",34,"adjacent_vs_healthy_up","GO_BP"
"GO:0060135","maternal process involved in female pregnancy","11/936","58/16135",0.189655172413793,3.26932287061597,4.29644467828414,0.000435527794548935,0.00470222381572325,0.00339175525995737,"RGS2/JUNB/ANGPT2/PTN/NR2F2/LDOC1/STC1/PRDM1/PTGS2/SPP1/TPPP3",11,"adjacent_vs_healthy_up","GO_BP"
"GO:1904705","regulation of vascular associated smooth muscle cell proliferation","11/936","58/16135",0.189655172413793,3.26932287061597,4.29644467828414,0.000435527794548935,0.00470222381572325,0.00339175525995737,"ADAMTS1/JUN/MMP2/IGFBP5/DDR2/EFEMP2/DNMT1/BMP4/ADIPOQ/CNN1/FGF2",11,"adjacent_vs_healthy_up","GO_BP"
"GO:0050807","regulation of synapse organization","33/936","306/16135",0.107843137254902,1.85902673035026,3.76480160393948,0.000446349315885905,0.00480887127643673,0.00346868100828659,"MYCBP2/THBS2/MAP1B/ASAP1/DBN1/CHD4/SHANK3/SPARCL1/SPARC/TUBA1A/FGFR1/PRICKLE1/EFNA5/SRPX2/PRNP/LRRK2/FGF7/EPHA4/S1PR2/LRFN5/NEFL/NRXN1/FYN/GPM6A/CDH2/CAP2/LILRB2/DNM3/ADGRB3/AMIGO2/ROR2/FLRT1/FCGR2B",33,"adjacent_vs_healthy_up","GO_BP"
"GO:0048644","muscle organ morphogenesis","13/936","77/16135",0.168831168831169,2.91035353535354,4.16979616331735,0.000447492274737907,0.00481101399169699,0.00347022656758776,"TGFBR3/HEG1/S1PR1/ZFPM2/HEY2/FOXC1/ENG/EFEMP2/ARID5B/MYLK/COL3A1/PROX1/HAND1",13,"adjacent_vs_healthy_up","GO_BP"
"GO:0003073","regulation of systemic arterial blood pressure","15/936","97/16135",0.154639175257732,2.66570843246101,4.08329907241377,0.000449215787445635,0.00481937611120623,0.00347625823769564,"PCSK5/TAC1/NAV2/ENG/WNK1/NR2F2/OR51E2/IER3/CTSG/AGTR1/AGT/ADRB2/CMA1/ADM/POSTN",15,"adjacent_vs_healthy_up","GO_BP"
"GO:0060412","ventricular septum morphogenesis","9/936","41/16135",0.219512195121951,3.78400562851782,4.42926313760721,0.000466012056337095,0.00498907025019714,0.00359866010776014,"TGFBR3/SLIT3/ZFPM2/HEY2/SLIT2/BMP4/TGFBR2/APLNR/PROX1",9,"adjacent_vs_healthy_up","GO_BP"
"GO:0061384","heart trabecula morphogenesis","8/936","33/16135",0.242424242424242,4.17896917896918,4.53633187021654,0.000470895827136563,0.00503078644672521,0.00362875036601761,"ADAMTS1/TGFBR3/HEG1/S1PR1/HEY2/ENG/TEK/RBP4",8,"adjacent_vs_healthy_up","GO_BP"
"GO:1903706","regulation of hemopoiesis","41/936","411/16135",0.0997566909975669,1.71963056543349,3.66733377107283,0.000499663828989553,0.00532695998437397,0.00384238293510574,"FOS/TCIM/SFRP1/ZFP36/JUNB/FBN1/ZBTB16/NFKBIA/TRIB1/LRRC17/CEBPB/JAG1/PTN/GLI3/MEIS1/ZEB1/QKI/BMP4/TGFBR2/MTURN/SOCS1/PRDM1/MITF/ISG15/TMEM131L/ANXA1/ADIPOQ/KLF10/MYC/AXL/HLX/LILRB2/TNFAIP6/BCL6/ROR2/IRF7/FCGR2B/LGALS1/CCL19/SPINK5/CARTPT",41,"adjacent_vs_healthy_up","GO_BP"
"GO:0034446","substrate adhesion-dependent cell spreading","15/936","98/16135",0.153061224489796,2.63850732600733,4.03739558649265,0.000502532100686652,0.00533521580228996,0.00384833792894252,"LAMC1/FN1/FBLN1/TEK/MYOC/FLNA/EFNA5/FERMT2/MYADM/FZD7/ITGA8/AXL/LIMS2/GBP1/POSTN",15,"adjacent_vs_healthy_up","GO_BP"
"GO:0060349","bone morphogenesis","15/936","98/16135",0.153061224489796,2.63850732600733,4.03739558649265,0.000502532100686652,0.00533521580228996,0.00384833792894252,"GLG1/FOXC1/SKI/TEK/GLI3/CSGALNACT1/STC1/BMP4/LTBP3/TGFBR2/COL1A1/TWIST1/GHR/COL3A1/RAB23",15,"adjacent_vs_healthy_up","GO_BP"
"GO:0032330","regulation of chondrocyte differentiation","10/936","50/16135",0.2,3.44764957264957,4.30155176096281,0.000505823758373905,0.0053589976562857,0.00386549198871141,"CCN2/GREM1/EFEMP1/GLG1/ZBTB16/PTPN11/GLI3/BMP4/LTBP3/TRPS1",10,"adjacent_vs_healthy_up","GO_BP"
"GO:0001706","endoderm formation","11/936","59/16135",0.186440677966102,3.21391061857164,4.22764520960544,0.00050772406770715,0.00536797064115278,0.003871964281357,"DUSP1/MMP2/FN1/COL6A1/COL5A1/DUSP4/SOX7/ITGA7/ITGA5/DUSP2/COL4A2",11,"adjacent_vs_healthy_up","GO_BP"
"GO:0051208","sequestering of calcium ion","18/936","130/16135",0.138461538461538,2.38683431952663,3.93976085283006,0.000510320575591862,0.00538425187001268,0.00388370807446176,"PLN/THY1/FLNA/CCL21/ITPR1/TRPC1/APLNR/PRKD1/ANXA6/CASQ2/SLC8A1/CXCL11/FGF2/RYR3/PLCL1/HTR2B/CCL19/CXCL10",18,"adjacent_vs_healthy_up","GO_BP"
"GO:0014896","muscle hypertrophy","14/936","88/16135",0.159090909090909,2.74244852369852,4.06729628231883,0.000513200090429071,0.00540344558022013,0.00389755266589455,"LMNA/COL14A1/HEY2/RGS2/IGFBP5/MYOC/MEIS1/HAND2/PI16/AGT/IL6ST/PDE9A/SORBS2/HTR2B",14,"adjacent_vs_healthy_up","GO_BP"
"GO:0032386","regulation of intracellular transport","29/936","259/16135",0.111969111969112,1.93015130515131,3.74484959618495,0.000527779084057225,0.00553824020299824,0.00399478120897089,"DYNC1H1/APOD/MAP1B/PLN/GAS1/CRYAB/HYAL2/RUFY3/PTPN11/WNK1/FLNA/BAG3/GLI3/MX2/PLK3/BMP4/IER3/LRRK2/MSN/PPP1R12A/PRKD1/CD36/PTGS2/ANGPT1/ADIPOQ/CD81/MAP2/IL1B/RAB23",29,"adjacent_vs_healthy_up","GO_BP"
"GO:0071605","monocyte chemotactic protein-1 production","6/936","19/16135",0.315789473684211,5.44365721997301,4.80939186821306,0.000529262750953717,0.00553824020299824,0.00399478120897089,"APOD/TWIST1/C1QTNF3/ADIPOQ/OAS3/IL1B",6,"adjacent_vs_healthy_up","GO_BP"
"GO:0071637","regulation of monocyte chemotactic protein-1 production","6/936","19/16135",0.315789473684211,5.44365721997301,4.80939186821306,0.000529262750953717,0.00553824020299824,0.00399478120897089,"APOD/TWIST1/C1QTNF3/ADIPOQ/OAS3/IL1B",6,"adjacent_vs_healthy_up","GO_BP"
"GO:0048011","neurotrophin TRK receptor signaling pathway","7/936","26/16135",0.269230769230769,4.64106673241289,4.61086561780693,0.000537016779105463,0.00559639571844875,0.0040367292920811,"SPRY1/SPRY2/PTPN11/NDN/AGT/WASF1/DDIT4",7,"adjacent_vs_healthy_up","GO_BP"
"GO:1902547","regulation of cellular response to vascular endothelial growth factor stimulus","7/936","26/16135",0.269230769230769,4.64106673241289,4.61086561780693,0.000537016779105463,0.00559639571844875,0.0040367292920811,"ADGRA2/DCN/SPRY2/SMOC2/EMILIN1/CCBE1/JCAD",7,"adjacent_vs_healthy_up","GO_BP"
"GO:0008037","cell recognition","20/936","153/16135",0.130718954248366,2.25336573375789,3.86553324399097,0.00054830342117355,0.00569074182138577,0.00410478196320728,"GAP43/ROBO4/PECAM1/PLXND1/VCAN/NEXN/CCL21/CXCR4/NDN/PALLD/PTX3/EPHA4/MSN/CD36/COLEC12/CD81/NTM/FCN1/ST6GALNAC6/CCL19",20,"adjacent_vs_healthy_up","GO_BP"
"GO:0043409","negative regulation of MAPK cascade","20/936","153/16135",0.130718954248366,2.25336573375789,3.86553324399097,0.00054830342117355,0.00569074182138577,0.00410478196320728,"DUSP1/UCHL1/DUSP6/RGS2/FBLN1/CAV1/HYAL2/SPRY1/SPRY2/DUSP4/ATF3/EPHA4/AGT/EMILIN1/ADIPOQ/MYC/IL1B/DUSP2/GBP1/LMO3",20,"adjacent_vs_healthy_up","GO_BP"
"GO:0061035","regulation of cartilage development","12/936","69/16135",0.173913043478261,2.99795615013006,4.12722418330081,0.000556433651925704,0.00576338595571827,0.00415718081413042,"CCN1/CCN2/GREM1/EFEMP1/GLG1/ZBTB16/CTSK/PTPN11/GLI3/BMP4/LTBP3/TRPS1",12,"adjacent_vs_healthy_up","GO_BP"
"GO:0045861","negative regulation of proteolysis","19/936","142/16135",0.133802816901408,2.30652612254725,3.88059879182764,0.00055801742191323,0.00576806649507063,0.00416055692819686,"TIMP3/GLG1/SERPING1/SERPINE1/GAS1/PLAT/THBS1/TIMP2/SERPINE2/TIMP1/SPOCK1/SERPINI1/PRNP/LRRK2/EPHA4/SERPINF1/MAP1A/LAMP3/SPINK5",19,"adjacent_vs_healthy_up","GO_BP"
"GO:0051592","response to calcium ion","18/936","131/16135",0.137404580152672,2.36861421021726,3.90304775083008,0.000560269577181058,0.00577962300670986,0.00416889274135149,"FOS/JUNB/CAV1/TUBA1A/THBS1/FOSB/SYT1/INHBB/TRPC1/NRXN1/CASQ2/MICU3/CLIC4/KCNMB4/PRKAA2/RYR3/PENK/KCNMB1",18,"adjacent_vs_healthy_up","GO_BP"
"GO:0071347","cellular response to interleukin-1","13/936","79/16135",0.164556962025316,2.83667369901547,4.06095629995512,0.000577509351570841,0.00594542960728284,0.00428849049587533,"EGR1/KLF2/PTGIS/SFRP1/MMP2/AKAP12/HYAL2/NFKBIA/RORA/INHBB/CCL2/IL1B/GBP1",13,"adjacent_vs_healthy_up","GO_BP"
"GO:0010574","regulation of vascular endothelial growth factor production","8/936","34/16135",0.235294117647059,4.0560583207642,4.42665947350002,0.000584836970301181,0.00597260360852669,0.00430809134119128,"C3/SULF1/RORA/PTGS2/CYP1B1/IL6ST/IL1B/CCBE1",8,"adjacent_vs_healthy_up","GO_BP"
"GO:0019934","cGMP-mediated signaling","8/936","34/16135",0.235294117647059,4.0560583207642,4.42665947350002,0.000584836970301181,0.00597260360852669,0.00430809134119128,"PDE2A/THBS1/GUCY1A1/GUCY1B1/AGT/CD36/IRAG1/HTR2B",8,"adjacent_vs_healthy_up","GO_BP"
"GO:0040036","regulation of fibroblast growth factor receptor signaling pathway","8/936","34/16135",0.235294117647059,4.0560583207642,4.42665947350002,0.000584836970301181,0.00597260360852669,0.00430809134119128,"SULF1/FAM20C/SPRY1/SPRY2/THBS1/SMOC2/NRXN1/FGF2",8,"adjacent_vs_healthy_up","GO_BP"
"GO:0051150","regulation of smooth muscle cell differentiation","8/936","34/16135",0.235294117647059,4.0560583207642,4.42665947350002,0.000584836970301181,0.00597260360852669,0.00430809134119128,"HEY2/ENG/EFEMP2/RBPMS2/ZEB1/DNMT1/BMP4/PRDM6",8,"adjacent_vs_healthy_up","GO_BP"
"GO:0042306","regulation of protein import into nucleus","11/936","60/16135",0.183333333333333,3.16034544159544,4.16030124169702,0.000589652380596674,0.00598579388749134,0.00431760560504002,"APOD/HYAL2/FLNA/BAG3/GLI3/BMP4/PRKD1/CD36/PTGS2/ANGPT1/RAB23",11,"adjacent_vs_healthy_up","GO_BP"
"GO:0042733","embryonic digit morphogenesis","11/936","60/16135",0.183333333333333,3.16034544159544,4.16030124169702,0.000589652380596674,0.00598579388749134,0.00431760560504002,"SFRP2/ZBTB16/GLI3/HAND2/PRICKLE1/BMP4/TWIST1/TBX2/CHST11/MAP3K20/HOXD13",11,"adjacent_vs_healthy_up","GO_BP"
"GO:1990874","vascular associated smooth muscle cell proliferation","11/936","60/16135",0.183333333333333,3.16034544159544,4.16030124169702,0.000589652380596674,0.00598579388749134,0.00431760560504002,"ADAMTS1/JUN/MMP2/IGFBP5/DDR2/EFEMP2/DNMT1/BMP4/ADIPOQ/CNN1/FGF2",11,"adjacent_vs_healthy_up","GO_BP"
"GO:0050806","positive regulation of synaptic transmission","20/936","154/16135",0.12987012987013,2.23873348873349,3.83299017988238,0.000596619032844645,0.00604447433673223,0.00435993232749503,"CALB2/FAM107A/SHANK3/LGI1/LAMA2/PTN/SERPINE2/TSHZ3/SYT1/SCGN/PRNP/EPHA4/PTGS2/NRXN1/PDE9A/MICU3/CCL2/LILRB2/ROR2/TACR2",20,"adjacent_vs_healthy_up","GO_BP"
"GO:0048863","stem cell differentiation","28/936","249/16135",0.112449799196787,1.93843751072667,3.70338784186561,0.000610367134813594,0.00617148991867078,0.00445154978021944,"SFRP2/GREM1/SFRP1/ZFP36/SEMA3G/SOX18/FN1/CHD4/A2M/FOXC1/FGFR1/JAG1/PTN/EIF2AK2/SEMA3A/HAND2/PRICKLE1/BMP4/LTBP3/TGFBR2/TWIST1/TBX2/PHOX2B/SEMA3E/GPM6A/CDH2/FGF2/HTR2B",28,"adjacent_vs_healthy_up","GO_BP"
"GO:0050803","regulation of synapse structure or activity","33/936","312/16135",0.105769230769231,1.82327621630506,3.64401281303017,0.000629206465155919,0.00634937850779121,0.00457986237899837,"MYCBP2/THBS2/MAP1B/ASAP1/DBN1/CHD4/SHANK3/SPARCL1/SPARC/TUBA1A/FGFR1/PRICKLE1/EFNA5/SRPX2/PRNP/LRRK2/FGF7/EPHA4/S1PR2/LRFN5/NEFL/NRXN1/FYN/GPM6A/CDH2/CAP2/LILRB2/DNM3/ADGRB3/AMIGO2/ROR2/FLRT1/FCGR2B",33,"adjacent_vs_healthy_up","GO_BP"
"GO:0060415","muscle tissue morphogenesis","12/936","70/16135",0.171428571428571,2.95512820512821,4.06804116759655,0.00063674694439847,0.00641277159813163,0.00462558837079147,"TGFBR3/HEG1/S1PR1/ZFPM2/HEY2/FOXC1/ENG/EFEMP2/MYLK/COL3A1/PROX1/HAND1",12,"adjacent_vs_healthy_up","GO_BP"
"GO:0051100","negative regulation of binding","14/936","90/16135",0.155555555555556,2.68150522317189,3.96963940354707,0.000647694895567634,0.00649734879490682,0.00468659464426477,"JUN/HEY2/NES/PLN/IFIT1/IFI16/LRRK2/NFIB/ADIPOQ/BAG2/MAP2/SLPI/IFIT2/HAND1",14,"adjacent_vs_healthy_up","GO_BP"
"GO:2000177","regulation of neural precursor cell proliferation","14/936","90/16135",0.155555555555556,2.68150522317189,3.96963940354707,0.000647694895567634,0.00649734879490682,0.00468659464426477,"VEGFC/NES/FLNA/PTN/GLI3/PTBP2/LRRK2/ID4/PDE9A/PROX1/CDH2/FGF2/LIMS2/BTG2",14,"adjacent_vs_healthy_up","GO_BP"
"GO:0032869","cellular response to insulin stimulus","28/936","250/16135",0.112,1.93068376068376,3.68027247856667,0.000650387187214986,0.0065115385187575,0.00469682981647137,"PHIP/TNS2/DDR2/COL6A1/FGFR1/TEK/SOCS3/CAV2/NCOA1/PTPN11/LPIN1/INHBB/EPHA2/RHOQ/SOCS1/EPHA4/IRS2/RARRES2/GHR/IRS1/CPEB1/ADIPOQ/RAB31/AXL/SORBS1/IL1B/ROR2/ECHDC3",28,"adjacent_vs_healthy_up","GO_BP"
"GO:0097530","granulocyte migration","19/936","144/16135",0.131944444444444,2.27449103751187,3.8122525478551,0.000664726748590503,0.00664205394277883,0.00479097173597118,"PECAM1/SCG2/SLIT2/THBS1/JAM3/CCL21/RARRES2/ANXA1/CCL2/IL1B/SAA1/TNFAIP6/THBS4/S100A8/CXCL3/ITGA1/CXCL13/CCL19/CXCL10",19,"adjacent_vs_healthy_up","GO_BP"
"GO:0010466","negative regulation of peptidase activity","9/936","43/16135",0.209302325581395,3.6080053667263,4.24951278081771,0.000675873021755587,0.00671393551435959,0.00484282054369654,"TIMP3/SERPING1/SERPINE1/TIMP2/SERPINE2/TIMP1/SPOCK1/SERPINI1/SERPINF1",9,"adjacent_vs_healthy_up","GO_BP"
"GO:0046622","positive regulation of organ growth","9/936","43/16135",0.209302325581395,3.6080053667263,4.24951278081771,0.000675873021755587,0.00671393551435959,0.00484282054369654,"TGFBR3/ZFPM2/HEY2/FGFR1/YBX3/TBX2/PROX1/HLX/FGF2",9,"adjacent_vs_healthy_up","GO_BP"
"GO:1900271","regulation of long-term synaptic potentiation","9/936","43/16135",0.209302325581395,3.6080053667263,4.24951278081771,0.000675873021755587,0.00671393551435959,0.00484282054369654,"CALB2/FAM107A/SHANK3/PTN/SCGN/PRNP/EPHA4/PDE9A/LILRB2",9,"adjacent_vs_healthy_up","GO_BP"
"GO:0038065","collagen-activated signaling pathway","11/936","61/16135",0.180327868852459,3.10853649992994,4.09435506245378,0.000682309097755713,0.00676468319486987,0.00487942529052417,"DDR2/COL4A1/FGFR1/TEK/COL1A1/EPHA2/COL4A5/EPHA4/AXL/ROR2/COL4A2",11,"adjacent_vs_healthy_up","GO_BP"
"GO:0002053","positive regulation of mesenchymal cell proliferation","7/936","27/16135",0.259259259259259,4.46917537195315,4.4770172673439,0.000689031619513197,0.00680485490899079,0.00490840150008177,"PRRX1/FOXF1/FGFR1/TGFBR2/SYNE1/IRS2/MYC",7,"adjacent_vs_healthy_up","GO_BP"
"GO:0044342","type B pancreatic cell proliferation","7/936","27/16135",0.259259259259259,4.46917537195315,4.4770172673439,0.000689031619513197,0.00680485490899079,0.00490840150008177,"SFRP1/NR4A1/IGFBP5/IGFBP3/IRS2/PHOX2B/CCN3",7,"adjacent_vs_healthy_up","GO_BP"
"GO:0060828","regulation of canonical Wnt signaling pathway","28/936","251/16135",0.111553784860558,1.92299179350972,3.65726310149651,0.000692688165294235,0.00682773479756174,0.00492490496428274,"EGR1/SFRP2/RSPO3/GREM1/IGFBP6/SFRP1/CHD8/ADGRA2/RBMS3/SHISA3/CAV1/ZEB2/WWTR1/WNK1/SOX7/GLI3/RSPO2/LATS2/PRICKLE1/COL1A1/DACT3/PLEKHA4/LRRK2/FZD7/TMEM131L/HHEX/CDH2/FGF2",28,"adjacent_vs_healthy_up","GO_BP"
"GO:0051962","positive regulation of nervous system development","30/936","276/16135",0.108695652173913,1.87372259383129,3.63321962217374,0.000699249685447249,0.00687273419014645,0.00495736342063774,"VEGFC/THBS2/MAP1B/L1CAM/FN1/DBN1/PLXND1/SHANK3/IL33/RUFY3/SLIT2/PTN/SERPINE2/GLI3/CXCR4/QKI/EFNA5/CXCL12/SRPX2/EPHA4/ID4/NEFL/SERPINF1/NRXN1/IL6ST/IL1B/FGF2/ADGRB3/AMIGO2/FLRT1",30,"adjacent_vs_healthy_up","GO_BP"
"GO:0045599","negative regulation of fat cell differentiation","10/936","52/16135",0.192307692307692,3.3150476660092,4.14934476500716,0.000701299407157801,0.00687273419014645,0.00495736342063774,"ZFPM2/WWTR1/JAG1/TRIB2/RORA/TGFB1I1/FERMT2/ID4/ADIPOQ/RUNX1T1",10,"adjacent_vs_healthy_up","GO_BP"
"GO:0055021","regulation of cardiac muscle tissue growth","10/936","52/16135",0.192307692307692,3.3150476660092,4.14934476500716,0.000701299407157801,0.00687273419014645,0.00495736342063774,"TGFBR3/COL14A1/ZFPM2/HEY2/RGS2/FGFR1/PI16/TBX2/FGF2/RBP4",10,"adjacent_vs_healthy_up","GO_BP"
"GO:0051651","maintenance of location in cell","24/936","203/16135",0.118226600985222,2.03801945181256,3.69334438520683,0.00071917790616114,0.00698927260751975,0.00504142360271399,"DBN1/CAV1/PLN/THY1/FLNA/TAF3/CCL21/ITPR1/SYNE1/TRPC1/APLNR/PRKD1/ANXA6/CASQ2/DZIP1/SLC8A1/CCDC88A/CXCL11/FGF2/RYR3/PLCL1/HTR2B/CCL19/CXCL10",24,"adjacent_vs_healthy_up","GO_BP"
"GO:0030449","regulation of complement activation","6/936","20/16135",0.3,5.17147435897436,4.63223799547484,0.000719253552816974,0.00698927260751975,0.00504142360271399,"C3/SERPING1/CFH/A2M/IL1B/CR2",6,"adjacent_vs_healthy_up","GO_BP"
"GO:0060602","branch elongation of an epithelium","6/936","20/16135",0.3,5.17147435897436,4.63223799547484,0.000719253552816974,0.00698927260751975,0.00504142360271399,"SPRY1/SPRY2/BMP4/AREG/TNC/HOXD13",6,"adjacent_vs_healthy_up","GO_BP"
"GO:0010951","negative regulation of endopeptidase activity","8/936","35/16135",0.228571428571429,3.94017094017094,4.3211078719714,0.000720048688961513,0.00698927260751975,0.00504142360271399,"TIMP3/SERPING1/SERPINE1/SERPINE2/TIMP1/SPOCK1/SERPINI1/SERPINF1",8,"adjacent_vs_healthy_up","GO_BP"
"GO:0048048","embryonic eye morphogenesis","8/936","35/16135",0.228571428571429,3.94017094017094,4.3211078719714,0.000720048688961513,0.00698927260751975,0.00504142360271399,"MFAP5/EFEMP1/FBN1/ZEB1/TWIST1/TBX2/PROX1/FOXF2",8,"adjacent_vs_healthy_up","GO_BP"
"GO:0002088","lens development in camera-type eye","14/936","91/16135",0.153846153846154,2.65203813280736,3.92180395617561,0.000725433146383257,0.00702564676253566,0.00506766059959815,"CRYAB/CDKN1C/SKI/VIM/SPRY1/SPRY2/MEIS1/CRYBG3/BMP4/TGFBR2/EPHA2/TMOD1/PROX1/FGF2",14,"adjacent_vs_healthy_up","GO_BP"
"GO:0014855","striated muscle cell proliferation","12/936","71/16135",0.169014084507042,2.91350668111231,4.00990194382442,0.000726553344555788,0.00702564676253566,0.00506766059959815,"FOS/TGFBR3/ZFPM2/HEY2/FOXC1/FGFR1/SKI/CAV2/TBX2/ANGPT1/FGF2/RBP4",12,"adjacent_vs_healthy_up","GO_BP"
"GO:0030593","neutrophil chemotaxis","13/936","81/16135",0.160493827160494,2.76663237311385,3.95547375992003,0.000738071020982091,0.00712350364190291,0.0051382456245404,"SLIT2/JAM3/CCL21/IL1B/SAA1/TNFAIP6/THBS4/S100A8/CXCL3/ITGA1/CXCL13/CCL19/CXCL10",13,"adjacent_vs_healthy_up","GO_BP"
"GO:0097553","calcium ion transmembrane import into cytosol","22/936","180/16135",0.122222222222222,2.10689696106363,3.70592381125077,0.000754395146509531,0.00726729237544909,0.00524196169855991,"CAV1/PLN/THY1/FLNA/CCL21/ITPR1/TRPC1/APLNR/PRNP/PRKD1/CASQ2/NALF1/FYN/CACNA1H/SLC8A1/CXCL11/FGF2/RYR3/PLCL1/HTR2B/CCL19/CXCL10",22,"adjacent_vs_healthy_up","GO_BP"
"GO:0003179","heart valve morphogenesis","11/936","62/16135",0.17741935483871,3.0583988144472,4.02975217751193,0.000786756241850035,0.00756473548767505,0.0054565100229202,"CCN1/SLIT3/HEY2/OLFM1/ADAMTS5/SLIT2/JAG1/BMP4/TGFBR2/TWIST1/EMILIN1",11,"adjacent_vs_healthy_up","GO_BP"
"GO:0010720","positive regulation of cell development","42/936","434/16135",0.0967741935483871,1.66821753515302,3.50187402746754,0.000794669602965113,0.00762643370378571,0.00550101348707339,"FOS/CDH5/VEGFC/MAP1B/L1CAM/FN1/CLDN5/DBN1/PLXND1/ZBTB16/SHANK3/IL33/RUFY3/SLIT2/TRIB1/PTN/SERPINE2/GLI3/CXCR4/QKI/BMP4/TGFBR2/EFNA5/CXCL12/SOCS1/EPHA4/ID4/S1PR2/NEFL/ANXA1/SERPINF1/IL6ST/ADIPOQ/KLF10/AXL/HLX/IL1B/LILRB2/BCL6/FGF2/ROR2/CCL19",42,"adjacent_vs_healthy_up","GO_BP"
"GO:0050804","modulation of chemical synaptic transmission","46/936","488/16135",0.0942622950819672,1.62491680678156,3.47870833544012,0.000802589106250754,0.00768795880724406,0.00554539208355289,"CALB2/MAP1B/FAM107A/DBN1/AKAP12/SHANK3/LGI1/PLAT/PCDH17/LAMA2/TUBB2B/GUCY1A1/PTN/SERPINE2/TSHZ3/SYT1/PPP1R9A/SCGN/MYOF/SYNE1/PRNP/LRRK2/EPHA4/S1PR2/ADRB2/PTGS2/NEFL/BCHE/NRXN1/CHRDL1/MAP1A/ADIPOQ/PDE9A/MICU3/CALHM2/CCL2/FYN/S100B/CLMP/IL1B/KCNMB4/LILRB2/ROR2/PLCL1/TACR2/PENK",46,"adjacent_vs_healthy_up","GO_BP"
"GO:0002920","regulation of humoral immune response","9/936","44/16135",0.204545454545455,3.52600524475525,4.16361449640653,0.000806575541217154,0.00771164907700303,0.00556248008280893,"C3/SERPING1/CFH/A2M/IL1B/FCGR2B/CXCL13/SPINK5/CR2",9,"adjacent_vs_healthy_up","GO_BP"
"GO:0051209","release of sequestered calcium ion into cytosol","17/936","124/16135",0.137096774193548,2.36330817480011,3.78178727218448,0.000809366039903131,0.00772383771413175,0.00557127185362061,"PLN/THY1/FLNA/CCL21/ITPR1/TRPC1/APLNR/PRKD1/CASQ2/SLC8A1/CXCL11/FGF2/RYR3/PLCL1/HTR2B/CCL19/CXCL10",17,"adjacent_vs_healthy_up","GO_BP"
"GO:0007188","adenylate cyclase-modulating G protein-coupled receptor signaling pathway","29/936","266/16135",0.109022556390977,1.87935784975259,3.5886667113643,0.000811825323868107,0.00773282588865771,0.00557775510270031,"VIP/RGS1/S1PR1/RGS2/AKAP12/PLN/ADGRF5/ADGRD1/ADGRL4/PDE2A/ADCY3/CHRM3/ADGRL2/S1PR3/FLNA/RAMP3/RAMP2/OR51E2/ADCY4/APLNR/S1PR2/ADRB2/ADM/GPR161/MARCO/CXCL11/ADGRB3/RAMP1/CXCL10",29,"adjacent_vs_healthy_up","GO_BP"
"GO:0034612","response to tumor necrosis factor","25/936","217/16135",0.115207373271889,1.98597325613455,3.62870944450563,0.000823748280129481,0.00783175603645492,0.00564911428556981,"FOS/KLF2/SFRP1/ZFP36/CCDC3/AKAP12/HYAL2/CTSK/NFKBIA/TUBA1A/AFF3/THBS1/RORA/YBX3/FABP4/COL1A1/GSDME/PTGS2/CYP1B1/ADIPOQ/CCL2/CD14/GBP1/POSTN/CHI3L1",25,"adjacent_vs_healthy_up","GO_BP"
"GO:0061045","negative regulation of wound healing","12/936","72/16135",0.166666666666667,2.87304131054131,3.95277157394575,0.000826711557314239,0.00784529254389826,0.00565887828705542,"THBD/SERPING1/TFPI/MMRN1/SERPINE1/PLAT/THBS1/SERPINE2/WFDC1/PROS1/PHLDB2/FGF2",12,"adjacent_vs_healthy_up","GO_BP"
"GO:0099177","regulation of trans-synaptic signaling","46/936","489/16135",0.0940695296523517,1.62159386852638,3.46386479339494,0.000837818407214846,0.00793281714718614,0.00572201055068454,"CALB2/MAP1B/FAM107A/DBN1/AKAP12/SHANK3/LGI1/PLAT/PCDH17/LAMA2/TUBB2B/GUCY1A1/PTN/SERPINE2/TSHZ3/SYT1/PPP1R9A/SCGN/MYOF/SYNE1/PRNP/LRRK2/EPHA4/S1PR2/ADRB2/PTGS2/NEFL/BCHE/NRXN1/CHRDL1/MAP1A/ADIPOQ/PDE9A/MICU3/CALHM2/CCL2/FYN/S100B/CLMP/IL1B/KCNMB4/LILRB2/ROR2/PLCL1/TACR2/PENK",46,"adjacent_vs_healthy_up","GO_BP"
"GO:0010639","negative regulation of organelle organization","35/936","343/16135",0.102040816326531,1.75900488400488,3.52593665718316,0.000839047967490842,0.00793281714718614,0.00572201055068454,"SPTBN1/CDH5/LMNA/DUSP1/CLU/BAZ1B/MAP1B/S1PR1/SPTAN1/SHANK3/SLIT2/DLC1/MYOC/TMEFF2/GSN/BMERB1/CDK5RAP2/BMP4/IFI6/CLIP3/IER3/LRRK2/ATRX/MYADM/TMOD1/ATXN7/LMOD1/MAP2/LILRB2/KANK2/PHLDB2/SVIL/HDGFL3/STMN2/ASB2",35,"adjacent_vs_healthy_up","GO_BP"
"GO:0003015","heart process","27/936","242/16135",0.111570247933884,1.92327558804832,3.59118300536469,0.000853891136356633,0.00805820227939519,0.00581245194572585,"HEY2/RGS2/CAV1/PLN/HBEGF/WWTR1/FLNA/RAMP3/GSN/FXYD1/CXCR4/STC1/TRPC1/AGT/TBX2/DES/CASQ2/ADM/FYN/CACNA1H/KCNJ8/SCN9A/SLC8A1/SGCD/KCNH2/GJC1/POPDC2",27,"adjacent_vs_healthy_up","GO_BP"
"GO:0070555","response to interleukin-1","15/936","103/16135",0.145631067961165,2.51042444610406,3.81614800047337,0.00085759600311953,0.00807820560424607,0.00582688051929838,"EGR1/KLF2/PTGIS/SFRP1/MMP2/AKAP12/HYAL2/NFKBIA/RORA/INHBB/GHR/CCL2/IL1B/GBP1/CHI3L1",15,"adjacent_vs_healthy_up","GO_BP"
"GO:0007189","adenylate cyclase-activating G protein-coupled receptor signaling pathway","22/936","182/16135",0.120879120879121,2.08374424720579,3.64873867232473,0.00087543124854146,0.00823099196045624,0.00593708665742237,"VIP/S1PR1/PLN/ADGRF5/ADGRD1/ADGRL4/PDE2A/ADCY3/ADGRL2/S1PR3/RAMP3/RAMP2/OR51E2/ADCY4/S1PR2/ADRB2/ADM/GPR161/CXCL11/ADGRB3/RAMP1/CXCL10",22,"adjacent_vs_healthy_up","GO_BP"
"GO:0021987","cerebral cortex development","17/936","125/16135",0.136,2.34440170940171,3.7444655533922,0.000887332946470773,0.00831222186620415,0.00599567850053394,"FOS/TACC1/SLIT2/TUBA1A/NCOA1/FLNA/TUBB2B/GLI3/BMERB1/KIF26A/NEFL/TUBB2A/COL3A1/FAT4/CDH2/DIXDC1/NPY",17,"adjacent_vs_healthy_up","GO_BP"
"GO:1904950","negative regulation of establishment of protein localization","17/936","125/16135",0.136,2.34440170940171,3.7444655533922,0.000887332946470773,0.00831222186620415,0.00599567850053394,"SFRP1/APOD/PTPN11/BAG3/PIM3/INHBB/LRRK2/CD36/ANGPT1/IRS1/ADIPOQ/FRMD4A/PDE8B/CCN3/IL1B/RSAD2/RAB23",17,"adjacent_vs_healthy_up","GO_BP"
"GO:0032640","tumor necrosis factor production","20/936","159/16135",0.125786163522013,2.16833306455948,3.67394497097504,0.000897431468749576,0.00837602704166271,0.00604170173293526,"ZFP36/CLU/ZBTB20/AKAP12/IL33/PTPN11/THBS1/TWIST1/LRRK2/CD36/ANGPT1/LPL/ADIPOQ/OAS3/OAS2/AXL/CD14/RIGI/FCGR2B/CCL19",20,"adjacent_vs_healthy_up","GO_BP"
"GO:0032680","regulation of tumor necrosis factor production","20/936","159/16135",0.125786163522013,2.16833306455948,3.67394497097504,0.000897431468749576,0.00837602704166271,0.00604170173293526,"ZFP36/CLU/ZBTB20/AKAP12/IL33/PTPN11/THBS1/TWIST1/LRRK2/CD36/ANGPT1/LPL/ADIPOQ/OAS3/OAS2/AXL/CD14/RIGI/FCGR2B/CCL19",20,"adjacent_vs_healthy_up","GO_BP"
"GO:0071384","cellular response to corticosteroid stimulus","11/936","63/16135",0.174603174603175,3.00985280151947,3.96644108161784,0.000904122502279529,0.00842304985670288,0.00607561970164556,"ZFP36/FAM107A/SGK1/STC1/TBX2/CYP1B1/ANXA1/SERPINF1/DDIT4/SCNN1G/SCNN1B",11,"adjacent_vs_healthy_up","GO_BP"
"GO:2000027","regulation of animal organ morphogenesis","13/936","83/16135",0.156626506024096,2.69996653279786,3.8531532762702,0.000934609583999543,0.0086911869344191,0.00626902932640492,"SFRP2/GREM1/SFRP1/APCDD1/SULF1/AHI1/FGFR1/SPRY1/RSPO2/BMP4/FGF7/AGT/FGF2",13,"adjacent_vs_healthy_up","GO_BP"
"GO:1901880","negative regulation of protein depolymerization","12/936","73/16135",0.164383561643836,2.83368458025992,3.89661677104728,0.000938130685860767,0.0087080400275892,0.00628118561024983,"SPTBN1/MAP1B/SPTAN1/GSN/BMERB1/TMOD1/ATXN7/LMOD1/SVIL/HDGFL3/STMN2/ASB2",12,"adjacent_vs_healthy_up","GO_BP"
"GO:0002455","humoral immune response mediated by circulating immunoglobulin","9/936","45/16135",0.2,3.44764957264957,4.08017620203517,0.000957120035076848,0.0088118064466289,0.00635603323796334,"C1R/C3/CLU/SERPING1/C1S/C7/CD81/FCGR2B/CR2",9,"adjacent_vs_healthy_up","GO_BP"
"GO:0003176","aortic valve development","9/936","45/16135",0.2,3.44764957264957,4.08017620203517,0.000957120035076848,0.0088118064466289,0.00635603323796334,"SLIT3/HEY2/ADAMTS5/SLIT2/JAG1/BMP4/TGFBR2/TWIST1/EMILIN1",9,"adjacent_vs_healthy_up","GO_BP"
"GO:0031333","negative regulation of protein-containing complex assembly","18/936","137/16135",0.131386861313869,2.26487928130264,3.68958873320222,0.000957507640550844,0.0088118064466289,0.00635603323796334,"SPTBN1/CDH5/CLU/SPTAN1/CRYAB/SLIT2/GSN/JAM3/IFI16/CLIP3/MYADM/TMOD1/LMOD1/MAP2/KANK2/SVIL/STMN2/ASB2",18,"adjacent_vs_healthy_up","GO_BP"
"GO:0035930","corticosteroid hormone secretion","6/936","21/16135",0.285714285714286,4.92521367521368,4.46655528766131,0.000957955410406674,0.0088118064466289,0.00635603323796334,"GAL/ECRG4/PTPN11/AGTR1/AGT/SELENOM",6,"adjacent_vs_healthy_up","GO_BP"
"GO:2001026","regulation of endothelial cell chemotaxis","6/936","21/16135",0.285714285714286,4.92521367521368,4.46655528766131,0.000957955410406674,0.0088118064466289,0.00635603323796334,"FGFR1/THBS1/SMOC2/PRKD1/FGF2/CXCL13",6,"adjacent_vs_healthy_up","GO_BP"
"GO:0035710","CD4-positive, alpha-beta T cell activation","17/936","126/16135",0.134920634920635,2.32579534662868,3.70749952268005,0.000971612166096431,0.00890527985328671,0.00642345642561291,"JUNB/NKX2-3/SOCS3/CEBPB/RORA/TGFBR2/SOCS1/ANXA1/IL6ST/CD81/HLX/TWSG1/BCL6/RSAD2/GPR183/LGALS1/CCL19",17,"adjacent_vs_healthy_up","GO_BP"
"GO:0045834","positive regulation of lipid metabolic process","17/936","126/16135",0.134920634920635,2.32579534662868,3.70749952268005,0.000971612166096431,0.00890527985328671,0.00642345642561291,"CCN1/CCDC3/ZBTB20/ADGRF5/LDLR/QKI/TWIST1/IRS2/PTGS2/IRS1/ADIPOQ/ADM/SORBS1/MFSD2A/IL1B/HTR2B/GDF15",17,"adjacent_vs_healthy_up","GO_BP"
"GO:0060041","retina development in camera-type eye","21/936","172/16135",0.122093023255814,2.10466979725701,3.61443891910181,0.000997706683111718,0.0091280309822932,0.00658412876769559,"FOS/PTPRM/SAMD11/THY1/LPCAT1/LAMB2/AHI1/COL4A1/SKI/RHOJ/ZHX2/NFIB/PRDM1/CYP1B1/SERPINF1/NFIA/PROX1/CLIC4/MFSD2A/GPM6A/RBP4",21,"adjacent_vs_healthy_up","GO_BP"
"GO:0002687","positive regulation of leukocyte migration","19/936","149/16135",0.12751677852349,2.1981658349108,3.64620938702464,0.00101131138328614,0.00923591901295011,0.00666194935000037,"LYVE1/VEGFC/SERPINE1/THY1/JAM2/SELP/WNK1/THBS1/PTN/JAM3/CCL21/CXCL12/ANO6/RARRES2/CCL20/THBS4/CXCL13/CCL19/CXCL10",19,"adjacent_vs_healthy_up","GO_BP"
"GO:0034762","regulation of transmembrane transport","41/936","426/16135",0.0962441314553991,1.65908019341118,3.42113516789105,0.00101501365378782,0.00925314772755404,0.00667437657287836,"C3/GAL/RGS2/SLMAP/CAV1/PLN/THY1/CHRM3/PTPN11/WNK1/FLNA/THBS1/FXYD1/SESTD1/CLIP3/TRPC1/FHL1/APLNR/PRNP/RHOQ/AGT/PRKD1/IRS2/ANO6/IRS1/ADIPOQ/PLP1/CASQ2/PEA15/CCL2/FYN/KCNJ8/SORBS1/IL1B/SLC8A1/KCNH2/CXCL11/GRP/DPP6/KCNMB1/CXCL10",41,"adjacent_vs_healthy_up","GO_BP"
"GO:0051098","regulation of binding","23/936","196/16135",0.11734693877551,2.02285561660562,3.57530649456126,0.00101816241986531,0.00926372797209103,0.00668200819601377,"JUN/HEY2/CLDN5/GREM2/NES/PLN/FOXC1/SKI/PARP9/HAND2/IFIT1/IFI16/BMP4/TWIST1/LRRK2/NFIB/EPHA4/ADIPOQ/BAG2/MAP2/SLPI/IFIT2/HAND1",23,"adjacent_vs_healthy_up","GO_BP"
"GO:0019216","regulation of lipid metabolic process","32/936","308/16135",0.103896103896104,1.79098679098679,3.47813737603157,0.00101980992785382,0.00926372797209103,0.00668200819601377,"CCN1/EGR1/CH25H/C3/GAL/SIK1/CCDC3/APOD/ZBTB20/SERPINA3/CAV1/ADGRF5/LPCAT1/LDLR/RNF213/RORA/QKI/FMO2/TWIST1/IRS2/RARRES2/PTGS2/IRS1/ADIPOQ/PDE8B/PROX1/ADM/SORBS1/MFSD2A/IL1B/HTR2B/GDF15",32,"adjacent_vs_healthy_up","GO_BP"
"GO:0001655","urogenital system development","11/936","64/16135",0.171875,2.96282385149573,3.90437304960591,0.00103560400185656,0.00937377973971767,0.00676138950076306,"SFRP1/MMP2/SULF1/AHI1/BMP4/ID4/TNC/SERPINF1/HOXB13/HOXA13/HOXD13",11,"adjacent_vs_healthy_up","GO_BP"
"GO:0031122","cytoplasmic microtubule organization","11/936","64/16135",0.171875,2.96282385149573,3.90437304960591,0.00103560400185656,0.00937377973971767,0.00676138950076306,"DYNC1H1/TLN1/PPFIBP1/PLK3/STMN3/CLIP3/KATNAL1/CLIP1/TUBG2/HOOK3/CCDC88A",11,"adjacent_vs_healthy_up","GO_BP"
"GO:1903038","negative regulation of leukocyte cell-cell adhesion","18/936","138/16135",0.130434782608696,2.24846711259755,3.65509627325165,0.00104290593602439,0.00942313590422039,0.00679699053489581,"LRRC32/CEBPB/WNK1/CCL21/GLI3/BMP4/CXCL12/PRNP/CTSG/SOCS1/TMEM131L/ANXA1/HLX/LILRB2/TWSG1/BCL6/LGALS1/PLA2G2A",18,"adjacent_vs_healthy_up","GO_BP"
"GO:0051346","negative regulation of hydrolase activity","13/936","84/16135",0.154761904761905,2.66782407407407,3.80312217373071,0.00104823773299262,0.00945373845601115,0.00681906442377736,"TIMP3/SERPING1/RGS2/SERPINE1/WNK1/TIMP2/SERPINE2/TIMP1/SPOCK1/SERPINI1/PTX3/LRRK2/SERPINF1",13,"adjacent_vs_healthy_up","GO_BP"
"GO:0030010","establishment of cell polarity","20/936","161/16135",0.124223602484472,2.1413972500929,3.61197190042862,0.0010500031330656,0.00945373845601115,0.00681906442377736,"CDH5/MAP1B/FOXF1/RUFY3/SPRY1/SPRY2/RHOJ/GSN/JAM3/CCL21/PKD1/PRICKLE1/CDK5RAP2/RHOQ/MSN/AMOTL1/FRMD4A/KCNJ8/PHLDB2/CCL19",20,"adjacent_vs_healthy_up","GO_BP"
"GO:0043244","regulation of protein-containing complex disassembly","17/936","127/16135",0.133858267716535,2.30748199744263,3.67088250105453,0.00106260839630958,0.00954395787512757,0.00688414048168749,"SPTBN1/MAP1B/NES/SPTAN1/WNK1/GSN/BMERB1/CFL2/ADRB2/TMOD1/MAP1A/ATXN7/LMOD1/SVIL/HDGFL3/STMN2/ASB2",17,"adjacent_vs_healthy_up","GO_BP"
"GO:0010573","vascular endothelial growth factor production","8/936","37/16135",0.216216216216216,3.72718872718873,4.12127445078587,0.00106564207828642,0.00954395787512757,0.00688414048168749,"C3/SULF1/RORA/PTGS2/CYP1B1/IL6ST/IL1B/CCBE1",8,"adjacent_vs_healthy_up","GO_BP"
"GO:0060323","head morphogenesis","8/936","37/16135",0.216216216216216,3.72718872718873,4.12127445078587,0.00106564207828642,0.00954395787512757,0.00688414048168749,"MMP2/CLDN5/CSRNP1/SKI/PTPN11/PRICKLE1/ARID5B/COL1A1",8,"adjacent_vs_healthy_up","GO_BP"
"GO:0035929","steroid hormone secretion","7/936","29/16135",0.241379310344828,4.16095638078397,4.22790380628201,0.00109409269409807,0.00973036015553889,0.00701859408062914,"GAL/ECRG4/PTPN11/AGTR1/AGT/SELENOM/SPP1",7,"adjacent_vs_healthy_up","GO_BP"
"GO:0060441","epithelial tube branching involved in lung morphogenesis","7/936","29/16135",0.241379310344828,4.16095638078397,4.22790380628201,0.00109409269409807,0.00973036015553889,0.00701859408062914,"FOXF1/SPRY1/SPRY2/RSPO2/BMP4/TBX2/TNC",7,"adjacent_vs_healthy_up","GO_BP"
"GO:0061037","negative regulation of cartilage development","7/936","29/16135",0.241379310344828,4.16095638078397,4.22790380628201,0.00109409269409807,0.00973036015553889,0.00701859408062914,"GREM1/EFEMP1/CTSK/PTPN11/GLI3/BMP4/LTBP3",7,"adjacent_vs_healthy_up","GO_BP"
"GO:0071676","negative regulation of mononuclear cell migration","7/936","29/16135",0.241379310344828,4.16095638078397,4.22790380628201,0.00109409269409807,0.00973036015553889,0.00701859408062914,"GREM1/DUSP1/APOD/SLIT2/EMILIN1/CCN3/CCL2",7,"adjacent_vs_healthy_up","GO_BP"
"GO:0001954","positive regulation of cell-matrix adhesion","10/936","55/16135",0.181818181818182,3.13422688422688,3.93441667458852,0.00110777738836406,0.00980075272760979,0.00706936885995485,"SFRP1/COL16A1/THY1/MAP4K4/EFEMP2/TEK/MYOC/CCL21/FERMT2/CD36",10,"adjacent_vs_healthy_up","GO_BP"
"GO:0030837","negative regulation of actin filament polymerization","10/936","55/16135",0.181818181818182,3.13422688422688,3.93441667458852,0.00110777738836406,0.00980075272760979,0.00706936885995485,"SPTBN1/SPTAN1/SLIT2/GSN/MYADM/TMOD1/LMOD1/KANK2/SVIL/ASB2",10,"adjacent_vs_healthy_up","GO_BP"
"GO:0048260","positive regulation of receptor-mediated endocytosis","10/936","55/16135",0.181818181818182,3.13422688422688,3.93441667458852,0.00110777738836406,0.00980075272760979,0.00706936885995485,"GREM1/C3/CLU/SERPINE1/AHI1/CCL21/SYNE1/APLNR/ANGPT1/CCL19",10,"adjacent_vs_healthy_up","GO_BP"
"GO:0001818","negative regulation of cytokine production","30/936","284/16135",0.105633802816901,1.8209416756952,3.46373440712028,0.00111015905790785,0.00980480166221556,0.00707228939198066,"KLF2/ZFP36/APOD/LRRC32/FN1/FBLN1/IL33/FGFR1/XAF1/PTPN11/TRIB2/THBS1/SIGLEC1/QKI/INHBB/EPHA2/TWIST1/PRNP/RGCC/C1QTNF3/ANGPT1/ANXA1/ADIPOQ/OAS3/BST2/AXL/TWSG1/BCL6/GBP1/FCGR2B",30,"adjacent_vs_healthy_up","GO_BP"
"GO:0032964","collagen biosynthetic process","9/936","46/16135",0.195652173913043,3.37270066889632,3.99906797185357,0.00112966597970882,0.00995982323978576,0.00718410781486654,"LARP6/DDR2/ENG/COL5A1/VIM/BMP4/COL1A1/RGCC/EMILIN1",9,"adjacent_vs_healthy_up","GO_BP"
"GO:0048661","positive regulation of smooth muscle cell proliferation","13/936","85/16135",0.152941176470588,2.63643790849673,3.75381546459414,0.00117318079433637,0.0103256119653509,0.00744795442927481,"ADAMTS1/JUN/MMP2/S1PR1/IGFBP5/HBEGF/DDR2/THBS1/RBPMS2/DNMT1/BMP4/PTGS2/FGF2",13,"adjacent_vs_healthy_up","GO_BP"
"GO:1905330","regulation of morphogenesis of an epithelium","11/936","65/16135",0.169230769230769,2.9172419460881,3.8435019450249,0.00118246481017474,0.010389380470087,0.00749395121076259,"GREM1/SFRP1/SULF1/FGFR1/BMP4/FGF7/AGT/TBX2/FGF2/CXCL10/HOXD13",11,"adjacent_vs_healthy_up","GO_BP"
"GO:0060347","heart trabecula formation","5/936","15/16135",0.333333333333333,5.74608262108262,4.56351884441457,0.001196859786373,0.0104977581262596,0.00757212496424409,"ADAMTS1/TGFBR3/HEY2/TEK/RBP4",5,"adjacent_vs_healthy_up","GO_BP"
"GO:0007263","nitric oxide mediated signal transduction","6/936","22/16135",0.272727272727273,4.70134032634033,4.31105535114673,0.00125317008832061,0.010972774519041,0.00791475845255123,"THBS1/GUCY1A1/GUCY1B1/AGT/CD36/NDNF",6,"adjacent_vs_healthy_up","GO_BP"
"GO:0070306","lens fiber cell differentiation","8/936","38/16135",0.210526315789474,3.62910481331534,4.02650895888899,0.00128219060931812,0.0111944111869522,0.00807462692407611,"CDKN1C/VIM/SPRY1/SPRY2/EPHA2/TMOD1/PROX1/FGF2",8,"adjacent_vs_healthy_up","GO_BP"
"GO:0051261","protein depolymerization","16/936","118/16135",0.135593220338983,2.33738954077937,3.61834340107026,0.00128287600729594,0.0111944111869522,0.00807462692407611,"SPTBN1/MAP1B/NES/SPTAN1/GSN/BMERB1/STMN3/CFL2/TMOD1/MAP1A/ATXN7/LMOD1/SVIL/HDGFL3/STMN2/ASB2",16,"adjacent_vs_healthy_up","GO_BP"
"GO:0021537","telencephalon development","29/936","274/16135",0.105839416058394,1.82448608771601,3.41581840165597,0.00129258299622047,0.0112598341004094,0.00812181704507763,"FOS/TACC1/SHANK3/SLIT2/TUBA1A/SKI/NCOA1/FLNA/TUBB2B/GLI3/SEMA3A/CXCR4/BMERB1/BMP4/CXCL12/KIF26A/LRRK2/NFIB/ID4/NEFL/TUBB2A/COL3A1/PROX1/FAT4/MFSD2A/CDH2/DIXDC1/BTG2/NPY",29,"adjacent_vs_healthy_up","GO_BP"
"GO:0001892","embryonic placenta development","13/936","86/16135",0.151162790697674,2.60578165374677,3.70521293920338,0.00131029611338258,0.0113558996493157,0.0081911099676548,"CCN1/RSPO3/HEY2/JUNB/CDKN1C/SOCS3/NCOA1/CEBPB/NR2F2/PKD1/PRDM1/ADM/HAND1",13,"adjacent_vs_healthy_up","GO_BP"
"GO:0034340","response to type I interferon","13/936","86/16135",0.151162790697674,2.60578165374677,3.70521293920338,0.00131029611338258,0.0113558996493157,0.0081911099676548,"CH25H/PTPN11/MX1/IFIT1/IFITM2/USP18/ISG15/OAS3/OAS2/IFITM3/IRF7/IFITM1/CR2",13,"adjacent_vs_healthy_up","GO_BP"
"GO:0048864","stem cell development","13/936","86/16135",0.151162790697674,2.60578165374677,3.70521293920338,0.00131029611338258,0.0113558996493157,0.0081911099676548,"SEMA3G/FN1/FOXC1/JAG1/SEMA3A/HAND2/BMP4/TWIST1/PHOX2B/SEMA3E/CDH2/FGF2/HTR2B",13,"adjacent_vs_healthy_up","GO_BP"
"GO:0071706","tumor necrosis factor superfamily cytokine production","20/936","164/16135",0.121951219512195,2.10222534917657,3.52068935485728,0.00132031629985993,0.0114039523120105,0.00822577077450649,"ZFP36/CLU/ZBTB20/AKAP12/IL33/PTPN11/THBS1/TWIST1/LRRK2/CD36/ANGPT1/LPL/ADIPOQ/OAS3/OAS2/AXL/CD14/RIGI/FCGR2B/CCL19",20,"adjacent_vs_healthy_up","GO_BP"
"GO:1903555","regulation of tumor necrosis factor superfamily cytokine production","20/936","164/16135",0.121951219512195,2.10222534917657,3.52068935485728,0.00132031629985993,0.0114039523120105,0.00822577077450649,"ZFP36/CLU/ZBTB20/AKAP12/IL33/PTPN11/THBS1/TWIST1/LRRK2/CD36/ANGPT1/LPL/ADIPOQ/OAS3/OAS2/AXL/CD14/RIGI/FCGR2B/CCL19",20,"adjacent_vs_healthy_up","GO_BP"
"GO:0048662","negative regulation of smooth muscle cell proliferation","9/936","47/16135",0.191489361702128,3.3009410801964,3.92016946239352,0.00132650284140162,0.0114380008118149,0.00825033025589891,"OGN/APOD/IGFBP5/EFEMP2/TRIB1/IGFBP3/BMP4/ADIPOQ/CNN1",9,"adjacent_vs_healthy_up","GO_BP"
"GO:0003171","atrioventricular valve development","7/936","30/16135",0.233333333333333,4.02225783475784,4.11162234922463,0.00135653608409772,0.0115988387324866,0.00836634405805236,"CCN1/SLIT3/HEY2/OLFM1/TGFBR2/APLNR/TWIST1",7,"adjacent_vs_healthy_up","GO_BP"
"GO:0010743","regulation of macrophage derived foam cell differentiation","7/936","30/16135",0.233333333333333,4.02225783475784,4.11162234922463,0.00135653608409772,0.0115988387324866,0.00836634405805236,"NFKBIA/AGTR1/AGT/CD36/LPL/ADIPOQ/PLA2G2A",7,"adjacent_vs_healthy_up","GO_BP"
"GO:0071295","cellular response to vitamin","7/936","30/16135",0.233333333333333,4.02225783475784,4.11162234922463,0.00135653608409772,0.0115988387324866,0.00836634405805236,"SFRP1/MN1/COL1A1/TNC/KANK2/POSTN/PENK",7,"adjacent_vs_healthy_up","GO_BP"
"GO:0150117","positive regulation of cell-substrate junction organization","7/936","30/16135",0.233333333333333,4.02225783475784,4.11162234922463,0.00135653608409772,0.0115988387324866,0.00836634405805236,"SFRP1/COL16A1/THY1/MAP4K4/TEK/MYOC/FERMT2",7,"adjacent_vs_healthy_up","GO_BP"
"GO:2000352","negative regulation of endothelial cell apoptotic process","7/936","30/16135",0.233333333333333,4.02225783475784,4.11162234922463,0.00135653608409772,0.0115988387324866,0.00836634405805236,"CDH5/SCG2/SERPINE1/TEK/RAMP2/ANGPT1/NDNF",7,"adjacent_vs_healthy_up","GO_BP"
"GO:0007416","synapse assembly","28/936","263/16135",0.106463878326996,1.83525072308342,3.3890685264558,0.00142170627361538,0.0121357038029212,0.00875358953974239,"GAP43/MYCBP2/THBS2/MAP1B/PLXND1/CHD4/SHANK3/PCDH17/FGFR1/PRICKLE1/EFNA5/SRPX2/PCDHB4/PCDHB16/S1PR2/LRFN5/NRXN1/DNER/PCDHB5/KCNJ8/PCDHB14/GPM6A/CDH2/DNM3/ADGRB3/AMIGO2/FLRT1/NPTX1",28,"adjacent_vs_healthy_up","GO_BP"
"GO:0044403","biological process involved in symbiotic interaction","23/936","201/16135",0.114427860696517,1.97253582514777,3.44304480102818,0.00143036495932349,0.0121891970446697,0.00879217468395992,"CH25H/FN1/FBLN1/CAV1/HYAL2/LDLR/CAV2/SIGLEC1/CXCR4/IFIT1/MYH10/INHBB/EPHA2/CTSG/AGTR1/CD81/BST2/ITGA5/APOL1/AXL/LGALS1/SCNN1B/CR2",23,"adjacent_vs_healthy_up","GO_BP"
"GO:0007163","establishment or maintenance of cell polarity","25/936","226/16135",0.110619469026549,1.90688582558052,3.407115340024,0.00147169989583412,0.012480663996942,0.00900241235175606,"CDH5/LMNA/MAP1B/FOXF1/RUFY3/TEK/SPRY1/SPRY2/RHOJ/GSN/JAM3/CCL21/PKD1/PRICKLE1/CDK5RAP2/MTCL1/RHOQ/MSN/AMOTL1/FRMD4A/CLIC4/KCNJ8/CAP2/PHLDB2/CCL19",25,"adjacent_vs_healthy_up","GO_BP"
"GO:0022617","extracellular matrix disassembly","10/936","57/16135",0.175438596491228,3.02425401109612,3.79916247819875,0.00147287000075848,0.012480663996942,0.00900241235175606,"MMP2/LAMC1/ADAMTS5/SH3PXD2B/CTSK/DDR2/ENG/ADAMTS4/CTSG/CMA1",10,"adjacent_vs_healthy_up","GO_BP"
"GO:0140374","antiviral innate immune response","10/936","57/16135",0.175438596491228,3.02425401109612,3.79916247819875,0.00147287000075848,0.012480663996942,0.00900241235175606,"EIF2AK2/MX1/IFIT3/IFIT1/USP18/OAS3/OAS2/RIGI/IFIT2/CXCL10",10,"adjacent_vs_healthy_up","GO_BP"
"GO:1902105","regulation of leukocyte differentiation","33/936","328/16135",0.100609756097561,1.73433591307067,3.33432866855935,0.00147436415348491,0.012480663996942,0.00900241235175606,"FOS/SFRP1/JUNB/FBN1/ZBTB16/TRIB1/LRRC17/CEBPB/GLI3/ZEB1/QKI/BMP4/TGFBR2/SOCS1/PRDM1/MITF/TMEM131L/ANXA1/ADIPOQ/KLF10/MYC/AXL/HLX/LILRB2/TNFAIP6/BCL6/ROR2/IRF7/FCGR2B/LGALS1/CCL19/SPINK5/CARTPT",33,"adjacent_vs_healthy_up","GO_BP"
"GO:0010959","regulation of metal ion transport","36/936","368/16135",0.0978260869565217,1.68635033444816,3.30519181306417,0.00151216965682483,0.0127794636337966,0.00921793914922284,"GAL/SIK1/SLMAP/CAV1/PLN/THY1/WNK1/FLNA/SERPINE2/FXYD1/CXCR4/STC1/CXCL12/SESTD1/TRPC1/FHL1/APLNR/PRNP/AGT/PRKD1/ADRB2/ANO6/PTGS2/MYLK/PLP1/CASQ2/CCL2/FYN/SLC8A1/LILRB2/KCNH2/CXCL11/GRP/DPP6/KCNMB1/CXCL10",36,"adjacent_vs_healthy_up","GO_BP"
"GO:0110020","regulation of actomyosin structure organization","14/936","98/16135",0.142857142857143,2.46260683760684,3.60396459460287,0.00152232706392935,0.0128222896803057,0.00924882995200103,"CCN2/SFRP1/S1PR1/DLC1/MYOC/TMEFF2/AKAP13/FERMT2/RGCC/PRKD1/LIMCH1/PROX1/CCDC88A/PHLDB2",14,"adjacent_vs_healthy_up","GO_BP"
"GO:0014910","regulation of smooth muscle cell migration","11/936","67/16135",0.164179104477612,2.83016009695114,3.72517787751504,0.00152772159459847,0.0128222896803057,0.00924882995200103,"ADAMTS1/IGFBP5/SERPINE1/SLIT2/DDR2/TRIB1/IGFBP3/BMP4/CYP1B1/ADIPOQ/POSTN",11,"adjacent_vs_healthy_up","GO_BP"
"GO:0070373","negative regulation of ERK1 and ERK2 cascade","11/936","67/16135",0.164179104477612,2.83016009695114,3.72517787751504,0.00152772159459847,0.0128222896803057,0.00924882995200103,"DUSP6/FBLN1/SPRY1/SPRY2/DUSP4/ATF3/EPHA4/EMILIN1/ADIPOQ/GBP1/LMO3",11,"adjacent_vs_healthy_up","GO_BP"
"GO:0008286","insulin receptor signaling pathway","20/936","166/16135",0.120481927710843,2.07689733292143,3.46091495983521,0.00153177909221092,0.0128222896803057,0.00924882995200103,"PHIP/TNS2/DDR2/COL6A1/FGFR1/TEK/SOCS3/CAV2/PTPN11/EPHA2/RHOQ/SOCS1/EPHA4/IRS2/RARRES2/IRS1/AXL/SORBS1/IL1B/ROR2",20,"adjacent_vs_healthy_up","GO_BP"
"GO:0010712","regulation of collagen metabolic process","8/936","39/16135",0.205128205128205,3.53605084374315,3.93489113305477,0.00153233406893763,0.0128222896803057,0.00924882995200103,"LARP6/DDR2/ENG/VIM/MFAP4/BMP4/RGCC/EMILIN1",8,"adjacent_vs_healthy_up","GO_BP"
"GO:0043277","apoptotic cell clearance","8/936","39/16135",0.205128205128205,3.53605084374315,3.93489113305477,0.00153233406893763,0.0128222896803057,0.00924882995200103,"C3/THBS1/CD36/ANXA1/CCL2/AXL/MARCO/FCN1",8,"adjacent_vs_healthy_up","GO_BP"
"GO:0008038","neuron recognition","9/936","48/16135",0.1875,3.23217147435897,3.84336901705319,0.00155004810531204,0.0129280607932408,0.00932512358299533,"GAP43/ROBO4/PLXND1/NEXN/CXCR4/NDN/PALLD/EPHA4/NTM",9,"adjacent_vs_healthy_up","GO_BP"
"GO:0060038","cardiac muscle cell proliferation","9/936","48/16135",0.1875,3.23217147435897,3.84336901705319,0.00155004810531204,0.0129280607932408,0.00932512358299533,"TGFBR3/ZFPM2/HEY2/FOXC1/FGFR1/SKI/TBX2/FGF2/RBP4",9,"adjacent_vs_healthy_up","GO_BP"
"GO:0032331","negative regulation of chondrocyte differentiation","6/936","23/16135",0.260869565217391,4.4969342251951,4.16464606183012,0.00161316212253807,0.0134324741445327,0.00968896135518224,"GREM1/EFEMP1/PTPN11/GLI3/BMP4/LTBP3",6,"adjacent_vs_healthy_up","GO_BP"
"GO:0045638","negative regulation of myeloid cell differentiation","13/936","88/16135",0.147727272727273,2.54655934343434,3.61004355789181,0.00162467741183072,0.0135062905231474,0.00974220575618251,"SFRP1/ZFP36/FBN1/ZBTB16/NFKBIA/TRIB1/LRRC17/MEIS1/QKI/ADIPOQ/MYC/TNFAIP6/CARTPT",13,"adjacent_vs_healthy_up","GO_BP"
"GO:0050890","cognition","32/936","317/16135",0.100946372239748,1.74013858556445,3.30269397752292,0.00163528274605358,0.0135723141268552,0.00978982916032764,"FOS/FAM107A/CLDN5/PLN/SHANK3/ADCY3/LDLR/TUBA1A/ELAVL4/CBR3/PTN/SGK1/NRXN3/PRNP/PTGS2/BCHE/ITGA8/SERPINF1/NRXN1/MAP1A/PDE8B/ITGA5/GPR155/FYN/S100B/MFSD2A/LILRB2/ADGRB3/ST3GAL4/TACR2/BTG2/TUSC3",32,"adjacent_vs_healthy_up","GO_BP"
"GO:0006957","complement activation, alternative pathway","5/936","16/16135",0.3125,5.38695245726496,4.35667651615038,0.00165837418757741,0.0136907069462233,0.00987522693881926,"C3/CFH/CFD/C7/CR2",5,"adjacent_vs_healthy_up","GO_BP"
"GO:0051895","negative regulation of focal adhesion assembly","5/936","16/16135",0.3125,5.38695245726496,4.35667651615038,0.00165837418757741,0.0136907069462233,0.00987522693881926,"APOD/FAM107A/DLC1/THBS1/PHLDB2",5,"adjacent_vs_healthy_up","GO_BP"
"GO:0150118","negative regulation of cell-substrate junction organization","5/936","16/16135",0.3125,5.38695245726496,4.35667651615038,0.00165837418757741,0.0136907069462233,0.00987522693881926,"APOD/FAM107A/DLC1/THBS1/PHLDB2",5,"adjacent_vs_healthy_up","GO_BP"
"GO:0030511","positive regulation of transforming growth factor beta receptor signaling pathway","7/936","31/16135",0.225806451612903,3.89250758202371,4.00027561831218,0.00166566685766453,0.0136907069462233,0.00987522693881926,"TGFBR3/CDKN1C/ZEB2/THBS1/TGFB1I1/ITGA8/TWSG1",7,"adjacent_vs_healthy_up","GO_BP"
"GO:0150146","cell junction disassembly","7/936","31/16135",0.225806451612903,3.89250758202371,4.00027561831218,0.00166566685766453,0.0136907069462233,0.00987522693881926,"C3/MAP4K4/PRICKLE1/EPHA4/STON1/IL1B/ADGRB3",7,"adjacent_vs_healthy_up","GO_BP"
"GO:1903846","positive regulation of cellular response to transforming growth factor beta stimulus","7/936","31/16135",0.225806451612903,3.89250758202371,4.00027561831218,0.00166566685766453,0.0136907069462233,0.00987522693881926,"TGFBR3/CDKN1C/ZEB2/THBS1/TGFB1I1/ITGA8/TWSG1",7,"adjacent_vs_healthy_up","GO_BP"
"GO:0043200","response to amino acid","16/936","121/16135",0.132231404958678,2.27943773398319,3.50560816143353,0.00167629521877866,0.0137558783170629,0.00992223561992556,"MMP2/COL16A1/COL1A2/COL6A1/TUBA1A/COL4A1/CEBPB/CDO1/ZEB1/DNMT1/COL1A1/SOCS1/PTGS2/CPEB1/COL3A1/FYN",16,"adjacent_vs_healthy_up","GO_BP"
"GO:0051224","negative regulation of protein transport","15/936","110/16135",0.136363636363636,2.35067016317016,3.5273460882507,0.001694655385726,0.0138841862470413,0.0100147852546204,"SFRP1/APOD/PTPN11/PIM3/INHBB/CD36/ANGPT1/IRS1/ADIPOQ/FRMD4A/PDE8B/CCN3/IL1B/RSAD2/RAB23",15,"adjacent_vs_healthy_up","GO_BP"
"GO:0046632","alpha-beta T cell differentiation","17/936","133/16135",0.12781954887218,2.20338506522717,3.45815733144383,0.00177459054181886,0.0144612507370119,0.0104310269300267,"JUNB/ZBTB16/NKX2-3/SOCS3/RORA/GLI3/TGFBR2/SOCS1/PRDM1/ANXA1/IL6ST/HLX/BCL6/RSAD2/GPR183/LGALS1/CCL19",17,"adjacent_vs_healthy_up","GO_BP"
"GO:0019371","cyclooxygenase pathway","4/936","10/16135",0.4,6.89529914529915,4.62761722479733,0.00178211645660193,0.0144612507370119,0.0104310269300267,"PTGIS/PTGDS/PTGS2/PTGS1",4,"adjacent_vs_healthy_up","GO_BP"
"GO:0060536","cartilage morphogenesis","4/936","10/16135",0.4,6.89529914529915,4.62761722479733,0.00178211645660193,0.0144612507370119,0.0104310269300267,"HAND2/STC1/RSPO2/HAND1",4,"adjacent_vs_healthy_up","GO_BP"
"GO:0061299","retina vasculature morphogenesis in camera-type eye","4/936","10/16135",0.4,6.89529914529915,4.62761722479733,0.00178211645660193,0.0144612507370119,0.0104310269300267,"COL4A1/RHOJ/CYP1B1/CLIC4",4,"adjacent_vs_healthy_up","GO_BP"
"GO:0062042","regulation of cardiac epithelial to mesenchymal transition","4/936","10/16135",0.4,6.89529914529915,4.62761722479733,0.00178211645660193,0.0144612507370119,0.0104310269300267,"ENG/JAG1/TGFBR2/TWIST1",4,"adjacent_vs_healthy_up","GO_BP"
"GO:1903596","regulation of gap junction assembly","4/936","10/16135",0.4,6.89529914529915,4.62761722479733,0.00178211645660193,0.0144612507370119,0.0104310269300267,"CAV1/APLNR/AGT/IL1B",4,"adjacent_vs_healthy_up","GO_BP"
"GO:0007548","sex differentiation","29/936","280/16135",0.103571428571429,1.78538995726496,3.28989986383563,0.00179968774320334,0.0145220948963356,0.0104749143555325,"SFRP2/ADAMTS1/SFRP1/SLIT3/MMP2/ZFPM2/A2M/SLIT2/FOXC1/NCOA1/PTPN11/CEBPB/FLNA/YBX3/NR2F2/PKD1/ARID5B/INHBB/PTX3/ATRX/CYP1B1/REC8/FOXF2/AXL/TNFAIP6/ROR2/RBP4/HOXA13/HOXD13",29,"adjacent_vs_healthy_up","GO_BP"
"GO:0031670","cellular response to nutrient","9/936","49/16135",0.183673469387755,3.16620879120879,3.76856287107808,0.00180284449003626,0.0145220948963356,0.0104749143555325,"SFRP1/MN1/NCOA1/COL1A1/LPL/TNC/KANK2/POSTN/PENK",9,"adjacent_vs_healthy_up","GO_BP"
"GO:0045214","sarcomere organization","9/936","49/16135",0.183673469387755,3.16620879120879,3.76856287107808,0.00180284449003626,0.0145220948963356,0.0104749143555325,"CSRP2/PLEC/CFL2/AKAP13/PRKD1/FLNC/PROX1/FHOD3/CSRP1",9,"adjacent_vs_healthy_up","GO_BP"
"GO:1905314","semi-lunar valve development","9/936","49/16135",0.183673469387755,3.16620879120879,3.76856287107808,0.00180284449003626,0.0145220948963356,0.0104749143555325,"SLIT3/HEY2/ADAMTS5/SLIT2/JAG1/BMP4/TGFBR2/TWIST1/EMILIN1",9,"adjacent_vs_healthy_up","GO_BP"
"GO:0033273","response to vitamin","13/936","89/16135",0.146067415730337,2.51794631710362,3.56344012037473,0.001803863043442,0.0145220948963356,0.0104749143555325,"SFRP1/MAP1B/MN1/STC1/COL1A1/PTGS2/BCHE/SPP1/TNC/KANK2/POSTN/PENK/CXCL10",13,"adjacent_vs_healthy_up","GO_BP"
"GO:0048562","embryonic organ morphogenesis","30/936","293/16135",0.102389078498294,1.76500831364313,3.27941518806638,0.00181018378442647,0.0145289634124844,0.0104798686764429,"MFAP5/SOX18/EFEMP1/PRRX1/FBN1/FOXF1/SPARC/ENG/AHI1/FGFR1/SPRY2/MED12/GLI3/HAND2/RBPMS2/ZEB1/BMP4/TGFBR2/EPHA2/APLNR/TWIST1/TBX2/ITGA8/CHST11/PROX1/FOXF2/HLX/ASB2/RBP4/HAND1",30,"adjacent_vs_healthy_up","GO_BP"
"GO:0060070","canonical Wnt signaling pathway","31/936","306/16135",0.101307189542484,1.74635844366237,3.27101749752087,0.00181307584089853,0.0145289634124844,0.0104798686764429,"EGR1/SFRP2/RSPO3/GREM1/IGFBP6/SFRP1/CHD8/ADGRA2/RBMS3/SHISA3/CAV1/ZEB2/NR4A2/COL6A1/WWTR1/WNK1/SOX7/GLI3/RSPO2/LATS2/PRICKLE1/COL1A1/DACT3/PLEKHA4/LRRK2/FZD7/TMEM131L/HHEX/CDH2/FGF2/DIXDC1",31,"adjacent_vs_healthy_up","GO_BP"
"GO:0010828","positive regulation of D-glucose transmembrane transport","8/936","40/16135",0.2,3.44764957264957,3.84622944916164,0.00181961985388583,0.0145289634124844,0.0104798686764429,"C3/PTPN11/CLIP3/RHOQ/IRS2/IRS1/ADIPOQ/SORBS1",8,"adjacent_vs_healthy_up","GO_BP"
"GO:0044319","wound healing, spreading of cells","8/936","40/16135",0.2,3.44764957264957,3.84622944916164,0.00181961985388583,0.0145289634124844,0.0104798686764429,"CCN1/HBEGF/COL5A1/FLNA/TMEFF2/FERMT2/ITGA5/PHLDB2",8,"adjacent_vs_healthy_up","GO_BP"
"GO:0090505","epiboly involved in wound healing","8/936","40/16135",0.2,3.44764957264957,3.84622944916164,0.00181961985388583,0.0145289634124844,0.0104798686764429,"CCN1/HBEGF/COL5A1/FLNA/TMEFF2/FERMT2/ITGA5/PHLDB2",8,"adjacent_vs_healthy_up","GO_BP"
"GO:0007389","pattern specification process","42/936","453/16135",0.0927152317880795,1.59824814626139,3.20502322531563,0.0018218225315105,0.0145289634124844,0.0104798686764429,"SFRP2/GREM1/C3/SFRP1/PCSK5/SOX18/HEY2/GREM2/FOXF1/ZBTB16/FOXC1/ENG/AHI1/FGFR1/SKI/MEOX2/SPRY1/MED12/GLI3/MEIS1/NR2F2/HAND2/STC1/ZEB1/PRICKLE1/BMP4/TGFBR2/APLNR/HES4/TBX2/BHLHE40/PBX3/CHRDL1/BHLHE41/CC2D2A/GPR161/HHEX/FGF2/BTG2/ASB2/HAND1/HOXD13",42,"adjacent_vs_healthy_up","GO_BP"
"GO:2001233","regulation of apoptotic signaling pathway","35/936","359/16135",0.0974930362116992,1.68060912315787,3.2362941256124,0.00184929368764092,0.0147250009878408,0.0106212722980955,"SFRP2/SFRP1/SRPX/LMNA/CLU/MMP2/PHIP/ACKR3/SCG2/CAV1/SERPINE1/HYAL2/NR4A2/FGFR1/THBS1/YBX3/ATF3/BMP4/IFI6/INHBB/CXCL12/IER3/LRRK2/AGT/GSDME/PTGS2/MYC/MAL/PEA15/FYN/IL1B/MUC1/FGF2/S100A8/FCGR2B",35,"adjacent_vs_healthy_up","GO_BP"
"GO:0031349","positive regulation of defense response","45/936","495/16135",0.0909090909090909,1.56711344211344,3.18020861433114,0.0018825785930105,0.0149666466614376,0.0107955734408288,"C3/CAV1/SERPINE1/IL33/PDE2A/HYAL2/NFKBIA/LDLR/ZNFX1/CEBPB/PARP9/EIF2AK2/FABP4/LATS2/IFI16/SLC15A3/C2CD4B/LRRK2/AGTR1/AGT/RFTN1/EMILIN1/PRKD1/CD36/PTGS2/COLEC12/LPL/IL6ST/CD81/OAS3/FYN/KCNJ8/IL1B/CD14/RIGI/IFI35/S100A8/IRF7/GBP1/FCN1/PENK/RSAD2/LGALS1/GRP/PLA2G2A",45,"adjacent_vs_healthy_up","GO_BP"
"GO:0090497","mesenchymal cell migration","10/936","59/16135",0.169491525423729,2.92173692597421,3.66971540813985,0.00193005620378921,0.0153201969073362,0.0110505923325659,"SEMA3G/FN1/SEMA3A/HAND2/BMP4/TWIST1/PHOX2B/SEMA3E/CDH2/HTR2B",10,"adjacent_vs_healthy_up","GO_BP"
"GO:0046660","female sex differentiation","16/936","123/16135",0.130081300813008,2.24237370578834,3.43228592487971,0.00199116336839095,0.0157806664468433,0.0113827330480825,"ADAMTS1/SFRP1/SLIT3/MMP2/ZFPM2/A2M/SLIT2/FOXC1/CEBPB/NR2F2/ARID5B/INHBB/PTX3/AXL/TNFAIP6/RBP4",16,"adjacent_vs_healthy_up","GO_BP"
"GO:0045666","positive regulation of neuron differentiation","13/936","90/16135",0.144444444444444,2.48996913580247,3.51746762962379,0.00199906026321299,0.015818650778468,0.01141013147947,"MAP1B/FGFR1/NCOA1/ZEB1/TCF4/BMP4/CXCL12/PHOX2B/PROX1/S100B/BCL6/FGF2/PCP4",13,"adjacent_vs_healthy_up","GO_BP"
"GO:0090596","sensory organ morphogenesis","29/936","282/16135",0.102836879432624,1.77272761714251,3.24860345340965,0.00200305967312157,0.0158257241770969,0.0114152335839095,"MFAP5/EFEMP1/PRRX1/PTPRM/FBN1/SAMD11/THY1/SPARC/COL5A1/AHI1/FGFR1/SKI/SPRY2/JAG1/GLI3/MEIS1/ZEB1/ZHX2/BMP4/EPHA2/TWIST1/PRDM1/TBX2/ITGA8/PROX1/FOXF2/MFSD2A/FGF2/RBP4",29,"adjacent_vs_healthy_up","GO_BP"
"GO:0006958","complement activation, classical pathway","7/936","32/16135",0.21875,3.77086672008547,3.89348649285057,0.00202687610792574,0.0158985947421233,0.0114677957612771,"C1R/C3/CLU/SERPING1/C1S/C7/CR2",7,"adjacent_vs_healthy_up","GO_BP"
"GO:0014850","response to muscle activity","7/936","32/16135",0.21875,3.77086672008547,3.89348649285057,0.00202687610792574,0.0158985947421233,0.0114677957612771,"TNS2/FN1/COL6A1/AGT/ITGA5/PRKAA2/POSTN",7,"adjacent_vs_healthy_up","GO_BP"
"GO:0060421","positive regulation of heart growth","7/936","32/16135",0.21875,3.77086672008547,3.89348649285057,0.00202687610792574,0.0158985947421233,0.0114677957612771,"TGFBR3/ZFPM2/HEY2/FGFR1/TBX2/PROX1/FGF2",7,"adjacent_vs_healthy_up","GO_BP"
"GO:0070507","regulation of microtubule cytoskeleton organization","19/936","158/16135",0.120253164556962,2.07295385697284,3.36328301710628,0.00202826620377883,0.0158985947421233,0.0114677957612771,"DYNC1H1/CDH5/MAP1B/FAM107A/BMERB1/PKD1/CDK5RAP2/STMN3/EFNA5/CLIP3/MAP1A/ATXN7/CLIP1/MAP2/PRKAA2/PHLDB2/HDGFL3/DIXDC1/STMN2",19,"adjacent_vs_healthy_up","GO_BP"
"GO:0002065","columnar/cuboidal epithelial cell differentiation","15/936","112/16135",0.133928571428571,2.30869391025641,3.44886837270088,0.00203200607509877,0.0158985947421233,0.0114677957612771,"MAP1B/CAV1/SERPINE1/FAM20C/CEBPB/JAG1/BMP4/NFIB/PRDM1/IL6ST/PROX1/CDH2/FGF2/NPY/PYY",15,"adjacent_vs_healthy_up","GO_BP"
"GO:0032231","regulation of actin filament bundle assembly","14/936","101/16135",0.138613861386139,2.38946009985614,3.47606004989395,0.00203847424092919,0.0158985947421233,0.0114677957612771,"CCN2/SFRP1/S1PR1/SHANK3/DLC1/MYOC/FLNA/TMEFF2/FERMT2/RGCC/LIMCH1/SYNPO2/CCDC88A/PHLDB2",14,"adjacent_vs_healthy_up","GO_BP"
"GO:0003081","regulation of systemic arterial blood pressure by renin-angiotensin","6/936","24/16135",0.25,4.30956196581197,4.02639457385188,0.00204660089302059,0.0158985947421233,0.0114677957612771,"PCSK5/OR51E2/CTSG/AGTR1/AGT/CMA1",6,"adjacent_vs_healthy_up","GO_BP"
"GO:0030318","melanocyte differentiation","6/936","24/16135",0.25,4.30956196581197,4.02639457385188,0.00204660089302059,0.0158985947421233,0.0114677957612771,"USP13/ZEB2/GLI3/OR51E2/MITF/TYRP1",6,"adjacent_vs_healthy_up","GO_BP"
"GO:0035994","response to muscle stretch","6/936","24/16135",0.25,4.30956196581197,4.02639457385188,0.00204660089302059,0.0158985947421233,0.0114677957612771,"FOS/NFKBIA/DDR2/GSN/SLC8A1/CDH2",6,"adjacent_vs_healthy_up","GO_BP"
"GO:0060045","positive regulation of cardiac muscle cell proliferation","6/936","24/16135",0.25,4.30956196581197,4.02639457385188,0.00204660089302059,0.0158985947421233,0.0114677957612771,"TGFBR3/ZFPM2/HEY2/FGFR1/TBX2/FGF2",6,"adjacent_vs_healthy_up","GO_BP"
"GO:2000831","regulation of steroid hormone secretion","6/936","24/16135",0.25,4.30956196581197,4.02639457385188,0.00204660089302059,0.0158985947421233,0.0114677957612771,"GAL/ECRG4/PTPN11/AGTR1/AGT/SPP1",6,"adjacent_vs_healthy_up","GO_BP"
"GO:0007266","Rho protein signal transduction","17/936","135/16135",0.125925925925926,2.1707423235201,3.38976549731557,0.00208696701694642,0.0161429244312216,0.0116440329079207,"HEG1/RASIP1/COL1A2/DLC1/TEK/MYOC/ARHGEF3/RHOJ/AKAP13/FERMT2/LRRK2/AGTR1/COL3A1/CTNNAL1/DOCK11/KANK2/BCL6",17,"adjacent_vs_healthy_up","GO_BP"
"GO:0032387","negative regulation of intracellular transport","9/936","50/16135",0.18,3.10288461538462,3.69565444395596,0.00208755635796214,0.0161429244312216,0.0116440329079207,"APOD/MAP1B/PLN/CRYAB/LRRK2/CD36/ANGPT1/ADIPOQ/RAB23",9,"adjacent_vs_healthy_up","GO_BP"
"GO:0140467","integrated stress response signaling","9/936","50/16135",0.18,3.10288461538462,3.69565444395596,0.00208755635796214,0.0161429244312216,0.0116440329079207,"FOS/JUN/GCN1/CEBPD/JUNB/PPP1R15A/CEBPB/HERC5/MAP3K20",9,"adjacent_vs_healthy_up","GO_BP"
"GO:0023061","signal release","44/936","484/16135",0.0909090909090909,1.56711344211344,3.14356916112022,0.00210270910958943,0.0162354630643451,0.0117107818352253,"VIP/SFRP1/GAL/PCSK5/ECRG4/NR4A1/CHRM3/FGFR1/PTPN11/SYT1/ITPR1/LTBP4/OR51E2/PIM3/EFNA5/INHBB/MYOF/CXCL12/STX2/LRRK2/AGTR1/AGT/SELENOM/PRKD1/IRS2/C1QTNF3/PTGS2/IRS1/SPP1/ANXA1/NRXN1/ADIPOQ/MICU3/PDE8B/CPE/CCN3/KCNJ8/IL1B/KCNMB4/SYNGR3/TACR2/GRP/RBP4/CARTPT",44,"adjacent_vs_healthy_up","GO_BP"
"GO:0014032","neural crest cell development","12/936","80/16135",0.15,2.58573717948718,3.52835675525915,0.00212056083817588,0.0163485295481759,0.011792337681201,"SEMA3G/FN1/FOXC1/JAG1/SEMA3A/HAND2/BMP4/TWIST1/PHOX2B/SEMA3E/CDH2/HTR2B",12,"adjacent_vs_healthy_up","GO_BP"
"GO:0003203","endocardial cushion morphogenesis","8/936","41/16135",0.195121951219512,3.36356055868251,3.7603485958641,0.00214776719874613,0.016468109919824,0.0118785920515627,"TMEM100/HEY2/ADAMTS5/ENG/TGFBR2/APLNR/TWIST1/TBX2",8,"adjacent_vs_healthy_up","GO_BP"
"GO:0019933","cAMP-mediated signaling","8/936","41/16135",0.195121951219512,3.36356055868251,3.7603485958641,0.00214776719874613,0.016468109919824,0.0118785920515627,"PDE2A/PDE1A/APLNR/NRXN1/PDE9A/PDE8B/ADM/CAP2",8,"adjacent_vs_healthy_up","GO_BP"
"GO:0090504","epiboly","8/936","41/16135",0.195121951219512,3.36356055868251,3.7603485958641,0.00214776719874613,0.016468109919824,0.0118785920515627,"CCN1/HBEGF/COL5A1/FLNA/TMEFF2/FERMT2/ITGA5/PHLDB2",8,"adjacent_vs_healthy_up","GO_BP"
"GO:0034764","positive regulation of transmembrane transport","22/936","195/16135",0.112820512820513,1.94482796405873,3.29402832215444,0.0021489978604166,0.016468109919824,0.0118785920515627,"C3/GAL/CAV1/THY1/PTPN11/FLNA/FXYD1/CLIP3/TRPC1/APLNR/RHOQ/IRS2/ANO6/IRS1/ADIPOQ/PLP1/CCL2/SORBS1/KCNH2/CXCL11/KCNMB1/CXCL10",22,"adjacent_vs_healthy_up","GO_BP"
"GO:0031348","negative regulation of defense response","27/936","258/16135",0.104651162790698,1.80400268336315,3.23061028954578,0.00219383302693213,0.0167562710175119,0.0120864451774667,"PTGIS/CDH5/ZFP36/SERPING1/FOXF1/IL33/A2M/LDLR/TEK/SOCS3/RORA/IFI16/IER3/USP18/ISG15/C1QTNF3/LRFN5/WFDC1/ADIPOQ/OAS3/CCN3/FYN/SAA1/TNFAIP6/PARP14/FCGR2B/SPINK5",27,"adjacent_vs_healthy_up","GO_BP"
"GO:0006809","nitric oxide biosynthetic process","11/936","70/16135",0.157142857142857,2.70886752136752,3.55564581834463,0.00219646566713068,0.0167562710175119,0.0120864451774667,"KLF2/PTGIS/CLU/CAV1/RORA/PTX3/HBB/CD36/PTGS2/CYP1B1/IL1B",11,"adjacent_vs_healthy_up","GO_BP"
"GO:0046888","negative regulation of hormone secretion","11/936","70/16135",0.157142857142857,2.70886752136752,3.55564581834463,0.00219646566713068,0.0167562710175119,0.0120864451774667,"SFRP1/PTPN11/PIM3/INHBB/IRS1/ADIPOQ/PDE8B/CCN3/IL1B/TACR2/CARTPT",11,"adjacent_vs_healthy_up","GO_BP"
"GO:0051258","protein polymerization","28/936","271/16135",0.103321033210332,1.78107357996657,3.21789364390961,0.00221516261642804,0.0168736452814907,0.0121711082630269,"SPTBN1/CDH5/MAP1B/FAM107A/SPTAN1/SLIT2/TUBA1A/GSN/CCL21/WASF3/CDK5RAP2/CLIP3/MAP7D3/MYADM/TMOD1/NEFL/TPPP3/CASQ2/WASF1/CLIP1/LMOD1/MAP2/TUBG2/KANK2/SVIL/HDGFL3/STMN2/ASB2",28,"adjacent_vs_healthy_up","GO_BP"
"GO:0002921","negative regulation of humoral immune response","5/936","17/16135",0.294117647058824,5.07007290095525,4.16651084212827,0.00223818523669069,0.016930282738469,0.0122119613572531,"SERPING1/A2M/FCGR2B/SPINK5/CR2",5,"adjacent_vs_healthy_up","GO_BP"
"GO:0010744","positive regulation of macrophage derived foam cell differentiation","5/936","17/16135",0.294117647058824,5.07007290095525,4.16651084212827,0.00223818523669069,0.016930282738469,0.0122119613572531,"AGTR1/AGT/CD36/LPL/PLA2G2A",5,"adjacent_vs_healthy_up","GO_BP"
"GO:0033623","regulation of integrin activation","5/936","17/16135",0.294117647058824,5.07007290095525,4.16651084212827,0.00223818523669069,0.016930282738469,0.0122119613572531,"RASIP1/SELP/JAM3/FERMT2/CXCL13",5,"adjacent_vs_healthy_up","GO_BP"
"GO:1903587","regulation of blood vessel endothelial cell proliferation involved in sprouting angiogenesis","5/936","17/16135",0.294117647058824,5.07007290095525,4.16651084212827,0.00223818523669069,0.016930282738469,0.0122119613572531,"THBS1/APLNR/AGTR1/FGF2/JCAD",5,"adjacent_vs_healthy_up","GO_BP"
"GO:0002526","acute inflammatory response","14/936","102/16135",0.137254901960784,2.36603402044579,3.43443774256324,0.00223975781778264,0.016930282738469,0.0122119613572531,"C3/FN1/SERPINA3/A2M/CEBPB/F3/C2CD4B/ANO6/PTGS2/IL6ST/IL1B/SAA1/FCGR3B/FCGR2B",14,"adjacent_vs_healthy_up","GO_BP"
"GO:1903828","negative regulation of protein localization","23/936","208/16135",0.110576923076923,1.90615240795529,3.26412941731441,0.00224253156367084,0.016930282738469,0.0122119613572531,"SFRP1/APOD/PTPN11/WNK1/BAG3/LATS2/PIM3/INHBB/RHOQ/LRRK2/GPM6B/CD36/ANGPT1/IRS1/MAP1A/ADIPOQ/FRMD4A/PDE8B/CCN3/IL1B/GBP1/RSAD2/RAB23",23,"adjacent_vs_healthy_up","GO_BP"
"GO:0008360","regulation of cell shape","17/936","136/16135",0.125,2.15478098290598,3.35601660828349,0.00225965478333773,0.0169840719408393,0.0122507599804617,"PHIP/FN1/PLXND1/PALMD/RHOJ/ITGA7/PALM2AKAP2/WASF3/MYH10/RHOQ/FERMT2/MSN/ANXA1/SEMA3E/PLEKHO1/CCL2/FYN",17,"adjacent_vs_healthy_up","GO_BP"
"GO:0010927","cellular component assembly involved in morphogenesis","17/936","136/16135",0.125,2.15478098290598,3.35601660828349,0.00225965478333773,0.0169840719408393,0.0122507599804617,"PMP22/CSRP2/PLN/PLEC/MYL9/CFL2/MYH11/AKAP13/PRKD1/TMOD1/FLNC/PROX1/LMOD1/FHOD3/PHLDB2/CSRP1/PLLP",17,"adjacent_vs_healthy_up","GO_BP"
"GO:0032989","cellular anatomical entity morphogenesis","17/936","136/16135",0.125,2.15478098290598,3.35601660828349,0.00225965478333773,0.0169840719408393,0.0122507599804617,"PMP22/CSRP2/PLN/PLEC/MYL9/CFL2/MYH11/AKAP13/PRKD1/TMOD1/FLNC/PROX1/LMOD1/FHOD3/PHLDB2/CSRP1/PLLP",17,"adjacent_vs_healthy_up","GO_BP"
"GO:0006909","phagocytosis","24/936","221/16135",0.108597285067873,1.87202691727579,3.23920022457149,0.00231780814634705,0.0173955085622747,0.0125475328223299,"C3/PECAM1/SRPX/CD93/LYST/LDLR/THBS1/GSN/RAB34/PTX3/CD36/ANO6/COLEC12/ANXA1/ADIPOQ/RAB31/CCL2/FYN/AXL/MARCO/CD14/PIP4P2/FCN1/FCGR2B",24,"adjacent_vs_healthy_up","GO_BP"
"GO:0072091","regulation of stem cell proliferation","12/936","81/16135",0.148148148148148,2.55381449825894,3.47897648043975,0.00236099384986175,0.0176935656748463,0.012762524030522,"VEGFC/SOX18/PRRX1/FBLN1/FGFR1/EIF2AK2/GLI3/LTBP3/TGFBR2/FERMT2/NFIB/FGF2",12,"adjacent_vs_healthy_up","GO_BP"
"GO:0032602","chemokine production","13/936","92/16135",0.141304347826087,2.43583937198068,3.42734973381409,0.00244177958967846,0.0181952782353757,0.0131244136986557,"EGR1/APOD/IL33/ACKR1/EIF2AK2/EPHA2/TWIST1/C1QTNF3/LPL/ADIPOQ/OAS3/IL1B/POSTN",13,"adjacent_vs_healthy_up","GO_BP"
"GO:0032642","regulation of chemokine production","13/936","92/16135",0.141304347826087,2.43583937198068,3.42734973381409,0.00244177958967846,0.0181952782353757,0.0131244136986557,"EGR1/APOD/IL33/ACKR1/EIF2AK2/EPHA2/TWIST1/C1QTNF3/LPL/ADIPOQ/OAS3/IL1B/POSTN",13,"adjacent_vs_healthy_up","GO_BP"
"GO:0033687","osteoblast proliferation","7/936","33/16135",0.212121212121212,3.65659803159803,3.79091763355832,0.00244579387583052,0.0181952782353757,0.0131244136986557,"CCN1/GREM1/SFRP1/JUNB/MN1/EIF2AK2/NPR3",7,"adjacent_vs_healthy_up","GO_BP"
"GO:0043407","negative regulation of MAP kinase activity","7/936","33/16135",0.212121212121212,3.65659803159803,3.79091763355832,0.00244579387583052,0.0181952782353757,0.0131244136986557,"DUSP1/UCHL1/RGS2/HYAL2/AGT/ADIPOQ/IL1B",7,"adjacent_vs_healthy_up","GO_BP"
"GO:0048566","embryonic digestive tract development","7/936","33/16135",0.212121212121212,3.65659803159803,3.79091763355832,0.00244579387583052,0.0181952782353757,0.0131244136986557,"PCSK5/FOXF1/GLI3/RBPMS2/RARRES2/FOXF2/HLX",7,"adjacent_vs_healthy_up","GO_BP"
"GO:0045165","cell fate commitment","29/936","286/16135",0.101398601398601,1.74793422389576,3.16699175784176,0.00246961116131567,0.0183456829126307,0.0132329019108705,"SFRP2/GAP43/SFRP1/SOX18/PRRX1/HEY2/CHD4/GAS1/NKX2-3/FGFR1/SOCS3/SPRY2/JAG1/GLI3/NR2F2/LATS2/BMP4/TGFB1I1/NFIB/PRDM1/MITF/FZD7/TBX2/IL6ST/NFIA/PROX1/FGF2/LGALS1/HOXA13",29,"adjacent_vs_healthy_up","GO_BP"
"GO:0043113","receptor clustering","10/936","61/16135",0.163934426229508,2.82594227266358,3.5456137411313,0.00249535811953988,0.0185099635766743,0.0133513989939987,"THY1/SHANK3/FLNA/PTN/GSN/NRXN1/CHRDL1/CD81/CDH2/TNFAIP6",10,"adjacent_vs_healthy_up","GO_BP"
"GO:0051602","response to electrical stimulus","8/936","42/16135",0.19047619047619,3.28347578347578,3.67708774120191,0.00252065732937245,0.0186704502187239,0.0134671594158026,"MMP2/NR4A1/AKAP12/PRICKLE1/KMT2C/CD14/TACR2/BTG2",8,"adjacent_vs_healthy_up","GO_BP"
"GO:0003014","renal system process","16/936","126/16135",0.126984126984127,2.18898385565052,3.32491518280551,0.00255504548075105,0.0188976948764983,0.0136310729795778,"PCSK5/SULF1/ADGRF5/HYAL2/GSN/SGK1/STC1/OR51E2/BMP4/HBB/AGTR1/AGT/ADIPOQ/ADM/NPR3/SCNN1B",16,"adjacent_vs_healthy_up","GO_BP"
"GO:0032967","positive regulation of collagen biosynthetic process","6/936","25/16135",0.24,4.13717948717949,3.8954985224678,0.002562498221726,0.0188979608363469,0.0136312648187481,"LARP6/DDR2/ENG/VIM/BMP4/RGCC",6,"adjacent_vs_healthy_up","GO_BP"
"GO:0046697","decidualization","6/936","25/16135",0.24,4.13717948717949,3.8954985224678,0.002562498221726,0.0188979608363469,0.0136312648187481,"JUNB/PTN/STC1/PTGS2/SPP1/TPPP3",6,"adjacent_vs_healthy_up","GO_BP"
"GO:0031109","microtubule polymerization or depolymerization","17/936","138/16135",0.123188405797101,2.12355227300879,3.28938718884915,0.00264099120520394,0.0194486866787851,0.0140285081967937,"CDH5/MAP1B/CRYAB/TUBA1A/BMERB1/CDK5RAP2/STMN3/CLIP3/MAP7D3/MAP1A/ATXN7/TPPP3/CLIP1/MAP2/TUBG2/HDGFL3/STMN2",17,"adjacent_vs_healthy_up","GO_BP"
"GO:0002604","regulation of dendritic cell antigen processing and presentation","4/936","11/16135",0.363636363636364,6.26845376845377,4.33755070275905,0.00267259660888452,0.0194538122505549,0.0140322053166441,"THBS1/CCL21/FCGR2B/CCL19",4,"adjacent_vs_healthy_up","GO_BP"
"GO:0005513","detection of calcium ion","4/936","11/16135",0.363636363636364,6.26845376845377,4.33755070275905,0.00267259660888452,0.0194538122505549,0.0140322053166441,"SYT1/CASQ2/KCNMB4/KCNMB1",4,"adjacent_vs_healthy_up","GO_BP"
"GO:0032060","bleb assembly","4/936","11/16135",0.363636363636364,6.26845376845377,4.33755070275905,0.00267259660888452,0.0194538122505549,0.0140322053166441,"PMP22/ANO6/MYLK/EMP3",4,"adjacent_vs_healthy_up","GO_BP"
"GO:0051386","regulation of neurotrophin TRK receptor signaling pathway","4/936","11/16135",0.363636363636364,6.26845376845377,4.33755070275905,0.00267259660888452,0.0194538122505549,0.0140322053166441,"SPRY1/SPRY2/AGT/WASF1",4,"adjacent_vs_healthy_up","GO_BP"
"GO:0060346","bone trabecula formation","4/936","11/16135",0.363636363636364,6.26845376845377,4.33755070275905,0.00267259660888452,0.0194538122505549,0.0140322053166441,"GREM1/SFRP1/MMP2/COL1A1",4,"adjacent_vs_healthy_up","GO_BP"
"GO:0097646","calcitonin family receptor signaling pathway","4/936","11/16135",0.363636363636364,6.26845376845377,4.33755070275905,0.00267259660888452,0.0194538122505549,0.0140322053166441,"RAMP3/RAMP2/ADM/RAMP1",4,"adjacent_vs_healthy_up","GO_BP"
"GO:1900115","extracellular regulation of signal transduction","4/936","11/16135",0.363636363636364,6.26845376845377,4.33755070275905,0.00267259660888452,0.0194538122505549,0.0140322053166441,"GREM1/GREM2/LTBP1/FBN1",4,"adjacent_vs_healthy_up","GO_BP"
"GO:1900116","extracellular negative regulation of signal transduction","4/936","11/16135",0.363636363636364,6.26845376845377,4.33755070275905,0.00267259660888452,0.0194538122505549,0.0140322053166441,"GREM1/GREM2/LTBP1/FBN1",4,"adjacent_vs_healthy_up","GO_BP"
"GO:0001656","metanephros development","13/936","93/16135",0.139784946236559,2.40964755077658,3.38317297166129,0.00269154785396874,0.0194538122505549,0.0140322053166441,"EGR1/GREM1/FBN1/LAMB2/WWTR1/SPRY1/GLI3/FRAS1/PKD1/BMP4/ITGA8/ADIPOQ/MYC",13,"adjacent_vs_healthy_up","GO_BP"
"GO:0002690","positive regulation of leukocyte chemotaxis","13/936","93/16135",0.139784946236559,2.40964755077658,3.38317297166129,0.00269154785396874,0.0194538122505549,0.0140322053166441,"VEGFC/SERPINE1/WNK1/THBS1/PTN/CCL21/CXCL12/ANO6/RARRES2/THBS4/CXCL13/CCL19/CXCL10",13,"adjacent_vs_healthy_up","GO_BP"
"GO:0014033","neural crest cell differentiation","13/936","93/16135",0.139784946236559,2.40964755077658,3.38317297166129,0.00269154785396874,0.0194538122505549,0.0140322053166441,"SFRP1/SEMA3G/FN1/FOXC1/JAG1/SEMA3A/HAND2/BMP4/TWIST1/PHOX2B/SEMA3E/CDH2/HTR2B",13,"adjacent_vs_healthy_up","GO_BP"
"GO:0008585","female gonad development","14/936","104/16135",0.134615384615385,2.32053336620644,3.35264202742986,0.00269169032531892,0.0194538122505549,0.0140322053166441,"ADAMTS1/SFRP1/SLIT3/MMP2/ZFPM2/A2M/SLIT2/FOXC1/CEBPB/NR2F2/ARID5B/INHBB/PTX3/TNFAIP6",14,"adjacent_vs_healthy_up","GO_BP"
"GO:1990266","neutrophil migration","14/936","104/16135",0.134615384615385,2.32053336620644,3.35264202742986,0.00269169032531892,0.0194538122505549,0.0140322053166441,"PECAM1/SLIT2/JAM3/CCL21/IL1B/SAA1/TNFAIP6/THBS4/S100A8/CXCL3/ITGA1/CXCL13/CCL19/CXCL10",14,"adjacent_vs_healthy_up","GO_BP"
"GO:0021953","central nervous system neuron differentiation","23/936","211/16135",0.109004739336493,1.87905071495119,3.18955810236204,0.0026951317599866,0.0194538122505549,0.0140322053166441,"SFRP2/SFRP1/MYCBP2/SHANK3/NR4A2/SLIT2/TUBA1A/ELAVL4/RORA/GLI3/SPOCK1/NFIB/EPHA4/ID4/PHOX2B/NRXN1/PROX1/SEMA3E/MAP2/NDNF/BCL6/BTG2/NPY",23,"adjacent_vs_healthy_up","GO_BP"
"GO:0003002","regionalization","38/936","408/16135",0.0931372549019608,1.6055230853025,3.07425074112565,0.00271492271897343,0.0195689479149768,0.0141152536807194,"SFRP2/GREM1/C3/SFRP1/PCSK5/SOX18/HEY2/GREM2/FOXF1/ZBTB16/FOXC1/ENG/AHI1/FGFR1/SKI/MEOX2/SPRY1/MED12/GLI3/NR2F2/HAND2/PRICKLE1/BMP4/TGFBR2/APLNR/HES4/TBX2/BHLHE40/PBX3/BHLHE41/CC2D2A/GPR161/HHEX/FGF2/BTG2/ASB2/HAND1/HOXD13",38,"adjacent_vs_healthy_up","GO_BP"
"GO:0030100","regulation of endocytosis","29/936","288/16135",0.100694444444444,1.73579579178538,3.12666576015451,0.00273582022841147,0.0196917229999786,0.0142038124258294,"GREM1/C3/CLU/CAV1/SERPINE1/TAMALIN/AHI1/CCL21/SYNE1/CLIP3/PTX3/APLNR/LRRK2/PRKD1/CD36/ANO6/ANGPT1/MYLK/STON1/ADIPOQ/RAB31/CCL2/AXL/CD14/PIP4P2/FCN1/FCGR2B/PLLP/CCL19",29,"adjacent_vs_healthy_up","GO_BP"
"GO:0140353","lipid export from cell","9/936","52/16135",0.173076923076923,2.98354289940828,3.55517662408,0.00276396518409199,0.0198612500678464,0.0143260937860282,"GAL/ECRG4/PTPN11/AGTR1/AGT/SELENOM/PTGS2/SPP1/IL1B",9,"adjacent_vs_healthy_up","GO_BP"
"GO:0019722","calcium-mediated signaling","24/936","224/16135",0.107142857142857,1.84695512820513,3.16764946705125,0.00276716788621879,0.0198612500678464,0.0143260937860282,"TMEM100/ACKR3/RCAN2/PLN/CHRM3/NFAT5/CAMTA1/RAMP3/CXCR4/ITPR1/PPP1R9A/PRNP/LRRK2/AGTR1/PRKD1/CASQ2/KCNJ8/SLC8A1/SGCD/CCL20/PCP4/GBP1/RYR3/HTR2B",24,"adjacent_vs_healthy_up","GO_BP"
"GO:0007173","epidermal growth factor receptor signaling pathway","18/936","151/16135",0.119205298013245,2.05489047376465,3.23187497539213,0.00289085337835162,0.0206724978315352,0.0149112539097168,"EFEMP1/HBEGF/DDR2/FGFR1/TEK/SPRY2/PTPN11/PRICKLE1/IFI6/EPHA2/ERRFI1/EPHA4/AGT/AREG/AXL/CCDC88A/ROR2/ITGA1",18,"adjacent_vs_healthy_up","GO_BP"
"GO:0002237","response to molecule of bacterial origin","33/936","342/16135",0.0964912280701754,1.66333970610286,3.076933941697,0.00289445310429724,0.0206724978315352,0.0149112539097168,"FOS/ZFP36/THBD/SASH1/NR4A1/AKAP12/SERPINE1/NFKBIA/COL6A1/TRIB1/VIM/PTPN11/SELP/CEBPB/LDOC1/CTSG/LOXL1/CD36/PTGS2/CXCL2/ADM/CCL2/AXL/KCNJ8/IL1B/LILRB2/CD14/S100A8/PENK/SLPI/FCGR2B/CXCL13/CXCL10",33,"adjacent_vs_healthy_up","GO_BP"
"GO:0007584","response to nutrient","19/936","163/16135",0.116564417177914,2.00936631534791,3.21413713076709,0.00289696366756548,0.0206724978315352,0.0149112539097168,"SFRP2/SFRP1/MAP1B/MN1/A2M/NCOA1/STC1/COL1A1/PTGS2/CYP1B1/BCHE/SPP1/LPL/TNC/ADIPOQ/KANK2/POSTN/PENK/CXCL10",19,"adjacent_vs_healthy_up","GO_BP"
"GO:0051250","negative regulation of lymphocyte activation","19/936","163/16135",0.116564417177914,2.00936631534791,3.21413713076709,0.00289696366756548,0.0206724978315352,0.0149112539097168,"SFRP1/GAL/LRRC32/CEBPB/GLI3/BMP4/PRNP/CTSG/SOCS1/TMEM131L/ANXA1/AXL/HLX/LILRB2/TWSG1/BCL6/FCGR2B/LGALS1/PLA2G2A",19,"adjacent_vs_healthy_up","GO_BP"
"GO:0030162","regulation of proteolysis","37/936","396/16135",0.0934343434343434,1.61064437106104,3.0531548158577,0.00290562730528131,0.0206724978315352,0.0149112539097168,"TIMP3/CLU/GLG1/SERPING1/ECSCR/USP13/CAV1/SERPINE1/GAS1/IL33/TRIB1/PLAT/TRIB2/THBS1/TIMP2/SERPINE2/GSN/TIMP1/SPOCK1/PKD1/PLK3/PRICKLE1/SERPINI1/TGFB1I1/PRNP/LRRK2/EPHA4/SERPINF1/MAP1A/SH3RF3/BAG2/FOXF2/IL1B/CCBE1/SPON1/LAMP3/SPINK5",37,"adjacent_vs_healthy_up","GO_BP"
"GO:0003300","cardiac muscle hypertrophy","12/936","83/16135",0.144578313253012,2.49227679950571,3.38240261098198,0.00290859123728625,0.0206724978315352,0.0149112539097168,"LMNA/COL14A1/HEY2/RGS2/MEIS1/HAND2/PI16/AGT/IL6ST/PDE9A/SORBS2/HTR2B",12,"adjacent_vs_healthy_up","GO_BP"
"GO:0043242","negative regulation of protein-containing complex disassembly","12/936","83/16135",0.144578313253012,2.49227679950571,3.38240261098198,0.00290859123728625,0.0206724978315352,0.0149112539097168,"SPTBN1/MAP1B/SPTAN1/GSN/BMERB1/TMOD1/ATXN7/LMOD1/SVIL/HDGFL3/STMN2/ASB2",12,"adjacent_vs_healthy_up","GO_BP"
"GO:0032107","regulation of response to nutrient levels","7/936","34/16135",0.205882352941176,3.54905103066868,3.69226621647811,0.00292826418467146,0.0207251657930848,0.014949243772092,"FBN1/MN1/GHR/KANK2/NPY/GDF15/CARTPT",7,"adjacent_vs_healthy_up","GO_BP"
"GO:0032965","regulation of collagen biosynthetic process","7/936","34/16135",0.205882352941176,3.54905103066868,3.69226621647811,0.00292826418467146,0.0207251657930848,0.014949243772092,"LARP6/DDR2/ENG/VIM/BMP4/RGCC/EMILIN1",7,"adjacent_vs_healthy_up","GO_BP"
"GO:1902692","regulation of neuroblast proliferation","8/936","43/16135",0.186046511627907,3.20711588153449,3.59629902107899,0.00294232231397059,0.0207251657930848,0.014949243772092,"VEGFC/PTN/GLI3/LRRK2/ID4/PROX1/FGF2/BTG2",8,"adjacent_vs_healthy_up","GO_BP"
"GO:0045637","regulation of myeloid cell differentiation","22/936","200/16135",0.11,1.89620726495726,3.16481892723758,0.00294716107995776,0.0207251657930848,0.014949243772092,"FOS/SFRP1/ZFP36/FBN1/ZBTB16/NFKBIA/TRIB1/LRRC17/CEBPB/JAG1/MEIS1/QKI/MTURN/MITF/ISG15/ADIPOQ/KLF10/MYC/TNFAIP6/ROR2/IRF7/CARTPT",22,"adjacent_vs_healthy_up","GO_BP"
"GO:0016264","gap junction assembly","5/936","18/16135",0.277777777777778,4.78840218423552,3.99072380018085,0.00295260407491749,0.0207251657930848,0.014949243772092,"CAV1/APLNR/AGT/IL1B/GJC1",5,"adjacent_vs_healthy_up","GO_BP"
"GO:0033631","cell-cell adhesion mediated by integrin","5/936","18/16135",0.277777777777778,4.78840218423552,3.99072380018085,0.00295260407491749,0.0207251657930848,0.014949243772092,"PLPP3/WNK1/PODXL/ITGA5/CXCL13",5,"adjacent_vs_healthy_up","GO_BP"
"GO:0060977","coronary vasculature morphogenesis","5/936","18/16135",0.277777777777778,4.78840218423552,3.99072380018085,0.00295260407491749,0.0207251657930848,0.014949243772092,"TGFBR3/HEY2/HAND2/SGCD/FGF2",5,"adjacent_vs_healthy_up","GO_BP"
"GO:0071895","odontoblast differentiation","5/936","18/16135",0.277777777777778,4.78840218423552,3.99072380018085,0.00295260407491749,0.0207251657930848,0.014949243772092,"MAP1B/SERPINE1/FAM20C/CEBPB/BMP4",5,"adjacent_vs_healthy_up","GO_BP"
"GO:2000846","regulation of corticosteroid hormone secretion","5/936","18/16135",0.277777777777778,4.78840218423552,3.99072380018085,0.00295260407491749,0.0207251657930848,0.014949243772092,"GAL/ECRG4/PTPN11/AGTR1/AGT",5,"adjacent_vs_healthy_up","GO_BP"
"GO:0071692","protein localization to extracellular region","34/936","356/16135",0.0955056179775281,1.64634951502929,3.06023044429725,0.00297515623999812,0.0208547403012798,0.0150427070007579,"VIP/SFRP1/GAL/PCSK5/VEGFC/LRRC32/SCG2/LTBP1/FBN1/CAVIN1/P3H1/CHRM3/LTBP2/PTPN11/ITPR1/OR51E2/MYH10/PIM3/EFNA5/INHBB/IRS2/C1QTNF3/IRS1/FRMD4A/PDE8B/CCN3/KCNJ8/IL1B/SAA1/TACR2/ARL4D/RSAD2/RBP4/CARTPT",34,"adjacent_vs_healthy_up","GO_BP"
"GO:0071248","cellular response to metal ion","20/936","176/16135",0.113636363636364,1.9588918026418,3.17412880047057,0.00307236109299785,0.021491623527555,0.015502096455057,"FOS/JUNB/TUBA1A/FOSB/SLC41A1/SYT1/FABP4/INHBB/PRNP/LRRK2/PTGS2/SERPINF1/NRXN1/MICU3/CACNA1H/CLIC4/PRKAA2/NPTX1/RYR3/MT1M",20,"adjacent_vs_healthy_up","GO_BP"
"GO:0071456","cellular response to hypoxia","17/936","140/16135",0.121428571428571,2.09321581196581,3.22388278636455,0.0030744492840635,0.021491623527555,0.015502096455057,"FOS/PTGIS/SFRP1/LMNA/VASN/DDR2/RORA/HP1BP3/STC1/TWIST1/RGCC/EPHA4/PTGS2/CPEB1/MYC/NDNF/KCNMB1",17,"adjacent_vs_healthy_up","GO_BP"
"GO:0050728","negative regulation of inflammatory response","19/936","164/16135",0.115853658536585,1.99711408171774,3.18494664970691,0.00310355883988551,0.021652854979282,0.0156183941146106,"PTGIS/CDH5/ZFP36/FOXF1/IL33/LDLR/TEK/SOCS3/RORA/IER3/C1QTNF3/LRFN5/WFDC1/ADIPOQ/CCN3/FYN/SAA1/TNFAIP6/FCGR2B",19,"adjacent_vs_healthy_up","GO_BP"
"GO:0050769","positive regulation of neurogenesis","24/936","226/16135",0.106194690265487,1.8306103925573,3.12055313936987,0.00310601196818194,0.021652854979282,0.0156183941146106,"VEGFC/MAP1B/L1CAM/FN1/DBN1/PLXND1/SHANK3/IL33/RUFY3/SLIT2/PTN/SERPINE2/GLI3/CXCR4/QKI/EFNA5/CXCL12/EPHA4/ID4/NEFL/SERPINF1/IL6ST/IL1B/FGF2",24,"adjacent_vs_healthy_up","GO_BP"
"GO:0045860","positive regulation of protein kinase activity","22/936","201/16135",0.109452736318408,1.88677339796743,3.13942217717065,0.00313358294953293,0.0218152168180599,0.0157355071322534,"CCN1/TCIM/SASH1/FBN1/DDR2/FGFR1/THBS1/RGCC/LRRK2/EPHA4/ADRB2/GHR/CCND1/ANGPT1/ADIPOQ/PROX1/IL1B/CCDC88A/FGF2/CHI3L1/CCL19/CARTPT",22,"adjacent_vs_healthy_up","GO_BP"
"GO:0002762","negative regulation of myeloid leukocyte differentiation","9/936","53/16135",0.169811320754717,2.9272496371553,3.48744463480786,0.00316155589624561,0.0218606860181244,0.0157683044648621,"SFRP1/FBN1/TRIB1/LRRC17/QKI/ADIPOQ/MYC/TNFAIP6/CARTPT",9,"adjacent_vs_healthy_up","GO_BP"
"GO:0060688","regulation of morphogenesis of a branching structure","9/936","53/16135",0.169811320754717,2.9272496371553,3.48744463480786,0.00316155589624561,0.0218606860181244,0.0157683044648621,"GREM1/SFRP1/SULF1/FGFR1/BMP4/LRRK2/FGF7/AGT/HOXD13",9,"adjacent_vs_healthy_up","GO_BP"
"GO:0010714","positive regulation of collagen metabolic process","6/936","26/16135",0.230769230769231,3.97805719921105,3.77126335682537,0.00317014265451216,0.0218606860181244,0.0157683044648621,"LARP6/DDR2/ENG/VIM/BMP4/RGCC",6,"adjacent_vs_healthy_up","GO_BP"
"GO:0042730","fibrinolysis","6/936","26/16135",0.230769230769231,3.97805719921105,3.77126335682537,0.00317014265451216,0.0218606860181244,0.0157683044648621,"THBD/SERPING1/SERPINE1/PLAT/THBS1/PROS1",6,"adjacent_vs_healthy_up","GO_BP"
"GO:0050926","regulation of positive chemotaxis","6/936","26/16135",0.230769230769231,3.97805719921105,3.77126335682537,0.00317014265451216,0.0218606860181244,0.0157683044648621,"VEGFC/S1PR1/SCG2/ANGPT2/CXCL12/F3",6,"adjacent_vs_healthy_up","GO_BP"
"GO:0051882","mitochondrial depolarization","6/936","26/16135",0.230769230769231,3.97805719921105,3.77126335682537,0.00317014265451216,0.0218606860181244,0.0157683044648621,"DCN/COL6A1/MLLT11/MYOC/IFI6/LRRK2",6,"adjacent_vs_healthy_up","GO_BP"
"GO:0060669","embryonic placenta morphogenesis","6/936","26/16135",0.230769230769231,3.97805719921105,3.77126335682537,0.00317014265451216,0.0218606860181244,0.0157683044648621,"CCN1/RSPO3/CDKN1C/SOCS3/NCOA1/ADM",6,"adjacent_vs_healthy_up","GO_BP"
"GO:0003229","ventricular cardiac muscle tissue development","10/936","63/16135",0.158730158730159,2.73622981956315,3.42644659262551,0.0031861642530377,0.0218823356246363,0.0157839205158287,"TGFBR3/HEG1/COL14A1/ZFPM2/HEY2/FOXC1/ENG/PROX1/KCNJ8/HAND1",10,"adjacent_vs_healthy_up","GO_BP"
"GO:0031100","animal organ regeneration","10/936","63/16135",0.158730158730159,2.73622981956315,3.42644659262551,0.0031861642530377,0.0218823356246363,0.0157839205158287,"NNMT/TGFBR3/HSPG2/ANGPT2/CEBPB/LPIN1/CXCL12/CCND1/ADM/AXL",10,"adjacent_vs_healthy_up","GO_BP"
"GO:0034394","protein localization to cell surface","10/936","63/16135",0.158730158730159,2.73622981956315,3.42644659262551,0.0031861642530377,0.0218823356246363,0.0157839205158287,"FBLN5/FLNA/JAM3/FGF7/GPM6B/ANGPT1/MAP1A/VCL/FCN1/TMEM35A",10,"adjacent_vs_healthy_up","GO_BP"
"GO:0021543","pallium development","21/936","189/16135",0.111111111111111,1.91536087369421,3.14122330115681,0.00321587411543043,0.022046023102407,0.0159019897284982,"FOS/TACC1/SLIT2/TUBA1A/NCOA1/FLNA/TUBB2B/GLI3/BMERB1/KIF26A/ID4/NEFL/TUBB2A/COL3A1/PROX1/FAT4/MFSD2A/CDH2/DIXDC1/BTG2/NPY",21,"adjacent_vs_healthy_up","GO_BP"
"GO:0035023","regulation of Rho protein signal transduction","12/936","84/16135",0.142857142857143,2.46260683760684,3.33516740885326,0.00321865015466853,0.022046023102407,0.0159019897284982,"HEG1/RASIP1/DLC1/TEK/MYOC/ARHGEF3/AKAP13/FERMT2/COL3A1/DOCK11/KANK2/BCL6",12,"adjacent_vs_healthy_up","GO_BP"
"GO:0070588","calcium ion transmembrane transport","32/936","331/16135",0.0966767371601208,1.66653755777623,3.0405808465557,0.00322572034018591,0.0220647930920636,0.0159155286865831,"CACHD1/CAV1/PLN/THY1/FLNA/CCL21/ITPR1/PKD1/SESTD1/TRPC1/APLNR/PRNP/PRKD1/ANO6/PLP1/CASQ2/MICU3/NALF1/FYN/CACNA1H/KCNJ8/SLC8A1/GPM6A/SLC24A3/CXCL11/FGF2/RYR3/PLCL1/NCS1/HTR2B/CCL19/CXCL10",32,"adjacent_vs_healthy_up","GO_BP"
"GO:0045927","positive regulation of growth","25/936","240/16135",0.104166666666667,1.79565081908832,3.08176353529046,0.00333250641666064,0.0227646819025505,0.0164203646211076,"SFRP2/TGFBR3/SFRP1/MAP1B/ZFPM2/L1CAM/HEY2/FN1/HBEGF/RUFY3/LGI1/FGFR1/YBX3/SYT1/CXCR4/EFNA5/CXCL12/RFTN1/TBX2/GHR/PROX1/HLX/MFSD2A/FGF2/S100A8",25,"adjacent_vs_healthy_up","GO_BP"
"GO:0045216","cell-cell junction organization","23/936","215/16135",0.106976744186047,1.84409163188233,3.09199466732537,0.00341672290012837,0.0232789960956403,0.0167913439572783,"CDH5/PECAM1/HEG1/CLDN5/CAV1/TLN1/GJA4/PLEC/MPDZ/FLNA/JAM3/RAMP2/EPHA2/APLNR/FERMT2/EPHA4/AGT/IL1B/CDH2/VCL/GJC1/LIMS2/CLDN8",23,"adjacent_vs_healthy_up","GO_BP"
"GO:0031111","negative regulation of microtubule polymerization or depolymerization","8/936","44/16135",0.181818181818182,3.13422688422688,3.51784621676374,0.0034169327079158,0.0232789960956403,0.0167913439572783,"CDH5/MAP1B/BMERB1/CLIP3/ATXN7/MAP2/HDGFL3/STMN2",8,"adjacent_vs_healthy_up","GO_BP"
"GO:0071277","cellular response to calcium ion","11/936","74/16135",0.148648648648649,2.56244224994225,3.34298929716903,0.0034383324081619,0.0233935139545968,0.0168739466928555,"FOS/JUNB/TUBA1A/FOSB/SYT1/INHBB/NRXN1/MICU3/CLIC4/PRKAA2/RYR3",11,"adjacent_vs_healthy_up","GO_BP"
"GO:0010742","macrophage derived foam cell differentiation","7/936","35/16135",0.2,3.44764957264957,3.59725949661573,0.00348031805859895,0.0236161129515583,0.0170345093007604,"NFKBIA/AGTR1/AGT/CD36/LPL/ADIPOQ/PLA2G2A",7,"adjacent_vs_healthy_up","GO_BP"
"GO:0021696","cerebellar cortex morphogenesis","7/936","35/16135",0.2,3.44764957264957,3.59725949661573,0.00348031805859895,0.0236161129515583,0.0170345093007604,"TUBA1A/PTPN11/RORA/SERPINE2/TRNP1/NRXN1/PROX1",7,"adjacent_vs_healthy_up","GO_BP"
"GO:0030879","mammary gland development","16/936","130/16135",0.123076923076923,2.12163050624589,3.18636184411406,0.00350736198917433,0.0237399496720045,0.0171238338128232,"IGFBP5/FOXF1/CAV1/NCOA1/CEBPB/GLI3/CDO1/BMP4/TGFBR2/EPHA2/AREG/IRS2/TBX2/CCND1/OAS2/FGF2",16,"adjacent_vs_healthy_up","GO_BP"
"GO:0048709","oligodendrocyte differentiation","14/936","107/16135",0.130841121495327,2.25547168304178,3.23340858336336,0.00350788502806502,0.0237399496720045,0.0171238338128232,"CLU/IL33/CERS5/PTN/MED12/GLI3/CXCR4/WASF3/QKI/ID4/GPM6B/PLP1/MAL/TSPAN2",14,"adjacent_vs_healthy_up","GO_BP"
"GO:0006022","aminoglycan metabolic process","13/936","96/16135",0.135416666666667,2.33434606481481,3.25399510406534,0.0035687951719698,0.0240881856905405,0.017375019505777,"LYVE1/HYAL2/FOXC1/DSE/CSGALNACT1/ITIH5/CHST11/IL1B/TNFAIP6/GALNT5/FGF2/B3GNT7/CHI3L1",13,"adjacent_vs_healthy_up","GO_BP"
"GO:0070664","negative regulation of leukocyte proliferation","13/936","96/16135",0.135416666666667,2.33434606481481,3.25399510406534,0.0035687951719698,0.0240881856905405,0.017375019505777,"GREM1/GAL/LRRC32/IL33/CEBPB/BMP4/PRNP/TMEM131L/LILRB2/TWSG1/BCL6/FCGR2B/PLA2G2A",13,"adjacent_vs_healthy_up","GO_BP"
"GO:2001236","regulation of extrinsic apoptotic signaling pathway","18/936","154/16135",0.116883116883117,2.01486013986014,3.14026300686773,0.00357789438205725,0.0241176584272007,0.0173962784491004,"SFRP2/SFRP1/SRPX/LMNA/PHIP/SCG2/CAV1/SERPINE1/HYAL2/FGFR1/THBS1/ATF3/BMP4/IFI6/AGT/MAL/PEA15/IL1B",18,"adjacent_vs_healthy_up","GO_BP"
"GO:0032355","response to estradiol","15/936","119/16135",0.126050420168067,2.17288838612368,3.1867983214891,0.00368143302285198,0.0247828040745756,0.017876053835499,"SFRP1/MMP2/MAP1B/CRYAB/NCOA1/RAMP3/NR2F2/COL1A1/ERRFI1/AREG/GHR/PTGS2/CYP1B1/POSTN/PENK",15,"adjacent_vs_healthy_up","GO_BP"
"GO:0022604","regulation of cell morphogenesis","25/936","242/16135",0.103305785123967,1.78081072967437,3.03705010628554,0.00371598804823945,0.0249824209681111,0.018020039250732,"PHIP/FN1/DBN1/PLXND1/PALMD/SPARC/RHOJ/ITGA7/SYT1/CXCR4/PALM2AKAP2/WASF3/MYH10/EFNA5/RHOQ/FERMT2/EPHA4/MSN/ANXA1/SEMA3E/PLEKHO1/CCL2/FYN/MFSD2A/ENPP2",25,"adjacent_vs_healthy_up","GO_BP"
"GO:0003215","cardiac right ventricle morphogenesis","5/936","19/16135",0.263157894736842,4.53638101664417,3.82744241115313,0.00381808311919027,0.025055079816411,0.0180724487149688,"ZFPM2/HEY2/JAG1/HAND2/HAND1",5,"adjacent_vs_healthy_up","GO_BP"
"GO:0036342","post-anal tail morphogenesis","5/936","19/16135",0.263157894736842,4.53638101664417,3.82744241115313,0.00381808311919027,0.025055079816411,0.0180724487149688,"SFRP2/MED12/PRICKLE1/EPHA2/CHST11",5,"adjacent_vs_healthy_up","GO_BP"
"GO:0040037","negative regulation of fibroblast growth factor receptor signaling pathway","5/936","19/16135",0.263157894736842,4.53638101664417,3.82744241115313,0.00381808311919027,0.025055079816411,0.0180724487149688,"SULF1/SPRY1/SPRY2/THBS1/FGF2",5,"adjacent_vs_healthy_up","GO_BP"
"GO:0071625","vocalization behavior","5/936","19/16135",0.263157894736842,4.53638101664417,3.82744241115313,0.00381808311919027,0.025055079816411,0.0180724487149688,"SHANK3/GLI3/NRXN3/SRPX2/NRXN1",5,"adjacent_vs_healthy_up","GO_BP"
"GO:1901201","regulation of extracellular matrix assembly","5/936","19/16135",0.263157894736842,4.53638101664417,3.82744241115313,0.00381808311919027,0.025055079816411,0.0180724487149688,"TGFBR3/RGCC/AGT/EMILIN1/PHLDB2",5,"adjacent_vs_healthy_up","GO_BP"
"GO:0030038","contractile actin filament bundle assembly","14/936","108/16135",0.12962962962963,2.23458768597657,3.19454597947971,0.00382101970324697,0.025055079816411,0.0180724487149688,"CCN2/SFRP1/S1PR1/ZEB2/DLC1/MYOC/TMEFF2/MYL9/FERMT2/RGCC/LIMCH1/SORBS1/CCDC88A/PHLDB2",14,"adjacent_vs_healthy_up","GO_BP"
"GO:0043149","stress fiber assembly","14/936","108/16135",0.12962962962963,2.23458768597657,3.19454597947971,0.00382101970324697,0.025055079816411,0.0180724487149688,"CCN2/SFRP1/S1PR1/ZEB2/DLC1/MYOC/TMEFF2/MYL9/FERMT2/RGCC/LIMCH1/SORBS1/CCDC88A/PHLDB2",14,"adjacent_vs_healthy_up","GO_BP"
"GO:0046545","development of primary female sexual characteristics","14/936","108/16135",0.12962962962963,2.23458768597657,3.19454597947971,0.00382101970324697,0.025055079816411,0.0180724487149688,"ADAMTS1/SFRP1/SLIT3/MMP2/ZFPM2/A2M/SLIT2/FOXC1/CEBPB/NR2F2/ARID5B/INHBB/PTX3/TNFAIP6",14,"adjacent_vs_healthy_up","GO_BP"
"GO:0045123","cellular extravasation","11/936","75/16135",0.146666666666667,2.52827635327635,3.29201039436571,0.00382327884487113,0.025055079816411,0.0180724487149688,"PECAM1/LYVE1/THY1/JAM2/SELP/JAM3/CCL21/CXCL12/CCL2/ST3GAL4/ITGA1",11,"adjacent_vs_healthy_up","GO_BP"
"GO:0019732","antifungal humoral response","4/936","12/16135",0.333333333333333,5.74608262108262,4.08135558000783,0.00382623341743273,0.025055079816411,0.0180724487149688,"VIP/TAC1/RARRES2/NPY",4,"adjacent_vs_healthy_up","GO_BP"
"GO:0033689","negative regulation of osteoblast proliferation","4/936","12/16135",0.333333333333333,5.74608262108262,4.08135558000783,0.00382623341743273,0.025055079816411,0.0180724487149688,"GREM1/SFRP1/MN1/EIF2AK2",4,"adjacent_vs_healthy_up","GO_BP"
"GO:0051918","negative regulation of fibrinolysis","4/936","12/16135",0.333333333333333,5.74608262108262,4.08135558000783,0.00382623341743273,0.025055079816411,0.0180724487149688,"THBD/SERPINE1/PLAT/THBS1",4,"adjacent_vs_healthy_up","GO_BP"
"GO:0061309","cardiac neural crest cell development involved in outflow tract morphogenesis","4/936","12/16135",0.333333333333333,5.74608262108262,4.08135558000783,0.00382623341743273,0.025055079816411,0.0180724487149688,"JAG1/HAND2/BMP4/TWIST1",4,"adjacent_vs_healthy_up","GO_BP"
"GO:0072015","podocyte development","4/936","12/16135",0.333333333333333,5.74608262108262,4.08135558000783,0.00382623341743273,0.025055079816411,0.0180724487149688,"LAMB2/JAG1/PODXL/ADIPOQ",4,"adjacent_vs_healthy_up","GO_BP"
"GO:0097048","dendritic cell apoptotic process","4/936","12/16135",0.333333333333333,5.74608262108262,4.08135558000783,0.00382623341743273,0.025055079816411,0.0180724487149688,"CCL21/CXCL12/AXL/CCL19",4,"adjacent_vs_healthy_up","GO_BP"
"GO:1900747","negative regulation of vascular endothelial growth factor signaling pathway","4/936","12/16135",0.333333333333333,5.74608262108262,4.08135558000783,0.00382623341743273,0.025055079816411,0.0180724487149688,"ADGRA2/DCN/SPRY2/EMILIN1",4,"adjacent_vs_healthy_up","GO_BP"
"GO:1901862","negative regulation of muscle tissue development","4/936","12/16135",0.333333333333333,5.74608262108262,4.08135558000783,0.00382623341743273,0.025055079816411,0.0180724487149688,"IGFBP5/YBX3/BMP4/TWIST1",4,"adjacent_vs_healthy_up","GO_BP"
"GO:1905063","regulation of vascular associated smooth muscle cell differentiation","4/936","12/16135",0.333333333333333,5.74608262108262,4.08135558000783,0.00382623341743273,0.025055079816411,0.0180724487149688,"HEY2/ENG/EFEMP2/DNMT1",4,"adjacent_vs_healthy_up","GO_BP"
"GO:1905907","negative regulation of amyloid fibril formation","4/936","12/16135",0.333333333333333,5.74608262108262,4.08135558000783,0.00382623341743273,0.025055079816411,0.0180724487149688,"CLU/HSPG2/CRYAB/LDLR",4,"adjacent_vs_healthy_up","GO_BP"
"GO:2000668","regulation of dendritic cell apoptotic process","4/936","12/16135",0.333333333333333,5.74608262108262,4.08135558000783,0.00382623341743273,0.025055079816411,0.0180724487149688,"CCL21/CXCL12/AXL/CCL19",4,"adjacent_vs_healthy_up","GO_BP"
"GO:1900180","regulation of protein localization to nucleus","17/936","143/16135",0.118881118881119,2.04930219353296,3.12765363508694,0.00383398904956477,0.025055079816411,0.0180724487149688,"LMNA/APOD/HYAL2/WWTR1/FLNA/BAG3/PARP9/GLI3/LATS2/BMP4/FERMT2/PRKD1/CD36/PTGS2/ANGPT1/FYN/RAB23",17,"adjacent_vs_healthy_up","GO_BP"
"GO:0008277","regulation of G protein-coupled receptor signaling pathway","18/936","155/16135",0.116129032258065,2.00186104218362,3.11018622798278,0.00383496119638944,0.025055079816411,0.0180724487149688,"C3/SLIT3/RGS2/PDE2A/SLIT2/CAV2/KCTD12/RAMP3/GPRASP1/RAMP2/RGS5/APLNR/LRRK2/ADRB2/NRXN1/ADM/RAMP1/GRP",18,"adjacent_vs_healthy_up","GO_BP"
"GO:0003181","atrioventricular valve morphogenesis","6/936","27/16135",0.222222222222222,3.83072174738841,3.65308431639442,0.00387903152165472,0.0252781900695044,0.0182333800964037,"CCN1/SLIT3/HEY2/OLFM1/TGFBR2/TWIST1",6,"adjacent_vs_healthy_up","GO_BP"
"GO:1903055","positive regulation of extracellular matrix organization","6/936","27/16135",0.222222222222222,3.83072174738841,3.65308431639442,0.00387903152165472,0.0252781900695044,0.0182333800964037,"DDR2/EFEMP2/RGCC/AGT/EMILIN1/PHLDB2",6,"adjacent_vs_healthy_up","GO_BP"
"GO:0002701","negative regulation of production of molecular mediator of immune response","8/936","45/16135",0.177777777777778,3.06457739791073,3.44160359405382,0.00394878409663773,0.025569255090808,0.0184433278478686,"IL33/TWIST1/ANGPT1/BST2/AXL/BCL6/FCGR2B/SPINK5",8,"adjacent_vs_healthy_up","GO_BP"
"GO:0006911","phagocytosis, engulfment","8/936","45/16135",0.177777777777778,3.06457739791073,3.44160359405382,0.00394878409663773,0.025569255090808,0.0184433278478686,"C3/THBS1/GSN/CD36/ANO6/RAB31/MARCO/FCGR2B",8,"adjacent_vs_healthy_up","GO_BP"
"GO:0007157","heterophilic cell-cell adhesion via plasma membrane cell adhesion molecules","8/936","45/16135",0.177777777777778,3.06457739791073,3.44160359405382,0.00394878409663773,0.025569255090808,0.0184433278478686,"CADM3/SELP/HMCN1/NRXN1/ITGA5/FAT4/CDH2/AMIGO2",8,"adjacent_vs_healthy_up","GO_BP"
"GO:0021575","hindbrain morphogenesis","8/936","45/16135",0.177777777777778,3.06457739791073,3.44160359405382,0.00394878409663773,0.025569255090808,0.0184433278478686,"TUBA1A/DLC1/PTPN11/RORA/SERPINE2/TRNP1/NRXN1/PROX1",8,"adjacent_vs_healthy_up","GO_BP"
"GO:0060443","mammary gland morphogenesis","8/936","45/16135",0.177777777777778,3.06457739791073,3.44160359405382,0.00394878409663773,0.025569255090808,0.0184433278478686,"IGFBP5/CAV1/GLI3/BMP4/TGFBR2/EPHA2/AREG/TBX2",8,"adjacent_vs_healthy_up","GO_BP"
"GO:0045600","positive regulation of fat cell differentiation","10/936","65/16135",0.153846153846154,2.65203813280736,3.31184689008918,0.00402113457708272,0.0260046977218446,0.018757416434909,"SFRP2/SFRP1/ZFP36/CCDC3/ZBTB16/CEBPB/RARRES2/PTGS2/LPL/LMO3",10,"adjacent_vs_healthy_up","GO_BP"
"GO:0043030","regulation of macrophage activation","9/936","55/16135",0.163636363636364,2.8208041958042,3.35662644027082,0.00409100100539199,0.026389545725921,0.0190350106739891,"ADGRF5/IL33/LDLR/THBS1/RORA/LRRK2/LRFN5/CALHM2/FCGR2B",9,"adjacent_vs_healthy_up","GO_BP"
"GO:0045428","regulation of nitric oxide biosynthetic process","9/936","55/16135",0.163636363636364,2.8208041958042,3.35662644027082,0.00409100100539199,0.026389545725921,0.0190350106739891,"KLF2/PTGIS/CLU/CAV1/PTX3/HBB/CD36/PTGS2/IL1B",9,"adjacent_vs_healthy_up","GO_BP"
"GO:0035264","multicellular organism growth","18/936","156/16135",0.115384615384615,1.98902859960552,3.08033389127107,0.00410710878821983,0.026399881622436,0.0190424660467542,"KLF2/HEG1/TNS2/CDKN1C/WWTR1/PLEC/PTPN11/PRICKLE1/ARID5B/ATRX/SELENOM/ADRB2/GHR/COL3A1/CLIC4/MFSD2A/SCNN1B/GDF15",18,"adjacent_vs_healthy_up","GO_BP"
"GO:0060043","regulation of cardiac muscle cell proliferation","7/936","36/16135",0.194444444444444,3.35188152896486,3.50565105090502,0.00410814484430764,0.026399881622436,0.0190424660467542,"TGFBR3/ZFPM2/HEY2/FGFR1/TBX2/FGF2/RBP4",7,"adjacent_vs_healthy_up","GO_BP"
"GO:0090077","foam cell differentiation","7/936","36/16135",0.194444444444444,3.35188152896486,3.50565105090502,0.00410814484430764,0.026399881622436,0.0190424660467542,"NFKBIA/AGTR1/AGT/CD36/LPL/ADIPOQ/PLA2G2A",7,"adjacent_vs_healthy_up","GO_BP"
"GO:0046883","regulation of hormone secretion","26/936","257/16135",0.101167315175097,1.74394725464764,2.98340526273253,0.00414165428201094,0.0265483285799078,0.0191495421385272,"SFRP1/GAL/ECRG4/CHRM3/FGFR1/PTPN11/ITPR1/PIM3/EFNA5/INHBB/AGTR1/AGT/PRKD1/IRS2/C1QTNF3/IRS1/SPP1/ANXA1/ADIPOQ/PDE8B/CCN3/IL1B/TACR2/GRP/RBP4/CARTPT",26,"adjacent_vs_healthy_up","GO_BP"
"GO:0035592","establishment of protein localization to extracellular region","33/936","350/16135",0.0942857142857143,1.62532051282051,2.93505232175523,0.00414166428984041,0.0265483285799078,0.0191495421385272,"VIP/SFRP1/GAL/PCSK5/VEGFC/LRRC32/SCG2/LTBP1/CAVIN1/P3H1/CHRM3/LTBP2/PTPN11/ITPR1/OR51E2/MYH10/PIM3/EFNA5/INHBB/IRS2/C1QTNF3/IRS1/FRMD4A/PDE8B/CCN3/KCNJ8/IL1B/SAA1/TACR2/ARL4D/RSAD2/RBP4/CARTPT",33,"adjacent_vs_healthy_up","GO_BP"
"GO:0048675","axon extension","14/936","109/16135",0.128440366972477,2.21408688151807,3.15610824240589,0.00415652532764483,0.0266101169217061,0.019194110611129,"SLIT3/SEMA3G/MAP1B/L1CAM/FN1/OLFM1/RUFY3/LAMB2/SLIT2/SEMA3A/NDN/CXCL12/MAP2/VCL",14,"adjacent_vs_healthy_up","GO_BP"
"GO:0070527","platelet aggregation","11/936","76/16135",0.144736842105263,2.4950095591543,3.24185032548065,0.00424186522667933,0.0271223904581654,0.0195636180037829,"MMRN1/TLN1/FLNA/SERPINE2/MYL9/HBB/CTSG/EMILIN1/IL6ST/VCL/CSRP1",11,"adjacent_vs_healthy_up","GO_BP"
"GO:0022407","regulation of cell-cell adhesion","43/936","489/16135",0.0879345603271984,1.51583774666597,2.87453319643641,0.00430719734083284,0.0275056110888272,0.0198400384041528,"LRRC32/PLPP3/CAV1/MMRN1/ZBTB16/THY1/NFAT5/PTPN11/SELP/CEBPB/JAG1/WNK1/SERPINE2/CCL21/GLI3/PODXL/BMP4/TGFBR2/EFNA5/CXCL12/PRNP/CTSG/RGCC/SOCS1/EMILIN1/MYADM/TMEM131L/ANXA1/IL6ST/ADIPOQ/CD81/CCL2/FYN/HLX/IL1B/LILRB2/TWSG1/BCL6/ST3GAL4/LGALS1/CXCL13/CCL19/PLA2G2A",43,"adjacent_vs_healthy_up","GO_BP"
"GO:0007612","learning","18/936","157/16135",0.114649681528662,1.97635962763351,3.0507026131005,0.00439499343599582,0.0280311471211949,0.02021911215137,"FOS/CLDN5/PLN/SHANK3/ADCY3/TUBA1A/ELAVL4/PTN/NRXN3/PTGS2/BCHE/NRXN1/MAP1A/PDE8B/FYN/ADGRB3/TACR2/BTG2",18,"adjacent_vs_healthy_up","GO_BP"
"GO:0050709","negative regulation of protein secretion","10/936","66/16135",0.151515151515152,2.61185573685574,3.25615563581486,0.00449883053839099,0.0286575505295506,0.0206709424211334,"SFRP1/PTPN11/PIM3/INHBB/IRS1/FRMD4A/PDE8B/CCN3/IL1B/RSAD2",10,"adjacent_vs_healthy_up","GO_BP"
"GO:0030316","osteoclast differentiation","14/936","110/16135",0.127272727272727,2.19395881895882,3.11808618005004,0.004515548027508,0.028718948352379,0.0207152292089787,"FOS/SFRP1/JUNB/FBN1/FAM20C/LRRC17/CEBPB/EPHA2/MITF/CD81/KLF10/TNFAIP6/GPR183/CARTPT",14,"adjacent_vs_healthy_up","GO_BP"
"GO:0001701","in utero embryonic development","36/936","393/16135",0.0916030534351145,1.57907614014484,2.88405431585165,0.00452405579220774,0.028718948352379,0.0207152292089787,"CCN1/KLF2/RSPO3/CHD8/HEG1/SOX18/TMEM100/FKBP10/ZFPM2/HEY2/JUNB/DBN1/FOXF1/CDKN1C/FOXC1/MAFF/FGFR1/SOCS3/NCOA1/CEBPB/YBX3/GLI3/NR2F2/HAND2/LATS2/PKD1/STMN3/TGFBR2/TWIST1/PRDM1/ANGPT1/CMTM3/CHST11/COL3A1/ADM/HAND1",36,"adjacent_vs_healthy_up","GO_BP"
"GO:0016339","calcium-dependent cell-cell adhesion via plasma membrane cell adhesion molecules","8/936","46/16135",0.173913043478261,2.99795615013006,3.36745488122174,0.00454228264757015,0.028718948352379,0.0207152292089787,"CDH5/SELP/PCDHB4/PCDHB16/NRXN1/PCDHB5/PCDHB14/CDH2",8,"adjacent_vs_healthy_up","GO_BP"
"GO:0031295","T cell costimulation","8/936","46/16135",0.173913043478261,2.99795615013006,3.36745488122174,0.00454228264757015,0.028718948352379,0.0207152292089787,"CAV1/PTPN11/CCL21/CD81/FYN/LILRB2/LGALS1/CCL19",8,"adjacent_vs_healthy_up","GO_BP"
"GO:0048483","autonomic nervous system development","8/936","46/16135",0.173913043478261,2.99795615013006,3.36745488122174,0.00454228264757015,0.028718948352379,0.0207152292089787,"FN1/ACKR3/NAV2/SEMA3A/HAND2/KIF26A/PHOX2B/HLX",8,"adjacent_vs_healthy_up","GO_BP"
"GO:0060563","neuroepithelial cell differentiation","8/936","46/16135",0.173913043478261,2.99795615013006,3.36745488122174,0.00454228264757015,0.028718948352379,0.0207152292089787,"MAP1B/SERPINE1/FAM20C/CEBPB/JAG1/BMP4/CDH2/FGF2",8,"adjacent_vs_healthy_up","GO_BP"
"GO:0007528","neuromuscular junction development","9/936","56/16135",0.160714285714286,2.77043269230769,3.29340666164614,0.00462932413339482,0.0291247355355309,0.0210079270614876,"MYCBP2/LAMB2/COL4A1/PPFIBP1/COL4A5/LRRK2/TNC/KCNJ8/PDZRN3",9,"adjacent_vs_healthy_up","GO_BP"
"GO:0014009","glial cell proliferation","9/936","56/16135",0.160714285714286,2.77043269230769,3.29340666164614,0.00462932413339482,0.0291247355355309,0.0210079270614876,"VEGFC/CLU/IL33/SKI/NFIB/AREG/NFIA/IL1B/PENK",9,"adjacent_vs_healthy_up","GO_BP"
"GO:0052548","regulation of endopeptidase activity","9/936","56/16135",0.160714285714286,2.77043269230769,3.29340666164614,0.00462932413339482,0.0291247355355309,0.0210079270614876,"TIMP3/SERPING1/SERPINE1/SERPINE2/TIMP1/SPOCK1/SERPINI1/EPHA4/SERPINF1",9,"adjacent_vs_healthy_up","GO_BP"
"GO:2000107","negative regulation of leukocyte apoptotic process","9/936","56/16135",0.160714285714286,2.77043269230769,3.29340666164614,0.00462932413339482,0.0291247355355309,0.0210079270614876,"TSC22D3/CCL21/BMP4/CXCL12/IRS2/AXL/BCL6/IRF7/CCL19",9,"adjacent_vs_healthy_up","GO_BP"
"GO:0072009","nephron epithelium development","15/936","122/16135",0.122950819672131,2.11945670449769,3.0800112896193,0.00466382406046258,0.0293056071666058,0.0211383913545789,"GREM1/PECAM1/LAMB2/FOXC1/AHI1/WWTR1/JAG1/GLI3/PODXL/PKD1/BMP4/AGT/ADIPOQ/MYC/FGF2",15,"adjacent_vs_healthy_up","GO_BP"
"GO:0003272","endocardial cushion formation","6/936","28/16135",0.214285714285714,3.69391025641026,3.54043196591278,0.00469880179697872,0.0293115865757446,0.0211427043548087,"TMEM100/HEY2/ENG/TGFBR2/APLNR/TBX2",6,"adjacent_vs_healthy_up","GO_BP"
"GO:0033688","regulation of osteoblast proliferation","6/936","28/16135",0.214285714285714,3.69391025641026,3.54043196591278,0.00469880179697872,0.0293115865757446,0.0211427043548087,"CCN1/GREM1/SFRP1/MN1/EIF2AK2/NPR3",6,"adjacent_vs_healthy_up","GO_BP"
"GO:0046639","negative regulation of alpha-beta T cell differentiation","6/936","28/16135",0.214285714285714,3.69391025641026,3.54043196591278,0.00469880179697872,0.0293115865757446,0.0211427043548087,"GLI3/SOCS1/ANXA1/HLX/BCL6/LGALS1",6,"adjacent_vs_healthy_up","GO_BP"
"GO:0055023","positive regulation of cardiac muscle tissue growth","6/936","28/16135",0.214285714285714,3.69391025641026,3.54043196591278,0.00469880179697872,0.0293115865757446,0.0211427043548087,"TGFBR3/ZFPM2/HEY2/FGFR1/TBX2/FGF2",6,"adjacent_vs_healthy_up","GO_BP"
"GO:0072010","glomerular epithelium development","6/936","28/16135",0.214285714285714,3.69391025641026,3.54043196591278,0.00469880179697872,0.0293115865757446,0.0211427043548087,"PECAM1/LAMB2/FOXC1/JAG1/PODXL/ADIPOQ",6,"adjacent_vs_healthy_up","GO_BP"
"GO:0048639","positive regulation of developmental growth","18/936","158/16135",0.113924050632911,1.96385102239533,3.02128908300739,0.00469928693728087,0.0293115865757446,0.0211427043548087,"TGFBR3/MAP1B/ZFPM2/L1CAM/HEY2/FN1/RUFY3/FGFR1/YBX3/SYT1/CXCR4/EFNA5/CXCL12/TBX2/GHR/PROX1/HLX/FGF2",18,"adjacent_vs_healthy_up","GO_BP"
"GO:0032496","response to lipopolysaccharide","31/936","326/16135",0.0950920245398773,1.63921988883645,2.89339897138998,0.00472493116059461,0.0294355124625796,0.0212320931833694,"FOS/ZFP36/THBD/SASH1/NR4A1/AKAP12/SERPINE1/NFKBIA/COL6A1/TRIB1/VIM/PTPN11/SELP/CEBPB/LDOC1/CTSG/LOXL1/CD36/PTGS2/ADM/CCL2/AXL/KCNJ8/IL1B/LILRB2/CD14/S100A8/PENK/SLPI/CXCL13/CXCL10",31,"adjacent_vs_healthy_up","GO_BP"
"GO:0009791","post-embryonic development","12/936","88/16135",0.136363636363636,2.35067016317016,3.15279083346479,0.00473657333224854,0.029472011845102,0.0212584205079518,"HEG1/CSRNP1/NR4A2/NKX2-3/ITPR1/NDN/ARID5B/BMP4/PRDM1/ATRX/CHST11/SCN9A",12,"adjacent_vs_healthy_up","GO_BP"
"GO:0034694","response to prostaglandin","7/936","37/16135",0.189189189189189,3.26129013629014,3.41721758072584,0.00481806215637926,0.0297976835582524,0.0214933303696227,"TGFBR3/SFRP1/A2M/CCL21/TNC/PRKAA2/CCL19",7,"adjacent_vs_healthy_up","GO_BP"
"GO:0045429","positive regulation of nitric oxide biosynthetic process","7/936","37/16135",0.189189189189189,3.26129013629014,3.41721758072584,0.00481806215637926,0.0297976835582524,0.0214933303696227,"KLF2/CLU/PTX3/HBB/CD36/PTGS2/IL1B",7,"adjacent_vs_healthy_up","GO_BP"
"GO:0045923","positive regulation of fatty acid metabolic process","7/936","37/16135",0.189189189189189,3.26129013629014,3.41721758072584,0.00481806215637926,0.0297976835582524,0.0214933303696227,"TWIST1/IRS2/PTGS2/IRS1/ADIPOQ/IL1B/GDF15",7,"adjacent_vs_healthy_up","GO_BP"
"GO:1904707","positive regulation of vascular associated smooth muscle cell proliferation","7/936","37/16135",0.189189189189189,3.26129013629014,3.41721758072584,0.00481806215637926,0.0297976835582524,0.0214933303696227,"ADAMTS1/JUN/MMP2/IGFBP5/DDR2/DNMT1/FGF2",7,"adjacent_vs_healthy_up","GO_BP"
"GO:0046879","hormone secretion","30/936","313/16135",0.0958466453674121,1.65222822970427,2.89162861534574,0.00481814977472527,0.0297976835582524,0.0214933303696227,"VIP/SFRP1/GAL/ECRG4/CHRM3/FGFR1/PTPN11/ITPR1/LTBP4/PIM3/EFNA5/INHBB/AGTR1/AGT/SELENOM/PRKD1/IRS2/C1QTNF3/IRS1/SPP1/ANXA1/ADIPOQ/PDE8B/CPE/CCN3/IL1B/TACR2/GRP/RBP4/CARTPT",30,"adjacent_vs_healthy_up","GO_BP"
"GO:0060047","heart contraction","24/936","234/16135",0.102564102564103,1.76802542187158,2.93678902585724,0.00483220507743902,0.0298483843328839,0.0215299012828288,"HEY2/RGS2/CAV1/PLN/HBEGF/FLNA/GSN/FXYD1/CXCR4/STC1/TRPC1/AGT/TBX2/DES/CASQ2/ADM/CACNA1H/KCNJ8/SCN9A/SLC8A1/SGCD/KCNH2/GJC1/POPDC2",24,"adjacent_vs_healthy_up","GO_BP"
"GO:0002577","regulation of antigen processing and presentation","5/936","20/16135",0.25,4.30956196581197,3.67512235894025,0.00485102630798137,0.0298560749583008,0.0215354485983612,"THBS1/CCL21/LILRB2/FCGR2B/CCL19",5,"adjacent_vs_healthy_up","GO_BP"
"GO:0003184","pulmonary valve morphogenesis","5/936","20/16135",0.25,4.30956196581197,3.67512235894025,0.00485102630798137,0.0298560749583008,0.0215354485983612,"HEY2/ADAMTS5/SLIT2/JAG1/BMP4",5,"adjacent_vs_healthy_up","GO_BP"
"GO:0051900","regulation of mitochondrial depolarization","5/936","20/16135",0.25,4.30956196581197,3.67512235894025,0.00485102630798137,0.0298560749583008,0.0215354485983612,"DCN/MLLT11/MYOC/IFI6/LRRK2",5,"adjacent_vs_healthy_up","GO_BP"
"GO:0072089","stem cell proliferation","14/936","111/16135",0.126126126126126,2.17419342419342,3.08047088413904,0.00489926237973706,0.0301165754971533,0.0217233499206931,"SFRP2/VEGFC/SOX18/PRRX1/FBLN1/NES/FGFR1/EIF2AK2/GLI3/LTBP3/TGFBR2/FERMT2/NFIB/FGF2",14,"adjacent_vs_healthy_up","GO_BP"
"GO:0007159","leukocyte cell-cell adhesion","37/936","409/16135",0.0904645476772616,1.55945029569724,2.84390751751053,0.00494253571743908,0.0303459783326139,0.0218888201969528,"PECAM1/LRRC32/CAV1/ZBTB16/THY1/JAM2/NFAT5/PTPN11/SELP/CEBPB/WNK1/CCL21/GLI3/BMP4/TGFBR2/CXCL12/PRNP/CTSG/SOCS1/MSN/TMEM131L/ANXA1/IL6ST/CD81/ITGA5/CCL2/FYN/HLX/IL1B/LILRB2/TWSG1/BCL6/ST3GAL4/S100A8/LGALS1/CCL19/PLA2G2A",37,"adjacent_vs_healthy_up","GO_BP"
"GO:2000401","regulation of lymphocyte migration","10/936","67/16135",0.149253731343284,2.57287281541013,3.20148550166266,0.00502007772151249,0.0307849772188059,0.0222054739420123,"APOD/JAM2/WNK1/CCL21/CXCL12/MSN/CCL2/CCL20/CXCL13/CXCL10",10,"adjacent_vs_healthy_up","GO_BP"
"GO:0002761","regulation of myeloid leukocyte differentiation","15/936","123/16135",0.121951219512195,2.10222534917657,3.04510030629133,0.00503502693436142,0.0308395399729637,0.0222448305349065,"FOS/SFRP1/FBN1/TRIB1/LRRC17/CEBPB/QKI/MITF/ADIPOQ/KLF10/MYC/TNFAIP6/ROR2/IRF7/CARTPT",15,"adjacent_vs_healthy_up","GO_BP"
"GO:0006979","response to oxidative stress","35/936","382/16135",0.0916230366492147,1.57942061574261,2.84410372686706,0.00505553398409303,0.0309279726085691,0.0223086177702064,"FOS/KLF2/APOD/MMP2/SOD3/PXDN/CRYAB/HYAL2/GPX3/NR4A2/FBLN5/DDR2/COL6A1/PLK3/COL1A1/RBPMS/PRNP/STX2/HBB/LRRK2/GPX8/AREG/PRKD1/CD36/MSRB3/PTGS2/CYP1B1/ADIPOQ/FYN/AXL/PRKAA2/SLC8A1/PTGS1/DUOX2/PENK",35,"adjacent_vs_healthy_up","GO_BP"
"GO:0036294","cellular response to decreased oxygen levels","17/936","147/16135",0.115646258503401,1.99353886853887,3.00294862794832,0.00508088961922801,0.0310237356045157,0.0223776924586815,"FOS/PTGIS/SFRP1/LMNA/VASN/DDR2/RORA/HP1BP3/STC1/TWIST1/RGCC/EPHA4/PTGS2/CPEB1/MYC/NDNF/KCNMB1",17,"adjacent_vs_healthy_up","GO_BP"
"GO:0042476","odontogenesis","16/936","135/16135",0.118518518518519,2.04305159860715,3.02004997158341,0.00509023251940395,0.0310237356045157,0.0223776924586815,"APCDD1/COL1A2/SERPINE1/FOXC1/FAM20C/NKX2-3/FGFR1/GLI3/HAND2/RSPO2/ASPN/BMP4/COL1A1/TNC/ADM/HAND1",16,"adjacent_vs_healthy_up","GO_BP"
"GO:0000302","response to reactive oxygen species","20/936","184/16135",0.108695652173913,1.87372259383129,2.9579441083732,0.00509194382105789,0.0310237356045157,0.0223776924586815,"FOS/KLF2/APOD/MMP2/SOD3/CRYAB/HYAL2/FBLN5/DDR2/COL6A1/PLK3/COL1A1/HBB/LRRK2/AREG/CD36/CYP1B1/FYN/AXL/SLC8A1",20,"adjacent_vs_healthy_up","GO_BP"
"GO:0002274","myeloid leukocyte activation","24/936","235/16135",0.102127659574468,1.76050190943808,2.91431922306038,0.00509553899155802,0.0310237356045157,0.0223776924586815,"CLU/FN1/CD93/FOXF1/ADGRF5/IL33/HYAL2/LDLR/PTPN11/THBS1/RORA/TGFBR2/CTSG/LRRK2/PTGDS/LRFN5/ANXA1/CALHM2/KCNJ8/IFI35/FCGR2B/GRP/SCNN1B/PLA2G2A",24,"adjacent_vs_healthy_up","GO_BP"
"GO:0046209","nitric oxide metabolic process","11/936","78/16135",0.141025641025641,2.43103495507342,3.14388595093282,0.00518808102475626,0.0312240989929493,0.0225222163272286,"KLF2/PTGIS/CLU/CAV1/RORA/PTX3/HBB/CD36/PTGS2/CYP1B1/IL1B",11,"adjacent_vs_healthy_up","GO_BP"
"GO:0046637","regulation of alpha-beta T cell differentiation","11/936","78/16135",0.141025641025641,2.43103495507342,3.14388595093282,0.00518808102475626,0.0312240989929493,0.0225222163272286,"JUNB/ZBTB16/GLI3/TGFBR2/SOCS1/PRDM1/ANXA1/HLX/BCL6/LGALS1/CCL19",11,"adjacent_vs_healthy_up","GO_BP"
"GO:0031294","lymphocyte costimulation","8/936","47/16135",0.170212765957447,2.93416984906347,3.29529236651887,0.00520192978729701,0.0312240989929493,0.0225222163272286,"CAV1/PTPN11/CCL21/CD81/FYN/LILRB2/LGALS1/CCL19",8,"adjacent_vs_healthy_up","GO_BP"
"GO:0048806","genitalia development","8/936","47/16135",0.170212765957447,2.93416984906347,3.29529236651887,0.00520192978729701,0.0312240989929493,0.0225222163272286,"PTPN11/PKD1/FOXF2/AXL/ROR2/RBP4/HOXA13/HOXD13",8,"adjacent_vs_healthy_up","GO_BP"
"GO:0055010","ventricular cardiac muscle tissue morphogenesis","8/936","47/16135",0.170212765957447,2.93416984906347,3.29529236651887,0.00520192978729701,0.0312240989929493,0.0225222163272286,"TGFBR3/HEG1/ZFPM2/HEY2/FOXC1/ENG/PROX1/HAND1",8,"adjacent_vs_healthy_up","GO_BP"
"GO:0090278","negative regulation of peptide hormone secretion","8/936","47/16135",0.170212765957447,2.93416984906347,3.29529236651887,0.00520192978729701,0.0312240989929493,0.0225222163272286,"SFRP1/PTPN11/PIM3/INHBB/IRS1/PDE8B/CCN3/CARTPT",8,"adjacent_vs_healthy_up","GO_BP"
"GO:0071356","cellular response to tumor necrosis factor","21/936","197/16135",0.106598984771574,1.83757972146297,2.93524123020331,0.00521728774520052,0.0312240989929493,0.0225222163272286,"FOS/KLF2/SFRP1/ZFP36/CCDC3/AKAP12/HYAL2/CTSK/NFKBIA/THBS1/RORA/YBX3/FABP4/COL1A1/GSDME/CYP1B1/ADIPOQ/CCL2/GBP1/POSTN/CHI3L1",21,"adjacent_vs_healthy_up","GO_BP"
"GO:0001755","neural crest cell migration","9/936","57/16135",0.157894736842105,2.7218286099865,3.23156412836138,0.00522115928326413,0.0312240989929493,0.0225222163272286,"SEMA3G/FN1/SEMA3A/HAND2/BMP4/TWIST1/PHOX2B/SEMA3E/HTR2B",9,"adjacent_vs_healthy_up","GO_BP"
"GO:0080164","regulation of nitric oxide metabolic process","9/936","57/16135",0.157894736842105,2.7218286099865,3.23156412836138,0.00522115928326413,0.0312240989929493,0.0225222163272286,"KLF2/PTGIS/CLU/CAV1/PTX3/HBB/CD36/PTGS2/IL1B",9,"adjacent_vs_healthy_up","GO_BP"
"GO:2001238","positive regulation of extrinsic apoptotic signaling pathway","9/936","57/16135",0.157894736842105,2.7218286099865,3.23156412836138,0.00522115928326413,0.0312240989929493,0.0225222163272286,"SFRP1/SRPX/CAV1/HYAL2/THBS1/ATF3/AGT/MAL/PEA15",9,"adjacent_vs_healthy_up","GO_BP"
"GO:0001765","membrane raft assembly","4/936","13/16135",0.307692307692308,5.30407626561473,3.85250861957158,0.00527550024194061,0.0312240989929493,0.0225222163272286,"CAV1/COL6A1/CAV2/RFTN1",4,"adjacent_vs_healthy_up","GO_BP"
"GO:0009214","cyclic nucleotide catabolic process","4/936","13/16135",0.307692307692308,5.30407626561473,3.85250861957158,0.00527550024194061,0.0312240989929493,0.0225222163272286,"PDE2A/PDE1A/PDE9A/PDE8B",4,"adjacent_vs_healthy_up","GO_BP"
"GO:0035933","glucocorticoid secretion","4/936","13/16135",0.307692307692308,5.30407626561473,3.85250861957158,0.00527550024194061,0.0312240989929493,0.0225222163272286,"GAL/ECRG4/PTPN11/SELENOM",4,"adjacent_vs_healthy_up","GO_BP"
"GO:0044857","plasma membrane raft organization","4/936","13/16135",0.307692307692308,5.30407626561473,3.85250861957158,0.00527550024194061,0.0312240989929493,0.0225222163272286,"CAV1/COL6A1/CAV2/COLEC12",4,"adjacent_vs_healthy_up","GO_BP"
"GO:0045986","negative regulation of smooth muscle contraction","4/936","13/16135",0.307692307692308,5.30407626561473,3.85250861957158,0.00527550024194061,0.0312240989929493,0.0225222163272286,"RGS2/GUCY1A1/ADRB2/PTGS2",4,"adjacent_vs_healthy_up","GO_BP"
"GO:0060100","positive regulation of phagocytosis, engulfment","4/936","13/16135",0.307692307692308,5.30407626561473,3.85250861957158,0.00527550024194061,0.0312240989929493,0.0225222163272286,"C3/CD36/ANO6/RAB31",4,"adjacent_vs_healthy_up","GO_BP"
"GO:0061469","regulation of type B pancreatic cell proliferation","4/936","13/16135",0.307692307692308,5.30407626561473,3.85250861957158,0.00527550024194061,0.0312240989929493,0.0225222163272286,"SFRP1/NR4A1/IRS2/PHOX2B",4,"adjacent_vs_healthy_up","GO_BP"
"GO:0070486","leukocyte aggregation","4/936","13/16135",0.307692307692308,5.30407626561473,3.85250861957158,0.00527550024194061,0.0312240989929493,0.0225222163272286,"JAM2/MSN/IL1B/S100A8",4,"adjacent_vs_healthy_up","GO_BP"
"GO:0071639","positive regulation of monocyte chemotactic protein-1 production","4/936","13/16135",0.307692307692308,5.30407626561473,3.85250861957158,0.00527550024194061,0.0312240989929493,0.0225222163272286,"TWIST1/ADIPOQ/OAS3/IL1B",4,"adjacent_vs_healthy_up","GO_BP"
"GO:0072310","glomerular epithelial cell development","4/936","13/16135",0.307692307692308,5.30407626561473,3.85250861957158,0.00527550024194061,0.0312240989929493,0.0225222163272286,"LAMB2/JAG1/PODXL/ADIPOQ",4,"adjacent_vs_healthy_up","GO_BP"
"GO:1900272","negative regulation of long-term synaptic potentiation","4/936","13/16135",0.307692307692308,5.30407626561473,3.85250861957158,0.00527550024194061,0.0312240989929493,0.0225222163272286,"FAM107A/PTN/PRNP/EPHA4",4,"adjacent_vs_healthy_up","GO_BP"
"GO:1901203","positive regulation of extracellular matrix assembly","4/936","13/16135",0.307692307692308,5.30407626561473,3.85250861957158,0.00527550024194061,0.0312240989929493,0.0225222163272286,"RGCC/AGT/EMILIN1/PHLDB2",4,"adjacent_vs_healthy_up","GO_BP"
"GO:1901731","positive regulation of platelet aggregation","4/936","13/16135",0.307692307692308,5.30407626561473,3.85250861957158,0.00527550024194061,0.0312240989929493,0.0225222163272286,"MMRN1/CTSG/EMILIN1/IL6ST",4,"adjacent_vs_healthy_up","GO_BP"
"GO:1905155","positive regulation of membrane invagination","4/936","13/16135",0.307692307692308,5.30407626561473,3.85250861957158,0.00527550024194061,0.0312240989929493,0.0225222163272286,"C3/CD36/ANO6/RAB31",4,"adjacent_vs_healthy_up","GO_BP"
"GO:0090257","regulation of muscle system process","23/936","223/16135",0.103139013452915,1.7779358782722,2.90292149504693,0.00535191590042422,0.0316396327477515,0.0228219444673115,"LMNA/RGS2/NR4A1/IGFBP5/CAV1/PLN/CHRM3/GUCY1A1/HAND2/STC1/PI16/MYL9/AGT/PRKD1/ADRB2/PTGS2/ANXA6/IL6ST/CNN1/CASQ2/PDE9A/SLC8A1/TACR2",23,"adjacent_vs_healthy_up","GO_BP"
"GO:0090090","negative regulation of canonical Wnt signaling pathway","16/936","136/16135",0.117647058823529,2.0280291603821,2.98765132705944,0.00546764288421279,0.0322863361969274,0.0232884173344771,"EGR1/SFRP2/GREM1/IGFBP6/SFRP1/CHD8/RBMS3/SHISA3/CAV1/WWTR1/GLI3/LATS2/PRICKLE1/DACT3/TMEM131L/CDH2",16,"adjacent_vs_healthy_up","GO_BP"
"GO:0042116","macrophage activation","13/936","101/16135",0.128712871287129,2.21878437843784,3.04907473612323,0.0055350949031916,0.0326090677764906,0.0235212064520171,"CLU/CD93/ADGRF5/IL33/LDLR/THBS1/RORA/LRRK2/LRFN5/CALHM2/KCNJ8/IFI35/FCGR2B",13,"adjacent_vs_healthy_up","GO_BP"
"GO:0090130","tissue migration","13/936","101/16135",0.128712871287129,2.21878437843784,3.04907473612323,0.0055350949031916,0.0326090677764906,0.0235212064520171,"SASH1/FOXF1/HBEGF/ZEB2/MAP4K4/PTPN11/ACTG2/TGFBR2/FGF7/IRS2/PROX1/ENPP2/KANK2",13,"adjacent_vs_healthy_up","GO_BP"
"GO:0038127","ERBB signaling pathway","19/936","173/16135",0.109826589595376,1.89321797342029,2.93115169482982,0.00557725127320317,0.0328194832427753,0.0236729809724389,"EFEMP1/HBEGF/DDR2/FGFR1/TEK/MYOC/SPRY2/PTPN11/PRICKLE1/IFI6/EPHA2/ERRFI1/EPHA4/AGT/AREG/AXL/CCDC88A/ROR2/ITGA1",19,"adjacent_vs_healthy_up","GO_BP"
"GO:0035567","non-canonical Wnt signaling pathway","10/936","68/16135",0.147058823529412,2.53503645047763,3.14780046529765,0.00558750727171865,0.0328419112533774,0.0236891584930996,"SFRP2/RSPO3/SFRP1/MYOC/RNF213/MED12/PRICKLE2/PRICKLE1/PLEKHA4/FZD7",10,"adjacent_vs_healthy_up","GO_BP"
"GO:0051693","actin filament capping","7/936","38/16135",0.184210526315789,3.17546671165092,3.33175617794458,0.00561648476378017,0.0329177123636616,0.0237438344984521,"SPTBN1/SPTAN1/GSN/TMOD1/LMOD1/SVIL/ASB2",7,"adjacent_vs_healthy_up","GO_BP"
"GO:1904407","positive regulation of nitric oxide metabolic process","7/936","38/16135",0.184210526315789,3.17546671165092,3.33175617794458,0.00561648476378017,0.0329177123636616,0.0237438344984521,"KLF2/CLU/PTX3/HBB/CD36/PTGS2/IL1B",7,"adjacent_vs_healthy_up","GO_BP"
"GO:0034695","response to prostaglandin E","6/936","29/16135",0.206896551724138,3.56653404067197,3.43284048633981,0.00563916069338238,0.0329177123636616,0.0237438344984521,"TGFBR3/SFRP1/A2M/CCL21/PRKAA2/CCL19",6,"adjacent_vs_healthy_up","GO_BP"
"GO:0050732","negative regulation of peptidyl-tyrosine phosphorylation","6/936","29/16135",0.206896551724138,3.56653404067197,3.43284048633981,0.00563916069338238,0.0329177123636616,0.0237438344984521,"SFRP2/SFRP1/HYAL2/ERRFI1/SOCS1/PARP14",6,"adjacent_vs_healthy_up","GO_BP"
"GO:0070570","regulation of neuron projection regeneration","6/936","29/16135",0.206896551724138,3.56653404067197,3.43284048633981,0.00563916069338238,0.0329177123636616,0.0237438344984521,"PRRX1/THY1/FLNA/PTN/EPHA4/SPP1",6,"adjacent_vs_healthy_up","GO_BP"
"GO:0072012","glomerulus vasculature development","6/936","29/16135",0.206896551724138,3.56653404067197,3.43284048633981,0.00563916069338238,0.0329177123636616,0.0237438344984521,"EGR1/PECAM1/ANGPT2/TEK/BMP4/ANGPT1",6,"adjacent_vs_healthy_up","GO_BP"
"GO:0035914","skeletal muscle cell differentiation","11/936","79/16135",0.139240506329114,2.4002623607054,3.09603401973075,0.00571989175953474,0.0333126496075303,0.024028706194641,"EGR1/FOS/NR4A1/DDX5/COL6A1/MAFF/ATF3/HLF/PHOX2B/BTG2/ASB2",11,"adjacent_vs_healthy_up","GO_BP"
"GO:1901379","regulation of potassium ion transmembrane transport","11/936","79/16135",0.139240506329114,2.4002623607054,3.09603401973075,0.00571989175953474,0.0333126496075303,0.024028706194641,"GAL/CAV1/FLNA/FHL1/PRNP/ANO6/CASQ2/KCNH2/GRP/DPP6/KCNMB1",11,"adjacent_vs_healthy_up","GO_BP"
"GO:0070252","actin-mediated cell contraction","14/936","113/16135",0.123893805309735,2.13571212465018,3.00642631052243,0.00574560057776418,0.0334241787035231,0.0241091531092917,"CAV1/PLN/FRMD6/ZEB2/FLNA/GSN/STC1/QKI/LIMCH1/KCNJ8/SCN9A/SGCD/KCNH2/GJC1",14,"adjacent_vs_healthy_up","GO_BP"
"GO:0033157","regulation of intracellular protein transport","17/936","149/16135",0.114093959731544,1.96677995755177,2.94206532493474,0.00581847405932218,0.0338095140322757,0.0243870988599328,"APOD/HYAL2/RUFY3/PTPN11/FLNA/BAG3/GLI3/PLK3/BMP4/PRKD1/CD36/PTGS2/ANGPT1/ADIPOQ/CD81/IL1B/RAB23",17,"adjacent_vs_healthy_up","GO_BP"
"GO:0014902","myotube differentiation","15/936","125/16135",0.12,2.06858974358974,2.97626628826637,0.00584924609565528,0.0339496105961951,0.0244881517396334,"SIK1/ADAMTS5/COL6A1/SKI/PLEC/CAV2/CD81/DNER/PLEKHO1/BHLHE41/CCN3/CACNA1H/ADGRB3/GDF15/CXCL10",15,"adjacent_vs_healthy_up","GO_BP"
"GO:0051148","negative regulation of muscle cell differentiation","9/936","58/16135",0.155172413793103,2.67490053050398,3.17104170769047,0.00586992636297654,0.0340308813944579,0.0245467730788744,"HEY2/RGS2/RBPMS2/PI16/DNMT1/FZD7/PRDM6/BHLHE41/CCN3",9,"adjacent_vs_healthy_up","GO_BP"
"GO:0031669","cellular response to nutrient levels","25/936","251/16135",0.099601593625498,1.71695695849082,2.8408705777101,0.00593179652552403,0.0342367293390087,0.0246952530058288,"FOS/SFRP1/GCN1/FAM107A/MN1/CAV1/CTSK/NCOA1/EIF2AK2/ATF3/IFI16/COL1A1/INHBB/LRRK2/PRKD1/LPL/TNC/KLF10/GPR155/MFSD2A/PRKAA2/KANK2/POSTN/PENK/CARTPT",25,"adjacent_vs_healthy_up","GO_BP"
"GO:0002792","negative regulation of peptide secretion","8/936","48/16135",0.166666666666667,2.87304131054131,3.22501609902639,0.00593230612369401,0.0342367293390087,0.0246952530058288,"SFRP1/PTPN11/PIM3/INHBB/IRS1/PDE8B/CCN3/CARTPT",8,"adjacent_vs_healthy_up","GO_BP"
"GO:0014003","oligodendrocyte development","8/936","48/16135",0.166666666666667,2.87304131054131,3.22501609902639,0.00593230612369401,0.0342367293390087,0.0246952530058288,"CLU/CERS5/MED12/WASF3/ID4/GPM6B/PLP1/MAL",8,"adjacent_vs_healthy_up","GO_BP"
"GO:0051489","regulation of filopodium assembly","8/936","48/16135",0.166666666666667,2.87304131054131,3.22501609902639,0.00593230612369401,0.0342367293390087,0.0246952530058288,"GAP43/CCL21/DPYSL3/RHOQ/NRXN1/GPM6A/DOCK11/DNM3",8,"adjacent_vs_healthy_up","GO_BP"
"GO:0043367","CD4-positive, alpha-beta T cell differentiation","13/936","102/16135",0.127450980392157,2.19703159041394,3.00953739923443,0.00601643627521764,0.0346829855865487,0.0250171415492498,"JUNB/NKX2-3/SOCS3/RORA/SOCS1/ANXA1/IL6ST/HLX/BCL6/RSAD2/GPR183/LGALS1/CCL19",13,"adjacent_vs_healthy_up","GO_BP"
"GO:0046631","alpha-beta T cell activation","20/936","187/16135",0.106951871657754,1.84366287307464,2.87963915788564,0.00608771938800187,0.035053764951863,0.0252845879558592,"JUNB/ZBTB16/NKX2-3/SOCS3/CEBPB/RORA/GLI3/TGFBR2/SOCS1/PRDM1/ANXA1/IL6ST/CD81/HLX/TWSG1/BCL6/RSAD2/GPR183/LGALS1/CCL19",20,"adjacent_vs_healthy_up","GO_BP"
"GO:0071453","cellular response to oxygen levels","18/936","162/16135",0.111111111111111,1.91536087369421,2.90574868249753,0.00609451250929173,0.035053764951863,0.0252845879558592,"FOS/PTGIS/SFRP1/LMNA/CAV1/VASN/DDR2/RORA/HP1BP3/STC1/TWIST1/RGCC/EPHA4/PTGS2/CPEB1/MYC/NDNF/KCNMB1",18,"adjacent_vs_healthy_up","GO_BP"
"GO:0048839","inner ear development","21/936","200/16135",0.105,1.81001602564103,2.86044774412392,0.00619375396703996,0.0355844083608068,0.0256673456985742,"PRRX1/CEBPD/HEY2/SPARC/AHI1/FGFR1/SPRY2/PTPN11/JAG1/GLI3/ZEB1/ROR1/BMP4/EPHA4/GSDME/TBX2/PHOX2B/ITGA8/PROX1/FGF2/HOXA13",21,"adjacent_vs_healthy_up","GO_BP"
"GO:0032535","regulation of cellular component size","32/936","346/16135",0.092485549132948,1.59428881972235,2.77306302538213,0.00623744257376934,0.0357950533287484,0.0258192857605531,"SPTBN1/SEMA3G/MAP1B/L1CAM/FN1/OLFM1/SPTAN1/SHANK3/RUFY3/SLIT2/COL6A1/WNK1/GSN/CCL21/SEMA3A/HP1BP3/EFNA5/CXCL12/CFL2/MSN/PRKD1/MYADM/ANO6/TMOD1/NEFL/SPP1/LMOD1/SPART/MAP2/KANK2/SVIL/ASB2",32,"adjacent_vs_healthy_up","GO_BP"
"GO:0072593","reactive oxygen species metabolic process","23/936","226/16135",0.101769911504425,1.75433495953407,2.83399093871574,0.0062798430322106,0.0359197143396312,0.0259092048405338,"CCN1/CCN2/SOD3/PXDN/CRYAB/SH3PXD2B/GPX3/FBLN5/COL6A1/THBS1/TGFBR2/IFI6/IER3/HBB/LRRK2/AGTR1/AGT/CD36/CYP1B1/FYN/DDIT4/AKR1C1/DUOX2",23,"adjacent_vs_healthy_up","GO_BP"
"GO:0001960","negative regulation of cytokine-mediated signaling pathway","11/936","80/16135",0.1375,2.37025908119658,3.04890554887456,0.0062936981383021,0.0359197143396312,0.0259092048405338,"SLIT3/CCDC3/PXDN/CAV1/SLIT2/USP18/ISG15/IL6ST/ADIPOQ/OAS3/PARP14",11,"adjacent_vs_healthy_up","GO_BP"
"GO:0071357","cellular response to type I interferon","11/936","80/16135",0.1375,2.37025908119658,3.04890554887456,0.0062936981383021,0.0359197143396312,0.0259092048405338,"PTPN11/IFIT1/IFITM2/USP18/ISG15/OAS3/OAS2/IFITM3/IRF7/IFITM1/CR2",11,"adjacent_vs_healthy_up","GO_BP"
"GO:2001057","reactive nitrogen species metabolic process","11/936","80/16135",0.1375,2.37025908119658,3.04890554887456,0.0062936981383021,0.0359197143396312,0.0259092048405338,"KLF2/PTGIS/CLU/CAV1/RORA/PTX3/HBB/CD36/PTGS2/CYP1B1/IL1B",11,"adjacent_vs_healthy_up","GO_BP"
"GO:0046718","symbiont entry into host cell","15/936","126/16135",0.119047619047619,2.05217236467236,2.94233084293097,0.00629440834091261,0.0359197143396312,0.0259092048405338,"CH25H/CAV1/HYAL2/LDLR/CAV2/SIGLEC1/CXCR4/MYH10/EPHA2/AGTR1/CD81/ITGA5/AXL/LGALS1/CR2",15,"adjacent_vs_healthy_up","GO_BP"
"GO:0038179","neurotrophin signaling pathway","7/936","39/16135",0.179487179487179,3.09404448827526,3.24908197699015,0.00650989272827696,0.0371078449030195,0.0267662138315591,"SPRY1/SPRY2/PTPN11/NDN/AGT/WASF1/DDIT4",7,"adjacent_vs_healthy_up","GO_BP"
"GO:0001823","mesonephros development","13/936","103/16135",0.12621359223301,2.17570118662352,2.97045624761982,0.00653055157171995,0.0371840120776367,0.0268211538823241,"GREM1/SFRP1/ZBTB16/SLIT2/FOXC1/FGFR1/SPRY1/GLI3/PKD1/BMP4/AGT/MYC/FGF2",13,"adjacent_vs_healthy_up","GO_BP"
"GO:0008347","glial cell migration","9/936","59/16135",0.152542372881356,2.62956323337679,3.11178560667427,0.00657910299163026,0.0372937806956038,0.0269003309487417,"APCDD1/VCAN/GLI3/BMERB1/NDN/EPHA4/COL3A1/CCL2/GPR183",9,"adjacent_vs_healthy_up","GO_BP"
"GO:0051058","negative regulation of small GTPase mediated signal transduction","9/936","59/16135",0.152542372881356,2.62956323337679,3.11178560667427,0.00657910299163026,0.0372937806956038,0.0269003309487417,"HEG1/RASIP1/SLIT2/DLC1/MYOC/SPRY1/SPRY2/STMN3/BCL6",9,"adjacent_vs_healthy_up","GO_BP"
"GO:0055008","cardiac muscle tissue morphogenesis","9/936","59/16135",0.152542372881356,2.62956323337679,3.11178560667427,0.00657910299163026,0.0372937806956038,0.0269003309487417,"TGFBR3/HEG1/S1PR1/ZFPM2/HEY2/FOXC1/ENG/PROX1/HAND1",9,"adjacent_vs_healthy_up","GO_BP"
"GO:0060350","endochondral bone morphogenesis","9/936","59/16135",0.152542372881356,2.62956323337679,3.11178560667427,0.00657910299163026,0.0372937806956038,0.0269003309487417,"FOXC1/TEK/CSGALNACT1/STC1/BMP4/TGFBR2/COL1A1/GHR/COL3A1",9,"adjacent_vs_healthy_up","GO_BP"
"GO:0033674","positive regulation of kinase activity","22/936","214/16135",0.102803738317757,1.77215632238997,2.82181404312263,0.00660337751638835,0.0373897909150167,0.0269695839616703,"CCN1/TCIM/SASH1/FBN1/DDR2/FGFR1/THBS1/RGCC/LRRK2/EPHA4/ADRB2/GHR/CCND1/ANGPT1/ADIPOQ/PROX1/IL1B/CCDC88A/FGF2/CHI3L1/CCL19/CARTPT",22,"adjacent_vs_healthy_up","GO_BP"
"GO:0030947","regulation of vascular endothelial growth factor receptor signaling pathway","6/936","30/16135",0.2,3.44764957264957,3.32989812127743,0.00670981684570354,0.037908233531824,0.02734354116606,"VEGFC/MMRN1/EMILIN1/ITGA5/IL1B/HHEX",6,"adjacent_vs_healthy_up","GO_BP"
"GO:0048710","regulation of astrocyte differentiation","6/936","30/16135",0.2,3.44764957264957,3.32989812127743,0.00670981684570354,0.037908233531824,0.02734354116606,"LDLR/SERPINE2/QKI/EPHA4/ID4/IL6ST",6,"adjacent_vs_healthy_up","GO_BP"
"GO:0030168","platelet activation","16/936","139/16135",0.115107913669065,1.98425874684867,2.89209416011547,0.00673802998675478,0.037941576718531,0.0273675918989321,"THBD/MMRN1/TLN1/SELP/FLNA/SERPINE2/MYL9/HBB/CTSG/EMILIN1/IL6ST/COL3A1/AXL/VCL/SAA1/CSRP1",16,"adjacent_vs_healthy_up","GO_BP"
"GO:0030195","negative regulation of blood coagulation","8/936","49/16135",0.163265306122449,2.81440781440781,3.15653317912889,0.00673805473513943,0.037941576718531,0.0273675918989321,"THBD/SERPING1/TFPI/SERPINE1/PLAT/THBS1/SERPINE2/PROS1",8,"adjacent_vs_healthy_up","GO_BP"
"GO:1904645","response to amyloid-beta","8/936","49/16135",0.163265306122449,2.81440781440781,3.15653317912889,0.00673805473513943,0.037941576718531,0.0273675918989321,"MMP2/RAMP3/PRNP/EPHA4/CD36/ADRB2/FYN/FCGR2B",8,"adjacent_vs_healthy_up","GO_BP"
"GO:0050868","negative regulation of T cell activation","15/936","127/16135",0.118110236220472,2.03601352715526,2.90870844503303,0.00676640434010043,0.0380591573036995,0.0274524038057752,"LRRC32/CEBPB/GLI3/BMP4/PRNP/CTSG/SOCS1/TMEM131L/ANXA1/HLX/LILRB2/TWSG1/BCL6/LGALS1/PLA2G2A",15,"adjacent_vs_healthy_up","GO_BP"
"GO:0046889","positive regulation of lipid biosynthetic process","12/936","92/16135",0.130434782608696,2.24846711259755,2.98009200021744,0.0067783945940172,0.0380845632316557,0.027470729324329,"CCN1/CCDC3/ZBTB20/ADGRF5/LDLR/QKI/PTGS2/ADM/SORBS1/MFSD2A/IL1B/HTR2B",12,"adjacent_vs_healthy_up","GO_BP"
"GO:0010827","regulation of D-glucose transmembrane transport","10/936","70/16135",0.142857142857143,2.46260683760684,3.04325046909272,0.00687169165856016,0.0385662342423156,0.0278181628468492,"C3/PTPN11/CLIP3/RHOQ/IRS2/IRS1/ADIPOQ/PEA15/SORBS1/IL1B",10,"adjacent_vs_healthy_up","GO_BP"
"GO:0030178","negative regulation of Wnt signaling pathway","18/936","164/16135",0.109756097560976,1.89200281425891,2.84920394455654,0.0069091347699401,0.0387054893483192,0.0279186087755785,"EGR1/SFRP2/GREM1/IGFBP6/SFRP1/CHD8/APCDD1/RBMS3/SHISA3/CAV1/WWTR1/RNF213/GLI3/LATS2/PRICKLE1/DACT3/TMEM131L/CDH2",18,"adjacent_vs_healthy_up","GO_BP"
"GO:0030203","glycosaminoglycan metabolic process","11/936","81/16135",0.135802469135802,2.34099662340403,3.00247920095947,0.00691169452648557,0.0387054893483192,0.0279186087755785,"LYVE1/HYAL2/FOXC1/DSE/CSGALNACT1/ITIH5/CHST11/IL1B/TNFAIP6/GALNT5/FGF2",11,"adjacent_vs_healthy_up","GO_BP"
"GO:0016485","protein processing","22/936","215/16135",0.102325581395349,1.76391373484397,2.79829476471273,0.00696662312031437,0.0389153433066135,0.0280699782753644,"C1R/PCSK5/THBD/GLG1/SERPINE1/GAS1/PLAT/THBS1/SERPINE2/GSN/GLI3/F3/PRNP/CTSG/LRRK2/PCSK2/BCHE/CMA1/CPE/BAG2/CCBE1/SPON1",22,"adjacent_vs_healthy_up","GO_BP"
"GO:0042445","hormone metabolic process","23/936","228/16135",0.100877192982456,1.73894605638027,2.78860795453233,0.00696920141514376,0.0389153433066135,0.0280699782753644,"EGR1/GAL/PCSK5/ADH1B/CTSK/PTPN11/CTSG/SELENOM/GHR/CYP1B1/PCSK2/BCHE/SPP1/PDE8B/CMA1/CPE/ADM/CACNA1H/CPQ/AKR1C1/DUOX2/RBP4/SCNN1B",23,"adjacent_vs_healthy_up","GO_BP"
"GO:0010038","response to metal ion","31/936","335/16135",0.0925373134328358,1.59518114555428,2.73177211869817,0.00697207779414014,0.0389153433066135,0.0280699782753644,"FOS/SOD3/JUNB/CAV1/TUBA1A/THBS1/FOSB/SLC41A1/SYT1/FABP4/INHBB/TRPC1/PRNP/LRRK2/PTGS2/SERPINF1/NRXN1/CASQ2/MICU3/PAM/CACNA1H/CLIC4/KCNMB4/PRKAA2/CD14/S100A8/NPTX1/RYR3/PENK/KCNMB1/MT1M",31,"adjacent_vs_healthy_up","GO_BP"
"GO:0001878","response to yeast","4/936","14/16135",0.285714285714286,4.92521367521368,3.64613525744036,0.00705063186230767,0.0390119652229315,0.028139672510633,"VIP/TAC1/PTX3/NPY",4,"adjacent_vs_healthy_up","GO_BP"
"GO:0010766","negative regulation of sodium ion transport","4/936","14/16135",0.285714285714286,4.92521367521368,3.64613525744036,0.00705063186230767,0.0390119652229315,0.028139672510633,"WNK1/SERPINE2/AGT/GRP",4,"adjacent_vs_healthy_up","GO_BP"
"GO:0031115","negative regulation of microtubule polymerization","4/936","14/16135",0.285714285714286,4.92521367521368,3.64613525744036,0.00705063186230767,0.0390119652229315,0.028139672510633,"CDH5/CLIP3/MAP2/STMN2",4,"adjacent_vs_healthy_up","GO_BP"
"GO:0044849","estrous cycle","4/936","14/16135",0.285714285714286,4.92521367521368,3.64613525744036,0.00705063186230767,0.0390119652229315,0.028139672510633,"EGR1/NCOA1/PTN/CYP1B1",4,"adjacent_vs_healthy_up","GO_BP"
"GO:0061430","bone trabecula morphogenesis","4/936","14/16135",0.285714285714286,4.92521367521368,3.64613525744036,0.00705063186230767,0.0390119652229315,0.028139672510633,"GREM1/SFRP1/MMP2/COL1A1",4,"adjacent_vs_healthy_up","GO_BP"
"GO:0070307","lens fiber cell development","4/936","14/16135",0.285714285714286,4.92521367521368,3.64613525744036,0.00705063186230767,0.0390119652229315,0.028139672510633,"VIM/EPHA2/TMOD1/PROX1",4,"adjacent_vs_healthy_up","GO_BP"
"GO:1900025","negative regulation of substrate adhesion-dependent cell spreading","4/936","14/16135",0.285714285714286,4.92521367521368,3.64613525744036,0.00705063186230767,0.0390119652229315,0.028139672510633,"FBLN1/EFNA5/GBP1/POSTN",4,"adjacent_vs_healthy_up","GO_BP"
"GO:1902548","negative regulation of cellular response to vascular endothelial growth factor stimulus","4/936","14/16135",0.285714285714286,4.92521367521368,3.64613525744036,0.00705063186230767,0.0390119652229315,0.028139672510633,"ADGRA2/DCN/SPRY2/EMILIN1",4,"adjacent_vs_healthy_up","GO_BP"
"GO:0043500","muscle adaptation","13/936","104/16135",0.125,2.15478098290598,2.93182084969908,0.00707896032120581,0.0391262275454065,0.028222090925506,"LMNA/HEY2/RGS2/IGFBP5/MYOC/GSN/HAND2/PI16/AGT/IL6ST/PDE9A/IL1B/ASB2",13,"adjacent_vs_healthy_up","GO_BP"
"GO:0043269","regulation of monoatomic ion transport","38/936","433/16135",0.0877598152424942,1.51282544758295,2.68433968858237,0.00722829335834241,0.0399083238939468,0.0287862238778944,"GAL/SIK1/SLMAP/CAV1/PLN/THY1/WNK1/FLNA/SERPINE2/FXYD1/CXCR4/STC1/CXCL12/SESTD1/TRPC1/FHL1/APLNR/PRNP/AGT/PRKD1/ADRB2/ANO6/PTGS2/MYLK/PLP1/CASQ2/CCL2/FYN/KCNJ8/SLC8A1/LILRB2/KCNH2/CXCL11/TACR2/GRP/DPP6/KCNMB1/CXCL10",38,"adjacent_vs_healthy_up","GO_BP"
"GO:0051701","biological process involved in interaction with host","18/936","165/16135",0.109090909090909,1.88053613053613,2.82122769192844,0.0073483389996098,0.0403737993745964,0.0291219754226412,"CH25H/FBLN1/CAV1/HYAL2/LDLR/CAV2/SIGLEC1/CXCR4/IFIT1/MYH10/INHBB/EPHA2/AGTR1/CD81/ITGA5/AXL/LGALS1/CR2",18,"adjacent_vs_healthy_up","GO_BP"
"GO:1990845","adaptive thermogenesis","18/936","165/16135",0.109090909090909,1.88053613053613,2.82122769192844,0.0073483389996098,0.0403737993745964,0.0291219754226412,"DYNC1H1/ADAMTS5/CAV1/CEBPB/LPIN1/CXCR4/FABP4/QKI/ID1/CD36/ADRB2/PHOX2B/ADIPOQ/NPR3/S100B/PLCL1/CKB/LCN2",18,"adjacent_vs_healthy_up","GO_BP"
"GO:0032233","positive regulation of actin filament bundle assembly","9/936","60/16135",0.15,2.58573717948718,3.05374512325842,0.00735221464278364,0.0403737993745964,0.0291219754226412,"CCN2/SFRP1/MYOC/FLNA/FERMT2/RGCC/LIMCH1/SYNPO2/CCDC88A",9,"adjacent_vs_healthy_up","GO_BP"
"GO:0045620","negative regulation of lymphocyte differentiation","9/936","60/16135",0.15,2.58573717948718,3.05374512325842,0.00735221464278364,0.0403737993745964,0.0291219754226412,"SFRP1/GLI3/BMP4/SOCS1/TMEM131L/ANXA1/HLX/BCL6/LGALS1",9,"adjacent_vs_healthy_up","GO_BP"
"GO:1900024","regulation of substrate adhesion-dependent cell spreading","9/936","60/16135",0.15,2.58573717948718,3.05374512325842,0.00735221464278364,0.0403737993745964,0.0291219754226412,"FBLN1/MYOC/FLNA/EFNA5/FERMT2/MYADM/LIMS2/GBP1/POSTN",9,"adjacent_vs_healthy_up","GO_BP"
"GO:0042475","odontogenesis of dentin-containing tooth","12/936","93/16135",0.129032258064516,2.22429004687069,2.93831248368786,0.00738385337032068,0.0404168816059658,0.029153051013805,"APCDD1/SERPINE1/FOXC1/FAM20C/NKX2-3/GLI3/HAND2/RSPO2/BMP4/TNC/ADM/HAND1",12,"adjacent_vs_healthy_up","GO_BP"
"GO:0051899","membrane depolarization","12/936","93/16135",0.129032258064516,2.22429004687069,2.93831248368786,0.00738385337032068,0.0404168816059658,0.029153051013805,"SLMAP/DCN/CAV1/COL6A1/MLLT11/MYOC/IFI6/FHL1/LRRK2/PHOX2B/SLC8A1/KCNH2",12,"adjacent_vs_healthy_up","GO_BP"
"GO:0071677","positive regulation of mononuclear cell migration","12/936","93/16135",0.129032258064516,2.22429004687069,2.93831248368786,0.00738385337032068,0.0404168816059658,0.029153051013805,"SERPINE1/JAM2/WNK1/THBS1/JAM3/CCL21/CXCL12/ANO6/RARRES2/CCL20/CXCL13/CXCL10",12,"adjacent_vs_healthy_up","GO_BP"
"GO:0002089","lens morphogenesis in camera-type eye","5/936","22/16135",0.227272727272727,3.91778360528361,3.39842476400521,0.00748362298557724,0.0406572950261211,0.0293264633213284,"SKI/MEIS1/BMP4/EPHA2/PROX1",5,"adjacent_vs_healthy_up","GO_BP"
"GO:0018149","peptide cross-linking","5/936","22/16135",0.227272727272727,3.91778360528361,3.39842476400521,0.00748362298557724,0.0406572950261211,0.0293264633213284,"FN1/THBS1/ANXA1/COL3A1/PI3",5,"adjacent_vs_healthy_up","GO_BP"
"GO:0035024","negative regulation of Rho protein signal transduction","5/936","22/16135",0.227272727272727,3.91778360528361,3.39842476400521,0.00748362298557724,0.0406572950261211,0.0293264633213284,"HEG1/RASIP1/DLC1/MYOC/BCL6",5,"adjacent_vs_healthy_up","GO_BP"
"GO:0060713","labyrinthine layer morphogenesis","5/936","22/16135",0.227272727272727,3.91778360528361,3.39842476400521,0.00748362298557724,0.0406572950261211,0.0293264633213284,"CCN1/RSPO3/SOCS3/NCOA1/ADM",5,"adjacent_vs_healthy_up","GO_BP"
"GO:0071305","cellular response to vitamin D","5/936","22/16135",0.227272727272727,3.91778360528361,3.39842476400521,0.00748362298557724,0.0406572950261211,0.0293264633213284,"SFRP1/MN1/TNC/KANK2/PENK",5,"adjacent_vs_healthy_up","GO_BP"
"GO:0098801","regulation of renal system process","5/936","22/16135",0.227272727272727,3.91778360528361,3.39842476400521,0.00748362298557724,0.0406572950261211,0.0293264633213284,"STC1/OR51E2/AGTR1/AGT/ADIPOQ",5,"adjacent_vs_healthy_up","GO_BP"
"GO:1901623","regulation of lymphocyte chemotaxis","5/936","22/16135",0.227272727272727,3.91778360528361,3.39842476400521,0.00748362298557724,0.0406572950261211,0.0293264633213284,"WNK1/CCL21/CCL2/CXCL13/CXCL10",5,"adjacent_vs_healthy_up","GO_BP"
"GO:0010719","negative regulation of epithelial to mesenchymal transition","7/936","40/16135",0.175,3.01669337606838,3.16902613006274,0.00750479909557205,0.0407289203312408,0.0293781272818089,"SFRP2/SFRP1/VASN/SPRY1/SPRY2/DACT3/EPHA4",7,"adjacent_vs_healthy_up","GO_BP"
"GO:0007405","neuroblast proliferation","10/936","71/16135",0.140845070422535,2.42792223426026,2.99232200196026,0.00759394445620347,0.041168873349801,0.0296954692509099,"VEGFC/FGFR1/PTN/GLI3/LRRK2/EML1/ID4/PROX1/FGF2/BTG2",10,"adjacent_vs_healthy_up","GO_BP"
"GO:0030834","regulation of actin filament depolymerization","8/936","50/16135",0.16,2.75811965811966,3.08975712694911,0.00762386394983985,0.0411995871562926,0.0297176233887825,"SPTBN1/SPTAN1/GSN/CFL2/TMOD1/LMOD1/SVIL/ASB2",8,"adjacent_vs_healthy_up","GO_BP"
"GO:0045581","negative regulation of T cell differentiation","8/936","50/16135",0.16,2.75811965811966,3.08975712694911,0.00762386394983985,0.0411995871562926,0.0297176233887825,"GLI3/BMP4/SOCS1/TMEM131L/ANXA1/HLX/BCL6/LGALS1",8,"adjacent_vs_healthy_up","GO_BP"
"GO:1900047","negative regulation of hemostasis","8/936","50/16135",0.16,2.75811965811966,3.08975712694911,0.00762386394983985,0.0411995871562926,0.0297176233887825,"THBD/SERPING1/TFPI/SERPINE1/PLAT/THBS1/SERPINE2/PROS1",8,"adjacent_vs_healthy_up","GO_BP"
"GO:0050770","regulation of axonogenesis","16/936","141/16135",0.113475177304965,1.95611323270898,2.82970904224971,0.00770974388867,0.0416195496362948,0.0300205460071762,"SEMA3G/MAP1B/L1CAM/FN1/PLXND1/THY1/RUFY3/SLIT2/SEMA3A/EFNA5/CXCL12/EPHA4/NEFL/SPP1/SPART/MAP2",16,"adjacent_vs_healthy_up","GO_BP"
"GO:0009914","hormone transport","30/936","324/16135",0.0925925925925926,1.59613406141184,2.68991288861246,0.00779459407856799,0.0420330702903518,0.0303188220800439,"VIP/SFRP1/GAL/ECRG4/CHRM3/FGFR1/PTPN11/ITPR1/LTBP4/PIM3/EFNA5/INHBB/AGTR1/AGT/SELENOM/PRKD1/IRS2/C1QTNF3/IRS1/SPP1/ANXA1/ADIPOQ/PDE8B/CPE/CCN3/IL1B/TACR2/GRP/RBP4/CARTPT",30,"adjacent_vs_healthy_up","GO_BP"
"GO:0002313","mature B cell differentiation involved in immune response","6/936","31/16135",0.193548387096774,3.33643507030604,3.23123932452259,0.0079204128428329,0.0423975040410467,0.0305816913392,"NKX2-3/DOCK11/BCL6/GPR183/FCGR2B/LGALS1",6,"adjacent_vs_healthy_up","GO_BP"
"GO:0032232","negative regulation of actin filament bundle assembly","6/936","31/16135",0.193548387096774,3.33643507030604,3.23123932452259,0.0079204128428329,0.0423975040410467,0.0305816913392,"S1PR1/SHANK3/DLC1/MYOC/TMEFF2/PHLDB2",6,"adjacent_vs_healthy_up","GO_BP"
"GO:0035456","response to interferon-beta","6/936","31/16135",0.193548387096774,3.33643507030604,3.23123932452259,0.0079204128428329,0.0423975040410467,0.0305816913392,"XAF1/IFI16/IFITM2/BST2/IFITM3/IFITM1",6,"adjacent_vs_healthy_up","GO_BP"
"GO:0051491","positive regulation of filopodium assembly","6/936","31/16135",0.193548387096774,3.33643507030604,3.23123932452259,0.0079204128428329,0.0423975040410467,0.0305816913392,"CCL21/DPYSL3/RHOQ/GPM6A/DOCK11/DNM3",6,"adjacent_vs_healthy_up","GO_BP"
"GO:0060674","placenta blood vessel development","6/936","31/16135",0.193548387096774,3.33643507030604,3.23123932452259,0.0079204128428329,0.0423975040410467,0.0305816913392,"CCN1/HEY2/JUNB/SOCS3/NR2F2/PKD1",6,"adjacent_vs_healthy_up","GO_BP"
"GO:0061437","renal system vasculature development","6/936","31/16135",0.193548387096774,3.33643507030604,3.23123932452259,0.0079204128428329,0.0423975040410467,0.0305816913392,"EGR1/PECAM1/ANGPT2/TEK/BMP4/ANGPT1",6,"adjacent_vs_healthy_up","GO_BP"
"GO:0061440","kidney vasculature development","6/936","31/16135",0.193548387096774,3.33643507030604,3.23123932452259,0.0079204128428329,0.0423975040410467,0.0305816913392,"EGR1/PECAM1/ANGPT2/TEK/BMP4/ANGPT1",6,"adjacent_vs_healthy_up","GO_BP"
"GO:0010976","positive regulation of neuron projection development","17/936","154/16135",0.11038961038961,1.90292346542347,2.7938994203604,0.00804817159624939,0.0430361830582234,0.0310423761132191,"RGS2/DBN1/P3H1/DDR2/ENC1/ELAVL4/FGFR1/FLNA/TUBB2B/PTN/SERPINI1/DPYSL3/PRKD1/SERPINF1/FYN/NDNF/STMN2",17,"adjacent_vs_healthy_up","GO_BP"
"GO:0099173","postsynapse organization","23/936","231/16135",0.0995670995670996,1.71636234136234,2.72136626506518,0.00811870795031869,0.0433678571434214,0.0312816155384672,"GAP43/MAP1B/ASAP1/DBN1/SHANK3/FGFR1/ENAH/PRICKLE1/PRNP/LRRK2/EPHA4/S1PR2/NEFL/NRXN1/CHRDL1/ACTN1/FYN/CDH2/LILRB2/DNM3/ROR2/NPTX1/FCGR2B",23,"adjacent_vs_healthy_up","GO_BP"
"GO:1903531","negative regulation of secretion by cell","16/936","142/16135",0.112676056338028,1.94233778740821,2.79889916948644,0.00823602180450077,0.0439484472416083,0.031700400265987,"SFRP1/FOXF1/PTPN11/PIM3/INHBB/IRS1/ANXA1/ADIPOQ/FRMD4A/PDE8B/CCN3/IL1B/TACR2/RSAD2/FCGR2B/CARTPT",16,"adjacent_vs_healthy_up","GO_BP"
"GO:0090100","positive regulation of transmembrane receptor protein serine/threonine kinase signaling pathway","13/936","106/16135",0.122641509433962,2.11412473794549,2.85584727637753,0.00828485895439968,0.0441397886352463,0.0318384164905974,"CCN1/TGFBR3/CDH5/SULF1/CDKN1C/ZEB2/ENG/THBS1/BMP4/TGFBR2/TGFB1I1/ITGA8/TWSG1",13,"adjacent_vs_healthy_up","GO_BP"
"GO:0048013","ephrin receptor signaling pathway","11/936","83/16135",0.132530120481928,2.28458706621357,2.91165194569375,0.00828920285006489,0.0441397886352463,0.0318384164905974,"MMP2/DDR2/FGFR1/TEK/PTPN11/EFNA5/EPHA2/EPHA4/FYN/AXL/ROR2",11,"adjacent_vs_healthy_up","GO_BP"
"GO:0002698","negative regulation of immune effector process","15/936","130/16135",0.115384615384615,1.98902859960552,2.80966233975605,0.00835472061326133,0.0444422299010227,0.0320565700269295,"SERPING1/FOXF1/IL33/A2M/TWIST1/ANGPT1/ANXA1/BST2/AXL/HLX/BCL6/FCGR2B/LGALS1/SPINK5/CR2",15,"adjacent_vs_healthy_up","GO_BP"
"GO:0031644","regulation of nervous system process","14/936","118/16135",0.11864406779661,2.04521584818195,2.82785961131359,0.00838076920370566,0.0445343064255308,0.0321229856312389,"TMEM100/TAC1/SHANK3/JAM2/LPIN1/WASF3/QKI/SYNE1/LRRK2/S1PR2/ADRB2/NRXN1/CCN3/CARTPT",14,"adjacent_vs_healthy_up","GO_BP"
"GO:0001659","temperature homeostasis","19/936","180/16135",0.105555555555556,1.8195928300095,2.74402107070922,0.00846080188026507,0.0448660212089811,0.0323622544124932,"EGR1/DYNC1H1/ADAMTS5/CAV1/CEBPB/LPIN1/CXCR4/FABP4/QKI/ID1/CD36/ADRB2/PTGS2/PHOX2B/ADIPOQ/NPR3/IL1B/PLCL1/LCN2",19,"adjacent_vs_healthy_up","GO_BP"
"GO:0006941","striated muscle contraction","19/936","180/16135",0.105555555555556,1.8195928300095,2.74402107070922,0.00846080188026507,0.0448660212089811,0.0323622544124932,"RGS2/NR4A1/CAV1/PLN/FLNA/GSN/CXCR4/STC1/PRKD1/SYNM/CASQ2/KCNJ8/SCN9A/SLC8A1/SGCD/KCNH2/GJC1/RYR3/SMPX",19,"adjacent_vs_healthy_up","GO_BP"
"GO:0061900","glial cell activation","8/936","51/16135",0.156862745098039,2.70403888050947,3.02460731880077,0.00859444973807348,0.045361869709799,0.0327199142829502,"CLU/IL33/ZEB2/LDLR/LRRK2/CALHM2/KCNJ8/IL1B",8,"adjacent_vs_healthy_up","GO_BP"
"GO:0002691","regulation of cellular extravasation","7/936","41/16135",0.170731707317073,2.9431154888472,3.09143405412098,0.00860771742727152,0.045361869709799,0.0327199142829502,"LYVE1/THY1/SELP/JAM3/CCL21/CXCL12/ST3GAL4",7,"adjacent_vs_healthy_up","GO_BP"
"GO:0032094","response to food","7/936","41/16135",0.170731707317073,2.9431154888472,3.09143405412098,0.00860771742727152,0.045361869709799,0.0327199142829502,"FBN1/PLEC/GHR/SCNN1B/NPY/GDF15/CARTPT",7,"adjacent_vs_healthy_up","GO_BP"
"GO:0032728","positive regulation of interferon-beta production","7/936","41/16135",0.170731707317073,2.9431154888472,3.09143405412098,0.00860771742727152,0.045361869709799,0.0327199142829502,"ZBTB20/PTPN11/ISG15/OAS3/OAS2/RIGI/IRF7",7,"adjacent_vs_healthy_up","GO_BP"
"GO:1990776","response to angiotensin","7/936","41/16135",0.170731707317073,2.9431154888472,3.09143405412098,0.00860771742727152,0.045361869709799,0.0327199142829502,"CAV1/DDR2/AGTR1/AGT/PRKD1/PTGS2/COL3A1",7,"adjacent_vs_healthy_up","GO_BP"
"GO:2000403","positive regulation of lymphocyte migration","7/936","41/16135",0.170731707317073,2.9431154888472,3.09143405412098,0.00860771742727152,0.045361869709799,0.0327199142829502,"JAM2/WNK1/CCL21/CXCL12/CCL20/CXCL13/CXCL10",7,"adjacent_vs_healthy_up","GO_BP"
"GO:0051223","regulation of protein transport","37/936","424/16135",0.0872641509433962,1.50428106353814,2.61129007005441,0.0086826819161903,0.0457096560381258,0.0329707756104138,"SFRP1/VEGFC/APOD/P3H1/HYAL2/RUFY3/CHRM3/PTPN11/FLNA/BAG3/GLI3/ITPR1/OR51E2/MYH10/PLK3/PIM3/BMP4/EFNA5/INHBB/PRKD1/IRS2/CD36/C1QTNF3/PTGS2/ANGPT1/IRS1/ADIPOQ/CD81/FRMD4A/PDE8B/CCN3/IL1B/SAA1/RSAD2/RAB23/RBP4/CARTPT",37,"adjacent_vs_healthy_up","GO_BP"
"GO:0044409","symbiont entry into host","15/936","131/16135",0.114503816793893,1.97384517518105,2.7772356828326,0.00894546454149814,0.0470444657414598,0.0339335855509331,"CH25H/CAV1/HYAL2/LDLR/CAV2/SIGLEC1/CXCR4/MYH10/EPHA2/AGTR1/CD81/ITGA5/AXL/LGALS1/CR2",15,"adjacent_vs_healthy_up","GO_BP"
"GO:0007611","learning or memory","26/936","273/16135",0.0952380952380952,1.64173789173789,2.65375898202251,0.0089727518759244,0.0471393232574337,0.0340020071087661,"FOS/CLDN5/PLN/SHANK3/ADCY3/LDLR/TUBA1A/ELAVL4/PTN/SGK1/NRXN3/PRNP/PTGS2/BCHE/ITGA8/SERPINF1/NRXN1/MAP1A/PDE8B/ITGA5/FYN/S100B/LILRB2/ADGRB3/TACR2/BTG2",26,"adjacent_vs_healthy_up","GO_BP"
"GO:0060761","negative regulation of response to cytokine stimulus","11/936","84/16135",0.130952380952381,2.2573896011396,2.86721264397581,0.00905325873567257,0.047202413509712,0.0340475146608102,"SLIT3/CCDC3/PXDN/CAV1/SLIT2/USP18/ISG15/IL6ST/ADIPOQ/OAS3/PARP14",11,"adjacent_vs_healthy_up","GO_BP"
"GO:0034113","heterotypic cell-cell adhesion","9/936","62/16135",0.145161290322581,2.50232630272953,2.9411223166603,0.00910452256145419,0.047202413509712,0.0340475146608102,"THY1/WNK1/JAM3/ITGA7/MYADM/ADIPOQ/ITGA5/IL1B/LILRB2",9,"adjacent_vs_healthy_up","GO_BP"
"GO:0006606","protein import into nucleus","17/936","156/16135",0.108974358974359,1.87852701073855,2.73617621032837,0.00911266785983327,0.047202413509712,0.0340475146608102,"LMNA/APOD/IL33/HYAL2/NFKBIA/RANBP2/FLNA/BAG3/GLI3/PRICKLE1/BMP4/LRRK2/PRKD1/CD36/PTGS2/ANGPT1/RAB23",17,"adjacent_vs_healthy_up","GO_BP"
"GO:0007043","cell-cell junction assembly","17/936","156/16135",0.108974358974359,1.87852701073855,2.73617621032837,0.00911266785983327,0.047202413509712,0.0340475146608102,"CDH5/PECAM1/CLDN5/CAV1/TLN1/GJA4/MPDZ/JAM3/RAMP2/EPHA2/APLNR/AGT/IL1B/CDH2/VCL/GJC1/CLDN8",17,"adjacent_vs_healthy_up","GO_BP"
"GO:0003298","physiological muscle hypertrophy","5/936","23/16135",0.217391304347826,3.74744518766258,3.27204804095356,0.00911430655864369,0.047202413509712,0.0340475146608102,"COL14A1/RGS2/MEIS1/PI16/SORBS2",5,"adjacent_vs_healthy_up","GO_BP"
"GO:0003301","physiological cardiac muscle hypertrophy","5/936","23/16135",0.217391304347826,3.74744518766258,3.27204804095356,0.00911430655864369,0.047202413509712,0.0340475146608102,"COL14A1/RGS2/MEIS1/PI16/SORBS2",5,"adjacent_vs_healthy_up","GO_BP"
"GO:0043567","regulation of insulin-like growth factor receptor signaling pathway","5/936","23/16135",0.217391304347826,3.74744518766258,3.27204804095356,0.00911430655864369,0.047202413509712,0.0340475146608102,"IGFBP6/CILP/PHIP/IGFBP5/IGFBP3",5,"adjacent_vs_healthy_up","GO_BP"
"GO:0061049","cell growth involved in cardiac muscle cell development","5/936","23/16135",0.217391304347826,3.74744518766258,3.27204804095356,0.00911430655864369,0.047202413509712,0.0340475146608102,"COL14A1/RGS2/MEIS1/PI16/SORBS2",5,"adjacent_vs_healthy_up","GO_BP"
"GO:0002468","dendritic cell antigen processing and presentation","4/936","15/16135",0.266666666666667,4.5968660968661,3.45850831609418,0.00917927625355663,0.047202413509712,0.0340475146608102,"THBS1/CCL21/FCGR2B/CCL19",4,"adjacent_vs_healthy_up","GO_BP"
"GO:0003198","epithelial to mesenchymal transition involved in endocardial cushion formation","4/936","15/16135",0.266666666666667,4.5968660968661,3.45850831609418,0.00917927625355663,0.047202413509712,0.0340475146608102,"TMEM100/HEY2/ENG/TGFBR2",4,"adjacent_vs_healthy_up","GO_BP"
"GO:0010819","regulation of T cell chemotaxis","4/936","15/16135",0.266666666666667,4.5968660968661,3.45850831609418,0.00917927625355663,0.047202413509712,0.0340475146608102,"WNK1/CCL21/CXCL13/CXCL10",4,"adjacent_vs_healthy_up","GO_BP"
"GO:0042308","negative regulation of protein import into nucleus","4/936","15/16135",0.266666666666667,4.5968660968661,3.45850831609418,0.00917927625355663,0.047202413509712,0.0340475146608102,"APOD/CD36/ANGPT1/RAB23",4,"adjacent_vs_healthy_up","GO_BP"
"GO:0043031","negative regulation of macrophage activation","4/936","15/16135",0.266666666666667,4.5968660968661,3.45850831609418,0.00917927625355663,0.047202413509712,0.0340475146608102,"ADGRF5/LDLR/LRFN5/FCGR2B",4,"adjacent_vs_healthy_up","GO_BP"
"GO:0046321","positive regulation of fatty acid oxidation","4/936","15/16135",0.266666666666667,4.5968660968661,3.45850831609418,0.00917927625355663,0.047202413509712,0.0340475146608102,"TWIST1/IRS2/IRS1/GDF15",4,"adjacent_vs_healthy_up","GO_BP"
"GO:0060099","regulation of phagocytosis, engulfment","4/936","15/16135",0.266666666666667,4.5968660968661,3.45850831609418,0.00917927625355663,0.047202413509712,0.0340475146608102,"C3/CD36/ANO6/RAB31",4,"adjacent_vs_healthy_up","GO_BP"
"GO:0061307","cardiac neural crest cell differentiation involved in heart development","4/936","15/16135",0.266666666666667,4.5968660968661,3.45850831609418,0.00917927625355663,0.047202413509712,0.0340475146608102,"JAG1/HAND2/BMP4/TWIST1",4,"adjacent_vs_healthy_up","GO_BP"
"GO:0061308","cardiac neural crest cell development involved in heart development","4/936","15/16135",0.266666666666667,4.5968660968661,3.45850831609418,0.00917927625355663,0.047202413509712,0.0340475146608102,"JAG1/HAND2/BMP4/TWIST1",4,"adjacent_vs_healthy_up","GO_BP"
"GO:0072537","fibroblast activation","4/936","15/16135",0.266666666666667,4.5968660968661,3.45850831609418,0.00917927625355663,0.047202413509712,0.0340475146608102,"AKAP12/ZEB2/DDR2/RGCC",4,"adjacent_vs_healthy_up","GO_BP"
"GO:1905153","regulation of membrane invagination","4/936","15/16135",0.266666666666667,4.5968660968661,3.45850831609418,0.00917927625355663,0.047202413509712,0.0340475146608102,"C3/CD36/ANO6/RAB31",4,"adjacent_vs_healthy_up","GO_BP"
"GO:1905906","regulation of amyloid fibril formation","4/936","15/16135",0.266666666666667,4.5968660968661,3.45850831609418,0.00917927625355663,0.047202413509712,0.0340475146608102,"CLU/HSPG2/CRYAB/LDLR",4,"adjacent_vs_healthy_up","GO_BP"
"GO:2001028","positive regulation of endothelial cell chemotaxis","4/936","15/16135",0.266666666666667,4.5968660968661,3.45850831609418,0.00917927625355663,0.047202413509712,0.0340475146608102,"FGFR1/SMOC2/PRKD1/FGF2",4,"adjacent_vs_healthy_up","GO_BP"
"GO:1901889","negative regulation of cell junction assembly","6/936","32/16135",0.1875,3.23217147435897,3.13653826152812,0.00928045978165764,0.0476746200073864,0.034388121347144,"APOD/FAM107A/DLC1/THBS1/IL1B/PHLDB2",6,"adjacent_vs_healthy_up","GO_BP"
"GO:0031110","regulation of microtubule polymerization or depolymerization","12/936","96/16135",0.125,2.15478098290598,2.81609978380333,0.00945777768850386,0.0485365912392907,0.0350098687531197,"CDH5/MAP1B/BMERB1/CDK5RAP2/STMN3/CLIP3/MAP1A/ATXN7/CLIP1/MAP2/HDGFL3/STMN2",12,"adjacent_vs_healthy_up","GO_BP"
"GO:0008016","regulation of heart contraction","20/936","195/16135",0.102564102564103,1.76802542187158,2.67762766134885,0.00954256124380996,0.048922426658406,0.0352881752233235,"HEY2/RGS2/CAV1/PLN/HBEGF/FLNA/FXYD1/STC1/TRPC1/AGT/TBX2/DES/CASQ2/ADM/CACNA1H/KCNJ8/SLC8A1/KCNH2/GJC1/POPDC2",20,"adjacent_vs_healthy_up","GO_BP"
"GO:0071902","positive regulation of protein serine/threonine kinase activity","13/936","108/16135",0.12037037037037,2.07497427983539,2.78153978263266,0.00964674954314353,0.0493475675290988,0.0355948330603183,"TCIM/SASH1/FGFR1/THBS1/RGCC/LRRK2/GHR/CCND1/ADIPOQ/PROX1/IL1B/FGF2/CCL19",13,"adjacent_vs_healthy_up","GO_BP"
"GO:0050819","negative regulation of coagulation","8/936","52/16135",0.153846153846154,2.65203813280736,2.96100848315284,0.00965453783879739,0.0493475675290988,0.0355948330603183,"THBD/SERPING1/TFPI/SERPINE1/PLAT/THBS1/SERPINE2/PROS1",8,"adjacent_vs_healthy_up","GO_BP"
"GO:0060324","face development","8/936","52/16135",0.153846153846154,2.65203813280736,2.96100848315284,0.00965453783879739,0.0493475675290988,0.0355948330603183,"MMP2/CLDN5/CSRNP1/SKI/PTPN11/PRICKLE1/ARID5B/COL1A1",8,"adjacent_vs_healthy_up","GO_BP"
