"analysis_set","comparison","direction","evidence_tier","analysis_type","database","ontology","ID","Description","GeneRatio","BgRatio","p_value","adjusted_p_value","q_value","gene_ids","gene_count","enrichment_score","normalized_enrichment_score","set_size","redundancy_pruned","interpretation","analysis_provenance"
"adjacent_vs_healthy_u1","adjacent_vs_healthy_u1","ranked","full_rank_covariate_adjusted","ranked_GSEA","GO","Biological Process","GO:0033108","mitochondrial respiratory chain complex assembly",NA,NA,1e-10,6.50631578947369e-09,4.51412742382272e-09,NA,NA,-0.703540252447702,-2.98343673687862,113,FALSE,"association-level pathway result; not causal or cell-intrinsic evidence","raw_cel_rma_tier_specific_enrichment"
"adjacent_vs_healthy_u1","adjacent_vs_healthy_u1","ranked","full_rank_covariate_adjusted","ranked_GSEA","GO","Biological Process","GO:0030198","extracellular matrix organization",NA,NA,1e-10,6.50631578947369e-09,4.51412742382272e-09,NA,NA,0.545627913651816,2.81894825391975,315,FALSE,"association-level pathway result; not causal or cell-intrinsic evidence","raw_cel_rma_tier_specific_enrichment"
"adjacent_vs_healthy_u1","adjacent_vs_healthy_u1","ranked","full_rank_covariate_adjusted","ranked_GSEA","GO","Biological Process","GO:0043062","extracellular structure organization",NA,NA,1e-10,6.50631578947369e-09,4.51412742382272e-09,NA,NA,0.545265619087693,2.81252325950299,316,FALSE,"association-level pathway result; not causal or cell-intrinsic evidence","raw_cel_rma_tier_specific_enrichment"
"adjacent_vs_healthy_u1","adjacent_vs_healthy_u1","ranked","full_rank_covariate_adjusted","ranked_GSEA","GO","Biological Process","GO:0045229","external encapsulating structure organization",NA,NA,1e-10,6.50631578947369e-09,4.51412742382272e-09,NA,NA,0.543715414061187,2.8052149890104,317,FALSE,"association-level pathway result; not causal or cell-intrinsic evidence","raw_cel_rma_tier_specific_enrichment"
"adjacent_vs_healthy_u1","adjacent_vs_healthy_u1","ranked","full_rank_covariate_adjusted","ranked_GSEA","GO","Biological Process","GO:0030199","collagen fibril organization",NA,NA,1e-10,6.50631578947369e-09,4.51412742382272e-09,NA,NA,0.66180299323182,2.76649645331886,67,FALSE,"association-level pathway result; not causal or cell-intrinsic evidence","raw_cel_rma_tier_specific_enrichment"
"adjacent_vs_healthy_u1","adjacent_vs_healthy_u1","ranked","full_rank_covariate_adjusted","ranked_GSEA","GO","Biological Process","GO:0010257","NADH dehydrogenase complex assembly",NA,NA,1e-10,6.50631578947369e-09,4.51412742382272e-09,NA,NA,-0.713763030909859,-2.69092835397515,58,FALSE,"association-level pathway result; not causal or cell-intrinsic evidence","raw_cel_rma_tier_specific_enrichment"
"adjacent_vs_healthy_u1","adjacent_vs_healthy_u1","ranked","full_rank_covariate_adjusted","ranked_GSEA","GO","Biological Process","GO:0032981","mitochondrial respiratory chain complex I assembly",NA,NA,1e-10,6.50631578947369e-09,4.51412742382272e-09,NA,NA,-0.713763030909859,-2.69092835397515,58,FALSE,"association-level pathway result; not causal or cell-intrinsic evidence","raw_cel_rma_tier_specific_enrichment"
"adjacent_vs_healthy_u1","adjacent_vs_healthy_u1","ranked","full_rank_covariate_adjusted","ranked_GSEA","GO","Biological Process","GO:0006119","oxidative phosphorylation",NA,NA,1e-10,6.50631578947369e-09,4.51412742382272e-09,NA,NA,-0.617251755386164,-2.66800160390198,132,FALSE,"association-level pathway result; not causal or cell-intrinsic evidence","raw_cel_rma_tier_specific_enrichment"
"adjacent_vs_healthy_u1","adjacent_vs_healthy_u1","ranked","full_rank_covariate_adjusted","ranked_GSEA","GO","Biological Process","GO:0009060","aerobic respiration",NA,NA,1e-10,6.50631578947369e-09,4.51412742382272e-09,NA,NA,-0.584127150416367,-2.66329862024205,180,FALSE,"association-level pathway result; not causal or cell-intrinsic evidence","raw_cel_rma_tier_specific_enrichment"
"adjacent_vs_healthy_u1","adjacent_vs_healthy_u1","ranked","full_rank_covariate_adjusted","ranked_GSEA","GO","Biological Process","GO:0042773","ATP synthesis coupled electron transport",NA,NA,1e-10,6.50631578947369e-09,4.51412742382272e-09,NA,NA,-0.647036145160125,-2.63848342758937,86,FALSE,"association-level pathway result; not causal or cell-intrinsic evidence","raw_cel_rma_tier_specific_enrichment"
"adjacent_vs_healthy_u1","adjacent_vs_healthy_u1","ranked","full_rank_covariate_adjusted","ranked_GSEA","GO","Biological Process","GO:0042775","mitochondrial ATP synthesis coupled electron transport",NA,NA,1e-10,6.50631578947369e-09,4.51412742382272e-09,NA,NA,-0.647036145160125,-2.63848342758937,86,FALSE,"association-level pathway result; not causal or cell-intrinsic evidence","raw_cel_rma_tier_specific_enrichment"
"adjacent_vs_healthy_u1","adjacent_vs_healthy_u1","ranked","full_rank_covariate_adjusted","ranked_GSEA","GO","Biological Process","GO:0060840","artery development",NA,NA,1e-10,6.50631578947369e-09,4.51412742382272e-09,NA,NA,0.588335752778347,2.63058219230344,107,FALSE,"association-level pathway result; not causal or cell-intrinsic evidence","raw_cel_rma_tier_specific_enrichment"
"adjacent_vs_healthy_u1","adjacent_vs_healthy_u1","ranked","full_rank_covariate_adjusted","ranked_GSEA","GO","Biological Process","GO:0015986","proton motive force-driven ATP synthesis",NA,NA,1e-10,6.50631578947369e-09,4.51412742382272e-09,NA,NA,-0.671397591501009,-2.61734910002084,68,FALSE,"association-level pathway result; not causal or cell-intrinsic evidence","raw_cel_rma_tier_specific_enrichment"
"adjacent_vs_healthy_u1","adjacent_vs_healthy_u1","ranked","full_rank_covariate_adjusted","ranked_GSEA","GO","Biological Process","GO:0002040","sprouting angiogenesis",NA,NA,1e-10,6.50631578947369e-09,4.51412742382272e-09,NA,NA,0.566535208667688,2.59963129047529,129,FALSE,"association-level pathway result; not causal or cell-intrinsic evidence","raw_cel_rma_tier_specific_enrichment"
"adjacent_vs_healthy_u1","adjacent_vs_healthy_u1","ranked","full_rank_covariate_adjusted","ranked_GSEA","GO","Biological Process","GO:0022904","respiratory electron transport chain",NA,NA,1e-10,6.50631578947369e-09,4.51412742382272e-09,NA,NA,-0.620629402011765,-2.58768297144928,101,FALSE,"association-level pathway result; not causal or cell-intrinsic evidence","raw_cel_rma_tier_specific_enrichment"
"adjacent_vs_healthy_u1","adjacent_vs_healthy_u1","ranked","full_rank_covariate_adjusted","ranked_GSEA","GO","Biological Process","GO:0022900","electron transport chain",NA,NA,1e-10,6.50631578947369e-09,4.51412742382272e-09,NA,NA,-0.613432436526282,-2.58702553779192,110,FALSE,"association-level pathway result; not causal or cell-intrinsic evidence","raw_cel_rma_tier_specific_enrichment"
"adjacent_vs_healthy_u1","adjacent_vs_healthy_u1","ranked","full_rank_covariate_adjusted","ranked_GSEA","GO","Biological Process","GO:0019646","aerobic electron transport chain",NA,NA,1e-10,6.50631578947369e-09,4.51412742382272e-09,NA,NA,-0.641737547091749,-2.58347697051113,78,FALSE,"association-level pathway result; not causal or cell-intrinsic evidence","raw_cel_rma_tier_specific_enrichment"
"adjacent_vs_healthy_u1","adjacent_vs_healthy_u1","ranked","full_rank_covariate_adjusted","ranked_GSEA","GO","Biological Process","GO:0042776","proton motive force-driven mitochondrial ATP synthesis",NA,NA,1e-10,6.50631578947369e-09,4.51412742382272e-09,NA,NA,-0.678846367670091,-2.57037157415175,59,FALSE,"association-level pathway result; not causal or cell-intrinsic evidence","raw_cel_rma_tier_specific_enrichment"
"adjacent_vs_healthy_u1","adjacent_vs_healthy_u1","ranked","full_rank_covariate_adjusted","ranked_GSEA","GO","Biological Process","GO:0045333","cellular respiration",NA,NA,1e-10,6.50631578947369e-09,4.51412742382272e-09,NA,NA,-0.545575003119445,-2.55930412921478,221,FALSE,"association-level pathway result; not causal or cell-intrinsic evidence","raw_cel_rma_tier_specific_enrichment"
"adjacent_vs_healthy_u1","adjacent_vs_healthy_u1","ranked","full_rank_covariate_adjusted","ranked_GSEA","GO","Biological Process","GO:0006754","ATP biosynthetic process",NA,NA,1e-10,6.50631578947369e-09,4.51412742382272e-09,NA,NA,-0.626429480370234,-2.55568193635665,90,FALSE,"association-level pathway result; not causal or cell-intrinsic evidence","raw_cel_rma_tier_specific_enrichment"
"adjacent_vs_healthy_u1","adjacent_vs_healthy_u1","ranked","full_rank_covariate_adjusted","ranked_GSEA","GO","Biological Process","GO:0150115","cell-substrate junction organization",NA,NA,1e-10,6.50631578947369e-09,4.51412742382272e-09,NA,NA,0.572968998889448,2.54143266842152,99,FALSE,"association-level pathway result; not causal or cell-intrinsic evidence","raw_cel_rma_tier_specific_enrichment"
"adjacent_vs_healthy_u1","adjacent_vs_healthy_u1","ranked","full_rank_covariate_adjusted","ranked_GSEA","GO","Biological Process","GO:0031589","cell-substrate adhesion",NA,NA,1e-10,6.50631578947369e-09,4.51412742382272e-09,NA,NA,0.482708301058998,2.5238697545088,342,FALSE,"association-level pathway result; not causal or cell-intrinsic evidence","raw_cel_rma_tier_specific_enrichment"
"adjacent_vs_healthy_u1","adjacent_vs_healthy_u1","ranked","full_rank_covariate_adjusted","ranked_GSEA","GO","Biological Process","GO:0043542","endothelial cell migration",NA,NA,1e-10,6.50631578947369e-09,4.51412742382272e-09,NA,NA,0.508043463961494,2.51151418683617,220,FALSE,"association-level pathway result; not causal or cell-intrinsic evidence","raw_cel_rma_tier_specific_enrichment"
"adjacent_vs_healthy_u1","adjacent_vs_healthy_u1","ranked","full_rank_covariate_adjusted","ranked_GSEA","GO","Biological Process","GO:0009145","purine nucleoside triphosphate biosynthetic process",NA,NA,1e-10,6.50631578947369e-09,4.51412742382272e-09,NA,NA,-0.606264632747442,-2.50957883154719,99,FALSE,"association-level pathway result; not causal or cell-intrinsic evidence","raw_cel_rma_tier_specific_enrichment"
"adjacent_vs_healthy_u1","adjacent_vs_healthy_u1","ranked","full_rank_covariate_adjusted","ranked_GSEA","GO","Biological Process","GO:0090287","regulation of cellular response to growth factor stimulus",NA,NA,1e-10,6.50631578947369e-09,4.51412742382272e-09,NA,NA,0.484755003580783,2.50429289698002,314,FALSE,"association-level pathway result; not causal or cell-intrinsic evidence","raw_cel_rma_tier_specific_enrichment"
"adjacent_vs_healthy_u1","adjacent_vs_healthy_u1","ranked","full_rank_covariate_adjusted","ranked_GSEA","GO","Biological Process","GO:0007044","cell-substrate junction assembly",NA,NA,1e-10,6.50631578947369e-09,4.51412742382272e-09,NA,NA,0.570700795963633,2.49997673727512,92,FALSE,"association-level pathway result; not causal or cell-intrinsic evidence","raw_cel_rma_tier_specific_enrichment"
"adjacent_vs_healthy_u1","adjacent_vs_healthy_u1","ranked","full_rank_covariate_adjusted","ranked_GSEA","GO","Biological Process","GO:0007160","cell-matrix adhesion",NA,NA,1e-10,6.50631578947369e-09,4.51412742382272e-09,NA,NA,0.501002686851104,2.49728985575542,225,FALSE,"association-level pathway result; not causal or cell-intrinsic evidence","raw_cel_rma_tier_specific_enrichment"
"adjacent_vs_healthy_u1","adjacent_vs_healthy_u1","ranked","full_rank_covariate_adjusted","ranked_GSEA","GO","Biological Process","GO:0009206","purine ribonucleoside triphosphate biosynthetic process",NA,NA,1e-10,6.50631578947369e-09,4.51412742382272e-09,NA,NA,-0.603813813839737,-2.49504692946141,98,FALSE,"association-level pathway result; not causal or cell-intrinsic evidence","raw_cel_rma_tier_specific_enrichment"
"adjacent_vs_healthy_u1","adjacent_vs_healthy_u1","ranked","full_rank_covariate_adjusted","ranked_GSEA","GO","Biological Process","GO:0010810","regulation of cell-substrate adhesion",NA,NA,1e-10,6.50631578947369e-09,4.51412742382272e-09,NA,NA,0.500301453125247,2.47084885162505,213,FALSE,"association-level pathway result; not causal or cell-intrinsic evidence","raw_cel_rma_tier_specific_enrichment"
"adjacent_vs_healthy_u1","adjacent_vs_healthy_u1","ranked","full_rank_covariate_adjusted","ranked_GSEA","GO","Biological Process","GO:0090288","negative regulation of cellular response to growth factor stimulus",NA,NA,1e-10,6.50631578947369e-09,4.51412742382272e-09,NA,NA,0.555904129570928,2.46354973794694,102,FALSE,"association-level pathway result; not causal or cell-intrinsic evidence","raw_cel_rma_tier_specific_enrichment"
"adjacent_vs_healthy_u1","adjacent_vs_healthy_u1","ranked","full_rank_covariate_adjusted","ranked_GSEA","GO","Biological Process","GO:0006635","fatty acid beta-oxidation",NA,NA,1e-10,6.50631578947369e-09,4.51412742382272e-09,NA,NA,-0.62541352374655,-2.46138691887571,70,FALSE,"association-level pathway result; not causal or cell-intrinsic evidence","raw_cel_rma_tier_specific_enrichment"
"adjacent_vs_healthy_u1","adjacent_vs_healthy_u1","ranked","full_rank_covariate_adjusted","ranked_GSEA","GO","Biological Process","GO:0009142","nucleoside triphosphate biosynthetic process",NA,NA,1e-10,6.50631578947369e-09,4.51412742382272e-09,NA,NA,-0.577752459583971,-2.44102195141983,111,FALSE,"association-level pathway result; not causal or cell-intrinsic evidence","raw_cel_rma_tier_specific_enrichment"
"adjacent_vs_healthy_u1","adjacent_vs_healthy_u1","ranked","full_rank_covariate_adjusted","ranked_GSEA","GO","Biological Process","GO:0045446","endothelial cell differentiation",NA,NA,1e-10,6.50631578947369e-09,4.51412742382272e-09,NA,NA,0.543657355028076,2.4397922501934,112,FALSE,"association-level pathway result; not causal or cell-intrinsic evidence","raw_cel_rma_tier_specific_enrichment"
"adjacent_vs_healthy_u1","adjacent_vs_healthy_u1","ranked","full_rank_covariate_adjusted","ranked_GSEA","GO","Biological Process","GO:0032543","mitochondrial translation",NA,NA,1e-10,6.50631578947369e-09,4.51412742382272e-09,NA,NA,-0.565332742092597,-2.43418835117971,126,FALSE,"association-level pathway result; not causal or cell-intrinsic evidence","raw_cel_rma_tier_specific_enrichment"
"adjacent_vs_healthy_u1","adjacent_vs_healthy_u1","ranked","full_rank_covariate_adjusted","ranked_GSEA","GO","Biological Process","GO:1901342","regulation of vasculature development",NA,NA,1e-10,6.50631578947369e-09,4.51412742382272e-09,NA,NA,0.472732970783642,2.42487264136999,294,FALSE,"association-level pathway result; not causal or cell-intrinsic evidence","raw_cel_rma_tier_specific_enrichment"
"adjacent_vs_healthy_u1","adjacent_vs_healthy_u1","ranked","full_rank_covariate_adjusted","ranked_GSEA","GO","Biological Process","GO:0009201","ribonucleoside triphosphate biosynthetic process",NA,NA,1e-10,6.50631578947369e-09,4.51412742382272e-09,NA,NA,-0.582098830399376,-2.42338634093172,103,FALSE,"association-level pathway result; not causal or cell-intrinsic evidence","raw_cel_rma_tier_specific_enrichment"
"adjacent_vs_healthy_u1","adjacent_vs_healthy_u1","ranked","full_rank_covariate_adjusted","ranked_GSEA","GO","Biological Process","GO:0045765","regulation of angiogenesis",NA,NA,1e-10,6.50631578947369e-09,4.51412742382272e-09,NA,NA,0.474568378472019,2.4233201392953,288,FALSE,"association-level pathway result; not causal or cell-intrinsic evidence","raw_cel_rma_tier_specific_enrichment"
"adjacent_vs_healthy_u1","adjacent_vs_healthy_u1","ranked","full_rank_covariate_adjusted","ranked_GSEA","GO","Biological Process","GO:0007178","cell surface receptor protein serine/threonine kinase signaling pathway",NA,NA,1e-10,6.50631578947369e-09,4.51412742382272e-09,NA,NA,0.460444358428115,2.41490943637597,355,FALSE,"association-level pathway result; not causal or cell-intrinsic evidence","raw_cel_rma_tier_specific_enrichment"
"adjacent_vs_healthy_u1","adjacent_vs_healthy_u1","ranked","full_rank_covariate_adjusted","ranked_GSEA","GO","Biological Process","GO:0141091","transforming growth factor beta receptor superfamily signaling pathway",NA,NA,1e-10,6.50631578947369e-09,4.51412742382272e-09,NA,NA,0.458763647197005,2.39307067505605,335,FALSE,"association-level pathway result; not causal or cell-intrinsic evidence","raw_cel_rma_tier_specific_enrichment"
"adjacent_vs_healthy_u1","adjacent_vs_healthy_u1","ranked","full_rank_covariate_adjusted","ranked_GSEA","GO","Biological Process","GO:0030336","negative regulation of cell migration",NA,NA,1e-10,6.50631578947369e-09,4.51412742382272e-09,NA,NA,0.465644124114113,2.38240273129794,287,FALSE,"association-level pathway result; not causal or cell-intrinsic evidence","raw_cel_rma_tier_specific_enrichment"
"adjacent_vs_healthy_u1","adjacent_vs_healthy_u1","ranked","full_rank_covariate_adjusted","ranked_GSEA","GO","Biological Process","GO:0071559","response to transforming growth factor beta",NA,NA,1e-10,6.50631578947369e-09,4.51412742382272e-09,NA,NA,0.464781216266527,2.36625966948158,263,FALSE,"association-level pathway result; not causal or cell-intrinsic evidence","raw_cel_rma_tier_specific_enrichment"
"adjacent_vs_healthy_u1","adjacent_vs_healthy_u1","ranked","full_rank_covariate_adjusted","ranked_GSEA","GO","Biological Process","GO:0090092","regulation of transmembrane receptor protein serine/threonine kinase signaling pathway",NA,NA,1e-10,6.50631578947369e-09,4.51412742382272e-09,NA,NA,0.463063102366524,2.36000803650648,265,FALSE,"association-level pathway result; not causal or cell-intrinsic evidence","raw_cel_rma_tier_specific_enrichment"
"adjacent_vs_healthy_u1","adjacent_vs_healthy_u1","ranked","full_rank_covariate_adjusted","ranked_GSEA","GO","Biological Process","GO:0045667","regulation of osteoblast differentiation",NA,NA,1e-10,6.50631578947369e-09,4.51412742382272e-09,NA,NA,0.514347305164889,2.35737455997683,128,FALSE,"association-level pathway result; not causal or cell-intrinsic evidence","raw_cel_rma_tier_specific_enrichment"
"adjacent_vs_healthy_u1","adjacent_vs_healthy_u1","ranked","full_rank_covariate_adjusted","ranked_GSEA","GO","Biological Process","GO:0033002","muscle cell proliferation",NA,NA,1e-10,6.50631578947369e-09,4.51412742382272e-09,NA,NA,0.480714029307281,2.35653477982765,201,FALSE,"association-level pathway result; not causal or cell-intrinsic evidence","raw_cel_rma_tier_specific_enrichment"
"adjacent_vs_healthy_u1","adjacent_vs_healthy_u1","ranked","full_rank_covariate_adjusted","ranked_GSEA","GO","Biological Process","GO:0001503","ossification",NA,NA,1e-10,6.50631578947369e-09,4.51412742382272e-09,NA,NA,0.442564605874898,2.35544873145611,418,FALSE,"association-level pathway result; not causal or cell-intrinsic evidence","raw_cel_rma_tier_specific_enrichment"
"adjacent_vs_healthy_u1","adjacent_vs_healthy_u1","ranked","full_rank_covariate_adjusted","ranked_GSEA","GO","Biological Process","GO:0009062","fatty acid catabolic process",NA,NA,1e-10,6.50631578947369e-09,4.51412742382272e-09,NA,NA,-0.567249527045344,-2.35250504870685,100,FALSE,"association-level pathway result; not causal or cell-intrinsic evidence","raw_cel_rma_tier_specific_enrichment"
"adjacent_vs_healthy_u1","adjacent_vs_healthy_u1","ranked","full_rank_covariate_adjusted","ranked_GSEA","GO","Biological Process","GO:0072329","monocarboxylic acid catabolic process",NA,NA,1e-10,6.50631578947369e-09,4.51412742382272e-09,NA,NA,-0.550713936787924,-2.34731994386635,118,FALSE,"association-level pathway result; not causal or cell-intrinsic evidence","raw_cel_rma_tier_specific_enrichment"
"adjacent_vs_healthy_u1","adjacent_vs_healthy_u1","ranked","full_rank_covariate_adjusted","ranked_GSEA","GO","Biological Process","GO:0071560","cellular response to transforming growth factor beta stimulus",NA,NA,1e-10,6.50631578947369e-09,4.51412742382272e-09,NA,NA,0.463409781180911,2.34672540517876,256,FALSE,"association-level pathway result; not causal or cell-intrinsic evidence","raw_cel_rma_tier_specific_enrichment"
"adjacent_vs_healthy_u1","adjacent_vs_healthy_u1","ranked","full_rank_covariate_adjusted","ranked_GSEA","GO","Biological Process","GO:0051216","cartilage development",NA,NA,1e-10,6.50631578947369e-09,4.51412742382272e-09,NA,NA,0.476550974895044,2.34225413335882,203,FALSE,"association-level pathway result; not causal or cell-intrinsic evidence","raw_cel_rma_tier_specific_enrichment"
"adjacent_vs_healthy_u1","adjacent_vs_healthy_u1","ranked","full_rank_covariate_adjusted","ranked_GSEA","GO","Biological Process","GO:1904018","positive regulation of vasculature development",NA,NA,1e-10,6.50631578947369e-09,4.51412742382272e-09,NA,NA,0.492550722664563,2.34176521887863,166,FALSE,"association-level pathway result; not causal or cell-intrinsic evidence","raw_cel_rma_tier_specific_enrichment"
"adjacent_vs_healthy_u1","adjacent_vs_healthy_u1","ranked","full_rank_covariate_adjusted","ranked_GSEA","GO","Biological Process","GO:0019395","fatty acid oxidation",NA,NA,1e-10,6.50631578947369e-09,4.51412742382272e-09,NA,NA,-0.562319525338959,-2.34104139328142,103,FALSE,"association-level pathway result; not causal or cell-intrinsic evidence","raw_cel_rma_tier_specific_enrichment"
"adjacent_vs_healthy_u1","adjacent_vs_healthy_u1","ranked","full_rank_covariate_adjusted","ranked_GSEA","GO","Biological Process","GO:2000146","negative regulation of cell motility",NA,NA,1e-10,6.50631578947369e-09,4.51412742382272e-09,NA,NA,0.456177141387069,2.33361104501953,301,FALSE,"association-level pathway result; not causal or cell-intrinsic evidence","raw_cel_rma_tier_specific_enrichment"
"adjacent_vs_healthy_u1","adjacent_vs_healthy_u1","ranked","full_rank_covariate_adjusted","ranked_GSEA","GO","Biological Process","GO:0045766","positive regulation of angiogenesis",NA,NA,1e-10,6.50631578947369e-09,4.51412742382272e-09,NA,NA,0.491006726543338,2.33200649698174,163,FALSE,"association-level pathway result; not causal or cell-intrinsic evidence","raw_cel_rma_tier_specific_enrichment"
"adjacent_vs_healthy_u1","adjacent_vs_healthy_u1","ranked","full_rank_covariate_adjusted","ranked_GSEA","GO","Biological Process","GO:0007005","mitochondrion organization",NA,NA,1e-10,6.50631578947369e-09,4.51412742382272e-09,NA,NA,-0.464989460747878,-2.33139787687488,418,FALSE,"association-level pathway result; not causal or cell-intrinsic evidence","raw_cel_rma_tier_specific_enrichment"
"adjacent_vs_healthy_u1","adjacent_vs_healthy_u1","ranked","full_rank_covariate_adjusted","ranked_GSEA","GO","Biological Process","GO:0140053","mitochondrial gene expression",NA,NA,1e-10,6.50631578947369e-09,4.51412742382272e-09,NA,NA,-0.514484772478735,-2.32121584379969,168,FALSE,"association-level pathway result; not causal or cell-intrinsic evidence","raw_cel_rma_tier_specific_enrichment"
"adjacent_vs_healthy_u1","adjacent_vs_healthy_u1","ranked","full_rank_covariate_adjusted","ranked_GSEA","GO","Biological Process","GO:0003007","heart morphogenesis",NA,NA,1e-10,6.50631578947369e-09,4.51412742382272e-09,NA,NA,0.456966524750011,2.31549122671735,260,FALSE,"association-level pathway result; not causal or cell-intrinsic evidence","raw_cel_rma_tier_specific_enrichment"
"adjacent_vs_healthy_u1","adjacent_vs_healthy_u1","ranked","full_rank_covariate_adjusted","ranked_GSEA","GO","Biological Process","GO:0001649","osteoblast differentiation",NA,NA,1e-10,6.50631578947369e-09,4.51412742382272e-09,NA,NA,0.460865354519566,2.30750093332646,228,FALSE,"association-level pathway result; not causal or cell-intrinsic evidence","raw_cel_rma_tier_specific_enrichment"
"adjacent_vs_healthy_u1","adjacent_vs_healthy_u1","ranked","full_rank_covariate_adjusted","ranked_GSEA","GO","Biological Process","GO:0060485","mesenchyme development",NA,NA,1e-10,6.50631578947369e-09,4.51412742382272e-09,NA,NA,0.449035275915469,2.30450490493335,305,FALSE,"association-level pathway result; not causal or cell-intrinsic evidence","raw_cel_rma_tier_specific_enrichment"
"adjacent_vs_healthy_u1","adjacent_vs_healthy_u1","ranked","full_rank_covariate_adjusted","ranked_GSEA","GO","Biological Process","GO:0001837","epithelial to mesenchymal transition",NA,NA,1e-10,6.50631578947369e-09,4.51412742382272e-09,NA,NA,0.48273658669336,2.30201795717142,167,FALSE,"association-level pathway result; not causal or cell-intrinsic evidence","raw_cel_rma_tier_specific_enrichment"
"adjacent_vs_healthy_u1","adjacent_vs_healthy_u1","ranked","full_rank_covariate_adjusted","ranked_GSEA","GO","Biological Process","GO:0040013","negative regulation of locomotion",NA,NA,1e-10,6.50631578947369e-09,4.51412742382272e-09,NA,NA,0.44139082080015,2.2777240111192,318,FALSE,"association-level pathway result; not causal or cell-intrinsic evidence","raw_cel_rma_tier_specific_enrichment"
"adjacent_vs_healthy_u1","adjacent_vs_healthy_u1","ranked","full_rank_covariate_adjusted","ranked_GSEA","GO","Biological Process","GO:0007179","transforming growth factor beta receptor signaling pathway",NA,NA,1e-10,6.50631578947369e-09,4.51412742382272e-09,NA,NA,0.462572233908658,2.27633920892578,204,FALSE,"association-level pathway result; not causal or cell-intrinsic evidence","raw_cel_rma_tier_specific_enrichment"
"adjacent_vs_healthy_u1","adjacent_vs_healthy_u1","ranked","full_rank_covariate_adjusted","ranked_GSEA","GO","Biological Process","GO:0015980","energy derivation by oxidation of organic compounds",NA,NA,1e-10,6.50631578947369e-09,4.51412742382272e-09,NA,NA,-0.466169445937387,-2.2711090990364,320,FALSE,"association-level pathway result; not causal or cell-intrinsic evidence","raw_cel_rma_tier_specific_enrichment"
"adjacent_vs_healthy_u1","adjacent_vs_healthy_u1","ranked","full_rank_covariate_adjusted","ranked_GSEA","GO","Biological Process","GO:0071772","response to BMP",NA,NA,1e-10,6.50631578947369e-09,4.51412742382272e-09,NA,NA,0.47635344312842,2.26475746289971,166,FALSE,"association-level pathway result; not causal or cell-intrinsic evidence","raw_cel_rma_tier_specific_enrichment"
"adjacent_vs_healthy_u1","adjacent_vs_healthy_u1","ranked","full_rank_covariate_adjusted","ranked_GSEA","GO","Biological Process","GO:0071773","cellular response to BMP stimulus",NA,NA,1e-10,6.50631578947369e-09,4.51412742382272e-09,NA,NA,0.47635344312842,2.26475746289971,166,FALSE,"association-level pathway result; not causal or cell-intrinsic evidence","raw_cel_rma_tier_specific_enrichment"
"adjacent_vs_healthy_u1","adjacent_vs_healthy_u1","ranked","full_rank_covariate_adjusted","ranked_GSEA","GO","Biological Process","GO:0003205","cardiac chamber development",NA,NA,1e-10,6.50631578947369e-09,4.51412742382272e-09,NA,NA,0.473006728094711,2.2586830112023,169,FALSE,"association-level pathway result; not causal or cell-intrinsic evidence","raw_cel_rma_tier_specific_enrichment"
"adjacent_vs_healthy_u1","adjacent_vs_healthy_u1","ranked","full_rank_covariate_adjusted","ranked_GSEA","GO","Biological Process","GO:0048762","mesenchymal cell differentiation",NA,NA,1e-10,6.50631578947369e-09,4.51412742382272e-09,NA,NA,0.443668639172899,2.24773822881393,248,FALSE,"association-level pathway result; not causal or cell-intrinsic evidence","raw_cel_rma_tier_specific_enrichment"
"adjacent_vs_healthy_u1","adjacent_vs_healthy_u1","ranked","full_rank_covariate_adjusted","ranked_GSEA","GO","Biological Process","GO:0016054","organic acid catabolic process",NA,NA,1e-10,6.50631578947369e-09,4.51412742382272e-09,NA,NA,-0.475742044708651,-2.23658360046222,231,FALSE,"association-level pathway result; not causal or cell-intrinsic evidence","raw_cel_rma_tier_specific_enrichment"
"adjacent_vs_healthy_u1","adjacent_vs_healthy_u1","ranked","full_rank_covariate_adjusted","ranked_GSEA","GO","Biological Process","GO:0046395","carboxylic acid catabolic process",NA,NA,1e-10,6.50631578947369e-09,4.51412742382272e-09,NA,NA,-0.475742044708651,-2.23658360046222,231,FALSE,"association-level pathway result; not causal or cell-intrinsic evidence","raw_cel_rma_tier_specific_enrichment"
"adjacent_vs_healthy_u1","adjacent_vs_healthy_u1","ranked","full_rank_covariate_adjusted","ranked_GSEA","GO","Biological Process","GO:0046390","ribose phosphate biosynthetic process",NA,NA,1e-10,6.50631578947369e-09,4.51412742382272e-09,NA,NA,-0.49296111206229,-2.21371028252976,165,FALSE,"association-level pathway result; not causal or cell-intrinsic evidence","raw_cel_rma_tier_specific_enrichment"
"adjacent_vs_healthy_u1","adjacent_vs_healthy_u1","ranked","full_rank_covariate_adjusted","ranked_GSEA","GO","Biological Process","GO:0007369","gastrulation",NA,NA,1e-10,6.50631578947369e-09,4.51412742382272e-09,NA,NA,0.456892635593844,2.20903688372295,189,FALSE,"association-level pathway result; not causal or cell-intrinsic evidence","raw_cel_rma_tier_specific_enrichment"
"adjacent_vs_healthy_u1","adjacent_vs_healthy_u1","ranked","full_rank_covariate_adjusted","ranked_GSEA","GO","Biological Process","GO:1902600","proton transmembrane transport",NA,NA,1e-10,6.50631578947369e-09,4.51412742382272e-09,NA,NA,-0.483225002284623,-2.18549088235126,171,FALSE,"association-level pathway result; not causal or cell-intrinsic evidence","raw_cel_rma_tier_specific_enrichment"
"adjacent_vs_healthy_u1","adjacent_vs_healthy_u1","ranked","full_rank_covariate_adjusted","ranked_GSEA","GO","Biological Process","GO:1901888","regulation of cell junction assembly",NA,NA,1e-10,6.50631578947369e-09,4.51412742382272e-09,NA,NA,0.42723403674322,2.16708933709889,261,FALSE,"association-level pathway result; not causal or cell-intrinsic evidence","raw_cel_rma_tier_specific_enrichment"
"adjacent_vs_healthy_u1","adjacent_vs_healthy_u1","ranked","full_rank_covariate_adjusted","ranked_GSEA","GO","Biological Process","GO:0061448","connective tissue development",NA,NA,1e-10,6.50631578947369e-09,4.51412742382272e-09,NA,NA,0.421251550186531,2.14947916946087,282,FALSE,"association-level pathway result; not causal or cell-intrinsic evidence","raw_cel_rma_tier_specific_enrichment"
"adjacent_vs_healthy_u1","adjacent_vs_healthy_u1","ranked","full_rank_covariate_adjusted","ranked_GSEA","GO","Biological Process","GO:0044248","cellular catabolic process",NA,NA,1e-10,6.50631578947369e-09,4.51412742382272e-09,NA,NA,-0.440359250774233,-2.13892482261335,301,FALSE,"association-level pathway result; not causal or cell-intrinsic evidence","raw_cel_rma_tier_specific_enrichment"
"adjacent_vs_healthy_u1","adjacent_vs_healthy_u1","ranked","full_rank_covariate_adjusted","ranked_GSEA","GO","Biological Process","GO:0006091","generation of precursor metabolites and energy",NA,NA,1e-10,6.50631578947369e-09,4.51412742382272e-09,NA,NA,-0.422206893524425,-2.12694879582124,450,FALSE,"association-level pathway result; not causal or cell-intrinsic evidence","raw_cel_rma_tier_specific_enrichment"
"adjacent_vs_healthy_u1","adjacent_vs_healthy_u1","ranked","full_rank_covariate_adjusted","ranked_GSEA","GO","Biological Process","GO:0072001","renal system development",NA,NA,1e-10,6.50631578947369e-09,4.51412742382272e-09,NA,NA,0.408136047936404,2.11678435056505,330,FALSE,"association-level pathway result; not causal or cell-intrinsic evidence","raw_cel_rma_tier_specific_enrichment"
"adjacent_vs_healthy_u1","adjacent_vs_healthy_u1","ranked","full_rank_covariate_adjusted","ranked_GSEA","GO","Biological Process","GO:0042692","muscle cell differentiation",NA,NA,1e-10,6.50631578947369e-09,4.51412742382272e-09,NA,NA,0.399887526224292,2.11666960376458,385,FALSE,"association-level pathway result; not causal or cell-intrinsic evidence","raw_cel_rma_tier_specific_enrichment"
"adjacent_vs_healthy_u1","adjacent_vs_healthy_u1","ranked","full_rank_covariate_adjusted","ranked_GSEA","GO","Biological Process","GO:0006935","chemotaxis",NA,NA,1e-10,6.50631578947369e-09,4.51412742382272e-09,NA,NA,0.390280285445411,2.08872469992764,432,FALSE,"association-level pathway result; not causal or cell-intrinsic evidence","raw_cel_rma_tier_specific_enrichment"
"adjacent_vs_healthy_u1","adjacent_vs_healthy_u1","ranked","full_rank_covariate_adjusted","ranked_GSEA","GO","Biological Process","GO:0044282","small molecule catabolic process",NA,NA,1e-10,6.50631578947369e-09,4.51412742382272e-09,NA,NA,-0.424332589196144,-2.08579820356317,350,FALSE,"association-level pathway result; not causal or cell-intrinsic evidence","raw_cel_rma_tier_specific_enrichment"
"adjacent_vs_healthy_u1","adjacent_vs_healthy_u1","ranked","full_rank_covariate_adjusted","ranked_GSEA","GO","Biological Process","GO:0042330","taxis",NA,NA,1e-10,6.50631578947369e-09,4.51412742382272e-09,NA,NA,0.38926078932637,2.08483639957258,434,FALSE,"association-level pathway result; not causal or cell-intrinsic evidence","raw_cel_rma_tier_specific_enrichment"
"adjacent_vs_healthy_u1","adjacent_vs_healthy_u1","ranked","full_rank_covariate_adjusted","ranked_GSEA","GO","Biological Process","GO:0060537","muscle tissue development",NA,NA,1e-10,6.50631578947369e-09,4.51412742382272e-09,NA,NA,0.39020383599623,2.07207061321718,420,FALSE,"association-level pathway result; not causal or cell-intrinsic evidence","raw_cel_rma_tier_specific_enrichment"
"adjacent_vs_healthy_u1","adjacent_vs_healthy_u1","ranked","full_rank_covariate_adjusted","ranked_GSEA","GO","Biological Process","GO:0001822","kidney development",NA,NA,1e-10,6.50631578947369e-09,4.51412742382272e-09,NA,NA,0.400284040577714,2.06697079711735,319,FALSE,"association-level pathway result; not causal or cell-intrinsic evidence","raw_cel_rma_tier_specific_enrichment"
"adjacent_vs_healthy_u1","adjacent_vs_healthy_u1","ranked","full_rank_covariate_adjusted","ranked_GSEA","GO","Biological Process","GO:1901293","nucleoside phosphate biosynthetic process",NA,NA,1e-10,6.50631578947369e-09,4.51412742382272e-09,NA,NA,-0.425164711435823,-2.06545903997607,300,FALSE,"association-level pathway result; not causal or cell-intrinsic evidence","raw_cel_rma_tier_specific_enrichment"
"adjacent_vs_healthy_u1","adjacent_vs_healthy_u1","ranked","full_rank_covariate_adjusted","ranked_GSEA","GO","Biological Process","GO:0050678","regulation of epithelial cell proliferation",NA,NA,1e-10,6.50631578947369e-09,4.51412742382272e-09,NA,NA,0.389438555454863,2.04174286190396,352,FALSE,"association-level pathway result; not causal or cell-intrinsic evidence","raw_cel_rma_tier_specific_enrichment"
"adjacent_vs_healthy_u1","adjacent_vs_healthy_u1","ranked","full_rank_covariate_adjusted","ranked_GSEA","GO","Biological Process","GO:0016042","lipid catabolic process",NA,NA,1e-10,6.50631578947369e-09,4.51412742382272e-09,NA,NA,-0.414989732746822,-2.03340285572537,331,FALSE,"association-level pathway result; not causal or cell-intrinsic evidence","raw_cel_rma_tier_specific_enrichment"
"adjacent_vs_healthy_u1","adjacent_vs_healthy_u1","ranked","full_rank_covariate_adjusted","ranked_GSEA","GO","Biological Process","GO:0050673","epithelial cell proliferation",NA,NA,1e-10,6.50631578947369e-09,4.51412742382272e-09,NA,NA,0.380576108218154,2.03081202730644,430,FALSE,"association-level pathway result; not causal or cell-intrinsic evidence","raw_cel_rma_tier_specific_enrichment"
"adjacent_vs_healthy_u1","adjacent_vs_healthy_u1","ranked","full_rank_covariate_adjusted","ranked_GSEA","GO","Biological Process","GO:0002009","morphogenesis of an epithelium",NA,NA,1e-10,6.50631578947369e-09,4.51412742382272e-09,NA,NA,0.373394750541984,2.02614356206787,492,FALSE,"association-level pathway result; not causal or cell-intrinsic evidence","raw_cel_rma_tier_specific_enrichment"
"adjacent_vs_healthy_u1","adjacent_vs_healthy_u1","ranked","full_rank_covariate_adjusted","ranked_GSEA","GO","Biological Process","GO:0007517","muscle organ development",NA,NA,1e-10,6.50631578947369e-09,4.51412742382272e-09,NA,NA,0.38221916321099,2.00496868444647,354,FALSE,"association-level pathway result; not causal or cell-intrinsic evidence","raw_cel_rma_tier_specific_enrichment"
"adjacent_vs_healthy_u1","adjacent_vs_healthy_u1","ranked","full_rank_covariate_adjusted","ranked_GSEA","GO","Biological Process","GO:0014706","striated muscle tissue development",NA,NA,1e-10,6.50631578947369e-09,4.51412742382272e-09,NA,NA,0.370460145388456,1.97204723410114,399,FALSE,"association-level pathway result; not causal or cell-intrinsic evidence","raw_cel_rma_tier_specific_enrichment"
"adjacent_vs_healthy_u1","adjacent_vs_healthy_u1","ranked","full_rank_covariate_adjusted","ranked_GSEA","GO","Biological Process","GO:0003012","muscle system process",NA,NA,1e-10,6.50631578947369e-09,4.51412742382272e-09,NA,NA,0.364947746421585,1.94493388008307,424,FALSE,"association-level pathway result; not causal or cell-intrinsic evidence","raw_cel_rma_tier_specific_enrichment"
"adjacent_vs_healthy_u1","adjacent_vs_healthy_u1","ranked","full_rank_covariate_adjusted","ranked_GSEA","GO","Biological Process","GO:0048880","sensory system development",NA,NA,1e-10,6.50631578947369e-09,4.51412742382272e-09,NA,NA,0.359972047512616,1.91586875999055,418,FALSE,"association-level pathway result; not causal or cell-intrinsic evidence","raw_cel_rma_tier_specific_enrichment"
"adjacent_vs_healthy_u1","adjacent_vs_healthy_u1","ranked","full_rank_covariate_adjusted","ranked_GSEA","GO","Biological Process","GO:0045785","positive regulation of cell adhesion",NA,NA,1e-10,6.50631578947369e-09,4.51412742382272e-09,NA,NA,0.352787495001684,1.90985121332172,482,FALSE,"association-level pathway result; not causal or cell-intrinsic evidence","raw_cel_rma_tier_specific_enrichment"
"adjacent_vs_healthy_u1","adjacent_vs_healthy_u1","ranked","full_rank_covariate_adjusted","ranked_GSEA","GO","Biological Process","GO:0016055","Wnt signaling pathway",NA,NA,1e-10,6.50631578947369e-09,4.51412742382272e-09,NA,NA,0.356490203408519,1.90961775358342,441,FALSE,"association-level pathway result; not causal or cell-intrinsic evidence","raw_cel_rma_tier_specific_enrichment"
"adjacent_vs_healthy_u1","adjacent_vs_healthy_u1","ranked","full_rank_covariate_adjusted","ranked_GSEA","GO","Biological Process","GO:0010975","regulation of neuron projection development",NA,NA,1e-10,6.50631578947369e-09,4.51412742382272e-09,NA,NA,0.356903072286374,1.90448910514981,430,FALSE,"association-level pathway result; not causal or cell-intrinsic evidence","raw_cel_rma_tier_specific_enrichment"
"adjacent_vs_healthy_u1","adjacent_vs_healthy_u1","ranked","full_rank_covariate_adjusted","ranked_GSEA","GO","Biological Process","GO:0010720","positive regulation of cell development",NA,NA,1e-10,6.50631578947369e-09,4.51412742382272e-09,NA,NA,0.35116006912343,1.88077328685454,434,FALSE,"association-level pathway result; not causal or cell-intrinsic evidence","raw_cel_rma_tier_specific_enrichment"
"adjacent_vs_healthy_u1","adjacent_vs_healthy_u1","ranked","full_rank_covariate_adjusted","ranked_GSEA","GO","Biological Process","GO:0030509","BMP signaling pathway",NA,NA,1.12429973640505e-10,7.23885069866625e-09,5.02236526986203e-09,NA,NA,0.486020484490083,2.2866377625126,155,FALSE,"association-level pathway result; not causal or cell-intrinsic evidence","raw_cel_rma_tier_specific_enrichment"
"adjacent_vs_healthy_u1","adjacent_vs_healthy_u1","ranked","full_rank_covariate_adjusted","ranked_GSEA","GO","Biological Process","GO:0007409","axonogenesis",NA,NA,1.15555675873889e-10,7.36339827398459e-09,5.10877724916139e-09,NA,NA,0.349799048018918,1.87627867703567,449,FALSE,"association-level pathway result; not causal or cell-intrinsic evidence","raw_cel_rma_tier_specific_enrichment"
"adjacent_vs_healthy_u1","adjacent_vs_healthy_u1","ranked","full_rank_covariate_adjusted","ranked_GSEA","GO","Biological Process","GO:0072522","purine-containing compound biosynthetic process",NA,NA,1.33529029015761e-10,8.42186661577976e-09,5.84314999151675e-09,NA,NA,-0.43515317026124,-2.05623909474563,245,FALSE,"association-level pathway result; not causal or cell-intrinsic evidence","raw_cel_rma_tier_specific_enrichment"
"adjacent_vs_healthy_u1","adjacent_vs_healthy_u1","ranked","full_rank_covariate_adjusted","ranked_GSEA","GO","Biological Process","GO:0010594","regulation of endothelial cell migration",NA,NA,1.54780560069263e-10,9.66362264432438e-09,6.7046890135266e-09,NA,NA,0.479236208191818,2.27795970962765,165,FALSE,"association-level pathway result; not causal or cell-intrinsic evidence","raw_cel_rma_tier_specific_enrichment"
"adjacent_vs_healthy_u1","adjacent_vs_healthy_u1","ranked","full_rank_covariate_adjusted","ranked_GSEA","GO","Biological Process","GO:0150063","visual system development",NA,NA,1.6868409855498e-10,1.04263641316833e-08,7.23388439487355e-09,NA,NA,0.358903890649349,1.91372802056963,411,FALSE,"association-level pathway result; not causal or cell-intrinsic evidence","raw_cel_rma_tier_specific_enrichment"
"adjacent_vs_healthy_u1","adjacent_vs_healthy_u1","ranked","full_rank_covariate_adjusted","ranked_GSEA","GO","Biological Process","GO:0001763","morphogenesis of a branching structure",NA,NA,1.73719805528292e-10,1.06313080987165e-08,7.37607595333257e-09,NA,NA,0.439271999415215,2.15337951737767,201,FALSE,"association-level pathway result; not causal or cell-intrinsic evidence","raw_cel_rma_tier_specific_enrichment"
"adjacent_vs_healthy_u1","adjacent_vs_healthy_u1","ranked","full_rank_covariate_adjusted","ranked_GSEA","GO","Biological Process","GO:0009152","purine ribonucleotide biosynthetic process",NA,NA,2.11751961076664e-10,1.28317536413222e-08,8.90276046879598e-09,NA,NA,-0.504693401360679,-2.21260918965376,143,FALSE,"association-level pathway result; not causal or cell-intrinsic evidence","raw_cel_rma_tier_specific_enrichment"
"adjacent_vs_healthy_u1","adjacent_vs_healthy_u1","ranked","full_rank_covariate_adjusted","ranked_GSEA","GO","Biological Process","GO:0048568","embryonic organ development",NA,NA,2.14535680435077e-10,1.28742236967885e-08,8.93222649047017e-09,NA,NA,0.351442897080296,1.88851937213618,446,FALSE,"association-level pathway result; not causal or cell-intrinsic evidence","raw_cel_rma_tier_specific_enrichment"
"adjacent_vs_healthy_u1","adjacent_vs_healthy_u1","ranked","full_rank_covariate_adjusted","ranked_GSEA","GO","Biological Process","GO:0030111","regulation of Wnt signaling pathway",NA,NA,2.4967317157959e-10,1.48387487839755e-08,1.02952277430693e-08,NA,NA,0.381661028160317,1.96949833794301,318,FALSE,"association-level pathway result; not causal or cell-intrinsic evidence","raw_cel_rma_tier_specific_enrichment"
"adjacent_vs_healthy_u1","adjacent_vs_healthy_u1","ranked","full_rank_covariate_adjusted","ranked_GSEA","GO","Biological Process","GO:0003206","cardiac chamber morphogenesis",NA,NA,3.4726243721607e-10,2.04421821374526e-08,1.41829290147195e-08,NA,NA,0.507513454887899,2.32315541146005,127,FALSE,"association-level pathway result; not causal or cell-intrinsic evidence","raw_cel_rma_tier_specific_enrichment"
"adjacent_vs_healthy_u1","adjacent_vs_healthy_u1","ranked","full_rank_covariate_adjusted","ranked_GSEA","GO","Biological Process","GO:0017004","cytochrome complex assembly",NA,NA,3.64527331228334e-10,2.10745254693693e-08,1.46216532433367e-08,NA,NA,-0.710158373733302,-2.47639027577824,40,FALSE,"association-level pathway result; not causal or cell-intrinsic evidence","raw_cel_rma_tier_specific_enrichment"
"adjacent_vs_healthy_u1","adjacent_vs_healthy_u1","ranked","full_rank_covariate_adjusted","ranked_GSEA","GO","Biological Process","GO:0042063","gliogenesis",NA,NA,3.6482352778232e-10,2.10745254693693e-08,1.46216532433367e-08,NA,NA,0.377105062890081,1.95728847128412,332,FALSE,"association-level pathway result; not causal or cell-intrinsic evidence","raw_cel_rma_tier_specific_enrichment"
"adjacent_vs_healthy_u1","adjacent_vs_healthy_u1","ranked","full_rank_covariate_adjusted","ranked_GSEA","GO","Biological Process","GO:0001654","eye development",NA,NA,3.7096682804777e-10,2.12309811496599e-08,1.47302032891483e-08,NA,NA,0.354901014731445,1.88362181817939,407,FALSE,"association-level pathway result; not causal or cell-intrinsic evidence","raw_cel_rma_tier_specific_enrichment"
"adjacent_vs_healthy_u1","adjacent_vs_healthy_u1","ranked","full_rank_covariate_adjusted","ranked_GSEA","GO","Biological Process","GO:0048844","artery morphogenesis",NA,NA,4.0815429512065e-10,2.31449697077132e-08,1.60581419441963e-08,NA,NA,0.59670239654084,2.51436483194306,74,FALSE,"association-level pathway result; not causal or cell-intrinsic evidence","raw_cel_rma_tier_specific_enrichment"
"adjacent_vs_healthy_u1","adjacent_vs_healthy_u1","ranked","full_rank_covariate_adjusted","ranked_GSEA","GO","Biological Process","GO:0009260","ribonucleotide biosynthetic process",NA,NA,4.35044467057783e-10,2.44455440989469e-08,1.69604895578317e-08,NA,NA,-0.49065085133176,-2.19223912633541,158,FALSE,"association-level pathway result; not causal or cell-intrinsic evidence","raw_cel_rma_tier_specific_enrichment"
"adjacent_vs_healthy_u1","adjacent_vs_healthy_u1","ranked","full_rank_covariate_adjusted","ranked_GSEA","GO","Biological Process","GO:0034440","lipid oxidation",NA,NA,4.72441982616717e-10,2.62067500392677e-08,1.81824265635737e-08,NA,NA,-0.536424844420852,-2.26226180584981,110,FALSE,"association-level pathway result; not causal or cell-intrinsic evidence","raw_cel_rma_tier_specific_enrichment"
"adjacent_vs_healthy_u1","adjacent_vs_healthy_u1","ranked","full_rank_covariate_adjusted","ranked_GSEA","GO","Biological Process","GO:0090101","negative regulation of transmembrane receptor protein serine/threonine kinase signaling pathway",NA,NA,4.83347274628138e-10,2.62067500392677e-08,1.81824265635737e-08,NA,NA,0.478729706377377,2.24514982282615,146,FALSE,"association-level pathway result; not causal or cell-intrinsic evidence","raw_cel_rma_tier_specific_enrichment"
"adjacent_vs_healthy_u1","adjacent_vs_healthy_u1","ranked","full_rank_covariate_adjusted","ranked_GSEA","GO","Biological Process","GO:0071774","response to fibroblast growth factor",NA,NA,4.78726834011633e-10,2.62067500392677e-08,1.81824265635737e-08,NA,NA,0.464583683380129,2.20033421090822,162,FALSE,"association-level pathway result; not causal or cell-intrinsic evidence","raw_cel_rma_tier_specific_enrichment"
"adjacent_vs_healthy_u1","adjacent_vs_healthy_u1","ranked","full_rank_covariate_adjusted","ranked_GSEA","GO","Biological Process","GO:0010001","glial cell differentiation",NA,NA,4.81362987358246e-10,2.62067500392677e-08,1.81824265635737e-08,NA,NA,0.399531609084705,2.02058651433251,250,FALSE,"association-level pathway result; not causal or cell-intrinsic evidence","raw_cel_rma_tier_specific_enrichment"
"adjacent_vs_healthy_u1","adjacent_vs_healthy_u1","ranked","full_rank_covariate_adjusted","ranked_GSEA","GO","Biological Process","GO:0003158","endothelium development",NA,NA,4.98595845341871e-10,2.6798442783114e-08,1.8592947129728e-08,NA,NA,0.493354016303041,2.282508823485,135,FALSE,"association-level pathway result; not causal or cell-intrinsic evidence","raw_cel_rma_tier_specific_enrichment"
"adjacent_vs_healthy_u1","adjacent_vs_healthy_u1","ranked","full_rank_covariate_adjusted","ranked_GSEA","GO","Biological Process","GO:0071711","basement membrane organization",NA,NA,5.19995980237348e-10,2.7707716843509e-08,1.92238078356348e-08,NA,NA,0.747123449176488,2.71146435574043,36,FALSE,"association-level pathway result; not causal or cell-intrinsic evidence","raw_cel_rma_tier_specific_enrichment"
"adjacent_vs_healthy_u1","adjacent_vs_healthy_u1","ranked","full_rank_covariate_adjusted","ranked_GSEA","GO","Biological Process","GO:0001704","formation of primary germ layer",NA,NA,6.38501842269348e-10,3.37314520262123e-08,2.34031174575378e-08,NA,NA,0.5022463079665,2.30022524282235,125,FALSE,"association-level pathway result; not causal or cell-intrinsic evidence","raw_cel_rma_tier_specific_enrichment"
"adjacent_vs_healthy_u1","adjacent_vs_healthy_u1","ranked","full_rank_covariate_adjusted","ranked_GSEA","GO","Biological Process","GO:0006839","mitochondrial transport",NA,NA,6.47613060794391e-10,3.39228502438147e-08,2.35359108802529e-08,NA,NA,-0.477367048842304,-2.15375073540483,168,FALSE,"association-level pathway result; not causal or cell-intrinsic evidence","raw_cel_rma_tier_specific_enrichment"
"adjacent_vs_healthy_u1","adjacent_vs_healthy_u1","ranked","full_rank_covariate_adjusted","ranked_GSEA","GO","Biological Process","GO:0001952","regulation of cell-matrix adhesion",NA,NA,6.88206568135382e-10,3.57462588037378e-08,2.48010044987488e-08,NA,NA,0.513361234607079,2.33228244038021,118,FALSE,"association-level pathway result; not causal or cell-intrinsic evidence","raw_cel_rma_tier_specific_enrichment"
"adjacent_vs_healthy_u1","adjacent_vs_healthy_u1","ranked","full_rank_covariate_adjusted","ranked_GSEA","GO","Biological Process","GO:0006631","fatty acid metabolic process",NA,NA,7.22821672991507e-10,3.72313396730042e-08,2.58313639979596e-08,NA,NA,-0.386953910808697,-1.91098240170426,369,FALSE,"association-level pathway result; not causal or cell-intrinsic evidence","raw_cel_rma_tier_specific_enrichment"
"adjacent_vs_healthy_u1","adjacent_vs_healthy_u1","ranked","full_rank_covariate_adjusted","ranked_GSEA","GO","Biological Process","GO:0010811","positive regulation of cell-substrate adhesion",NA,NA,7.58510540119709e-10,3.87467243676027e-08,2.68827485032423e-08,NA,NA,0.49884301661768,2.27906632596408,123,FALSE,"association-level pathway result; not causal or cell-intrinsic evidence","raw_cel_rma_tier_specific_enrichment"
"adjacent_vs_healthy_u1","adjacent_vs_healthy_u1","ranked","full_rank_covariate_adjusted","ranked_GSEA","GO","Biological Process","GO:0042060","wound healing",NA,NA,8.2062391767287e-10,4.15760363535739e-08,2.88457449577159e-08,NA,NA,0.345804162663779,1.84526363443625,430,FALSE,"association-level pathway result; not causal or cell-intrinsic evidence","raw_cel_rma_tier_specific_enrichment"
"adjacent_vs_healthy_u1","adjacent_vs_healthy_u1","ranked","full_rank_covariate_adjusted","ranked_GSEA","GO","Biological Process","GO:0035904","aorta development",NA,NA,8.32896212560203e-10,4.1854727559631e-08,2.9039102866669e-08,NA,NA,0.623240141390668,2.58190001359618,63,FALSE,"association-level pathway result; not causal or cell-intrinsic evidence","raw_cel_rma_tier_specific_enrichment"
"adjacent_vs_healthy_u1","adjacent_vs_healthy_u1","ranked","full_rank_covariate_adjusted","ranked_GSEA","GO","Biological Process","GO:0007006","mitochondrial membrane organization",NA,NA,8.94532689006573e-10,4.45895689576583e-08,3.09365549661526e-08,NA,NA,-0.531077426397644,-2.23564582823611,109,FALSE,"association-level pathway result; not causal or cell-intrinsic evidence","raw_cel_rma_tier_specific_enrichment"
"adjacent_vs_healthy_u1","adjacent_vs_healthy_u1","ranked","full_rank_covariate_adjusted","ranked_GSEA","GO","Biological Process","GO:0034504","protein localization to nucleus",NA,NA,9.33296911298734e-10,4.61496656698998e-08,3.20189609821561e-08,NA,NA,0.378784156503581,1.94902700189233,307,FALSE,"association-level pathway result; not causal or cell-intrinsic evidence","raw_cel_rma_tier_specific_enrichment"
"adjacent_vs_healthy_u1","adjacent_vs_healthy_u1","ranked","full_rank_covariate_adjusted","ranked_GSEA","GO","Biological Process","GO:0098742","cell-cell adhesion via plasma-membrane adhesion molecules",NA,NA,1.06788647057998e-09,5.23857640845625e-08,3.63456097004415e-08,NA,NA,0.394153781052831,2.00695431297666,267,FALSE,"association-level pathway result; not causal or cell-intrinsic evidence","raw_cel_rma_tier_specific_enrichment"
"adjacent_vs_healthy_u1","adjacent_vs_healthy_u1","ranked","full_rank_covariate_adjusted","ranked_GSEA","GO","Biological Process","GO:0030510","regulation of BMP signaling pathway",NA,NA,1.10662892313367e-09,5.38588454636946e-08,3.73676438694287e-08,NA,NA,0.523611301733703,2.34231837219228,106,FALSE,"association-level pathway result; not causal or cell-intrinsic evidence","raw_cel_rma_tier_specific_enrichment"
"adjacent_vs_healthy_u1","adjacent_vs_healthy_u1","ranked","full_rank_covariate_adjusted","ranked_GSEA","GO","Biological Process","GO:0061138","morphogenesis of a branching epithelium",NA,NA,1.15542081693082e-09,5.57941880425734e-08,3.8710398093554e-08,NA,NA,0.439707512711902,2.12300697453159,185,FALSE,"association-level pathway result; not causal or cell-intrinsic evidence","raw_cel_rma_tier_specific_enrichment"
"adjacent_vs_healthy_u1","adjacent_vs_healthy_u1","ranked","full_rank_covariate_adjusted","ranked_GSEA","GO","Biological Process","GO:0044344","cellular response to fibroblast growth factor stimulus",NA,NA,1.64285924565129e-09,7.87171550183767e-08,5.46145129888482e-08,NA,NA,0.462213747464758,2.17682493767487,154,FALSE,"association-level pathway result; not causal or cell-intrinsic evidence","raw_cel_rma_tier_specific_enrichment"
"adjacent_vs_healthy_u1","adjacent_vs_healthy_u1","ranked","full_rank_covariate_adjusted","ranked_GSEA","GO","Biological Process","GO:0070371","ERK1 and ERK2 cascade",NA,NA,1.75366008974577e-09,8.33797924209126e-08,5.78494834463505e-08,NA,NA,0.377690929045269,1.9310236609465,292,FALSE,"association-level pathway result; not causal or cell-intrinsic evidence","raw_cel_rma_tier_specific_enrichment"
"adjacent_vs_healthy_u1","adjacent_vs_healthy_u1","ranked","full_rank_covariate_adjusted","ranked_GSEA","GO","Biological Process","GO:0045444","fat cell differentiation",NA,NA,1.90600450488314e-09,8.99314033945243e-08,6.23950369858892e-08,NA,NA,0.411004769603102,2.0641962916288,233,FALSE,"association-level pathway result; not causal or cell-intrinsic evidence","raw_cel_rma_tier_specific_enrichment"
"adjacent_vs_healthy_u1","adjacent_vs_healthy_u1","ranked","full_rank_covariate_adjusted","ranked_GSEA","GO","Biological Process","GO:0043434","response to peptide hormone",NA,NA,1.9727382360821e-09,9.2374962403208e-08,6.40903953253467e-08,NA,NA,0.328285067353644,1.7751574306759,473,FALSE,"association-level pathway result; not causal or cell-intrinsic evidence","raw_cel_rma_tier_specific_enrichment"
"adjacent_vs_healthy_u1","adjacent_vs_healthy_u1","ranked","full_rank_covariate_adjusted","ranked_GSEA","GO","Biological Process","GO:0043534","blood vessel endothelial cell migration",NA,NA,1.99174989715974e-09,9.25639557469499e-08,6.42215202297489e-08,NA,NA,0.508078448954876,2.30347432749802,117,FALSE,"association-level pathway result; not causal or cell-intrinsic evidence","raw_cel_rma_tier_specific_enrichment"
"adjacent_vs_healthy_u1","adjacent_vs_healthy_u1","ranked","full_rank_covariate_adjusted","ranked_GSEA","GO","Biological Process","GO:0060348","bone development",NA,NA,2.2008293965253e-09,1.01517361939723e-07,7.04334560993251e-08,NA,NA,0.419158923897028,2.07042372443597,212,FALSE,"association-level pathway result; not causal or cell-intrinsic evidence","raw_cel_rma_tier_specific_enrichment"
"adjacent_vs_healthy_u1","adjacent_vs_healthy_u1","ranked","full_rank_covariate_adjusted","ranked_GSEA","GO","Biological Process","GO:0055001","muscle cell development",NA,NA,2.43119379567062e-09,1.11312658155853e-07,7.7229501158379e-08,NA,NA,0.437107227101725,2.12299184546441,190,FALSE,"association-level pathway result; not causal or cell-intrinsic evidence","raw_cel_rma_tier_specific_enrichment"
"adjacent_vs_healthy_u1","adjacent_vs_healthy_u1","ranked","full_rank_covariate_adjusted","ranked_GSEA","GO","Biological Process","GO:0001933","negative regulation of protein phosphorylation",NA,NA,2.6790993861509e-09,1.2176112724852e-07,8.44787221298665e-08,NA,NA,0.428370465825226,2.07113462810704,189,FALSE,"association-level pathway result; not causal or cell-intrinsic evidence","raw_cel_rma_tier_specific_enrichment"
"adjacent_vs_healthy_u1","adjacent_vs_healthy_u1","ranked","full_rank_covariate_adjusted","ranked_GSEA","GO","Biological Process","GO:0032835","glomerulus development",NA,NA,2.87339104330179e-09,1.29638175464586e-07,8.99438733032e-08,NA,NA,0.583579307336354,2.46885543724673,72,FALSE,"association-level pathway result; not causal or cell-intrinsic evidence","raw_cel_rma_tier_specific_enrichment"
"adjacent_vs_healthy_u1","adjacent_vs_healthy_u1","ranked","full_rank_covariate_adjusted","ranked_GSEA","GO","Biological Process","GO:0016049","cell growth",NA,NA,3.14020447184006e-09,1.40649303191619e-07,9.75834707725126e-08,NA,NA,0.327600593906177,1.76612039360307,466,FALSE,"association-level pathway result; not causal or cell-intrinsic evidence","raw_cel_rma_tier_specific_enrichment"
"adjacent_vs_healthy_u1","adjacent_vs_healthy_u1","ranked","full_rank_covariate_adjusted","ranked_GSEA","GO","Biological Process","GO:0050900","leukocyte migration",NA,NA,3.16833661162125e-09,1.40888407168568e-07,9.7749362784892e-08,NA,NA,0.347587914040444,1.83001041580336,375,FALSE,"association-level pathway result; not causal or cell-intrinsic evidence","raw_cel_rma_tier_specific_enrichment"
"adjacent_vs_healthy_u1","adjacent_vs_healthy_u1","ranked","full_rank_covariate_adjusted","ranked_GSEA","GO","Biological Process","GO:0006164","purine nucleotide biosynthetic process",NA,NA,3.54298762346138e-09,1.5642290357582e-07,1.08527305097607e-07,NA,NA,-0.450046024278734,-2.05572606510728,183,FALSE,"association-level pathway result; not causal or cell-intrinsic evidence","raw_cel_rma_tier_specific_enrichment"
"adjacent_vs_healthy_u1","adjacent_vs_healthy_u1","ranked","full_rank_covariate_adjusted","ranked_GSEA","GO","Biological Process","GO:0085029","extracellular matrix assembly",NA,NA,3.6830088694946e-09,1.6145161576132e-07,1.12016260801202e-07,NA,NA,0.66438486595467,2.5182016552197,45,FALSE,"association-level pathway result; not causal or cell-intrinsic evidence","raw_cel_rma_tier_specific_enrichment"
"adjacent_vs_healthy_u1","adjacent_vs_healthy_u1","ranked","full_rank_covariate_adjusted","ranked_GSEA","GO","Biological Process","GO:0050920","regulation of chemotaxis",NA,NA,3.9688841422776e-09,1.72612478088477e-07,1.19759745183875e-07,NA,NA,0.416619404261673,2.04550292440209,202,FALSE,"association-level pathway result; not causal or cell-intrinsic evidence","raw_cel_rma_tier_specific_enrichment"
"adjacent_vs_healthy_u1","adjacent_vs_healthy_u1","ranked","full_rank_covariate_adjusted","ranked_GSEA","GO","Biological Process","GO:0060560","developmental growth involved in morphogenesis",NA,NA,3.99346131154381e-09,1.72612478088477e-07,1.19759745183875e-07,NA,NA,0.400232762937779,2.01456968326056,234,FALSE,"association-level pathway result; not causal or cell-intrinsic evidence","raw_cel_rma_tier_specific_enrichment"
"adjacent_vs_healthy_u1","adjacent_vs_healthy_u1","ranked","full_rank_covariate_adjusted","ranked_GSEA","GO","Biological Process","GO:0031400","negative regulation of protein modification process",NA,NA,4.32228975319095e-09,1.85528284475509e-07,1.28720822035818e-07,NA,NA,0.37431579424721,1.91139368698806,288,FALSE,"association-level pathway result; not causal or cell-intrinsic evidence","raw_cel_rma_tier_specific_enrichment"
"adjacent_vs_healthy_u1","adjacent_vs_healthy_u1","ranked","full_rank_covariate_adjusted","ranked_GSEA","GO","Biological Process","GO:0051960","regulation of nervous system development",NA,NA,4.536194847063e-09,1.93367036894458e-07,1.3415940331713e-07,NA,NA,0.335261197448138,1.79730311663282,440,FALSE,"association-level pathway result; not causal or cell-intrinsic evidence","raw_cel_rma_tier_specific_enrichment"
"adjacent_vs_healthy_u1","adjacent_vs_healthy_u1","ranked","full_rank_covariate_adjusted","ranked_GSEA","GO","Biological Process","GO:0031099","regeneration",NA,NA,4.56760367172788e-09,1.93372317088699e-07,1.34163066752844e-07,NA,NA,0.429610183378846,2.07425479273235,185,FALSE,"association-level pathway result; not causal or cell-intrinsic evidence","raw_cel_rma_tier_specific_enrichment"
"adjacent_vs_healthy_u1","adjacent_vs_healthy_u1","ranked","full_rank_covariate_adjusted","ranked_GSEA","GO","Biological Process","GO:0048659","smooth muscle cell proliferation",NA,NA,4.68494551691955e-09,1.96990804354284e-07,1.36673598538706e-07,NA,NA,0.464797927139696,2.15568636109174,140,FALSE,"association-level pathway result; not causal or cell-intrinsic evidence","raw_cel_rma_tier_specific_enrichment"
"adjacent_vs_healthy_u1","adjacent_vs_healthy_u1","ranked","full_rank_covariate_adjusted","ranked_GSEA","GO","Biological Process","GO:0051962","positive regulation of nervous system development",NA,NA,5.0195844824138e-09,2.09635484363512e-07,1.45446566012474e-07,NA,NA,0.383002957598017,1.96096289904696,276,FALSE,"association-level pathway result; not causal or cell-intrinsic evidence","raw_cel_rma_tier_specific_enrichment"
"adjacent_vs_healthy_u1","adjacent_vs_healthy_u1","ranked","full_rank_covariate_adjusted","ranked_GSEA","GO","Biological Process","GO:0050878","regulation of body fluid levels",NA,NA,5.18528673053806e-09,2.15102397862119e-07,1.49239548853494e-07,NA,NA,0.347587799925343,1.8305863354414,379,FALSE,"association-level pathway result; not causal or cell-intrinsic evidence","raw_cel_rma_tier_specific_enrichment"
"adjacent_vs_healthy_u1","adjacent_vs_healthy_u1","ranked","full_rank_covariate_adjusted","ranked_GSEA","GO","Biological Process","GO:0035051","cardiocyte differentiation",NA,NA,5.45659620209093e-09,2.23830298526189e-07,1.55295027409241e-07,NA,NA,0.460521660252872,2.16288487406859,147,FALSE,"association-level pathway result; not causal or cell-intrinsic evidence","raw_cel_rma_tier_specific_enrichment"
"adjacent_vs_healthy_u1","adjacent_vs_healthy_u1","ranked","full_rank_covariate_adjusted","ranked_GSEA","GO","Biological Process","GO:0030323","respiratory tube development",NA,NA,5.46810792387227e-09,2.23830298526189e-07,1.55295027409241e-07,NA,NA,0.419536699417157,2.04341933704938,197,FALSE,"association-level pathway result; not causal or cell-intrinsic evidence","raw_cel_rma_tier_specific_enrichment"
"adjacent_vs_healthy_u1","adjacent_vs_healthy_u1","ranked","full_rank_covariate_adjusted","ranked_GSEA","GO","Biological Process","GO:0001570","vasculogenesis",NA,NA,5.58761905165907e-09,2.27217587883584e-07,1.57645152468553e-07,NA,NA,0.55277903286359,2.36235360705876,82,FALSE,"association-level pathway result; not causal or cell-intrinsic evidence","raw_cel_rma_tier_specific_enrichment"
"adjacent_vs_healthy_u1","adjacent_vs_healthy_u1","ranked","full_rank_covariate_adjusted","ranked_GSEA","GO","Biological Process","GO:0060395","SMAD protein signal transduction",NA,NA,5.84722115220462e-09,2.36220091122724e-07,1.63891152212464e-07,NA,NA,0.549547941634822,2.34447284009873,81,FALSE,"association-level pathway result; not causal or cell-intrinsic evidence","raw_cel_rma_tier_specific_enrichment"
"adjacent_vs_healthy_u1","adjacent_vs_healthy_u1","ranked","full_rank_covariate_adjusted","ranked_GSEA","GO","Biological Process","GO:0070372","regulation of ERK1 and ERK2 cascade",NA,NA,5.98193903212595e-09,2.40093280243964e-07,1.66578397928101e-07,NA,NA,0.377285910573802,1.91734782129722,269,FALSE,"association-level pathway result; not causal or cell-intrinsic evidence","raw_cel_rma_tier_specific_enrichment"
"adjacent_vs_healthy_u1","adjacent_vs_healthy_u1","ranked","full_rank_covariate_adjusted","ranked_GSEA","GO","Biological Process","GO:0006898","receptor-mediated endocytosis",NA,NA,6.173974137327e-09,2.46202155760117e-07,1.70816778509135e-07,NA,NA,0.386003617684121,1.96487832367584,266,FALSE,"association-level pathway result; not causal or cell-intrinsic evidence","raw_cel_rma_tier_specific_enrichment"
"adjacent_vs_healthy_u1","adjacent_vs_healthy_u1","ranked","full_rank_covariate_adjusted","ranked_GSEA","GO","Biological Process","GO:0048738","cardiac muscle tissue development",NA,NA,6.67206426144978e-09,2.64359161538597e-07,1.83414236175077e-07,NA,NA,0.399401134868315,2.00543112535332,230,FALSE,"association-level pathway result; not causal or cell-intrinsic evidence","raw_cel_rma_tier_specific_enrichment"
"adjacent_vs_healthy_u1","adjacent_vs_healthy_u1","ranked","full_rank_covariate_adjusted","ranked_GSEA","GO","Biological Process","GO:0060562","epithelial tube morphogenesis",NA,NA,7.0216940137908e-09,2.7469044746355e-07,1.90582154644795e-07,NA,NA,0.362064667342173,1.87427571629493,327,FALSE,"association-level pathway result; not causal or cell-intrinsic evidence","raw_cel_rma_tier_specific_enrichment"
"adjacent_vs_healthy_u1","adjacent_vs_healthy_u1","ranked","full_rank_covariate_adjusted","ranked_GSEA","GO","Biological Process","GO:0043010","camera-type eye development",NA,NA,7.0216940137908e-09,2.7469044746355e-07,1.90582154644795e-07,NA,NA,0.350023287599902,1.83285267988808,359,FALSE,"association-level pathway result; not causal or cell-intrinsic evidence","raw_cel_rma_tier_specific_enrichment"
"adjacent_vs_healthy_u1","adjacent_vs_healthy_u1","ranked","full_rank_covariate_adjusted","ranked_GSEA","GO","Biological Process","GO:0010717","regulation of epithelial to mesenchymal transition",NA,NA,7.50696237728142e-09,2.91827260716833e-07,2.02471795597779e-07,NA,NA,0.511843618320096,2.27872546924659,104,FALSE,"association-level pathway result; not causal or cell-intrinsic evidence","raw_cel_rma_tier_specific_enrichment"
"adjacent_vs_healthy_u1","adjacent_vs_healthy_u1","ranked","full_rank_covariate_adjusted","ranked_GSEA","GO","Biological Process","GO:0007162","negative regulation of cell adhesion",NA,NA,7.79758370619914e-09,3.01230405550105e-07,2.08995763283258e-07,NA,NA,0.375683755853978,1.91739711141733,285,FALSE,"association-level pathway result; not causal or cell-intrinsic evidence","raw_cel_rma_tier_specific_enrichment"
"adjacent_vs_healthy_u1","adjacent_vs_healthy_u1","ranked","full_rank_covariate_adjusted","ranked_GSEA","GO","Biological Process","GO:0009612","response to mechanical stimulus",NA,NA,8.15731143099302e-09,3.13169825807254e-07,2.17279416605855e-07,NA,NA,0.408763835642603,2.01934252002058,219,FALSE,"association-level pathway result; not causal or cell-intrinsic evidence","raw_cel_rma_tier_specific_enrichment"
"adjacent_vs_healthy_u1","adjacent_vs_healthy_u1","ranked","full_rank_covariate_adjusted","ranked_GSEA","GO","Biological Process","GO:0016525","negative regulation of angiogenesis",NA,NA,8.71663095218297e-09,3.32577135280512e-07,2.30744343724454e-07,NA,NA,0.506439640720632,2.26550280893228,106,FALSE,"association-level pathway result; not causal or cell-intrinsic evidence","raw_cel_rma_tier_specific_enrichment"
"adjacent_vs_healthy_u1","adjacent_vs_healthy_u1","ranked","full_rank_covariate_adjusted","ranked_GSEA","GO","Biological Process","GO:0022612","gland morphogenesis",NA,NA,9.06076082890589e-09,3.43586274131701e-07,2.38382561297789e-07,NA,NA,0.479233459825801,2.1948292780082,125,FALSE,"association-level pathway result; not causal or cell-intrinsic evidence","raw_cel_rma_tier_specific_enrichment"
"adjacent_vs_healthy_u1","adjacent_vs_healthy_u1","ranked","full_rank_covariate_adjusted","ranked_GSEA","GO","Biological Process","GO:0097485","neuron projection guidance",NA,NA,9.32253054141186e-09,3.51357080954065e-07,2.43774001448729e-07,NA,NA,0.393593243910262,1.9824447947119,236,FALSE,"association-level pathway result; not causal or cell-intrinsic evidence","raw_cel_rma_tier_specific_enrichment"
"adjacent_vs_healthy_u1","adjacent_vs_healthy_u1","ranked","full_rank_covariate_adjusted","ranked_GSEA","GO","Biological Process","GO:0003279","cardiac septum development",NA,NA,1.04141344697121e-08,3.90119788832063e-07,2.7066783942333e-07,NA,NA,0.500498010988378,2.23114813256173,108,FALSE,"association-level pathway result; not causal or cell-intrinsic evidence","raw_cel_rma_tier_specific_enrichment"
"adjacent_vs_healthy_u1","adjacent_vs_healthy_u1","ranked","full_rank_covariate_adjusted","ranked_GSEA","GO","Biological Process","GO:0007156","homophilic cell adhesion via plasma membrane adhesion molecules",NA,NA,1.09758435664534e-08,4.08048925510212e-07,2.83107199912909e-07,NA,NA,0.448701836522474,2.11377776395944,160,FALSE,"association-level pathway result; not causal or cell-intrinsic evidence","raw_cel_rma_tier_specific_enrichment"
"adjacent_vs_healthy_u1","adjacent_vs_healthy_u1","ranked","full_rank_covariate_adjusted","ranked_GSEA","GO","Biological Process","GO:0007411","axon guidance",NA,NA,1.10247808704426e-08,4.08048925510212e-07,2.83107199912909e-07,NA,NA,0.39138859870851,1.96833989394552,235,FALSE,"association-level pathway result; not causal or cell-intrinsic evidence","raw_cel_rma_tier_specific_enrichment"
"adjacent_vs_healthy_u1","adjacent_vs_healthy_u1","ranked","full_rank_covariate_adjusted","ranked_GSEA","GO","Biological Process","GO:0051145","smooth muscle cell differentiation",NA,NA,1.15654875142714e-08,4.25513561462568e-07,2.95224286548507e-07,NA,NA,0.598292356602956,2.47854870227201,63,FALSE,"association-level pathway result; not causal or cell-intrinsic evidence","raw_cel_rma_tier_specific_enrichment"
"adjacent_vs_healthy_u1","adjacent_vs_healthy_u1","ranked","full_rank_covariate_adjusted","ranked_GSEA","GO","Biological Process","GO:1901343","negative regulation of vasculature development",NA,NA,1.17043493960661e-08,4.28074459272689e-07,2.970010553695e-07,NA,NA,0.49885076308077,2.22380493835868,108,FALSE,"association-level pathway result; not causal or cell-intrinsic evidence","raw_cel_rma_tier_specific_enrichment"
"adjacent_vs_healthy_u1","adjacent_vs_healthy_u1","ranked","full_rank_covariate_adjusted","ranked_GSEA","GO","Biological Process","GO:0072006","nephron development",NA,NA,1.27315403746083e-08,4.62903829737963e-07,3.21165916322936e-07,NA,NA,0.436665610934812,2.05426917151934,158,FALSE,"association-level pathway result; not causal or cell-intrinsic evidence","raw_cel_rma_tier_specific_enrichment"
"adjacent_vs_healthy_u1","adjacent_vs_healthy_u1","ranked","full_rank_covariate_adjusted","ranked_GSEA","GO","Biological Process","GO:0150116","regulation of cell-substrate junction organization",NA,NA,1.35745094827363e-08,4.90666918788263e-07,3.40428141783119e-07,NA,NA,0.581057485251072,2.42475037312491,66,FALSE,"association-level pathway result; not causal or cell-intrinsic evidence","raw_cel_rma_tier_specific_enrichment"
"adjacent_vs_healthy_u1","adjacent_vs_healthy_u1","ranked","full_rank_covariate_adjusted","ranked_GSEA","GO","Biological Process","GO:0048863","stem cell differentiation",NA,NA,1.38121039998705e-08,4.96352411762788e-07,3.44372776594078e-07,NA,NA,0.384104980603446,1.94579011464586,249,FALSE,"association-level pathway result; not causal or cell-intrinsic evidence","raw_cel_rma_tier_specific_enrichment"
"adjacent_vs_healthy_u1","adjacent_vs_healthy_u1","ranked","full_rank_covariate_adjusted","ranked_GSEA","GO","Biological Process","GO:0009165","nucleotide biosynthetic process",NA,NA,1.60426440891932e-08,5.73176781013315e-07,3.97674061572092e-07,NA,NA,-0.426863978299902,-1.99418501296836,216,FALSE,"association-level pathway result; not causal or cell-intrinsic evidence","raw_cel_rma_tier_specific_enrichment"
"adjacent_vs_healthy_u1","adjacent_vs_healthy_u1","ranked","full_rank_covariate_adjusted","ranked_GSEA","GO","Biological Process","GO:0002062","chondrocyte differentiation",NA,NA,1.62193317335883e-08,5.76159134743157e-07,3.99743239459399e-07,NA,NA,0.495195368440439,2.22230750872534,112,FALSE,"association-level pathway result; not causal or cell-intrinsic evidence","raw_cel_rma_tier_specific_enrichment"
"adjacent_vs_healthy_u1","adjacent_vs_healthy_u1","ranked","full_rank_covariate_adjusted","ranked_GSEA","GO","Biological Process","GO:0060326","cell chemotaxis",NA,NA,1.70096941657782e-08,6.00782397935287e-07,4.16827031767702e-07,NA,NA,0.368122161238984,1.88234955510977,293,FALSE,"association-level pathway result; not causal or cell-intrinsic evidence","raw_cel_rma_tier_specific_enrichment"
"adjacent_vs_healthy_u1","adjacent_vs_healthy_u1","ranked","full_rank_covariate_adjusted","ranked_GSEA","GO","Biological Process","GO:0048041","focal adhesion assembly",NA,NA,1.79374584039995e-08,6.29951309063188e-07,4.37064626422811e-07,NA,NA,0.538540782673867,2.29751427056276,81,FALSE,"association-level pathway result; not causal or cell-intrinsic evidence","raw_cel_rma_tier_specific_enrichment"
"adjacent_vs_healthy_u1","adjacent_vs_healthy_u1","ranked","full_rank_covariate_adjusted","ranked_GSEA","GO","Biological Process","GO:2000181","negative regulation of blood vessel morphogenesis",NA,NA,1.90134737542309e-08,6.63967690818651e-07,4.60665430120349e-07,NA,NA,0.502257965036644,2.24570893835467,107,FALSE,"association-level pathway result; not causal or cell-intrinsic evidence","raw_cel_rma_tier_specific_enrichment"
"adjacent_vs_healthy_u1","adjacent_vs_healthy_u1","ranked","full_rank_covariate_adjusted","ranked_GSEA","GO","Biological Process","GO:0030324","lung development",NA,NA,1.96612139024278e-08,6.82730129948912e-07,4.73682941682383e-07,NA,NA,0.413817653705788,2.01203862709218,193,FALSE,"association-level pathway result; not causal or cell-intrinsic evidence","raw_cel_rma_tier_specific_enrichment"
"adjacent_vs_healthy_u1","adjacent_vs_healthy_u1","ranked","full_rank_covariate_adjusted","ranked_GSEA","GO","Biological Process","GO:0042326","negative regulation of phosphorylation",NA,NA,2.00283277885148e-08,6.91592704250335e-07,4.79831857750128e-07,NA,NA,0.404571646804416,1.99091565582905,204,FALSE,"association-level pathway result; not causal or cell-intrinsic evidence","raw_cel_rma_tier_specific_enrichment"
"adjacent_vs_healthy_u1","adjacent_vs_healthy_u1","ranked","full_rank_covariate_adjusted","ranked_GSEA","GO","Biological Process","GO:0045165","cell fate commitment",NA,NA,2.14126502531875e-08,7.35286617860843e-07,5.10147000768923e-07,NA,NA,0.364007508331986,1.85846208835309,286,FALSE,"association-level pathway result; not causal or cell-intrinsic evidence","raw_cel_rma_tier_specific_enrichment"
"adjacent_vs_healthy_u1","adjacent_vs_healthy_u1","ranked","full_rank_covariate_adjusted","ranked_GSEA","GO","Biological Process","GO:0048660","regulation of smooth muscle cell proliferation",NA,NA,2.15485314571778e-08,7.35864491363626e-07,5.10547933448924e-07,NA,NA,0.466127394372296,2.16297127673771,136,FALSE,"association-level pathway result; not causal or cell-intrinsic evidence","raw_cel_rma_tier_specific_enrichment"
"adjacent_vs_healthy_u1","adjacent_vs_healthy_u1","ranked","full_rank_covariate_adjusted","ranked_GSEA","GO","Biological Process","GO:0060541","respiratory system development",NA,NA,2.20383445787676e-08,7.48456087040454e-07,5.19284070641407e-07,NA,NA,0.400680745623204,1.97941108297536,219,FALSE,"association-level pathway result; not causal or cell-intrinsic evidence","raw_cel_rma_tier_specific_enrichment"
"adjacent_vs_healthy_u1","adjacent_vs_healthy_u1","ranked","full_rank_covariate_adjusted","ranked_GSEA","GO","Biological Process","GO:0061041","regulation of wound healing",NA,NA,2.25252184717253e-08,7.60810794391988e-07,5.27855853056133e-07,NA,NA,0.459104759260033,2.11506284998373,131,FALSE,"association-level pathway result; not causal or cell-intrinsic evidence","raw_cel_rma_tier_specific_enrichment"
"adjacent_vs_healthy_u1","adjacent_vs_healthy_u1","ranked","full_rank_covariate_adjusted","ranked_GSEA","GO","Biological Process","GO:0043491","phosphatidylinositol 3-kinase/protein kinase B signal transduction",NA,NA,2.5322936689551e-08,8.50657998250624e-07,5.90192471814822e-07,NA,NA,0.361274422454226,1.84709084652196,292,FALSE,"association-level pathway result; not causal or cell-intrinsic evidence","raw_cel_rma_tier_specific_enrichment"
"adjacent_vs_healthy_u1","adjacent_vs_healthy_u1","ranked","full_rank_covariate_adjusted","ranked_GSEA","GO","Biological Process","GO:0010562","positive regulation of phosphorus metabolic process",NA,NA,2.59132835468751e-08,8.61129062382985e-07,5.97457369382961e-07,NA,NA,0.316861597635926,1.71225332618413,474,FALSE,"association-level pathway result; not causal or cell-intrinsic evidence","raw_cel_rma_tier_specific_enrichment"
"adjacent_vs_healthy_u1","adjacent_vs_healthy_u1","ranked","full_rank_covariate_adjusted","ranked_GSEA","GO","Biological Process","GO:0045937","positive regulation of phosphate metabolic process",NA,NA,2.59132835468751e-08,8.61129062382985e-07,5.97457369382961e-07,NA,NA,0.316861597635926,1.71225332618413,474,FALSE,"association-level pathway result; not causal or cell-intrinsic evidence","raw_cel_rma_tier_specific_enrichment"
"adjacent_vs_healthy_u1","adjacent_vs_healthy_u1","ranked","full_rank_covariate_adjusted","ranked_GSEA","GO","Biological Process","GO:1903034","regulation of response to wounding",NA,NA,2.85371286083576e-08,9.43251293734001e-07,6.54434348159014e-07,NA,NA,0.432784982073767,2.0638145684217,167,FALSE,"association-level pathway result; not causal or cell-intrinsic evidence","raw_cel_rma_tier_specific_enrichment"
"adjacent_vs_healthy_u1","adjacent_vs_healthy_u1","ranked","full_rank_covariate_adjusted","ranked_GSEA","GO","Biological Process","GO:0007229","integrin-mediated signaling pathway",NA,NA,2.91537398424603e-08,9.58506733863016e-07,6.65018679273142e-07,NA,NA,0.498553961785187,2.22914750222317,107,FALSE,"association-level pathway result; not causal or cell-intrinsic evidence","raw_cel_rma_tier_specific_enrichment"
"adjacent_vs_healthy_u1","adjacent_vs_healthy_u1","ranked","full_rank_covariate_adjusted","ranked_GSEA","GO","Biological Process","GO:0001667","ameboidal-type cell migration",NA,NA,3.18160109539597e-08,1.04050139527209e-06,7.21907149130781e-07,NA,NA,0.393399917025288,1.96970908488602,228,FALSE,"association-level pathway result; not causal or cell-intrinsic evidence","raw_cel_rma_tier_specific_enrichment"
"adjacent_vs_healthy_u1","adjacent_vs_healthy_u1","ranked","full_rank_covariate_adjusted","ranked_GSEA","GO","Biological Process","GO:1903036","positive regulation of response to wounding",NA,NA,3.61513892261023e-08,1.17606177266599e-06,8.15959887574188e-07,NA,NA,0.556108644691988,2.35263970789904,72,FALSE,"association-level pathway result; not causal or cell-intrinsic evidence","raw_cel_rma_tier_specific_enrichment"
"adjacent_vs_healthy_u1","adjacent_vs_healthy_u1","ranked","full_rank_covariate_adjusted","ranked_GSEA","GO","Biological Process","GO:0043086","negative regulation of catalytic activity",NA,NA,3.7426134652717e-08,1.20484863691898e-06,8.35932415434041e-07,NA,NA,0.37266879770844,1.89755696082624,267,FALSE,"association-level pathway result; not causal or cell-intrinsic evidence","raw_cel_rma_tier_specific_enrichment"
"adjacent_vs_healthy_u1","adjacent_vs_healthy_u1","ranked","full_rank_covariate_adjusted","ranked_GSEA","GO","Biological Process","GO:0006936","muscle contraction",NA,NA,3.7345707926666e-08,1.20484863691898e-06,8.35932415434041e-07,NA,NA,0.346232962267588,1.80496165058523,336,FALSE,"association-level pathway result; not causal or cell-intrinsic evidence","raw_cel_rma_tier_specific_enrichment"
"adjacent_vs_healthy_u1","adjacent_vs_healthy_u1","ranked","full_rank_covariate_adjusted","ranked_GSEA","GO","Biological Process","GO:0003231","cardiac ventricle development",NA,NA,3.79116327543376e-08,1.21415441479047e-06,8.42388829240095e-07,NA,NA,0.470496418505556,2.15229890373819,126,FALSE,"association-level pathway result; not causal or cell-intrinsic evidence","raw_cel_rma_tier_specific_enrichment"
"adjacent_vs_healthy_u1","adjacent_vs_healthy_u1","ranked","full_rank_covariate_adjusted","ranked_GSEA","GO","Biological Process","GO:0045669","positive regulation of osteoblast differentiation",NA,NA,4.02248464057636e-08,1.28159678161868e-06,8.891808152853e-07,NA,NA,0.562202072200045,2.35623111302994,68,FALSE,"association-level pathway result; not causal or cell-intrinsic evidence","raw_cel_rma_tier_specific_enrichment"
"adjacent_vs_healthy_u1","adjacent_vs_healthy_u1","ranked","full_rank_covariate_adjusted","ranked_GSEA","GO","Biological Process","GO:0048592","eye morphogenesis",NA,NA,4.14670473982631e-08,1.31439907676238e-06,9.1193927719581e-07,NA,NA,0.427661528754379,2.03325839838733,166,FALSE,"association-level pathway result; not causal or cell-intrinsic evidence","raw_cel_rma_tier_specific_enrichment"
"adjacent_vs_healthy_u1","adjacent_vs_healthy_u1","ranked","full_rank_covariate_adjusted","ranked_GSEA","GO","Biological Process","GO:1901654","response to ketone",NA,NA,4.65480431197313e-08,1.46792578838295e-06,1.01845718404826e-06,NA,NA,0.396252915810876,1.96291358885046,216,FALSE,"association-level pathway result; not causal or cell-intrinsic evidence","raw_cel_rma_tier_specific_enrichment"
"adjacent_vs_healthy_u1","adjacent_vs_healthy_u1","ranked","full_rank_covariate_adjusted","ranked_GSEA","GO","Biological Process","GO:0044703","multi-organism reproductive process",NA,NA,5.31710845561744e-08,1.66827651594779e-06,1.15746192082209e-06,NA,NA,0.401982828578719,1.96894496450661,200,FALSE,"association-level pathway result; not causal or cell-intrinsic evidence","raw_cel_rma_tier_specific_enrichment"
"adjacent_vs_healthy_u1","adjacent_vs_healthy_u1","ranked","full_rank_covariate_adjusted","ranked_GSEA","GO","Biological Process","GO:0050807","regulation of synapse organization",NA,NA,5.41740153840289e-08,1.69040898934405e-06,1.17281758574028e-06,NA,NA,0.359510921826221,1.8424213530777,306,FALSE,"association-level pathway result; not causal or cell-intrinsic evidence","raw_cel_rma_tier_specific_enrichment"
"adjacent_vs_healthy_u1","adjacent_vs_healthy_u1","ranked","full_rank_covariate_adjusted","ranked_GSEA","GO","Biological Process","GO:0042327","positive regulation of phosphorylation",NA,NA,5.44234571880708e-08,1.69040898934405e-06,1.17281758574028e-06,NA,NA,0.327388082300026,1.74063382754178,419,FALSE,"association-level pathway result; not causal or cell-intrinsic evidence","raw_cel_rma_tier_specific_enrichment"
"adjacent_vs_healthy_u1","adjacent_vs_healthy_u1","ranked","full_rank_covariate_adjusted","ranked_GSEA","GO","Biological Process","GO:1903311","regulation of mRNA metabolic process",NA,NA,5.67929690574315e-08,1.75518670871992e-06,1.21776082073672e-06,NA,NA,0.368402370004673,1.88257974280282,283,FALSE,"association-level pathway result; not causal or cell-intrinsic evidence","raw_cel_rma_tier_specific_enrichment"
"adjacent_vs_healthy_u1","adjacent_vs_healthy_u1","ranked","full_rank_covariate_adjusted","ranked_GSEA","GO","Biological Process","GO:0035924","cellular response to vascular endothelial growth factor stimulus",NA,NA,5.98834376447918e-08,1.83600449289499e-06,1.273832764934e-06,NA,NA,0.486291404079267,2.1753718574114,106,FALSE,"association-level pathway result; not causal or cell-intrinsic evidence","raw_cel_rma_tier_specific_enrichment"
"adjacent_vs_healthy_u1","adjacent_vs_healthy_u1","ranked","full_rank_covariate_adjusted","ranked_GSEA","GO","Biological Process","GO:0046034","ATP metabolic process",NA,NA,6.00020882648095e-08,1.83600449289499e-06,1.273832764934e-06,NA,NA,-0.416385293730781,-1.94653424068907,214,FALSE,"association-level pathway result; not causal or cell-intrinsic evidence","raw_cel_rma_tier_specific_enrichment"
"adjacent_vs_healthy_u1","adjacent_vs_healthy_u1","ranked","full_rank_covariate_adjusted","ranked_GSEA","GO","Biological Process","GO:0010563","negative regulation of phosphorus metabolic process",NA,NA,6.30077152589976e-08,1.90907200007777e-06,1.3245275127201e-06,NA,NA,0.37311022596688,1.88812590760113,246,FALSE,"association-level pathway result; not causal or cell-intrinsic evidence","raw_cel_rma_tier_specific_enrichment"
"adjacent_vs_healthy_u1","adjacent_vs_healthy_u1","ranked","full_rank_covariate_adjusted","ranked_GSEA","GO","Biological Process","GO:0045936","negative regulation of phosphate metabolic process",NA,NA,6.30077152589976e-08,1.90907200007777e-06,1.3245275127201e-06,NA,NA,0.37311022596688,1.88812590760113,246,FALSE,"association-level pathway result; not causal or cell-intrinsic evidence","raw_cel_rma_tier_specific_enrichment"
"adjacent_vs_healthy_u1","adjacent_vs_healthy_u1","ranked","full_rank_covariate_adjusted","ranked_GSEA","GO","Biological Process","GO:0032102","negative regulation of response to external stimulus",NA,NA,6.36111742580726e-08,1.91795447848364e-06,1.3306902383948e-06,NA,NA,0.333945857720504,1.76716077137759,386,FALSE,"association-level pathway result; not causal or cell-intrinsic evidence","raw_cel_rma_tier_specific_enrichment"
"adjacent_vs_healthy_u1","adjacent_vs_healthy_u1","ranked","full_rank_covariate_adjusted","ranked_GSEA","GO","Biological Process","GO:0002064","epithelial cell development",NA,NA,6.43573424363727e-08,1.93103268737485e-06,1.33976399124059e-06,NA,NA,0.391945854758951,1.94656938546716,217,FALSE,"association-level pathway result; not causal or cell-intrinsic evidence","raw_cel_rma_tier_specific_enrichment"
"adjacent_vs_healthy_u1","adjacent_vs_healthy_u1","ranked","full_rank_covariate_adjusted","ranked_GSEA","GO","Biological Process","GO:0003197","endocardial cushion development",NA,NA,6.47911302122911e-08,1.93465688812643e-06,1.34227848708301e-06,NA,NA,0.61576948920725,2.44051019810248,52,FALSE,"association-level pathway result; not causal or cell-intrinsic evidence","raw_cel_rma_tier_specific_enrichment"
"adjacent_vs_healthy_u1","adjacent_vs_healthy_u1","ranked","full_rank_covariate_adjusted","ranked_GSEA","GO","Biological Process","GO:0003170","heart valve development",NA,NA,6.56902484949875e-08,1.95207416320922e-06,1.35436271441589e-06,NA,NA,0.547493162949065,2.30700859025992,74,FALSE,"association-level pathway result; not causal or cell-intrinsic evidence","raw_cel_rma_tier_specific_enrichment"
"adjacent_vs_healthy_u1","adjacent_vs_healthy_u1","ranked","full_rank_covariate_adjusted","ranked_GSEA","GO","Biological Process","GO:0050803","regulation of synapse structure or activity",NA,NA,6.7322945284693e-08,1.99101973590759e-06,1.38138342528249e-06,NA,NA,0.355825200317464,1.83013272758157,312,FALSE,"association-level pathway result; not causal or cell-intrinsic evidence","raw_cel_rma_tier_specific_enrichment"
"adjacent_vs_healthy_u1","adjacent_vs_healthy_u1","ranked","full_rank_covariate_adjusted","ranked_GSEA","GO","Biological Process","GO:0001934","positive regulation of protein phosphorylation",NA,NA,6.79700378121827e-08,2.00058477960524e-06,1.38801971953299e-06,NA,NA,0.325990807643233,1.72744053124759,396,FALSE,"association-level pathway result; not causal or cell-intrinsic evidence","raw_cel_rma_tier_specific_enrichment"
"adjacent_vs_healthy_u1","adjacent_vs_healthy_u1","ranked","full_rank_covariate_adjusted","ranked_GSEA","GO","Biological Process","GO:0072577","endothelial cell apoptotic process",NA,NA,6.88655733366749e-08,2.01733700850231e-06,1.39964253316844e-06,NA,NA,0.58715041641771,2.39478609689544,59,FALSE,"association-level pathway result; not causal or cell-intrinsic evidence","raw_cel_rma_tier_specific_enrichment"
"adjacent_vs_healthy_u1","adjacent_vs_healthy_u1","ranked","full_rank_covariate_adjusted","ranked_GSEA","GO","Biological Process","GO:0033627","cell adhesion mediated by integrin",NA,NA,7.28605375357638e-08,2.11821407993401e-06,1.46963175123275e-06,NA,NA,0.518424351808189,2.25713405871259,87,FALSE,"association-level pathway result; not causal or cell-intrinsic evidence","raw_cel_rma_tier_specific_enrichment"
"adjacent_vs_healthy_u1","adjacent_vs_healthy_u1","ranked","full_rank_covariate_adjusted","ranked_GSEA","GO","Biological Process","GO:0009117","nucleotide metabolic process",NA,NA,7.29945961860448e-08,2.11821407993401e-06,1.46963175123275e-06,NA,NA,-0.34007654302386,-1.7211898339705,474,FALSE,"association-level pathway result; not causal or cell-intrinsic evidence","raw_cel_rma_tier_specific_enrichment"
"adjacent_vs_healthy_u1","adjacent_vs_healthy_u1","ranked","full_rank_covariate_adjusted","ranked_GSEA","GO","Biological Process","GO:0010595","positive regulation of endothelial cell migration",NA,NA,7.36746217540405e-08,2.12795718253142e-06,1.4763915839939e-06,NA,NA,0.489489687505103,2.17601277204629,103,FALSE,"association-level pathway result; not causal or cell-intrinsic evidence","raw_cel_rma_tier_specific_enrichment"
"adjacent_vs_healthy_u1","adjacent_vs_healthy_u1","ranked","full_rank_covariate_adjusted","ranked_GSEA","GO","Biological Process","GO:0009083","branched-chain amino acid catabolic process",NA,NA,7.8037067356319e-08,2.24347494571818e-06,1.55653861644868e-06,NA,NA,-0.763709754419387,-2.31541100443142,22,FALSE,"association-level pathway result; not causal or cell-intrinsic evidence","raw_cel_rma_tier_specific_enrichment"
"adjacent_vs_healthy_u1","adjacent_vs_healthy_u1","ranked","full_rank_covariate_adjusted","ranked_GSEA","GO","Biological Process","GO:0014812","muscle cell migration",NA,NA,7.86314875849387e-08,2.25009826278938e-06,1.56113392018051e-06,NA,NA,0.517597398148885,2.25353363897367,87,FALSE,"association-level pathway result; not causal or cell-intrinsic evidence","raw_cel_rma_tier_specific_enrichment"
"adjacent_vs_healthy_u1","adjacent_vs_healthy_u1","ranked","full_rank_covariate_adjusted","ranked_GSEA","GO","Biological Process","GO:0035265","organ growth",NA,NA,8.16073093589977e-08,2.32449206980629e-06,1.61274886407255e-06,NA,NA,0.420638508151841,1.97887055451961,158,FALSE,"association-level pathway result; not causal or cell-intrinsic evidence","raw_cel_rma_tier_specific_enrichment"
"adjacent_vs_healthy_u1","adjacent_vs_healthy_u1","ranked","full_rank_covariate_adjusted","ranked_GSEA","GO","Biological Process","GO:0048511","rhythmic process",NA,NA,8.45369057305977e-08,2.39689272624231e-06,1.66298094614416e-06,NA,NA,0.359747968782935,1.83952910281483,293,FALSE,"association-level pathway result; not causal or cell-intrinsic evidence","raw_cel_rma_tier_specific_enrichment"
"adjacent_vs_healthy_u1","adjacent_vs_healthy_u1","ranked","full_rank_covariate_adjusted","ranked_GSEA","GO","Biological Process","GO:0090151","establishment of protein localization to mitochondrial membrane",NA,NA,8.79129705159388e-08,2.48123319981287e-06,1.72149695689466e-06,NA,NA,-0.695040382633417,-2.31901734663355,33,FALSE,"association-level pathway result; not causal or cell-intrinsic evidence","raw_cel_rma_tier_specific_enrichment"
"adjacent_vs_healthy_u1","adjacent_vs_healthy_u1","ranked","full_rank_covariate_adjusted","ranked_GSEA","GO","Biological Process","GO:0001945","lymph vessel development",NA,NA,9.25807318131095e-08,2.60109774244013e-06,1.80465981534262e-06,NA,NA,0.710324358498953,2.49052156971106,31,FALSE,"association-level pathway result; not causal or cell-intrinsic evidence","raw_cel_rma_tier_specific_enrichment"
"adjacent_vs_healthy_u1","adjacent_vs_healthy_u1","ranked","full_rank_covariate_adjusted","ranked_GSEA","GO","Biological Process","GO:0030282","bone mineralization",NA,NA,9.60943797524106e-08,2.68759891968167e-06,1.86467493741996e-06,NA,NA,0.453053042367181,2.068830489106,124,FALSE,"association-level pathway result; not causal or cell-intrinsic evidence","raw_cel_rma_tier_specific_enrichment"
"adjacent_vs_healthy_u1","adjacent_vs_healthy_u1","ranked","full_rank_covariate_adjusted","ranked_GSEA","GO","Biological Process","GO:0072132","mesenchyme morphogenesis",NA,NA,9.75019441886851e-08,2.71468250914533e-06,1.88346572131201e-06,NA,NA,0.594155315522636,2.4099510464946,58,FALSE,"association-level pathway result; not causal or cell-intrinsic evidence","raw_cel_rma_tier_specific_enrichment"
"adjacent_vs_healthy_u1","adjacent_vs_healthy_u1","ranked","full_rank_covariate_adjusted","ranked_GSEA","GO","Biological Process","GO:0048705","skeletal system morphogenesis",NA,NA,9.88792451369088e-08,2.74068436857055e-06,1.9015059933338e-06,NA,NA,0.380763168237675,1.88734843478663,224,FALSE,"association-level pathway result; not causal or cell-intrinsic evidence","raw_cel_rma_tier_specific_enrichment"
"adjacent_vs_healthy_u1","adjacent_vs_healthy_u1","ranked","full_rank_covariate_adjusted","ranked_GSEA","GO","Biological Process","GO:0090100","positive regulation of transmembrane receptor protein serine/threonine kinase signaling pathway",NA,NA,1.04310739173928e-07,2.87832445908059e-06,1.99700165129034e-06,NA,NA,0.482394698035313,2.15794036552502,106,FALSE,"association-level pathway result; not causal or cell-intrinsic evidence","raw_cel_rma_tier_specific_enrichment"
"adjacent_vs_healthy_u1","adjacent_vs_healthy_u1","ranked","full_rank_covariate_adjusted","ranked_GSEA","GO","Biological Process","GO:0008535","respiratory chain complex IV assembly",NA,NA,1.06585040495294e-07,2.92800949022849e-06,2.03147347358048e-06,NA,NA,-0.725556333048404,-2.32736903626802,28,FALSE,"association-level pathway result; not causal or cell-intrinsic evidence","raw_cel_rma_tier_specific_enrichment"
"adjacent_vs_healthy_u1","adjacent_vs_healthy_u1","ranked","full_rank_covariate_adjusted","ranked_GSEA","GO","Biological Process","GO:0030856","regulation of epithelial cell differentiation",NA,NA,1.07075798265577e-07,2.92847570389174e-06,2.03179693588245e-06,NA,NA,0.431494456916766,2.03010274461153,155,FALSE,"association-level pathway result; not causal or cell-intrinsic evidence","raw_cel_rma_tier_specific_enrichment"
"adjacent_vs_healthy_u1","adjacent_vs_healthy_u1","ranked","full_rank_covariate_adjusted","ranked_GSEA","GO","Biological Process","GO:0006120","mitochondrial electron transport, NADH to ubiquinone",NA,NA,1.08278837897945e-07,2.94833258611101e-06,2.04557377971819e-06,NA,NA,-0.658795211182276,-2.35400677812172,43,FALSE,"association-level pathway result; not causal or cell-intrinsic evidence","raw_cel_rma_tier_specific_enrichment"
"adjacent_vs_healthy_u1","adjacent_vs_healthy_u1","ranked","full_rank_covariate_adjusted","ranked_GSEA","GO","Biological Process","GO:0007492","endoderm development",NA,NA,1.1181462533926e-07,3.03125525974546e-06,2.10310611095173e-06,NA,NA,0.517778548979317,2.23636661876456,85,FALSE,"association-level pathway result; not causal or cell-intrinsic evidence","raw_cel_rma_tier_specific_enrichment"
"adjacent_vs_healthy_u1","adjacent_vs_healthy_u1","ranked","full_rank_covariate_adjusted","ranked_GSEA","GO","Biological Process","GO:2001044","regulation of integrin-mediated signaling pathway",NA,NA,1.20476389316559e-07,3.25181031600722e-06,2.25612875235882e-06,NA,NA,0.799924634333901,2.44797142258444,19,FALSE,"association-level pathway result; not causal or cell-intrinsic evidence","raw_cel_rma_tier_specific_enrichment"
"adjacent_vs_healthy_u1","adjacent_vs_healthy_u1","ranked","full_rank_covariate_adjusted","ranked_GSEA","GO","Biological Process","GO:0051893","regulation of focal adhesion assembly",NA,NA,1.25375277307301e-07,3.35473848067717e-06,2.32754103326472e-06,NA,NA,0.58485692156479,2.418969553277,61,FALSE,"association-level pathway result; not causal or cell-intrinsic evidence","raw_cel_rma_tier_specific_enrichment"
"adjacent_vs_healthy_u1","adjacent_vs_healthy_u1","ranked","full_rank_covariate_adjusted","ranked_GSEA","GO","Biological Process","GO:0090109","regulation of cell-substrate junction assembly",NA,NA,1.25375277307301e-07,3.35473848067717e-06,2.32754103326472e-06,NA,NA,0.58485692156479,2.418969553277,61,FALSE,"association-level pathway result; not causal or cell-intrinsic evidence","raw_cel_rma_tier_specific_enrichment"
"adjacent_vs_healthy_u1","adjacent_vs_healthy_u1","ranked","full_rank_covariate_adjusted","ranked_GSEA","GO","Biological Process","GO:0010812","negative regulation of cell-substrate adhesion",NA,NA,1.26138465054674e-07,3.36061143320233e-06,2.3316157288237e-06,NA,NA,0.584713143496231,2.40482426817222,60,FALSE,"association-level pathway result; not causal or cell-intrinsic evidence","raw_cel_rma_tier_specific_enrichment"
"adjacent_vs_healthy_u1","adjacent_vs_healthy_u1","ranked","full_rank_covariate_adjusted","ranked_GSEA","GO","Biological Process","GO:0044089","positive regulation of cellular component biogenesis",NA,NA,1.31677793987756e-07,3.49313495552928e-06,2.42356147597072e-06,NA,NA,0.309838562445559,1.68148446428913,494,FALSE,"association-level pathway result; not causal or cell-intrinsic evidence","raw_cel_rma_tier_specific_enrichment"
"adjacent_vs_healthy_u1","adjacent_vs_healthy_u1","ranked","full_rank_covariate_adjusted","ranked_GSEA","GO","Biological Process","GO:0001885","endothelial cell development",NA,NA,1.36888210958975e-07,3.6004534478696e-06,2.49801979693641e-06,NA,NA,0.555945221164006,2.3199570036895,66,FALSE,"association-level pathway result; not causal or cell-intrinsic evidence","raw_cel_rma_tier_specific_enrichment"
"adjacent_vs_healthy_u1","adjacent_vs_healthy_u1","ranked","full_rank_covariate_adjusted","ranked_GSEA","GO","Biological Process","GO:0050907","detection of chemical stimulus involved in sensory perception",NA,NA,1.36888296432512e-07,3.6004534478696e-06,2.49801979693641e-06,NA,NA,-0.35426517308363,-1.75751495347882,381,FALSE,"association-level pathway result; not causal or cell-intrinsic evidence","raw_cel_rma_tier_specific_enrichment"
"adjacent_vs_healthy_u1","adjacent_vs_healthy_u1","ranked","full_rank_covariate_adjusted","ranked_GSEA","GO","Biological Process","GO:0048010","vascular endothelial growth factor receptor signaling pathway",NA,NA,1.41451151324274e-07,3.6890699001491e-06,2.55950251163709e-06,NA,NA,0.493124284371151,2.18727744140069,99,FALSE,"association-level pathway result; not causal or cell-intrinsic evidence","raw_cel_rma_tier_specific_enrichment"
"adjacent_vs_healthy_u1","adjacent_vs_healthy_u1","ranked","full_rank_covariate_adjusted","ranked_GSEA","GO","Biological Process","GO:0006520","amino acid metabolic process",NA,NA,1.40927717931818e-07,3.6890699001491e-06,2.55950251163709e-06,NA,NA,-0.385132658527264,-1.84472090104723,269,FALSE,"association-level pathway result; not causal or cell-intrinsic evidence","raw_cel_rma_tier_specific_enrichment"
"adjacent_vs_healthy_u1","adjacent_vs_healthy_u1","ranked","full_rank_covariate_adjusted","ranked_GSEA","GO","Biological Process","GO:0009144","purine nucleoside triphosphate metabolic process",NA,NA,1.46776472377719e-07,3.81187132675077e-06,2.64470300073785e-06,NA,NA,-0.394054026702967,-1.86273052979733,242,FALSE,"association-level pathway result; not causal or cell-intrinsic evidence","raw_cel_rma_tier_specific_enrichment"
"adjacent_vs_healthy_u1","adjacent_vs_healthy_u1","ranked","full_rank_covariate_adjusted","ranked_GSEA","GO","Biological Process","GO:0007565","female pregnancy",NA,NA,1.62114743795447e-07,4.19259929455923e-06,2.9088547290141e-06,NA,NA,0.406511787728393,1.95423144480224,180,FALSE,"association-level pathway result; not causal or cell-intrinsic evidence","raw_cel_rma_tier_specific_enrichment"
"adjacent_vs_healthy_u1","adjacent_vs_healthy_u1","ranked","full_rank_covariate_adjusted","ranked_GSEA","GO","Biological Process","GO:1903844","regulation of cellular response to transforming growth factor beta stimulus",NA,NA,1.67896319673516e-07,4.30928799292312e-06,2.9898141644886e-06,NA,NA,0.437920057920685,2.0303582411813,142,FALSE,"association-level pathway result; not causal or cell-intrinsic evidence","raw_cel_rma_tier_specific_enrichment"
"adjacent_vs_healthy_u1","adjacent_vs_healthy_u1","ranked","full_rank_covariate_adjusted","ranked_GSEA","GO","Biological Process","GO:0060828","regulation of canonical Wnt signaling pathway",NA,NA,1.68021097928243e-07,4.30928799292312e-06,2.9898141644886e-06,NA,NA,0.366003772187892,1.85418277046466,251,FALSE,"association-level pathway result; not causal or cell-intrinsic evidence","raw_cel_rma_tier_specific_enrichment"
"adjacent_vs_healthy_u1","adjacent_vs_healthy_u1","ranked","full_rank_covariate_adjusted","ranked_GSEA","GO","Biological Process","GO:0090303","positive regulation of wound healing",NA,NA,1.7174855047648e-07,4.36863288269597e-06,3.03098806428927e-06,NA,NA,0.567823763754291,2.35879485460408,62,FALSE,"association-level pathway result; not causal or cell-intrinsic evidence","raw_cel_rma_tier_specific_enrichment"
"adjacent_vs_healthy_u1","adjacent_vs_healthy_u1","ranked","full_rank_covariate_adjusted","ranked_GSEA","GO","Biological Process","GO:0050767","regulation of neurogenesis",NA,NA,1.71429040491739e-07,4.36863288269597e-06,3.03098806428927e-06,NA,NA,0.329841040824109,1.72717089699066,359,FALSE,"association-level pathway result; not causal or cell-intrinsic evidence","raw_cel_rma_tier_specific_enrichment"
"adjacent_vs_healthy_u1","adjacent_vs_healthy_u1","ranked","full_rank_covariate_adjusted","ranked_GSEA","GO","Biological Process","GO:0010586","miRNA metabolic process",NA,NA,1.75446162163602e-07,4.44439642759517e-06,3.08355334190903e-06,NA,NA,0.477165937101652,2.12434058961043,104,FALSE,"association-level pathway result; not causal or cell-intrinsic evidence","raw_cel_rma_tier_specific_enrichment"
"adjacent_vs_healthy_u1","adjacent_vs_healthy_u1","ranked","full_rank_covariate_adjusted","ranked_GSEA","GO","Biological Process","GO:0040036","regulation of fibroblast growth factor receptor signaling pathway",NA,NA,1.82150319202581e-07,4.5953923387394e-06,3.18831536168126e-06,NA,NA,0.682944128558699,2.43358049436284,34,FALSE,"association-level pathway result; not causal or cell-intrinsic evidence","raw_cel_rma_tier_specific_enrichment"
"adjacent_vs_healthy_u1","adjacent_vs_healthy_u1","ranked","full_rank_covariate_adjusted","ranked_GSEA","GO","Biological Process","GO:0061383","trabecula morphogenesis",NA,NA,1.9123984216829e-07,4.80509538391139e-06,3.33380880185543e-06,NA,NA,0.610692435318556,2.37355010120057,48,FALSE,"association-level pathway result; not causal or cell-intrinsic evidence","raw_cel_rma_tier_specific_enrichment"
"adjacent_vs_healthy_u1","adjacent_vs_healthy_u1","ranked","full_rank_covariate_adjusted","ranked_GSEA","GO","Biological Process","GO:0017015","regulation of transforming growth factor beta receptor signaling pathway",NA,NA,1.97577764555158e-07,4.94424357374669e-06,3.43035078967703e-06,NA,NA,0.444697107830534,2.05874919685609,139,FALSE,"association-level pathway result; not causal or cell-intrinsic evidence","raw_cel_rma_tier_specific_enrichment"
"adjacent_vs_healthy_u1","adjacent_vs_healthy_u1","ranked","full_rank_covariate_adjusted","ranked_GSEA","GO","Biological Process","GO:0044706","multi-multicellular organism process",NA,NA,2.05599495909864e-07,5.12423582346317e-06,3.55523067205766e-06,NA,NA,0.388431457695654,1.91178482846917,208,FALSE,"association-level pathway result; not causal or cell-intrinsic evidence","raw_cel_rma_tier_specific_enrichment"
"adjacent_vs_healthy_u1","adjacent_vs_healthy_u1","ranked","full_rank_covariate_adjusted","ranked_GSEA","GO","Biological Process","GO:0001935","endothelial cell proliferation",NA,NA,2.18184016566832e-07,5.41604580883369e-06,3.75769048189928e-06,NA,NA,0.425309369884837,2.00761770981365,153,FALSE,"association-level pathway result; not causal or cell-intrinsic evidence","raw_cel_rma_tier_specific_enrichment"
"adjacent_vs_healthy_u1","adjacent_vs_healthy_u1","ranked","full_rank_covariate_adjusted","ranked_GSEA","GO","Biological Process","GO:0030258","lipid modification",NA,NA,2.22495384653413e-07,5.50097589017098e-06,3.81661556664423e-06,NA,NA,-0.419508371969653,-1.92638037600604,188,FALSE,"association-level pathway result; not causal or cell-intrinsic evidence","raw_cel_rma_tier_specific_enrichment"
"adjacent_vs_healthy_u1","adjacent_vs_healthy_u1","ranked","full_rank_covariate_adjusted","ranked_GSEA","GO","Biological Process","GO:0060070","canonical Wnt signaling pathway",NA,NA,2.25958139683537e-07,5.56433171866113e-06,3.86057228379422e-06,NA,NA,0.350621818681499,1.79686648269893,306,FALSE,"association-level pathway result; not causal or cell-intrinsic evidence","raw_cel_rma_tier_specific_enrichment"
"adjacent_vs_healthy_u1","adjacent_vs_healthy_u1","ranked","full_rank_covariate_adjusted","ranked_GSEA","GO","Biological Process","GO:0031214","biomineral tissue development",NA,NA,2.40164039601703e-07,5.890690193564e-06,4.0870020774325e-06,NA,NA,0.407051750588943,1.95734269512536,177,FALSE,"association-level pathway result; not causal or cell-intrinsic evidence","raw_cel_rma_tier_specific_enrichment"
"adjacent_vs_healthy_u1","adjacent_vs_healthy_u1","ranked","full_rank_covariate_adjusted","ranked_GSEA","GO","Biological Process","GO:0035633","maintenance of blood-brain barrier",NA,NA,2.55803135939852e-07,6.24932652742221e-06,4.33582647548397e-06,NA,NA,0.657347843676803,2.43301873274648,39,FALSE,"association-level pathway result; not causal or cell-intrinsic evidence","raw_cel_rma_tier_specific_enrichment"
"adjacent_vs_healthy_u1","adjacent_vs_healthy_u1","ranked","full_rank_covariate_adjusted","ranked_GSEA","GO","Biological Process","GO:0016032","viral process",NA,NA,2.56807788054561e-07,6.24932652742221e-06,4.33582647548397e-06,NA,NA,0.325444583909123,1.71592772992054,391,FALSE,"association-level pathway result; not causal or cell-intrinsic evidence","raw_cel_rma_tier_specific_enrichment"
"adjacent_vs_healthy_u1","adjacent_vs_healthy_u1","ranked","full_rank_covariate_adjusted","ranked_GSEA","GO","Biological Process","GO:0016236","macroautophagy",NA,NA,3.231717844117e-07,7.80283124784656e-06,5.41365892143613e-06,NA,NA,-0.353294855337827,-1.73994913118066,355,FALSE,"association-level pathway result; not causal or cell-intrinsic evidence","raw_cel_rma_tier_specific_enrichment"
"adjacent_vs_healthy_u1","adjacent_vs_healthy_u1","ranked","full_rank_covariate_adjusted","ranked_GSEA","GO","Biological Process","GO:0009615","response to virus",NA,NA,3.22570677949323e-07,7.80283124784656e-06,5.41365892143613e-06,NA,NA,0.317304754154324,1.67754963610332,389,FALSE,"association-level pathway result; not causal or cell-intrinsic evidence","raw_cel_rma_tier_specific_enrichment"
"adjacent_vs_healthy_u1","adjacent_vs_healthy_u1","ranked","full_rank_covariate_adjusted","ranked_GSEA","GO","Biological Process","GO:1903706","regulation of hemopoiesis",NA,NA,3.33826966131318e-07,8.02873337609991e-06,5.57039139880807e-06,NA,NA,0.318935124209761,1.70060871404817,411,FALSE,"association-level pathway result; not causal or cell-intrinsic evidence","raw_cel_rma_tier_specific_enrichment"
"adjacent_vs_healthy_u1","adjacent_vs_healthy_u1","ranked","full_rank_covariate_adjusted","ranked_GSEA","GO","Biological Process","GO:0009081","branched-chain amino acid metabolic process",NA,NA,3.56362507985707e-07,8.53750644131648e-06,5.92338171168408e-06,NA,NA,-0.718051951744081,-2.27210526035228,26,FALSE,"association-level pathway result; not causal or cell-intrinsic evidence","raw_cel_rma_tier_specific_enrichment"
"adjacent_vs_healthy_u1","adjacent_vs_healthy_u1","ranked","full_rank_covariate_adjusted","ranked_GSEA","GO","Biological Process","GO:0051146","striated muscle cell differentiation",NA,NA,3.58210804373358e-07,8.54865243950472e-06,5.93111488322316e-06,NA,NA,0.346093521216741,1.77073887016176,287,FALSE,"association-level pathway result; not causal or cell-intrinsic evidence","raw_cel_rma_tier_specific_enrichment"
"adjacent_vs_healthy_u1","adjacent_vs_healthy_u1","ranked","full_rank_covariate_adjusted","ranked_GSEA","GO","Biological Process","GO:0002042","cell migration involved in sprouting angiogenesis",NA,NA,3.61270836180183e-07,8.58851937857582e-06,5.95877484452659e-06,NA,NA,0.590584354391458,2.34059927769489,54,FALSE,"association-level pathway result; not causal or cell-intrinsic evidence","raw_cel_rma_tier_specific_enrichment"
"adjacent_vs_healthy_u1","adjacent_vs_healthy_u1","ranked","full_rank_covariate_adjusted","ranked_GSEA","GO","Biological Process","GO:1903900","regulation of viral life cycle",NA,NA,3.6966974043821e-07,8.75451596033937e-06,6.07394443454433e-06,NA,NA,0.464312615706744,2.08371377852478,112,FALSE,"association-level pathway result; not causal or cell-intrinsic evidence","raw_cel_rma_tier_specific_enrichment"
"adjacent_vs_healthy_u1","adjacent_vs_healthy_u1","ranked","full_rank_covariate_adjusted","ranked_GSEA","GO","Biological Process","GO:0009141","nucleoside triphosphate metabolic process",NA,NA,3.88038118824893e-07,9.15444126891856e-06,6.35141541218407e-06,NA,NA,-0.384090001404235,-1.82582798583551,257,FALSE,"association-level pathway result; not causal or cell-intrinsic evidence","raw_cel_rma_tier_specific_enrichment"
"adjacent_vs_healthy_u1","adjacent_vs_healthy_u1","ranked","full_rank_covariate_adjusted","ranked_GSEA","GO","Biological Process","GO:0010718","positive regulation of epithelial to mesenchymal transition",NA,NA,4.28201619303371e-07,1.00551711231359e-05,6.97634808805516e-06,NA,NA,0.573640045372337,2.28861204505457,55,FALSE,"association-level pathway result; not causal or cell-intrinsic evidence","raw_cel_rma_tier_specific_enrichment"
"adjacent_vs_healthy_u1","adjacent_vs_healthy_u1","ranked","full_rank_covariate_adjusted","ranked_GSEA","GO","Biological Process","GO:0043410","positive regulation of MAPK cascade",NA,NA,4.29471796878801e-07,1.00551711231359e-05,6.97634808805516e-06,NA,NA,0.309302615753316,1.65567882474178,438,FALSE,"association-level pathway result; not causal or cell-intrinsic evidence","raw_cel_rma_tier_specific_enrichment"
"adjacent_vs_healthy_u1","adjacent_vs_healthy_u1","ranked","full_rank_covariate_adjusted","ranked_GSEA","GO","Biological Process","GO:0055002","striated muscle cell development",NA,NA,4.40065352228657e-07,1.02643167627371e-05,7.12145479634378e-06,NA,NA,0.410422616434737,1.94381971683003,162,FALSE,"association-level pathway result; not causal or cell-intrinsic evidence","raw_cel_rma_tier_specific_enrichment"
"adjacent_vs_healthy_u1","adjacent_vs_healthy_u1","ranked","full_rank_covariate_adjusted","ranked_GSEA","GO","Biological Process","GO:0071674","mononuclear cell migration",NA,NA,4.45784478486023e-07,1.03586235395568e-05,7.18688549802951e-06,NA,NA,0.381436338898659,1.88293684619332,214,FALSE,"association-level pathway result; not causal or cell-intrinsic evidence","raw_cel_rma_tier_specific_enrichment"
"adjacent_vs_healthy_u1","adjacent_vs_healthy_u1","ranked","full_rank_covariate_adjusted","ranked_GSEA","GO","Biological Process","GO:0006163","purine nucleotide metabolic process",NA,NA,4.52277750469439e-07,1.04701452271595e-05,7.26426002528087e-06,NA,NA,-0.342130698880431,-1.71539970755605,418,FALSE,"association-level pathway result; not causal or cell-intrinsic evidence","raw_cel_rma_tier_specific_enrichment"
"adjacent_vs_healthy_u1","adjacent_vs_healthy_u1","ranked","full_rank_covariate_adjusted","ranked_GSEA","GO","Biological Process","GO:0009205","purine ribonucleoside triphosphate metabolic process",NA,NA,4.55664328627637e-07,1.05091836389829e-05,7.29134514858206e-06,NA,NA,-0.390634870086803,-1.84082264694579,235,FALSE,"association-level pathway result; not causal or cell-intrinsic evidence","raw_cel_rma_tier_specific_enrichment"
"adjacent_vs_healthy_u1","adjacent_vs_healthy_u1","ranked","full_rank_covariate_adjusted","ranked_GSEA","GO","Biological Process","GO:0045778","positive regulation of ossification",NA,NA,4.73573344817149e-07,1.08816239565606e-05,7.54974684713388e-06,NA,NA,0.571793517664331,2.28124508107051,55,FALSE,"association-level pathway result; not causal or cell-intrinsic evidence","raw_cel_rma_tier_specific_enrichment"
"adjacent_vs_healthy_u1","adjacent_vs_healthy_u1","ranked","full_rank_covariate_adjusted","ranked_GSEA","GO","Biological Process","GO:0030178","negative regulation of Wnt signaling pathway",NA,NA,5.08502772349912e-07,1.16409467996104e-05,8.07657034913662e-06,NA,NA,0.409051690214403,1.94093974963873,164,FALSE,"association-level pathway result; not causal or cell-intrinsic evidence","raw_cel_rma_tier_specific_enrichment"
"adjacent_vs_healthy_u1","adjacent_vs_healthy_u1","ranked","full_rank_covariate_adjusted","ranked_GSEA","GO","Biological Process","GO:0018212","peptidyl-tyrosine modification",NA,NA,5.11173936499712e-07,1.16589155037074e-05,8.08903716177831e-06,NA,NA,0.38952803367199,1.89667997802165,192,FALSE,"association-level pathway result; not causal or cell-intrinsic evidence","raw_cel_rma_tier_specific_enrichment"
"adjacent_vs_healthy_u1","adjacent_vs_healthy_u1","ranked","full_rank_covariate_adjusted","ranked_GSEA","GO","Biological Process","GO:0014909","smooth muscle cell migration",NA,NA,5.18563013668328e-07,1.17773830160917e-05,8.17123075086771e-06,NA,NA,0.526145354272714,2.21007407250889,73,FALSE,"association-level pathway result; not causal or cell-intrinsic evidence","raw_cel_rma_tier_specific_enrichment"
"adjacent_vs_healthy_u1","adjacent_vs_healthy_u1","ranked","full_rank_covariate_adjusted","ranked_GSEA","GO","Biological Process","GO:1902903","regulation of supramolecular fiber organization",NA,NA,5.20178864810393e-07,1.17773830160917e-05,8.17123075086771e-06,NA,NA,0.32375700137091,1.70447886837719,367,FALSE,"association-level pathway result; not causal or cell-intrinsic evidence","raw_cel_rma_tier_specific_enrichment"
"adjacent_vs_healthy_u1","adjacent_vs_healthy_u1","ranked","full_rank_covariate_adjusted","ranked_GSEA","GO","Biological Process","GO:0007031","peroxisome organization",NA,NA,5.24844602907856e-07,1.18396514254506e-05,8.21443300901501e-06,NA,NA,-0.639753675579559,-2.204623695569,38,FALSE,"association-level pathway result; not causal or cell-intrinsic evidence","raw_cel_rma_tier_specific_enrichment"
"adjacent_vs_healthy_u1","adjacent_vs_healthy_u1","ranked","full_rank_covariate_adjusted","ranked_GSEA","GO","Biological Process","GO:0045071","negative regulation of viral genome replication",NA,NA,5.58313568783199e-07,1.25488587950871e-05,8.70648604487178e-06,NA,NA,0.598026925563697,2.3243236490263,48,FALSE,"association-level pathway result; not causal or cell-intrinsic evidence","raw_cel_rma_tier_specific_enrichment"
"adjacent_vs_healthy_u1","adjacent_vs_healthy_u1","ranked","full_rank_covariate_adjusted","ranked_GSEA","GO","Biological Process","GO:0001936","regulation of endothelial cell proliferation",NA,NA,5.77325908731559e-07,1.29291718908325e-05,8.97034993200751e-06,NA,NA,0.432219250345747,1.98573061879241,130,FALSE,"association-level pathway result; not causal or cell-intrinsic evidence","raw_cel_rma_tier_specific_enrichment"
"adjacent_vs_healthy_u1","adjacent_vs_healthy_u1","ranked","full_rank_covariate_adjusted","ranked_GSEA","GO","Biological Process","GO:0048525","negative regulation of viral process",NA,NA,5.98171739703113e-07,1.33476517079601e-05,9.26069415751657e-06,NA,NA,0.521435392987479,2.19720722064905,74,FALSE,"association-level pathway result; not causal or cell-intrinsic evidence","raw_cel_rma_tier_specific_enrichment"
"adjacent_vs_healthy_u1","adjacent_vs_healthy_u1","ranked","full_rank_covariate_adjusted","ranked_GSEA","GO","Biological Process","GO:0003281","ventricular septum development",NA,NA,6.24976839275519e-07,1.38956181423093e-05,9.64087710415928e-06,NA,NA,0.524591013304358,2.21930311655269,72,FALSE,"association-level pathway result; not causal or cell-intrinsic evidence","raw_cel_rma_tier_specific_enrichment"
"adjacent_vs_healthy_u1","adjacent_vs_healthy_u1","ranked","full_rank_covariate_adjusted","ranked_GSEA","GO","Biological Process","GO:0060419","heart growth",NA,NA,6.69857429349102e-07,1.48401031211713e-05,1.02961673916931e-05,NA,NA,0.500965906234199,2.13721291992755,81,FALSE,"association-level pathway result; not causal or cell-intrinsic evidence","raw_cel_rma_tier_specific_enrichment"
"adjacent_vs_healthy_u1","adjacent_vs_healthy_u1","ranked","full_rank_covariate_adjusted","ranked_GSEA","GO","Biological Process","GO:0048771","tissue remodeling",NA,NA,6.83333110412691e-07,1.49775955867406e-05,1.03915606264326e-05,NA,NA,0.397262756289206,1.91095442924528,175,FALSE,"association-level pathway result; not causal or cell-intrinsic evidence","raw_cel_rma_tier_specific_enrichment"
"adjacent_vs_healthy_u1","adjacent_vs_healthy_u1","ranked","full_rank_covariate_adjusted","ranked_GSEA","GO","Biological Process","GO:0050769","positive regulation of neurogenesis",NA,NA,6.82455781945902e-07,1.49775955867406e-05,1.03915606264326e-05,NA,NA,0.371385956154451,1.85386754166863,226,FALSE,"association-level pathway result; not causal or cell-intrinsic evidence","raw_cel_rma_tier_specific_enrichment"
"adjacent_vs_healthy_u1","adjacent_vs_healthy_u1","ranked","full_rank_covariate_adjusted","ranked_GSEA","GO","Biological Process","GO:0001558","regulation of cell growth",NA,NA,6.82585340750677e-07,1.49775955867406e-05,1.03915606264326e-05,NA,NA,0.315392805593602,1.66585776394874,387,FALSE,"association-level pathway result; not causal or cell-intrinsic evidence","raw_cel_rma_tier_specific_enrichment"
"adjacent_vs_healthy_u1","adjacent_vs_healthy_u1","ranked","full_rank_covariate_adjusted","ranked_GSEA","GO","Biological Process","GO:1902105","regulation of leukocyte differentiation",NA,NA,7.21394851761109e-07,1.57559773100191e-05,1.09316073129059e-05,NA,NA,0.330013295513874,1.70820435715972,328,FALSE,"association-level pathway result; not causal or cell-intrinsic evidence","raw_cel_rma_tier_specific_enrichment"
"adjacent_vs_healthy_u1","adjacent_vs_healthy_u1","ranked","full_rank_covariate_adjusted","ranked_GSEA","GO","Biological Process","GO:0001764","neuron migration",NA,NA,7.78731085420764e-07,1.69483691513582e-05,1.1758897116398e-05,NA,NA,0.388212729371318,1.88009675744763,188,FALSE,"association-level pathway result; not causal or cell-intrinsic evidence","raw_cel_rma_tier_specific_enrichment"
"adjacent_vs_healthy_u1","adjacent_vs_healthy_u1","ranked","full_rank_covariate_adjusted","ranked_GSEA","GO","Biological Process","GO:0048545","response to steroid hormone",NA,NA,8.06692671137414e-07,1.74953242115802e-05,1.2138378364594e-05,NA,NA,0.329626102111881,1.70332466865642,323,FALSE,"association-level pathway result; not causal or cell-intrinsic evidence","raw_cel_rma_tier_specific_enrichment"
"adjacent_vs_healthy_u1","adjacent_vs_healthy_u1","ranked","full_rank_covariate_adjusted","ranked_GSEA","GO","Biological Process","GO:0018108","peptidyl-tyrosine phosphorylation",NA,NA,8.31081561656099e-07,1.79612417223649e-05,1.24616351939159e-05,NA,NA,0.390624470225509,1.90107005360976,191,FALSE,"association-level pathway result; not causal or cell-intrinsic evidence","raw_cel_rma_tier_specific_enrichment"
"adjacent_vs_healthy_u1","adjacent_vs_healthy_u1","ranked","full_rank_covariate_adjusted","ranked_GSEA","GO","Biological Process","GO:0050911","detection of chemical stimulus involved in sensory perception of smell",NA,NA,8.99362141209281e-07,1.93691895289706e-05,1.34384792345007e-05,NA,NA,-0.356275894651643,-1.74670375896327,339,FALSE,"association-level pathway result; not causal or cell-intrinsic evidence","raw_cel_rma_tier_specific_enrichment"
"adjacent_vs_healthy_u1","adjacent_vs_healthy_u1","ranked","full_rank_covariate_adjusted","ranked_GSEA","GO","Biological Process","GO:0009199","ribonucleoside triphosphate metabolic process",NA,NA,9.33749517196694e-07,2.00399505756693e-05,1.39038579424683e-05,NA,NA,-0.382019084835628,-1.80270119856534,241,FALSE,"association-level pathway result; not causal or cell-intrinsic evidence","raw_cel_rma_tier_specific_enrichment"
"adjacent_vs_healthy_u1","adjacent_vs_healthy_u1","ranked","full_rank_covariate_adjusted","ranked_GSEA","GO","Biological Process","GO:0045069","regulation of viral genome replication",NA,NA,9.80826776298708e-07,2.09774751013921e-05,1.45543190189071e-05,NA,NA,0.510382726826494,2.16126853330286,78,FALSE,"association-level pathway result; not causal or cell-intrinsic evidence","raw_cel_rma_tier_specific_enrichment"
"adjacent_vs_healthy_u1","adjacent_vs_healthy_u1","ranked","full_rank_covariate_adjusted","ranked_GSEA","GO","Biological Process","GO:0048588","developmental cell growth",NA,NA,9.99730391931154e-07,2.13080467328499e-05,1.47836719300454e-05,NA,NA,0.366531482954699,1.81625743467165,221,FALSE,"association-level pathway result; not causal or cell-intrinsic evidence","raw_cel_rma_tier_specific_enrichment"
"adjacent_vs_healthy_u1","adjacent_vs_healthy_u1","ranked","full_rank_covariate_adjusted","ranked_GSEA","GO","Biological Process","GO:0034333","adherens junction assembly",NA,NA,1.08050659710117e-06,2.29505542154032e-05,1.59232551151751e-05,NA,NA,0.810678356671994,2.34580847327257,15,FALSE,"association-level pathway result; not causal or cell-intrinsic evidence","raw_cel_rma_tier_specific_enrichment"
"adjacent_vs_healthy_u1","adjacent_vs_healthy_u1","ranked","full_rank_covariate_adjusted","ranked_GSEA","GO","Biological Process","GO:0030595","leukocyte chemotaxis",NA,NA,1.0898381824219e-06,2.30694856354444e-05,1.60057705666432e-05,NA,NA,0.371076102672538,1.84292134326836,217,FALSE,"association-level pathway result; not causal or cell-intrinsic evidence","raw_cel_rma_tier_specific_enrichment"
"adjacent_vs_healthy_u1","adjacent_vs_healthy_u1","ranked","full_rank_covariate_adjusted","ranked_GSEA","GO","Biological Process","GO:2000351","regulation of endothelial cell apoptotic process",NA,NA,1.0944957415466e-06,2.30890040221828e-05,1.60193125599456e-05,NA,NA,0.57422701828326,2.2745704673946,53,FALSE,"association-level pathway result; not causal or cell-intrinsic evidence","raw_cel_rma_tier_specific_enrichment"
"adjacent_vs_healthy_u1","adjacent_vs_healthy_u1","ranked","full_rank_covariate_adjusted","ranked_GSEA","GO","Biological Process","GO:0072073","kidney epithelium development",NA,NA,1.12791210440347e-06,2.37046962830944e-05,1.64464841589807e-05,NA,NA,0.410014461809786,1.93542008028632,153,FALSE,"association-level pathway result; not causal or cell-intrinsic evidence","raw_cel_rma_tier_specific_enrichment"
"adjacent_vs_healthy_u1","adjacent_vs_healthy_u1","ranked","full_rank_covariate_adjusted","ranked_GSEA","GO","Biological Process","GO:0007389","pattern specification process",NA,NA,1.13135178830494e-06,2.37046962830944e-05,1.64464841589807e-05,NA,NA,0.301924176431993,1.62647991901929,453,FALSE,"association-level pathway result; not causal or cell-intrinsic evidence","raw_cel_rma_tier_specific_enrichment"
"adjacent_vs_healthy_u1","adjacent_vs_healthy_u1","ranked","full_rank_covariate_adjusted","ranked_GSEA","GO","Biological Process","GO:0003203","endocardial cushion morphogenesis",NA,NA,1.15322463912945e-06,2.37151668838407e-05,1.64537487350484e-05,NA,NA,0.627347838314857,2.34590992968522,41,FALSE,"association-level pathway result; not causal or cell-intrinsic evidence","raw_cel_rma_tier_specific_enrichment"
"adjacent_vs_healthy_u1","adjacent_vs_healthy_u1","ranked","full_rank_covariate_adjusted","ranked_GSEA","GO","Biological Process","GO:1903053","regulation of extracellular matrix organization",NA,NA,1.14602752192186e-06,2.37151668838407e-05,1.64537487350484e-05,NA,NA,0.545226371290173,2.22379222958356,59,FALSE,"association-level pathway result; not causal or cell-intrinsic evidence","raw_cel_rma_tier_specific_enrichment"
"adjacent_vs_healthy_u1","adjacent_vs_healthy_u1","ranked","full_rank_covariate_adjusted","ranked_GSEA","GO","Biological Process","GO:0001706","endoderm formation",NA,NA,1.14602752192186e-06,2.37151668838407e-05,1.64537487350484e-05,NA,NA,0.54505333036821,2.22308645473861,59,FALSE,"association-level pathway result; not causal or cell-intrinsic evidence","raw_cel_rma_tier_specific_enrichment"
"adjacent_vs_healthy_u1","adjacent_vs_healthy_u1","ranked","full_rank_covariate_adjusted","ranked_GSEA","GO","Biological Process","GO:0070167","regulation of biomineral tissue development",NA,NA,1.1462292451937e-06,2.37151668838407e-05,1.64537487350484e-05,NA,NA,0.467754263960629,2.06795874454842,100,FALSE,"association-level pathway result; not causal or cell-intrinsic evidence","raw_cel_rma_tier_specific_enrichment"
"adjacent_vs_healthy_u1","adjacent_vs_healthy_u1","ranked","full_rank_covariate_adjusted","ranked_GSEA","GO","Biological Process","GO:0050684","regulation of mRNA processing",NA,NA,1.1548722265064e-06,2.37151668838407e-05,1.64537487350484e-05,NA,NA,0.444804703500843,2.02081912197278,118,FALSE,"association-level pathway result; not causal or cell-intrinsic evidence","raw_cel_rma_tier_specific_enrichment"
"adjacent_vs_healthy_u1","adjacent_vs_healthy_u1","ranked","full_rank_covariate_adjusted","ranked_GSEA","GO","Biological Process","GO:0051147","regulation of muscle cell differentiation",NA,NA,1.14944899026447e-06,2.37151668838407e-05,1.64537487350484e-05,NA,NA,0.426183410604981,1.97174313572687,135,FALSE,"association-level pathway result; not causal or cell-intrinsic evidence","raw_cel_rma_tier_specific_enrichment"
"adjacent_vs_healthy_u1","adjacent_vs_healthy_u1","ranked","full_rank_covariate_adjusted","ranked_GSEA","GO","Biological Process","GO:1903312","negative regulation of mRNA metabolic process",NA,NA,1.159217678567e-06,2.37255777192802e-05,1.64609718455279e-05,NA,NA,0.476744931694397,2.08048258817073,94,FALSE,"association-level pathway result; not causal or cell-intrinsic evidence","raw_cel_rma_tier_specific_enrichment"
"adjacent_vs_healthy_u1","adjacent_vs_healthy_u1","ranked","full_rank_covariate_adjusted","ranked_GSEA","GO","Biological Process","GO:0055017","cardiac muscle tissue growth",NA,NA,1.17327155625193e-06,2.38552351618198e-05,1.65509290864625e-05,NA,NA,0.516245748245885,2.16849076776188,73,FALSE,"association-level pathway result; not causal or cell-intrinsic evidence","raw_cel_rma_tier_specific_enrichment"
"adjacent_vs_healthy_u1","adjacent_vs_healthy_u1","ranked","full_rank_covariate_adjusted","ranked_GSEA","GO","Biological Process","GO:0070374","positive regulation of ERK1 and ERK2 cascade",NA,NA,1.17000411560189e-06,2.38552351618198e-05,1.65509290864625e-05,NA,NA,0.38656507081522,1.86316764764881,182,FALSE,"association-level pathway result; not causal or cell-intrinsic evidence","raw_cel_rma_tier_specific_enrichment"
"adjacent_vs_healthy_u1","adjacent_vs_healthy_u1","ranked","full_rank_covariate_adjusted","ranked_GSEA","GO","Biological Process","GO:0002573","myeloid leukocyte differentiation",NA,NA,1.19346206414086e-06,2.41861935031301e-05,1.67805502996027e-05,NA,NA,0.353977167878673,1.78182840316091,239,FALSE,"association-level pathway result; not causal or cell-intrinsic evidence","raw_cel_rma_tier_specific_enrichment"
"adjacent_vs_healthy_u1","adjacent_vs_healthy_u1","ranked","full_rank_covariate_adjusted","ranked_GSEA","GO","Biological Process","GO:0033617","mitochondrial cytochrome c oxidase assembly",NA,NA,1.2002943528135e-06,2.42451614207198e-05,1.68214626534648e-05,NA,NA,-0.731925830208685,-2.24310383561211,23,FALSE,"association-level pathway result; not causal or cell-intrinsic evidence","raw_cel_rma_tier_specific_enrichment"
"adjacent_vs_healthy_u1","adjacent_vs_healthy_u1","ranked","full_rank_covariate_adjusted","ranked_GSEA","GO","Biological Process","GO:0035909","aorta morphogenesis",NA,NA,1.23789635682348e-06,2.49232487997587e-05,1.72919244220773e-05,NA,NA,0.655411731145627,2.33547246106164,34,FALSE,"association-level pathway result; not causal or cell-intrinsic evidence","raw_cel_rma_tier_specific_enrichment"
"adjacent_vs_healthy_u1","adjacent_vs_healthy_u1","ranked","full_rank_covariate_adjusted","ranked_GSEA","GO","Biological Process","GO:0030278","regulation of ossification",NA,NA,1.26042580276684e-06,2.52944541782526e-05,1.75494693112512e-05,NA,NA,0.434818030285876,1.99141216855809,125,FALSE,"association-level pathway result; not causal or cell-intrinsic evidence","raw_cel_rma_tier_specific_enrichment"
"adjacent_vs_healthy_u1","adjacent_vs_healthy_u1","ranked","full_rank_covariate_adjusted","ranked_GSEA","GO","Biological Process","GO:0050679","positive regulation of epithelial cell proliferation",NA,NA,1.32090816961435e-06,2.64224381760074e-05,1.83320725021593e-05,NA,NA,0.37905275609342,1.84087544260386,194,FALSE,"association-level pathway result; not causal or cell-intrinsic evidence","raw_cel_rma_tier_specific_enrichment"
"adjacent_vs_healthy_u1","adjacent_vs_healthy_u1","ranked","full_rank_covariate_adjusted","ranked_GSEA","GO","Biological Process","GO:0051896","regulation of phosphatidylinositol 3-kinase/protein kinase B signal transduction",NA,NA,1.36003392091862e-06,2.71173215006387e-05,1.88141874153564e-05,NA,NA,0.35692118280045,1.81134571006712,254,FALSE,"association-level pathway result; not causal or cell-intrinsic evidence","raw_cel_rma_tier_specific_enrichment"
"adjacent_vs_healthy_u1","adjacent_vs_healthy_u1","ranked","full_rank_covariate_adjusted","ranked_GSEA","GO","Biological Process","GO:0006606","protein import into nucleus",NA,NA,1.36616591943927e-06,2.71519985467979e-05,1.88382465926404e-05,NA,NA,0.401631015946221,1.89191582275476,156,FALSE,"association-level pathway result; not causal or cell-intrinsic evidence","raw_cel_rma_tier_specific_enrichment"
"adjacent_vs_healthy_u1","adjacent_vs_healthy_u1","ranked","full_rank_covariate_adjusted","ranked_GSEA","GO","Biological Process","GO:0019058","viral life cycle",NA,NA,1.39786159521043e-06,2.76928926922937e-05,1.9213522735787e-05,NA,NA,0.343940928098428,1.75628504646891,280,FALSE,"association-level pathway result; not causal or cell-intrinsic evidence","raw_cel_rma_tier_specific_enrichment"
"adjacent_vs_healthy_u1","adjacent_vs_healthy_u1","ranked","full_rank_covariate_adjusted","ranked_GSEA","GO","Biological Process","GO:0071356","cellular response to tumor necrosis factor",NA,NA,1.45610160692587e-06,2.87545176754275e-05,1.99500855779922e-05,NA,NA,0.37401834041027,1.82171502580641,197,FALSE,"association-level pathway result; not causal or cell-intrinsic evidence","raw_cel_rma_tier_specific_enrichment"
"adjacent_vs_healthy_u1","adjacent_vs_healthy_u1","ranked","full_rank_covariate_adjusted","ranked_GSEA","GO","Biological Process","GO:1901605","alpha-amino acid metabolic process",NA,NA,1.47928533003413e-06,2.90268654760031e-05,2.01390423878331e-05,NA,NA,-0.400193255137016,-1.85205916805784,194,FALSE,"association-level pathway result; not causal or cell-intrinsic evidence","raw_cel_rma_tier_specific_enrichment"
"adjacent_vs_healthy_u1","adjacent_vs_healthy_u1","ranked","full_rank_covariate_adjusted","ranked_GSEA","GO","Biological Process","GO:0090596","sensory organ morphogenesis",NA,NA,1.47459178606144e-06,2.90268654760031e-05,2.01390423878331e-05,NA,NA,0.339369267754206,1.73166643890057,282,FALSE,"association-level pathway result; not causal or cell-intrinsic evidence","raw_cel_rma_tier_specific_enrichment"
"adjacent_vs_healthy_u1","adjacent_vs_healthy_u1","ranked","full_rank_covariate_adjusted","ranked_GSEA","GO","Biological Process","GO:0060411","cardiac septum morphogenesis",NA,NA,1.49090975997841e-06,2.91623836279321e-05,2.02330658299535e-05,NA,NA,0.514176013833874,2.17524204764847,72,FALSE,"association-level pathway result; not causal or cell-intrinsic evidence","raw_cel_rma_tier_specific_enrichment"
"adjacent_vs_healthy_u1","adjacent_vs_healthy_u1","ranked","full_rank_covariate_adjusted","ranked_GSEA","GO","Biological Process","GO:0006644","phospholipid metabolic process",NA,NA,1.5649787990673e-06,3.05146181609936e-05,2.11712556114899e-05,NA,NA,-0.343144875135067,-1.69585442951643,370,FALSE,"association-level pathway result; not causal or cell-intrinsic evidence","raw_cel_rma_tier_specific_enrichment"
"adjacent_vs_healthy_u1","adjacent_vs_healthy_u1","ranked","full_rank_covariate_adjusted","ranked_GSEA","GO","Biological Process","GO:0010171","body morphogenesis",NA,NA,1.59659369962467e-06,3.10331624445915e-05,2.15310252640547e-05,NA,NA,0.591902198667973,2.30229592867302,49,FALSE,"association-level pathway result; not causal or cell-intrinsic evidence","raw_cel_rma_tier_specific_enrichment"
"adjacent_vs_healthy_u1","adjacent_vs_healthy_u1","ranked","full_rank_covariate_adjusted","ranked_GSEA","GO","Biological Process","GO:0050792","regulation of viral process",NA,NA,1.60415394523732e-06,3.10823684498805e-05,2.15651647348518e-05,NA,NA,0.423755575213314,1.961799244411,139,FALSE,"association-level pathway result; not causal or cell-intrinsic evidence","raw_cel_rma_tier_specific_enrichment"
"adjacent_vs_healthy_u1","adjacent_vs_healthy_u1","ranked","full_rank_covariate_adjusted","ranked_GSEA","GO","Biological Process","GO:0010463","mesenchymal cell proliferation",NA,NA,1.67908777816735e-06,3.24326298651637e-05,2.25019855534664e-05,NA,NA,0.587449041452649,2.23248553118304,46,FALSE,"association-level pathway result; not causal or cell-intrinsic evidence","raw_cel_rma_tier_specific_enrichment"
"adjacent_vs_healthy_u1","adjacent_vs_healthy_u1","ranked","full_rank_covariate_adjusted","ranked_GSEA","GO","Biological Process","GO:0061035","regulation of cartilage development",NA,NA,1.72095325861348e-06,3.31377323722428e-05,2.29911906069563e-05,NA,NA,0.520712426679341,2.17903873567268,69,FALSE,"association-level pathway result; not causal or cell-intrinsic evidence","raw_cel_rma_tier_specific_enrichment"
"adjacent_vs_healthy_u1","adjacent_vs_healthy_u1","ranked","full_rank_covariate_adjusted","ranked_GSEA","GO","Biological Process","GO:0003151","outflow tract morphogenesis",NA,NA,1.85633732590292e-06,3.55232848650339e-05,2.46463036197768e-05,NA,NA,0.500829493714338,2.13019951467368,79,FALSE,"association-level pathway result; not causal or cell-intrinsic evidence","raw_cel_rma_tier_specific_enrichment"
"adjacent_vs_healthy_u1","adjacent_vs_healthy_u1","ranked","full_rank_covariate_adjusted","ranked_GSEA","GO","Biological Process","GO:0008217","regulation of blood pressure",NA,NA,1.85222377039399e-06,3.55232848650339e-05,2.46463036197768e-05,NA,NA,0.380945210144465,1.84449081690326,187,FALSE,"association-level pathway result; not causal or cell-intrinsic evidence","raw_cel_rma_tier_specific_enrichment"
"adjacent_vs_healthy_u1","adjacent_vs_healthy_u1","ranked","full_rank_covariate_adjusted","ranked_GSEA","GO","Biological Process","GO:0071375","cellular response to peptide hormone stimulus",NA,NA,2.03127206819875e-06,3.87509032516557e-05,2.68856478422407e-05,NA,NA,0.316860813430972,1.66212495187386,354,FALSE,"association-level pathway result; not causal or cell-intrinsic evidence","raw_cel_rma_tier_specific_enrichment"
"adjacent_vs_healthy_u1","adjacent_vs_healthy_u1","ranked","full_rank_covariate_adjusted","ranked_GSEA","GO","Biological Process","GO:0051607","defense response to virus",NA,NA,2.06241140695465e-06,3.92238920196513e-05,2.72138107592979e-05,NA,NA,0.323660078184265,1.65879520473728,298,FALSE,"association-level pathway result; not causal or cell-intrinsic evidence","raw_cel_rma_tier_specific_enrichment"
"adjacent_vs_healthy_u1","adjacent_vs_healthy_u1","ranked","full_rank_covariate_adjusted","ranked_GSEA","GO","Biological Process","GO:0050680","negative regulation of epithelial cell proliferation",NA,NA,2.06947302209225e-06,3.92374624219392e-05,2.72232259993665e-05,NA,NA,0.417303077871789,1.93031773348819,137,FALSE,"association-level pathway result; not causal or cell-intrinsic evidence","raw_cel_rma_tier_specific_enrichment"
"adjacent_vs_healthy_u1","adjacent_vs_healthy_u1","ranked","full_rank_covariate_adjusted","ranked_GSEA","GO","Biological Process","GO:0043549","regulation of kinase activity",NA,NA,2.16756742607373e-06,4.09716644053875e-05,2.84264274708655e-05,NA,NA,0.312360104475688,1.64454004751564,375,FALSE,"association-level pathway result; not causal or cell-intrinsic evidence","raw_cel_rma_tier_specific_enrichment"
"adjacent_vs_healthy_u1","adjacent_vs_healthy_u1","ranked","full_rank_covariate_adjusted","ranked_GSEA","GO","Biological Process","GO:0034612","response to tumor necrosis factor",NA,NA,2.29664179232429e-06,4.32790942632819e-05,3.00273384529177e-05,NA,NA,0.364489912870536,1.81021153072719,217,FALSE,"association-level pathway result; not causal or cell-intrinsic evidence","raw_cel_rma_tier_specific_enrichment"
"adjacent_vs_healthy_u1","adjacent_vs_healthy_u1","ranked","full_rank_covariate_adjusted","ranked_GSEA","GO","Biological Process","GO:0070482","response to oxygen levels",NA,NA,2.30703596706105e-06,4.3342824657764e-05,3.0071555046574e-05,NA,NA,0.317311053923613,1.6427101615611,329,FALSE,"association-level pathway result; not causal or cell-intrinsic evidence","raw_cel_rma_tier_specific_enrichment"
"adjacent_vs_healthy_u1","adjacent_vs_healthy_u1","ranked","full_rank_covariate_adjusted","ranked_GSEA","GO","Biological Process","GO:0060390","regulation of SMAD protein signal transduction",NA,NA,2.42404710035058e-06,4.54031367492937e-05,3.15010139930726e-05,NA,NA,0.521856325350583,2.16257283290921,65,FALSE,"association-level pathway result; not causal or cell-intrinsic evidence","raw_cel_rma_tier_specific_enrichment"
"adjacent_vs_healthy_u1","adjacent_vs_healthy_u1","ranked","full_rank_covariate_adjusted","ranked_GSEA","GO","Biological Process","GO:0051017","actin filament bundle assembly",NA,NA,2.45124426740035e-06,4.57738393256844e-05,3.17582100346287e-05,NA,NA,0.387155889525798,1.82749420585434,159,FALSE,"association-level pathway result; not causal or cell-intrinsic evidence","raw_cel_rma_tier_specific_enrichment"
"adjacent_vs_healthy_u1","adjacent_vs_healthy_u1","ranked","full_rank_covariate_adjusted","ranked_GSEA","GO","Biological Process","GO:0043488","regulation of mRNA stability",NA,NA,2.51989591984828e-06,4.69140863872958e-05,3.25493214250535e-05,NA,NA,0.387049384757862,1.84226906110914,168,FALSE,"association-level pathway result; not causal or cell-intrinsic evidence","raw_cel_rma_tier_specific_enrichment"
"adjacent_vs_healthy_u1","adjacent_vs_healthy_u1","ranked","full_rank_covariate_adjusted","ranked_GSEA","GO","Biological Process","GO:0007416","synapse assembly",NA,NA,2.63550753583699e-06,4.89191353723978e-05,3.39404384415992e-05,NA,NA,0.342681431568282,1.74463429807638,263,FALSE,"association-level pathway result; not causal or cell-intrinsic evidence","raw_cel_rma_tier_specific_enrichment"
"adjacent_vs_healthy_u1","adjacent_vs_healthy_u1","ranked","full_rank_covariate_adjusted","ranked_GSEA","GO","Biological Process","GO:0048754","branching morphogenesis of an epithelial tube",NA,NA,2.66410143623578e-06,4.93018292735728e-05,3.42059541482022e-05,NA,NA,0.402486010477041,1.89988300235366,153,FALSE,"association-level pathway result; not causal or cell-intrinsic evidence","raw_cel_rma_tier_specific_enrichment"
"adjacent_vs_healthy_u1","adjacent_vs_healthy_u1","ranked","full_rank_covariate_adjusted","ranked_GSEA","GO","Biological Process","GO:0030500","regulation of bone mineralization",NA,NA,2.69854427880651e-06,4.97901557829942e-05,3.45447584975891e-05,NA,NA,0.495993850123502,2.10963186488545,79,FALSE,"association-level pathway result; not causal or cell-intrinsic evidence","raw_cel_rma_tier_specific_enrichment"
"adjacent_vs_healthy_u1","adjacent_vs_healthy_u1","ranked","full_rank_covariate_adjusted","ranked_GSEA","GO","Biological Process","GO:0051897","positive regulation of phosphatidylinositol 3-kinase/protein kinase B signal transduction",NA,NA,2.90736930029958e-06,5.34834810867611e-05,3.71072134380341e-05,NA,NA,0.383334218353308,1.84280949775371,180,FALSE,"association-level pathway result; not causal or cell-intrinsic evidence","raw_cel_rma_tier_specific_enrichment"
"adjacent_vs_healthy_u1","adjacent_vs_healthy_u1","ranked","full_rank_covariate_adjusted","ranked_GSEA","GO","Biological Process","GO:0031346","positive regulation of cell projection organization",NA,NA,3.07098790533665e-06,5.63257455278511e-05,3.90791963965064e-05,NA,NA,0.319820188884309,1.67361810872099,346,FALSE,"association-level pathway result; not causal or cell-intrinsic evidence","raw_cel_rma_tier_specific_enrichment"
"adjacent_vs_healthy_u1","adjacent_vs_healthy_u1","ranked","full_rank_covariate_adjusted","ranked_GSEA","GO","Biological Process","GO:0035107","appendage morphogenesis",NA,NA,3.10784437851301e-06,5.66654457333007e-05,3.9314882776159e-05,NA,NA,0.402489613935542,1.8959963926318,149,FALSE,"association-level pathway result; not causal or cell-intrinsic evidence","raw_cel_rma_tier_specific_enrichment"
"adjacent_vs_healthy_u1","adjacent_vs_healthy_u1","ranked","full_rank_covariate_adjusted","ranked_GSEA","GO","Biological Process","GO:0035108","limb morphogenesis",NA,NA,3.10784437851301e-06,5.66654457333007e-05,3.9314882776159e-05,NA,NA,0.402489613935542,1.8959963926318,149,FALSE,"association-level pathway result; not causal or cell-intrinsic evidence","raw_cel_rma_tier_specific_enrichment"
"adjacent_vs_healthy_u1","adjacent_vs_healthy_u1","ranked","full_rank_covariate_adjusted","ranked_GSEA","GO","Biological Process","GO:1901890","positive regulation of cell junction assembly",NA,NA,3.14779211436328e-06,5.72250089967042e-05,3.97031116839505e-05,NA,NA,0.444534851131048,1.98879380844674,109,FALSE,"association-level pathway result; not causal or cell-intrinsic evidence","raw_cel_rma_tier_specific_enrichment"
"adjacent_vs_healthy_u1","adjacent_vs_healthy_u1","ranked","full_rank_covariate_adjusted","ranked_GSEA","GO","Biological Process","GO:0003177","pulmonary valve development",NA,NA,3.16985253194158e-06,5.72890599413185e-05,3.97475506775316e-05,NA,NA,0.703927424387997,2.33079373699594,24,FALSE,"association-level pathway result; not causal or cell-intrinsic evidence","raw_cel_rma_tier_specific_enrichment"
"adjacent_vs_healthy_u1","adjacent_vs_healthy_u1","ranked","full_rank_covariate_adjusted","ranked_GSEA","GO","Biological Process","GO:0061028","establishment of endothelial barrier",NA,NA,3.16278458667915e-06,5.72890599413185e-05,3.97475506775316e-05,NA,NA,0.579703365604839,2.25484666465775,49,FALSE,"association-level pathway result; not causal or cell-intrinsic evidence","raw_cel_rma_tier_specific_enrichment"
"adjacent_vs_healthy_u1","adjacent_vs_healthy_u1","ranked","full_rank_covariate_adjusted","ranked_GSEA","GO","Biological Process","GO:0050730","regulation of peptidyl-tyrosine phosphorylation",NA,NA,3.23344247009591e-06,5.82679530835651e-05,4.04267135895988e-05,NA,NA,0.403467284878087,1.89918171045469,151,FALSE,"association-level pathway result; not causal or cell-intrinsic evidence","raw_cel_rma_tier_specific_enrichment"
"adjacent_vs_healthy_u1","adjacent_vs_healthy_u1","ranked","full_rank_covariate_adjusted","ranked_GSEA","GO","Biological Process","GO:0019079","viral genome replication",NA,NA,3.32405972141067e-06,5.97267823780213e-05,4.14388595625063e-05,NA,NA,0.427255053083591,1.93635261213024,119,FALSE,"association-level pathway result; not causal or cell-intrinsic evidence","raw_cel_rma_tier_specific_enrichment"
"adjacent_vs_healthy_u1","adjacent_vs_healthy_u1","ranked","full_rank_covariate_adjusted","ranked_GSEA","GO","Biological Process","GO:0061013","regulation of mRNA catabolic process",NA,NA,3.36852143945583e-06,6.03502348326854e-05,4.18714152382702e-05,NA,NA,0.374895639766683,1.80692328405369,182,FALSE,"association-level pathway result; not causal or cell-intrinsic evidence","raw_cel_rma_tier_specific_enrichment"
"adjacent_vs_healthy_u1","adjacent_vs_healthy_u1","ranked","full_rank_covariate_adjusted","ranked_GSEA","GO","Biological Process","GO:0050820","positive regulation of coagulation",NA,NA,3.37920112417574e-06,6.03665958050007e-05,4.18827665953512e-05,NA,NA,0.652646878251077,2.26957400231457,30,FALSE,"association-level pathway result; not causal or cell-intrinsic evidence","raw_cel_rma_tier_specific_enrichment"
"adjacent_vs_healthy_u1","adjacent_vs_healthy_u1","ranked","full_rank_covariate_adjusted","ranked_GSEA","GO","Biological Process","GO:0006637","acyl-CoA metabolic process",NA,NA,3.42166736938835e-06,6.07739253166362e-05,4.21653746608836e-05,NA,NA,-0.488525523534791,-2.01653688010656,94,FALSE,"association-level pathway result; not causal or cell-intrinsic evidence","raw_cel_rma_tier_specific_enrichment"
"adjacent_vs_healthy_u1","adjacent_vs_healthy_u1","ranked","full_rank_covariate_adjusted","ranked_GSEA","GO","Biological Process","GO:0035383","thioester metabolic process",NA,NA,3.42166736938835e-06,6.07739253166362e-05,4.21653746608836e-05,NA,NA,-0.488525523534791,-2.01653688010656,94,FALSE,"association-level pathway result; not causal or cell-intrinsic evidence","raw_cel_rma_tier_specific_enrichment"
"adjacent_vs_healthy_u1","adjacent_vs_healthy_u1","ranked","full_rank_covariate_adjusted","ranked_GSEA","GO","Biological Process","GO:0045664","regulation of neuron differentiation",NA,NA,3.58218253831734e-06,6.3442608221603e-05,4.40169255349263e-05,NA,NA,0.375409495735243,1.81160656781896,186,FALSE,"association-level pathway result; not causal or cell-intrinsic evidence","raw_cel_rma_tier_specific_enrichment"
"adjacent_vs_healthy_u1","adjacent_vs_healthy_u1","ranked","full_rank_covariate_adjusted","ranked_GSEA","GO","Biological Process","GO:0071347","cellular response to interleukin-1",NA,NA,3.68407806437387e-06,6.50608186168426e-05,4.51396512308546e-05,NA,NA,0.492493293508798,2.09474279765734,79,FALSE,"association-level pathway result; not causal or cell-intrinsic evidence","raw_cel_rma_tier_specific_enrichment"
"adjacent_vs_healthy_u1","adjacent_vs_healthy_u1","ranked","full_rank_covariate_adjusted","ranked_GSEA","GO","Biological Process","GO:0022411","cellular component disassembly",NA,NA,3.79544787264249e-06,6.6836647580636e-05,4.63717337926091e-05,NA,NA,0.294191872784856,1.57684967354782,435,FALSE,"association-level pathway result; not causal or cell-intrinsic evidence","raw_cel_rma_tier_specific_enrichment"
"adjacent_vs_healthy_u1","adjacent_vs_healthy_u1","ranked","full_rank_covariate_adjusted","ranked_GSEA","GO","Biological Process","GO:0036293","response to decreased oxygen levels",NA,NA,3.85984566334857e-06,6.77775739919248e-05,4.70245551210589e-05,NA,NA,0.326859501204869,1.67782974945862,304,FALSE,"association-level pathway result; not causal or cell-intrinsic evidence","raw_cel_rma_tier_specific_enrichment"
"adjacent_vs_healthy_u1","adjacent_vs_healthy_u1","ranked","full_rank_covariate_adjusted","ranked_GSEA","GO","Biological Process","GO:0050818","regulation of coagulation",NA,NA,3.89965692892173e-06,6.82826614098165e-05,4.73749883060299e-05,NA,NA,0.496906334910921,2.09384748664107,74,FALSE,"association-level pathway result; not causal or cell-intrinsic evidence","raw_cel_rma_tier_specific_enrichment"
"adjacent_vs_healthy_u1","adjacent_vs_healthy_u1","ranked","full_rank_covariate_adjusted","ranked_GSEA","GO","Biological Process","GO:0009063","amino acid catabolic process",NA,NA,4.0300351335878e-06,7.02661277208195e-05,4.87511311122572e-05,NA,NA,-0.460363186161937,-1.93140186954362,107,FALSE,"association-level pathway result; not causal or cell-intrinsic evidence","raw_cel_rma_tier_specific_enrichment"
"adjacent_vs_healthy_u1","adjacent_vs_healthy_u1","ranked","full_rank_covariate_adjusted","ranked_GSEA","GO","Biological Process","GO:0032970","regulation of actin filament-based process",NA,NA,4.03566984968305e-06,7.02661277208195e-05,4.87511311122572e-05,NA,NA,0.309478478501529,1.63031372689835,369,FALSE,"association-level pathway result; not causal or cell-intrinsic evidence","raw_cel_rma_tier_specific_enrichment"
"adjacent_vs_healthy_u1","adjacent_vs_healthy_u1","ranked","full_rank_covariate_adjusted","ranked_GSEA","GO","Biological Process","GO:0030900","forebrain development",NA,NA,4.15557235971586e-06,7.21505414477633e-05,5.00585505425264e-05,NA,NA,0.303303302823271,1.61077013174546,406,FALSE,"association-level pathway result; not causal or cell-intrinsic evidence","raw_cel_rma_tier_specific_enrichment"
"adjacent_vs_healthy_u1","adjacent_vs_healthy_u1","ranked","full_rank_covariate_adjusted","ranked_GSEA","GO","Biological Process","GO:0051170","import into nucleus",NA,NA,4.23115792908596e-06,7.32571068898609e-05,5.08262933896394e-05,NA,NA,0.385698185415746,1.82081785361317,161,FALSE,"association-level pathway result; not causal or cell-intrinsic evidence","raw_cel_rma_tier_specific_enrichment"
"adjacent_vs_healthy_u1","adjacent_vs_healthy_u1","ranked","full_rank_covariate_adjusted","ranked_GSEA","GO","Biological Process","GO:0008543","fibroblast growth factor receptor signaling pathway",NA,NA,4.34309855254973e-06,7.49851736125974e-05,5.2025238174324e-05,NA,NA,0.419484367964284,1.92020008548223,127,FALSE,"association-level pathway result; not causal or cell-intrinsic evidence","raw_cel_rma_tier_specific_enrichment"
"adjacent_vs_healthy_u1","adjacent_vs_healthy_u1","ranked","full_rank_covariate_adjusted","ranked_GSEA","GO","Biological Process","GO:0042698","ovulation cycle",NA,NA,4.36502080479401e-06,7.51537426028741e-05,5.2142192519369e-05,NA,NA,0.500613266878798,2.11786430799407,72,FALSE,"association-level pathway result; not causal or cell-intrinsic evidence","raw_cel_rma_tier_specific_enrichment"
"adjacent_vs_healthy_u1","adjacent_vs_healthy_u1","ranked","full_rank_covariate_adjusted","ranked_GSEA","GO","Biological Process","GO:0055006","cardiac cell development",NA,NA,4.52168082864737e-06,7.76347477829706e-05,5.38635312745889e-05,NA,NA,0.48383321335573,2.07639996215536,84,FALSE,"association-level pathway result; not causal or cell-intrinsic evidence","raw_cel_rma_tier_specific_enrichment"
"adjacent_vs_healthy_u1","adjacent_vs_healthy_u1","ranked","full_rank_covariate_adjusted","ranked_GSEA","GO","Biological Process","GO:0071895","odontoblast differentiation",NA,NA,4.6948624103388e-06,8.03848879731417e-05,5.57715977831179e-05,NA,NA,0.768685983826402,2.32860621771509,18,FALSE,"association-level pathway result; not causal or cell-intrinsic evidence","raw_cel_rma_tier_specific_enrichment"
"adjacent_vs_healthy_u1","adjacent_vs_healthy_u1","ranked","full_rank_covariate_adjusted","ranked_GSEA","GO","Biological Process","GO:0048732","gland development",NA,NA,4.81360931186798e-06,8.21903844106519e-05,5.70242638457405e-05,NA,NA,0.292888027390674,1.56749515652784,432,FALSE,"association-level pathway result; not causal or cell-intrinsic evidence","raw_cel_rma_tier_specific_enrichment"
"adjacent_vs_healthy_u1","adjacent_vs_healthy_u1","ranked","full_rank_covariate_adjusted","ranked_GSEA","GO","Biological Process","GO:1902373","negative regulation of mRNA catabolic process",NA,NA,5.03488830587551e-06,8.57318033570703e-05,5.94813250924658e-05,NA,NA,0.480267530583455,2.02289431472292,75,FALSE,"association-level pathway result; not causal or cell-intrinsic evidence","raw_cel_rma_tier_specific_enrichment"
"adjacent_vs_healthy_u1","adjacent_vs_healthy_u1","ranked","full_rank_covariate_adjusted","ranked_GSEA","GO","Biological Process","GO:0048024","regulation of mRNA splicing, via spliceosome",NA,NA,5.09161944171636e-06,8.64596147506836e-05,5.99862857303425e-05,NA,NA,0.444208752947845,1.956863828724,97,FALSE,"association-level pathway result; not causal or cell-intrinsic evidence","raw_cel_rma_tier_specific_enrichment"
"adjacent_vs_healthy_u1","adjacent_vs_healthy_u1","ranked","full_rank_covariate_adjusted","ranked_GSEA","GO","Biological Process","GO:0048009","insulin-like growth factor receptor signaling pathway",NA,NA,5.6575653136137e-06,9.58066060368391e-05,6.64712936918881e-05,NA,NA,0.448876139781296,1.98519334159195,98,FALSE,"association-level pathway result; not causal or cell-intrinsic evidence","raw_cel_rma_tier_specific_enrichment"
"adjacent_vs_healthy_u1","adjacent_vs_healthy_u1","ranked","full_rank_covariate_adjusted","ranked_GSEA","GO","Biological Process","GO:0036257","multivesicular body organization",NA,NA,5.89293330965174e-06,9.95197289261131e-05,6.90474843356951e-05,NA,NA,-0.653707310010382,-2.14188450075899,31,FALSE,"association-level pathway result; not causal or cell-intrinsic evidence","raw_cel_rma_tier_specific_enrichment"
"adjacent_vs_healthy_u1","adjacent_vs_healthy_u1","ranked","full_rank_covariate_adjusted","ranked_GSEA","GO","Biological Process","GO:0045859","regulation of protein kinase activity",NA,NA,6.1194449052378e-06,0.0001030634576547,7.15061481254519e-05,NA,NA,0.310370481059938,1.62519708586127,348,FALSE,"association-level pathway result; not causal or cell-intrinsic evidence","raw_cel_rma_tier_specific_enrichment"
"adjacent_vs_healthy_u1","adjacent_vs_healthy_u1","ranked","full_rank_covariate_adjusted","ranked_GSEA","GO","Biological Process","GO:0043487","regulation of RNA stability",NA,NA,6.15930657995864e-06,0.000103452918398708,7.17763587149643e-05,NA,NA,0.374220610331851,1.79899748563308,180,FALSE,"association-level pathway result; not causal or cell-intrinsic evidence","raw_cel_rma_tier_specific_enrichment"
"adjacent_vs_healthy_u1","adjacent_vs_healthy_u1","ranked","full_rank_covariate_adjusted","ranked_GSEA","GO","Biological Process","GO:2000628","regulation of miRNA metabolic process",NA,NA,6.22953123904614e-06,0.000104348868803643,7.23979753754785e-05,NA,NA,0.467758302190652,2.03654244141434,87,FALSE,"association-level pathway result; not causal or cell-intrinsic evidence","raw_cel_rma_tier_specific_enrichment"
"adjacent_vs_healthy_u1","adjacent_vs_healthy_u1","ranked","full_rank_covariate_adjusted","ranked_GSEA","GO","Biological Process","GO:0035455","response to interferon-alpha",NA,NA,6.26365378094786e-06,0.000104423627969007,7.24498438075485e-05,NA,NA,0.732047498450321,2.2632491892791,20,FALSE,"association-level pathway result; not causal or cell-intrinsic evidence","raw_cel_rma_tier_specific_enrichment"
"adjacent_vs_healthy_u1","adjacent_vs_healthy_u1","ranked","full_rank_covariate_adjusted","ranked_GSEA","GO","Biological Process","GO:0030099","myeloid cell differentiation",NA,NA,6.26778287922692e-06,0.000104423627969007,7.24498438075485e-05,NA,NA,0.296255002148012,1.58095651992533,429,FALSE,"association-level pathway result; not causal or cell-intrinsic evidence","raw_cel_rma_tier_specific_enrichment"
"adjacent_vs_healthy_u1","adjacent_vs_healthy_u1","ranked","full_rank_covariate_adjusted","ranked_GSEA","GO","Biological Process","GO:0014855","striated muscle cell proliferation",NA,NA,6.30721351114671e-06,0.000104798082560209,7.27096430232363e-05,NA,NA,0.49624094835706,2.08644035589977,71,FALSE,"association-level pathway result; not causal or cell-intrinsic evidence","raw_cel_rma_tier_specific_enrichment"
"adjacent_vs_healthy_u1","adjacent_vs_healthy_u1","ranked","full_rank_covariate_adjusted","ranked_GSEA","GO","Biological Process","GO:0006650","glycerophospholipid metabolic process",NA,NA,6.44979209962862e-06,0.000106687296170236,7.40203926459764e-05,NA,NA,-0.354868652937025,-1.71573743068045,291,FALSE,"association-level pathway result; not causal or cell-intrinsic evidence","raw_cel_rma_tier_specific_enrichment"
"adjacent_vs_healthy_u1","adjacent_vs_healthy_u1","ranked","full_rank_covariate_adjusted","ranked_GSEA","GO","Biological Process","GO:0021700","developmental maturation",NA,NA,6.45543581421586e-06,0.000106687296170236,7.40203926459764e-05,NA,NA,0.311114638114465,1.62337744060843,339,FALSE,"association-level pathway result; not causal or cell-intrinsic evidence","raw_cel_rma_tier_specific_enrichment"
"adjacent_vs_healthy_u1","adjacent_vs_healthy_u1","ranked","full_rank_covariate_adjusted","ranked_GSEA","GO","Biological Process","GO:0043484","regulation of RNA splicing",NA,NA,6.54044311160901e-06,0.000107803943660947,7.47951304889687e-05,NA,NA,0.384472691551386,1.82792296357434,166,FALSE,"association-level pathway result; not causal or cell-intrinsic evidence","raw_cel_rma_tier_specific_enrichment"
"adjacent_vs_healthy_u1","adjacent_vs_healthy_u1","ranked","full_rank_covariate_adjusted","ranked_GSEA","GO","Biological Process","GO:0030512","negative regulation of transforming growth factor beta receptor signaling pathway",NA,NA,6.58341844281581e-06,0.000108223695199587,7.50863570437615e-05,NA,NA,0.455662362315287,1.98847968349118,94,FALSE,"association-level pathway result; not causal or cell-intrinsic evidence","raw_cel_rma_tier_specific_enrichment"
"adjacent_vs_healthy_u1","adjacent_vs_healthy_u1","ranked","full_rank_covariate_adjusted","ranked_GSEA","GO","Biological Process","GO:0008654","phospholipid biosynthetic process",NA,NA,6.63609447591657e-06,0.000108800265134324,7.54863852991319e-05,NA,NA,-0.365900863326346,-1.72964787265312,242,FALSE,"association-level pathway result; not causal or cell-intrinsic evidence","raw_cel_rma_tier_specific_enrichment"
"adjacent_vs_healthy_u1","adjacent_vs_healthy_u1","ranked","full_rank_covariate_adjusted","ranked_GSEA","GO","Biological Process","GO:0003208","cardiac ventricle morphogenesis",NA,NA,6.66821808242633e-06,0.000109037714199675,7.56511291222636e-05,NA,NA,0.495689470753304,2.078890075078,70,FALSE,"association-level pathway result; not causal or cell-intrinsic evidence","raw_cel_rma_tier_specific_enrichment"
"adjacent_vs_healthy_u1","adjacent_vs_healthy_u1","ranked","full_rank_covariate_adjusted","ranked_GSEA","GO","Biological Process","GO:0060021","roof of mouth development",NA,NA,6.83923277703496e-06,0.000111539044313597,7.73865694587986e-05,NA,NA,0.467719238814279,2.05466718743981,91,FALSE,"association-level pathway result; not causal or cell-intrinsic evidence","raw_cel_rma_tier_specific_enrichment"
"adjacent_vs_healthy_u1","adjacent_vs_healthy_u1","ranked","full_rank_covariate_adjusted","ranked_GSEA","GO","Biological Process","GO:0090090","negative regulation of canonical Wnt signaling pathway",NA,NA,6.99184277693943e-06,0.000113727842642796,7.89051730560977e-05,NA,NA,0.409368276807467,1.89959190348498,136,FALSE,"association-level pathway result; not causal or cell-intrinsic evidence","raw_cel_rma_tier_specific_enrichment"
"adjacent_vs_healthy_u1","adjacent_vs_healthy_u1","ranked","full_rank_covariate_adjusted","ranked_GSEA","GO","Biological Process","GO:0003179","heart valve morphogenesis",NA,NA,7.0750196624196e-06,0.000114778731058833,7.96342867929202e-05,NA,NA,0.518102623806421,2.15224842847593,62,FALSE,"association-level pathway result; not causal or cell-intrinsic evidence","raw_cel_rma_tier_specific_enrichment"
"adjacent_vs_healthy_u1","adjacent_vs_healthy_u1","ranked","full_rank_covariate_adjusted","ranked_GSEA","GO","Biological Process","GO:0033013","tetrapyrrole metabolic process",NA,NA,7.2104299401341e-06,0.000116669286544421,8.09459674183144e-05,NA,NA,-0.543030994067705,-2.06526099448244,60,FALSE,"association-level pathway result; not causal or cell-intrinsic evidence","raw_cel_rma_tier_specific_enrichment"
"adjacent_vs_healthy_u1","adjacent_vs_healthy_u1","ranked","full_rank_covariate_adjusted","ranked_GSEA","GO","Biological Process","GO:0043489","RNA stabilization",NA,NA,7.24059237093073e-06,0.000116851439803454,8.10723466240808e-05,NA,NA,0.475729729179182,2.00378102457213,75,FALSE,"association-level pathway result; not causal or cell-intrinsic evidence","raw_cel_rma_tier_specific_enrichment"
"adjacent_vs_healthy_u1","adjacent_vs_healthy_u1","ranked","full_rank_covariate_adjusted","ranked_GSEA","GO","Biological Process","GO:0003002","regionalization",NA,NA,7.30503746397241e-06,0.000117584470220868,8.15809282571919e-05,NA,NA,0.298160740547503,1.58705525162368,408,FALSE,"association-level pathway result; not causal or cell-intrinsic evidence","raw_cel_rma_tier_specific_enrichment"
"adjacent_vs_healthy_u1","adjacent_vs_healthy_u1","ranked","full_rank_covariate_adjusted","ranked_GSEA","GO","Biological Process","GO:0006913","nucleocytoplasmic transport",NA,NA,7.40220707577679e-06,0.000118531196723773,8.22377737297918e-05,NA,NA,0.31201849816943,1.60981084088762,317,FALSE,"association-level pathway result; not causal or cell-intrinsic evidence","raw_cel_rma_tier_specific_enrichment"
"adjacent_vs_healthy_u1","adjacent_vs_healthy_u1","ranked","full_rank_covariate_adjusted","ranked_GSEA","GO","Biological Process","GO:0051169","nuclear transport",NA,NA,7.40220707577679e-06,0.000118531196723773,8.22377737297918e-05,NA,NA,0.31201849816943,1.60981084088762,317,FALSE,"association-level pathway result; not causal or cell-intrinsic evidence","raw_cel_rma_tier_specific_enrichment"
"adjacent_vs_healthy_u1","adjacent_vs_healthy_u1","ranked","full_rank_covariate_adjusted","ranked_GSEA","GO","Biological Process","GO:0038084","vascular endothelial growth factor signaling pathway",NA,NA,7.46590472664168e-06,0.00011924226644799,8.27311188802889e-05,NA,NA,0.464460346236641,2.00607695338291,85,FALSE,"association-level pathway result; not causal or cell-intrinsic evidence","raw_cel_rma_tier_specific_enrichment"
"adjacent_vs_healthy_u1","adjacent_vs_healthy_u1","ranked","full_rank_covariate_adjusted","ranked_GSEA","GO","Biological Process","GO:0071214","cellular response to abiotic stimulus",NA,NA,7.51283143513245e-06,0.000119374835734071,8.28230963786487e-05,NA,NA,0.313783420239709,1.62419579133416,328,FALSE,"association-level pathway result; not causal or cell-intrinsic evidence","raw_cel_rma_tier_specific_enrichment"
"adjacent_vs_healthy_u1","adjacent_vs_healthy_u1","ranked","full_rank_covariate_adjusted","ranked_GSEA","GO","Biological Process","GO:0104004","cellular response to environmental stimulus",NA,NA,7.51283143513245e-06,0.000119374835734071,8.28230963786487e-05,NA,NA,0.313783420239709,1.62419579133416,328,FALSE,"association-level pathway result; not causal or cell-intrinsic evidence","raw_cel_rma_tier_specific_enrichment"
"adjacent_vs_healthy_u1","adjacent_vs_healthy_u1","ranked","full_rank_covariate_adjusted","ranked_GSEA","GO","Biological Process","GO:0007032","endosome organization",NA,NA,7.83670931942897e-06,0.000124201795649719,8.61720749456238e-05,NA,NA,-0.465421278708359,-1.91596653817128,93,FALSE,"association-level pathway result; not causal or cell-intrinsic evidence","raw_cel_rma_tier_specific_enrichment"
"adjacent_vs_healthy_u1","adjacent_vs_healthy_u1","ranked","full_rank_covariate_adjusted","ranked_GSEA","GO","Biological Process","GO:0006029","proteoglycan metabolic process",NA,NA,8.03016492581633e-06,0.000126942325847751,8.80734739743592e-05,NA,NA,0.43129336473241,1.92934409297973,106,FALSE,"association-level pathway result; not causal or cell-intrinsic evidence","raw_cel_rma_tier_specific_enrichment"
"adjacent_vs_healthy_u1","adjacent_vs_healthy_u1","ranked","full_rank_covariate_adjusted","ranked_GSEA","GO","Biological Process","GO:0001666","response to hypoxia",NA,NA,8.05896855892655e-06,0.000127072664955931,8.81639041596852e-05,NA,NA,0.322742483821378,1.65101165211328,290,FALSE,"association-level pathway result; not causal or cell-intrinsic evidence","raw_cel_rma_tier_specific_enrichment"
"adjacent_vs_healthy_u1","adjacent_vs_healthy_u1","ranked","full_rank_covariate_adjusted","ranked_GSEA","GO","Biological Process","GO:0030326","embryonic limb morphogenesis",NA,NA,8.20408821926949e-06,0.000128704236759657,8.92959000943198e-05,NA,NA,0.412362931690409,1.87962778116102,121,FALSE,"association-level pathway result; not causal or cell-intrinsic evidence","raw_cel_rma_tier_specific_enrichment"
"adjacent_vs_healthy_u1","adjacent_vs_healthy_u1","ranked","full_rank_covariate_adjusted","ranked_GSEA","GO","Biological Process","GO:0035113","embryonic appendage morphogenesis",NA,NA,8.20408821926949e-06,0.000128704236759657,8.92959000943198e-05,NA,NA,0.412362931690409,1.87962778116102,121,FALSE,"association-level pathway result; not causal or cell-intrinsic evidence","raw_cel_rma_tier_specific_enrichment"
"adjacent_vs_healthy_u1","adjacent_vs_healthy_u1","ranked","full_rank_covariate_adjusted","ranked_GSEA","GO","Biological Process","GO:0050727","regulation of inflammatory response",NA,NA,8.69717028351003e-06,0.00013609420132247,9.44231092205726e-05,NA,NA,0.299127164520387,1.5818678570045,382,FALSE,"association-level pathway result; not causal or cell-intrinsic evidence","raw_cel_rma_tier_specific_enrichment"
"adjacent_vs_healthy_u1","adjacent_vs_healthy_u1","ranked","full_rank_covariate_adjusted","ranked_GSEA","GO","Biological Process","GO:0048251","elastic fiber assembly",NA,NA,8.88564965806548e-06,0.000138692425597229,9.62257754039309e-05,NA,NA,0.864693043982119,2.24016581879025,10,FALSE,"association-level pathway result; not causal or cell-intrinsic evidence","raw_cel_rma_tier_specific_enrichment"
"adjacent_vs_healthy_u1","adjacent_vs_healthy_u1","ranked","full_rank_covariate_adjusted","ranked_GSEA","GO","Biological Process","GO:0035886","vascular associated smooth muscle cell differentiation",NA,NA,9.11846670234118e-06,0.000141967865710758,9.84982986751637e-05,NA,NA,0.675176177406713,2.28039741757689,27,FALSE,"association-level pathway result; not causal or cell-intrinsic evidence","raw_cel_rma_tier_specific_enrichment"
"adjacent_vs_healthy_u1","adjacent_vs_healthy_u1","ranked","full_rank_covariate_adjusted","ranked_GSEA","GO","Biological Process","GO:0036258","multivesicular body assembly",NA,NA,9.41502021701767e-06,0.0001456863833847,0.000101078232258324,NA,NA,-0.64842045944302,-2.12164885909407,30,FALSE,"association-level pathway result; not causal or cell-intrinsic evidence","raw_cel_rma_tier_specific_enrichment"
"adjacent_vs_healthy_u1","adjacent_vs_healthy_u1","ranked","full_rank_covariate_adjusted","ranked_GSEA","GO","Biological Process","GO:0014910","regulation of smooth muscle cell migration",NA,NA,9.42801380907294e-06,0.0001456863833847,0.000101078232258324,NA,NA,0.506442505467902,2.1170520676326,67,FALSE,"association-level pathway result; not causal or cell-intrinsic evidence","raw_cel_rma_tier_specific_enrichment"
"adjacent_vs_healthy_u1","adjacent_vs_healthy_u1","ranked","full_rank_covariate_adjusted","ranked_GSEA","GO","Biological Process","GO:0048255","mRNA stabilization",NA,NA,9.39384261457925e-06,0.0001456863833847,0.000101078232258324,NA,NA,0.499745233018015,2.08543469619745,66,FALSE,"association-level pathway result; not causal or cell-intrinsic evidence","raw_cel_rma_tier_specific_enrichment"
"adjacent_vs_healthy_u1","adjacent_vs_healthy_u1","ranked","full_rank_covariate_adjusted","ranked_GSEA","GO","Biological Process","GO:0007007","inner mitochondrial membrane organization",NA,NA,9.51602614893104e-06,0.000146679694829284,0.000101767398689448,NA,NA,-0.578670609438297,-2.06694657853013,44,FALSE,"association-level pathway result; not causal or cell-intrinsic evidence","raw_cel_rma_tier_specific_enrichment"
"adjacent_vs_healthy_u1","adjacent_vs_healthy_u1","ranked","full_rank_covariate_adjusted","ranked_GSEA","GO","Biological Process","GO:0048608","reproductive structure development",NA,NA,9.68653491765465e-06,0.000148936498323441,0.000103333184746072,NA,NA,0.318220102891217,1.63265650228978,299,FALSE,"association-level pathway result; not causal or cell-intrinsic evidence","raw_cel_rma_tier_specific_enrichment"
"adjacent_vs_healthy_u1","adjacent_vs_healthy_u1","ranked","full_rank_covariate_adjusted","ranked_GSEA","GO","Biological Process","GO:0061572","actin filament bundle organization",NA,NA,9.84412930728655e-06,0.000150984027911509,0.000104753775102221,NA,NA,0.377609321446056,1.78263165391512,161,FALSE,"association-level pathway result; not causal or cell-intrinsic evidence","raw_cel_rma_tier_specific_enrichment"
"adjacent_vs_healthy_u1","adjacent_vs_healthy_u1","ranked","full_rank_covariate_adjusted","ranked_GSEA","GO","Biological Process","GO:0045598","regulation of fat cell differentiation",NA,NA,1.00129210676891e-05,0.000153192735444025,0.000106286191844099,NA,NA,0.411871125237345,1.88993207911693,129,FALSE,"association-level pathway result; not causal or cell-intrinsic evidence","raw_cel_rma_tier_specific_enrichment"
"adjacent_vs_healthy_u1","adjacent_vs_healthy_u1","ranked","full_rank_covariate_adjusted","ranked_GSEA","GO","Biological Process","GO:0045807","positive regulation of endocytosis",NA,NA,1.00706324283097e-05,0.000153695256887364,0.00010663484473797,NA,NA,0.392910012757576,1.84948702918797,151,FALSE,"association-level pathway result; not causal or cell-intrinsic evidence","raw_cel_rma_tier_specific_enrichment"
"adjacent_vs_healthy_u1","adjacent_vs_healthy_u1","ranked","full_rank_covariate_adjusted","ranked_GSEA","GO","Biological Process","GO:0034332","adherens junction organization",NA,NA,1.02080570484303e-05,0.000155408868513172,0.000107823760475253,NA,NA,0.5311259903101,2.15429804754401,58,FALSE,"association-level pathway result; not causal or cell-intrinsic evidence","raw_cel_rma_tier_specific_enrichment"
"adjacent_vs_healthy_u1","adjacent_vs_healthy_u1","ranked","full_rank_covariate_adjusted","ranked_GSEA","GO","Biological Process","GO:0002685","regulation of leukocyte migration",NA,NA,1.05291612370983e-05,0.000159903551858733,0.000110942203232739,NA,NA,0.344834454779481,1.70925872767795,224,FALSE,"association-level pathway result; not causal or cell-intrinsic evidence","raw_cel_rma_tier_specific_enrichment"
"adjacent_vs_healthy_u1","adjacent_vs_healthy_u1","ranked","full_rank_covariate_adjusted","ranked_GSEA","GO","Biological Process","GO:0031623","receptor internalization",NA,NA,1.08370504855101e-05,0.000164176002575829,0.000113906459437483,NA,NA,0.406913515126291,1.88382802070164,139,FALSE,"association-level pathway result; not causal or cell-intrinsic evidence","raw_cel_rma_tier_specific_enrichment"
"adjacent_vs_healthy_u1","adjacent_vs_healthy_u1","ranked","full_rank_covariate_adjusted","ranked_GSEA","GO","Biological Process","GO:0060325","face morphogenesis",NA,NA,1.09304969162312e-05,0.000165186800584902,0.000114607758169414,NA,NA,0.6465311709217,2.28228513135556,32,FALSE,"association-level pathway result; not causal or cell-intrinsic evidence","raw_cel_rma_tier_specific_enrichment"
"adjacent_vs_healthy_u1","adjacent_vs_healthy_u1","ranked","full_rank_covariate_adjusted","ranked_GSEA","GO","Biological Process","GO:0034340","response to type I interferon",NA,NA,1.10524501074512e-05,0.000166622424668672,0.000115603804204765,NA,NA,0.470329600646152,2.04056302853531,86,FALSE,"association-level pathway result; not causal or cell-intrinsic evidence","raw_cel_rma_tier_specific_enrichment"
"adjacent_vs_healthy_u1","adjacent_vs_healthy_u1","ranked","full_rank_covariate_adjusted","ranked_GSEA","GO","Biological Process","GO:0046474","glycerophospholipid biosynthetic process",NA,NA,1.13014775222134e-05,0.000169962123028712,0.000117920910297086,NA,NA,-0.380245938475901,-1.7606468099754,196,FALSE,"association-level pathway result; not causal or cell-intrinsic evidence","raw_cel_rma_tier_specific_enrichment"
"adjacent_vs_healthy_u1","adjacent_vs_healthy_u1","ranked","full_rank_covariate_adjusted","ranked_GSEA","GO","Biological Process","GO:0006739","NADP metabolic process",NA,NA,1.17362112374777e-05,0.000174798847370721,0.000121276663491399,NA,NA,-0.576129899427565,-2.08123236545702,46,FALSE,"association-level pathway result; not causal or cell-intrinsic evidence","raw_cel_rma_tier_specific_enrichment"
"adjacent_vs_healthy_u1","adjacent_vs_healthy_u1","ranked","full_rank_covariate_adjusted","ranked_GSEA","GO","Biological Process","GO:0014896","muscle hypertrophy",NA,NA,1.16593618732906e-05,0.000174798847370721,0.000121276663491399,NA,NA,0.45461745358127,1.98609042234941,88,FALSE,"association-level pathway result; not causal or cell-intrinsic evidence","raw_cel_rma_tier_specific_enrichment"
"adjacent_vs_healthy_u1","adjacent_vs_healthy_u1","ranked","full_rank_covariate_adjusted","ranked_GSEA","GO","Biological Process","GO:0001894","tissue homeostasis",NA,NA,1.17154983580713e-05,0.000174798847370721,0.000121276663491399,NA,NA,0.329939305036837,1.67975821204591,270,FALSE,"association-level pathway result; not causal or cell-intrinsic evidence","raw_cel_rma_tier_specific_enrichment"
"adjacent_vs_healthy_u1","adjacent_vs_healthy_u1","ranked","full_rank_covariate_adjusted","ranked_GSEA","GO","Biological Process","GO:0060249","anatomical structure homeostasis",NA,NA,1.17154983580713e-05,0.000174798847370721,0.000121276663491399,NA,NA,0.329939305036837,1.67975821204591,270,FALSE,"association-level pathway result; not causal or cell-intrinsic evidence","raw_cel_rma_tier_specific_enrichment"
"adjacent_vs_healthy_u1","adjacent_vs_healthy_u1","ranked","full_rank_covariate_adjusted","ranked_GSEA","GO","Biological Process","GO:0050921","positive regulation of chemotaxis",NA,NA,1.17973481559283e-05,0.000175287040749502,0.000121615375473816,NA,NA,0.396794238329143,1.85022033563315,143,FALSE,"association-level pathway result; not causal or cell-intrinsic evidence","raw_cel_rma_tier_specific_enrichment"
"adjacent_vs_healthy_u1","adjacent_vs_healthy_u1","ranked","full_rank_covariate_adjusted","ranked_GSEA","GO","Biological Process","GO:2001046","positive regulation of integrin-mediated signaling pathway",NA,NA,1.1878389166596e-05,0.000176067921915419,0.000122157156291082,NA,NA,0.840130392254132,2.24690015927225,11,FALSE,"association-level pathway result; not causal or cell-intrinsic evidence","raw_cel_rma_tier_specific_enrichment"
"adjacent_vs_healthy_u1","adjacent_vs_healthy_u1","ranked","full_rank_covariate_adjusted","ranked_GSEA","GO","Biological Process","GO:0061458","reproductive system development",NA,NA,1.19897736996748e-05,0.000177293758941841,0.000123007650598023,NA,NA,0.31544498400657,1.61538269720564,303,FALSE,"association-level pathway result; not causal or cell-intrinsic evidence","raw_cel_rma_tier_specific_enrichment"
"adjacent_vs_healthy_u1","adjacent_vs_healthy_u1","ranked","full_rank_covariate_adjusted","ranked_GSEA","GO","Biological Process","GO:0060392","negative regulation of SMAD protein signal transduction",NA,NA,1.21265472855407e-05,0.00017888827869195,0.00012411393955858,NA,NA,0.677412908950673,2.24300078508115,24,FALSE,"association-level pathway result; not causal or cell-intrinsic evidence","raw_cel_rma_tier_specific_enrichment"
"adjacent_vs_healthy_u1","adjacent_vs_healthy_u1","ranked","full_rank_covariate_adjusted","ranked_GSEA","GO","Biological Process","GO:0045216","cell-cell junction organization",NA,NA,1.21920307694836e-05,0.000179426052824233,0.000124487051014727,NA,NA,0.352598147769009,1.7428206679904,215,FALSE,"association-level pathway result; not causal or cell-intrinsic evidence","raw_cel_rma_tier_specific_enrichment"
"adjacent_vs_healthy_u1","adjacent_vs_healthy_u1","ranked","full_rank_covariate_adjusted","ranked_GSEA","GO","Biological Process","GO:0000381","regulation of alternative mRNA splicing, via spliceosome",NA,NA,1.27763930698231e-05,0.000187579300628447,0.000130143831395072,NA,NA,0.542782447476661,2.13344438735704,51,FALSE,"association-level pathway result; not causal or cell-intrinsic evidence","raw_cel_rma_tier_specific_enrichment"
"adjacent_vs_healthy_u1","adjacent_vs_healthy_u1","ranked","full_rank_covariate_adjusted","ranked_GSEA","GO","Biological Process","GO:0097305","response to alcohol",NA,NA,1.30419650531613e-05,0.000190787575219652,0.000132369754756914,NA,NA,0.331415042989701,1.68650808536127,262,FALSE,"association-level pathway result; not causal or cell-intrinsic evidence","raw_cel_rma_tier_specific_enrichment"
"adjacent_vs_healthy_u1","adjacent_vs_healthy_u1","ranked","full_rank_covariate_adjusted","ranked_GSEA","GO","Biological Process","GO:0010608","post-transcriptional regulation of gene expression",NA,NA,1.30566484901978e-05,0.000190787575219652,0.000132369754756914,NA,NA,0.280868400192866,1.52538440562046,496,FALSE,"association-level pathway result; not causal or cell-intrinsic evidence","raw_cel_rma_tier_specific_enrichment"
"adjacent_vs_healthy_u1","adjacent_vs_healthy_u1","ranked","full_rank_covariate_adjusted","ranked_GSEA","GO","Biological Process","GO:0140588","chromatin looping",NA,NA,1.3155867545883e-05,0.000191784003068639,0.00013306108337122,NA,NA,0.373699258065165,1.76417288620012,161,FALSE,"association-level pathway result; not causal or cell-intrinsic evidence","raw_cel_rma_tier_specific_enrichment"
"adjacent_vs_healthy_u1","adjacent_vs_healthy_u1","ranked","full_rank_covariate_adjusted","ranked_GSEA","GO","Biological Process","GO:1902904","negative regulation of supramolecular fiber organization",NA,NA,1.35741856686715e-05,0.000197416568513079,0.000136968996691437,NA,NA,0.384563258430325,1.80930001278498,155,FALSE,"association-level pathway result; not causal or cell-intrinsic evidence","raw_cel_rma_tier_specific_enrichment"
"adjacent_vs_healthy_u1","adjacent_vs_healthy_u1","ranked","full_rank_covariate_adjusted","ranked_GSEA","GO","Biological Process","GO:0051338","regulation of transferase activity",NA,NA,1.3866558057212e-05,0.000201195294252647,0.000139590703051845,NA,NA,0.29288184551578,1.56286209672471,430,FALSE,"association-level pathway result; not causal or cell-intrinsic evidence","raw_cel_rma_tier_specific_enrichment"
"adjacent_vs_healthy_u1","adjacent_vs_healthy_u1","ranked","full_rank_covariate_adjusted","ranked_GSEA","GO","Biological Process","GO:0032231","regulation of actin filament bundle assembly",NA,NA,1.44577170398817e-05,0.000209281379446157,0.000145200885542902,NA,NA,0.440627314202933,1.93838843286618,101,FALSE,"association-level pathway result; not causal or cell-intrinsic evidence","raw_cel_rma_tier_specific_enrichment"
"adjacent_vs_healthy_u1","adjacent_vs_healthy_u1","ranked","full_rank_covariate_adjusted","ranked_GSEA","GO","Biological Process","GO:0019693","ribose phosphate metabolic process",NA,NA,1.45616520116966e-05,0.000210293390383871,0.000145903025813212,NA,NA,-0.335600016096745,-1.64963504692494,350,FALSE,"association-level pathway result; not causal or cell-intrinsic evidence","raw_cel_rma_tier_specific_enrichment"
"adjacent_vs_healthy_u1","adjacent_vs_healthy_u1","ranked","full_rank_covariate_adjusted","ranked_GSEA","GO","Biological Process","GO:0035988","chondrocyte proliferation",NA,NA,1.46705403129354e-05,0.000211372050522735,0.00014665140776567,NA,NA,0.674917922700391,2.23473956648875,24,FALSE,"association-level pathway result; not causal or cell-intrinsic evidence","raw_cel_rma_tier_specific_enrichment"
"adjacent_vs_healthy_u1","adjacent_vs_healthy_u1","ranked","full_rank_covariate_adjusted","ranked_GSEA","GO","Biological Process","GO:0055007","cardiac muscle cell differentiation",NA,NA,1.53223160851374e-05,0.000220249385400545,0.000152810564824602,NA,NA,0.417032918736703,1.87605886291594,116,FALSE,"association-level pathway result; not causal or cell-intrinsic evidence","raw_cel_rma_tier_specific_enrichment"
"adjacent_vs_healthy_u1","adjacent_vs_healthy_u1","ranked","full_rank_covariate_adjusted","ranked_GSEA","GO","Biological Process","GO:0032963","collagen metabolic process",NA,NA,1.56541995170162e-05,0.000222946099572989,0.000154681563988174,NA,NA,0.44011745314214,1.93614547435963,101,FALSE,"association-level pathway result; not causal or cell-intrinsic evidence","raw_cel_rma_tier_specific_enrichment"
"adjacent_vs_healthy_u1","adjacent_vs_healthy_u1","ranked","full_rank_covariate_adjusted","ranked_GSEA","GO","Biological Process","GO:0001890","placenta development",NA,NA,1.55895657842968e-05,0.000222946099572989,0.000154681563988174,NA,NA,0.38242415974992,1.79828329054427,150,FALSE,"association-level pathway result; not causal or cell-intrinsic evidence","raw_cel_rma_tier_specific_enrichment"
"adjacent_vs_healthy_u1","adjacent_vs_healthy_u1","ranked","full_rank_covariate_adjusted","ranked_GSEA","GO","Biological Process","GO:0031032","actomyosin structure organization",NA,NA,1.56287470804952e-05,0.000222946099572989,0.000154681563988174,NA,NA,0.358572909300221,1.76380710343487,206,FALSE,"association-level pathway result; not causal or cell-intrinsic evidence","raw_cel_rma_tier_specific_enrichment"
"adjacent_vs_healthy_u1","adjacent_vs_healthy_u1","ranked","full_rank_covariate_adjusted","ranked_GSEA","GO","Biological Process","GO:0032868","response to insulin",NA,NA,1.56437024056249e-05,0.000222946099572989,0.000154681563988174,NA,NA,0.313852323986986,1.61552399476661,313,FALSE,"association-level pathway result; not causal or cell-intrinsic evidence","raw_cel_rma_tier_specific_enrichment"
"adjacent_vs_healthy_u1","adjacent_vs_healthy_u1","ranked","full_rank_covariate_adjusted","ranked_GSEA","GO","Biological Process","GO:0097084","vascular associated smooth muscle cell development",NA,NA,1.60608195740001e-05,0.000228211323648033,0.000158334613295768,NA,NA,0.819486607122862,2.26041343851816,12,FALSE,"association-level pathway result; not causal or cell-intrinsic evidence","raw_cel_rma_tier_specific_enrichment"
"adjacent_vs_healthy_u1","adjacent_vs_healthy_u1","ranked","full_rank_covariate_adjusted","ranked_GSEA","GO","Biological Process","GO:0010575","positive regulation of vascular endothelial growth factor production",NA,NA,1.61573373961886e-05,0.00022905619827028,0.000158920793220842,NA,NA,0.629451762860931,2.20696808963522,31,FALSE,"association-level pathway result; not causal or cell-intrinsic evidence","raw_cel_rma_tier_specific_enrichment"
"adjacent_vs_healthy_u1","adjacent_vs_healthy_u1","ranked","full_rank_covariate_adjusted","ranked_GSEA","GO","Biological Process","GO:0031102","neuron projection regeneration",NA,NA,1.62092705781088e-05,0.00022926659369174,0.000159066767036529,NA,NA,0.538548902792275,2.13437278435496,54,FALSE,"association-level pathway result; not causal or cell-intrinsic evidence","raw_cel_rma_tier_specific_enrichment"
"adjacent_vs_healthy_u1","adjacent_vs_healthy_u1","ranked","full_rank_covariate_adjusted","ranked_GSEA","GO","Biological Process","GO:0010574","regulation of vascular endothelial growth factor production",NA,NA,1.62765141614926e-05,0.000229692086831475,0.00015936197715434,NA,NA,0.612152819258142,2.18132508681169,34,FALSE,"association-level pathway result; not causal or cell-intrinsic evidence","raw_cel_rma_tier_specific_enrichment"
"adjacent_vs_healthy_u1","adjacent_vs_healthy_u1","ranked","full_rank_covariate_adjusted","ranked_GSEA","GO","Biological Process","GO:0001953","negative regulation of cell-matrix adhesion",NA,NA,1.66038969724652e-05,0.000233247016333653,0.000161828412119194,NA,NA,0.614988542165917,2.23191965545944,36,FALSE,"association-level pathway result; not causal or cell-intrinsic evidence","raw_cel_rma_tier_specific_enrichment"
"adjacent_vs_healthy_u1","adjacent_vs_healthy_u1","ranked","full_rank_covariate_adjusted","ranked_GSEA","GO","Biological Process","GO:0030514","negative regulation of BMP signaling pathway",NA,NA,1.65747748922006e-05,0.000233247016333653,0.000161828412119194,NA,NA,0.522492833005914,2.1064300617686,57,FALSE,"association-level pathway result; not causal or cell-intrinsic evidence","raw_cel_rma_tier_specific_enrichment"
"adjacent_vs_healthy_u1","adjacent_vs_healthy_u1","ranked","full_rank_covariate_adjusted","ranked_GSEA","GO","Biological Process","GO:0060317","cardiac epithelial to mesenchymal transition",NA,NA,1.7299340486423e-05,0.000241917243065936,0.000167843876097485,NA,NA,0.6375467463097,2.25056969422278,32,FALSE,"association-level pathway result; not causal or cell-intrinsic evidence","raw_cel_rma_tier_specific_enrichment"
"adjacent_vs_healthy_u1","adjacent_vs_healthy_u1","ranked","full_rank_covariate_adjusted","ranked_GSEA","GO","Biological Process","GO:0030010","establishment of cell polarity",NA,NA,1.72993725020456e-05,0.000241917243065936,0.000167843876097485,NA,NA,0.370868941079188,1.75081142406647,161,FALSE,"association-level pathway result; not causal or cell-intrinsic evidence","raw_cel_rma_tier_specific_enrichment"
"adjacent_vs_healthy_u1","adjacent_vs_healthy_u1","ranked","full_rank_covariate_adjusted","ranked_GSEA","GO","Biological Process","GO:0001819","positive regulation of cytokine production",NA,NA,1.74412585399634e-05,0.000243350833037278,0.000168838510851399,NA,NA,0.279438192066047,1.51368164758915,483,FALSE,"association-level pathway result; not causal or cell-intrinsic evidence","raw_cel_rma_tier_specific_enrichment"
"adjacent_vs_healthy_u1","adjacent_vs_healthy_u1","ranked","full_rank_covariate_adjusted","ranked_GSEA","GO","Biological Process","GO:0031960","response to corticosteroid",NA,NA,1.7652411496371e-05,0.00024574224202493,0.000170497687141335,NA,NA,0.379260525263159,1.78908625984555,152,FALSE,"association-level pathway result; not causal or cell-intrinsic evidence","raw_cel_rma_tier_specific_enrichment"
"adjacent_vs_healthy_u1","adjacent_vs_healthy_u1","ranked","full_rank_covariate_adjusted","ranked_GSEA","GO","Biological Process","GO:0003171","atrioventricular valve development",NA,NA,1.77732183734957e-05,0.000246868006217026,0.000171278750215544,NA,NA,0.620888438067397,2.15913429502892,30,FALSE,"association-level pathway result; not causal or cell-intrinsic evidence","raw_cel_rma_tier_specific_enrichment"
"adjacent_vs_healthy_u1","adjacent_vs_healthy_u1","ranked","full_rank_covariate_adjusted","ranked_GSEA","GO","Biological Process","GO:0043114","regulation of vascular permeability",NA,NA,1.79434694913746e-05,0.000248673957233602,0.000172531731668303,NA,NA,0.55000981575973,2.13769776463146,48,FALSE,"association-level pathway result; not causal or cell-intrinsic evidence","raw_cel_rma_tier_specific_enrichment"
"adjacent_vs_healthy_u1","adjacent_vs_healthy_u1","ranked","full_rank_covariate_adjusted","ranked_GSEA","GO","Biological Process","GO:0043535","regulation of blood vessel endothelial cell migration",NA,NA,1.8344911424974e-05,0.000253668674536385,0.000175997101484385,NA,NA,0.44517098155235,1.95008856805892,92,FALSE,"association-level pathway result; not causal or cell-intrinsic evidence","raw_cel_rma_tier_specific_enrichment"
"adjacent_vs_healthy_u1","adjacent_vs_healthy_u1","ranked","full_rank_covariate_adjusted","ranked_GSEA","GO","Biological Process","GO:1900180","regulation of protein localization to nucleus",NA,NA,1.85385601370108e-05,0.00025577419689032,0.000177457927627307,NA,NA,0.39201301643547,1.82792587386349,143,FALSE,"association-level pathway result; not causal or cell-intrinsic evidence","raw_cel_rma_tier_specific_enrichment"
"adjacent_vs_healthy_u1","adjacent_vs_healthy_u1","ranked","full_rank_covariate_adjusted","ranked_GSEA","GO","Biological Process","GO:0007015","actin filament organization",NA,NA,1.99080468763451e-05,0.000274057099649641,0.000190142733499542,NA,NA,0.287659042121551,1.54186026633526,442,FALSE,"association-level pathway result; not causal or cell-intrinsic evidence","raw_cel_rma_tier_specific_enrichment"
"adjacent_vs_healthy_u1","adjacent_vs_healthy_u1","ranked","full_rank_covariate_adjusted","ranked_GSEA","GO","Biological Process","GO:1905063","regulation of vascular associated smooth muscle cell differentiation",NA,NA,2.03961120050223e-05,0.000280151929562317,0.000194371369142598,NA,NA,0.814768347006398,2.24739892616252,12,FALSE,"association-level pathway result; not causal or cell-intrinsic evidence","raw_cel_rma_tier_specific_enrichment"
"adjacent_vs_healthy_u1","adjacent_vs_healthy_u1","ranked","full_rank_covariate_adjusted","ranked_GSEA","GO","Biological Process","GO:1902369","negative regulation of RNA catabolic process",NA,NA,2.05545799021018e-05,0.000281079332687812,0.000195014807920733,NA,NA,0.451509675660146,1.96579860343415,87,FALSE,"association-level pathway result; not causal or cell-intrinsic evidence","raw_cel_rma_tier_specific_enrichment"
"adjacent_vs_healthy_u1","adjacent_vs_healthy_u1","ranked","full_rank_covariate_adjusted","ranked_GSEA","GO","Biological Process","GO:0030879","mammary gland development",NA,NA,2.05232292393087e-05,0.000281079332687812,0.000195014807920733,NA,NA,0.392296746958771,1.8023159807564,130,FALSE,"association-level pathway result; not causal or cell-intrinsic evidence","raw_cel_rma_tier_specific_enrichment"
"adjacent_vs_healthy_u1","adjacent_vs_healthy_u1","ranked","full_rank_covariate_adjusted","ranked_GSEA","GO","Biological Process","GO:0050731","positive regulation of peptidyl-tyrosine phosphorylation",NA,NA,2.19705318849785e-05,0.00029977893505751,0.000207988722898577,NA,NA,0.412842290760598,1.84862392325907,113,FALSE,"association-level pathway result; not causal or cell-intrinsic evidence","raw_cel_rma_tier_specific_enrichment"
"adjacent_vs_healthy_u1","adjacent_vs_healthy_u1","ranked","full_rank_covariate_adjusted","ranked_GSEA","GO","Biological Process","GO:0006084","acetyl-CoA metabolic process",NA,NA,2.22202729611053e-05,0.00030251873826562,0.000209889617536617,NA,NA,-0.596583936045499,-2.04021531195841,36,FALSE,"association-level pathway result; not causal or cell-intrinsic evidence","raw_cel_rma_tier_specific_enrichment"
"adjacent_vs_healthy_u1","adjacent_vs_healthy_u1","ranked","full_rank_covariate_adjusted","ranked_GSEA","GO","Biological Process","GO:0048708","astrocyte differentiation",NA,NA,2.23381582185281e-05,0.000303455287799389,0.000210539402156816,NA,NA,0.461384738611336,1.98006095354035,84,FALSE,"association-level pathway result; not causal or cell-intrinsic evidence","raw_cel_rma_tier_specific_enrichment"
"adjacent_vs_healthy_u1","adjacent_vs_healthy_u1","ranked","full_rank_covariate_adjusted","ranked_GSEA","GO","Biological Process","GO:0001954","positive regulation of cell-matrix adhesion",NA,NA,2.2992914891919e-05,0.000311664927515244,0.000216235307640069,NA,NA,0.512990453275378,2.04664255892733,55,FALSE,"association-level pathway result; not causal or cell-intrinsic evidence","raw_cel_rma_tier_specific_enrichment"
"adjacent_vs_healthy_u1","adjacent_vs_healthy_u1","ranked","full_rank_covariate_adjusted","ranked_GSEA","GO","Biological Process","GO:0007043","cell-cell junction assembly",NA,NA,2.31117201847717e-05,0.000312589808450928,0.000216876996505263,NA,NA,0.371061998722468,1.74791796134601,156,FALSE,"association-level pathway result; not causal or cell-intrinsic evidence","raw_cel_rma_tier_specific_enrichment"
"adjacent_vs_healthy_u1","adjacent_vs_healthy_u1","ranked","full_rank_covariate_adjusted","ranked_GSEA","GO","Biological Process","GO:0050804","modulation of chemical synaptic transmission",NA,NA,2.37038317997263e-05,0.000319898219113774,0.000221947622965031,NA,NA,0.27450932020715,1.48763270908032,488,FALSE,"association-level pathway result; not causal or cell-intrinsic evidence","raw_cel_rma_tier_specific_enrichment"
"adjacent_vs_healthy_u1","adjacent_vs_healthy_u1","ranked","full_rank_covariate_adjusted","ranked_GSEA","GO","Biological Process","GO:0030193","regulation of blood coagulation",NA,NA,2.381490519246e-05,0.000319999845640425,0.000222018132160371,NA,NA,0.481326390956511,2.01727505815844,68,FALSE,"association-level pathway result; not causal or cell-intrinsic evidence","raw_cel_rma_tier_specific_enrichment"
"adjacent_vs_healthy_u1","adjacent_vs_healthy_u1","ranked","full_rank_covariate_adjusted","ranked_GSEA","GO","Biological Process","GO:0060041","retina development in camera-type eye",NA,NA,2.3812075341886e-05,0.000319999845640425,0.000222018132160371,NA,NA,0.362273307433886,1.73536317323399,172,FALSE,"association-level pathway result; not causal or cell-intrinsic evidence","raw_cel_rma_tier_specific_enrichment"
"adjacent_vs_healthy_u1","adjacent_vs_healthy_u1","ranked","full_rank_covariate_adjusted","ranked_GSEA","GO","Biological Process","GO:0007163","establishment or maintenance of cell polarity",NA,NA,2.41215910864742e-05,0.000323417688732097,0.00022438945561433,NA,NA,0.340744388636064,1.7009123571582,226,FALSE,"association-level pathway result; not causal or cell-intrinsic evidence","raw_cel_rma_tier_specific_enrichment"
"adjacent_vs_healthy_u1","adjacent_vs_healthy_u1","ranked","full_rank_covariate_adjusted","ranked_GSEA","GO","Biological Process","GO:0061384","heart trabecula morphogenesis",NA,NA,2.45740610983241e-05,0.000328771150754851,0.000228103725027506,NA,NA,0.607337409602698,2.1702434608343,33,FALSE,"association-level pathway result; not causal or cell-intrinsic evidence","raw_cel_rma_tier_specific_enrichment"
"adjacent_vs_healthy_u1","adjacent_vs_healthy_u1","ranked","full_rank_covariate_adjusted","ranked_GSEA","GO","Biological Process","GO:0050918","positive chemotaxis",NA,NA,2.50049807142808e-05,0.000333813792213757,0.000231602344958463,NA,NA,0.4902173414016,2.03082580272457,63,FALSE,"association-level pathway result; not causal or cell-intrinsic evidence","raw_cel_rma_tier_specific_enrichment"
"adjacent_vs_healthy_u1","adjacent_vs_healthy_u1","ranked","full_rank_covariate_adjusted","ranked_GSEA","GO","Biological Process","GO:0097529","myeloid leukocyte migration",NA,NA,2.53071539311173e-05,0.000337119651828095,0.000233895973492223,NA,NA,0.339755343570006,1.68357480168957,221,FALSE,"association-level pathway result; not causal or cell-intrinsic evidence","raw_cel_rma_tier_specific_enrichment"
"adjacent_vs_healthy_u1","adjacent_vs_healthy_u1","ranked","full_rank_covariate_adjusted","ranked_GSEA","GO","Biological Process","GO:0043648","dicarboxylic acid metabolic process",NA,NA,2.5392279116926e-05,0.00033752618757359,0.000234178030837253,NA,NA,-0.451732877554677,-1.8590037857032,95,FALSE,"association-level pathway result; not causal or cell-intrinsic evidence","raw_cel_rma_tier_specific_enrichment"
"adjacent_vs_healthy_u1","adjacent_vs_healthy_u1","ranked","full_rank_covariate_adjusted","ranked_GSEA","GO","Biological Process","GO:0033622","integrin activation",NA,NA,2.54578776828131e-05,0.000337671978449502,0.000234279181567158,NA,NA,0.661471738953745,2.20811322531488,26,FALSE,"association-level pathway result; not causal or cell-intrinsic evidence","raw_cel_rma_tier_specific_enrichment"
"adjacent_vs_healthy_u1","adjacent_vs_healthy_u1","ranked","full_rank_covariate_adjusted","ranked_GSEA","GO","Biological Process","GO:0044409","symbiont entry into host",NA,NA,2.58064273024087e-05,0.000341562156651366,0.000236978214425815,NA,NA,0.386103033215361,1.77874910975887,131,FALSE,"association-level pathway result; not causal or cell-intrinsic evidence","raw_cel_rma_tier_specific_enrichment"
"adjacent_vs_healthy_u1","adjacent_vs_healthy_u1","ranked","full_rank_covariate_adjusted","ranked_GSEA","GO","Biological Process","GO:0014897","striated muscle hypertrophy",NA,NA,2.60772815067135e-05,0.000343677269766863,0.000238445694706222,NA,NA,0.458074527665691,1.98739340280566,86,FALSE,"association-level pathway result; not causal or cell-intrinsic evidence","raw_cel_rma_tier_specific_enrichment"
"adjacent_vs_healthy_u1","adjacent_vs_healthy_u1","ranked","full_rank_covariate_adjusted","ranked_GSEA","GO","Biological Process","GO:0001701","in utero embryonic development",NA,NA,2.60774372303282e-05,0.000343677269766863,0.000238445694706222,NA,NA,0.29455930874146,1.555668390886,393,FALSE,"association-level pathway result; not causal or cell-intrinsic evidence","raw_cel_rma_tier_specific_enrichment"
"adjacent_vs_healthy_u1","adjacent_vs_healthy_u1","ranked","full_rank_covariate_adjusted","ranked_GSEA","GO","Biological Process","GO:0071478","cellular response to radiation",NA,NA,2.61570774917244e-05,0.000343993395694358,0.000238665025086865,NA,NA,0.360838651555139,1.72534534208907,173,FALSE,"association-level pathway result; not causal or cell-intrinsic evidence","raw_cel_rma_tier_specific_enrichment"
"adjacent_vs_healthy_u1","adjacent_vs_healthy_u1","ranked","full_rank_covariate_adjusted","ranked_GSEA","GO","Biological Process","GO:0051150","regulation of smooth muscle cell differentiation",NA,NA,2.62783540159667e-05,0.000344854577861337,0.000239262519300588,NA,NA,0.605055714281535,2.15603549793424,34,FALSE,"association-level pathway result; not causal or cell-intrinsic evidence","raw_cel_rma_tier_specific_enrichment"
"adjacent_vs_healthy_u1","adjacent_vs_healthy_u1","ranked","full_rank_covariate_adjusted","ranked_GSEA","GO","Biological Process","GO:0051384","response to glucocorticoid",NA,NA,2.63702846697103e-05,0.000345257742296968,0.000239542237607243,NA,NA,0.398713440228756,1.84236283465692,132,FALSE,"association-level pathway result; not causal or cell-intrinsic evidence","raw_cel_rma_tier_specific_enrichment"
"adjacent_vs_healthy_u1","adjacent_vs_healthy_u1","ranked","full_rank_covariate_adjusted","ranked_GSEA","GO","Biological Process","GO:0071900","regulation of protein serine/threonine kinase activity",NA,NA,2.64207914749176e-05,0.000345257742296968,0.000239542237607243,NA,NA,0.344670334876046,1.69405910183562,203,FALSE,"association-level pathway result; not causal or cell-intrinsic evidence","raw_cel_rma_tier_specific_enrichment"
"adjacent_vs_healthy_u1","adjacent_vs_healthy_u1","ranked","full_rank_covariate_adjusted","ranked_GSEA","GO","Biological Process","GO:0009259","ribonucleotide metabolic process",NA,NA,2.65175939573069e-05,0.000345791662974924,0.000239912675509812,NA,NA,-0.331755574024505,-1.62485823623672,342,FALSE,"association-level pathway result; not causal or cell-intrinsic evidence","raw_cel_rma_tier_specific_enrichment"
"adjacent_vs_healthy_u1","adjacent_vs_healthy_u1","ranked","full_rank_covariate_adjusted","ranked_GSEA","GO","Biological Process","GO:0070555","response to interleukin-1",NA,NA,2.66114459557011e-05,0.000346284942004607,0.000240254915952412,NA,NA,0.424311808039452,1.8862663242814,103,FALSE,"association-level pathway result; not causal or cell-intrinsic evidence","raw_cel_rma_tier_specific_enrichment"
"adjacent_vs_healthy_u1","adjacent_vs_healthy_u1","ranked","full_rank_covariate_adjusted","ranked_GSEA","GO","Biological Process","GO:0048565","digestive tract development",NA,NA,2.66859878211232e-05,0.000346525400677232,0.000240421747862132,NA,NA,0.38580734185004,1.7872129867572,134,FALSE,"association-level pathway result; not causal or cell-intrinsic evidence","raw_cel_rma_tier_specific_enrichment"
"adjacent_vs_healthy_u1","adjacent_vs_healthy_u1","ranked","full_rank_covariate_adjusted","ranked_GSEA","GO","Biological Process","GO:0035567","non-canonical Wnt signaling pathway",NA,NA,2.76252143471402e-05,0.000357969496603089,0.00024836174169756,NA,NA,0.478629124174425,2.00597061047609,68,FALSE,"association-level pathway result; not causal or cell-intrinsic evidence","raw_cel_rma_tier_specific_enrichment"
"adjacent_vs_healthy_u1","adjacent_vs_healthy_u1","ranked","full_rank_covariate_adjusted","ranked_GSEA","GO","Biological Process","GO:0032956","regulation of actin cytoskeleton organization",NA,NA,2.78626679490799e-05,0.000360291110027747,0.000249972493337484,NA,NA,0.301537874336755,1.55981501800121,326,FALSE,"association-level pathway result; not causal or cell-intrinsic evidence","raw_cel_rma_tier_specific_enrichment"
"adjacent_vs_healthy_u1","adjacent_vs_healthy_u1","ranked","full_rank_covariate_adjusted","ranked_GSEA","GO","Biological Process","GO:0048008","platelet-derived growth factor receptor signaling pathway",NA,NA,2.82503602034515e-05,0.000364541704420738,0.000252921585471621,NA,NA,0.431843044910703,1.91375951991059,102,FALSE,"association-level pathway result; not causal or cell-intrinsic evidence","raw_cel_rma_tier_specific_enrichment"
"adjacent_vs_healthy_u1","adjacent_vs_healthy_u1","ranked","full_rank_covariate_adjusted","ranked_GSEA","GO","Biological Process","GO:2000630","positive regulation of miRNA metabolic process",NA,NA,2.85802683383854e-05,0.000367265360913847,0.000254811277405804,NA,NA,0.493729629586355,2.05100065226897,62,FALSE,"association-level pathway result; not causal or cell-intrinsic evidence","raw_cel_rma_tier_specific_enrichment"
"adjacent_vs_healthy_u1","adjacent_vs_healthy_u1","ranked","full_rank_covariate_adjusted","ranked_GSEA","GO","Biological Process","GO:0006778","porphyrin-containing compound metabolic process",NA,NA,2.85733461236198e-05,0.000367265360913847,0.000254811277405804,NA,NA,-0.539657380423225,-1.97352644457698,50,FALSE,"association-level pathway result; not causal or cell-intrinsic evidence","raw_cel_rma_tier_specific_enrichment"
"adjacent_vs_healthy_u1","adjacent_vs_healthy_u1","ranked","full_rank_covariate_adjusted","ranked_GSEA","GO","Biological Process","GO:0051149","positive regulation of muscle cell differentiation",NA,NA,2.90527921693346e-05,0.00037256288049514,0.000258486733561628,NA,NA,0.48505337291049,2.01006138243608,65,FALSE,"association-level pathway result; not causal or cell-intrinsic evidence","raw_cel_rma_tier_specific_enrichment"
"adjacent_vs_healthy_u1","adjacent_vs_healthy_u1","ranked","full_rank_covariate_adjusted","ranked_GSEA","GO","Biological Process","GO:0048638","regulation of developmental growth",NA,NA,2.93405863726732e-05,0.000375474460392325,0.000260506808068586,NA,NA,0.307151064782799,1.57633748017764,305,FALSE,"association-level pathway result; not causal or cell-intrinsic evidence","raw_cel_rma_tier_specific_enrichment"
"adjacent_vs_healthy_u1","adjacent_vs_healthy_u1","ranked","full_rank_covariate_adjusted","ranked_GSEA","GO","Biological Process","GO:0006605","protein targeting",NA,NA,2.96653050137189e-05,0.000378845558449993,0.000262845699490846,NA,NA,-0.332176534838545,-1.61699594588696,317,FALSE,"association-level pathway result; not causal or cell-intrinsic evidence","raw_cel_rma_tier_specific_enrichment"
"adjacent_vs_healthy_u1","adjacent_vs_healthy_u1","ranked","full_rank_covariate_adjusted","ranked_GSEA","GO","Biological Process","GO:0048546","digestive tract morphogenesis",NA,NA,3.19954153763854e-05,0.000406711881335902,0.000282179549308571,NA,NA,0.54176067981158,2.10563622868933,48,FALSE,"association-level pathway result; not causal or cell-intrinsic evidence","raw_cel_rma_tier_specific_enrichment"
"adjacent_vs_healthy_u1","adjacent_vs_healthy_u1","ranked","full_rank_covariate_adjusted","ranked_GSEA","GO","Biological Process","GO:0007596","blood coagulation",NA,NA,3.20447639881224e-05,0.000406711881335902,0.000282179549308571,NA,NA,0.328482689413918,1.65125575069491,237,FALSE,"association-level pathway result; not causal or cell-intrinsic evidence","raw_cel_rma_tier_specific_enrichment"
"adjacent_vs_healthy_u1","adjacent_vs_healthy_u1","ranked","full_rank_covariate_adjusted","ranked_GSEA","GO","Biological Process","GO:0010959","regulation of metal ion transport",NA,NA,3.20403458785558e-05,0.000406711881335902,0.000282179549308571,NA,NA,0.291529479993472,1.53542555347348,368,FALSE,"association-level pathway result; not causal or cell-intrinsic evidence","raw_cel_rma_tier_specific_enrichment"
"adjacent_vs_healthy_u1","adjacent_vs_healthy_u1","ranked","full_rank_covariate_adjusted","ranked_GSEA","GO","Biological Process","GO:0030177","positive regulation of Wnt signaling pathway",NA,NA,3.25715301057796e-05,0.000412550466360295,0.000286230400455018,NA,NA,0.390573147372875,1.80817940865468,139,FALSE,"association-level pathway result; not causal or cell-intrinsic evidence","raw_cel_rma_tier_specific_enrichment"
"adjacent_vs_healthy_u1","adjacent_vs_healthy_u1","ranked","full_rank_covariate_adjusted","ranked_GSEA","GO","Biological Process","GO:0030203","glycosaminoglycan metabolic process",NA,NA,3.26681302256259e-05,0.000412927838291602,0.000286492223741685,NA,NA,0.447693840678962,1.90994446640797,81,FALSE,"association-level pathway result; not causal or cell-intrinsic evidence","raw_cel_rma_tier_specific_enrichment"
"adjacent_vs_healthy_u1","adjacent_vs_healthy_u1","ranked","full_rank_covariate_adjusted","ranked_GSEA","GO","Biological Process","GO:0006402","mRNA catabolic process",NA,NA,3.34897622860835e-05,0.000421768144334296,0.000292625689935698,NA,NA,0.3301646040849,1.66985177535186,245,FALSE,"association-level pathway result; not causal or cell-intrinsic evidence","raw_cel_rma_tier_specific_enrichment"
"adjacent_vs_healthy_u1","adjacent_vs_healthy_u1","ranked","full_rank_covariate_adjusted","ranked_GSEA","GO","Biological Process","GO:0009150","purine ribonucleotide metabolic process",NA,NA,3.3503989462569e-05,0.000421768144334296,0.000292625689935698,NA,NA,-0.334324499078428,-1.63089083800105,322,FALSE,"association-level pathway result; not causal or cell-intrinsic evidence","raw_cel_rma_tier_specific_enrichment"
"adjacent_vs_healthy_u1","adjacent_vs_healthy_u1","ranked","full_rank_covariate_adjusted","ranked_GSEA","GO","Biological Process","GO:0071695","anatomical structure maturation",NA,NA,3.39163777290262e-05,0.000426091729152664,0.000295625423337725,NA,NA,0.319280502532716,1.62721786302166,265,FALSE,"association-level pathway result; not causal or cell-intrinsic evidence","raw_cel_rma_tier_specific_enrichment"
"adjacent_vs_healthy_u1","adjacent_vs_healthy_u1","ranked","full_rank_covariate_adjusted","ranked_GSEA","GO","Biological Process","GO:0000422","autophagy of mitochondrion",NA,NA,3.41459857951564e-05,0.000428106162677204,0.000297023051413403,NA,NA,-0.440083480152807,-1.85936626956774,111,FALSE,"association-level pathway result; not causal or cell-intrinsic evidence","raw_cel_rma_tier_specific_enrichment"
"adjacent_vs_healthy_u1","adjacent_vs_healthy_u1","ranked","full_rank_covariate_adjusted","ranked_GSEA","GO","Biological Process","GO:0060976","coronary vasculature development",NA,NA,3.45846119853874e-05,0.00043272770583336,0.000300229510395202,NA,NA,0.540162047556491,2.09942289849003,48,FALSE,"association-level pathway result; not causal or cell-intrinsic evidence","raw_cel_rma_tier_specific_enrichment"
"adjacent_vs_healthy_u1","adjacent_vs_healthy_u1","ranked","full_rank_covariate_adjusted","ranked_GSEA","GO","Biological Process","GO:0001946","lymphangiogenesis",NA,NA,3.52030666456965e-05,0.000439576070579899,0.000304980953778985,NA,NA,0.717680691591902,2.1962841849727,19,FALSE,"association-level pathway result; not causal or cell-intrinsic evidence","raw_cel_rma_tier_specific_enrichment"
"adjacent_vs_healthy_u1","adjacent_vs_healthy_u1","ranked","full_rank_covariate_adjusted","ranked_GSEA","GO","Biological Process","GO:0048661","positive regulation of smooth muscle cell proliferation",NA,NA,3.55379481038912e-05,0.000442863018609176,0.000307261461322693,NA,NA,0.443085596281923,1.91375606180213,85,FALSE,"association-level pathway result; not causal or cell-intrinsic evidence","raw_cel_rma_tier_specific_enrichment"
"adjacent_vs_healthy_u1","adjacent_vs_healthy_u1","ranked","full_rank_covariate_adjusted","ranked_GSEA","GO","Biological Process","GO:0072089","stem cell proliferation",NA,NA,3.66955786362431e-05,0.000456368956842291,0.000316631975778999,NA,NA,0.412752625056295,1.84106601432222,111,FALSE,"association-level pathway result; not causal or cell-intrinsic evidence","raw_cel_rma_tier_specific_enrichment"
"adjacent_vs_healthy_u1","adjacent_vs_healthy_u1","ranked","full_rank_covariate_adjusted","ranked_GSEA","GO","Biological Process","GO:2000352","negative regulation of endothelial cell apoptotic process",NA,NA,3.71091882873506e-05,0.000460586130128743,0.000319557880115549,NA,NA,0.608374813318989,2.1156182707436,30,FALSE,"association-level pathway result; not causal or cell-intrinsic evidence","raw_cel_rma_tier_specific_enrichment"
"adjacent_vs_healthy_u1","adjacent_vs_healthy_u1","ranked","full_rank_covariate_adjusted","ranked_GSEA","GO","Biological Process","GO:0036303","lymph vessel morphogenesis",NA,NA,3.72014997010008e-05,0.000460806552408588,0.00031971081063575,NA,NA,0.688897691483143,2.22550588603087,23,FALSE,"association-level pathway result; not causal or cell-intrinsic evidence","raw_cel_rma_tier_specific_enrichment"
"adjacent_vs_healthy_u1","adjacent_vs_healthy_u1","ranked","full_rank_covariate_adjusted","ranked_GSEA","GO","Biological Process","GO:0030194","positive regulation of blood coagulation",NA,NA,3.81180649292592e-05,0.000469712190498789,0.000325889604661495,NA,NA,0.656210358601693,2.1905497787538,26,FALSE,"association-level pathway result; not causal or cell-intrinsic evidence","raw_cel_rma_tier_specific_enrichment"
"adjacent_vs_healthy_u1","adjacent_vs_healthy_u1","ranked","full_rank_covariate_adjusted","ranked_GSEA","GO","Biological Process","GO:1900048","positive regulation of hemostasis",NA,NA,3.81180649292592e-05,0.000469712190498789,0.000325889604661495,NA,NA,0.656210358601693,2.1905497787538,26,FALSE,"association-level pathway result; not causal or cell-intrinsic evidence","raw_cel_rma_tier_specific_enrichment"
"adjacent_vs_healthy_u1","adjacent_vs_healthy_u1","ranked","full_rank_covariate_adjusted","ranked_GSEA","GO","Biological Process","GO:0003018","vascular process in circulatory system",NA,NA,3.8148441939879e-05,0.000469712190498789,0.000325889604661495,NA,NA,0.325031177212319,1.65262031859184,268,FALSE,"association-level pathway result; not causal or cell-intrinsic evidence","raw_cel_rma_tier_specific_enrichment"
"adjacent_vs_healthy_u1","adjacent_vs_healthy_u1","ranked","full_rank_covariate_adjusted","ranked_GSEA","GO","Biological Process","GO:0072009","nephron epithelium development",NA,NA,3.82272810681895e-05,0.00046974716557153,0.000325913870611707,NA,NA,0.390442878867724,1.78441373681716,122,FALSE,"association-level pathway result; not causal or cell-intrinsic evidence","raw_cel_rma_tier_specific_enrichment"
"adjacent_vs_healthy_u1","adjacent_vs_healthy_u1","ranked","full_rank_covariate_adjusted","ranked_GSEA","GO","Biological Process","GO:0048745","smooth muscle tissue development",NA,NA,3.84011198668527e-05,0.000470014498805973,0.000326099348280475,NA,NA,0.660759105265025,2.19963590778022,25,FALSE,"association-level pathway result; not causal or cell-intrinsic evidence","raw_cel_rma_tier_specific_enrichment"
"adjacent_vs_healthy_u1","adjacent_vs_healthy_u1","ranked","full_rank_covariate_adjusted","ranked_GSEA","GO","Biological Process","GO:1900046","regulation of hemostasis",NA,NA,3.83993206870757e-05,0.000470014498805973,0.000326099348280475,NA,NA,0.472405222059788,1.98123741878688,70,FALSE,"association-level pathway result; not causal or cell-intrinsic evidence","raw_cel_rma_tier_specific_enrichment"
"adjacent_vs_healthy_u1","adjacent_vs_healthy_u1","ranked","full_rank_covariate_adjusted","ranked_GSEA","GO","Biological Process","GO:0021782","glial cell development",NA,NA,3.91405679286831e-05,0.000478118281358084,0.000331721809322769,NA,NA,0.388982300423125,1.78279728520163,128,FALSE,"association-level pathway result; not causal or cell-intrinsic evidence","raw_cel_rma_tier_specific_enrichment"
"adjacent_vs_healthy_u1","adjacent_vs_healthy_u1","ranked","full_rank_covariate_adjusted","ranked_GSEA","GO","Biological Process","GO:0050655","dermatan sulfate proteoglycan metabolic process",NA,NA,3.99795444791755e-05,0.000487403480129751,0.000338163945205358,NA,NA,0.795527457993496,2.23249672144168,13,FALSE,"association-level pathway result; not causal or cell-intrinsic evidence","raw_cel_rma_tier_specific_enrichment"
"adjacent_vs_healthy_u1","adjacent_vs_healthy_u1","ranked","full_rank_covariate_adjusted","ranked_GSEA","GO","Biological Process","GO:0030501","positive regulation of bone mineralization",NA,NA,4.00938415008105e-05,0.000487834713221475,0.000338463137742026,NA,NA,0.553377369383864,2.08511324582843,44,FALSE,"association-level pathway result; not causal or cell-intrinsic evidence","raw_cel_rma_tier_specific_enrichment"
"adjacent_vs_healthy_u1","adjacent_vs_healthy_u1","ranked","full_rank_covariate_adjusted","ranked_GSEA","GO","Biological Process","GO:0050926","regulation of positive chemotaxis",NA,NA,4.01784465633915e-05,0.000487903689996705,0.000338510994311358,NA,NA,0.655721098413351,2.18891653907193,26,FALSE,"association-level pathway result; not causal or cell-intrinsic evidence","raw_cel_rma_tier_specific_enrichment"
"adjacent_vs_healthy_u1","adjacent_vs_healthy_u1","ranked","full_rank_covariate_adjusted","ranked_GSEA","GO","Biological Process","GO:0150105","protein localization to cell-cell junction",NA,NA,4.06781784858217e-05,0.000493003571021302,0.000342049327453535,NA,NA,0.68781708879648,2.22201496470923,23,FALSE,"association-level pathway result; not causal or cell-intrinsic evidence","raw_cel_rma_tier_specific_enrichment"
"adjacent_vs_healthy_u1","adjacent_vs_healthy_u1","ranked","full_rank_covariate_adjusted","ranked_GSEA","GO","Biological Process","GO:0050817","coagulation",NA,NA,4.08164317191978e-05,0.000493711085041803,0.000342540205631912,NA,NA,0.324254928612075,1.63633319539585,241,FALSE,"association-level pathway result; not causal or cell-intrinsic evidence","raw_cel_rma_tier_specific_enrichment"
"adjacent_vs_healthy_u1","adjacent_vs_healthy_u1","ranked","full_rank_covariate_adjusted","ranked_GSEA","GO","Biological Process","GO:0060350","endochondral bone morphogenesis",NA,NA,4.12364945368803e-05,0.000493958861884607,0.000342712114939311,NA,NA,0.500565045945187,2.04163393076528,59,FALSE,"association-level pathway result; not causal or cell-intrinsic evidence","raw_cel_rma_tier_specific_enrichment"
"adjacent_vs_healthy_u1","adjacent_vs_healthy_u1","ranked","full_rank_covariate_adjusted","ranked_GSEA","GO","Biological Process","GO:0001938","positive regulation of endothelial cell proliferation",NA,NA,4.09726106295953e-05,0.000493958861884607,0.000342712114939311,NA,NA,0.438207352476837,1.91439949984621,88,FALSE,"association-level pathway result; not causal or cell-intrinsic evidence","raw_cel_rma_tier_specific_enrichment"
"adjacent_vs_healthy_u1","adjacent_vs_healthy_u1","ranked","full_rank_covariate_adjusted","ranked_GSEA","GO","Biological Process","GO:0060349","bone morphogenesis",NA,NA,4.12232537378464e-05,0.000493958861884607,0.000342712114939311,NA,NA,0.423158835512005,1.87145635119642,98,FALSE,"association-level pathway result; not causal or cell-intrinsic evidence","raw_cel_rma_tier_specific_enrichment"
"adjacent_vs_healthy_u1","adjacent_vs_healthy_u1","ranked","full_rank_covariate_adjusted","ranked_GSEA","GO","Biological Process","GO:0007599","hemostasis",NA,NA,4.10429506682189e-05,0.000493958861884607,0.000342712114939311,NA,NA,0.326531665328175,1.65116935731952,244,FALSE,"association-level pathway result; not causal or cell-intrinsic evidence","raw_cel_rma_tier_specific_enrichment"
"adjacent_vs_healthy_u1","adjacent_vs_healthy_u1","ranked","full_rank_covariate_adjusted","ranked_GSEA","GO","Biological Process","GO:0099177","regulation of trans-synaptic signaling",NA,NA,4.11976906648375e-05,0.000493958861884607,0.000342712114939311,NA,NA,0.273959296435104,1.48494255929888,489,FALSE,"association-level pathway result; not causal or cell-intrinsic evidence","raw_cel_rma_tier_specific_enrichment"
"adjacent_vs_healthy_u1","adjacent_vs_healthy_u1","ranked","full_rank_covariate_adjusted","ranked_GSEA","GO","Biological Process","GO:0007008","outer mitochondrial membrane organization",NA,NA,4.32489879759544e-05,0.000516065626794158,0.000358049943129523,NA,NA,-0.778776986453231,-2.07156120444916,13,FALSE,"association-level pathway result; not causal or cell-intrinsic evidence","raw_cel_rma_tier_specific_enrichment"
"adjacent_vs_healthy_u1","adjacent_vs_healthy_u1","ranked","full_rank_covariate_adjusted","ranked_GSEA","GO","Biological Process","GO:0045040","protein insertion into mitochondrial outer membrane",NA,NA,4.32489879759544e-05,0.000516065626794158,0.000358049943129523,NA,NA,-0.778776986453231,-2.07156120444916,13,FALSE,"association-level pathway result; not causal or cell-intrinsic evidence","raw_cel_rma_tier_specific_enrichment"
"adjacent_vs_healthy_u1","adjacent_vs_healthy_u1","ranked","full_rank_covariate_adjusted","ranked_GSEA","GO","Biological Process","GO:0003401","axis elongation",NA,NA,4.34595268443527e-05,0.000517578680972917,0.000359099710706608,NA,NA,0.630494528001822,2.17342744539596,29,FALSE,"association-level pathway result; not causal or cell-intrinsic evidence","raw_cel_rma_tier_specific_enrichment"
"adjacent_vs_healthy_u1","adjacent_vs_healthy_u1","ranked","full_rank_covariate_adjusted","ranked_GSEA","GO","Biological Process","GO:1904738","vascular associated smooth muscle cell migration",NA,NA,4.47389116724667e-05,0.000530795006098161,0.000368269289562055,NA,NA,0.605533387214132,2.10573723548245,30,FALSE,"association-level pathway result; not causal or cell-intrinsic evidence","raw_cel_rma_tier_specific_enrichment"
"adjacent_vs_healthy_u1","adjacent_vs_healthy_u1","ranked","full_rank_covariate_adjusted","ranked_GSEA","GO","Biological Process","GO:0061614","miRNA transcription",NA,NA,4.47410124861902e-05,0.000530795006098161,0.000368269289562055,NA,NA,0.459505438854941,1.93477327867088,76,FALSE,"association-level pathway result; not causal or cell-intrinsic evidence","raw_cel_rma_tier_specific_enrichment"
"adjacent_vs_healthy_u1","adjacent_vs_healthy_u1","ranked","full_rank_covariate_adjusted","ranked_GSEA","GO","Biological Process","GO:0043116","negative regulation of vascular permeability",NA,NA,4.77331987471998e-05,0.000565208623479774,0.000392145698116741,NA,NA,0.730413658242736,2.21266657890847,18,FALSE,"association-level pathway result; not causal or cell-intrinsic evidence","raw_cel_rma_tier_specific_enrichment"
"adjacent_vs_healthy_u1","adjacent_vs_healthy_u1","ranked","full_rank_covariate_adjusted","ranked_GSEA","GO","Biological Process","GO:0051963","regulation of synapse assembly",NA,NA,4.89599633272465e-05,0.000578626258748969,0.000401454947358765,NA,NA,0.359520061763305,1.70591344654564,164,FALSE,"association-level pathway result; not causal or cell-intrinsic evidence","raw_cel_rma_tier_specific_enrichment"
"adjacent_vs_healthy_u1","adjacent_vs_healthy_u1","ranked","full_rank_covariate_adjusted","ranked_GSEA","GO","Biological Process","GO:0048662","negative regulation of smooth muscle cell proliferation",NA,NA,4.92185681252434e-05,0.000580572461034598,0.000402805236123426,NA,NA,0.531627581891088,2.04507043855601,47,FALSE,"association-level pathway result; not causal or cell-intrinsic evidence","raw_cel_rma_tier_specific_enrichment"
"adjacent_vs_healthy_u1","adjacent_vs_healthy_u1","ranked","full_rank_covariate_adjusted","ranked_GSEA","GO","Biological Process","GO:0048593","camera-type eye morphogenesis",NA,NA,4.97206037877546e-05,0.00058537724192783,0.000406138826729448,NA,NA,0.386172363041898,1.79195588848488,136,FALSE,"association-level pathway result; not causal or cell-intrinsic evidence","raw_cel_rma_tier_specific_enrichment"
"adjacent_vs_healthy_u1","adjacent_vs_healthy_u1","ranked","full_rank_covariate_adjusted","ranked_GSEA","GO","Biological Process","GO:0003184","pulmonary valve morphogenesis",NA,NA,5.08552414636875e-05,0.00059759742868261,0.000414617277812814,NA,NA,0.686929384894122,2.12375887731978,20,FALSE,"association-level pathway result; not causal or cell-intrinsic evidence","raw_cel_rma_tier_specific_enrichment"
"adjacent_vs_healthy_u1","adjacent_vs_healthy_u1","ranked","full_rank_covariate_adjusted","ranked_GSEA","GO","Biological Process","GO:0055123","digestive system development",NA,NA,5.13668985869062e-05,0.000602464516443391,0.000417994097359544,NA,NA,0.37032512761223,1.73675329433444,146,FALSE,"association-level pathway result; not causal or cell-intrinsic evidence","raw_cel_rma_tier_specific_enrichment"
"adjacent_vs_healthy_u1","adjacent_vs_healthy_u1","ranked","full_rank_covariate_adjusted","ranked_GSEA","GO","Biological Process","GO:0097306","cellular response to alcohol",NA,NA,5.24121096243477e-05,0.000613559184825933,0.00042569165592024,NA,NA,0.417888231353945,1.85356416310531,99,FALSE,"association-level pathway result; not causal or cell-intrinsic evidence","raw_cel_rma_tier_specific_enrichment"
"adjacent_vs_healthy_u1","adjacent_vs_healthy_u1","ranked","full_rank_covariate_adjusted","ranked_GSEA","GO","Biological Process","GO:0044743","protein transmembrane import into intracellular organelle",NA,NA,5.26997512966821e-05,0.000615760232069551,0.000427218757900076,NA,NA,-0.592988227622992,-2.00755586164087,34,FALSE,"association-level pathway result; not causal or cell-intrinsic evidence","raw_cel_rma_tier_specific_enrichment"
"adjacent_vs_healthy_u1","adjacent_vs_healthy_u1","ranked","full_rank_covariate_adjusted","ranked_GSEA","GO","Biological Process","GO:0007266","Rho protein signal transduction",NA,NA,5.30010097324864e-05,0.000618111775766978,0.00042885027537269,NA,NA,0.378293520213176,1.75017993007156,135,FALSE,"association-level pathway result; not causal or cell-intrinsic evidence","raw_cel_rma_tier_specific_enrichment"
"adjacent_vs_healthy_u1","adjacent_vs_healthy_u1","ranked","full_rank_covariate_adjusted","ranked_GSEA","GO","Biological Process","GO:0043536","positive regulation of blood vessel endothelial cell migration",NA,NA,5.55232631279321e-05,0.000646307512982577,0.00044841267515749,NA,NA,0.518148250156881,2.05352107795968,54,FALSE,"association-level pathway result; not causal or cell-intrinsic evidence","raw_cel_rma_tier_specific_enrichment"
"adjacent_vs_healthy_u1","adjacent_vs_healthy_u1","ranked","full_rank_covariate_adjusted","ranked_GSEA","GO","Biological Process","GO:1902893","regulation of miRNA transcription",NA,NA,5.6451228528399e-05,0.000655874141981267,0.000455050069300945,NA,NA,0.445366383063258,1.87589013809215,75,FALSE,"association-level pathway result; not causal or cell-intrinsic evidence","raw_cel_rma_tier_specific_enrichment"
"adjacent_vs_healthy_u1","adjacent_vs_healthy_u1","ranked","full_rank_covariate_adjusted","ranked_GSEA","GO","Biological Process","GO:0030316","osteoclast differentiation",NA,NA,5.75978806720123e-05,0.000667940901376563,0.000463422071408667,NA,NA,0.409289992270447,1.82848570270298,110,FALSE,"association-level pathway result; not causal or cell-intrinsic evidence","raw_cel_rma_tier_specific_enrichment"
"adjacent_vs_healthy_u1","adjacent_vs_healthy_u1","ranked","full_rank_covariate_adjusted","ranked_GSEA","GO","Biological Process","GO:0014912","negative regulation of smooth muscle cell migration",NA,NA,5.77742216004365e-05,0.000668731205453742,0.000463970389907704,NA,NA,0.654132594084626,2.17757656448919,25,FALSE,"association-level pathway result; not causal or cell-intrinsic evidence","raw_cel_rma_tier_specific_enrichment"
"adjacent_vs_healthy_u1","adjacent_vs_healthy_u1","ranked","full_rank_covariate_adjusted","ranked_GSEA","GO","Biological Process","GO:0045123","cellular extravasation",NA,NA,5.80084794418682e-05,0.000670187684916238,0.000464980905550754,NA,NA,0.444730508495407,1.87321182451426,75,FALSE,"association-level pathway result; not causal or cell-intrinsic evidence","raw_cel_rma_tier_specific_enrichment"
"adjacent_vs_healthy_u1","adjacent_vs_healthy_u1","ranked","full_rank_covariate_adjusted","ranked_GSEA","GO","Biological Process","GO:0022617","extracellular matrix disassembly",NA,NA,5.81745491195151e-05,0.00067085240318605,0.000465442091737833,NA,NA,0.500091486727856,2.01611902543778,57,FALSE,"association-level pathway result; not causal or cell-intrinsic evidence","raw_cel_rma_tier_specific_enrichment"
"adjacent_vs_healthy_u1","adjacent_vs_healthy_u1","ranked","full_rank_covariate_adjusted","ranked_GSEA","GO","Biological Process","GO:0002761","regulation of myeloid leukocyte differentiation",NA,NA,6.00676893905336e-05,0.000691393646411338,0.00047969375002849,NA,NA,0.390877887760514,1.78580555782683,123,FALSE,"association-level pathway result; not causal or cell-intrinsic evidence","raw_cel_rma_tier_specific_enrichment"
"adjacent_vs_healthy_u1","adjacent_vs_healthy_u1","ranked","full_rank_covariate_adjusted","ranked_GSEA","GO","Biological Process","GO:2000736","regulation of stem cell differentiation",NA,NA,6.05522554867977e-05,0.000695675634133637,0.000482664623074181,NA,NA,0.437088007300129,1.86755659726352,80,FALSE,"association-level pathway result; not causal or cell-intrinsic evidence","raw_cel_rma_tier_specific_enrichment"
"adjacent_vs_healthy_u1","adjacent_vs_healthy_u1","ranked","full_rank_covariate_adjusted","ranked_GSEA","GO","Biological Process","GO:0060343","trabecula formation",NA,NA,6.16205624311027e-05,0.000706635800346281,0.000490268863088199,NA,NA,0.636854529085134,2.15096662485332,27,FALSE,"association-level pathway result; not causal or cell-intrinsic evidence","raw_cel_rma_tier_specific_enrichment"
"adjacent_vs_healthy_u1","adjacent_vs_healthy_u1","ranked","full_rank_covariate_adjusted","ranked_GSEA","GO","Biological Process","GO:0007608","sensory perception of smell",NA,NA,6.37893475574e-05,0.000730151772689425,0.000506584409257013,NA,NA,-0.317787073506121,-1.56970165298693,368,FALSE,"association-level pathway result; not causal or cell-intrinsic evidence","raw_cel_rma_tier_specific_enrichment"
"adjacent_vs_healthy_u1","adjacent_vs_healthy_u1","ranked","full_rank_covariate_adjusted","ranked_GSEA","GO","Biological Process","GO:0048736","appendage development",NA,NA,6.41476314415413e-05,0.000731543376273371,0.000507549913561545,NA,NA,0.347646984352774,1.68326481889517,187,FALSE,"association-level pathway result; not causal or cell-intrinsic evidence","raw_cel_rma_tier_specific_enrichment"
"adjacent_vs_healthy_u1","adjacent_vs_healthy_u1","ranked","full_rank_covariate_adjusted","ranked_GSEA","GO","Biological Process","GO:0060173","limb development",NA,NA,6.41476314415413e-05,0.000731543376273371,0.000507549913561545,NA,NA,0.347646984352774,1.68326481889517,187,FALSE,"association-level pathway result; not causal or cell-intrinsic evidence","raw_cel_rma_tier_specific_enrichment"
"adjacent_vs_healthy_u1","adjacent_vs_healthy_u1","ranked","full_rank_covariate_adjusted","ranked_GSEA","GO","Biological Process","GO:0010721","negative regulation of cell development",NA,NA,6.51375640255157e-05,0.00074146461002157,0.000514433334961619,NA,NA,0.314855627708358,1.60271295301115,266,FALSE,"association-level pathway result; not causal or cell-intrinsic evidence","raw_cel_rma_tier_specific_enrichment"
"adjacent_vs_healthy_u1","adjacent_vs_healthy_u1","ranked","full_rank_covariate_adjusted","ranked_GSEA","GO","Biological Process","GO:0170039","proteinogenic amino acid metabolic process",NA,NA,6.65203901009536e-05,0.000755813476496313,0.000524388678930505,NA,NA,-0.378286520406244,-1.6908763832341,159,FALSE,"association-level pathway result; not causal or cell-intrinsic evidence","raw_cel_rma_tier_specific_enrichment"
"adjacent_vs_healthy_u1","adjacent_vs_healthy_u1","ranked","full_rank_covariate_adjusted","ranked_GSEA","GO","Biological Process","GO:1905314","semi-lunar valve development",NA,NA,6.66803803834121e-05,0.000756241158073157,0.000524685407401296,NA,NA,0.526623326367642,2.0483835724364,49,FALSE,"association-level pathway result; not causal or cell-intrinsic evidence","raw_cel_rma_tier_specific_enrichment"
"adjacent_vs_healthy_u1","adjacent_vs_healthy_u1","ranked","full_rank_covariate_adjusted","ranked_GSEA","GO","Biological Process","GO:0001892","embryonic placenta development",NA,NA,6.7941372030751e-05,0.000769131173117348,0.000533628590039097,NA,NA,0.445117017217458,1.93117619528523,86,FALSE,"association-level pathway result; not causal or cell-intrinsic evidence","raw_cel_rma_tier_specific_enrichment"
"adjacent_vs_healthy_u1","adjacent_vs_healthy_u1","ranked","full_rank_covariate_adjusted","ranked_GSEA","GO","Biological Process","GO:0060420","regulation of heart growth",NA,NA,7.11597055640455e-05,0.000804091663786773,0.000557884423107709,NA,NA,0.501428578243044,2.03384249085808,58,FALSE,"association-level pathway result; not causal or cell-intrinsic evidence","raw_cel_rma_tier_specific_enrichment"
"adjacent_vs_healthy_u1","adjacent_vs_healthy_u1","ranked","full_rank_covariate_adjusted","ranked_GSEA","GO","Biological Process","GO:0000375","RNA splicing, via transesterification reactions",NA,NA,7.14355702825653e-05,0.000805735875760103,0.000559025188880467,NA,NA,0.307899506524596,1.57108875983683,282,FALSE,"association-level pathway result; not causal or cell-intrinsic evidence","raw_cel_rma_tier_specific_enrichment"
"adjacent_vs_healthy_u1","adjacent_vs_healthy_u1","ranked","full_rank_covariate_adjusted","ranked_GSEA","GO","Biological Process","GO:0033687","osteoblast proliferation",NA,NA,7.25165072672486e-05,0.000816237044132085,0.000566310972980716,NA,NA,0.585043906188934,2.0905804444651,33,FALSE,"association-level pathway result; not causal or cell-intrinsic evidence","raw_cel_rma_tier_specific_enrichment"
"adjacent_vs_healthy_u1","adjacent_vs_healthy_u1","ranked","full_rank_covariate_adjusted","ranked_GSEA","GO","Biological Process","GO:2000027","regulation of animal organ morphogenesis",NA,NA,7.26307028430103e-05,0.000816237044132085,0.000566310972980716,NA,NA,0.441110320591117,1.88407080917237,83,FALSE,"association-level pathway result; not causal or cell-intrinsic evidence","raw_cel_rma_tier_specific_enrichment"
"adjacent_vs_healthy_u1","adjacent_vs_healthy_u1","ranked","full_rank_covariate_adjusted","ranked_GSEA","GO","Biological Process","GO:0043603","amide metabolic process",NA,NA,7.32319576596272e-05,0.000821500417956725,0.000569962738571633,NA,NA,-0.30304224679582,-1.52384152156311,439,FALSE,"association-level pathway result; not causal or cell-intrinsic evidence","raw_cel_rma_tier_specific_enrichment"
"adjacent_vs_healthy_u1","adjacent_vs_healthy_u1","ranked","full_rank_covariate_adjusted","ranked_GSEA","GO","Biological Process","GO:0019827","stem cell population maintenance",NA,NA,7.35379681669359e-05,0.000823438734130128,0.000571307555896447,NA,NA,0.346624360316239,1.67084783527686,181,FALSE,"association-level pathway result; not causal or cell-intrinsic evidence","raw_cel_rma_tier_specific_enrichment"
"adjacent_vs_healthy_u1","adjacent_vs_healthy_u1","ranked","full_rank_covariate_adjusted","ranked_GSEA","GO","Biological Process","GO:0060669","embryonic placenta morphogenesis",NA,NA,7.38518565102568e-05,0.000825458092386794,0.000572708600785736,NA,NA,0.638246797806517,2.13058413875788,26,FALSE,"association-level pathway result; not causal or cell-intrinsic evidence","raw_cel_rma_tier_specific_enrichment"
"adjacent_vs_healthy_u1","adjacent_vs_healthy_u1","ranked","full_rank_covariate_adjusted","ranked_GSEA","GO","Biological Process","GO:0098727","maintenance of cell number",NA,NA,7.57973880083588e-05,0.000845674468013837,0.000586734863663412,NA,NA,0.346706200485567,1.6739756780696,185,FALSE,"association-level pathway result; not causal or cell-intrinsic evidence","raw_cel_rma_tier_specific_enrichment"
"adjacent_vs_healthy_u1","adjacent_vs_healthy_u1","ranked","full_rank_covariate_adjusted","ranked_GSEA","GO","Biological Process","GO:0000377","RNA splicing, via transesterification reactions with bulged adenosine as nucleophile",NA,NA,7.7215889959962e-05,0.000858401827054901,0.000595565194428029,NA,NA,0.309427763427338,1.58465386262345,278,FALSE,"association-level pathway result; not causal or cell-intrinsic evidence","raw_cel_rma_tier_specific_enrichment"
"adjacent_vs_healthy_u1","adjacent_vs_healthy_u1","ranked","full_rank_covariate_adjusted","ranked_GSEA","GO","Biological Process","GO:0000398","mRNA splicing, via spliceosome",NA,NA,7.7215889959962e-05,0.000858401827054901,0.000595565194428029,NA,NA,0.309427763427338,1.58465386262345,278,FALSE,"association-level pathway result; not causal or cell-intrinsic evidence","raw_cel_rma_tier_specific_enrichment"
"adjacent_vs_healthy_u1","adjacent_vs_healthy_u1","ranked","full_rank_covariate_adjusted","ranked_GSEA","GO","Biological Process","GO:0033689","negative regulation of osteoblast proliferation",NA,NA,7.84997266613472e-05,0.000871107379701593,0.000604380395763637,NA,NA,0.790285904224895,2.17986830126878,12,FALSE,"association-level pathway result; not causal or cell-intrinsic evidence","raw_cel_rma_tier_specific_enrichment"
"adjacent_vs_healthy_u1","adjacent_vs_healthy_u1","ranked","full_rank_covariate_adjusted","ranked_GSEA","GO","Biological Process","GO:0051348","negative regulation of transferase activity",NA,NA,7.94663492008179e-05,0.000880253592133075,0.000610726101950825,NA,NA,0.366783727832992,1.72779768910699,149,FALSE,"association-level pathway result; not causal or cell-intrinsic evidence","raw_cel_rma_tier_specific_enrichment"
"adjacent_vs_healthy_u1","adjacent_vs_healthy_u1","ranked","full_rank_covariate_adjusted","ranked_GSEA","GO","Biological Process","GO:0045926","negative regulation of growth",NA,NA,8.12271050228171e-05,0.000898148007416874,0.000623141372494035,NA,NA,0.32969172504473,1.62871678174547,219,FALSE,"association-level pathway result; not causal or cell-intrinsic evidence","raw_cel_rma_tier_specific_enrichment"
"adjacent_vs_healthy_u1","adjacent_vs_healthy_u1","ranked","full_rank_covariate_adjusted","ranked_GSEA","GO","Biological Process","GO:0003015","heart process",NA,NA,8.19312149236768e-05,0.000904315784720082,0.000627420619547104,NA,NA,0.324057757514466,1.63565836922444,242,FALSE,"association-level pathway result; not causal or cell-intrinsic evidence","raw_cel_rma_tier_specific_enrichment"
"adjacent_vs_healthy_u1","adjacent_vs_healthy_u1","ranked","full_rank_covariate_adjusted","ranked_GSEA","GO","Biological Process","GO:0060538","skeletal muscle organ development",NA,NA,8.23923220442408e-05,0.000907784211328792,0.00062982703819915,NA,NA,0.343583669271429,1.66396023014309,188,FALSE,"association-level pathway result; not causal or cell-intrinsic evidence","raw_cel_rma_tier_specific_enrichment"
"adjacent_vs_healthy_u1","adjacent_vs_healthy_u1","ranked","full_rank_covariate_adjusted","ranked_GSEA","GO","Biological Process","GO:1901655","cellular response to ketone",NA,NA,8.34936266657625e-05,0.000918281328151385,0.000637110011306081,NA,NA,0.400052568604647,1.78177792406985,105,FALSE,"association-level pathway result; not causal or cell-intrinsic evidence","raw_cel_rma_tier_specific_enrichment"
"adjacent_vs_healthy_u1","adjacent_vs_healthy_u1","ranked","full_rank_covariate_adjusted","ranked_GSEA","GO","Biological Process","GO:0045637","regulation of myeloid cell differentiation",NA,NA,8.47190606568321e-05,0.00093010393236213,0.000645312616838242,NA,NA,0.337270213897116,1.65197725405018,200,FALSE,"association-level pathway result; not causal or cell-intrinsic evidence","raw_cel_rma_tier_specific_enrichment"
"adjacent_vs_healthy_u1","adjacent_vs_healthy_u1","ranked","full_rank_covariate_adjusted","ranked_GSEA","GO","Biological Process","GO:0061437","renal system vasculature development",NA,NA,8.72269380216553e-05,0.000952561314331893,0.000660893705598333,NA,NA,0.60060425665462,2.10582368204231,31,FALSE,"association-level pathway result; not causal or cell-intrinsic evidence","raw_cel_rma_tier_specific_enrichment"
"adjacent_vs_healthy_u1","adjacent_vs_healthy_u1","ranked","full_rank_covariate_adjusted","ranked_GSEA","GO","Biological Process","GO:0061440","kidney vasculature development",NA,NA,8.72269380216553e-05,0.000952561314331893,0.000660893705598333,NA,NA,0.60060425665462,2.10582368204231,31,FALSE,"association-level pathway result; not causal or cell-intrinsic evidence","raw_cel_rma_tier_specific_enrichment"
"adjacent_vs_healthy_u1","adjacent_vs_healthy_u1","ranked","full_rank_covariate_adjusted","ranked_GSEA","GO","Biological Process","GO:0046486","glycerolipid metabolic process",NA,NA,8.69217859178769e-05,0.000952561314331893,0.000660893705598333,NA,NA,-0.310956498940768,-1.54336344717092,379,FALSE,"association-level pathway result; not causal or cell-intrinsic evidence","raw_cel_rma_tier_specific_enrichment"
"adjacent_vs_healthy_u1","adjacent_vs_healthy_u1","ranked","full_rank_covariate_adjusted","ranked_GSEA","GO","Biological Process","GO:0090130","tissue migration",NA,NA,8.82406791562591e-05,0.000961932341913294,0.000667395390109718,NA,NA,0.415430971256604,1.8275457816201,101,FALSE,"association-level pathway result; not causal or cell-intrinsic evidence","raw_cel_rma_tier_specific_enrichment"
"adjacent_vs_healthy_u1","adjacent_vs_healthy_u1","ranked","full_rank_covariate_adjusted","ranked_GSEA","GO","Biological Process","GO:0002158","osteoclast proliferation",NA,NA,8.86748415185037e-05,0.000964038458410703,0.00066885662847354,NA,NA,0.802599940802837,2.14652624336472,11,FALSE,"association-level pathway result; not causal or cell-intrinsic evidence","raw_cel_rma_tier_specific_enrichment"
"adjacent_vs_healthy_u1","adjacent_vs_healthy_u1","ranked","full_rank_covariate_adjusted","ranked_GSEA","GO","Biological Process","GO:0072012","glomerulus vasculature development",NA,NA,8.87458150518832e-05,0.000964038458410703,0.00066885662847354,NA,NA,0.613132322194283,2.11357681555098,29,FALSE,"association-level pathway result; not causal or cell-intrinsic evidence","raw_cel_rma_tier_specific_enrichment"
"adjacent_vs_healthy_u1","adjacent_vs_healthy_u1","ranked","full_rank_covariate_adjusted","ranked_GSEA","GO","Biological Process","GO:0031100","animal organ regeneration",NA,NA,9.0688171780626e-05,0.000983409806624648,0.000682296605418782,NA,NA,0.466830988076788,1.93394304123785,63,FALSE,"association-level pathway result; not causal or cell-intrinsic evidence","raw_cel_rma_tier_specific_enrichment"
"adjacent_vs_healthy_u1","adjacent_vs_healthy_u1","ranked","full_rank_covariate_adjusted","ranked_GSEA","GO","Biological Process","GO:0006401","RNA catabolic process",NA,NA,9.09367862312836e-05,0.000984378766542143,0.000682968876590007,NA,NA,0.293192975608091,1.50264779249195,298,FALSE,"association-level pathway result; not causal or cell-intrinsic evidence","raw_cel_rma_tier_specific_enrichment"
"adjacent_vs_healthy_u1","adjacent_vs_healthy_u1","ranked","full_rank_covariate_adjusted","ranked_GSEA","GO","Biological Process","GO:0150146","cell junction disassembly",NA,NA,9.13478124848319e-05,0.000985536009579489,0.000683771779907329,NA,NA,0.59879751931462,2.09948894459141,31,FALSE,"association-level pathway result; not causal or cell-intrinsic evidence","raw_cel_rma_tier_specific_enrichment"
"adjacent_vs_healthy_u1","adjacent_vs_healthy_u1","ranked","full_rank_covariate_adjusted","ranked_GSEA","GO","Biological Process","GO:0035987","endodermal cell differentiation",NA,NA,9.16182793648608e-05,0.000985536009579489,0.000683771779907329,NA,NA,0.50871618420065,1.99697969044968,50,FALSE,"association-level pathway result; not causal or cell-intrinsic evidence","raw_cel_rma_tier_specific_enrichment"
"adjacent_vs_healthy_u1","adjacent_vs_healthy_u1","ranked","full_rank_covariate_adjusted","ranked_GSEA","GO","Biological Process","GO:0061005","cell differentiation involved in kidney development",NA,NA,9.16814763805543e-05,0.000985536009579489,0.000683771779907329,NA,NA,0.48407774438257,1.97438785641457,59,FALSE,"association-level pathway result; not causal or cell-intrinsic evidence","raw_cel_rma_tier_specific_enrichment"
"adjacent_vs_healthy_u1","adjacent_vs_healthy_u1","ranked","full_rank_covariate_adjusted","ranked_GSEA","GO","Biological Process","GO:0055013","cardiac muscle cell development",NA,NA,9.15851234294072e-05,0.000985536009579489,0.000683771779907329,NA,NA,0.440182487316071,1.87224700744836,79,FALSE,"association-level pathway result; not causal or cell-intrinsic evidence","raw_cel_rma_tier_specific_enrichment"
"adjacent_vs_healthy_u1","adjacent_vs_healthy_u1","ranked","full_rank_covariate_adjusted","ranked_GSEA","GO","Biological Process","GO:1903829","positive regulation of protein localization",NA,NA,9.18457332204411e-05,0.000985587633742269,0.000683807597112714,NA,NA,0.269288529968031,1.45606353915559,479,FALSE,"association-level pathway result; not causal or cell-intrinsic evidence","raw_cel_rma_tier_specific_enrichment"
"adjacent_vs_healthy_u1","adjacent_vs_healthy_u1","ranked","full_rank_covariate_adjusted","ranked_GSEA","GO","Biological Process","GO:0016197","endosomal transport",NA,NA,9.21626583041018e-05,0.000987274507760231,0.000684977962110573,NA,NA,-0.333870251789397,-1.59775224495805,277,FALSE,"association-level pathway result; not causal or cell-intrinsic evidence","raw_cel_rma_tier_specific_enrichment"
"adjacent_vs_healthy_u1","adjacent_vs_healthy_u1","ranked","full_rank_covariate_adjusted","ranked_GSEA","GO","Biological Process","GO:0003272","endocardial cushion formation",NA,NA,9.25117336995928e-05,0.000989299352936303,0.000686382813862941,NA,NA,0.624462877998445,2.14234600500586,28,FALSE,"association-level pathway result; not causal or cell-intrinsic evidence","raw_cel_rma_tier_specific_enrichment"
"adjacent_vs_healthy_u1","adjacent_vs_healthy_u1","ranked","full_rank_covariate_adjusted","ranked_GSEA","GO","Biological Process","GO:0070169","positive regulation of biomineral tissue development",NA,NA,9.31243332722284e-05,0.000994130404068469,0.000689734630944566,NA,NA,0.510287521215371,2.02236749871931,54,FALSE,"association-level pathway result; not causal or cell-intrinsic evidence","raw_cel_rma_tier_specific_enrichment"
"adjacent_vs_healthy_u1","adjacent_vs_healthy_u1","ranked","full_rank_covariate_adjusted","ranked_GSEA","GO","Biological Process","GO:0050927","positive regulation of positive chemotaxis",NA,NA,9.66502336563802e-05,0.00102999154177601,0.000714615339230658,NA,NA,0.640795027214541,2.13317643322185,25,FALSE,"association-level pathway result; not causal or cell-intrinsic evidence","raw_cel_rma_tier_specific_enrichment"
"adjacent_vs_healthy_u1","adjacent_vs_healthy_u1","ranked","full_rank_covariate_adjusted","ranked_GSEA","GO","Biological Process","GO:0003300","cardiac muscle hypertrophy",NA,NA,9.70567231697149e-05,0.00103254321155251,0.00071638570557735,NA,NA,0.436869280382703,1.8659564743128,83,FALSE,"association-level pathway result; not causal or cell-intrinsic evidence","raw_cel_rma_tier_specific_enrichment"
"adjacent_vs_healthy_u1","adjacent_vs_healthy_u1","ranked","full_rank_covariate_adjusted","ranked_GSEA","GO","Biological Process","GO:0060563","neuroepithelial cell differentiation",NA,NA,9.84718207359089e-05,0.00104579780750628,0.000725581837001434,NA,NA,0.522664031288887,1.98628273294458,46,FALSE,"association-level pathway result; not causal or cell-intrinsic evidence","raw_cel_rma_tier_specific_enrichment"
"adjacent_vs_healthy_u1","adjacent_vs_healthy_u1","ranked","full_rank_covariate_adjusted","ranked_GSEA","GO","Biological Process","GO:0003181","atrioventricular valve morphogenesis",NA,NA,9.89416777488111e-05,0.0010489854376765,0.000727793437119538,NA,NA,0.621697563106869,2.09977419948089,27,FALSE,"association-level pathway result; not causal or cell-intrinsic evidence","raw_cel_rma_tier_specific_enrichment"
"adjacent_vs_healthy_u1","adjacent_vs_healthy_u1","ranked","full_rank_covariate_adjusted","ranked_GSEA","GO","Biological Process","GO:0061351","neural precursor cell proliferation",NA,NA,9.99717107187158e-05,0.00105809099991846,0.000734110939920779,NA,NA,0.354368772000207,1.66805111087791,157,FALSE,"association-level pathway result; not causal or cell-intrinsic evidence","raw_cel_rma_tier_specific_enrichment"
"adjacent_vs_healthy_u1","adjacent_vs_healthy_u1","ranked","full_rank_covariate_adjusted","ranked_GSEA","GO","Biological Process","GO:0030100","regulation of endocytosis",NA,NA,0.000100771862395676,0.00106473654951739,0.000738721668735911,NA,NA,0.303723993182775,1.55092606851892,288,FALSE,"association-level pathway result; not causal or cell-intrinsic evidence","raw_cel_rma_tier_specific_enrichment"
"adjacent_vs_healthy_u1","adjacent_vs_healthy_u1","ranked","full_rank_covariate_adjusted","ranked_GSEA","GO","Biological Process","GO:0017148","negative regulation of translation",NA,NA,0.000101655918743787,0.00107041777471098,0.000742663342530599,NA,NA,0.381471171741786,1.74341097225234,122,FALSE,"association-level pathway result; not causal or cell-intrinsic evidence","raw_cel_rma_tier_specific_enrichment"
"adjacent_vs_healthy_u1","adjacent_vs_healthy_u1","ranked","full_rank_covariate_adjusted","ranked_GSEA","GO","Biological Process","GO:1990138","neuron projection extension",NA,NA,0.000101606595901926,0.00107041777471098,0.000742663342530599,NA,NA,0.351900958139495,1.67306510038834,166,FALSE,"association-level pathway result; not causal or cell-intrinsic evidence","raw_cel_rma_tier_specific_enrichment"
"adjacent_vs_healthy_u1","adjacent_vs_healthy_u1","ranked","full_rank_covariate_adjusted","ranked_GSEA","GO","Biological Process","GO:0007519","skeletal muscle tissue development",NA,NA,0.000102380667603504,0.00107621582730826,0.000746686071995481,NA,NA,0.344584503488285,1.65755604512508,175,FALSE,"association-level pathway result; not causal or cell-intrinsic evidence","raw_cel_rma_tier_specific_enrichment"
"adjacent_vs_healthy_u1","adjacent_vs_healthy_u1","ranked","full_rank_covariate_adjusted","ranked_GSEA","GO","Biological Process","GO:0170033","L-amino acid metabolic process",NA,NA,0.000102577270143659,0.00107645179415612,0.000746849787445746,NA,NA,-0.382935981230685,-1.71096664493081,158,FALSE,"association-level pathway result; not causal or cell-intrinsic evidence","raw_cel_rma_tier_specific_enrichment"
"adjacent_vs_healthy_u1","adjacent_vs_healthy_u1","ranked","full_rank_covariate_adjusted","ranked_GSEA","GO","Biological Process","GO:0021675","nerve development",NA,NA,0.000105242972693792,0.00110255392240734,0.000764959626680659,NA,NA,0.401607813252525,1.76919477131304,97,FALSE,"association-level pathway result; not causal or cell-intrinsic evidence","raw_cel_rma_tier_specific_enrichment"
"adjacent_vs_healthy_u1","adjacent_vs_healthy_u1","ranked","full_rank_covariate_adjusted","ranked_GSEA","GO","Biological Process","GO:0046718","symbiont entry into host cell",NA,NA,0.000105839250159479,0.0011069245435461,0.000767991994210917,NA,NA,0.376648265129674,1.72298792562204,126,FALSE,"association-level pathway result; not causal or cell-intrinsic evidence","raw_cel_rma_tier_specific_enrichment"
"adjacent_vs_healthy_u1","adjacent_vs_healthy_u1","ranked","full_rank_covariate_adjusted","ranked_GSEA","GO","Biological Process","GO:0003176","aortic valve development",NA,NA,0.000107407275844966,0.00112142630405023,0.000778053417127296,NA,NA,0.521500751285853,1.97663150138033,45,FALSE,"association-level pathway result; not causal or cell-intrinsic evidence","raw_cel_rma_tier_specific_enrichment"
"adjacent_vs_healthy_u1","adjacent_vs_healthy_u1","ranked","full_rank_covariate_adjusted","ranked_GSEA","GO","Biological Process","GO:0007224","smoothened signaling pathway",NA,NA,0.000109921936772599,0.00114574619087932,0.000794926724791991,NA,NA,0.360994009390544,1.68576337759986,144,FALSE,"association-level pathway result; not causal or cell-intrinsic evidence","raw_cel_rma_tier_specific_enrichment"
"adjacent_vs_healthy_u1","adjacent_vs_healthy_u1","ranked","full_rank_covariate_adjusted","ranked_GSEA","GO","Biological Process","GO:0006397","mRNA processing",NA,NA,0.000110829208219377,0.00115325814142082,0.00080013856864388,NA,NA,0.273158156964959,1.47328457022657,454,FALSE,"association-level pathway result; not causal or cell-intrinsic evidence","raw_cel_rma_tier_specific_enrichment"
"adjacent_vs_healthy_u1","adjacent_vs_healthy_u1","ranked","full_rank_covariate_adjusted","ranked_GSEA","GO","Biological Process","GO:1902806","regulation of cell cycle G1/S phase transition",NA,NA,0.000113578526497688,0.00117988045761716,0.000818609317915225,NA,NA,0.348945558980822,1.6629221305226,170,FALSE,"association-level pathway result; not causal or cell-intrinsic evidence","raw_cel_rma_tier_specific_enrichment"
"adjacent_vs_healthy_u1","adjacent_vs_healthy_u1","ranked","full_rank_covariate_adjusted","ranked_GSEA","GO","Biological Process","GO:0016226","iron-sulfur cluster assembly",NA,NA,0.000118414105303916,0.00122599260449499,0.000850602248096897,NA,NA,-0.632665084195605,-2.02125001069939,27,FALSE,"association-level pathway result; not causal or cell-intrinsic evidence","raw_cel_rma_tier_specific_enrichment"
"adjacent_vs_healthy_u1","adjacent_vs_healthy_u1","ranked","full_rank_covariate_adjusted","ranked_GSEA","GO","Biological Process","GO:0031163","metallo-sulfur cluster assembly",NA,NA,0.000118414105303916,0.00122599260449499,0.000850602248096897,NA,NA,-0.632665084195605,-2.02125001069939,27,FALSE,"association-level pathway result; not causal or cell-intrinsic evidence","raw_cel_rma_tier_specific_enrichment"
"adjacent_vs_healthy_u1","adjacent_vs_healthy_u1","ranked","full_rank_covariate_adjusted","ranked_GSEA","GO","Biological Process","GO:0046620","regulation of organ growth",NA,NA,0.00011872759735635,0.00122718274123679,0.000851427973296553,NA,NA,0.427839921693079,1.84790760632199,85,FALSE,"association-level pathway result; not causal or cell-intrinsic evidence","raw_cel_rma_tier_specific_enrichment"
"adjacent_vs_healthy_u1","adjacent_vs_healthy_u1","ranked","full_rank_covariate_adjusted","ranked_GSEA","GO","Biological Process","GO:0015919","peroxisomal membrane transport",NA,NA,0.000121591240650283,0.00125259243076566,0.000869057393700443,NA,NA,-0.653776531272322,-1.9821160672457,22,FALSE,"association-level pathway result; not causal or cell-intrinsic evidence","raw_cel_rma_tier_specific_enrichment"
"adjacent_vs_healthy_u1","adjacent_vs_healthy_u1","ranked","full_rank_covariate_adjusted","ranked_GSEA","GO","Biological Process","GO:0043574","peroxisomal transport",NA,NA,0.000121591240650283,0.00125259243076566,0.000869057393700443,NA,NA,-0.653776531272322,-1.9821160672457,22,FALSE,"association-level pathway result; not causal or cell-intrinsic evidence","raw_cel_rma_tier_specific_enrichment"
"adjacent_vs_healthy_u1","adjacent_vs_healthy_u1","ranked","full_rank_covariate_adjusted","ranked_GSEA","GO","Biological Process","GO:0051647","nucleus localization",NA,NA,0.000127817907175874,0.00131454656281876,0.000912041604053788,NA,NA,0.576412174817807,2.05396805784137,34,FALSE,"association-level pathway result; not causal or cell-intrinsic evidence","raw_cel_rma_tier_specific_enrichment"
"adjacent_vs_healthy_u1","adjacent_vs_healthy_u1","ranked","full_rank_covariate_adjusted","ranked_GSEA","GO","Biological Process","GO:0044804","nucleophagy",NA,NA,0.000128916416690938,0.0013236418132337,0.000918351952437282,NA,NA,-0.655109699708117,-2.00768851092876,23,FALSE,"association-level pathway result; not causal or cell-intrinsic evidence","raw_cel_rma_tier_specific_enrichment"
"adjacent_vs_healthy_u1","adjacent_vs_healthy_u1","ranked","full_rank_covariate_adjusted","ranked_GSEA","GO","Biological Process","GO:0030513","positive regulation of BMP signaling pathway",NA,NA,0.000129814675514595,0.00132625538736481,0.000920165268458391,NA,NA,0.554920734475826,2.05390883252511,39,FALSE,"association-level pathway result; not causal or cell-intrinsic evidence","raw_cel_rma_tier_specific_enrichment"
"adjacent_vs_healthy_u1","adjacent_vs_healthy_u1","ranked","full_rank_covariate_adjusted","ranked_GSEA","GO","Biological Process","GO:0002688","regulation of leukocyte chemotaxis",NA,NA,0.000129470046253143,0.00132625538736481,0.000920165268458391,NA,NA,0.380994970447573,1.73092126858423,118,FALSE,"association-level pathway result; not causal or cell-intrinsic evidence","raw_cel_rma_tier_specific_enrichment"
"adjacent_vs_healthy_u1","adjacent_vs_healthy_u1","ranked","full_rank_covariate_adjusted","ranked_GSEA","GO","Biological Process","GO:0010976","positive regulation of neuron projection development",NA,NA,0.00012971476069686,0.00132625538736481,0.000920165268458391,NA,NA,0.354153390337409,1.6679078371795,154,FALSE,"association-level pathway result; not causal or cell-intrinsic evidence","raw_cel_rma_tier_specific_enrichment"
"adjacent_vs_healthy_u1","adjacent_vs_healthy_u1","ranked","full_rank_covariate_adjusted","ranked_GSEA","GO","Biological Process","GO:1902895","positive regulation of miRNA transcription",NA,NA,0.000132148792525348,0.00134787407029567,0.000935164461956345,NA,NA,0.481229309864534,1.91992732005731,55,FALSE,"association-level pathway result; not causal or cell-intrinsic evidence","raw_cel_rma_tier_specific_enrichment"
"adjacent_vs_healthy_u1","adjacent_vs_healthy_u1","ranked","full_rank_covariate_adjusted","ranked_GSEA","GO","Biological Process","GO:0006085","acetyl-CoA biosynthetic process",NA,NA,0.0001332299930534,0.00135666324063108,0.000941262449838814,NA,NA,-0.677131143327709,-2.03229882757704,21,FALSE,"association-level pathway result; not causal or cell-intrinsic evidence","raw_cel_rma_tier_specific_enrichment"
"adjacent_vs_healthy_u1","adjacent_vs_healthy_u1","ranked","full_rank_covariate_adjusted","ranked_GSEA","GO","Biological Process","GO:0007188","adenylate cyclase-modulating G protein-coupled receptor signaling pathway",NA,NA,0.000136120427891766,0.00138381638947205,0.0009601014945136,NA,NA,0.306884039605139,1.56213509324066,266,FALSE,"association-level pathway result; not causal or cell-intrinsic evidence","raw_cel_rma_tier_specific_enrichment"
"adjacent_vs_healthy_u1","adjacent_vs_healthy_u1","ranked","full_rank_covariate_adjusted","ranked_GSEA","GO","Biological Process","GO:0002548","monocyte chemotaxis",NA,NA,0.000138562295158436,0.00140632766235516,0.00097571997316648,NA,NA,0.510769220753701,1.9867165556727,49,FALSE,"association-level pathway result; not causal or cell-intrinsic evidence","raw_cel_rma_tier_specific_enrichment"
"adjacent_vs_healthy_u1","adjacent_vs_healthy_u1","ranked","full_rank_covariate_adjusted","ranked_GSEA","GO","Biological Process","GO:0051494","negative regulation of cytoskeleton organization",NA,NA,0.00013963872351038,0.00141492942625845,0.000981687937154937,NA,NA,0.361284936278233,1.70539867616242,153,FALSE,"association-level pathway result; not causal or cell-intrinsic evidence","raw_cel_rma_tier_specific_enrichment"
"adjacent_vs_healthy_u1","adjacent_vs_healthy_u1","ranked","full_rank_covariate_adjusted","ranked_GSEA","GO","Biological Process","GO:0010951","negative regulation of endopeptidase activity",NA,NA,0.00014296965650429,0.00144631006031591,0.00100346004065549,NA,NA,0.571426038693837,2.06858104066885,35,FALSE,"association-level pathway result; not causal or cell-intrinsic evidence","raw_cel_rma_tier_specific_enrichment"
"adjacent_vs_healthy_u1","adjacent_vs_healthy_u1","ranked","full_rank_covariate_adjusted","ranked_GSEA","GO","Biological Process","GO:0030947","regulation of vascular endothelial growth factor receptor signaling pathway",NA,NA,0.00014710447019635,0.00148570707562686,0.00103079396556575,NA,NA,0.58080940287013,2.01975978891724,30,FALSE,"association-level pathway result; not causal or cell-intrinsic evidence","raw_cel_rma_tier_specific_enrichment"
"adjacent_vs_healthy_u1","adjacent_vs_healthy_u1","ranked","full_rank_covariate_adjusted","ranked_GSEA","GO","Biological Process","GO:0048260","positive regulation of receptor-mediated endocytosis",NA,NA,0.00015027187014295,0.00151522092879866,0.00105127088342471,NA,NA,0.478813733958331,1.91029006380354,55,FALSE,"association-level pathway result; not causal or cell-intrinsic evidence","raw_cel_rma_tier_specific_enrichment"
"adjacent_vs_healthy_u1","adjacent_vs_healthy_u1","ranked","full_rank_covariate_adjusted","ranked_GSEA","GO","Biological Process","GO:0033540","fatty acid beta-oxidation using acyl-CoA oxidase",NA,NA,0.000151815917584138,0.00152603309855973,0.001058772442465,NA,NA,-0.759071170011835,-1.98011169389785,12,FALSE,"association-level pathway result; not causal or cell-intrinsic evidence","raw_cel_rma_tier_specific_enrichment"
"adjacent_vs_healthy_u1","adjacent_vs_healthy_u1","ranked","full_rank_covariate_adjusted","ranked_GSEA","GO","Biological Process","GO:0090497","mesenchymal cell migration",NA,NA,0.000151837947842458,0.00152603309855973,0.001058772442465,NA,NA,0.474964481939415,1.93721797015377,59,FALSE,"association-level pathway result; not causal or cell-intrinsic evidence","raw_cel_rma_tier_specific_enrichment"
"adjacent_vs_healthy_u1","adjacent_vs_healthy_u1","ranked","full_rank_covariate_adjusted","ranked_GSEA","GO","Biological Process","GO:0032640","tumor necrosis factor production",NA,NA,0.000156613739429836,0.00156892953551996,0.00108853429060335,NA,NA,0.34273228632399,1.61780121228032,159,FALSE,"association-level pathway result; not causal or cell-intrinsic evidence","raw_cel_rma_tier_specific_enrichment"
"adjacent_vs_healthy_u1","adjacent_vs_healthy_u1","ranked","full_rank_covariate_adjusted","ranked_GSEA","GO","Biological Process","GO:0032680","regulation of tumor necrosis factor production",NA,NA,0.000156613739429836,0.00156892953551996,0.00108853429060335,NA,NA,0.34273228632399,1.61780121228032,159,FALSE,"association-level pathway result; not causal or cell-intrinsic evidence","raw_cel_rma_tier_specific_enrichment"
"adjacent_vs_healthy_u1","adjacent_vs_healthy_u1","ranked","full_rank_covariate_adjusted","ranked_GSEA","GO","Biological Process","GO:0046632","alpha-beta T cell differentiation",NA,NA,0.000157278416287155,0.00157303865869079,0.00109138522901358,NA,NA,0.373719890282956,1.72713601959684,133,FALSE,"association-level pathway result; not causal or cell-intrinsic evidence","raw_cel_rma_tier_specific_enrichment"
"adjacent_vs_healthy_u1","adjacent_vs_healthy_u1","ranked","full_rank_covariate_adjusted","ranked_GSEA","GO","Biological Process","GO:0060412","ventricular septum morphogenesis",NA,NA,0.000158611954472146,0.00158381339352558,0.00109886081544005,NA,NA,0.537854523126172,2.01125785324622,41,FALSE,"association-level pathway result; not causal or cell-intrinsic evidence","raw_cel_rma_tier_specific_enrichment"
"adjacent_vs_healthy_u1","adjacent_vs_healthy_u1","ranked","full_rank_covariate_adjusted","ranked_GSEA","GO","Biological Process","GO:0006099","tricarboxylic acid cycle",NA,NA,0.000160109214173616,0.00159618556904374,0.00110744471739102,NA,NA,-0.590533372972791,-1.97032743694867,33,FALSE,"association-level pathway result; not causal or cell-intrinsic evidence","raw_cel_rma_tier_specific_enrichment"
"adjacent_vs_healthy_u1","adjacent_vs_healthy_u1","ranked","full_rank_covariate_adjusted","ranked_GSEA","GO","Biological Process","GO:1904752","regulation of vascular associated smooth muscle cell migration",NA,NA,0.000161507908942693,0.00160753685213331,0.00111532031703115,NA,NA,0.611060684731363,2.09636707460718,28,FALSE,"association-level pathway result; not causal or cell-intrinsic evidence","raw_cel_rma_tier_specific_enrichment"
"adjacent_vs_healthy_u1","adjacent_vs_healthy_u1","ranked","full_rank_covariate_adjusted","ranked_GSEA","GO","Biological Process","GO:0007566","embryo implantation",NA,NA,0.0001624194561346,0.00161401070477164,0.00111981192129355,NA,NA,0.497702941329476,1.97249239049473,54,FALSE,"association-level pathway result; not causal or cell-intrinsic evidence","raw_cel_rma_tier_specific_enrichment"
"adjacent_vs_healthy_u1","adjacent_vs_healthy_u1","ranked","full_rank_covariate_adjusted","ranked_GSEA","GO","Biological Process","GO:0071901","negative regulation of protein serine/threonine kinase activity",NA,NA,0.000162836306212674,0.0016155557121999,0.00112088385825874,NA,NA,0.454764172863899,1.88454292463583,65,FALSE,"association-level pathway result; not causal or cell-intrinsic evidence","raw_cel_rma_tier_specific_enrichment"
"adjacent_vs_healthy_u1","adjacent_vs_healthy_u1","ranked","full_rank_covariate_adjusted","ranked_GSEA","GO","Biological Process","GO:0045324","late endosome to vacuole transport",NA,NA,0.000164865531827885,0.00163306707087845,0.00113303336144872,NA,NA,-0.571338652043669,-1.93426143464941,34,FALSE,"association-level pathway result; not causal or cell-intrinsic evidence","raw_cel_rma_tier_specific_enrichment"
"adjacent_vs_healthy_u1","adjacent_vs_healthy_u1","ranked","full_rank_covariate_adjusted","ranked_GSEA","GO","Biological Process","GO:0010639","negative regulation of organelle organization",NA,NA,0.000165950432445362,0.00164118339671165,0.00113866452510721,NA,NA,0.290374617058713,1.51940307629644,343,FALSE,"association-level pathway result; not causal or cell-intrinsic evidence","raw_cel_rma_tier_specific_enrichment"
"adjacent_vs_healthy_u1","adjacent_vs_healthy_u1","ranked","full_rank_covariate_adjusted","ranked_GSEA","GO","Biological Process","GO:0008585","female gonad development",NA,NA,0.000166525565980699,0.00164424045259857,0.00114078553187383,NA,NA,0.393258642398266,1.75078569383246,104,FALSE,"association-level pathway result; not causal or cell-intrinsic evidence","raw_cel_rma_tier_specific_enrichment"
"adjacent_vs_healthy_u1","adjacent_vs_healthy_u1","ranked","full_rank_covariate_adjusted","ranked_GSEA","GO","Biological Process","GO:0006879","intracellular iron ion homeostasis",NA,NA,0.000169110091153307,0.00166709644883348,0.00115664318200046,NA,NA,-0.468767436585805,-1.81307154216197,65,FALSE,"association-level pathway result; not causal or cell-intrinsic evidence","raw_cel_rma_tier_specific_enrichment"
"adjacent_vs_healthy_u1","adjacent_vs_healthy_u1","ranked","full_rank_covariate_adjusted","ranked_GSEA","GO","Biological Process","GO:0071479","cellular response to ionizing radiation",NA,NA,0.00017170029492271,0.00168993554604661,0.00117248910746752,NA,NA,0.446809349417187,1.87261154440362,68,FALSE,"association-level pathway result; not causal or cell-intrinsic evidence","raw_cel_rma_tier_specific_enrichment"
"adjacent_vs_healthy_u1","adjacent_vs_healthy_u1","ranked","full_rank_covariate_adjusted","ranked_GSEA","GO","Biological Process","GO:2000050","regulation of non-canonical Wnt signaling pathway",NA,NA,0.000174690115745382,0.00171662894343752,0.00119100917336906,NA,NA,0.622232458715221,2.07138251788056,25,FALSE,"association-level pathway result; not causal or cell-intrinsic evidence","raw_cel_rma_tier_specific_enrichment"
"adjacent_vs_healthy_u1","adjacent_vs_healthy_u1","ranked","full_rank_covariate_adjusted","ranked_GSEA","GO","Biological Process","GO:0040037","negative regulation of fibroblast growth factor receptor signaling pathway",NA,NA,0.00017599702434198,0.0017267263610441,0.00119801483236295,NA,NA,0.6855137167252,2.09784511728447,19,FALSE,"association-level pathway result; not causal or cell-intrinsic evidence","raw_cel_rma_tier_specific_enrichment"
"adjacent_vs_healthy_u1","adjacent_vs_healthy_u1","ranked","full_rank_covariate_adjusted","ranked_GSEA","GO","Biological Process","GO:0014032","neural crest cell development",NA,NA,0.000176918114148801,0.0017330124620503,0.00120237617322915,NA,NA,0.420926968590649,1.79850493270985,80,FALSE,"association-level pathway result; not causal or cell-intrinsic evidence","raw_cel_rma_tier_specific_enrichment"
"adjacent_vs_healthy_u1","adjacent_vs_healthy_u1","ranked","full_rank_covariate_adjusted","ranked_GSEA","GO","Biological Process","GO:0060759","regulation of response to cytokine stimulus",NA,NA,0.000179487450690313,0.0017553986277165,0.00121790785161948,NA,NA,0.342732003830737,1.63331104047613,170,FALSE,"association-level pathway result; not causal or cell-intrinsic evidence","raw_cel_rma_tier_specific_enrichment"
"adjacent_vs_healthy_u1","adjacent_vs_healthy_u1","ranked","full_rank_covariate_adjusted","ranked_GSEA","GO","Biological Process","GO:0038066","p38MAPK cascade",NA,NA,0.000186681812193906,0.00182287564165961,0.00126472387607545,NA,NA,0.473965258322968,1.89094643563678,55,FALSE,"association-level pathway result; not causal or cell-intrinsic evidence","raw_cel_rma_tier_specific_enrichment"
"adjacent_vs_healthy_u1","adjacent_vs_healthy_u1","ranked","full_rank_covariate_adjusted","ranked_GSEA","GO","Biological Process","GO:0051492","regulation of stress fiber assembly",NA,NA,0.000187168388810074,0.00182474418175878,0.00126602028227169,NA,NA,0.406094913339025,1.77580831507984,89,FALSE,"association-level pathway result; not causal or cell-intrinsic evidence","raw_cel_rma_tier_specific_enrichment"
"adjacent_vs_healthy_u1","adjacent_vs_healthy_u1","ranked","full_rank_covariate_adjusted","ranked_GSEA","GO","Biological Process","GO:0006122","mitochondrial electron transport, ubiquinol to cytochrome c",NA,NA,0.000189855012620859,0.00184511608963762,0.00128015445451403,NA,NA,-0.791880834349789,-2.01845307593563,11,FALSE,"association-level pathway result; not causal or cell-intrinsic evidence","raw_cel_rma_tier_specific_enrichment"
"adjacent_vs_healthy_u1","adjacent_vs_healthy_u1","ranked","full_rank_covariate_adjusted","ranked_GSEA","GO","Biological Process","GO:0061014","positive regulation of mRNA catabolic process",NA,NA,0.000189767949765769,0.00184511608963762,0.00128015445451403,NA,NA,0.396528624478036,1.75882255788008,99,FALSE,"association-level pathway result; not causal or cell-intrinsic evidence","raw_cel_rma_tier_specific_enrichment"
"adjacent_vs_healthy_u1","adjacent_vs_healthy_u1","ranked","full_rank_covariate_adjusted","ranked_GSEA","GO","Biological Process","GO:0060323","head morphogenesis",NA,NA,0.000191072521480004,0.00185403336776751,0.00128634132448077,NA,NA,0.551384738715975,2.02098660254365,37,FALSE,"association-level pathway result; not causal or cell-intrinsic evidence","raw_cel_rma_tier_specific_enrichment"
"adjacent_vs_healthy_u1","adjacent_vs_healthy_u1","ranked","full_rank_covariate_adjusted","ranked_GSEA","GO","Biological Process","GO:0010464","regulation of mesenchymal cell proliferation",NA,NA,0.00019303727748494,0.00187016208798497,0.00129753154343119,NA,NA,0.566418275158119,2.01835612670761,34,FALSE,"association-level pathway result; not causal or cell-intrinsic evidence","raw_cel_rma_tier_specific_enrichment"
"adjacent_vs_healthy_u1","adjacent_vs_healthy_u1","ranked","full_rank_covariate_adjusted","ranked_GSEA","GO","Biological Process","GO:0006749","glutathione metabolic process",NA,NA,0.000196959677275462,0.00190517647142352,0.00132182476768014,NA,NA,-0.519133809553494,-1.86240066714897,45,FALSE,"association-level pathway result; not causal or cell-intrinsic evidence","raw_cel_rma_tier_specific_enrichment"
"adjacent_vs_healthy_u1","adjacent_vs_healthy_u1","ranked","full_rank_covariate_adjusted","ranked_GSEA","GO","Biological Process","GO:0006956","complement activation",NA,NA,0.000202636511994928,0.00195702543850102,0.00135779794386075,NA,NA,0.492361597882474,1.95132362007098,54,FALSE,"association-level pathway result; not causal or cell-intrinsic evidence","raw_cel_rma_tier_specific_enrichment"
"adjacent_vs_healthy_u1","adjacent_vs_healthy_u1","ranked","full_rank_covariate_adjusted","ranked_GSEA","GO","Biological Process","GO:0006469","negative regulation of protein kinase activity",NA,NA,0.000204587508846965,0.00197278532321855,0.00136873226216033,NA,NA,0.367137076536086,1.67650210149901,124,FALSE,"association-level pathway result; not causal or cell-intrinsic evidence","raw_cel_rma_tier_specific_enrichment"
"adjacent_vs_healthy_u1","adjacent_vs_healthy_u1","ranked","full_rank_covariate_adjusted","ranked_GSEA","GO","Biological Process","GO:0061484","hematopoietic stem cell homeostasis",NA,NA,0.00020594473353425,0.00198277943609844,0.00137566624761196,NA,NA,0.653670739626728,2.08066735355215,22,FALSE,"association-level pathway result; not causal or cell-intrinsic evidence","raw_cel_rma_tier_specific_enrichment"
"adjacent_vs_healthy_u1","adjacent_vs_healthy_u1","ranked","full_rank_covariate_adjusted","ranked_GSEA","GO","Biological Process","GO:0038065","collagen-activated signaling pathway",NA,NA,0.000208167175057755,0.00199595410805823,0.00138480692720974,NA,NA,0.46629853173672,1.92861178421386,61,FALSE,"association-level pathway result; not causal or cell-intrinsic evidence","raw_cel_rma_tier_specific_enrichment"
"adjacent_vs_healthy_u1","adjacent_vs_healthy_u1","ranked","full_rank_covariate_adjusted","ranked_GSEA","GO","Biological Process","GO:0007189","adenylate cyclase-activating G protein-coupled receptor signaling pathway",NA,NA,0.000208281896084381,0.00199595410805823,0.00138480692720974,NA,NA,0.332862327875364,1.60433098394163,182,FALSE,"association-level pathway result; not causal or cell-intrinsic evidence","raw_cel_rma_tier_specific_enrichment"
"adjacent_vs_healthy_u1","adjacent_vs_healthy_u1","ranked","full_rank_covariate_adjusted","ranked_GSEA","GO","Biological Process","GO:0045927","positive regulation of growth",NA,NA,0.000207729933243302,0.00199595410805823,0.00138480692720974,NA,NA,0.30516140249323,1.53783924384926,240,FALSE,"association-level pathway result; not causal or cell-intrinsic evidence","raw_cel_rma_tier_specific_enrichment"
"adjacent_vs_healthy_u1","adjacent_vs_healthy_u1","ranked","full_rank_covariate_adjusted","ranked_GSEA","GO","Biological Process","GO:0031579","membrane raft organization",NA,NA,0.000209265930066488,0.00199956973827302,0.00138731547675377,NA,NA,0.594239283708578,2.04844913156951,29,FALSE,"association-level pathway result; not causal or cell-intrinsic evidence","raw_cel_rma_tier_specific_enrichment"
"adjacent_vs_healthy_u1","adjacent_vs_healthy_u1","ranked","full_rank_covariate_adjusted","ranked_GSEA","GO","Biological Process","GO:0060047","heart contraction",NA,NA,0.000209306199751278,0.00199956973827302,0.00138731547675377,NA,NA,0.310206300012271,1.56142191602216,234,FALSE,"association-level pathway result; not causal or cell-intrinsic evidence","raw_cel_rma_tier_specific_enrichment"
"adjacent_vs_healthy_u1","adjacent_vs_healthy_u1","ranked","full_rank_covariate_adjusted","ranked_GSEA","GO","Biological Process","GO:0022604","regulation of cell morphogenesis",NA,NA,0.000210618464326521,0.00200900112346022,0.00139385903779442,NA,NA,0.313347400544401,1.58159860793424,242,FALSE,"association-level pathway result; not causal or cell-intrinsic evidence","raw_cel_rma_tier_specific_enrichment"
"adjacent_vs_healthy_u1","adjacent_vs_healthy_u1","ranked","full_rank_covariate_adjusted","ranked_GSEA","GO","Biological Process","GO:0090263","positive regulation of canonical Wnt signaling pathway",NA,NA,0.000211724098125325,0.00201643551696862,0.00139901707203402,NA,NA,0.388691879318962,1.73117901042693,105,FALSE,"association-level pathway result; not causal or cell-intrinsic evidence","raw_cel_rma_tier_specific_enrichment"
"adjacent_vs_healthy_u1","adjacent_vs_healthy_u1","ranked","full_rank_covariate_adjusted","ranked_GSEA","GO","Biological Process","GO:0010466","negative regulation of peptidase activity",NA,NA,0.00021383930516832,0.00203344730037752,0.00141081996640605,NA,NA,0.527606008539094,1.96559543820965,43,FALSE,"association-level pathway result; not causal or cell-intrinsic evidence","raw_cel_rma_tier_specific_enrichment"
"adjacent_vs_healthy_u1","adjacent_vs_healthy_u1","ranked","full_rank_covariate_adjusted","ranked_GSEA","GO","Biological Process","GO:0003073","regulation of systemic arterial blood pressure",NA,NA,0.000214706127676386,0.0020385538789059,0.00141436294632322,NA,NA,0.391506799471177,1.72469697974322,97,FALSE,"association-level pathway result; not causal or cell-intrinsic evidence","raw_cel_rma_tier_specific_enrichment"
"adjacent_vs_healthy_u1","adjacent_vs_healthy_u1","ranked","full_rank_covariate_adjusted","ranked_GSEA","GO","Biological Process","GO:0008380","RNA splicing",NA,NA,0.000216992291133065,0.00205710023235196,0.00142723053612546,NA,NA,0.272687588625883,1.45136614242296,415,FALSE,"association-level pathway result; not causal or cell-intrinsic evidence","raw_cel_rma_tier_specific_enrichment"
"adjacent_vs_healthy_u1","adjacent_vs_healthy_u1","ranked","full_rank_covariate_adjusted","ranked_GSEA","GO","Biological Process","GO:0007249","canonical NF-kappaB signal transduction",NA,NA,0.000220546271128544,0.00208759035504676,0.00144838479661109,NA,NA,0.29659078286888,1.52135543638739,294,FALSE,"association-level pathway result; not causal or cell-intrinsic evidence","raw_cel_rma_tier_specific_enrichment"
"adjacent_vs_healthy_u1","adjacent_vs_healthy_u1","ranked","full_rank_covariate_adjusted","ranked_GSEA","GO","Biological Process","GO:0072662","protein localization to peroxisome",NA,NA,0.000222021147517326,0.00208958338445221,0.00144976757435916,NA,NA,-0.672272404942835,-1.98739338865142,20,FALSE,"association-level pathway result; not causal or cell-intrinsic evidence","raw_cel_rma_tier_specific_enrichment"
"adjacent_vs_healthy_u1","adjacent_vs_healthy_u1","ranked","full_rank_covariate_adjusted","ranked_GSEA","GO","Biological Process","GO:0072663","establishment of protein localization to peroxisome",NA,NA,0.000222021147517326,0.00208958338445221,0.00144976757435916,NA,NA,-0.672272404942835,-1.98739338865142,20,FALSE,"association-level pathway result; not causal or cell-intrinsic evidence","raw_cel_rma_tier_specific_enrichment"
"adjacent_vs_healthy_u1","adjacent_vs_healthy_u1","ranked","full_rank_covariate_adjusted","ranked_GSEA","GO","Biological Process","GO:0060415","muscle tissue morphogenesis",NA,NA,0.000221805977446045,0.00208958338445221,0.00144976757435916,NA,NA,0.439491969406975,1.8432013330607,70,FALSE,"association-level pathway result; not causal or cell-intrinsic evidence","raw_cel_rma_tier_specific_enrichment"
"adjacent_vs_healthy_u1","adjacent_vs_healthy_u1","ranked","full_rank_covariate_adjusted","ranked_GSEA","GO","Biological Process","GO:1903522","regulation of blood circulation",NA,NA,0.000222109089724171,0.00208958338445221,0.00144976757435916,NA,NA,0.303736777667099,1.53866273358531,249,FALSE,"association-level pathway result; not causal or cell-intrinsic evidence","raw_cel_rma_tier_specific_enrichment"
"adjacent_vs_healthy_u1","adjacent_vs_healthy_u1","ranked","full_rank_covariate_adjusted","ranked_GSEA","GO","Biological Process","GO:0001823","mesonephros development",NA,NA,0.000225523396062459,0.00211848041194842,0.00146981653424806,NA,NA,0.397723479273016,1.768068649315,103,FALSE,"association-level pathway result; not causal or cell-intrinsic evidence","raw_cel_rma_tier_specific_enrichment"
"adjacent_vs_healthy_u1","adjacent_vs_healthy_u1","ranked","full_rank_covariate_adjusted","ranked_GSEA","GO","Biological Process","GO:0071357","cellular response to type I interferon",NA,NA,0.000226146396769217,0.00212110907197349,0.00147164031696796,NA,NA,0.41694278274705,1.78148160460964,80,FALSE,"association-level pathway result; not causal or cell-intrinsic evidence","raw_cel_rma_tier_specific_enrichment"
"adjacent_vs_healthy_u1","adjacent_vs_healthy_u1","ranked","full_rank_covariate_adjusted","ranked_GSEA","GO","Biological Process","GO:0009314","response to radiation",NA,NA,0.000227113795507151,0.00212695510610561,0.00147569633635747,NA,NA,0.274822098786631,1.46267766416472,418,FALSE,"association-level pathway result; not causal or cell-intrinsic evidence","raw_cel_rma_tier_specific_enrichment"
"adjacent_vs_healthy_u1","adjacent_vs_healthy_u1","ranked","full_rank_covariate_adjusted","ranked_GSEA","GO","Biological Process","GO:0060216","definitive hemopoiesis",NA,NA,0.00022949911146307,0.00214604237209264,0.00148893921506577,NA,NA,0.678112241905935,2.07519473490485,19,FALSE,"association-level pathway result; not causal or cell-intrinsic evidence","raw_cel_rma_tier_specific_enrichment"
"adjacent_vs_healthy_u1","adjacent_vs_healthy_u1","ranked","full_rank_covariate_adjusted","ranked_GSEA","GO","Biological Process","GO:0090049","regulation of cell migration involved in sprouting angiogenesis",NA,NA,0.000232396827516897,0.00216985617957997,0.00150546140134177,NA,NA,0.541472838375667,2.0041346019675,39,FALSE,"association-level pathway result; not causal or cell-intrinsic evidence","raw_cel_rma_tier_specific_enrichment"
"adjacent_vs_healthy_u1","adjacent_vs_healthy_u1","ranked","full_rank_covariate_adjusted","ranked_GSEA","GO","Biological Process","GO:0045687","positive regulation of glial cell differentiation",NA,NA,0.000234617785614503,0.00218728888821002,0.00151755633657773,NA,NA,0.522182388941701,1.96757127443243,44,FALSE,"association-level pathway result; not causal or cell-intrinsic evidence","raw_cel_rma_tier_specific_enrichment"
"adjacent_vs_healthy_u1","adjacent_vs_healthy_u1","ranked","full_rank_covariate_adjusted","ranked_GSEA","GO","Biological Process","GO:1901606","alpha-amino acid catabolic process",NA,NA,0.000236046421582358,0.00219729357198879,0.00152449765619297,NA,NA,-0.434723252605347,-1.79445173135592,94,FALSE,"association-level pathway result; not causal or cell-intrinsic evidence","raw_cel_rma_tier_specific_enrichment"
"adjacent_vs_healthy_u1","adjacent_vs_healthy_u1","ranked","full_rank_covariate_adjusted","ranked_GSEA","GO","Biological Process","GO:0048864","stem cell development",NA,NA,0.00023681688996313,0.00220115067197309,0.00152717373915281,NA,NA,0.422593006273854,1.8334539513042,86,FALSE,"association-level pathway result; not causal or cell-intrinsic evidence","raw_cel_rma_tier_specific_enrichment"
"adjacent_vs_healthy_u1","adjacent_vs_healthy_u1","ranked","full_rank_covariate_adjusted","ranked_GSEA","GO","Biological Process","GO:0010761","fibroblast migration",NA,NA,0.000238926175647436,0.00221588622279468,0.00153739736742744,NA,NA,0.4938483869416,1.94110563859231,51,FALSE,"association-level pathway result; not causal or cell-intrinsic evidence","raw_cel_rma_tier_specific_enrichment"
"adjacent_vs_healthy_u1","adjacent_vs_healthy_u1","ranked","full_rank_covariate_adjusted","ranked_GSEA","GO","Biological Process","GO:1990868","response to chemokine",NA,NA,0.0002394777538953,0.00221588622279468,0.00153739736742744,NA,NA,0.41856011486847,1.78775434963922,83,FALSE,"association-level pathway result; not causal or cell-intrinsic evidence","raw_cel_rma_tier_specific_enrichment"
"adjacent_vs_healthy_u1","adjacent_vs_healthy_u1","ranked","full_rank_covariate_adjusted","ranked_GSEA","GO","Biological Process","GO:1990869","cellular response to chemokine",NA,NA,0.0002394777538953,0.00221588622279468,0.00153739736742744,NA,NA,0.41856011486847,1.78775434963922,83,FALSE,"association-level pathway result; not causal or cell-intrinsic evidence","raw_cel_rma_tier_specific_enrichment"
"adjacent_vs_healthy_u1","adjacent_vs_healthy_u1","ranked","full_rank_covariate_adjusted","ranked_GSEA","GO","Biological Process","GO:0007606","sensory perception of chemical stimulus",NA,NA,0.000241537053132364,0.00223160018746061,0.00154829982607388,NA,NA,-0.297988972016603,-1.49731584721005,435,FALSE,"association-level pathway result; not causal or cell-intrinsic evidence","raw_cel_rma_tier_specific_enrichment"
"adjacent_vs_healthy_u1","adjacent_vs_healthy_u1","ranked","full_rank_covariate_adjusted","ranked_GSEA","GO","Biological Process","GO:0006024","glycosaminoglycan biosynthetic process",NA,NA,0.000244758360895455,0.00225798720700718,0.00156660732488309,NA,NA,0.502659962393694,1.953665275036,48,FALSE,"association-level pathway result; not causal or cell-intrinsic evidence","raw_cel_rma_tier_specific_enrichment"
"adjacent_vs_healthy_u1","adjacent_vs_healthy_u1","ranked","full_rank_covariate_adjusted","ranked_GSEA","GO","Biological Process","GO:0045601","regulation of endothelial cell differentiation",NA,NA,0.000246920348201254,0.00227453751450366,0.00157809004403782,NA,NA,0.559400168393726,2.0250469949379,35,FALSE,"association-level pathway result; not causal or cell-intrinsic evidence","raw_cel_rma_tier_specific_enrichment"
"adjacent_vs_healthy_u1","adjacent_vs_healthy_u1","ranked","full_rank_covariate_adjusted","ranked_GSEA","GO","Biological Process","GO:0030166","proteoglycan biosynthetic process",NA,NA,0.000249041002749345,0.00229065838987158,0.00158927482017674,NA,NA,0.420815079389366,1.78987078263784,79,FALSE,"association-level pathway result; not causal or cell-intrinsic evidence","raw_cel_rma_tier_specific_enrichment"
"adjacent_vs_healthy_u1","adjacent_vs_healthy_u1","ranked","full_rank_covariate_adjusted","ranked_GSEA","GO","Biological Process","GO:0002686","negative regulation of leukocyte migration",NA,NA,0.000250764626591187,0.00230274894856797,0.0015976633344061,NA,NA,0.502000951143213,1.95110392642611,48,FALSE,"association-level pathway result; not causal or cell-intrinsic evidence","raw_cel_rma_tier_specific_enrichment"
"adjacent_vs_healthy_u1","adjacent_vs_healthy_u1","ranked","full_rank_covariate_adjusted","ranked_GSEA","GO","Biological Process","GO:0035850","epithelial cell differentiation involved in kidney development",NA,NA,0.000251100597206732,0.00230274894856797,0.0015976633344061,NA,NA,0.486832213973255,1.91107354976108,50,FALSE,"association-level pathway result; not causal or cell-intrinsic evidence","raw_cel_rma_tier_specific_enrichment"
"adjacent_vs_healthy_u1","adjacent_vs_healthy_u1","ranked","full_rank_covariate_adjusted","ranked_GSEA","GO","Biological Process","GO:0048562","embryonic organ morphogenesis",NA,NA,0.000251535336528121,0.00230331839271158,0.00159805841873772,NA,NA,0.299036584601375,1.52908855063609,293,FALSE,"association-level pathway result; not causal or cell-intrinsic evidence","raw_cel_rma_tier_specific_enrichment"
"adjacent_vs_healthy_u1","adjacent_vs_healthy_u1","ranked","full_rank_covariate_adjusted","ranked_GSEA","GO","Biological Process","GO:0001755","neural crest cell migration",NA,NA,0.000252737843315944,0.00231090622712404,0.00160332291135029,NA,NA,0.472294655233526,1.90405608833543,57,FALSE,"association-level pathway result; not causal or cell-intrinsic evidence","raw_cel_rma_tier_specific_enrichment"
"adjacent_vs_healthy_u1","adjacent_vs_healthy_u1","ranked","full_rank_covariate_adjusted","ranked_GSEA","GO","Biological Process","GO:0035024","negative regulation of Rho protein signal transduction",NA,NA,0.000256379477043802,0.00234074083841616,0.00162402237343769,NA,NA,0.643445165286386,2.04811882810734,22,FALSE,"association-level pathway result; not causal or cell-intrinsic evidence","raw_cel_rma_tier_specific_enrichment"
"adjacent_vs_healthy_u1","adjacent_vs_healthy_u1","ranked","full_rank_covariate_adjusted","ranked_GSEA","GO","Biological Process","GO:0010453","regulation of cell fate commitment",NA,NA,0.00025814400039222,0.00234990878707557,0.00163038316037192,NA,NA,0.504471899882332,1.91208746374754,45,FALSE,"association-level pathway result; not causal or cell-intrinsic evidence","raw_cel_rma_tier_specific_enrichment"
"adjacent_vs_healthy_u1","adjacent_vs_healthy_u1","ranked","full_rank_covariate_adjusted","ranked_GSEA","GO","Biological Process","GO:0042168","heme metabolic process",NA,NA,0.000257984319156226,0.00234990878707557,0.00163038316037192,NA,NA,-0.524932773119876,-1.8750010483713,44,FALSE,"association-level pathway result; not causal or cell-intrinsic evidence","raw_cel_rma_tier_specific_enrichment"
"adjacent_vs_healthy_u1","adjacent_vs_healthy_u1","ranked","full_rank_covariate_adjusted","ranked_GSEA","GO","Biological Process","GO:0061037","negative regulation of cartilage development",NA,NA,0.000259826140681701,0.00235837573348685,0.001636257587041,NA,NA,0.588155556703952,2.02747743609095,29,FALSE,"association-level pathway result; not causal or cell-intrinsic evidence","raw_cel_rma_tier_specific_enrichment"
"adjacent_vs_healthy_u1","adjacent_vs_healthy_u1","ranked","full_rank_covariate_adjusted","ranked_GSEA","GO","Biological Process","GO:0035023","regulation of Rho protein signal transduction",NA,NA,0.000260218775317591,0.00235837573348685,0.001636257587041,NA,NA,0.427346429030362,1.83398345663688,84,FALSE,"association-level pathway result; not causal or cell-intrinsic evidence","raw_cel_rma_tier_specific_enrichment"
"adjacent_vs_healthy_u1","adjacent_vs_healthy_u1","ranked","full_rank_covariate_adjusted","ranked_GSEA","GO","Biological Process","GO:0032869","cellular response to insulin stimulus",NA,NA,0.000259920976788801,0.00235837573348685,0.001636257587041,NA,NA,0.300193134233722,1.51819326665408,250,FALSE,"association-level pathway result; not causal or cell-intrinsic evidence","raw_cel_rma_tier_specific_enrichment"
"adjacent_vs_healthy_u1","adjacent_vs_healthy_u1","ranked","full_rank_covariate_adjusted","ranked_GSEA","GO","Biological Process","GO:0043244","regulation of protein-containing complex disassembly",NA,NA,0.000273501008914137,0.00247512406456557,0.00171725839611034,NA,NA,0.365296056425022,1.67215174710246,127,FALSE,"association-level pathway result; not causal or cell-intrinsic evidence","raw_cel_rma_tier_specific_enrichment"
"adjacent_vs_healthy_u1","adjacent_vs_healthy_u1","ranked","full_rank_covariate_adjusted","ranked_GSEA","GO","Biological Process","GO:0001958","endochondral ossification",NA,NA,0.000277465885034914,0.00250367392029315,0.00173706648579676,NA,NA,0.577522556884581,2.02489520133477,31,FALSE,"association-level pathway result; not causal or cell-intrinsic evidence","raw_cel_rma_tier_specific_enrichment"
"adjacent_vs_healthy_u1","adjacent_vs_healthy_u1","ranked","full_rank_covariate_adjusted","ranked_GSEA","GO","Biological Process","GO:0036075","replacement ossification",NA,NA,0.000277465885034914,0.00250367392029315,0.00173706648579676,NA,NA,0.577522556884581,2.02489520133477,31,FALSE,"association-level pathway result; not causal or cell-intrinsic evidence","raw_cel_rma_tier_specific_enrichment"
"adjacent_vs_healthy_u1","adjacent_vs_healthy_u1","ranked","full_rank_covariate_adjusted","ranked_GSEA","GO","Biological Process","GO:0045017","glycerolipid biosynthetic process",NA,NA,0.000278276371838404,0.00250732690136031,0.00173960094962353,NA,NA,-0.334695381108962,-1.57624924119576,236,FALSE,"association-level pathway result; not causal or cell-intrinsic evidence","raw_cel_rma_tier_specific_enrichment"
"adjacent_vs_healthy_u1","adjacent_vs_healthy_u1","ranked","full_rank_covariate_adjusted","ranked_GSEA","GO","Biological Process","GO:0050779","RNA destabilization",NA,NA,0.000280711775522882,0.00252558876929685,0.00175227116138853,NA,NA,0.395640540081107,1.74975432246307,98,FALSE,"association-level pathway result; not causal or cell-intrinsic evidence","raw_cel_rma_tier_specific_enrichment"
"adjacent_vs_healthy_u1","adjacent_vs_healthy_u1","ranked","full_rank_covariate_adjusted","ranked_GSEA","GO","Biological Process","GO:0006790","sulfur compound metabolic process",NA,NA,0.00028206140169386,0.00253404291260138,0.00175813670517256,NA,NA,-0.316523369008862,-1.53742583974319,301,FALSE,"association-level pathway result; not causal or cell-intrinsic evidence","raw_cel_rma_tier_specific_enrichment"
"adjacent_vs_healthy_u1","adjacent_vs_healthy_u1","ranked","full_rank_covariate_adjusted","ranked_GSEA","GO","Biological Process","GO:0030308","negative regulation of cell growth",NA,NA,0.000283145644439298,0.00254009176818476,0.00176233344350424,NA,NA,0.345380141511658,1.64700855440916,167,FALSE,"association-level pathway result; not causal or cell-intrinsic evidence","raw_cel_rma_tier_specific_enrichment"
"adjacent_vs_healthy_u1","adjacent_vs_healthy_u1","ranked","full_rank_covariate_adjusted","ranked_GSEA","GO","Biological Process","GO:0043162","ubiquitin-dependent protein catabolic process via the multivesicular body sorting pathway",NA,NA,0.000287926467165349,0.00256689129704416,0.00178092714416129,NA,NA,-0.578623777769335,-1.93059081364118,33,FALSE,"association-level pathway result; not causal or cell-intrinsic evidence","raw_cel_rma_tier_specific_enrichment"
"adjacent_vs_healthy_u1","adjacent_vs_healthy_u1","ranked","full_rank_covariate_adjusted","ranked_GSEA","GO","Biological Process","GO:0006779","porphyrin-containing compound biosynthetic process",NA,NA,0.000287926467165349,0.00256689129704416,0.00178092714416129,NA,NA,-0.578346507544646,-1.92966569550873,33,FALSE,"association-level pathway result; not causal or cell-intrinsic evidence","raw_cel_rma_tier_specific_enrichment"
"adjacent_vs_healthy_u1","adjacent_vs_healthy_u1","ranked","full_rank_covariate_adjusted","ranked_GSEA","GO","Biological Process","GO:0033014","tetrapyrrole biosynthetic process",NA,NA,0.000287926467165349,0.00256689129704416,0.00178092714416129,NA,NA,-0.578346507544646,-1.92966569550873,33,FALSE,"association-level pathway result; not causal or cell-intrinsic evidence","raw_cel_rma_tier_specific_enrichment"
"adjacent_vs_healthy_u1","adjacent_vs_healthy_u1","ranked","full_rank_covariate_adjusted","ranked_GSEA","GO","Biological Process","GO:0032330","regulation of chondrocyte differentiation",NA,NA,0.000287623901665059,0.00256689129704416,0.00178092714416129,NA,NA,0.485538309895661,1.90599429290904,50,FALSE,"association-level pathway result; not causal or cell-intrinsic evidence","raw_cel_rma_tier_specific_enrichment"
"adjacent_vs_healthy_u1","adjacent_vs_healthy_u1","ranked","full_rank_covariate_adjusted","ranked_GSEA","GO","Biological Process","GO:0038063","collagen-activated tyrosine kinase receptor signaling pathway",NA,NA,0.000288209441861939,0.00256689129704416,0.00178092714416129,NA,NA,0.469816430853976,1.89406512577454,57,FALSE,"association-level pathway result; not causal or cell-intrinsic evidence","raw_cel_rma_tier_specific_enrichment"
"adjacent_vs_healthy_u1","adjacent_vs_healthy_u1","ranked","full_rank_covariate_adjusted","ranked_GSEA","GO","Biological Process","GO:0030038","contractile actin filament bundle assembly",NA,NA,0.00028957756736531,0.00256797552924675,0.00178167939205055,NA,NA,0.384755362231004,1.71518405485681,108,FALSE,"association-level pathway result; not causal or cell-intrinsic evidence","raw_cel_rma_tier_specific_enrichment"
"adjacent_vs_healthy_u1","adjacent_vs_healthy_u1","ranked","full_rank_covariate_adjusted","ranked_GSEA","GO","Biological Process","GO:0043149","stress fiber assembly",NA,NA,0.00028957756736531,0.00256797552924675,0.00178167939205055,NA,NA,0.384755362231004,1.71518405485681,108,FALSE,"association-level pathway result; not causal or cell-intrinsic evidence","raw_cel_rma_tier_specific_enrichment"
"adjacent_vs_healthy_u1","adjacent_vs_healthy_u1","ranked","full_rank_covariate_adjusted","ranked_GSEA","GO","Biological Process","GO:0033673","negative regulation of kinase activity",NA,NA,0.00028949504268016,0.00256797552924675,0.00178167939205055,NA,NA,0.360205651503846,1.65944172105274,131,FALSE,"association-level pathway result; not causal or cell-intrinsic evidence","raw_cel_rma_tier_specific_enrichment"
"adjacent_vs_healthy_u1","adjacent_vs_healthy_u1","ranked","full_rank_covariate_adjusted","ranked_GSEA","GO","Biological Process","GO:0043122","regulation of canonical NF-kappaB signal transduction",NA,NA,0.000296325086318346,0.00262404779159556,0.00182058272004365,NA,NA,0.291719447546737,1.49283515972118,277,FALSE,"association-level pathway result; not causal or cell-intrinsic evidence","raw_cel_rma_tier_specific_enrichment"
"adjacent_vs_healthy_u1","adjacent_vs_healthy_u1","ranked","full_rank_covariate_adjusted","ranked_GSEA","GO","Biological Process","GO:2001236","regulation of extrinsic apoptotic signaling pathway",NA,NA,0.000297242855913216,0.0026284092881253,0.00182360875685632,NA,NA,0.343305512776603,1.61681907029464,154,FALSE,"association-level pathway result; not causal or cell-intrinsic evidence","raw_cel_rma_tier_specific_enrichment"
"adjacent_vs_healthy_u1","adjacent_vs_healthy_u1","ranked","full_rank_covariate_adjusted","ranked_GSEA","GO","Biological Process","GO:0042730","fibrinolysis",NA,NA,0.000298332156949686,0.00263427294586573,0.0018276770036286,NA,NA,0.601699269069536,2.00858182663439,26,FALSE,"association-level pathway result; not causal or cell-intrinsic evidence","raw_cel_rma_tier_specific_enrichment"
"adjacent_vs_healthy_u1","adjacent_vs_healthy_u1","ranked","full_rank_covariate_adjusted","ranked_GSEA","GO","Biological Process","GO:1903313","positive regulation of mRNA metabolic process",NA,NA,0.000299091467360709,0.00263721021363272,0.00182971490055939,NA,NA,0.364039971045695,1.66531093496364,126,FALSE,"association-level pathway result; not causal or cell-intrinsic evidence","raw_cel_rma_tier_specific_enrichment"
"adjacent_vs_healthy_u1","adjacent_vs_healthy_u1","ranked","full_rank_covariate_adjusted","ranked_GSEA","GO","Biological Process","GO:0071806","protein transmembrane transport",NA,NA,0.000300588899212806,0.0026466381567441,0.00183625607346375,NA,NA,-0.454699251024471,-1.78426664653689,69,FALSE,"association-level pathway result; not causal or cell-intrinsic evidence","raw_cel_rma_tier_specific_enrichment"
"adjacent_vs_healthy_u1","adjacent_vs_healthy_u1","ranked","full_rank_covariate_adjusted","ranked_GSEA","GO","Biological Process","GO:0001959","regulation of cytokine-mediated signaling pathway",NA,NA,0.000302582547935609,0.00266040217466572,0.0018458056454139,NA,NA,0.341001705759779,1.60981310630403,161,FALSE,"association-level pathway result; not causal or cell-intrinsic evidence","raw_cel_rma_tier_specific_enrichment"
"adjacent_vs_healthy_u1","adjacent_vs_healthy_u1","ranked","full_rank_covariate_adjusted","ranked_GSEA","GO","Biological Process","GO:0030217","T cell differentiation",NA,NA,0.00030745320648085,0.00269938674610531,0.00187285341388006,NA,NA,0.285934364742078,1.47181904311255,313,FALSE,"association-level pathway result; not causal or cell-intrinsic evidence","raw_cel_rma_tier_specific_enrichment"
"adjacent_vs_healthy_u1","adjacent_vs_healthy_u1","ranked","full_rank_covariate_adjusted","ranked_GSEA","GO","Biological Process","GO:0045668","negative regulation of osteoblast differentiation",NA,NA,0.000308929183911482,0.00270813588828242,0.0018789236299462,NA,NA,0.493303136211025,1.91877949542364,49,FALSE,"association-level pathway result; not causal or cell-intrinsic evidence","raw_cel_rma_tier_specific_enrichment"
"adjacent_vs_healthy_u1","adjacent_vs_healthy_u1","ranked","full_rank_covariate_adjusted","ranked_GSEA","GO","Biological Process","GO:1900182","positive regulation of protein localization to nucleus",NA,NA,0.000309764127651783,0.00270813588828242,0.0018789236299462,NA,NA,0.41537597184256,1.82472583757608,91,FALSE,"association-level pathway result; not causal or cell-intrinsic evidence","raw_cel_rma_tier_specific_enrichment"
"adjacent_vs_healthy_u1","adjacent_vs_healthy_u1","ranked","full_rank_covariate_adjusted","ranked_GSEA","GO","Biological Process","GO:0002088","lens development in camera-type eye",NA,NA,0.000309764127651783,0.00270813588828242,0.0018789236299462,NA,NA,0.415034080816926,1.82322392742624,91,FALSE,"association-level pathway result; not causal or cell-intrinsic evidence","raw_cel_rma_tier_specific_enrichment"
"adjacent_vs_healthy_u1","adjacent_vs_healthy_u1","ranked","full_rank_covariate_adjusted","ranked_GSEA","GO","Biological Process","GO:0031345","negative regulation of cell projection organization",NA,NA,0.000314045377655478,0.00274168711763914,0.0019022017076545,NA,NA,0.328523908676789,1.58120115690606,178,FALSE,"association-level pathway result; not causal or cell-intrinsic evidence","raw_cel_rma_tier_specific_enrichment"
"adjacent_vs_healthy_u1","adjacent_vs_healthy_u1","ranked","full_rank_covariate_adjusted","ranked_GSEA","GO","Biological Process","GO:0006022","aminoglycan metabolic process",NA,NA,0.000320147282768603,0.00279101601522247,0.00193642644198543,NA,NA,0.401286515512723,1.76679055594082,96,FALSE,"association-level pathway result; not causal or cell-intrinsic evidence","raw_cel_rma_tier_specific_enrichment"
"adjacent_vs_healthy_u1","adjacent_vs_healthy_u1","ranked","full_rank_covariate_adjusted","ranked_GSEA","GO","Biological Process","GO:0072091","regulation of stem cell proliferation",NA,NA,0.000321104980095681,0.00279542236897381,0.00193948360105234,NA,NA,0.410678753042723,1.75203127801738,81,FALSE,"association-level pathway result; not causal or cell-intrinsic evidence","raw_cel_rma_tier_specific_enrichment"
"adjacent_vs_healthy_u1","adjacent_vs_healthy_u1","ranked","full_rank_covariate_adjusted","ranked_GSEA","GO","Biological Process","GO:0031103","axon regeneration",NA,NA,0.000322928691166283,0.00280734492278311,0.0019477555523154,NA,NA,0.497512864897042,1.93366028876546,48,FALSE,"association-level pathway result; not causal or cell-intrinsic evidence","raw_cel_rma_tier_specific_enrichment"
"adjacent_vs_healthy_u1","adjacent_vs_healthy_u1","ranked","full_rank_covariate_adjusted","ranked_GSEA","GO","Biological Process","GO:0031348","negative regulation of defense response",NA,NA,0.000326870860614025,0.00283762470429114,0.00196876387661375,NA,NA,0.29855993448392,1.51599214001368,258,FALSE,"association-level pathway result; not causal or cell-intrinsic evidence","raw_cel_rma_tier_specific_enrichment"
"adjacent_vs_healthy_u1","adjacent_vs_healthy_u1","ranked","full_rank_covariate_adjusted","ranked_GSEA","GO","Biological Process","GO:0110020","regulation of actomyosin structure organization",NA,NA,0.000328320822345022,0.00284342847000927,0.00197279056988186,NA,NA,0.392420755259648,1.7355145471165,98,FALSE,"association-level pathway result; not causal or cell-intrinsic evidence","raw_cel_rma_tier_specific_enrichment"
"adjacent_vs_healthy_u1","adjacent_vs_healthy_u1","ranked","full_rank_covariate_adjusted","ranked_GSEA","GO","Biological Process","GO:0044843","cell cycle G1/S phase transition",NA,NA,0.000328459460861773,0.00284342847000927,0.00197279056988186,NA,NA,0.305236343629296,1.53506993875175,235,FALSE,"association-level pathway result; not causal or cell-intrinsic evidence","raw_cel_rma_tier_specific_enrichment"
"adjacent_vs_healthy_u1","adjacent_vs_healthy_u1","ranked","full_rank_covariate_adjusted","ranked_GSEA","GO","Biological Process","GO:0071706","tumor necrosis factor superfamily cytokine production",NA,NA,0.000339771098740359,0.00293313570015944,0.00203503007390212,NA,NA,0.334406112294144,1.58674840222186,164,FALSE,"association-level pathway result; not causal or cell-intrinsic evidence","raw_cel_rma_tier_specific_enrichment"
"adjacent_vs_healthy_u1","adjacent_vs_healthy_u1","ranked","full_rank_covariate_adjusted","ranked_GSEA","GO","Biological Process","GO:1903555","regulation of tumor necrosis factor superfamily cytokine production",NA,NA,0.000339771098740359,0.00293313570015944,0.00203503007390212,NA,NA,0.334406112294144,1.58674840222186,164,FALSE,"association-level pathway result; not causal or cell-intrinsic evidence","raw_cel_rma_tier_specific_enrichment"
"adjacent_vs_healthy_u1","adjacent_vs_healthy_u1","ranked","full_rank_covariate_adjusted","ranked_GSEA","GO","Biological Process","GO:0046545","development of primary female sexual characteristics",NA,NA,0.000341408881556326,0.00294316359400231,0.00204198749682225,NA,NA,0.38235572125913,1.7044868006107,108,FALSE,"association-level pathway result; not causal or cell-intrinsic evidence","raw_cel_rma_tier_specific_enrichment"
"adjacent_vs_healthy_u1","adjacent_vs_healthy_u1","ranked","full_rank_covariate_adjusted","ranked_GSEA","GO","Biological Process","GO:0003230","cardiac atrium development",NA,NA,0.000343608501090812,0.00295800020228734,0.00205228123947217,NA,NA,0.537318778962285,1.96943073924514,37,FALSE,"association-level pathway result; not causal or cell-intrinsic evidence","raw_cel_rma_tier_specific_enrichment"
"adjacent_vs_healthy_u1","adjacent_vs_healthy_u1","ranked","full_rank_covariate_adjusted","ranked_GSEA","GO","Biological Process","GO:0010596","negative regulation of endothelial cell migration",NA,NA,0.000346566647764766,0.00297931634191102,0.0020670705263065,NA,NA,0.476467448520933,1.88733506535557,53,FALSE,"association-level pathway result; not causal or cell-intrinsic evidence","raw_cel_rma_tier_specific_enrichment"
"adjacent_vs_healthy_u1","adjacent_vs_healthy_u1","ranked","full_rank_covariate_adjusted","ranked_GSEA","GO","Biological Process","GO:0032836","glomerular basement membrane development",NA,NA,0.000352981860845508,0.00303025122484178,0.00210240950450965,NA,NA,0.767827781622335,2.05352928631942,11,FALSE,"association-level pathway result; not causal or cell-intrinsic evidence","raw_cel_rma_tier_specific_enrichment"
"adjacent_vs_healthy_u1","adjacent_vs_healthy_u1","ranked","full_rank_covariate_adjusted","ranked_GSEA","GO","Biological Process","GO:0048644","muscle organ morphogenesis",NA,NA,0.000353820696482617,0.00303323956305001,0.00210448283446994,NA,NA,0.427396346948122,1.80200569283197,77,FALSE,"association-level pathway result; not causal or cell-intrinsic evidence","raw_cel_rma_tier_specific_enrichment"
"adjacent_vs_healthy_u1","adjacent_vs_healthy_u1","ranked","full_rank_covariate_adjusted","ranked_GSEA","GO","Biological Process","GO:0045744","negative regulation of G protein-coupled receptor signaling pathway",NA,NA,0.000359444074711735,0.00307033130912703,0.00213021734745417,NA,NA,0.447715524017408,1.85985360562616,62,FALSE,"association-level pathway result; not causal or cell-intrinsic evidence","raw_cel_rma_tier_specific_enrichment"
"adjacent_vs_healthy_u1","adjacent_vs_healthy_u1","ranked","full_rank_covariate_adjusted","ranked_GSEA","GO","Biological Process","GO:0048709","oligodendrocyte differentiation",NA,NA,0.000359186721773007,0.00307033130912703,0.00213021734745417,NA,NA,0.379292885516683,1.69590426146254,107,FALSE,"association-level pathway result; not causal or cell-intrinsic evidence","raw_cel_rma_tier_specific_enrichment"
"adjacent_vs_healthy_u1","adjacent_vs_healthy_u1","ranked","full_rank_covariate_adjusted","ranked_GSEA","GO","Biological Process","GO:0021537","telencephalon development",NA,NA,0.000359637577707163,0.00307033130912703,0.00213021734745417,NA,NA,0.295461600018871,1.51407864347338,274,FALSE,"association-level pathway result; not causal or cell-intrinsic evidence","raw_cel_rma_tier_specific_enrichment"
"adjacent_vs_healthy_u1","adjacent_vs_healthy_u1","ranked","full_rank_covariate_adjusted","ranked_GSEA","GO","Biological Process","GO:0014002","astrocyte development",NA,NA,0.000361853648682415,0.00308498952069794,0.00214038731721547,NA,NA,0.52730166106913,1.93572173874748,38,FALSE,"association-level pathway result; not causal or cell-intrinsic evidence","raw_cel_rma_tier_specific_enrichment"
"adjacent_vs_healthy_u1","adjacent_vs_healthy_u1","ranked","full_rank_covariate_adjusted","ranked_GSEA","GO","Biological Process","GO:0072010","glomerular epithelium development",NA,NA,0.000362799583640097,0.0030887937003849,0.0021430266837027,NA,NA,0.594470866519713,2.03945235313739,28,FALSE,"association-level pathway result; not causal or cell-intrinsic evidence","raw_cel_rma_tier_specific_enrichment"
"adjacent_vs_healthy_u1","adjacent_vs_healthy_u1","ranked","full_rank_covariate_adjusted","ranked_GSEA","GO","Biological Process","GO:0010172","embryonic body morphogenesis",NA,NA,0.000363440394125894,0.00308999322708686,0.00214385892372242,NA,NA,0.767396496381856,2.05237582861278,11,FALSE,"association-level pathway result; not causal or cell-intrinsic evidence","raw_cel_rma_tier_specific_enrichment"
"adjacent_vs_healthy_u1","adjacent_vs_healthy_u1","ranked","full_rank_covariate_adjusted","ranked_GSEA","GO","Biological Process","GO:0035994","response to muscle stretch",NA,NA,0.000364350800550822,0.00309347843159977,0.00214627698300181,NA,NA,0.610552247814319,2.02161658433984,24,FALSE,"association-level pathway result; not causal or cell-intrinsic evidence","raw_cel_rma_tier_specific_enrichment"
"adjacent_vs_healthy_u1","adjacent_vs_healthy_u1","ranked","full_rank_covariate_adjusted","ranked_GSEA","GO","Biological Process","GO:0006104","succinyl-CoA metabolic process",NA,NA,0.000365467570768256,0.00309870377903785,0.00214990236561963,NA,NA,-0.773188800673401,-1.9091573568607,10,FALSE,"association-level pathway result; not causal or cell-intrinsic evidence","raw_cel_rma_tier_specific_enrichment"
"adjacent_vs_healthy_u1","adjacent_vs_healthy_u1","ranked","full_rank_covariate_adjusted","ranked_GSEA","GO","Biological Process","GO:0006783","heme biosynthetic process",NA,NA,0.000369414612517653,0.00312787906845426,0.00217014438557595,NA,NA,-0.576431408776449,-1.88609878508007,30,FALSE,"association-level pathway result; not causal or cell-intrinsic evidence","raw_cel_rma_tier_specific_enrichment"
"adjacent_vs_healthy_u1","adjacent_vs_healthy_u1","ranked","full_rank_covariate_adjusted","ranked_GSEA","GO","Biological Process","GO:0060841","venous blood vessel development",NA,NA,0.000371034914163684,0.00313301476017176,0.00217370756442745,NA,NA,0.69022688068705,2.01442604731404,16,FALSE,"association-level pathway result; not causal or cell-intrinsic evidence","raw_cel_rma_tier_specific_enrichment"
"adjacent_vs_healthy_u1","adjacent_vs_healthy_u1","ranked","full_rank_covariate_adjusted","ranked_GSEA","GO","Biological Process","GO:0022409","positive regulation of cell-cell adhesion",NA,NA,0.000370635465740127,0.00313301476017176,0.00217370756442745,NA,NA,0.283673615935913,1.46847405355846,327,FALSE,"association-level pathway result; not causal or cell-intrinsic evidence","raw_cel_rma_tier_specific_enrichment"
"adjacent_vs_healthy_u1","adjacent_vs_healthy_u1","ranked","full_rank_covariate_adjusted","ranked_GSEA","GO","Biological Process","GO:0022407","regulation of cell-cell adhesion",NA,NA,0.000372443744391592,0.00314062044213429,0.00217898443979514,NA,NA,0.257749858680284,1.39708248556658,489,FALSE,"association-level pathway result; not causal or cell-intrinsic evidence","raw_cel_rma_tier_specific_enrichment"
"adjacent_vs_healthy_u1","adjacent_vs_healthy_u1","ranked","full_rank_covariate_adjusted","ranked_GSEA","GO","Biological Process","GO:0016339","calcium-dependent cell-cell adhesion via plasma membrane cell adhesion molecules",NA,NA,0.00037311857755403,0.00314202442487937,0.0021799585328483,NA,NA,0.500388047588206,1.9016272006423,46,FALSE,"association-level pathway result; not causal or cell-intrinsic evidence","raw_cel_rma_tier_specific_enrichment"
"adjacent_vs_healthy_u1","adjacent_vs_healthy_u1","ranked","full_rank_covariate_adjusted","ranked_GSEA","GO","Biological Process","GO:0071625","vocalization behavior",NA,NA,0.000376370640384739,0.00316509786152119,0.00219596704465081,NA,NA,0.664629233530912,2.03393332379703,19,FALSE,"association-level pathway result; not causal or cell-intrinsic evidence","raw_cel_rma_tier_specific_enrichment"
"adjacent_vs_healthy_u1","adjacent_vs_healthy_u1","ranked","full_rank_covariate_adjusted","ranked_GSEA","GO","Biological Process","GO:0045600","positive regulation of fat cell differentiation",NA,NA,0.000382335930683306,0.00321089454830641,0.00222774110641274,NA,NA,0.43726985088215,1.81204644694634,65,FALSE,"association-level pathway result; not causal or cell-intrinsic evidence","raw_cel_rma_tier_specific_enrichment"
"adjacent_vs_healthy_u1","adjacent_vs_healthy_u1","ranked","full_rank_covariate_adjusted","ranked_GSEA","GO","Biological Process","GO:0060379","cardiac muscle cell myoblast differentiation",NA,NA,0.000385245137456769,0.0032309364920221,0.00224164634720971,NA,NA,0.759051569928995,2.09371374014239,12,FALSE,"association-level pathway result; not causal or cell-intrinsic evidence","raw_cel_rma_tier_specific_enrichment"
"adjacent_vs_healthy_u1","adjacent_vs_healthy_u1","ranked","full_rank_covariate_adjusted","ranked_GSEA","GO","Biological Process","GO:0017062","respiratory chain complex III assembly",NA,NA,0.000390819693932337,0.00326300616962735,0.00226389651394542,NA,NA,-0.727783907026033,-1.93591866894246,13,FALSE,"association-level pathway result; not causal or cell-intrinsic evidence","raw_cel_rma_tier_specific_enrichment"
"adjacent_vs_healthy_u1","adjacent_vs_healthy_u1","ranked","full_rank_covariate_adjusted","ranked_GSEA","GO","Biological Process","GO:0034551","mitochondrial respiratory chain complex III assembly",NA,NA,0.000390819693932337,0.00326300616962735,0.00226389651394542,NA,NA,-0.727783907026033,-1.93591866894246,13,FALSE,"association-level pathway result; not causal or cell-intrinsic evidence","raw_cel_rma_tier_specific_enrichment"
"adjacent_vs_healthy_u1","adjacent_vs_healthy_u1","ranked","full_rank_covariate_adjusted","ranked_GSEA","GO","Biological Process","GO:0030239","myofibril assembly",NA,NA,0.000390762066896712,0.00326300616962735,0.00226389651394542,NA,NA,0.430410500510574,1.82086871668525,72,FALSE,"association-level pathway result; not causal or cell-intrinsic evidence","raw_cel_rma_tier_specific_enrichment"
"adjacent_vs_healthy_u1","adjacent_vs_healthy_u1","ranked","full_rank_covariate_adjusted","ranked_GSEA","GO","Biological Process","GO:0099173","postsynapse organization",NA,NA,0.000391180645800657,0.00326300616962735,0.00226389651394542,NA,NA,0.312066328412946,1.56813515096913,231,FALSE,"association-level pathway result; not causal or cell-intrinsic evidence","raw_cel_rma_tier_specific_enrichment"
"adjacent_vs_healthy_u1","adjacent_vs_healthy_u1","ranked","full_rank_covariate_adjusted","ranked_GSEA","GO","Biological Process","GO:0044403","biological process involved in symbiotic interaction",NA,NA,0.000396995850380692,0.0033070503385486,0.00229445466654978,NA,NA,0.318670671423094,1.5621730898965,201,FALSE,"association-level pathway result; not causal or cell-intrinsic evidence","raw_cel_rma_tier_specific_enrichment"
"adjacent_vs_healthy_u1","adjacent_vs_healthy_u1","ranked","full_rank_covariate_adjusted","ranked_GSEA","GO","Biological Process","GO:0042158","lipoprotein biosynthetic process",NA,NA,0.00040162028883114,0.00334106999362756,0.00231805774130207,NA,NA,-0.489681455914395,-1.84612771616395,58,FALSE,"association-level pathway result; not causal or cell-intrinsic evidence","raw_cel_rma_tier_specific_enrichment"
"adjacent_vs_healthy_u1","adjacent_vs_healthy_u1","ranked","full_rank_covariate_adjusted","ranked_GSEA","GO","Biological Process","GO:0010631","epithelial cell migration",NA,NA,0.000408260986789064,0.00339174887008495,0.00235321910042253,NA,NA,0.395424376674157,1.72751505000384,93,FALSE,"association-level pathway result; not causal or cell-intrinsic evidence","raw_cel_rma_tier_specific_enrichment"
"adjacent_vs_healthy_u1","adjacent_vs_healthy_u1","ranked","full_rank_covariate_adjusted","ranked_GSEA","GO","Biological Process","GO:0002689","negative regulation of leukocyte chemotaxis",NA,NA,0.0004118994091217,0.00341738288292782,0.00237100415791142,NA,NA,0.687791665612346,2.0538834834898,17,FALSE,"association-level pathway result; not causal or cell-intrinsic evidence","raw_cel_rma_tier_specific_enrichment"
"adjacent_vs_healthy_u1","adjacent_vs_healthy_u1","ranked","full_rank_covariate_adjusted","ranked_GSEA","GO","Biological Process","GO:0034312","diol biosynthetic process",NA,NA,0.000415029981279592,0.00343874036767984,0.00238582213028511,NA,NA,-0.632196584104081,-1.91669010291927,22,FALSE,"association-level pathway result; not causal or cell-intrinsic evidence","raw_cel_rma_tier_specific_enrichment"
"adjacent_vs_healthy_u1","adjacent_vs_healthy_u1","ranked","full_rank_covariate_adjusted","ranked_GSEA","GO","Biological Process","GO:0007405","neuroblast proliferation",NA,NA,0.000415770321747329,0.0034402628630793,0.00238687844824719,NA,NA,0.421120446977502,1.77059692106706,71,FALSE,"association-level pathway result; not causal or cell-intrinsic evidence","raw_cel_rma_tier_specific_enrichment"
"adjacent_vs_healthy_u1","adjacent_vs_healthy_u1","ranked","full_rank_covariate_adjusted","ranked_GSEA","GO","Biological Process","GO:0051336","regulation of hydrolase activity",NA,NA,0.000417086648833813,0.00344654087759599,0.00239123417865037,NA,NA,0.285367085846792,1.46679464619155,308,FALSE,"association-level pathway result; not causal or cell-intrinsic evidence","raw_cel_rma_tier_specific_enrichment"
"adjacent_vs_healthy_u1","adjacent_vs_healthy_u1","ranked","full_rank_covariate_adjusted","ranked_GSEA","GO","Biological Process","GO:0008347","glial cell migration",NA,NA,0.00041776144550934,0.00344750800359577,0.00239190517743666,NA,NA,0.453124103115618,1.84813852118179,59,FALSE,"association-level pathway result; not causal or cell-intrinsic evidence","raw_cel_rma_tier_specific_enrichment"
"adjacent_vs_healthy_u1","adjacent_vs_healthy_u1","ranked","full_rank_covariate_adjusted","ranked_GSEA","GO","Biological Process","GO:0045670","regulation of osteoclast differentiation",NA,NA,0.000422022390101792,0.0034780271909589,0.00241307960319256,NA,NA,0.420943940465543,1.76985480111334,71,FALSE,"association-level pathway result; not causal or cell-intrinsic evidence","raw_cel_rma_tier_specific_enrichment"
"adjacent_vs_healthy_u1","adjacent_vs_healthy_u1","ranked","full_rank_covariate_adjusted","ranked_GSEA","GO","Biological Process","GO:0000380","alternative mRNA splicing, via spliceosome",NA,NA,0.000423606618622843,0.00348643476658827,0.00241891283799771,NA,NA,0.446475713768819,1.86637638582239,67,FALSE,"association-level pathway result; not causal or cell-intrinsic evidence","raw_cel_rma_tier_specific_enrichment"
"adjacent_vs_healthy_u1","adjacent_vs_healthy_u1","ranked","full_rank_covariate_adjusted","ranked_GSEA","GO","Biological Process","GO:0051098","regulation of binding",NA,NA,0.00043043146250747,0.00353789477361526,0.00245461615097345,NA,NA,0.317320255093203,1.54336934694176,196,FALSE,"association-level pathway result; not causal or cell-intrinsic evidence","raw_cel_rma_tier_specific_enrichment"
"adjacent_vs_healthy_u1","adjacent_vs_healthy_u1","ranked","full_rank_covariate_adjusted","ranked_GSEA","GO","Biological Process","GO:0048332","mesoderm morphogenesis",NA,NA,0.000436695587175796,0.00358461543736201,0.00248703127441699,NA,NA,0.426013738737961,1.7894711240372,73,FALSE,"association-level pathway result; not causal or cell-intrinsic evidence","raw_cel_rma_tier_specific_enrichment"
"adjacent_vs_healthy_u1","adjacent_vs_healthy_u1","ranked","full_rank_covariate_adjusted","ranked_GSEA","GO","Biological Process","GO:0110011","regulation of basement membrane organization",NA,NA,0.000441011878379664,0.00360091733192167,0.00249834164293784,NA,NA,0.790059205137124,2.04681145348196,10,FALSE,"association-level pathway result; not causal or cell-intrinsic evidence","raw_cel_rma_tier_specific_enrichment"
"adjacent_vs_healthy_u1","adjacent_vs_healthy_u1","ranked","full_rank_covariate_adjusted","ranked_GSEA","GO","Biological Process","GO:0001707","mesoderm formation",NA,NA,0.000440778605041535,0.00360091733192167,0.00249834164293784,NA,NA,0.420201764612085,1.76673432978392,71,FALSE,"association-level pathway result; not causal or cell-intrinsic evidence","raw_cel_rma_tier_specific_enrichment"
"adjacent_vs_healthy_u1","adjacent_vs_healthy_u1","ranked","full_rank_covariate_adjusted","ranked_GSEA","GO","Biological Process","GO:0120193","tight junction organization",NA,NA,0.000440595338130273,0.00360091733192167,0.00249834164293784,NA,NA,0.409735939844817,1.75104538683339,82,FALSE,"association-level pathway result; not causal or cell-intrinsic evidence","raw_cel_rma_tier_specific_enrichment"
"adjacent_vs_healthy_u1","adjacent_vs_healthy_u1","ranked","full_rank_covariate_adjusted","ranked_GSEA","GO","Biological Process","GO:0042475","odontogenesis of dentin-containing tooth",NA,NA,0.0004404068811178,0.00360091733192167,0.00249834164293784,NA,NA,0.394823501752024,1.72488997038713,93,FALSE,"association-level pathway result; not causal or cell-intrinsic evidence","raw_cel_rma_tier_specific_enrichment"
"adjacent_vs_healthy_u1","adjacent_vs_healthy_u1","ranked","full_rank_covariate_adjusted","ranked_GSEA","GO","Biological Process","GO:0010573","vascular endothelial growth factor production",NA,NA,0.000441780304581948,0.00360243280029158,0.00249939308549765,NA,NA,0.535461811909195,1.96262441097352,37,FALSE,"association-level pathway result; not causal or cell-intrinsic evidence","raw_cel_rma_tier_specific_enrichment"
"adjacent_vs_healthy_u1","adjacent_vs_healthy_u1","ranked","full_rank_covariate_adjusted","ranked_GSEA","GO","Biological Process","GO:0055021","regulation of cardiac muscle tissue growth",NA,NA,0.00045088173100802,0.00366697365705338,0.00254417198355495,NA,NA,0.487611163910644,1.93257385935863,52,FALSE,"association-level pathway result; not causal or cell-intrinsic evidence","raw_cel_rma_tier_specific_enrichment"
"adjacent_vs_healthy_u1","adjacent_vs_healthy_u1","ranked","full_rank_covariate_adjusted","ranked_GSEA","GO","Biological Process","GO:0043405","regulation of MAP kinase activity",NA,NA,0.000450755935414628,0.00366697365705338,0.00254417198355495,NA,NA,0.376430837091153,1.6765700512999,105,FALSE,"association-level pathway result; not causal or cell-intrinsic evidence","raw_cel_rma_tier_specific_enrichment"
"adjacent_vs_healthy_u1","adjacent_vs_healthy_u1","ranked","full_rank_covariate_adjusted","ranked_GSEA","GO","Biological Process","GO:0072163","mesonephric epithelium development",NA,NA,0.000463364290329947,0.0037586019403273,0.00260774432767538,NA,NA,0.383635368971912,1.70163387784839,99,FALSE,"association-level pathway result; not causal or cell-intrinsic evidence","raw_cel_rma_tier_specific_enrichment"
"adjacent_vs_healthy_u1","adjacent_vs_healthy_u1","ranked","full_rank_covariate_adjusted","ranked_GSEA","GO","Biological Process","GO:0072164","mesonephric tubule development",NA,NA,0.000463364290329947,0.0037586019403273,0.00260774432767538,NA,NA,0.383635368971912,1.70163387784839,99,FALSE,"association-level pathway result; not causal or cell-intrinsic evidence","raw_cel_rma_tier_specific_enrichment"
"adjacent_vs_healthy_u1","adjacent_vs_healthy_u1","ranked","full_rank_covariate_adjusted","ranked_GSEA","GO","Biological Process","GO:0051028","mRNA transport",NA,NA,0.000465786912198367,0.00377330131624916,0.00261794285755142,NA,NA,0.355676425745008,1.62124002803504,121,FALSE,"association-level pathway result; not causal or cell-intrinsic evidence","raw_cel_rma_tier_specific_enrichment"
"adjacent_vs_healthy_u1","adjacent_vs_healthy_u1","ranked","full_rank_covariate_adjusted","ranked_GSEA","GO","Biological Process","GO:1901653","cellular response to peptide",NA,NA,0.000477657615748279,0.00386440016091637,0.00268114787346168,NA,NA,0.736617539987536,2.06717722494005,13,FALSE,"association-level pathway result; not causal or cell-intrinsic evidence","raw_cel_rma_tier_specific_enrichment"
"adjacent_vs_healthy_u1","adjacent_vs_healthy_u1","ranked","full_rank_covariate_adjusted","ranked_GSEA","GO","Biological Process","GO:1901329","regulation of odontoblast differentiation",NA,NA,0.000478484528179696,0.00386602989369765,0.00268227859346967,NA,NA,0.76032199232262,2.03345530812689,11,FALSE,"association-level pathway result; not causal or cell-intrinsic evidence","raw_cel_rma_tier_specific_enrichment"
"adjacent_vs_healthy_u1","adjacent_vs_healthy_u1","ranked","full_rank_covariate_adjusted","ranked_GSEA","GO","Biological Process","GO:0042176","regulation of protein catabolic process",NA,NA,0.000480387094455132,0.00387633502718951,0.0026894283671983,NA,NA,0.274350694613008,1.43913389018534,354,FALSE,"association-level pathway result; not causal or cell-intrinsic evidence","raw_cel_rma_tier_specific_enrichment"
"adjacent_vs_healthy_u1","adjacent_vs_healthy_u1","ranked","full_rank_covariate_adjusted","ranked_GSEA","GO","Biological Process","GO:0006086","pyruvate decarboxylation to acetyl-CoA",NA,NA,0.00048157800341934,0.00388087827788128,0.00269258050632044,NA,NA,-0.716748898729153,-1.96349191898142,14,FALSE,"association-level pathway result; not causal or cell-intrinsic evidence","raw_cel_rma_tier_specific_enrichment"
"adjacent_vs_healthy_u1","adjacent_vs_healthy_u1","ranked","full_rank_covariate_adjusted","ranked_GSEA","GO","Biological Process","GO:0045732","positive regulation of protein catabolic process",NA,NA,0.00048633019340449,0.00391407151749109,0.00271561020823724,NA,NA,0.314973554278204,1.54809904558337,203,FALSE,"association-level pathway result; not causal or cell-intrinsic evidence","raw_cel_rma_tier_specific_enrichment"
"adjacent_vs_healthy_u1","adjacent_vs_healthy_u1","ranked","full_rank_covariate_adjusted","ranked_GSEA","GO","Biological Process","GO:0060135","maternal process involved in female pregnancy",NA,NA,0.000488868671203647,0.00392938524929745,0.00272623498252503,NA,NA,0.462763578964643,1.87701353883275,58,FALSE,"association-level pathway result; not causal or cell-intrinsic evidence","raw_cel_rma_tier_specific_enrichment"
"adjacent_vs_healthy_u1","adjacent_vs_healthy_u1","ranked","full_rank_covariate_adjusted","ranked_GSEA","GO","Biological Process","GO:0060038","cardiac muscle cell proliferation",NA,NA,0.000491934024619308,0.00394888857944408,0.00273976652945873,NA,NA,0.492280966931842,1.91332571242788,48,FALSE,"association-level pathway result; not causal or cell-intrinsic evidence","raw_cel_rma_tier_specific_enrichment"
"adjacent_vs_healthy_u1","adjacent_vs_healthy_u1","ranked","full_rank_covariate_adjusted","ranked_GSEA","GO","Biological Process","GO:0071481","cellular response to X-ray",NA,NA,0.000492591657850445,0.00394903895872062,0.0027398708636531,NA,NA,0.787723259588728,2.04075970435724,10,FALSE,"association-level pathway result; not causal or cell-intrinsic evidence","raw_cel_rma_tier_specific_enrichment"
"adjacent_vs_healthy_u1","adjacent_vs_healthy_u1","ranked","full_rank_covariate_adjusted","ranked_GSEA","GO","Biological Process","GO:0006505","GPI anchor metabolic process",NA,NA,0.000496150084537718,0.00395703699680985,0.00274541995844708,NA,NA,-0.576277817146268,-1.88818528686365,31,FALSE,"association-level pathway result; not causal or cell-intrinsic evidence","raw_cel_rma_tier_specific_enrichment"
"adjacent_vs_healthy_u1","adjacent_vs_healthy_u1","ranked","full_rank_covariate_adjusted","ranked_GSEA","GO","Biological Process","GO:0006506","GPI anchor biosynthetic process",NA,NA,0.000496150084537718,0.00395703699680985,0.00274541995844708,NA,NA,-0.576277817146268,-1.88818528686365,31,FALSE,"association-level pathway result; not causal or cell-intrinsic evidence","raw_cel_rma_tier_specific_enrichment"
"adjacent_vs_healthy_u1","adjacent_vs_healthy_u1","ranked","full_rank_covariate_adjusted","ranked_GSEA","GO","Biological Process","GO:0180046","GPI anchored protein biosynthesis",NA,NA,0.000496150084537718,0.00395703699680985,0.00274541995844708,NA,NA,-0.576277817146268,-1.88818528686365,31,FALSE,"association-level pathway result; not causal or cell-intrinsic evidence","raw_cel_rma_tier_specific_enrichment"
"adjacent_vs_healthy_u1","adjacent_vs_healthy_u1","ranked","full_rank_covariate_adjusted","ranked_GSEA","GO","Biological Process","GO:0045860","positive regulation of protein kinase activity",NA,NA,0.000495364190805193,0.00395703699680985,0.00274541995844708,NA,NA,0.313788010850875,1.53823752996889,201,FALSE,"association-level pathway result; not causal or cell-intrinsic evidence","raw_cel_rma_tier_specific_enrichment"
"adjacent_vs_healthy_u1","adjacent_vs_healthy_u1","ranked","full_rank_covariate_adjusted","ranked_GSEA","GO","Biological Process","GO:0001656","metanephros development",NA,NA,0.000504698787433618,0.00402002990351442,0.00278912487792262,NA,NA,0.393021009173738,1.71701530903545,93,FALSE,"association-level pathway result; not causal or cell-intrinsic evidence","raw_cel_rma_tier_specific_enrichment"
"adjacent_vs_healthy_u1","adjacent_vs_healthy_u1","ranked","full_rank_covariate_adjusted","ranked_GSEA","GO","Biological Process","GO:0071676","negative regulation of mononuclear cell migration",NA,NA,0.000510927300427263,0.00406440366015562,0.00281991170079343,NA,NA,0.572639941563266,1.97399233466455,29,FALSE,"association-level pathway result; not causal or cell-intrinsic evidence","raw_cel_rma_tier_specific_enrichment"
"adjacent_vs_healthy_u1","adjacent_vs_healthy_u1","ranked","full_rank_covariate_adjusted","ranked_GSEA","GO","Biological Process","GO:0051346","negative regulation of hydrolase activity",NA,NA,0.000516668137588994,0.00410478889259328,0.00284793125766143,NA,NA,0.413818950005407,1.77592944926385,84,FALSE,"association-level pathway result; not causal or cell-intrinsic evidence","raw_cel_rma_tier_specific_enrichment"
"adjacent_vs_healthy_u1","adjacent_vs_healthy_u1","ranked","full_rank_covariate_adjusted","ranked_GSEA","GO","Biological Process","GO:0045454","cell redox homeostasis",NA,NA,0.000523142044777708,0.00415088700740823,0.00287991445229969,NA,NA,-0.53664799269312,-1.85228551899847,39,FALSE,"association-level pathway result; not causal or cell-intrinsic evidence","raw_cel_rma_tier_specific_enrichment"
"adjacent_vs_healthy_u1","adjacent_vs_healthy_u1","ranked","full_rank_covariate_adjusted","ranked_GSEA","GO","Biological Process","GO:0007097","nuclear migration",NA,NA,0.00052646596411275,0.00417102737122466,0.00289388797765125,NA,NA,0.586388054869658,2.0117226355548,28,FALSE,"association-level pathway result; not causal or cell-intrinsic evidence","raw_cel_rma_tier_specific_enrichment"
"adjacent_vs_healthy_u1","adjacent_vs_healthy_u1","ranked","full_rank_covariate_adjusted","ranked_GSEA","GO","Biological Process","GO:0031349","positive regulation of defense response",NA,NA,0.000527029991413438,0.00417102737122466,0.00289388797765125,NA,NA,0.249664849364584,1.35699954030671,495,FALSE,"association-level pathway result; not causal or cell-intrinsic evidence","raw_cel_rma_tier_specific_enrichment"
"adjacent_vs_healthy_u1","adjacent_vs_healthy_u1","ranked","full_rank_covariate_adjusted","ranked_GSEA","GO","Biological Process","GO:0043367","CD4-positive, alpha-beta T cell differentiation",NA,NA,0.000531922446224423,0.00420436398991452,0.00291701715697711,NA,NA,0.39210257636097,1.73764530223577,102,FALSE,"association-level pathway result; not causal or cell-intrinsic evidence","raw_cel_rma_tier_specific_enrichment"
"adjacent_vs_healthy_u1","adjacent_vs_healthy_u1","ranked","full_rank_covariate_adjusted","ranked_GSEA","GO","Biological Process","GO:0034762","regulation of transmembrane transport",NA,NA,0.000534270959299155,0.00421753358803075,0.00292615431630673,NA,NA,0.268698615746941,1.43195434752563,426,FALSE,"association-level pathway result; not causal or cell-intrinsic evidence","raw_cel_rma_tier_specific_enrichment"
"adjacent_vs_healthy_u1","adjacent_vs_healthy_u1","ranked","full_rank_covariate_adjusted","ranked_GSEA","GO","Biological Process","GO:0070935","3'-UTR-mediated mRNA stabilization",NA,NA,0.000542351355142338,0.00427585934455969,0.00296662113433121,NA,NA,0.600418903795044,1.98806378620091,24,FALSE,"association-level pathway result; not causal or cell-intrinsic evidence","raw_cel_rma_tier_specific_enrichment"
"adjacent_vs_healthy_u1","adjacent_vs_healthy_u1","ranked","full_rank_covariate_adjusted","ranked_GSEA","GO","Biological Process","GO:0051156","glucose 6-phosphate metabolic process",NA,NA,0.000543578198395289,0.00428007241309717,0.00296954419076421,NA,NA,-0.578319098934879,-1.87443130842105,29,FALSE,"association-level pathway result; not causal or cell-intrinsic evidence","raw_cel_rma_tier_specific_enrichment"
"adjacent_vs_healthy_u1","adjacent_vs_healthy_u1","ranked","full_rank_covariate_adjusted","ranked_GSEA","GO","Biological Process","GO:1902692","regulation of neuroblast proliferation",NA,NA,0.000547285434957574,0.00430378024614855,0.00298599285123497,NA,NA,0.506866709804777,1.88833121012264,43,FALSE,"association-level pathway result; not causal or cell-intrinsic evidence","raw_cel_rma_tier_specific_enrichment"
"adjacent_vs_healthy_u1","adjacent_vs_healthy_u1","ranked","full_rank_covariate_adjusted","ranked_GSEA","GO","Biological Process","GO:0035710","CD4-positive, alpha-beta T cell activation",NA,NA,0.000549703191181451,0.00431730041256994,0.00299537323730787,NA,NA,0.356491213180649,1.63077893293665,126,FALSE,"association-level pathway result; not causal or cell-intrinsic evidence","raw_cel_rma_tier_specific_enrichment"
"adjacent_vs_healthy_u1","adjacent_vs_healthy_u1","ranked","full_rank_covariate_adjusted","ranked_GSEA","GO","Biological Process","GO:0006417","regulation of translation",NA,NA,0.000550531830094987,0.00431832137286436,0.00299608158670448,NA,NA,0.27352755593224,1.43190908276557,345,FALSE,"association-level pathway result; not causal or cell-intrinsic evidence","raw_cel_rma_tier_specific_enrichment"
"adjacent_vs_healthy_u1","adjacent_vs_healthy_u1","ranked","full_rank_covariate_adjusted","ranked_GSEA","GO","Biological Process","GO:0010955","negative regulation of protein processing",NA,NA,0.000553055154219454,0.00433261585327053,0.00300599919723842,NA,NA,0.632794419516342,1.97234345773234,21,FALSE,"association-level pathway result; not causal or cell-intrinsic evidence","raw_cel_rma_tier_specific_enrichment"
"adjacent_vs_healthy_u1","adjacent_vs_healthy_u1","ranked","full_rank_covariate_adjusted","ranked_GSEA","GO","Biological Process","GO:0090132","epithelium migration",NA,NA,0.000554704594868773,0.00434003683656188,0.00301114792737559,NA,NA,0.391271782964669,1.72269753461523,96,FALSE,"association-level pathway result; not causal or cell-intrinsic evidence","raw_cel_rma_tier_specific_enrichment"
"adjacent_vs_healthy_u1","adjacent_vs_healthy_u1","ranked","full_rank_covariate_adjusted","ranked_GSEA","GO","Biological Process","GO:0051894","positive regulation of focal adhesion assembly",NA,NA,0.000558956379105003,0.00436777418362582,0.0030303922928655,NA,NA,0.59577832520527,1.98331795469249,25,FALSE,"association-level pathway result; not causal or cell-intrinsic evidence","raw_cel_rma_tier_specific_enrichment"
"adjacent_vs_healthy_u1","adjacent_vs_healthy_u1","ranked","full_rank_covariate_adjusted","ranked_GSEA","GO","Biological Process","GO:0051918","negative regulation of fibrinolysis",NA,NA,0.000563606387449328,0.00439854934447512,0.00305174431481733,NA,NA,0.744919517744219,2.05473289482454,12,FALSE,"association-level pathway result; not causal or cell-intrinsic evidence","raw_cel_rma_tier_specific_enrichment"
"adjacent_vs_healthy_u1","adjacent_vs_healthy_u1","ranked","full_rank_covariate_adjusted","ranked_GSEA","GO","Biological Process","GO:0035794","positive regulation of mitochondrial membrane permeability",NA,NA,0.000572055797192765,0.00445886113801826,0.00309358905921992,NA,NA,-0.526146927299425,-1.81312906443924,38,FALSE,"association-level pathway result; not causal or cell-intrinsic evidence","raw_cel_rma_tier_specific_enrichment"
"adjacent_vs_healthy_u1","adjacent_vs_healthy_u1","ranked","full_rank_covariate_adjusted","ranked_GSEA","GO","Biological Process","GO:0070098","chemokine-mediated signaling pathway",NA,NA,0.000578446476963755,0.00450299455177956,0.00312420913051881,NA,NA,0.405733284087682,1.70895490827317,75,FALSE,"association-level pathway result; not causal or cell-intrinsic evidence","raw_cel_rma_tier_specific_enrichment"
"adjacent_vs_healthy_u1","adjacent_vs_healthy_u1","ranked","full_rank_covariate_adjusted","ranked_GSEA","GO","Biological Process","GO:0035914","skeletal muscle cell differentiation",NA,NA,0.000581373443504595,0.00452008711232944,0.00313606806863651,NA,NA,0.40408493458502,1.71871174190657,79,FALSE,"association-level pathway result; not causal or cell-intrinsic evidence","raw_cel_rma_tier_specific_enrichment"
"adjacent_vs_healthy_u1","adjacent_vs_healthy_u1","ranked","full_rank_covariate_adjusted","ranked_GSEA","GO","Biological Process","GO:0060346","bone trabecula formation",NA,NA,0.000583328004966913,0.00452958592801569,0.00314265841342926,NA,NA,0.754624591051805,2.01821780221012,11,FALSE,"association-level pathway result; not causal or cell-intrinsic evidence","raw_cel_rma_tier_specific_enrichment"
"adjacent_vs_healthy_u1","adjacent_vs_healthy_u1","ranked","full_rank_covariate_adjusted","ranked_GSEA","GO","Biological Process","GO:0050729","positive regulation of inflammatory response",NA,NA,0.000585369638526486,0.00453973618034155,0.00314970072952111,NA,NA,0.342893266843654,1.61405061930684,151,FALSE,"association-level pathway result; not causal or cell-intrinsic evidence","raw_cel_rma_tier_specific_enrichment"
"adjacent_vs_healthy_u1","adjacent_vs_healthy_u1","ranked","full_rank_covariate_adjusted","ranked_GSEA","GO","Biological Process","GO:0033628","regulation of cell adhesion mediated by integrin",NA,NA,0.000602557587410503,0.00466717850599539,0.00323812110685977,NA,NA,0.478273344488885,1.86031877612143,49,FALSE,"association-level pathway result; not causal or cell-intrinsic evidence","raw_cel_rma_tier_specific_enrichment"
"adjacent_vs_healthy_u1","adjacent_vs_healthy_u1","ranked","full_rank_covariate_adjusted","ranked_GSEA","GO","Biological Process","GO:0033629","negative regulation of cell adhesion mediated by integrin",NA,NA,0.000605743998726876,0.004685987053981,0.0032511706090683,NA,NA,0.743133462123216,2.04980636632174,12,FALSE,"association-level pathway result; not causal or cell-intrinsic evidence","raw_cel_rma_tier_specific_enrichment"
"adjacent_vs_healthy_u1","adjacent_vs_healthy_u1","ranked","full_rank_covariate_adjusted","ranked_GSEA","GO","Biological Process","GO:0016358","dendrite development",NA,NA,0.000610205114739157,0.00471459726775341,0.00327102057558859,NA,NA,0.302832857654824,1.52092264612426,233,FALSE,"association-level pathway result; not causal or cell-intrinsic evidence","raw_cel_rma_tier_specific_enrichment"
"adjacent_vs_healthy_u1","adjacent_vs_healthy_u1","ranked","full_rank_covariate_adjusted","ranked_GSEA","GO","Biological Process","GO:0008038","neuron recognition",NA,NA,0.000612652665390894,0.00472263671676408,0.00327659840156964,NA,NA,0.486448932144916,1.89065861200524,48,FALSE,"association-level pathway result; not causal or cell-intrinsic evidence","raw_cel_rma_tier_specific_enrichment"
"adjacent_vs_healthy_u1","adjacent_vs_healthy_u1","ranked","full_rank_covariate_adjusted","ranked_GSEA","GO","Biological Process","GO:0002687","positive regulation of leukocyte migration",NA,NA,0.000612773765870376,0.00472263671676408,0.00327659840156964,NA,NA,0.341265187424781,1.60758822559784,149,FALSE,"association-level pathway result; not causal or cell-intrinsic evidence","raw_cel_rma_tier_specific_enrichment"
"adjacent_vs_healthy_u1","adjacent_vs_healthy_u1","ranked","full_rank_covariate_adjusted","ranked_GSEA","GO","Biological Process","GO:0010763","positive regulation of fibroblast migration",NA,NA,0.000617474034525952,0.0047529352520609,0.00329761973737789,NA,NA,0.717272974537214,2.0125391747202,14,FALSE,"association-level pathway result; not causal or cell-intrinsic evidence","raw_cel_rma_tier_specific_enrichment"
"adjacent_vs_healthy_u1","adjacent_vs_healthy_u1","ranked","full_rank_covariate_adjusted","ranked_GSEA","GO","Biological Process","GO:0008277","regulation of G protein-coupled receptor signaling pathway",NA,NA,0.000619267834616816,0.00476081403702306,0.00330308609351782,NA,NA,0.336660910829509,1.58392820144672,155,FALSE,"association-level pathway result; not causal or cell-intrinsic evidence","raw_cel_rma_tier_specific_enrichment"
"adjacent_vs_healthy_u1","adjacent_vs_healthy_u1","ranked","full_rank_covariate_adjusted","ranked_GSEA","GO","Biological Process","GO:0060337","type I interferon-mediated signaling pathway",NA,NA,0.000624898327615175,0.00479813237638435,0.0033289778185083,NA,NA,0.402113913067184,1.7103283117504,79,FALSE,"association-level pathway result; not causal or cell-intrinsic evidence","raw_cel_rma_tier_specific_enrichment"
"adjacent_vs_healthy_u1","adjacent_vs_healthy_u1","ranked","full_rank_covariate_adjusted","ranked_GSEA","GO","Biological Process","GO:0010737","protein kinase A signaling",NA,NA,0.000626644440979307,0.00480121767488792,0.0033311184202,NA,NA,0.628136150622473,1.94198960677096,20,FALSE,"association-level pathway result; not causal or cell-intrinsic evidence","raw_cel_rma_tier_specific_enrichment"
"adjacent_vs_healthy_u1","adjacent_vs_healthy_u1","ranked","full_rank_covariate_adjusted","ranked_GSEA","GO","Biological Process","GO:0014033","neural crest cell differentiation",NA,NA,0.000626853690929388,0.00480121767488792,0.0033311184202,NA,NA,0.389974640420756,1.70370644853246,93,FALSE,"association-level pathway result; not causal or cell-intrinsic evidence","raw_cel_rma_tier_specific_enrichment"
"adjacent_vs_healthy_u1","adjacent_vs_healthy_u1","ranked","full_rank_covariate_adjusted","ranked_GSEA","GO","Biological Process","GO:0052652","cyclic purine nucleotide metabolic process",NA,NA,0.000627785249460797,0.00480240176598662,0.00333193995089016,NA,NA,0.514026256450282,1.90254752198135,39,FALSE,"association-level pathway result; not causal or cell-intrinsic evidence","raw_cel_rma_tier_specific_enrichment"
"adjacent_vs_healthy_u1","adjacent_vs_healthy_u1","ranked","full_rank_covariate_adjusted","ranked_GSEA","GO","Biological Process","GO:0006661","phosphatidylinositol biosynthetic process",NA,NA,0.000628802488742429,0.00480423755613962,0.00333321363494458,NA,NA,-0.385556325122615,-1.64062161170559,117,FALSE,"association-level pathway result; not causal or cell-intrinsic evidence","raw_cel_rma_tier_specific_enrichment"
"adjacent_vs_healthy_u1","adjacent_vs_healthy_u1","ranked","full_rank_covariate_adjusted","ranked_GSEA","GO","Biological Process","GO:0060324","face development",NA,NA,0.000638613800605458,0.00486716633975627,0.00337687406537301,NA,NA,0.478139292499008,1.89503351482975,52,FALSE,"association-level pathway result; not causal or cell-intrinsic evidence","raw_cel_rma_tier_specific_enrichment"
"adjacent_vs_healthy_u1","adjacent_vs_healthy_u1","ranked","full_rank_covariate_adjusted","ranked_GSEA","GO","Biological Process","GO:0110053","regulation of actin filament organization",NA,NA,0.000638090565152282,0.00486716633975627,0.00337687406537301,NA,NA,0.299402786830186,1.51577376265074,252,FALSE,"association-level pathway result; not causal or cell-intrinsic evidence","raw_cel_rma_tier_specific_enrichment"
"adjacent_vs_healthy_u1","adjacent_vs_healthy_u1","ranked","full_rank_covariate_adjusted","ranked_GSEA","GO","Biological Process","GO:0150117","positive regulation of cell-substrate junction organization",NA,NA,0.000639517994412881,0.00486805507816012,0.0033774906782967,NA,NA,0.543344512780977,1.88947595032176,30,FALSE,"association-level pathway result; not causal or cell-intrinsic evidence","raw_cel_rma_tier_specific_enrichment"
"adjacent_vs_healthy_u1","adjacent_vs_healthy_u1","ranked","full_rank_covariate_adjusted","ranked_GSEA","GO","Biological Process","GO:0051058","negative regulation of small GTPase mediated signal transduction",NA,NA,0.000649093887170955,0.0049348700081226,0.00342384734425386,NA,NA,0.447103854437415,1.82358398212112,59,FALSE,"association-level pathway result; not causal or cell-intrinsic evidence","raw_cel_rma_tier_specific_enrichment"
"adjacent_vs_healthy_u1","adjacent_vs_healthy_u1","ranked","full_rank_covariate_adjusted","ranked_GSEA","GO","Biological Process","GO:0009225","nucleotide-sugar metabolic process",NA,NA,0.000650083808874995,0.00493632435215767,0.00342485637832242,NA,NA,-0.502984664094626,-1.80446535505217,45,FALSE,"association-level pathway result; not causal or cell-intrinsic evidence","raw_cel_rma_tier_specific_enrichment"
"adjacent_vs_healthy_u1","adjacent_vs_healthy_u1","ranked","full_rank_covariate_adjusted","ranked_GSEA","GO","Biological Process","GO:0006957","complement activation, alternative pathway",NA,NA,0.000658642869094149,0.00499517984524041,0.00346569073127486,NA,NA,0.679970460298429,1.9844927008143,16,FALSE,"association-level pathway result; not causal or cell-intrinsic evidence","raw_cel_rma_tier_specific_enrichment"
"adjacent_vs_healthy_u1","adjacent_vs_healthy_u1","ranked","full_rank_covariate_adjusted","ranked_GSEA","GO","Biological Process","GO:0006403","RNA localization",NA,NA,0.000667299707167224,0.00505463172794193,0.00350693886351815,NA,NA,0.315649674211285,1.52613922472524,189,FALSE,"association-level pathway result; not causal or cell-intrinsic evidence","raw_cel_rma_tier_specific_enrichment"
"adjacent_vs_healthy_u1","adjacent_vs_healthy_u1","ranked","full_rank_covariate_adjusted","ranked_GSEA","GO","Biological Process","GO:0051236","establishment of RNA localization",NA,NA,0.000669643611008651,0.00506617767398344,0.00351494952167654,NA,NA,0.343473536469248,1.62132227384198,153,FALSE,"association-level pathway result; not causal or cell-intrinsic evidence","raw_cel_rma_tier_specific_enrichment"
"adjacent_vs_healthy_u1","adjacent_vs_healthy_u1","ranked","full_rank_covariate_adjusted","ranked_GSEA","GO","Biological Process","GO:1902414","protein localization to cell junction",NA,NA,0.000678414094127612,0.00512625613178822,0.00355663237611104,NA,NA,0.36915279753875,1.67302874156878,119,FALSE,"association-level pathway result; not causal or cell-intrinsic evidence","raw_cel_rma_tier_specific_enrichment"
"adjacent_vs_healthy_u1","adjacent_vs_healthy_u1","ranked","full_rank_covariate_adjusted","ranked_GSEA","GO","Biological Process","GO:0001893","maternal placenta development",NA,NA,0.000682477118027155,0.0051506606428887,0.0035735643966874,NA,NA,0.534359782248394,1.93439997410969,35,FALSE,"association-level pathway result; not causal or cell-intrinsic evidence","raw_cel_rma_tier_specific_enrichment"
"adjacent_vs_healthy_u1","adjacent_vs_healthy_u1","ranked","full_rank_covariate_adjusted","ranked_GSEA","GO","Biological Process","GO:0061157","mRNA destabilization",NA,NA,0.000691335880355691,0.00521115497131528,0.00361553578506943,NA,NA,0.389220803881748,1.69853322310486,94,FALSE,"association-level pathway result; not causal or cell-intrinsic evidence","raw_cel_rma_tier_specific_enrichment"
"adjacent_vs_healthy_u1","adjacent_vs_healthy_u1","ranked","full_rank_covariate_adjusted","ranked_GSEA","GO","Biological Process","GO:0032509","endosome transport via multivesicular body sorting pathway",NA,NA,0.000692835694069977,0.00521609917788858,0.00361896611018794,NA,NA,-0.523824528706101,-1.80159443725401,37,FALSE,"association-level pathway result; not causal or cell-intrinsic evidence","raw_cel_rma_tier_specific_enrichment"
"adjacent_vs_healthy_u1","adjacent_vs_healthy_u1","ranked","full_rank_covariate_adjusted","ranked_GSEA","GO","Biological Process","GO:0007498","mesoderm development",NA,NA,0.000700290024750636,0.00526580613501664,0.00365345314487654,NA,NA,0.355180793134389,1.62668358766288,125,FALSE,"association-level pathway result; not causal or cell-intrinsic evidence","raw_cel_rma_tier_specific_enrichment"
"adjacent_vs_healthy_u1","adjacent_vs_healthy_u1","ranked","full_rank_covariate_adjusted","ranked_GSEA","GO","Biological Process","GO:0048048","embryonic eye morphogenesis",NA,NA,0.000705809110359203,0.00530085797221171,0.00367777235480385,NA,NA,0.532695634036165,1.92837570288721,35,FALSE,"association-level pathway result; not causal or cell-intrinsic evidence","raw_cel_rma_tier_specific_enrichment"
"adjacent_vs_healthy_u1","adjacent_vs_healthy_u1","ranked","full_rank_covariate_adjusted","ranked_GSEA","GO","Biological Process","GO:0035329","hippo signaling",NA,NA,0.000723759884659289,0.00542907748431925,0.00376673194954259,NA,NA,0.475601065758972,1.88497363308386,52,FALSE,"association-level pathway result; not causal or cell-intrinsic evidence","raw_cel_rma_tier_specific_enrichment"
"adjacent_vs_healthy_u1","adjacent_vs_healthy_u1","ranked","full_rank_covariate_adjusted","ranked_GSEA","GO","Biological Process","GO:1900744","regulation of p38MAPK cascade",NA,NA,0.000729141120266622,0.00546087173737531,0.00378879102479875,NA,NA,0.508171014325087,1.89427416517313,40,FALSE,"association-level pathway result; not causal or cell-intrinsic evidence","raw_cel_rma_tier_specific_enrichment"
"adjacent_vs_healthy_u1","adjacent_vs_healthy_u1","ranked","full_rank_covariate_adjusted","ranked_GSEA","GO","Biological Process","GO:0141188","nucleic acid catabolic process",NA,NA,0.000729765419037697,0.00546087173737531,0.00378879102479875,NA,NA,0.272634858007282,1.41179322052948,325,FALSE,"association-level pathway result; not causal or cell-intrinsic evidence","raw_cel_rma_tier_specific_enrichment"
"adjacent_vs_healthy_u1","adjacent_vs_healthy_u1","ranked","full_rank_covariate_adjusted","ranked_GSEA","GO","Biological Process","GO:0060391","positive regulation of SMAD protein signal transduction",NA,NA,0.000734778809340848,0.00549173859798764,0.00381020666868786,NA,NA,0.498267284641278,1.86322499144505,41,FALSE,"association-level pathway result; not causal or cell-intrinsic evidence","raw_cel_rma_tier_specific_enrichment"
"adjacent_vs_healthy_u1","adjacent_vs_healthy_u1","ranked","full_rank_covariate_adjusted","ranked_GSEA","GO","Biological Process","GO:0009593","detection of chemical stimulus",NA,NA,0.000735709983696721,0.00549205725752347,0.00381042775690369,NA,NA,-0.287136765103917,-1.43684082315547,414,FALSE,"association-level pathway result; not causal or cell-intrinsic evidence","raw_cel_rma_tier_specific_enrichment"
"adjacent_vs_healthy_u1","adjacent_vs_healthy_u1","ranked","full_rank_covariate_adjusted","ranked_GSEA","GO","Biological Process","GO:0006577","amino-acid betaine metabolic process",NA,NA,0.000751071116776492,0.005599964502769,0.00388529455875491,NA,NA,-0.68695608420573,-1.88250785805211,15,FALSE,"association-level pathway result; not causal or cell-intrinsic evidence","raw_cel_rma_tier_specific_enrichment"
"adjacent_vs_healthy_u1","adjacent_vs_healthy_u1","ranked","full_rank_covariate_adjusted","ranked_GSEA","GO","Biological Process","GO:0006497","protein lipidation",NA,NA,0.000753042582211427,0.00560603096637705,0.00388950351365732,NA,NA,-0.478751378658907,-1.76661019714673,52,FALSE,"association-level pathway result; not causal or cell-intrinsic evidence","raw_cel_rma_tier_specific_enrichment"
"adjacent_vs_healthy_u1","adjacent_vs_healthy_u1","ranked","full_rank_covariate_adjusted","ranked_GSEA","GO","Biological Process","GO:0048813","dendrite morphogenesis",NA,NA,0.00075369871105959,0.00560603096637705,0.00388950351365732,NA,NA,0.350011095688372,1.62039520709848,139,FALSE,"association-level pathway result; not causal or cell-intrinsic evidence","raw_cel_rma_tier_specific_enrichment"
"adjacent_vs_healthy_u1","adjacent_vs_healthy_u1","ranked","full_rank_covariate_adjusted","ranked_GSEA","GO","Biological Process","GO:0062042","regulation of cardiac epithelial to mesenchymal transition",NA,NA,0.000761976734321093,0.00562949246263097,0.00390578126393423,NA,NA,0.775715646353647,2.00965150368223,10,FALSE,"association-level pathway result; not causal or cell-intrinsic evidence","raw_cel_rma_tier_specific_enrichment"
"adjacent_vs_healthy_u1","adjacent_vs_healthy_u1","ranked","full_rank_covariate_adjusted","ranked_GSEA","GO","Biological Process","GO:0009187","cyclic nucleotide metabolic process",NA,NA,0.000764139164560328,0.00562949246263097,0.00390578126393423,NA,NA,0.506592997089423,1.88839189877569,40,FALSE,"association-level pathway result; not causal or cell-intrinsic evidence","raw_cel_rma_tier_specific_enrichment"
"adjacent_vs_healthy_u1","adjacent_vs_healthy_u1","ranked","full_rank_covariate_adjusted","ranked_GSEA","GO","Biological Process","GO:0050922","negative regulation of chemotaxis",NA,NA,0.000764139164560328,0.00562949246263097,0.00390578126393423,NA,NA,0.506284878577983,1.88724334657657,40,FALSE,"association-level pathway result; not causal or cell-intrinsic evidence","raw_cel_rma_tier_specific_enrichment"
"adjacent_vs_healthy_u1","adjacent_vs_healthy_u1","ranked","full_rank_covariate_adjusted","ranked_GSEA","GO","Biological Process","GO:0050919","negative chemotaxis",NA,NA,0.000764139164560328,0.00562949246263097,0.00390578126393423,NA,NA,0.50621711434305,1.88699074649522,40,FALSE,"association-level pathway result; not causal or cell-intrinsic evidence","raw_cel_rma_tier_specific_enrichment"
"adjacent_vs_healthy_u1","adjacent_vs_healthy_u1","ranked","full_rank_covariate_adjusted","ranked_GSEA","GO","Biological Process","GO:0060443","mammary gland morphogenesis",NA,NA,0.000762283898460559,0.00562949246263097,0.00390578126393423,NA,NA,0.4852181409682,1.83911041377049,45,FALSE,"association-level pathway result; not causal or cell-intrinsic evidence","raw_cel_rma_tier_specific_enrichment"
"adjacent_vs_healthy_u1","adjacent_vs_healthy_u1","ranked","full_rank_covariate_adjusted","ranked_GSEA","GO","Biological Process","GO:0006939","smooth muscle contraction",NA,NA,0.000758128370802328,0.00562949246263097,0.00390578126393423,NA,NA,0.377297613388815,1.67726603144849,103,FALSE,"association-level pathway result; not causal or cell-intrinsic evidence","raw_cel_rma_tier_specific_enrichment"
"adjacent_vs_healthy_u1","adjacent_vs_healthy_u1","ranked","full_rank_covariate_adjusted","ranked_GSEA","GO","Biological Process","GO:0050657","nucleic acid transport",NA,NA,0.000762462649560283,0.00562949246263097,0.00390578126393423,NA,NA,0.337334826227805,1.58625851912915,150,FALSE,"association-level pathway result; not causal or cell-intrinsic evidence","raw_cel_rma_tier_specific_enrichment"
"adjacent_vs_healthy_u1","adjacent_vs_healthy_u1","ranked","full_rank_covariate_adjusted","ranked_GSEA","GO","Biological Process","GO:0050658","RNA transport",NA,NA,0.000762462649560283,0.00562949246263097,0.00390578126393423,NA,NA,0.337334826227805,1.58625851912915,150,FALSE,"association-level pathway result; not causal or cell-intrinsic evidence","raw_cel_rma_tier_specific_enrichment"
"adjacent_vs_healthy_u1","adjacent_vs_healthy_u1","ranked","full_rank_covariate_adjusted","ranked_GSEA","GO","Biological Process","GO:0051495","positive regulation of cytoskeleton organization",NA,NA,0.000774202917907156,0.00569684313760016,0.00395250963352601,NA,NA,0.318618839311362,1.53170208954599,180,FALSE,"association-level pathway result; not causal or cell-intrinsic evidence","raw_cel_rma_tier_specific_enrichment"
"adjacent_vs_healthy_u1","adjacent_vs_healthy_u1","ranked","full_rank_covariate_adjusted","ranked_GSEA","GO","Biological Process","GO:0006066","alcohol metabolic process",NA,NA,0.00077817465766728,0.00571925987995417,0.00396806252623631,NA,NA,-0.303517158043974,-1.48655333233523,342,FALSE,"association-level pathway result; not causal or cell-intrinsic evidence","raw_cel_rma_tier_specific_enrichment"
"adjacent_vs_healthy_u1","adjacent_vs_healthy_u1","ranked","full_rank_covariate_adjusted","ranked_GSEA","GO","Biological Process","GO:0001765","membrane raft assembly",NA,NA,0.000790305085091691,0.00580151511989518,0.00402513178730285,NA,NA,0.726315278254391,2.03826588402834,13,FALSE,"association-level pathway result; not causal or cell-intrinsic evidence","raw_cel_rma_tier_specific_enrichment"
"adjacent_vs_healthy_u1","adjacent_vs_healthy_u1","ranked","full_rank_covariate_adjusted","ranked_GSEA","GO","Biological Process","GO:1903318","negative regulation of protein maturation",NA,NA,0.000811310743873565,0.00594864971279064,0.00412721479745384,NA,NA,0.611625241730714,1.9758747813282,23,FALSE,"association-level pathway result; not causal or cell-intrinsic evidence","raw_cel_rma_tier_specific_enrichment"
"adjacent_vs_healthy_u1","adjacent_vs_healthy_u1","ranked","full_rank_covariate_adjusted","ranked_GSEA","GO","Biological Process","GO:0070252","actin-mediated cell contraction",NA,NA,0.000813138461652892,0.00595498676715228,0.0041316114901146,NA,NA,0.363442898090328,1.62742347667574,113,FALSE,"association-level pathway result; not causal or cell-intrinsic evidence","raw_cel_rma_tier_specific_enrichment"
"adjacent_vs_healthy_u1","adjacent_vs_healthy_u1","ranked","full_rank_covariate_adjusted","ranked_GSEA","GO","Biological Process","GO:0009437","carnitine metabolic process",NA,NA,0.000815123026864941,0.00596245612905586,0.00413679378567147,NA,NA,-0.762157222453955,-1.94268950993352,11,FALSE,"association-level pathway result; not causal or cell-intrinsic evidence","raw_cel_rma_tier_specific_enrichment"
"adjacent_vs_healthy_u1","adjacent_vs_healthy_u1","ranked","full_rank_covariate_adjusted","ranked_GSEA","GO","Biological Process","GO:0035860","glial cell-derived neurotrophic factor receptor signaling pathway",NA,NA,0.000816096234589759,0.00596251870685496,0.00413683720258638,NA,NA,0.677978214590483,1.96182250012141,15,FALSE,"association-level pathway result; not causal or cell-intrinsic evidence","raw_cel_rma_tier_specific_enrichment"
"adjacent_vs_healthy_u1","adjacent_vs_healthy_u1","ranked","full_rank_covariate_adjusted","ranked_GSEA","GO","Biological Process","GO:0010977","negative regulation of neuron projection development",NA,NA,0.00082055407460413,0.00598801031302022,0.00415452345732583,NA,NA,0.348936691305106,1.59622056328393,126,FALSE,"association-level pathway result; not causal or cell-intrinsic evidence","raw_cel_rma_tier_specific_enrichment"
"adjacent_vs_healthy_u1","adjacent_vs_healthy_u1","ranked","full_rank_covariate_adjusted","ranked_GSEA","GO","Biological Process","GO:0043330","response to exogenous dsRNA",NA,NA,0.000823265357661931,0.00600071129210896,0.00416333548549492,NA,NA,0.48321996947196,1.83153679337802,45,FALSE,"association-level pathway result; not causal or cell-intrinsic evidence","raw_cel_rma_tier_specific_enrichment"
"adjacent_vs_healthy_u1","adjacent_vs_healthy_u1","ranked","full_rank_covariate_adjusted","ranked_GSEA","GO","Biological Process","GO:1900745","positive regulation of p38MAPK cascade",NA,NA,0.000825787593845519,0.0060120060277493,0.00417117185211908,NA,NA,0.564229946279755,1.90567818514846,27,FALSE,"association-level pathway result; not causal or cell-intrinsic evidence","raw_cel_rma_tier_specific_enrichment"
"adjacent_vs_healthy_u1","adjacent_vs_healthy_u1","ranked","full_rank_covariate_adjusted","ranked_GSEA","GO","Biological Process","GO:0031663","lipopolysaccharide-mediated signaling pathway",NA,NA,0.000827739110013815,0.00601912404587693,0.00417611038290561,NA,NA,0.448037244069894,1.84269987697177,60,FALSE,"association-level pathway result; not causal or cell-intrinsic evidence","raw_cel_rma_tier_specific_enrichment"
"adjacent_vs_healthy_u1","adjacent_vs_healthy_u1","ranked","full_rank_covariate_adjusted","ranked_GSEA","GO","Biological Process","GO:1990776","response to angiotensin",NA,NA,0.000828828604494376,0.00601996428246738,0.00417669334493177,NA,NA,0.496677985800393,1.85728195362079,41,FALSE,"association-level pathway result; not causal or cell-intrinsic evidence","raw_cel_rma_tier_specific_enrichment"
"adjacent_vs_healthy_u1","adjacent_vs_healthy_u1","ranked","full_rank_covariate_adjusted","ranked_GSEA","GO","Biological Process","GO:0030098","lymphocyte differentiation",NA,NA,0.000831877266534113,0.00603501570944525,0.00418713613029402,NA,NA,0.264020322682814,1.40518768533799,418,FALSE,"association-level pathway result; not causal or cell-intrinsic evidence","raw_cel_rma_tier_specific_enrichment"
"adjacent_vs_healthy_u1","adjacent_vs_healthy_u1","ranked","full_rank_covariate_adjusted","ranked_GSEA","GO","Biological Process","GO:1990542","mitochondrial transmembrane transport",NA,NA,0.000834121400350123,0.0060442020815523,0.00419350969954514,NA,NA,-0.415631436167003,-1.69810586482524,91,FALSE,"association-level pathway result; not causal or cell-intrinsic evidence","raw_cel_rma_tier_specific_enrichment"
"adjacent_vs_healthy_u1","adjacent_vs_healthy_u1","ranked","full_rank_covariate_adjusted","ranked_GSEA","GO","Biological Process","GO:0033674","positive regulation of kinase activity",NA,NA,0.000846087585318507,0.00612373227734625,0.00424868830591347,NA,NA,0.30826842944742,1.5217479960107,214,FALSE,"association-level pathway result; not causal or cell-intrinsic evidence","raw_cel_rma_tier_specific_enrichment"
"adjacent_vs_healthy_u1","adjacent_vs_healthy_u1","ranked","full_rank_covariate_adjusted","ranked_GSEA","GO","Biological Process","GO:0003214","cardiac left ventricle morphogenesis",NA,NA,0.000876371707934922,0.00633415004656532,0.00439467762663291,NA,NA,0.670466690446569,1.95675596370228,16,FALSE,"association-level pathway result; not causal or cell-intrinsic evidence","raw_cel_rma_tier_specific_enrichment"
"adjacent_vs_healthy_u1","adjacent_vs_healthy_u1","ranked","full_rank_covariate_adjusted","ranked_GSEA","GO","Biological Process","GO:0031664","regulation of lipopolysaccharide-mediated signaling pathway",NA,NA,0.000877209584187011,0.00633415004656532,0.00439467762663291,NA,NA,0.532127110911248,1.85046753014012,30,FALSE,"association-level pathway result; not causal or cell-intrinsic evidence","raw_cel_rma_tier_specific_enrichment"
"adjacent_vs_healthy_u1","adjacent_vs_healthy_u1","ranked","full_rank_covariate_adjusted","ranked_GSEA","GO","Biological Process","GO:0046902","regulation of mitochondrial membrane permeability",NA,NA,0.000879030579336987,0.00633989266147248,0.00439866189304046,NA,NA,-0.477700752616636,-1.74695112507106,50,FALSE,"association-level pathway result; not causal or cell-intrinsic evidence","raw_cel_rma_tier_specific_enrichment"
"adjacent_vs_healthy_u1","adjacent_vs_healthy_u1","ranked","full_rank_covariate_adjusted","ranked_GSEA","GO","Biological Process","GO:0021915","neural tube development",NA,NA,0.000881352251749522,0.00634922875065711,0.00440513933704767,NA,NA,0.331167606466389,1.55808320602258,155,FALSE,"association-level pathway result; not causal or cell-intrinsic evidence","raw_cel_rma_tier_specific_enrichment"
"adjacent_vs_healthy_u1","adjacent_vs_healthy_u1","ranked","full_rank_covariate_adjusted","ranked_GSEA","GO","Biological Process","GO:0045445","myoblast differentiation",NA,NA,0.000884372676116688,0.00636357102570111,0.00441509010783578,NA,NA,0.37037743516584,1.65205323227843,111,FALSE,"association-level pathway result; not causal or cell-intrinsic evidence","raw_cel_rma_tier_specific_enrichment"
"adjacent_vs_healthy_u1","adjacent_vs_healthy_u1","ranked","full_rank_covariate_adjusted","ranked_GSEA","GO","Biological Process","GO:0042476","odontogenesis",NA,NA,0.000890517076222728,0.00640033261410777,0.00444059555511798,NA,NA,0.345326376343996,1.59765700681581,135,FALSE,"association-level pathway result; not causal or cell-intrinsic evidence","raw_cel_rma_tier_specific_enrichment"
"adjacent_vs_healthy_u1","adjacent_vs_healthy_u1","ranked","full_rank_covariate_adjusted","ranked_GSEA","GO","Biological Process","GO:1904705","regulation of vascular associated smooth muscle cell proliferation",NA,NA,0.000899197417746418,0.00645521398268364,0.00447867263267792,NA,NA,0.448888629960358,1.82073541255945,58,FALSE,"association-level pathway result; not causal or cell-intrinsic evidence","raw_cel_rma_tier_specific_enrichment"
"adjacent_vs_healthy_u1","adjacent_vs_healthy_u1","ranked","full_rank_covariate_adjusted","ranked_GSEA","GO","Biological Process","GO:0030048","actin filament-based movement",NA,NA,0.000913576804025695,0.00655083320844875,0.00454501392062606,NA,NA,0.346388535523553,1.60734696560287,136,FALSE,"association-level pathway result; not causal or cell-intrinsic evidence","raw_cel_rma_tier_specific_enrichment"
"adjacent_vs_healthy_u1","adjacent_vs_healthy_u1","ranked","full_rank_covariate_adjusted","ranked_GSEA","GO","Biological Process","GO:0051701","biological process involved in interaction with host",NA,NA,0.000916434525401885,0.00656371008286101,0.00455394798620148,NA,NA,0.324872349009902,1.54421996745379,165,FALSE,"association-level pathway result; not causal or cell-intrinsic evidence","raw_cel_rma_tier_specific_enrichment"
"adjacent_vs_healthy_u1","adjacent_vs_healthy_u1","ranked","full_rank_covariate_adjusted","ranked_GSEA","GO","Biological Process","GO:0001960","negative regulation of cytokine-mediated signaling pathway",NA,NA,0.000938399485005117,0.00671324909353777,0.00465769919823446,NA,NA,0.39154069449034,1.67294548209939,80,FALSE,"association-level pathway result; not causal or cell-intrinsic evidence","raw_cel_rma_tier_specific_enrichment"
"adjacent_vs_healthy_u1","adjacent_vs_healthy_u1","ranked","full_rank_covariate_adjusted","ranked_GSEA","GO","Biological Process","GO:0051100","negative regulation of binding",NA,NA,0.00094613354669472,0.00676075312383822,0.00469065782687471,NA,NA,0.381556202223554,1.67342112407809,90,FALSE,"association-level pathway result; not causal or cell-intrinsic evidence","raw_cel_rma_tier_specific_enrichment"
"adjacent_vs_healthy_u1","adjacent_vs_healthy_u1","ranked","full_rank_covariate_adjusted","ranked_GSEA","GO","Biological Process","GO:1901160","primary amino compound metabolic process",NA,NA,0.000956324647520067,0.00681781158745275,0.00473024538820707,NA,NA,-0.679503185791008,-1.86208422377103,15,FALSE,"association-level pathway result; not causal or cell-intrinsic evidence","raw_cel_rma_tier_specific_enrichment"
"adjacent_vs_healthy_u1","adjacent_vs_healthy_u1","ranked","full_rank_covariate_adjusted","ranked_GSEA","GO","Biological Process","GO:0010543","regulation of platelet activation",NA,NA,0.000955447195749636,0.00681781158745275,0.00473024538820707,NA,NA,0.456424864975656,1.80794439377298,53,FALSE,"association-level pathway result; not causal or cell-intrinsic evidence","raw_cel_rma_tier_specific_enrichment"
"adjacent_vs_healthy_u1","adjacent_vs_healthy_u1","ranked","full_rank_covariate_adjusted","ranked_GSEA","GO","Biological Process","GO:0035019","somatic stem cell population maintenance",NA,NA,0.000962572283289703,0.00685444617858716,0.0047556627238931,NA,NA,0.423789151228667,1.76847029536842,66,FALSE,"association-level pathway result; not causal or cell-intrinsic evidence","raw_cel_rma_tier_specific_enrichment"
"adjacent_vs_healthy_u1","adjacent_vs_healthy_u1","ranked","full_rank_covariate_adjusted","ranked_GSEA","GO","Biological Process","GO:2000353","positive regulation of endothelial cell apoptotic process",NA,NA,0.000967759053442746,0.00688345075872222,0.00477578630455544,NA,NA,0.611284982425319,1.94575132332734,22,FALSE,"association-level pathway result; not causal or cell-intrinsic evidence","raw_cel_rma_tier_specific_enrichment"
"adjacent_vs_healthy_u1","adjacent_vs_healthy_u1","ranked","full_rank_covariate_adjusted","ranked_GSEA","GO","Biological Process","GO:2000177","regulation of neural precursor cell proliferation",NA,NA,0.000971196325349905,0.0068999591804457,0.00478723996306777,NA,NA,0.380979707474775,1.67089274559832,90,FALSE,"association-level pathway result; not causal or cell-intrinsic evidence","raw_cel_rma_tier_specific_enrichment"
"adjacent_vs_healthy_u1","adjacent_vs_healthy_u1","ranked","full_rank_covariate_adjusted","ranked_GSEA","GO","Biological Process","GO:0033539","fatty acid beta-oxidation using acyl-CoA dehydrogenase",NA,NA,0.000976528689369083,0.00692987810446647,0.0048079979219163,NA,NA,-0.756978769124239,-1.92948996702434,11,FALSE,"association-level pathway result; not causal or cell-intrinsic evidence","raw_cel_rma_tier_specific_enrichment"
"adjacent_vs_healthy_u1","adjacent_vs_healthy_u1","ranked","full_rank_covariate_adjusted","ranked_GSEA","GO","Biological Process","GO:0033688","regulation of osteoblast proliferation",NA,NA,0.000981376519167059,0.00695629388184815,0.00482632537311275,NA,NA,0.566679478400546,1.94410838409074,28,FALSE,"association-level pathway result; not causal or cell-intrinsic evidence","raw_cel_rma_tier_specific_enrichment"
"adjacent_vs_healthy_u1","adjacent_vs_healthy_u1","ranked","full_rank_covariate_adjusted","ranked_GSEA","GO","Biological Process","GO:0050930","induction of positive chemotaxis",NA,NA,0.000995738126764626,0.0070419420612496,0.00488574867931963,NA,NA,0.705642213701141,1.97990534820597,14,FALSE,"association-level pathway result; not causal or cell-intrinsic evidence","raw_cel_rma_tier_specific_enrichment"
"adjacent_vs_healthy_u1","adjacent_vs_healthy_u1","ranked","full_rank_covariate_adjusted","ranked_GSEA","GO","Biological Process","GO:0032968","positive regulation of transcription elongation by RNA polymerase II",NA,NA,0.000995263536244805,0.0070419420612496,0.00488574867931963,NA,NA,-0.479495962046493,-1.75134075820132,49,FALSE,"association-level pathway result; not causal or cell-intrinsic evidence","raw_cel_rma_tier_specific_enrichment"
"adjacent_vs_healthy_u1","adjacent_vs_healthy_u1","ranked","full_rank_covariate_adjusted","ranked_GSEA","GO","Biological Process","GO:0006023","aminoglycan biosynthetic process",NA,NA,0.00100890778761873,0.00712692461173868,0.00494471016752925,NA,NA,0.449375998183626,1.80289746727351,56,FALSE,"association-level pathway result; not causal or cell-intrinsic evidence","raw_cel_rma_tier_specific_enrichment"
"adjacent_vs_healthy_u1","adjacent_vs_healthy_u1","ranked","full_rank_covariate_adjusted","ranked_GSEA","GO","Biological Process","GO:1904754","positive regulation of vascular associated smooth muscle cell migration",NA,NA,0.00101789588045114,0.00718220240225214,0.00498306228540352,NA,NA,0.665404830122486,1.94198293244255,16,FALSE,"association-level pathway result; not causal or cell-intrinsic evidence","raw_cel_rma_tier_specific_enrichment"
"adjacent_vs_healthy_u1","adjacent_vs_healthy_u1","ranked","full_rank_covariate_adjusted","ranked_GSEA","GO","Biological Process","GO:0008286","insulin receptor signaling pathway",NA,NA,0.00101905703070298,0.00718220240225214,0.00498306228540352,NA,NA,0.323422690250482,1.53766906061475,166,FALSE,"association-level pathway result; not causal or cell-intrinsic evidence","raw_cel_rma_tier_specific_enrichment"
"adjacent_vs_healthy_u1","adjacent_vs_healthy_u1","ranked","full_rank_covariate_adjusted","ranked_GSEA","GO","Biological Process","GO:0048865","stem cell fate commitment",NA,NA,0.00102114900387147,0.007188749422471,0.00498760465384529,NA,NA,0.767500611204472,1.98836875939578,10,FALSE,"association-level pathway result; not causal or cell-intrinsic evidence","raw_cel_rma_tier_specific_enrichment"
"adjacent_vs_healthy_u1","adjacent_vs_healthy_u1","ranked","full_rank_covariate_adjusted","ranked_GSEA","GO","Biological Process","GO:0060711","labyrinthine layer development",NA,NA,0.00102261577386355,0.00719088520847619,0.00498908647712123,NA,NA,0.476398182935362,1.81045839798313,46,FALSE,"association-level pathway result; not causal or cell-intrinsic evidence","raw_cel_rma_tier_specific_enrichment"
"adjacent_vs_healthy_u1","adjacent_vs_healthy_u1","ranked","full_rank_covariate_adjusted","ranked_GSEA","GO","Biological Process","GO:0032232","negative regulation of actin filament bundle assembly",NA,NA,0.00103163065449539,0.00724603304026821,0.00502734842872516,NA,NA,0.548963454662024,1.92476198860479,31,FALSE,"association-level pathway result; not causal or cell-intrinsic evidence","raw_cel_rma_tier_specific_enrichment"
"adjacent_vs_healthy_u1","adjacent_vs_healthy_u1","ranked","full_rank_covariate_adjusted","ranked_GSEA","GO","Biological Process","GO:0030202","heparin proteoglycan metabolic process",NA,NA,0.00103620146777519,0.00726515948492842,0.00504061848987106,NA,NA,0.665626450465149,1.98769371764218,17,FALSE,"association-level pathway result; not causal or cell-intrinsic evidence","raw_cel_rma_tier_specific_enrichment"
"adjacent_vs_healthy_u1","adjacent_vs_healthy_u1","ranked","full_rank_covariate_adjusted","ranked_GSEA","GO","Biological Process","GO:0032496","response to lipopolysaccharide",NA,NA,0.00103670452446317,0.00726515948492842,0.00504061848987106,NA,NA,0.272019210618309,1.40711892607367,326,FALSE,"association-level pathway result; not causal or cell-intrinsic evidence","raw_cel_rma_tier_specific_enrichment"
"adjacent_vs_healthy_u1","adjacent_vs_healthy_u1","ranked","full_rank_covariate_adjusted","ranked_GSEA","GO","Biological Process","GO:0050931","pigment cell differentiation",NA,NA,0.00104605388959522,0.00732237722716652,0.00508031655982704,NA,NA,0.523667691247043,1.87126029882228,33,FALSE,"association-level pathway result; not causal or cell-intrinsic evidence","raw_cel_rma_tier_specific_enrichment"
"adjacent_vs_healthy_u1","adjacent_vs_healthy_u1","ranked","full_rank_covariate_adjusted","ranked_GSEA","GO","Biological Process","GO:0001657","ureteric bud development",NA,NA,0.00105708596848816,0.00739123118916891,0.00512808792048197,NA,NA,0.374028804005457,1.6541745605748,98,FALSE,"association-level pathway result; not causal or cell-intrinsic evidence","raw_cel_rma_tier_specific_enrichment"
"adjacent_vs_healthy_u1","adjacent_vs_healthy_u1","ranked","full_rank_covariate_adjusted","ranked_GSEA","GO","Biological Process","GO:0007612","learning",NA,NA,0.00106658328566466,0.00744921049569863,0.00516831436907266,NA,NA,0.32466325497015,1.5282241153966,157,FALSE,"association-level pathway result; not causal or cell-intrinsic evidence","raw_cel_rma_tier_specific_enrichment"
"adjacent_vs_healthy_u1","adjacent_vs_healthy_u1","ranked","full_rank_covariate_adjusted","ranked_GSEA","GO","Biological Process","GO:0042093","T-helper cell differentiation",NA,NA,0.00106989897581003,0.00746393405133384,0.00517852967500303,NA,NA,0.389323119817813,1.66287726934546,83,FALSE,"association-level pathway result; not causal or cell-intrinsic evidence","raw_cel_rma_tier_specific_enrichment"
"adjacent_vs_healthy_u1","adjacent_vs_healthy_u1","ranked","full_rank_covariate_adjusted","ranked_GSEA","GO","Biological Process","GO:0007193","adenylate cyclase-inhibiting G protein-coupled receptor signaling pathway",NA,NA,0.00110904175212264,0.00772828305509585,0.00536193686364163,NA,NA,0.388484666451363,1.65734721265732,81,FALSE,"association-level pathway result; not causal or cell-intrinsic evidence","raw_cel_rma_tier_specific_enrichment"
"adjacent_vs_healthy_u1","adjacent_vs_healthy_u1","ranked","full_rank_covariate_adjusted","ranked_GSEA","GO","Biological Process","GO:0010002","cardioblast differentiation",NA,NA,0.00111295644052713,0.00774682855731779,0.00537480386285862,NA,NA,0.664171214996542,1.9833480934612,17,FALSE,"association-level pathway result; not causal or cell-intrinsic evidence","raw_cel_rma_tier_specific_enrichment"
"adjacent_vs_healthy_u1","adjacent_vs_healthy_u1","ranked","full_rank_covariate_adjusted","ranked_GSEA","GO","Biological Process","GO:1903010","regulation of bone development",NA,NA,0.00111475762519998,0.00775063766182346,0.00537744664621953,NA,NA,0.763443317558694,1.97785750270727,10,FALSE,"association-level pathway result; not causal or cell-intrinsic evidence","raw_cel_rma_tier_specific_enrichment"
"adjacent_vs_healthy_u1","adjacent_vs_healthy_u1","ranked","full_rank_covariate_adjusted","ranked_GSEA","GO","Biological Process","GO:1904948","midbrain dopaminergic neuron differentiation",NA,NA,0.00111885710674541,0.00777039974920608,0.00539115772073426,NA,NA,0.666440808749002,1.9284374415963,15,FALSE,"association-level pathway result; not causal or cell-intrinsic evidence","raw_cel_rma_tier_specific_enrichment"
"adjacent_vs_healthy_u1","adjacent_vs_healthy_u1","ranked","full_rank_covariate_adjusted","ranked_GSEA","GO","Biological Process","GO:0060045","positive regulation of cardiac muscle cell proliferation",NA,NA,0.00112359911690129,0.00779457479412667,0.00540793053606929,NA,NA,0.581205651794169,1.92444625138203,24,FALSE,"association-level pathway result; not causal or cell-intrinsic evidence","raw_cel_rma_tier_specific_enrichment"
"adjacent_vs_healthy_u1","adjacent_vs_healthy_u1","ranked","full_rank_covariate_adjusted","ranked_GSEA","GO","Biological Process","GO:0048483","autonomic nervous system development",NA,NA,0.00113417255964264,0.00785910380173897,0.00545270121310375,NA,NA,0.472684421780256,1.79634497288579,46,FALSE,"association-level pathway result; not causal or cell-intrinsic evidence","raw_cel_rma_tier_specific_enrichment"
"adjacent_vs_healthy_u1","adjacent_vs_healthy_u1","ranked","full_rank_covariate_adjusted","ranked_GSEA","GO","Biological Process","GO:1904338","regulation of dopaminergic neuron differentiation",NA,NA,0.00113559361531359,0.00786013901036201,0.00545341944809047,NA,NA,0.763067917689958,1.97688495185795,10,FALSE,"association-level pathway result; not causal or cell-intrinsic evidence","raw_cel_rma_tier_specific_enrichment"
"adjacent_vs_healthy_u1","adjacent_vs_healthy_u1","ranked","full_rank_covariate_adjusted","ranked_GSEA","GO","Biological Process","GO:0030162","regulation of proteolysis",NA,NA,0.00116066519230311,0.008024688538731,0.00556758506233706,NA,NA,0.255839181223933,1.35570378294558,396,FALSE,"association-level pathway result; not causal or cell-intrinsic evidence","raw_cel_rma_tier_specific_enrichment"
"adjacent_vs_healthy_u1","adjacent_vs_healthy_u1","ranked","full_rank_covariate_adjusted","ranked_GSEA","GO","Biological Process","GO:0043269","regulation of monoatomic ion transport",NA,NA,0.00116256191962291,0.00802882148065833,0.00557045252636723,NA,NA,0.258616809667485,1.38448326092356,433,FALSE,"association-level pathway result; not causal or cell-intrinsic evidence","raw_cel_rma_tier_specific_enrichment"
"adjacent_vs_healthy_u1","adjacent_vs_healthy_u1","ranked","full_rank_covariate_adjusted","ranked_GSEA","GO","Biological Process","GO:0003382","epithelial cell morphogenesis",NA,NA,0.00116648457937844,0.00804692096555593,0.00558301007564351,NA,NA,0.510213038601482,1.87008025985251,37,FALSE,"association-level pathway result; not causal or cell-intrinsic evidence","raw_cel_rma_tier_specific_enrichment"
"adjacent_vs_healthy_u1","adjacent_vs_healthy_u1","ranked","full_rank_covariate_adjusted","ranked_GSEA","GO","Biological Process","GO:0030318","melanocyte differentiation",NA,NA,0.001179719422616,0.00812914799463712,0.00564005976381809,NA,NA,0.580667721390575,1.9226650950125,24,FALSE,"association-level pathway result; not causal or cell-intrinsic evidence","raw_cel_rma_tier_specific_enrichment"
"adjacent_vs_healthy_u1","adjacent_vs_healthy_u1","ranked","full_rank_covariate_adjusted","ranked_GSEA","GO","Biological Process","GO:0042116","macrophage activation",NA,NA,0.00118966589828408,0.00817036101921543,0.00566865364866589,NA,NA,0.376243038926875,1.65515194154848,101,FALSE,"association-level pathway result; not causal or cell-intrinsic evidence","raw_cel_rma_tier_specific_enrichment"
"adjacent_vs_healthy_u1","adjacent_vs_healthy_u1","ranked","full_rank_covariate_adjusted","ranked_GSEA","GO","Biological Process","GO:0009952","anterior/posterior pattern specification",NA,NA,0.00118713755451667,0.00817036101921543,0.00566865364866589,NA,NA,0.301546608949934,1.48773463379662,209,FALSE,"association-level pathway result; not causal or cell-intrinsic evidence","raw_cel_rma_tier_specific_enrichment"
"adjacent_vs_healthy_u1","adjacent_vs_healthy_u1","ranked","full_rank_covariate_adjusted","ranked_GSEA","GO","Biological Process","GO:0002237","response to molecule of bacterial origin",NA,NA,0.00118962421722183,0.00817036101921543,0.00566865364866589,NA,NA,0.271551263378567,1.41982232113313,342,FALSE,"association-level pathway result; not causal or cell-intrinsic evidence","raw_cel_rma_tier_specific_enrichment"
"adjacent_vs_healthy_u1","adjacent_vs_healthy_u1","ranked","full_rank_covariate_adjusted","ranked_GSEA","GO","Biological Process","GO:0060713","labyrinthine layer morphogenesis",NA,NA,0.00119435614001818,0.00819346870305482,0.00568468592141373,NA,NA,0.606462866760203,1.93040228285294,22,FALSE,"association-level pathway result; not causal or cell-intrinsic evidence","raw_cel_rma_tier_specific_enrichment"
"adjacent_vs_healthy_u1","adjacent_vs_healthy_u1","ranked","full_rank_covariate_adjusted","ranked_GSEA","GO","Biological Process","GO:0061042","vascular wound healing",NA,NA,0.00121409246308908,0.00831962917334105,0.00577221693852833,NA,NA,0.611197264588986,1.88962016330761,20,FALSE,"association-level pathway result; not causal or cell-intrinsic evidence","raw_cel_rma_tier_specific_enrichment"
"adjacent_vs_healthy_u1","adjacent_vs_healthy_u1","ranked","full_rank_covariate_adjusted","ranked_GSEA","GO","Biological Process","GO:0043087","regulation of GTPase activity",NA,NA,0.00122134339261709,0.00836004818357276,0.00580025993066621,NA,NA,0.319996656431479,1.51554954620807,162,FALSE,"association-level pathway result; not causal or cell-intrinsic evidence","raw_cel_rma_tier_specific_enrichment"
"adjacent_vs_healthy_u1","adjacent_vs_healthy_u1","ranked","full_rank_covariate_adjusted","ranked_GSEA","GO","Biological Process","GO:0099175","regulation of postsynapse organization",NA,NA,0.0012280906284743,0.0083969338214598,0.00582585144434595,NA,NA,0.339685271284873,1.59261367092151,145,FALSE,"association-level pathway result; not causal or cell-intrinsic evidence","raw_cel_rma_tier_specific_enrichment"
"adjacent_vs_healthy_u1","adjacent_vs_healthy_u1","ranked","full_rank_covariate_adjusted","ranked_GSEA","GO","Biological Process","GO:0007219","Notch signaling pathway",NA,NA,0.00123712918779847,0.00844938730362693,0.00586224403732595,NA,NA,0.309033762374788,1.48414334516371,176,FALSE,"association-level pathway result; not causal or cell-intrinsic evidence","raw_cel_rma_tier_specific_enrichment"
"adjacent_vs_healthy_u1","adjacent_vs_healthy_u1","ranked","full_rank_covariate_adjusted","ranked_GSEA","GO","Biological Process","GO:1903035","negative regulation of response to wounding",NA,NA,0.00124230202038549,0.00847535186313762,0.00588025843040603,NA,NA,0.378767516245394,1.66471708992173,95,FALSE,"association-level pathway result; not causal or cell-intrinsic evidence","raw_cel_rma_tier_specific_enrichment"
"adjacent_vs_healthy_u1","adjacent_vs_healthy_u1","ranked","full_rank_covariate_adjusted","ranked_GSEA","GO","Biological Process","GO:1903707","negative regulation of hemopoiesis",NA,NA,0.00125504346844538,0.00855143714613192,0.00593304693216758,NA,NA,0.34727985401589,1.57774808617755,118,FALSE,"association-level pathway result; not causal or cell-intrinsic evidence","raw_cel_rma_tier_specific_enrichment"
"adjacent_vs_healthy_u1","adjacent_vs_healthy_u1","ranked","full_rank_covariate_adjusted","ranked_GSEA","GO","Biological Process","GO:1902107","positive regulation of leukocyte differentiation",NA,NA,0.00125760497748486,0.00855143714613192,0.00593304693216758,NA,NA,0.321527132635132,1.56162936313355,190,FALSE,"association-level pathway result; not causal or cell-intrinsic evidence","raw_cel_rma_tier_specific_enrichment"
"adjacent_vs_healthy_u1","adjacent_vs_healthy_u1","ranked","full_rank_covariate_adjusted","ranked_GSEA","GO","Biological Process","GO:1903708","positive regulation of hemopoiesis",NA,NA,0.00125760497748486,0.00855143714613192,0.00593304693216758,NA,NA,0.321527132635132,1.56162936313355,190,FALSE,"association-level pathway result; not causal or cell-intrinsic evidence","raw_cel_rma_tier_specific_enrichment"
"adjacent_vs_healthy_u1","adjacent_vs_healthy_u1","ranked","full_rank_covariate_adjusted","ranked_GSEA","GO","Biological Process","GO:1902106","negative regulation of leukocyte differentiation",NA,NA,0.00127589184145705,0.00866624996928136,0.00601270487229153,NA,NA,0.353961247363649,1.58496657059416,113,FALSE,"association-level pathway result; not causal or cell-intrinsic evidence","raw_cel_rma_tier_specific_enrichment"
"adjacent_vs_healthy_u1","adjacent_vs_healthy_u1","ranked","full_rank_covariate_adjusted","ranked_GSEA","GO","Biological Process","GO:0002028","regulation of sodium ion transport",NA,NA,0.00128052636786516,0.00868818164629476,0.00602792122327418,NA,NA,0.399490580614106,1.68336020168787,74,FALSE,"association-level pathway result; not causal or cell-intrinsic evidence","raw_cel_rma_tier_specific_enrichment"
"adjacent_vs_healthy_u1","adjacent_vs_healthy_u1","ranked","full_rank_covariate_adjusted","ranked_GSEA","GO","Biological Process","GO:0072655","establishment of protein localization to mitochondrion",NA,NA,0.00128409590369088,0.00870284734727341,0.00603809638923899,NA,NA,-0.369663663120887,-1.58086790985353,121,FALSE,"association-level pathway result; not causal or cell-intrinsic evidence","raw_cel_rma_tier_specific_enrichment"
"adjacent_vs_healthy_u1","adjacent_vs_healthy_u1","ranked","full_rank_covariate_adjusted","ranked_GSEA","GO","Biological Process","GO:0045428","regulation of nitric oxide biosynthetic process",NA,NA,0.00129388581835303,0.00875000901886224,0.00607081748700939,NA,NA,0.436209957490106,1.74031672115327,55,FALSE,"association-level pathway result; not causal or cell-intrinsic evidence","raw_cel_rma_tier_specific_enrichment"
"adjacent_vs_healthy_u1","adjacent_vs_healthy_u1","ranked","full_rank_covariate_adjusted","ranked_GSEA","GO","Biological Process","GO:0035148","tube formation",NA,NA,0.00129306837751181,0.00875000901886224,0.00607081748700939,NA,NA,0.327669641946174,1.53670730844733,146,FALSE,"association-level pathway result; not causal or cell-intrinsic evidence","raw_cel_rma_tier_specific_enrichment"
"adjacent_vs_healthy_u1","adjacent_vs_healthy_u1","ranked","full_rank_covariate_adjusted","ranked_GSEA","GO","Biological Process","GO:0046660","female sex differentiation",NA,NA,0.00130053336870586,0.00877576064625647,0.00608868414629703,NA,NA,0.347752247770755,1.5887772531054,123,FALSE,"association-level pathway result; not causal or cell-intrinsic evidence","raw_cel_rma_tier_specific_enrichment"
"adjacent_vs_healthy_u1","adjacent_vs_healthy_u1","ranked","full_rank_covariate_adjusted","ranked_GSEA","GO","Biological Process","GO:0090150","establishment of protein localization to membrane",NA,NA,0.00129913764957176,0.00877576064625647,0.00608868414629703,NA,NA,-0.314630309859849,-1.49407936870892,256,FALSE,"association-level pathway result; not causal or cell-intrinsic evidence","raw_cel_rma_tier_specific_enrichment"
"adjacent_vs_healthy_u1","adjacent_vs_healthy_u1","ranked","full_rank_covariate_adjusted","ranked_GSEA","GO","Biological Process","GO:0019216","regulation of lipid metabolic process",NA,NA,0.00130651765243424,0.00879857041730231,0.00610450972506401,NA,NA,0.273848182797684,1.4075871686638,308,FALSE,"association-level pathway result; not causal or cell-intrinsic evidence","raw_cel_rma_tier_specific_enrichment"
"adjacent_vs_healthy_u1","adjacent_vs_healthy_u1","ranked","full_rank_covariate_adjusted","ranked_GSEA","GO","Biological Process","GO:0051051","negative regulation of transport",NA,NA,0.00130676066058624,0.00879857041730231,0.00610450972506401,NA,NA,0.254425526676433,1.34821276140363,396,FALSE,"association-level pathway result; not causal or cell-intrinsic evidence","raw_cel_rma_tier_specific_enrichment"
"adjacent_vs_healthy_u1","adjacent_vs_healthy_u1","ranked","full_rank_covariate_adjusted","ranked_GSEA","GO","Biological Process","GO:0046822","regulation of nucleocytoplasmic transport",NA,NA,0.0013228282264551,0.00889706340339391,0.0061728448480363,NA,NA,0.353808324799428,1.59163752713843,116,FALSE,"association-level pathway result; not causal or cell-intrinsic evidence","raw_cel_rma_tier_specific_enrichment"
"adjacent_vs_healthy_u1","adjacent_vs_healthy_u1","ranked","full_rank_covariate_adjusted","ranked_GSEA","GO","Biological Process","GO:0043113","receptor clustering",NA,NA,0.00132536124864185,0.00890441073679921,0.00617794247936716,NA,NA,0.434624188876603,1.79760663034874,61,FALSE,"association-level pathway result; not causal or cell-intrinsic evidence","raw_cel_rma_tier_specific_enrichment"
"adjacent_vs_healthy_u1","adjacent_vs_healthy_u1","ranked","full_rank_covariate_adjusted","ranked_GSEA","GO","Biological Process","GO:0043123","positive regulation of canonical NF-kappaB signal transduction",NA,NA,0.00132684571600194,0.00890470507123558,0.00617814669065877,NA,NA,0.308710806571856,1.51444488134216,205,FALSE,"association-level pathway result; not causal or cell-intrinsic evidence","raw_cel_rma_tier_specific_enrichment"
"adjacent_vs_healthy_u1","adjacent_vs_healthy_u1","ranked","full_rank_covariate_adjusted","ranked_GSEA","GO","Biological Process","GO:0043254","regulation of protein-containing complex assembly",NA,NA,0.00133114085272777,0.00892384122636695,0.00619142348899752,NA,NA,0.256543917090505,1.3656617102031,410,FALSE,"association-level pathway result; not causal or cell-intrinsic evidence","raw_cel_rma_tier_specific_enrichment"
"adjacent_vs_healthy_u1","adjacent_vs_healthy_u1","ranked","full_rank_covariate_adjusted","ranked_GSEA","GO","Biological Process","GO:0060218","hematopoietic stem cell differentiation",NA,NA,0.00134138606875643,0.00897041378134422,0.00622373585354037,NA,NA,0.505060312135022,1.85119400779639,37,FALSE,"association-level pathway result; not causal or cell-intrinsic evidence","raw_cel_rma_tier_specific_enrichment"
"adjacent_vs_healthy_u1","adjacent_vs_healthy_u1","ranked","full_rank_covariate_adjusted","ranked_GSEA","GO","Biological Process","GO:0042551","neuron maturation",NA,NA,0.00134679566236652,0.00897041378134422,0.00622373585354037,NA,NA,0.455313487667546,1.77101283165689,49,FALSE,"association-level pathway result; not causal or cell-intrinsic evidence","raw_cel_rma_tier_specific_enrichment"
"adjacent_vs_healthy_u1","adjacent_vs_healthy_u1","ranked","full_rank_covariate_adjusted","ranked_GSEA","GO","Biological Process","GO:0043271","negative regulation of monoatomic ion transport",NA,NA,0.00134448470510427,0.00897041378134422,0.00622373585354037,NA,NA,0.355920850820884,1.59217332621299,106,FALSE,"association-level pathway result; not causal or cell-intrinsic evidence","raw_cel_rma_tier_specific_enrichment"
"adjacent_vs_healthy_u1","adjacent_vs_healthy_u1","ranked","full_rank_covariate_adjusted","ranked_GSEA","GO","Biological Process","GO:0046488","phosphatidylinositol metabolic process",NA,NA,0.00134286014442574,0.00897041378134422,0.00622373585354037,NA,NA,-0.354921784819708,-1.56569406147467,149,FALSE,"association-level pathway result; not causal or cell-intrinsic evidence","raw_cel_rma_tier_specific_enrichment"
"adjacent_vs_healthy_u1","adjacent_vs_healthy_u1","ranked","full_rank_covariate_adjusted","ranked_GSEA","GO","Biological Process","GO:0046890","regulation of lipid biosynthetic process",NA,NA,0.00134612441988588,0.00897041378134422,0.00622373585354037,NA,NA,0.311642359391284,1.49816393187033,180,FALSE,"association-level pathway result; not causal or cell-intrinsic evidence","raw_cel_rma_tier_specific_enrichment"
"adjacent_vs_healthy_u1","adjacent_vs_healthy_u1","ranked","full_rank_covariate_adjusted","ranked_GSEA","GO","Biological Process","GO:2001233","regulation of apoptotic signaling pathway",NA,NA,0.00134206915318075,0.00897041378134422,0.00622373585354037,NA,NA,0.261355350386853,1.36855424004585,359,FALSE,"association-level pathway result; not causal or cell-intrinsic evidence","raw_cel_rma_tier_specific_enrichment"
"adjacent_vs_healthy_u1","adjacent_vs_healthy_u1","ranked","full_rank_covariate_adjusted","ranked_GSEA","GO","Biological Process","GO:0070486","leukocyte aggregation",NA,NA,0.00135388813307236,0.0090079467712812,0.00624977650460232,NA,NA,0.706184679835308,1.98177318284035,13,FALSE,"association-level pathway result; not causal or cell-intrinsic evidence","raw_cel_rma_tier_specific_enrichment"
"adjacent_vs_healthy_u1","adjacent_vs_healthy_u1","ranked","full_rank_covariate_adjusted","ranked_GSEA","GO","Biological Process","GO:0010470","regulation of gastrulation",NA,NA,0.00135782944744118,0.00901012417824367,0.00625128720478967,NA,NA,0.660294289525258,1.91065164929344,15,FALSE,"association-level pathway result; not causal or cell-intrinsic evidence","raw_cel_rma_tier_specific_enrichment"
"adjacent_vs_healthy_u1","adjacent_vs_healthy_u1","ranked","full_rank_covariate_adjusted","ranked_GSEA","GO","Biological Process","GO:0060993","kidney morphogenesis",NA,NA,0.00135584654768261,0.00901012417824367,0.00625128720478967,NA,NA,0.363159568814113,1.59981949826815,97,FALSE,"association-level pathway result; not causal or cell-intrinsic evidence","raw_cel_rma_tier_specific_enrichment"
"adjacent_vs_healthy_u1","adjacent_vs_healthy_u1","ranked","full_rank_covariate_adjusted","ranked_GSEA","GO","Biological Process","GO:1902905","positive regulation of supramolecular fiber organization",NA,NA,0.00135858853488482,0.00901012417824367,0.00625128720478967,NA,NA,0.314019496576394,1.49647977122171,170,FALSE,"association-level pathway result; not causal or cell-intrinsic evidence","raw_cel_rma_tier_specific_enrichment"
"adjacent_vs_healthy_u1","adjacent_vs_healthy_u1","ranked","full_rank_covariate_adjusted","ranked_GSEA","GO","Biological Process","GO:0048675","axon extension",NA,NA,0.00137129779039125,0.0090846641397731,0.00630300355170524,NA,NA,0.359078947193926,1.6064746894554,109,FALSE,"association-level pathway result; not causal or cell-intrinsic evidence","raw_cel_rma_tier_specific_enrichment"
"adjacent_vs_healthy_u1","adjacent_vs_healthy_u1","ranked","full_rank_covariate_adjusted","ranked_GSEA","GO","Biological Process","GO:0061900","glial cell activation",NA,NA,0.00139621799446486,0.00923985377279152,0.0064106752050601,NA,NA,0.456426592419521,1.79401665688498,51,FALSE,"association-level pathway result; not causal or cell-intrinsic evidence","raw_cel_rma_tier_specific_enrichment"
"adjacent_vs_healthy_u1","adjacent_vs_healthy_u1","ranked","full_rank_covariate_adjusted","ranked_GSEA","GO","Biological Process","GO:0003180","aortic valve morphogenesis",NA,NA,0.00140067751404454,0.00924955952383474,0.00641740912305158,NA,NA,0.495085324427163,1.83244210843018,39,FALSE,"association-level pathway result; not causal or cell-intrinsic evidence","raw_cel_rma_tier_specific_enrichment"
"adjacent_vs_healthy_u1","adjacent_vs_healthy_u1","ranked","full_rank_covariate_adjusted","ranked_GSEA","GO","Biological Process","GO:1990874","vascular associated smooth muscle cell proliferation",NA,NA,0.00140034615695799,0.00924955952383474,0.00641740912305158,NA,NA,0.439273431968092,1.80665582997447,60,FALSE,"association-level pathway result; not causal or cell-intrinsic evidence","raw_cel_rma_tier_specific_enrichment"
"adjacent_vs_healthy_u1","adjacent_vs_healthy_u1","ranked","full_rank_covariate_adjusted","ranked_GSEA","GO","Biological Process","GO:1902686","mitochondrial outer membrane permeabilization involved in programmed cell death",NA,NA,0.00140404146351661,0.00926187864033741,0.00642595621228632,NA,NA,-0.521542211671727,-1.78358541320858,36,FALSE,"association-level pathway result; not causal or cell-intrinsic evidence","raw_cel_rma_tier_specific_enrichment"
"adjacent_vs_healthy_u1","adjacent_vs_healthy_u1","ranked","full_rank_covariate_adjusted","ranked_GSEA","GO","Biological Process","GO:0050770","regulation of axonogenesis",NA,NA,0.00140946366404595,0.00928773444292964,0.00644389514905531,NA,NA,0.329155834175903,1.52634188525435,141,FALSE,"association-level pathway result; not causal or cell-intrinsic evidence","raw_cel_rma_tier_specific_enrichment"
"adjacent_vs_healthy_u1","adjacent_vs_healthy_u1","ranked","full_rank_covariate_adjusted","ranked_GSEA","GO","Biological Process","GO:0051497","negative regulation of stress fiber assembly",NA,NA,0.00142148983318728,0.00935700602655015,0.00649195625851128,NA,NA,0.553327236834765,1.89830082309047,28,FALSE,"association-level pathway result; not causal or cell-intrinsic evidence","raw_cel_rma_tier_specific_enrichment"
"adjacent_vs_healthy_u1","adjacent_vs_healthy_u1","ranked","full_rank_covariate_adjusted","ranked_GSEA","GO","Biological Process","GO:1905048","regulation of metallopeptidase activity",NA,NA,0.00142590646851957,0.00936612952382516,0.00649828620476395,NA,NA,0.729624378371849,1.95135558371363,11,FALSE,"association-level pathway result; not causal or cell-intrinsic evidence","raw_cel_rma_tier_specific_enrichment"
"adjacent_vs_healthy_u1","adjacent_vs_healthy_u1","ranked","full_rank_covariate_adjusted","ranked_GSEA","GO","Biological Process","GO:1901889","negative regulation of cell junction assembly",NA,NA,0.00142538315129398,0.00936612952382516,0.00649828620476395,NA,NA,0.539868414543796,1.90576063586427,32,FALSE,"association-level pathway result; not causal or cell-intrinsic evidence","raw_cel_rma_tier_specific_enrichment"
"adjacent_vs_healthy_u1","adjacent_vs_healthy_u1","ranked","full_rank_covariate_adjusted","ranked_GSEA","GO","Biological Process","GO:0050728","negative regulation of inflammatory response",NA,NA,0.00144109438451296,0.00945584330220232,0.00656053025198993,NA,NA,0.317540259878282,1.50672036628262,164,FALSE,"association-level pathway result; not causal or cell-intrinsic evidence","raw_cel_rma_tier_specific_enrichment"
"adjacent_vs_healthy_u1","adjacent_vs_healthy_u1","ranked","full_rank_covariate_adjusted","ranked_GSEA","GO","Biological Process","GO:0045995","regulation of embryonic development",NA,NA,0.00144428691786651,0.00946423921155256,0.00656635539264897,NA,NA,0.378954950015813,1.65554311828409,88,FALSE,"association-level pathway result; not causal or cell-intrinsic evidence","raw_cel_rma_tier_specific_enrichment"
"adjacent_vs_healthy_u1","adjacent_vs_healthy_u1","ranked","full_rank_covariate_adjusted","ranked_GSEA","GO","Biological Process","GO:0090257","regulation of muscle system process",NA,NA,0.001445436307346,0.00946423921155256,0.00656635539264897,NA,NA,0.291280966655208,1.44500146841282,223,FALSE,"association-level pathway result; not causal or cell-intrinsic evidence","raw_cel_rma_tier_specific_enrichment"
"adjacent_vs_healthy_u1","adjacent_vs_healthy_u1","ranked","full_rank_covariate_adjusted","ranked_GSEA","GO","Biological Process","GO:0072015","podocyte development",NA,NA,0.00145037249739139,0.00948651048293776,0.00658180735658315,NA,NA,0.71958420878609,1.98484978466728,12,FALSE,"association-level pathway result; not causal or cell-intrinsic evidence","raw_cel_rma_tier_specific_enrichment"
"adjacent_vs_healthy_u1","adjacent_vs_healthy_u1","ranked","full_rank_covariate_adjusted","ranked_GSEA","GO","Biological Process","GO:0080164","regulation of nitric oxide metabolic process",NA,NA,0.00145201124492576,0.00948718975146522,0.00658227863784081,NA,NA,0.431481996407367,1.73951983822546,57,FALSE,"association-level pathway result; not causal or cell-intrinsic evidence","raw_cel_rma_tier_specific_enrichment"
"adjacent_vs_healthy_u1","adjacent_vs_healthy_u1","ranked","full_rank_covariate_adjusted","ranked_GSEA","GO","Biological Process","GO:1902742","apoptotic process involved in development",NA,NA,0.00146174496637801,0.00954070289037219,0.00661940642808203,NA,NA,0.49155625625862,1.80450053794234,38,FALSE,"association-level pathway result; not causal or cell-intrinsic evidence","raw_cel_rma_tier_specific_enrichment"
"adjacent_vs_healthy_u1","adjacent_vs_healthy_u1","ranked","full_rank_covariate_adjusted","ranked_GSEA","GO","Biological Process","GO:0008016","regulation of heart contraction",NA,NA,0.00147089625871204,0.00959030566993578,0.0066538211836474,NA,NA,0.306422776588372,1.49233515721938,195,FALSE,"association-level pathway result; not causal or cell-intrinsic evidence","raw_cel_rma_tier_specific_enrichment"
"adjacent_vs_healthy_u1","adjacent_vs_healthy_u1","ranked","full_rank_covariate_adjusted","ranked_GSEA","GO","Biological Process","GO:0071675","regulation of mononuclear cell migration",NA,NA,0.00147577457534605,0.00961197328789664,0.0066688543286116,NA,NA,0.338768889500288,1.56986961574467,138,FALSE,"association-level pathway result; not causal or cell-intrinsic evidence","raw_cel_rma_tier_specific_enrichment"
"adjacent_vs_healthy_u1","adjacent_vs_healthy_u1","ranked","full_rank_covariate_adjusted","ranked_GSEA","GO","Biological Process","GO:0051168","nuclear export",NA,NA,0.00147828754656206,0.00961820560557907,0.00667317835423141,NA,NA,0.317702466210134,1.50468393596186,162,FALSE,"association-level pathway result; not causal or cell-intrinsic evidence","raw_cel_rma_tier_specific_enrichment"
"adjacent_vs_healthy_u1","adjacent_vs_healthy_u1","ranked","full_rank_covariate_adjusted","ranked_GSEA","GO","Biological Process","GO:0032511","late endosome to vacuole transport via multivesicular body sorting pathway",NA,NA,0.00148691216698886,0.00966414732298438,0.00670505303925244,NA,NA,-0.566788685945993,-1.7934684972558,26,FALSE,"association-level pathway result; not causal or cell-intrinsic evidence","raw_cel_rma_tier_specific_enrichment"
"adjacent_vs_healthy_u1","adjacent_vs_healthy_u1","ranked","full_rank_covariate_adjusted","ranked_GSEA","GO","Biological Process","GO:0034644","cellular response to UV",NA,NA,0.00149452173979387,0.00970340217822051,0.006732288332508,NA,NA,0.377963753716909,1.65121287213886,88,FALSE,"association-level pathway result; not causal or cell-intrinsic evidence","raw_cel_rma_tier_specific_enrichment"
"adjacent_vs_healthy_u1","adjacent_vs_healthy_u1","ranked","full_rank_covariate_adjusted","ranked_GSEA","GO","Biological Process","GO:0001937","negative regulation of endothelial cell proliferation",NA,NA,0.00150821735031376,0.00977179396466392,0.00677973903252596,NA,NA,0.492660505116963,1.84940317645876,42,FALSE,"association-level pathway result; not causal or cell-intrinsic evidence","raw_cel_rma_tier_specific_enrichment"
"adjacent_vs_healthy_u1","adjacent_vs_healthy_u1","ranked","full_rank_covariate_adjusted","ranked_GSEA","GO","Biological Process","GO:0001655","urogenital system development",NA,NA,0.00150725080315663,0.00977179396466392,0.00677973903252596,NA,NA,0.41491861565773,1.7109047508002,64,FALSE,"association-level pathway result; not causal or cell-intrinsic evidence","raw_cel_rma_tier_specific_enrichment"
"adjacent_vs_healthy_u1","adjacent_vs_healthy_u1","ranked","full_rank_covariate_adjusted","ranked_GSEA","GO","Biological Process","GO:0048639","positive regulation of developmental growth",NA,NA,0.00151437211639182,0.00980139691247943,0.00680027776487218,NA,NA,0.318472868325693,1.4982379628344,158,FALSE,"association-level pathway result; not causal or cell-intrinsic evidence","raw_cel_rma_tier_specific_enrichment"
"adjacent_vs_healthy_u1","adjacent_vs_healthy_u1","ranked","full_rank_covariate_adjusted","ranked_GSEA","GO","Biological Process","GO:0061158","3'-UTR-mediated mRNA destabilization",NA,NA,0.001520499772328,0.00983076264932986,0.0068206519185909,NA,NA,0.641871075928871,1.94444156629373,18,FALSE,"association-level pathway result; not causal or cell-intrinsic evidence","raw_cel_rma_tier_specific_enrichment"
"adjacent_vs_healthy_u1","adjacent_vs_healthy_u1","ranked","full_rank_covariate_adjusted","ranked_GSEA","GO","Biological Process","GO:0002294","CD4-positive, alpha-beta T cell differentiation involved in immune response",NA,NA,0.00153223286066751,0.00989627096320364,0.00686610204516245,NA,NA,0.383028782774786,1.65436128150177,85,FALSE,"association-level pathway result; not causal or cell-intrinsic evidence","raw_cel_rma_tier_specific_enrichment"
"adjacent_vs_healthy_u1","adjacent_vs_healthy_u1","ranked","full_rank_covariate_adjusted","ranked_GSEA","GO","Biological Process","GO:1900087","positive regulation of G1/S transition of mitotic cell cycle",NA,NA,0.00158536131529734,0.0102287247284477,0.0070967607938923,NA,NA,0.469269712556352,1.76819752243718,44,FALSE,"association-level pathway result; not causal or cell-intrinsic evidence","raw_cel_rma_tier_specific_enrichment"
"adjacent_vs_healthy_u1","adjacent_vs_healthy_u1","ranked","full_rank_covariate_adjusted","ranked_GSEA","GO","Biological Process","GO:0070585","protein localization to mitochondrion",NA,NA,0.00159434859971031,0.0102759840404686,0.00712954963527775,NA,NA,-0.361240537191894,-1.56311713443017,129,FALSE,"association-level pathway result; not causal or cell-intrinsic evidence","raw_cel_rma_tier_specific_enrichment"
"adjacent_vs_healthy_u1","adjacent_vs_healthy_u1","ranked","full_rank_covariate_adjusted","ranked_GSEA","GO","Biological Process","GO:0150076","neuroinflammatory response",NA,NA,0.00159726957379217,0.0102840867037598,0.00713517131976898,NA,NA,0.39687990259025,1.67108496536322,76,FALSE,"association-level pathway result; not causal or cell-intrinsic evidence","raw_cel_rma_tier_specific_enrichment"
"adjacent_vs_healthy_u1","adjacent_vs_healthy_u1","ranked","full_rank_covariate_adjusted","ranked_GSEA","GO","Biological Process","GO:0002675","positive regulation of acute inflammatory response",NA,NA,0.00161456886042475,0.010384651536197,0.00720494390423399,NA,NA,0.54514287707888,1.84121189505812,27,FALSE,"association-level pathway result; not causal or cell-intrinsic evidence","raw_cel_rma_tier_specific_enrichment"
"adjacent_vs_healthy_u1","adjacent_vs_healthy_u1","ranked","full_rank_covariate_adjusted","ranked_GSEA","GO","Biological Process","GO:1990182","exosomal secretion",NA,NA,0.0016177337055661,0.0103941913036425,0.00721156266164383,NA,NA,-0.622889494496155,-1.84140603439962,20,FALSE,"association-level pathway result; not causal or cell-intrinsic evidence","raw_cel_rma_tier_specific_enrichment"
"adjacent_vs_healthy_u1","adjacent_vs_healthy_u1","ranked","full_rank_covariate_adjusted","ranked_GSEA","GO","Biological Process","GO:0099172","presynapse organization",NA,NA,0.00162000891973166,0.0103980011763877,0.00721420597801474,NA,NA,0.429660476435345,1.73217637974182,57,FALSE,"association-level pathway result; not causal or cell-intrinsic evidence","raw_cel_rma_tier_specific_enrichment"
"adjacent_vs_healthy_u1","adjacent_vs_healthy_u1","ranked","full_rank_covariate_adjusted","ranked_GSEA","GO","Biological Process","GO:0045746","negative regulation of Notch signaling pathway",NA,NA,0.00163218956178347,0.0104653150221822,0.00726090879526739,NA,NA,0.492265386204881,1.82200476907326,39,FALSE,"association-level pathway result; not causal or cell-intrinsic evidence","raw_cel_rma_tier_specific_enrichment"
"adjacent_vs_healthy_u1","adjacent_vs_healthy_u1","ranked","full_rank_covariate_adjusted","ranked_GSEA","GO","Biological Process","GO:0007589","body fluid secretion",NA,NA,0.00164974628252176,0.0105669241163389,0.00733140589582074,NA,NA,0.371381086883546,1.62879531836278,90,FALSE,"association-level pathway result; not causal or cell-intrinsic evidence","raw_cel_rma_tier_specific_enrichment"
"adjacent_vs_healthy_u1","adjacent_vs_healthy_u1","ranked","full_rank_covariate_adjusted","ranked_GSEA","GO","Biological Process","GO:0072539","T-helper 17 cell differentiation",NA,NA,0.00165534080134456,0.0105917820839656,0.00734865252770814,NA,NA,0.491181791688415,1.81799409834143,39,FALSE,"association-level pathway result; not causal or cell-intrinsic evidence","raw_cel_rma_tier_specific_enrichment"
"adjacent_vs_healthy_u1","adjacent_vs_healthy_u1","ranked","full_rank_covariate_adjusted","ranked_GSEA","GO","Biological Process","GO:1900271","regulation of long-term synaptic potentiation",NA,NA,0.00166124121468317,0.0106185438965426,0.00736722006054452,NA,NA,0.481297764447584,1.79307414037643,43,FALSE,"association-level pathway result; not causal or cell-intrinsic evidence","raw_cel_rma_tier_specific_enrichment"
"adjacent_vs_healthy_u1","adjacent_vs_healthy_u1","ranked","full_rank_covariate_adjusted","ranked_GSEA","GO","Biological Process","GO:0036342","post-anal tail morphogenesis",NA,NA,0.00168042579862847,0.0107300742369035,0.00744460059114004,NA,NA,0.626390773911575,1.91691397925624,19,FALSE,"association-level pathway result; not causal or cell-intrinsic evidence","raw_cel_rma_tier_specific_enrichment"
"adjacent_vs_healthy_u1","adjacent_vs_healthy_u1","ranked","full_rank_covariate_adjusted","ranked_GSEA","GO","Biological Process","GO:0043616","keratinocyte proliferation",NA,NA,0.00168759025187012,0.0107647010802985,0.00746862493739489,NA,NA,0.435778017345953,1.76755750812131,58,FALSE,"association-level pathway result; not causal or cell-intrinsic evidence","raw_cel_rma_tier_specific_enrichment"
"adjacent_vs_healthy_u1","adjacent_vs_healthy_u1","ranked","full_rank_covariate_adjusted","ranked_GSEA","GO","Biological Process","GO:0046849","bone remodeling",NA,NA,0.00170011925092718,0.0108334402989494,0.00751631668830965,NA,NA,0.370644382630909,1.62556429642846,90,FALSE,"association-level pathway result; not causal or cell-intrinsic evidence","raw_cel_rma_tier_specific_enrichment"
"adjacent_vs_healthy_u1","adjacent_vs_healthy_u1","ranked","full_rank_covariate_adjusted","ranked_GSEA","GO","Biological Process","GO:0061045","negative regulation of wound healing",NA,NA,0.00170480277503442,0.0108442738660355,0.00752383309296376,NA,NA,0.402330929575274,1.70207697662923,72,FALSE,"association-level pathway result; not causal or cell-intrinsic evidence","raw_cel_rma_tier_specific_enrichment"
"adjacent_vs_healthy_u1","adjacent_vs_healthy_u1","ranked","full_rank_covariate_adjusted","ranked_GSEA","GO","Biological Process","GO:0009895","negative regulation of catabolic process",NA,NA,0.00170532829603405,0.0108442738660355,0.00752383309296376,NA,NA,0.266115815321266,1.38572257885688,337,FALSE,"association-level pathway result; not causal or cell-intrinsic evidence","raw_cel_rma_tier_specific_enrichment"
"adjacent_vs_healthy_u1","adjacent_vs_healthy_u1","ranked","full_rank_covariate_adjusted","ranked_GSEA","GO","Biological Process","GO:1900047","negative regulation of hemostasis",NA,NA,0.00171746409105239,0.0109102215280522,0.00756958804235133,NA,NA,0.447718268493854,1.75753065656916,50,FALSE,"association-level pathway result; not causal or cell-intrinsic evidence","raw_cel_rma_tier_specific_enrichment"
"adjacent_vs_healthy_u1","adjacent_vs_healthy_u1","ranked","full_rank_covariate_adjusted","ranked_GSEA","GO","Biological Process","GO:0022602","ovulation cycle process",NA,NA,0.00174217538131066,0.0110558378150731,0.0076706176412619,NA,NA,0.449575405299957,1.76708758654581,51,FALSE,"association-level pathway result; not causal or cell-intrinsic evidence","raw_cel_rma_tier_specific_enrichment"
"adjacent_vs_healthy_u1","adjacent_vs_healthy_u1","ranked","full_rank_covariate_adjusted","ranked_GSEA","GO","Biological Process","GO:0120162","positive regulation of cold-induced thermogenesis",NA,NA,0.00174447580936242,0.0110590820283786,0.0076728684991552,NA,NA,0.361726656612408,1.60445668777107,99,FALSE,"association-level pathway result; not causal or cell-intrinsic evidence","raw_cel_rma_tier_specific_enrichment"
"adjacent_vs_healthy_u1","adjacent_vs_healthy_u1","ranked","full_rank_covariate_adjusted","ranked_GSEA","GO","Biological Process","GO:0016053","organic acid biosynthetic process",NA,NA,0.00175053197083193,0.0110861046226559,0.00769161696416012,NA,NA,-0.292628599742139,-1.42107458560074,308,FALSE,"association-level pathway result; not causal or cell-intrinsic evidence","raw_cel_rma_tier_specific_enrichment"
"adjacent_vs_healthy_u1","adjacent_vs_healthy_u1","ranked","full_rank_covariate_adjusted","ranked_GSEA","GO","Biological Process","GO:0055010","ventricular cardiac muscle tissue morphogenesis",NA,NA,0.00176213698207647,0.0111481767514992,0.0077346830415122,NA,NA,0.453935440657647,1.74620351223995,47,FALSE,"association-level pathway result; not causal or cell-intrinsic evidence","raw_cel_rma_tier_specific_enrichment"
"adjacent_vs_healthy_u1","adjacent_vs_healthy_u1","ranked","full_rank_covariate_adjusted","ranked_GSEA","GO","Biological Process","GO:0002762","negative regulation of myeloid leukocyte differentiation",NA,NA,0.00177166204684445,0.0111969765966724,0.00776854071557884,NA,NA,0.442545261251841,1.7529658996859,53,FALSE,"association-level pathway result; not causal or cell-intrinsic evidence","raw_cel_rma_tier_specific_enrichment"
"adjacent_vs_healthy_u1","adjacent_vs_healthy_u1","ranked","full_rank_covariate_adjusted","ranked_GSEA","GO","Biological Process","GO:0051235","maintenance of location",NA,NA,0.001777782998595,0.0112241845907208,0.00778741781224237,NA,NA,0.294847527974287,1.45616941815552,213,FALSE,"association-level pathway result; not causal or cell-intrinsic evidence","raw_cel_rma_tier_specific_enrichment"
"adjacent_vs_healthy_u1","adjacent_vs_healthy_u1","ranked","full_rank_covariate_adjusted","ranked_GSEA","GO","Biological Process","GO:0001659","temperature homeostasis",NA,NA,0.00178034219333674,0.0112288725479739,0.00779067034978933,NA,NA,0.305527853389618,1.46876955695033,180,FALSE,"association-level pathway result; not causal or cell-intrinsic evidence","raw_cel_rma_tier_specific_enrichment"
"adjacent_vs_healthy_u1","adjacent_vs_healthy_u1","ranked","full_rank_covariate_adjusted","ranked_GSEA","GO","Biological Process","GO:0046173","polyol biosynthetic process",NA,NA,0.00178370344345241,0.0112386044688882,0.00779742242462053,NA,NA,-0.448507174430382,-1.71354933954695,61,FALSE,"association-level pathway result; not causal or cell-intrinsic evidence","raw_cel_rma_tier_specific_enrichment"
"adjacent_vs_healthy_u1","adjacent_vs_healthy_u1","ranked","full_rank_covariate_adjusted","ranked_GSEA","GO","Biological Process","GO:0003014","renal system process",NA,NA,0.00180504016368396,0.0113614595231472,0.00788266012096521,NA,NA,0.335737786307569,1.53584180663584,126,FALSE,"association-level pathway result; not causal or cell-intrinsic evidence","raw_cel_rma_tier_specific_enrichment"
"adjacent_vs_healthy_u1","adjacent_vs_healthy_u1","ranked","full_rank_covariate_adjusted","ranked_GSEA","GO","Biological Process","GO:0048146","positive regulation of fibroblast proliferation",NA,NA,0.00182138304569431,0.0114410250055249,0.0079378632094123,NA,NA,0.454141431008089,1.79992158296602,52,FALSE,"association-level pathway result; not causal or cell-intrinsic evidence","raw_cel_rma_tier_specific_enrichment"
"adjacent_vs_healthy_u1","adjacent_vs_healthy_u1","ranked","full_rank_covariate_adjusted","ranked_GSEA","GO","Biological Process","GO:0030902","hindbrain development",NA,NA,0.00182012766863969,0.0114410250055249,0.0079378632094123,NA,NA,0.318302695566937,1.49939093909325,156,FALSE,"association-level pathway result; not causal or cell-intrinsic evidence","raw_cel_rma_tier_specific_enrichment"
"adjacent_vs_healthy_u1","adjacent_vs_healthy_u1","ranked","full_rank_covariate_adjusted","ranked_GSEA","GO","Biological Process","GO:0045666","positive regulation of neuron differentiation",NA,NA,0.0018260517865077,0.011458706692796,0.0079501308877717,NA,NA,0.369778034609106,1.62176468559252,90,FALSE,"association-level pathway result; not causal or cell-intrinsic evidence","raw_cel_rma_tier_specific_enrichment"
"adjacent_vs_healthy_u1","adjacent_vs_healthy_u1","ranked","full_rank_covariate_adjusted","ranked_GSEA","GO","Biological Process","GO:0086003","cardiac muscle cell contraction",NA,NA,0.00183104736685041,0.0114784013940187,0.00796379520929708,NA,NA,0.385900270095281,1.64918139224992,82,FALSE,"association-level pathway result; not causal or cell-intrinsic evidence","raw_cel_rma_tier_specific_enrichment"
"adjacent_vs_healthy_u1","adjacent_vs_healthy_u1","ranked","full_rank_covariate_adjusted","ranked_GSEA","GO","Biological Process","GO:0050890","cognition",NA,NA,0.0018488943185388,0.0115785367607784,0.0080332698274698,NA,NA,0.263868741369222,1.3613896705473,317,FALSE,"association-level pathway result; not causal or cell-intrinsic evidence","raw_cel_rma_tier_specific_enrichment"
"adjacent_vs_healthy_u1","adjacent_vs_healthy_u1","ranked","full_rank_covariate_adjusted","ranked_GSEA","GO","Biological Process","GO:0060042","retina morphogenesis in camera-type eye",NA,NA,0.00186071650771077,0.0116407780710124,0.00807645328405462,NA,NA,0.406848496630917,1.69777701699318,66,FALSE,"association-level pathway result; not causal or cell-intrinsic evidence","raw_cel_rma_tier_specific_enrichment"
"adjacent_vs_healthy_u1","adjacent_vs_healthy_u1","ranked","full_rank_covariate_adjusted","ranked_GSEA","GO","Biological Process","GO:0030195","negative regulation of blood coagulation",NA,NA,0.00186573191608735,0.011660352854738,0.00809003440598143,NA,NA,0.448135594375436,1.74309329606458,49,FALSE,"association-level pathway result; not causal or cell-intrinsic evidence","raw_cel_rma_tier_specific_enrichment"
"adjacent_vs_healthy_u1","adjacent_vs_healthy_u1","ranked","full_rank_covariate_adjusted","ranked_GSEA","GO","Biological Process","GO:0002063","chondrocyte development",NA,NA,0.00187171097624498,0.011685904590071,0.00810776237875818,NA,NA,0.532433800480024,1.86680612690926,31,FALSE,"association-level pathway result; not causal or cell-intrinsic evidence","raw_cel_rma_tier_specific_enrichment"
"adjacent_vs_healthy_u1","adjacent_vs_healthy_u1","ranked","full_rank_covariate_adjusted","ranked_GSEA","GO","Biological Process","GO:0014015","positive regulation of gliogenesis",NA,NA,0.00187642484103123,0.0117035135644945,0.00811997960843509,NA,NA,0.407557240705712,1.7055153074895,69,FALSE,"association-level pathway result; not causal or cell-intrinsic evidence","raw_cel_rma_tier_specific_enrichment"
"adjacent_vs_healthy_u1","adjacent_vs_healthy_u1","ranked","full_rank_covariate_adjusted","ranked_GSEA","GO","Biological Process","GO:0034727","piecemeal microautophagy of the nucleus",NA,NA,0.00190460659588336,0.0118631283171036,0.00823072144072755,NA,NA,-0.627717872041249,-1.80997455776563,18,FALSE,"association-level pathway result; not causal or cell-intrinsic evidence","raw_cel_rma_tier_specific_enrichment"
"adjacent_vs_healthy_u1","adjacent_vs_healthy_u1","ranked","full_rank_covariate_adjusted","ranked_GSEA","GO","Biological Process","GO:0006406","mRNA export from nucleus",NA,NA,0.00190585446026272,0.0118631283171036,0.00823072144072755,NA,NA,0.41077934686666,1.6938365972582,64,FALSE,"association-level pathway result; not causal or cell-intrinsic evidence","raw_cel_rma_tier_specific_enrichment"
"adjacent_vs_healthy_u1","adjacent_vs_healthy_u1","ranked","full_rank_covariate_adjusted","ranked_GSEA","GO","Biological Process","GO:0030857","negative regulation of epithelial cell differentiation",NA,NA,0.00191515456493662,0.011901834562139,0.00825757610438686,NA,NA,0.44600567803875,1.73480865424132,49,FALSE,"association-level pathway result; not causal or cell-intrinsic evidence","raw_cel_rma_tier_specific_enrichment"
"adjacent_vs_healthy_u1","adjacent_vs_healthy_u1","ranked","full_rank_covariate_adjusted","ranked_GSEA","GO","Biological Process","GO:0007623","circadian rhythm",NA,NA,0.00191592386172599,0.011901834562139,0.00825757610438686,NA,NA,0.297723996497126,1.4594892384268,201,FALSE,"association-level pathway result; not causal or cell-intrinsic evidence","raw_cel_rma_tier_specific_enrichment"
"adjacent_vs_healthy_u1","adjacent_vs_healthy_u1","ranked","full_rank_covariate_adjusted","ranked_GSEA","GO","Biological Process","GO:0043500","muscle adaptation",NA,NA,0.00191859169139148,0.0119064410085248,0.00826077208912374,NA,NA,0.355741217247566,1.58375828707873,104,FALSE,"association-level pathway result; not causal or cell-intrinsic evidence","raw_cel_rma_tier_specific_enrichment"
"adjacent_vs_healthy_u1","adjacent_vs_healthy_u1","ranked","full_rank_covariate_adjusted","ranked_GSEA","GO","Biological Process","GO:1902041","regulation of extrinsic apoptotic signaling pathway via death domain receptors",NA,NA,0.00192430547445884,0.0119290755654093,0.0082764761030795,NA,NA,0.462257129395292,1.75208185500684,45,FALSE,"association-level pathway result; not causal or cell-intrinsic evidence","raw_cel_rma_tier_specific_enrichment"
"adjacent_vs_healthy_u1","adjacent_vs_healthy_u1","ranked","full_rank_covariate_adjusted","ranked_GSEA","GO","Biological Process","GO:0035384","thioester biosynthetic process",NA,NA,0.00192802887717909,0.0119290755654093,0.0082764761030795,NA,NA,-0.471367130944035,-1.71131424716004,48,FALSE,"association-level pathway result; not causal or cell-intrinsic evidence","raw_cel_rma_tier_specific_enrichment"
"adjacent_vs_healthy_u1","adjacent_vs_healthy_u1","ranked","full_rank_covariate_adjusted","ranked_GSEA","GO","Biological Process","GO:0071616","acyl-CoA biosynthetic process",NA,NA,0.00192802887717909,0.0119290755654093,0.0082764761030795,NA,NA,-0.471367130944035,-1.71131424716004,48,FALSE,"association-level pathway result; not causal or cell-intrinsic evidence","raw_cel_rma_tier_specific_enrichment"
"adjacent_vs_healthy_u1","adjacent_vs_healthy_u1","ranked","full_rank_covariate_adjusted","ranked_GSEA","GO","Biological Process","GO:0061298","retina vasculature development in camera-type eye",NA,NA,0.00194026142465385,0.0119927558657854,0.0083206579410945,NA,NA,0.599329657940693,1.85292944148657,20,FALSE,"association-level pathway result; not causal or cell-intrinsic evidence","raw_cel_rma_tier_specific_enrichment"
"adjacent_vs_healthy_u1","adjacent_vs_healthy_u1","ranked","full_rank_covariate_adjusted","ranked_GSEA","GO","Biological Process","GO:0071985","multivesicular body sorting pathway",NA,NA,0.00195873809019242,0.0120834360056538,0.00838357245668536,NA,NA,-0.49866401251368,-1.78182604478252,43,FALSE,"association-level pathway result; not causal or cell-intrinsic evidence","raw_cel_rma_tier_specific_enrichment"
"adjacent_vs_healthy_u1","adjacent_vs_healthy_u1","ranked","full_rank_covariate_adjusted","ranked_GSEA","GO","Biological Process","GO:0007033","vacuole organization",NA,NA,0.00195884207695601,0.0120834360056538,0.00838357245668536,NA,NA,-0.311756766227471,-1.46253513295202,225,FALSE,"association-level pathway result; not causal or cell-intrinsic evidence","raw_cel_rma_tier_specific_enrichment"
"adjacent_vs_healthy_u1","adjacent_vs_healthy_u1","ranked","full_rank_covariate_adjusted","ranked_GSEA","GO","Biological Process","GO:0090025","regulation of monocyte chemotaxis",NA,NA,0.00197272022525777,0.0121569129733981,0.00843455129107431,NA,NA,0.54081630334413,1.86429055987354,29,FALSE,"association-level pathway result; not causal or cell-intrinsic evidence","raw_cel_rma_tier_specific_enrichment"
"adjacent_vs_healthy_u1","adjacent_vs_healthy_u1","ranked","full_rank_covariate_adjusted","ranked_GSEA","GO","Biological Process","GO:0045176","apical protein localization",NA,NA,0.00203130086834042,0.0124805871443461,0.00865911869584482,NA,NA,0.641400838338238,1.8559808695457,15,FALSE,"association-level pathway result; not causal or cell-intrinsic evidence","raw_cel_rma_tier_specific_enrichment"
"adjacent_vs_healthy_u1","adjacent_vs_healthy_u1","ranked","full_rank_covariate_adjusted","ranked_GSEA","GO","Biological Process","GO:2001238","positive regulation of extrinsic apoptotic signaling pathway",NA,NA,0.00202800445494513,0.0124805871443461,0.00865911869584482,NA,NA,0.425340358174497,1.71475982127404,57,FALSE,"association-level pathway result; not causal or cell-intrinsic evidence","raw_cel_rma_tier_specific_enrichment"
"adjacent_vs_healthy_u1","adjacent_vs_healthy_u1","ranked","full_rank_covariate_adjusted","ranked_GSEA","GO","Biological Process","GO:0042147","retrograde transport, endosome to Golgi",NA,NA,0.00203005233569542,0.0124805871443461,0.00865911869584482,NA,NA,-0.38856587065808,-1.59958136878132,93,FALSE,"association-level pathway result; not causal or cell-intrinsic evidence","raw_cel_rma_tier_specific_enrichment"
"adjacent_vs_healthy_u1","adjacent_vs_healthy_u1","ranked","full_rank_covariate_adjusted","ranked_GSEA","GO","Biological Process","GO:0006575","modified amino acid metabolic process",NA,NA,0.00203969372158312,0.0125197089305911,0.00868626166490316,NA,NA,-0.335365401229819,-1.50318172252858,162,FALSE,"association-level pathway result; not causal or cell-intrinsic evidence","raw_cel_rma_tier_specific_enrichment"
"adjacent_vs_healthy_u1","adjacent_vs_healthy_u1","ranked","full_rank_covariate_adjusted","ranked_GSEA","GO","Biological Process","GO:0003407","neural retina development",NA,NA,0.00205007238844207,0.0125709299930163,0.00872179919644216,NA,NA,0.381114062876275,1.65349419915693,86,FALSE,"association-level pathway result; not causal or cell-intrinsic evidence","raw_cel_rma_tier_specific_enrichment"
"adjacent_vs_healthy_u1","adjacent_vs_healthy_u1","ranked","full_rank_covariate_adjusted","ranked_GSEA","GO","Biological Process","GO:0006405","RNA export from nucleus",NA,NA,0.00206152530681326,0.0126286302491702,0.00876183203792939,NA,NA,0.390925248540621,1.67767972282324,84,FALSE,"association-level pathway result; not causal or cell-intrinsic evidence","raw_cel_rma_tier_specific_enrichment"
"adjacent_vs_healthy_u1","adjacent_vs_healthy_u1","ranked","full_rank_covariate_adjusted","ranked_GSEA","GO","Biological Process","GO:0072574","hepatocyte proliferation",NA,NA,0.00210100236872465,0.0127943972864931,0.00887684236840795,NA,NA,0.560937100169894,1.85733448453347,24,FALSE,"association-level pathway result; not causal or cell-intrinsic evidence","raw_cel_rma_tier_specific_enrichment"
"adjacent_vs_healthy_u1","adjacent_vs_healthy_u1","ranked","full_rank_covariate_adjusted","ranked_GSEA","GO","Biological Process","GO:0072575","epithelial cell proliferation involved in liver morphogenesis",NA,NA,0.00210100236872465,0.0127943972864931,0.00887684236840795,NA,NA,0.560937100169894,1.85733448453347,24,FALSE,"association-level pathway result; not causal or cell-intrinsic evidence","raw_cel_rma_tier_specific_enrichment"
"adjacent_vs_healthy_u1","adjacent_vs_healthy_u1","ranked","full_rank_covariate_adjusted","ranked_GSEA","GO","Biological Process","GO:0002287","alpha-beta T cell activation involved in immune response",NA,NA,0.0021010052169213,0.0127943972864931,0.00887684236840795,NA,NA,0.380249333336088,1.64974250007831,86,FALSE,"association-level pathway result; not causal or cell-intrinsic evidence","raw_cel_rma_tier_specific_enrichment"
"adjacent_vs_healthy_u1","adjacent_vs_healthy_u1","ranked","full_rank_covariate_adjusted","ranked_GSEA","GO","Biological Process","GO:0002293","alpha-beta T cell differentiation involved in immune response",NA,NA,0.0021010052169213,0.0127943972864931,0.00887684236840795,NA,NA,0.380249333336088,1.64974250007831,86,FALSE,"association-level pathway result; not causal or cell-intrinsic evidence","raw_cel_rma_tier_specific_enrichment"
"adjacent_vs_healthy_u1","adjacent_vs_healthy_u1","ranked","full_rank_covariate_adjusted","ranked_GSEA","GO","Biological Process","GO:0008589","regulation of smoothened signaling pathway",NA,NA,0.00209885946140379,0.0127943972864931,0.00887684236840795,NA,NA,0.37430354576872,1.59872565077944,83,FALSE,"association-level pathway result; not causal or cell-intrinsic evidence","raw_cel_rma_tier_specific_enrichment"
"adjacent_vs_healthy_u1","adjacent_vs_healthy_u1","ranked","full_rank_covariate_adjusted","ranked_GSEA","GO","Biological Process","GO:0008037","cell recognition",NA,NA,0.00209212281234769,0.0127943972864931,0.00887684236840795,NA,NA,0.327622421151777,1.5464991401775,153,FALSE,"association-level pathway result; not causal or cell-intrinsic evidence","raw_cel_rma_tier_specific_enrichment"
"adjacent_vs_healthy_u1","adjacent_vs_healthy_u1","ranked","full_rank_covariate_adjusted","ranked_GSEA","GO","Biological Process","GO:0072378","blood coagulation, fibrin clot formation",NA,NA,0.00213992557409625,0.0130185826510718,0.00903238374312901,NA,NA,0.639388888375947,1.85015901772186,15,FALSE,"association-level pathway result; not causal or cell-intrinsic evidence","raw_cel_rma_tier_specific_enrichment"
"adjacent_vs_healthy_u1","adjacent_vs_healthy_u1","ranked","full_rank_covariate_adjusted","ranked_GSEA","GO","Biological Process","GO:0072310","glomerular epithelial cell development",NA,NA,0.00214275453111073,0.0130229751787566,0.0090354313095742,NA,NA,0.688886660851981,1.93322957786521,13,FALSE,"association-level pathway result; not causal or cell-intrinsic evidence","raw_cel_rma_tier_specific_enrichment"
"adjacent_vs_healthy_u1","adjacent_vs_healthy_u1","ranked","full_rank_covariate_adjusted","ranked_GSEA","GO","Biological Process","GO:0032331","negative regulation of chondrocyte differentiation",NA,NA,0.0021551663926616,0.0130855436866811,0.00907884177820634,NA,NA,0.588576874109418,1.90141629723288,23,FALSE,"association-level pathway result; not causal or cell-intrinsic evidence","raw_cel_rma_tier_specific_enrichment"
"adjacent_vs_healthy_u1","adjacent_vs_healthy_u1","ranked","full_rank_covariate_adjusted","ranked_GSEA","GO","Biological Process","GO:0090504","epiboly",NA,NA,0.00216204413003536,0.0131144207730604,0.00909887690280882,NA,NA,0.468365080763205,1.75140843177463,41,FALSE,"association-level pathway result; not causal or cell-intrinsic evidence","raw_cel_rma_tier_specific_enrichment"
"adjacent_vs_healthy_u1","adjacent_vs_healthy_u1","ranked","full_rank_covariate_adjusted","ranked_GSEA","GO","Biological Process","GO:0090050","positive regulation of cell migration involved in sprouting angiogenesis",NA,NA,0.00216466910717086,0.0131174703445324,0.00910099271683599,NA,NA,0.593546434135513,1.85001224745679,21,FALSE,"association-level pathway result; not causal or cell-intrinsic evidence","raw_cel_rma_tier_specific_enrichment"
"adjacent_vs_healthy_u1","adjacent_vs_healthy_u1","ranked","full_rank_covariate_adjusted","ranked_GSEA","GO","Biological Process","GO:1903557","positive regulation of tumor necrosis factor superfamily cytokine production",NA,NA,0.0021774044876671,0.0131817209973265,0.0091455702693497,NA,NA,0.351574885919386,1.56586513760797,105,FALSE,"association-level pathway result; not causal or cell-intrinsic evidence","raw_cel_rma_tier_specific_enrichment"
"adjacent_vs_healthy_u1","adjacent_vs_healthy_u1","ranked","full_rank_covariate_adjusted","ranked_GSEA","GO","Biological Process","GO:0043407","negative regulation of MAP kinase activity",NA,NA,0.00219434790517689,0.0132533435141275,0.00919526247269738,NA,NA,0.505997629290345,1.80811856605935,33,FALSE,"association-level pathway result; not causal or cell-intrinsic evidence","raw_cel_rma_tier_specific_enrichment"
"adjacent_vs_healthy_u1","adjacent_vs_healthy_u1","ranked","full_rank_covariate_adjusted","ranked_GSEA","GO","Biological Process","GO:0045638","negative regulation of myeloid cell differentiation",NA,NA,0.00219781218281519,0.0132533435141275,0.00919526247269738,NA,NA,0.370317910536009,1.61781042400858,88,FALSE,"association-level pathway result; not causal or cell-intrinsic evidence","raw_cel_rma_tier_specific_enrichment"
"adjacent_vs_healthy_u1","adjacent_vs_healthy_u1","ranked","full_rank_covariate_adjusted","ranked_GSEA","GO","Biological Process","GO:0048706","embryonic skeletal system development",NA,NA,0.00219349509823553,0.0132533435141275,0.00919526247269738,NA,NA,0.337163192919835,1.54712359073359,129,FALSE,"association-level pathway result; not causal or cell-intrinsic evidence","raw_cel_rma_tier_specific_enrichment"
"adjacent_vs_healthy_u1","adjacent_vs_healthy_u1","ranked","full_rank_covariate_adjusted","ranked_GSEA","GO","Biological Process","GO:1904062","regulation of monoatomic cation transmembrane transport",NA,NA,0.00219741759005843,0.0132533435141275,0.00919526247269738,NA,NA,0.274793338275173,1.40216114639235,282,FALSE,"association-level pathway result; not causal or cell-intrinsic evidence","raw_cel_rma_tier_specific_enrichment"
"adjacent_vs_healthy_u1","adjacent_vs_healthy_u1","ranked","full_rank_covariate_adjusted","ranked_GSEA","GO","Biological Process","GO:0060071","Wnt signaling pathway, planar cell polarity pathway",NA,NA,0.00220574538295289,0.0132882185302454,0.00921945900292405,NA,NA,0.447647891420774,1.72201650330118,47,FALSE,"association-level pathway result; not causal or cell-intrinsic evidence","raw_cel_rma_tier_specific_enrichment"
"adjacent_vs_healthy_u1","adjacent_vs_healthy_u1","ranked","full_rank_covariate_adjusted","ranked_GSEA","GO","Biological Process","GO:0002691","regulation of cellular extravasation",NA,NA,0.00220930145989603,0.0132966819119935,0.00922533095640488,NA,NA,0.466113945211228,1.74299051603168,41,FALSE,"association-level pathway result; not causal or cell-intrinsic evidence","raw_cel_rma_tier_specific_enrichment"
"adjacent_vs_healthy_u1","adjacent_vs_healthy_u1","ranked","full_rank_covariate_adjusted","ranked_GSEA","GO","Biological Process","GO:0055008","cardiac muscle tissue morphogenesis",NA,NA,0.00226208065234977,0.0136010899923871,0.00943653141273087,NA,NA,0.42006674813045,1.71330885589496,59,FALSE,"association-level pathway result; not causal or cell-intrinsic evidence","raw_cel_rma_tier_specific_enrichment"
"adjacent_vs_healthy_u1","adjacent_vs_healthy_u1","ranked","full_rank_covariate_adjusted","ranked_GSEA","GO","Biological Process","GO:0060425","lung morphogenesis",NA,NA,0.00226722465528033,0.0136187712286567,0.00944879877818225,NA,NA,0.436315928062492,1.72829088988504,53,FALSE,"association-level pathway result; not causal or cell-intrinsic evidence","raw_cel_rma_tier_specific_enrichment"
"adjacent_vs_healthy_u1","adjacent_vs_healthy_u1","ranked","full_rank_covariate_adjusted","ranked_GSEA","GO","Biological Process","GO:0001542","ovulation from ovarian follicle",NA,NA,0.00228240267449665,0.0136966319719066,0.00950281910669325,NA,NA,0.736634574082703,1.90840391892098,10,FALSE,"association-level pathway result; not causal or cell-intrinsic evidence","raw_cel_rma_tier_specific_enrichment"
"adjacent_vs_healthy_u1","adjacent_vs_healthy_u1","ranked","full_rank_covariate_adjusted","ranked_GSEA","GO","Biological Process","GO:1901731","positive regulation of platelet aggregation",NA,NA,0.00229263014265015,0.0137446623780025,0.00953614293854377,NA,NA,0.688191399717875,1.93127845953883,13,FALSE,"association-level pathway result; not causal or cell-intrinsic evidence","raw_cel_rma_tier_specific_enrichment"
"adjacent_vs_healthy_u1","adjacent_vs_healthy_u1","ranked","full_rank_covariate_adjusted","ranked_GSEA","GO","Biological Process","GO:0072540","T-helper 17 cell lineage commitment",NA,NA,0.00230334746923901,0.0137955336311689,0.00957143776997115,NA,NA,0.5514018688909,1.83559082389499,25,FALSE,"association-level pathway result; not causal or cell-intrinsic evidence","raw_cel_rma_tier_specific_enrichment"
"adjacent_vs_healthy_u1","adjacent_vs_healthy_u1","ranked","full_rank_covariate_adjusted","ranked_GSEA","GO","Biological Process","GO:0032760","positive regulation of tumor necrosis factor production",NA,NA,0.00231181973120329,0.0138328729511787,0.00959734405148236,NA,NA,0.364577381452224,1.603832890773,101,FALSE,"association-level pathway result; not causal or cell-intrinsic evidence","raw_cel_rma_tier_specific_enrichment"
"adjacent_vs_healthy_u1","adjacent_vs_healthy_u1","ranked","full_rank_covariate_adjusted","ranked_GSEA","GO","Biological Process","GO:0031047","regulatory ncRNA-mediated gene silencing",NA,NA,0.00231819818297686,0.0138469664972002,0.00960712225233416,NA,NA,0.3289727415651,1.50775937601693,128,FALSE,"association-level pathway result; not causal or cell-intrinsic evidence","raw_cel_rma_tier_specific_enrichment"
"adjacent_vs_healthy_u1","adjacent_vs_healthy_u1","ranked","full_rank_covariate_adjusted","ranked_GSEA","GO","Biological Process","GO:0050906","detection of stimulus involved in sensory perception",NA,NA,0.00231865560986931,0.0138469664972002,0.00960712225233416,NA,NA,-0.274030831997608,-1.38113010939555,456,FALSE,"association-level pathway result; not causal or cell-intrinsic evidence","raw_cel_rma_tier_specific_enrichment"
"adjacent_vs_healthy_u1","adjacent_vs_healthy_u1","ranked","full_rank_covariate_adjusted","ranked_GSEA","GO","Biological Process","GO:0046459","short-chain fatty acid metabolic process",NA,NA,0.0023230817000535,0.0138600077104543,0.00961617033734805,NA,NA,-0.642578354163559,-1.79431332108165,16,FALSE,"association-level pathway result; not causal or cell-intrinsic evidence","raw_cel_rma_tier_specific_enrichment"
"adjacent_vs_healthy_u1","adjacent_vs_healthy_u1","ranked","full_rank_covariate_adjusted","ranked_GSEA","GO","Biological Process","GO:2000831","regulation of steroid hormone secretion",NA,NA,0.00232592784590549,0.0138636065723643,0.00961866725292489,NA,NA,0.557972852693213,1.84751948200027,24,FALSE,"association-level pathway result; not causal or cell-intrinsic evidence","raw_cel_rma_tier_specific_enrichment"
"adjacent_vs_healthy_u1","adjacent_vs_healthy_u1","ranked","full_rank_covariate_adjusted","ranked_GSEA","GO","Biological Process","GO:0043331","response to dsRNA",NA,NA,0.00234155916175665,0.0139433306154315,0.00967398035188785,NA,NA,0.435937952923589,1.72679369267735,53,FALSE,"association-level pathway result; not causal or cell-intrinsic evidence","raw_cel_rma_tier_specific_enrichment"
"adjacent_vs_healthy_u1","adjacent_vs_healthy_u1","ranked","full_rank_covariate_adjusted","ranked_GSEA","GO","Biological Process","GO:0035930","corticosteroid hormone secretion",NA,NA,0.00234987974134485,0.0139794097028417,0.00969901227520278,NA,NA,0.591203695512766,1.84271021530663,21,FALSE,"association-level pathway result; not causal or cell-intrinsic evidence","raw_cel_rma_tier_specific_enrichment"
"adjacent_vs_healthy_u1","adjacent_vs_healthy_u1","ranked","full_rank_covariate_adjusted","ranked_GSEA","GO","Biological Process","GO:0045599","negative regulation of fat cell differentiation",NA,NA,0.00235923397162232,0.0140215626717284,0.00972825829998922,NA,NA,0.446857270716599,1.77105190399106,52,FALSE,"association-level pathway result; not causal or cell-intrinsic evidence","raw_cel_rma_tier_specific_enrichment"
"adjacent_vs_healthy_u1","adjacent_vs_healthy_u1","ranked","full_rank_covariate_adjusted","ranked_GSEA","GO","Biological Process","GO:0014857","regulation of skeletal muscle cell proliferation",NA,NA,0.00237975634307707,0.0141299461638419,0.00980345552525001,NA,NA,0.634847903363742,1.83701905779698,15,FALSE,"association-level pathway result; not causal or cell-intrinsic evidence","raw_cel_rma_tier_specific_enrichment"
"adjacent_vs_healthy_u1","adjacent_vs_healthy_u1","ranked","full_rank_covariate_adjusted","ranked_GSEA","GO","Biological Process","GO:0001708","cell fate specification",NA,NA,0.00238995191582257,0.0141768644833966,0.00983600778367627,NA,NA,0.349131513201399,1.56197110310231,109,FALSE,"association-level pathway result; not causal or cell-intrinsic evidence","raw_cel_rma_tier_specific_enrichment"
"adjacent_vs_healthy_u1","adjacent_vs_healthy_u1","ranked","full_rank_covariate_adjusted","ranked_GSEA","GO","Biological Process","GO:0006376","mRNA splice site recognition",NA,NA,0.00240647949235952,0.0142475572244006,0.00988505490206967,NA,NA,0.530810895488738,1.82980012883965,29,FALSE,"association-level pathway result; not causal or cell-intrinsic evidence","raw_cel_rma_tier_specific_enrichment"
"adjacent_vs_healthy_u1","adjacent_vs_healthy_u1","ranked","full_rank_covariate_adjusted","ranked_GSEA","GO","Biological Process","GO:0002052","positive regulation of neuroblast proliferation",NA,NA,0.00240647949235952,0.0142475572244006,0.00988505490206967,NA,NA,0.530727264104073,1.82951183649348,29,FALSE,"association-level pathway result; not causal or cell-intrinsic evidence","raw_cel_rma_tier_specific_enrichment"
"adjacent_vs_healthy_u1","adjacent_vs_healthy_u1","ranked","full_rank_covariate_adjusted","ranked_GSEA","GO","Biological Process","GO:0007159","leukocyte cell-cell adhesion",NA,NA,0.00242987618972277,0.0143723107451449,0.00997160976774671,NA,NA,0.251164673093633,1.33566365715342,409,FALSE,"association-level pathway result; not causal or cell-intrinsic evidence","raw_cel_rma_tier_specific_enrichment"
"adjacent_vs_healthy_u1","adjacent_vs_healthy_u1","ranked","full_rank_covariate_adjusted","ranked_GSEA","GO","Biological Process","GO:0016237","microautophagy",NA,NA,0.00247636239378166,0.0146332657322796,0.010152662163899,NA,NA,-0.586834518738575,-1.77916164433505,22,FALSE,"association-level pathway result; not causal or cell-intrinsic evidence","raw_cel_rma_tier_specific_enrichment"
"adjacent_vs_healthy_u1","adjacent_vs_healthy_u1","ranked","full_rank_covariate_adjusted","ranked_GSEA","GO","Biological Process","GO:0003229","ventricular cardiac muscle tissue development",NA,NA,0.00249075737829249,0.0147042706353638,0.0102019258625281,NA,NA,0.408049112062064,1.69042707299008,63,FALSE,"association-level pathway result; not causal or cell-intrinsic evidence","raw_cel_rma_tier_specific_enrichment"
"adjacent_vs_healthy_u1","adjacent_vs_healthy_u1","ranked","full_rank_covariate_adjusted","ranked_GSEA","GO","Biological Process","GO:0061515","myeloid cell development",NA,NA,0.00249922334228856,0.0147401712582878,0.0102268339659337,NA,NA,0.368660702575243,1.61057056809722,88,FALSE,"association-level pathway result; not causal or cell-intrinsic evidence","raw_cel_rma_tier_specific_enrichment"
"adjacent_vs_healthy_u1","adjacent_vs_healthy_u1","ranked","full_rank_covariate_adjusted","ranked_GSEA","GO","Biological Process","GO:0046394","carboxylic acid biosynthetic process",NA,NA,0.00256289521994917,0.0151012920443335,0.0104773820942982,NA,NA,-0.295088690936466,-1.43346622583811,305,FALSE,"association-level pathway result; not causal or cell-intrinsic evidence","raw_cel_rma_tier_specific_enrichment"
"adjacent_vs_healthy_u1","adjacent_vs_healthy_u1","ranked","full_rank_covariate_adjusted","ranked_GSEA","GO","Biological Process","GO:0016050","vesicle organization",NA,NA,0.00257920438757656,0.0151829164948674,0.0105340137092601,NA,NA,-0.279402778637486,-1.38609819904751,376,FALSE,"association-level pathway result; not causal or cell-intrinsic evidence","raw_cel_rma_tier_specific_enrichment"
"adjacent_vs_healthy_u1","adjacent_vs_healthy_u1","ranked","full_rank_covariate_adjusted","ranked_GSEA","GO","Biological Process","GO:0072028","nephron morphogenesis",NA,NA,0.00258577264612926,0.0152070986924119,0.0105507914871357,NA,NA,0.370375260858458,1.58251141721318,80,FALSE,"association-level pathway result; not causal or cell-intrinsic evidence","raw_cel_rma_tier_specific_enrichment"
"adjacent_vs_healthy_u1","adjacent_vs_healthy_u1","ranked","full_rank_covariate_adjusted","ranked_GSEA","GO","Biological Process","GO:0043567","regulation of insulin-like growth factor receptor signaling pathway",NA,NA,0.00258982496420605,0.0152164525701118,0.0105572812729392,NA,NA,0.583853604986702,1.88615762622285,23,FALSE,"association-level pathway result; not causal or cell-intrinsic evidence","raw_cel_rma_tier_specific_enrichment"
"adjacent_vs_healthy_u1","adjacent_vs_healthy_u1","ranked","full_rank_covariate_adjusted","ranked_GSEA","GO","Biological Process","GO:0044539","long-chain fatty acid import into cell",NA,NA,0.00260328225560697,0.0152777198070835,0.0105997889106784,NA,NA,0.624133013611731,1.89070705952374,18,FALSE,"association-level pathway result; not causal or cell-intrinsic evidence","raw_cel_rma_tier_specific_enrichment"
"adjacent_vs_healthy_u1","adjacent_vs_healthy_u1","ranked","full_rank_covariate_adjusted","ranked_GSEA","GO","Biological Process","GO:0045137","development of primary sexual characteristics",NA,NA,0.00260519603246497,0.0152777198070835,0.0105997889106784,NA,NA,0.287593399801764,1.44515853956244,231,FALSE,"association-level pathway result; not causal or cell-intrinsic evidence","raw_cel_rma_tier_specific_enrichment"
"adjacent_vs_healthy_u1","adjacent_vs_healthy_u1","ranked","full_rank_covariate_adjusted","ranked_GSEA","GO","Biological Process","GO:0030210","heparin proteoglycan biosynthetic process",NA,NA,0.00261115420403364,0.0152981460996511,0.0106139608153984,NA,NA,0.705736478198203,1.88746820718291,11,FALSE,"association-level pathway result; not causal or cell-intrinsic evidence","raw_cel_rma_tier_specific_enrichment"
"adjacent_vs_healthy_u1","adjacent_vs_healthy_u1","ranked","full_rank_covariate_adjusted","ranked_GSEA","GO","Biological Process","GO:0034446","substrate adhesion-dependent cell spreading",NA,NA,0.00261391117295663,0.0152997963636789,0.0106151057801289,NA,NA,0.359090477188233,1.58810852519469,98,FALSE,"association-level pathway result; not causal or cell-intrinsic evidence","raw_cel_rma_tier_specific_enrichment"
"adjacent_vs_healthy_u1","adjacent_vs_healthy_u1","ranked","full_rank_covariate_adjusted","ranked_GSEA","GO","Biological Process","GO:0060761","negative regulation of response to cytokine stimulus",NA,NA,0.00265077810371352,0.0155009077190664,0.0107546382458088,NA,NA,0.382704594771216,1.64240028208932,84,FALSE,"association-level pathway result; not causal or cell-intrinsic evidence","raw_cel_rma_tier_specific_enrichment"
"adjacent_vs_healthy_u1","adjacent_vs_healthy_u1","ranked","full_rank_covariate_adjusted","ranked_GSEA","GO","Biological Process","GO:0001818","negative regulation of cytokine production",NA,NA,0.00265466177991684,0.0155089456159414,0.0107602149949072,NA,NA,0.273784504545583,1.39837774926825,284,FALSE,"association-level pathway result; not causal or cell-intrinsic evidence","raw_cel_rma_tier_specific_enrichment"
"adjacent_vs_healthy_u1","adjacent_vs_healthy_u1","ranked","full_rank_covariate_adjusted","ranked_GSEA","GO","Biological Process","GO:0046850","regulation of bone remodeling",NA,NA,0.00265722631088831,0.0155092689590186,0.0107604393325968,NA,NA,0.43643032141661,1.7132195028056,50,FALSE,"association-level pathway result; not causal or cell-intrinsic evidence","raw_cel_rma_tier_specific_enrichment"
"adjacent_vs_healthy_u1","adjacent_vs_healthy_u1","ranked","full_rank_covariate_adjusted","ranked_GSEA","GO","Biological Process","GO:0016331","morphogenesis of embryonic epithelium",NA,NA,0.00266633919075232,0.0155477759792831,0.0107871557727159,NA,NA,0.32091711756271,1.50910459893195,148,FALSE,"association-level pathway result; not causal or cell-intrinsic evidence","raw_cel_rma_tier_specific_enrichment"
"adjacent_vs_healthy_u1","adjacent_vs_healthy_u1","ranked","full_rank_covariate_adjusted","ranked_GSEA","GO","Biological Process","GO:0032233","positive regulation of actin filament bundle assembly",NA,NA,0.00267019164935633,0.0155555651127912,0.0107925599280497,NA,NA,0.420113855723206,1.72785579882399,60,FALSE,"association-level pathway result; not causal or cell-intrinsic evidence","raw_cel_rma_tier_specific_enrichment"
"adjacent_vs_healthy_u1","adjacent_vs_healthy_u1","ranked","full_rank_covariate_adjusted","ranked_GSEA","GO","Biological Process","GO:0061318","renal filtration cell differentiation",NA,NA,0.0026872264379883,0.0156106641101557,0.0108307879979861,NA,NA,0.553182527983328,1.8316581041861,24,FALSE,"association-level pathway result; not causal or cell-intrinsic evidence","raw_cel_rma_tier_specific_enrichment"
"adjacent_vs_healthy_u1","adjacent_vs_healthy_u1","ranked","full_rank_covariate_adjusted","ranked_GSEA","GO","Biological Process","GO:0072112","podocyte differentiation",NA,NA,0.0026872264379883,0.0156106641101557,0.0108307879979861,NA,NA,0.553182527983328,1.8316581041861,24,FALSE,"association-level pathway result; not causal or cell-intrinsic evidence","raw_cel_rma_tier_specific_enrichment"
"adjacent_vs_healthy_u1","adjacent_vs_healthy_u1","ranked","full_rank_covariate_adjusted","ranked_GSEA","GO","Biological Process","GO:0003081","regulation of systemic arterial blood pressure by renin-angiotensin",NA,NA,0.0026872264379883,0.0156106641101557,0.0108307879979861,NA,NA,0.55305557747493,1.83123775481536,24,FALSE,"association-level pathway result; not causal or cell-intrinsic evidence","raw_cel_rma_tier_specific_enrichment"
"adjacent_vs_healthy_u1","adjacent_vs_healthy_u1","ranked","full_rank_covariate_adjusted","ranked_GSEA","GO","Biological Process","GO:1902043","positive regulation of extrinsic apoptotic signaling pathway via death domain receptors",NA,NA,0.00270229443147584,0.0156834571652133,0.0108812923289672,NA,NA,0.69299687337762,1.91151317400235,12,FALSE,"association-level pathway result; not causal or cell-intrinsic evidence","raw_cel_rma_tier_specific_enrichment"
"adjacent_vs_healthy_u1","adjacent_vs_healthy_u1","ranked","full_rank_covariate_adjusted","ranked_GSEA","GO","Biological Process","GO:0045619","regulation of lymphocyte differentiation",NA,NA,0.00272361403394065,0.0157923624238154,0.010956851559469,NA,NA,0.286498820179646,1.41533863585311,219,FALSE,"association-level pathway result; not causal or cell-intrinsic evidence","raw_cel_rma_tier_specific_enrichment"
"adjacent_vs_healthy_u1","adjacent_vs_healthy_u1","ranked","full_rank_covariate_adjusted","ranked_GSEA","GO","Biological Process","GO:0006123","mitochondrial electron transport, cytochrome c to oxygen",NA,NA,0.00272701010285295,0.0157972347195258,0.0109602319923276,NA,NA,-0.602726994986569,-1.78180100237775,20,FALSE,"association-level pathway result; not causal or cell-intrinsic evidence","raw_cel_rma_tier_specific_enrichment"
"adjacent_vs_healthy_u1","adjacent_vs_healthy_u1","ranked","full_rank_covariate_adjusted","ranked_GSEA","GO","Biological Process","GO:0045685","regulation of glial cell differentiation",NA,NA,0.00274052338789951,0.0158555984548923,0.0110007251603354,NA,NA,0.385380115085377,1.62266446868691,76,FALSE,"association-level pathway result; not causal or cell-intrinsic evidence","raw_cel_rma_tier_specific_enrichment"
"adjacent_vs_healthy_u1","adjacent_vs_healthy_u1","ranked","full_rank_covariate_adjusted","ranked_GSEA","GO","Biological Process","GO:0070507","regulation of microtubule cytoskeleton organization",NA,NA,0.00274221562017147,0.0158555984548923,0.0110007251603354,NA,NA,0.311553075547765,1.46568418112814,158,FALSE,"association-level pathway result; not causal or cell-intrinsic evidence","raw_cel_rma_tier_specific_enrichment"
"adjacent_vs_healthy_u1","adjacent_vs_healthy_u1","ranked","full_rank_covariate_adjusted","ranked_GSEA","GO","Biological Process","GO:0045214","sarcomere organization",NA,NA,0.00275655903424117,0.0159236368136866,0.0110479306497772,NA,NA,0.43739687544697,1.70132337372976,49,FALSE,"association-level pathway result; not causal or cell-intrinsic evidence","raw_cel_rma_tier_specific_enrichment"
"adjacent_vs_healthy_u1","adjacent_vs_healthy_u1","ranked","full_rank_covariate_adjusted","ranked_GSEA","GO","Biological Process","GO:0043583","ear development",NA,NA,0.00276472731049491,0.0159559099030523,0.0110703219450157,NA,NA,0.292708162164267,1.4611273044265,226,FALSE,"association-level pathway result; not causal or cell-intrinsic evidence","raw_cel_rma_tier_specific_enrichment"
"adjacent_vs_healthy_u1","adjacent_vs_healthy_u1","ranked","full_rank_covariate_adjusted","ranked_GSEA","GO","Biological Process","GO:0048839","inner ear development",NA,NA,0.00277861105313421,0.0160210773502076,0.0111155355758727,NA,NA,0.292907707994583,1.43468605054649,200,FALSE,"association-level pathway result; not causal or cell-intrinsic evidence","raw_cel_rma_tier_specific_enrichment"
"adjacent_vs_healthy_u1","adjacent_vs_healthy_u1","ranked","full_rank_covariate_adjusted","ranked_GSEA","GO","Biological Process","GO:0006098","pentose-phosphate shunt",NA,NA,0.00278863680138305,0.0160638994122541,0.0111452458221754,NA,NA,-0.602016267216548,-1.77969992599728,20,FALSE,"association-level pathway result; not causal or cell-intrinsic evidence","raw_cel_rma_tier_specific_enrichment"
"adjacent_vs_healthy_u1","adjacent_vs_healthy_u1","ranked","full_rank_covariate_adjusted","ranked_GSEA","GO","Biological Process","GO:0008406","gonad development",NA,NA,0.00279337707937921,0.0160762232100958,0.011153796159356,NA,NA,0.292394039357162,1.45955928047046,226,FALSE,"association-level pathway result; not causal or cell-intrinsic evidence","raw_cel_rma_tier_specific_enrichment"
"adjacent_vs_healthy_u1","adjacent_vs_healthy_u1","ranked","full_rank_covariate_adjusted","ranked_GSEA","GO","Biological Process","GO:0072175","epithelial tube formation",NA,NA,0.00279737375147221,0.01608424851893,0.0111593641747837,NA,NA,0.33360961490185,1.54176750385045,133,FALSE,"association-level pathway result; not causal or cell-intrinsic evidence","raw_cel_rma_tier_specific_enrichment"
"adjacent_vs_healthy_u1","adjacent_vs_healthy_u1","ranked","full_rank_covariate_adjusted","ranked_GSEA","GO","Biological Process","GO:0071383","cellular response to steroid hormone stimulus",NA,NA,0.00280213374733965,0.016096643766084,0.011167964083997,NA,NA,0.296087016662096,1.44382545224452,198,FALSE,"association-level pathway result; not causal or cell-intrinsic evidence","raw_cel_rma_tier_specific_enrichment"
"adjacent_vs_healthy_u1","adjacent_vs_healthy_u1","ranked","full_rank_covariate_adjusted","ranked_GSEA","GO","Biological Process","GO:0003283","atrial septum development",NA,NA,0.00281900727500149,0.0161785366451107,0.0112247819365255,NA,NA,0.578426186288075,1.86862417762943,23,FALSE,"association-level pathway result; not causal or cell-intrinsic evidence","raw_cel_rma_tier_specific_enrichment"
"adjacent_vs_healthy_u1","adjacent_vs_healthy_u1","ranked","full_rank_covariate_adjusted","ranked_GSEA","GO","Biological Process","GO:0014856","skeletal muscle cell proliferation",NA,NA,0.00286787619811039,0.0164437317073472,0.0114087761264542,NA,NA,0.551726545610042,1.82683716032277,24,FALSE,"association-level pathway result; not causal or cell-intrinsic evidence","raw_cel_rma_tier_specific_enrichment"
"adjacent_vs_healthy_u1","adjacent_vs_healthy_u1","ranked","full_rank_covariate_adjusted","ranked_GSEA","GO","Biological Process","GO:0051151","negative regulation of smooth muscle cell differentiation",NA,NA,0.00288053956351816,0.0165010334032491,0.0114485324440495,NA,NA,0.633354713671365,1.84844471884194,16,FALSE,"association-level pathway result; not causal or cell-intrinsic evidence","raw_cel_rma_tier_specific_enrichment"
"adjacent_vs_healthy_u1","adjacent_vs_healthy_u1","ranked","full_rank_covariate_adjusted","ranked_GSEA","GO","Biological Process","GO:0051090","regulation of DNA-binding transcription factor activity",NA,NA,0.00288958684543096,0.0165375336033414,0.0114738565382902,NA,NA,0.263260256873014,1.34814654020849,303,FALSE,"association-level pathway result; not causal or cell-intrinsic evidence","raw_cel_rma_tier_specific_enrichment"
"adjacent_vs_healthy_u1","adjacent_vs_healthy_u1","ranked","full_rank_covariate_adjusted","ranked_GSEA","GO","Biological Process","GO:0072311","glomerular epithelial cell differentiation",NA,NA,0.00289627101195307,0.0165604543245901,0.0114897590950843,NA,NA,0.540668396261226,1.79985959957544,25,FALSE,"association-level pathway result; not causal or cell-intrinsic evidence","raw_cel_rma_tier_specific_enrichment"
"adjacent_vs_healthy_u1","adjacent_vs_healthy_u1","ranked","full_rank_covariate_adjusted","ranked_GSEA","GO","Biological Process","GO:0002090","regulation of receptor internalization",NA,NA,0.00291883161992296,0.0166740279507799,0.0115685572716861,NA,NA,0.383446675041467,1.61219790464863,71,FALSE,"association-level pathway result; not causal or cell-intrinsic evidence","raw_cel_rma_tier_specific_enrichment"
"adjacent_vs_healthy_u1","adjacent_vs_healthy_u1","ranked","full_rank_covariate_adjusted","ranked_GSEA","GO","Biological Process","GO:0016559","peroxisome fission",NA,NA,0.00293592395638567,0.0167561828018651,0.011625556882262,NA,NA,-0.723331902455541,-1.84372627812436,11,FALSE,"association-level pathway result; not causal or cell-intrinsic evidence","raw_cel_rma_tier_specific_enrichment"
"adjacent_vs_healthy_u1","adjacent_vs_healthy_u1","ranked","full_rank_covariate_adjusted","ranked_GSEA","GO","Biological Process","GO:0055023","positive regulation of cardiac muscle tissue growth",NA,NA,0.00294560668168834,0.0167959362541657,0.0116531381056499,NA,NA,0.529067526563149,1.81507298807554,28,FALSE,"association-level pathway result; not causal or cell-intrinsic evidence","raw_cel_rma_tier_specific_enrichment"
"adjacent_vs_healthy_u1","adjacent_vs_healthy_u1","ranked","full_rank_covariate_adjusted","ranked_GSEA","GO","Biological Process","GO:0051491","positive regulation of filopodium assembly",NA,NA,0.00295096840370198,0.0168110006481861,0.011663589887637,NA,NA,0.51893270903777,1.81946893644231,31,FALSE,"association-level pathway result; not causal or cell-intrinsic evidence","raw_cel_rma_tier_specific_enrichment"
"adjacent_vs_healthy_u1","adjacent_vs_healthy_u1","ranked","full_rank_covariate_adjusted","ranked_GSEA","GO","Biological Process","GO:1905330","regulation of morphogenesis of an epithelium",NA,NA,0.00295522476199253,0.0168153057469349,0.0116665767952746,NA,NA,0.396419743771497,1.64276358580715,65,FALSE,"association-level pathway result; not causal or cell-intrinsic evidence","raw_cel_rma_tier_specific_enrichment"
"adjacent_vs_healthy_u1","adjacent_vs_healthy_u1","ranked","full_rank_covariate_adjusted","ranked_GSEA","GO","Biological Process","GO:0032786","positive regulation of DNA-templated transcription, elongation",NA,NA,0.00295716507796769,0.0168153057469349,0.0116665767952746,NA,NA,-0.430676020932661,-1.62038000338242,57,FALSE,"association-level pathway result; not causal or cell-intrinsic evidence","raw_cel_rma_tier_specific_enrichment"
"adjacent_vs_healthy_u1","adjacent_vs_healthy_u1","ranked","full_rank_covariate_adjusted","ranked_GSEA","GO","Biological Process","GO:0120192","tight junction assembly",NA,NA,0.00301106739813007,0.01710607315059,0.0118683132546264,NA,NA,0.378779096917233,1.59608683639443,74,FALSE,"association-level pathway result; not causal or cell-intrinsic evidence","raw_cel_rma_tier_specific_enrichment"
"adjacent_vs_healthy_u1","adjacent_vs_healthy_u1","ranked","full_rank_covariate_adjusted","ranked_GSEA","GO","Biological Process","GO:0010212","response to ionizing radiation",NA,NA,0.00301950176058981,0.0171382372655699,0.0118906289426735,NA,NA,0.320441992086819,1.48441470038824,134,FALSE,"association-level pathway result; not causal or cell-intrinsic evidence","raw_cel_rma_tier_specific_enrichment"
"adjacent_vs_healthy_u1","adjacent_vs_healthy_u1","ranked","full_rank_covariate_adjusted","ranked_GSEA","GO","Biological Process","GO:1900115","extracellular regulation of signal transduction",NA,NA,0.00303572342365514,0.0171987227145852,0.0119325941704579,NA,NA,0.702091509368751,1.8777198620225,11,FALSE,"association-level pathway result; not causal or cell-intrinsic evidence","raw_cel_rma_tier_specific_enrichment"
"adjacent_vs_healthy_u1","adjacent_vs_healthy_u1","ranked","full_rank_covariate_adjusted","ranked_GSEA","GO","Biological Process","GO:1900116","extracellular negative regulation of signal transduction",NA,NA,0.00303572342365514,0.0171987227145852,0.0119325941704579,NA,NA,0.702091509368751,1.8777198620225,11,FALSE,"association-level pathway result; not causal or cell-intrinsic evidence","raw_cel_rma_tier_specific_enrichment"
"adjacent_vs_healthy_u1","adjacent_vs_healthy_u1","ranked","full_rank_covariate_adjusted","ranked_GSEA","GO","Biological Process","GO:0045639","positive regulation of myeloid cell differentiation",NA,NA,0.00304552329638674,0.0172384427609583,0.0119601522165795,NA,NA,0.352286152127866,1.5625828576862,99,FALSE,"association-level pathway result; not causal or cell-intrinsic evidence","raw_cel_rma_tier_specific_enrichment"
"adjacent_vs_healthy_u1","adjacent_vs_healthy_u1","ranked","full_rank_covariate_adjusted","ranked_GSEA","GO","Biological Process","GO:2000045","regulation of G1/S transition of mitotic cell cycle",NA,NA,0.00307111717530075,0.0173674064597749,0.0120496281332646,NA,NA,0.315549288354701,1.47986519199627,146,FALSE,"association-level pathway result; not causal or cell-intrinsic evidence","raw_cel_rma_tier_specific_enrichment"
"adjacent_vs_healthy_u1","adjacent_vs_healthy_u1","ranked","full_rank_covariate_adjusted","ranked_GSEA","GO","Biological Process","GO:0033631","cell-cell adhesion mediated by integrin",NA,NA,0.00310128992617929,0.0175220046012013,0.0121568894056138,NA,NA,0.618961768528428,1.87504163344902,18,FALSE,"association-level pathway result; not causal or cell-intrinsic evidence","raw_cel_rma_tier_specific_enrichment"
"adjacent_vs_healthy_u1","adjacent_vs_healthy_u1","ranked","full_rank_covariate_adjusted","ranked_GSEA","GO","Biological Process","GO:0048247","lymphocyte chemotaxis",NA,NA,0.00311068576575801,0.0175590399252514,0.012182584772601,NA,NA,0.46037989693227,1.72154856632953,41,FALSE,"association-level pathway result; not causal or cell-intrinsic evidence","raw_cel_rma_tier_specific_enrichment"
"adjacent_vs_healthy_u1","adjacent_vs_healthy_u1","ranked","full_rank_covariate_adjusted","ranked_GSEA","GO","Biological Process","GO:0061709","reticulophagy",NA,NA,0.0031223625270997,0.017608871149638,0.0122171580247831,NA,NA,-0.575918005081829,-1.74606501868036,22,FALSE,"association-level pathway result; not causal or cell-intrinsic evidence","raw_cel_rma_tier_specific_enrichment"
"adjacent_vs_healthy_u1","adjacent_vs_healthy_u1","ranked","full_rank_covariate_adjusted","ranked_GSEA","GO","Biological Process","GO:0061326","renal tubule development",NA,NA,0.0031315018319038,0.0176443143327232,0.0122417487532276,NA,NA,0.347352301112191,1.54641087045997,104,FALSE,"association-level pathway result; not causal or cell-intrinsic evidence","raw_cel_rma_tier_specific_enrichment"
"adjacent_vs_healthy_u1","adjacent_vs_healthy_u1","ranked","full_rank_covariate_adjusted","ranked_GSEA","GO","Biological Process","GO:0060055","angiogenesis involved in wound healing",NA,NA,0.00313986318396759,0.0176753136066518,0.012263256266402,NA,NA,0.522599687208197,1.80149462475645,29,FALSE,"association-level pathway result; not causal or cell-intrinsic evidence","raw_cel_rma_tier_specific_enrichment"
"adjacent_vs_healthy_u1","adjacent_vs_healthy_u1","ranked","full_rank_covariate_adjusted","ranked_GSEA","GO","Biological Process","GO:0048488","synaptic vesicle endocytosis",NA,NA,0.00315811516191998,0.0177618833629003,0.0123233189690743,NA,NA,0.382834472828288,1.61194589998325,76,FALSE,"association-level pathway result; not causal or cell-intrinsic evidence","raw_cel_rma_tier_specific_enrichment"
"adjacent_vs_healthy_u1","adjacent_vs_healthy_u1","ranked","full_rank_covariate_adjusted","ranked_GSEA","GO","Biological Process","GO:1902547","regulation of cellular response to vascular endothelial growth factor stimulus",NA,NA,0.00319183695196469,0.0179352220000852,0.0124435825285207,NA,NA,0.540457722277948,1.80414638148123,26,FALSE,"association-level pathway result; not causal or cell-intrinsic evidence","raw_cel_rma_tier_specific_enrichment"
"adjacent_vs_healthy_u1","adjacent_vs_healthy_u1","ranked","full_rank_covariate_adjusted","ranked_GSEA","GO","Biological Process","GO:0140238","presynaptic endocytosis",NA,NA,0.00323502023467689,0.0181613624618873,0.0126004803633765,NA,NA,0.382511151355093,1.61275892327001,77,FALSE,"association-level pathway result; not causal or cell-intrinsic evidence","raw_cel_rma_tier_specific_enrichment"
"adjacent_vs_healthy_u1","adjacent_vs_healthy_u1","ranked","full_rank_covariate_adjusted","ranked_GSEA","GO","Biological Process","GO:0003209","cardiac atrium morphogenesis",NA,NA,0.00325566497868074,0.0182275953199508,0.012646433183777,NA,NA,0.526311409784302,1.80561757290432,28,FALSE,"association-level pathway result; not causal or cell-intrinsic evidence","raw_cel_rma_tier_specific_enrichment"
"adjacent_vs_healthy_u1","adjacent_vs_healthy_u1","ranked","full_rank_covariate_adjusted","ranked_GSEA","GO","Biological Process","GO:0060384","innervation",NA,NA,0.00325566497868074,0.0182275953199508,0.012646433183777,NA,NA,0.525447406298265,1.80265343447138,28,FALSE,"association-level pathway result; not causal or cell-intrinsic evidence","raw_cel_rma_tier_specific_enrichment"
"adjacent_vs_healthy_u1","adjacent_vs_healthy_u1","ranked","full_rank_covariate_adjusted","ranked_GSEA","GO","Biological Process","GO:1904645","response to amyloid-beta",NA,NA,0.00325322392753129,0.0182275953199508,0.012646433183777,NA,NA,0.431856304774665,1.67977245986243,49,FALSE,"association-level pathway result; not causal or cell-intrinsic evidence","raw_cel_rma_tier_specific_enrichment"
"adjacent_vs_healthy_u1","adjacent_vs_healthy_u1","ranked","full_rank_covariate_adjusted","ranked_GSEA","GO","Biological Process","GO:0042246","tissue regeneration",NA,NA,0.00326841756656156,0.0182824334650833,0.0126844802726095,NA,NA,0.376617466620669,1.58697823011289,74,FALSE,"association-level pathway result; not causal or cell-intrinsic evidence","raw_cel_rma_tier_specific_enrichment"
"adjacent_vs_healthy_u1","adjacent_vs_healthy_u1","ranked","full_rank_covariate_adjusted","ranked_GSEA","GO","Biological Process","GO:1900746","regulation of vascular endothelial growth factor signaling pathway",NA,NA,0.00327433896197059,0.018298995591266,0.0126959711916515,NA,NA,0.546209992232221,1.8085711465018,24,FALSE,"association-level pathway result; not causal or cell-intrinsic evidence","raw_cel_rma_tier_specific_enrichment"
"adjacent_vs_healthy_u1","adjacent_vs_healthy_u1","ranked","full_rank_covariate_adjusted","ranked_GSEA","GO","Biological Process","GO:0051591","response to cAMP",NA,NA,0.00328320381245939,0.0183319627505072,0.0127188440374265,NA,NA,0.356751818094061,1.55323853194626,87,FALSE,"association-level pathway result; not causal or cell-intrinsic evidence","raw_cel_rma_tier_specific_enrichment"
"adjacent_vs_healthy_u1","adjacent_vs_healthy_u1","ranked","full_rank_covariate_adjusted","ranked_GSEA","GO","Biological Process","GO:0060122","inner ear receptor cell stereocilium organization",NA,NA,0.00331433937864849,0.0184891080319732,0.0128278725333593,NA,NA,-0.486382903261888,-1.67282111636989,37,FALSE,"association-level pathway result; not causal or cell-intrinsic evidence","raw_cel_rma_tier_specific_enrichment"
"adjacent_vs_healthy_u1","adjacent_vs_healthy_u1","ranked","full_rank_covariate_adjusted","ranked_GSEA","GO","Biological Process","GO:0009080","pyruvate family amino acid catabolic process",NA,NA,0.00332792731980912,0.0185481684073401,0.0128688490350741,NA,NA,-0.711262683422229,-1.75624942256454,10,FALSE,"association-level pathway result; not causal or cell-intrinsic evidence","raw_cel_rma_tier_specific_enrichment"
"adjacent_vs_healthy_u1","adjacent_vs_healthy_u1","ranked","full_rank_covariate_adjusted","ranked_GSEA","GO","Biological Process","GO:0032060","bleb assembly",NA,NA,0.00333292248714447,0.0185592737775135,0.0128765540186122,NA,NA,0.699234350396928,1.87007848753106,11,FALSE,"association-level pathway result; not causal or cell-intrinsic evidence","raw_cel_rma_tier_specific_enrichment"
"adjacent_vs_healthy_u1","adjacent_vs_healthy_u1","ranked","full_rank_covariate_adjusted","ranked_GSEA","GO","Biological Process","GO:0044027","negative regulation of gene expression via chromosomal CpG island methylation",NA,NA,0.00334036885703754,0.0185839963144456,0.012893706687736,NA,NA,0.617938035968663,1.78808804848753,15,FALSE,"association-level pathway result; not causal or cell-intrinsic evidence","raw_cel_rma_tier_specific_enrichment"
"adjacent_vs_healthy_u1","adjacent_vs_healthy_u1","ranked","full_rank_covariate_adjusted","ranked_GSEA","GO","Biological Process","GO:0032365","intracellular lipid transport",NA,NA,0.00335888964069251,0.0186702309974104,0.0129535369142193,NA,NA,-0.470172498698992,-1.69846804099632,46,FALSE,"association-level pathway result; not causal or cell-intrinsic evidence","raw_cel_rma_tier_specific_enrichment"
"adjacent_vs_healthy_u1","adjacent_vs_healthy_u1","ranked","full_rank_covariate_adjusted","ranked_GSEA","GO","Biological Process","GO:0002526","acute inflammatory response",NA,NA,0.00337647664804062,0.0187342927841464,0.0129979834301403,NA,NA,0.356550564589847,1.58009268727348,102,FALSE,"association-level pathway result; not causal or cell-intrinsic evidence","raw_cel_rma_tier_specific_enrichment"
"adjacent_vs_healthy_u1","adjacent_vs_healthy_u1","ranked","full_rank_covariate_adjusted","ranked_GSEA","GO","Biological Process","GO:0090066","regulation of anatomical structure size",NA,NA,0.00337461076831329,0.0187342927841464,0.0129979834301403,NA,NA,0.243314230392684,1.31857893729699,488,FALSE,"association-level pathway result; not causal or cell-intrinsic evidence","raw_cel_rma_tier_specific_enrichment"
"adjacent_vs_healthy_u1","adjacent_vs_healthy_u1","ranked","full_rank_covariate_adjusted","ranked_GSEA","GO","Biological Process","GO:0048701","embryonic cranial skeleton morphogenesis",NA,NA,0.00338398123312325,0.0187590923784169,0.0130151895621847,NA,NA,0.449726957675619,1.6945608699171,44,FALSE,"association-level pathway result; not causal or cell-intrinsic evidence","raw_cel_rma_tier_specific_enrichment"
"adjacent_vs_healthy_u1","adjacent_vs_healthy_u1","ranked","full_rank_covariate_adjusted","ranked_GSEA","GO","Biological Process","GO:0046622","positive regulation of organ growth",NA,NA,0.00338909724052367,0.0187604581459223,0.0130161371412372,NA,NA,0.46291025386045,1.72457149570379,43,FALSE,"association-level pathway result; not causal or cell-intrinsic evidence","raw_cel_rma_tier_specific_enrichment"
"adjacent_vs_healthy_u1","adjacent_vs_healthy_u1","ranked","full_rank_covariate_adjusted","ranked_GSEA","GO","Biological Process","GO:0043242","negative regulation of protein-containing complex disassembly",NA,NA,0.00339029796942165,0.0187604581459223,0.0130161371412372,NA,NA,0.364813996299378,1.55819387831167,83,FALSE,"association-level pathway result; not causal or cell-intrinsic evidence","raw_cel_rma_tier_specific_enrichment"
"adjacent_vs_healthy_u1","adjacent_vs_healthy_u1","ranked","full_rank_covariate_adjusted","ranked_GSEA","GO","Biological Process","GO:0060043","regulation of cardiac muscle cell proliferation",NA,NA,0.00340290610836982,0.0188133834130893,0.0130528570619515,NA,NA,0.496060998833904,1.80030718898423,36,FALSE,"association-level pathway result; not causal or cell-intrinsic evidence","raw_cel_rma_tier_specific_enrichment"
"adjacent_vs_healthy_u1","adjacent_vs_healthy_u1","ranked","full_rank_covariate_adjusted","ranked_GSEA","GO","Biological Process","GO:0035313","wound healing, spreading of epidermal cells",NA,NA,0.00341820469747849,0.0188810752771354,0.0130998221509123,NA,NA,0.538054066921184,1.79612254180704,26,FALSE,"association-level pathway result; not causal or cell-intrinsic evidence","raw_cel_rma_tier_specific_enrichment"
"adjacent_vs_healthy_u1","adjacent_vs_healthy_u1","ranked","full_rank_covariate_adjusted","ranked_GSEA","GO","Biological Process","GO:0035116","embryonic hindlimb morphogenesis",NA,NA,0.00342662392087129,0.018904342540956,0.0131159651413678,NA,NA,0.521205637494164,1.76036422720561,27,FALSE,"association-level pathway result; not causal or cell-intrinsic evidence","raw_cel_rma_tier_specific_enrichment"
"adjacent_vs_healthy_u1","adjacent_vs_healthy_u1","ranked","full_rank_covariate_adjusted","ranked_GSEA","GO","Biological Process","GO:0023061","signal release",NA,NA,0.00342853389231705,0.018904342540956,0.0131159651413678,NA,NA,0.24053749141549,1.30333413959929,484,FALSE,"association-level pathway result; not causal or cell-intrinsic evidence","raw_cel_rma_tier_specific_enrichment"
"adjacent_vs_healthy_u1","adjacent_vs_healthy_u1","ranked","full_rank_covariate_adjusted","ranked_GSEA","GO","Biological Process","GO:0097734","extracellular exosome biogenesis",NA,NA,0.00345297287883275,0.019022125992928,0.0131976841245564,NA,NA,-0.597321339889221,-1.79276270292017,21,FALSE,"association-level pathway result; not causal or cell-intrinsic evidence","raw_cel_rma_tier_specific_enrichment"
"adjacent_vs_healthy_u1","adjacent_vs_healthy_u1","ranked","full_rank_covariate_adjusted","ranked_GSEA","GO","Biological Process","GO:0060421","positive regulation of heart growth",NA,NA,0.00346071968127797,0.0190308793149281,0.0132037572406129,NA,NA,0.514565136660133,1.81643888699002,32,FALSE,"association-level pathway result; not causal or cell-intrinsic evidence","raw_cel_rma_tier_specific_enrichment"
"adjacent_vs_healthy_u1","adjacent_vs_healthy_u1","ranked","full_rank_covariate_adjusted","ranked_GSEA","GO","Biological Process","GO:0035929","steroid hormone secretion",NA,NA,0.00346071968127797,0.0190308793149281,0.0132037572406129,NA,NA,0.520185744710391,1.79317333306663,29,FALSE,"association-level pathway result; not causal or cell-intrinsic evidence","raw_cel_rma_tier_specific_enrichment"
"adjacent_vs_healthy_u1","adjacent_vs_healthy_u1","ranked","full_rank_covariate_adjusted","ranked_GSEA","GO","Biological Process","GO:1901879","regulation of protein depolymerization",NA,NA,0.0034676510987774,0.0190520457258161,0.0132184426446027,NA,NA,0.357229142759958,1.56672802105462,90,FALSE,"association-level pathway result; not causal or cell-intrinsic evidence","raw_cel_rma_tier_specific_enrichment"
"adjacent_vs_healthy_u1","adjacent_vs_healthy_u1","ranked","full_rank_covariate_adjusted","ranked_GSEA","GO","Biological Process","GO:1903059","regulation of protein lipidation",NA,NA,0.00348837723274912,0.0191488984685811,0.0132856397552771,NA,NA,-0.714706686229077,-1.82174115931894,11,FALSE,"association-level pathway result; not causal or cell-intrinsic evidence","raw_cel_rma_tier_specific_enrichment"
"adjacent_vs_healthy_u1","adjacent_vs_healthy_u1","ranked","full_rank_covariate_adjusted","ranked_GSEA","GO","Biological Process","GO:0035162","embryonic hemopoiesis",NA,NA,0.00350015197768591,0.0191964856912836,0.013318656103388,NA,NA,0.542753869267337,1.79712748131452,24,FALSE,"association-level pathway result; not causal or cell-intrinsic evidence","raw_cel_rma_tier_specific_enrichment"
"adjacent_vs_healthy_u1","adjacent_vs_healthy_u1","ranked","full_rank_covariate_adjusted","ranked_GSEA","GO","Biological Process","GO:1904385","cellular response to angiotensin",NA,NA,0.00352900506335644,0.0193375711849345,0.0134165422061535,NA,NA,0.490747971960621,1.74871507385518,34,FALSE,"association-level pathway result; not causal or cell-intrinsic evidence","raw_cel_rma_tier_specific_enrichment"
"adjacent_vs_healthy_u1","adjacent_vs_healthy_u1","ranked","full_rank_covariate_adjusted","ranked_GSEA","GO","Biological Process","GO:1902110","positive regulation of mitochondrial membrane permeability involved in apoptotic process",NA,NA,0.00354594192481158,0.0194045689038399,0.0134630256923584,NA,NA,-0.512253661608902,-1.74116929727523,35,FALSE,"association-level pathway result; not causal or cell-intrinsic evidence","raw_cel_rma_tier_specific_enrichment"
"adjacent_vs_healthy_u1","adjacent_vs_healthy_u1","ranked","full_rank_covariate_adjusted","ranked_GSEA","GO","Biological Process","GO:0046637","regulation of alpha-beta T cell differentiation",NA,NA,0.00354751057455737,0.0194045689038399,0.0134630256923584,NA,NA,0.383981931171166,1.62601126875367,78,FALSE,"association-level pathway result; not causal or cell-intrinsic evidence","raw_cel_rma_tier_specific_enrichment"
"adjacent_vs_healthy_u1","adjacent_vs_healthy_u1","ranked","full_rank_covariate_adjusted","ranked_GSEA","GO","Biological Process","GO:0048066","developmental pigmentation",NA,NA,0.00358017382028894,0.0195390660458429,0.0135563407506474,NA,NA,0.444601460446609,1.6896211544332,46,FALSE,"association-level pathway result; not causal or cell-intrinsic evidence","raw_cel_rma_tier_specific_enrichment"
"adjacent_vs_healthy_u1","adjacent_vs_healthy_u1","ranked","full_rank_covariate_adjusted","ranked_GSEA","GO","Biological Process","GO:0070613","regulation of protein processing",NA,NA,0.00358158256430027,0.0195390660458429,0.0135563407506474,NA,NA,0.418661085930002,1.6796691735208,56,FALSE,"association-level pathway result; not causal or cell-intrinsic evidence","raw_cel_rma_tier_specific_enrichment"
"adjacent_vs_healthy_u1","adjacent_vs_healthy_u1","ranked","full_rank_covariate_adjusted","ranked_GSEA","GO","Biological Process","GO:0051592","response to calcium ion",NA,NA,0.00357570821516989,0.0195390660458429,0.0135563407506474,NA,NA,0.323244466740768,1.48916418154352,131,FALSE,"association-level pathway result; not causal or cell-intrinsic evidence","raw_cel_rma_tier_specific_enrichment"
"adjacent_vs_healthy_u1","adjacent_vs_healthy_u1","ranked","full_rank_covariate_adjusted","ranked_GSEA","GO","Biological Process","GO:0060740","prostate gland epithelium morphogenesis",NA,NA,0.00359929905434869,0.0196184016357401,0.0136113843380827,NA,NA,0.535488302996569,1.78755755418726,26,FALSE,"association-level pathway result; not causal or cell-intrinsic evidence","raw_cel_rma_tier_specific_enrichment"
"adjacent_vs_healthy_u1","adjacent_vs_healthy_u1","ranked","full_rank_covariate_adjusted","ranked_GSEA","GO","Biological Process","GO:0035264","multicellular organism growth",NA,NA,0.00365823143315349,0.019922051531561,0.0138220587606467,NA,NA,0.30829159968237,1.45223285130836,156,FALSE,"association-level pathway result; not causal or cell-intrinsic evidence","raw_cel_rma_tier_specific_enrichment"
"adjacent_vs_healthy_u1","adjacent_vs_healthy_u1","ranked","full_rank_covariate_adjusted","ranked_GSEA","GO","Biological Process","GO:0061430","bone trabecula morphogenesis",NA,NA,0.00366284740383929,0.0199296301083897,0.0138273168302829,NA,NA,0.666213067051327,1.86927424251048,14,FALSE,"association-level pathway result; not causal or cell-intrinsic evidence","raw_cel_rma_tier_specific_enrichment"
"adjacent_vs_healthy_u1","adjacent_vs_healthy_u1","ranked","full_rank_covariate_adjusted","ranked_GSEA","GO","Biological Process","GO:0070071","proton-transporting two-sector ATPase complex assembly",NA,NA,0.00367161384861906,0.0199597583098631,0.0138482199872925,NA,NA,-0.641056289566578,-1.75672583780683,15,FALSE,"association-level pathway result; not causal or cell-intrinsic evidence","raw_cel_rma_tier_specific_enrichment"
"adjacent_vs_healthy_u1","adjacent_vs_healthy_u1","ranked","full_rank_covariate_adjusted","ranked_GSEA","GO","Biological Process","GO:0034112","positive regulation of homotypic cell-cell adhesion",NA,NA,0.00368984627905187,0.0199901757897162,0.0138693238476663,NA,NA,0.612308233449474,1.85488585660304,18,FALSE,"association-level pathway result; not causal or cell-intrinsic evidence","raw_cel_rma_tier_specific_enrichment"
"adjacent_vs_healthy_u1","adjacent_vs_healthy_u1","ranked","full_rank_covariate_adjusted","ranked_GSEA","GO","Biological Process","GO:0006662","glycerol ether metabolic process",NA,NA,0.00368495821962663,0.0199901757897162,0.0138693238476663,NA,NA,-0.589723068984909,-1.74335837648355,20,FALSE,"association-level pathway result; not causal or cell-intrinsic evidence","raw_cel_rma_tier_specific_enrichment"
"adjacent_vs_healthy_u1","adjacent_vs_healthy_u1","ranked","full_rank_covariate_adjusted","ranked_GSEA","GO","Biological Process","GO:0046485","ether lipid metabolic process",NA,NA,0.00368495821962663,0.0199901757897162,0.0138693238476663,NA,NA,-0.589723068984909,-1.74335837648355,20,FALSE,"association-level pathway result; not causal or cell-intrinsic evidence","raw_cel_rma_tier_specific_enrichment"
"adjacent_vs_healthy_u1","adjacent_vs_healthy_u1","ranked","full_rank_covariate_adjusted","ranked_GSEA","GO","Biological Process","GO:0035791","platelet-derived growth factor receptor-beta signaling pathway",NA,NA,0.0036901457007064,0.0199901757897162,0.0138693238476663,NA,NA,0.401591925235089,1.66825171358094,62,FALSE,"association-level pathway result; not causal or cell-intrinsic evidence","raw_cel_rma_tier_specific_enrichment"
"adjacent_vs_healthy_u1","adjacent_vs_healthy_u1","ranked","full_rank_covariate_adjusted","ranked_GSEA","GO","Biological Process","GO:0002053","positive regulation of mesenchymal cell proliferation",NA,NA,0.00369893457037958,0.0200202404374047,0.0138901829106152,NA,NA,0.519118138980788,1.75331373227052,27,FALSE,"association-level pathway result; not causal or cell-intrinsic evidence","raw_cel_rma_tier_specific_enrichment"
"adjacent_vs_healthy_u1","adjacent_vs_healthy_u1","ranked","full_rank_covariate_adjusted","ranked_GSEA","GO","Biological Process","GO:0001838","embryonic epithelial tube formation",NA,NA,0.00371091749023333,0.0200519354206141,0.013912173111757,NA,NA,0.330291022549245,1.50257074774062,120,FALSE,"association-level pathway result; not causal or cell-intrinsic evidence","raw_cel_rma_tier_specific_enrichment"
"adjacent_vs_healthy_u1","adjacent_vs_healthy_u1","ranked","full_rank_covariate_adjusted","ranked_GSEA","GO","Biological Process","GO:0014902","myotube differentiation",NA,NA,0.00371127877708826,0.0200519354206141,0.013912173111757,NA,NA,0.322332529807572,1.47624265203283,125,FALSE,"association-level pathway result; not causal or cell-intrinsic evidence","raw_cel_rma_tier_specific_enrichment"
"adjacent_vs_healthy_u1","adjacent_vs_healthy_u1","ranked","full_rank_covariate_adjusted","ranked_GSEA","GO","Biological Process","GO:1903317","regulation of protein maturation",NA,NA,0.00373838221700484,0.0201807340465563,0.0140015344997267,NA,NA,0.400455276934479,1.66352996656344,62,FALSE,"association-level pathway result; not causal or cell-intrinsic evidence","raw_cel_rma_tier_specific_enrichment"
"adjacent_vs_healthy_u1","adjacent_vs_healthy_u1","ranked","full_rank_covariate_adjusted","ranked_GSEA","GO","Biological Process","GO:0051895","negative regulation of focal adhesion assembly",NA,NA,0.00376007854353263,0.0202624633631867,0.0140582388715202,NA,NA,0.619381910630024,1.80766511551434,16,FALSE,"association-level pathway result; not causal or cell-intrinsic evidence","raw_cel_rma_tier_specific_enrichment"
"adjacent_vs_healthy_u1","adjacent_vs_healthy_u1","ranked","full_rank_covariate_adjusted","ranked_GSEA","GO","Biological Process","GO:0150118","negative regulation of cell-substrate junction organization",NA,NA,0.00376007854353263,0.0202624633631867,0.0140582388715202,NA,NA,0.619381910630024,1.80766511551434,16,FALSE,"association-level pathway result; not causal or cell-intrinsic evidence","raw_cel_rma_tier_specific_enrichment"
"adjacent_vs_healthy_u1","adjacent_vs_healthy_u1","ranked","full_rank_covariate_adjusted","ranked_GSEA","GO","Biological Process","GO:0006625","protein targeting to peroxisome",NA,NA,0.0037892100217065,0.0204016612754076,0.0141548153570808,NA,NA,-0.705575188669309,-1.74220586368192,10,FALSE,"association-level pathway result; not causal or cell-intrinsic evidence","raw_cel_rma_tier_specific_enrichment"
"adjacent_vs_healthy_u1","adjacent_vs_healthy_u1","ranked","full_rank_covariate_adjusted","ranked_GSEA","GO","Biological Process","GO:0035335","peptidyl-tyrosine dephosphorylation",NA,NA,0.00381629053256719,0.0205295837961687,0.0142435688971451,NA,NA,0.53883990851024,1.78416785663813,24,FALSE,"association-level pathway result; not causal or cell-intrinsic evidence","raw_cel_rma_tier_specific_enrichment"
"adjacent_vs_healthy_u1","adjacent_vs_healthy_u1","ranked","full_rank_covariate_adjusted","ranked_GSEA","GO","Biological Process","GO:0033280","response to vitamin D",NA,NA,0.00383103937646456,0.02059100381385,0.0142861825352097,NA,NA,0.466349149675529,1.71196537678832,38,FALSE,"association-level pathway result; not causal or cell-intrinsic evidence","raw_cel_rma_tier_specific_enrichment"
"adjacent_vs_healthy_u1","adjacent_vs_healthy_u1","ranked","full_rank_covariate_adjusted","ranked_GSEA","GO","Biological Process","GO:0030850","prostate gland development",NA,NA,0.0038470435090976,0.0206232228358476,0.0143085363181299,NA,NA,0.437916404319525,1.70202947617619,48,FALSE,"association-level pathway result; not causal or cell-intrinsic evidence","raw_cel_rma_tier_specific_enrichment"
"adjacent_vs_healthy_u1","adjacent_vs_healthy_u1","ranked","full_rank_covariate_adjusted","ranked_GSEA","GO","Biological Process","GO:0010927","cellular component assembly involved in morphogenesis",NA,NA,0.0038453304471867,0.0206232228358476,0.0143085363181299,NA,NA,0.328562481950255,1.52462871663886,136,FALSE,"association-level pathway result; not causal or cell-intrinsic evidence","raw_cel_rma_tier_specific_enrichment"
"adjacent_vs_healthy_u1","adjacent_vs_healthy_u1","ranked","full_rank_covariate_adjusted","ranked_GSEA","GO","Biological Process","GO:0032989","cellular anatomical entity morphogenesis",NA,NA,0.0038453304471867,0.0206232228358476,0.0143085363181299,NA,NA,0.328562481950255,1.52462871663886,136,FALSE,"association-level pathway result; not causal or cell-intrinsic evidence","raw_cel_rma_tier_specific_enrichment"
"adjacent_vs_healthy_u1","adjacent_vs_healthy_u1","ranked","full_rank_covariate_adjusted","ranked_GSEA","GO","Biological Process","GO:1902275","regulation of chromatin organization",NA,NA,0.00386363905034098,0.0206942400088021,0.0143578085296809,NA,NA,0.565138860281763,1.79886585941326,22,FALSE,"association-level pathway result; not causal or cell-intrinsic evidence","raw_cel_rma_tier_specific_enrichment"
"adjacent_vs_healthy_u1","adjacent_vs_healthy_u1","ranked","full_rank_covariate_adjusted","ranked_GSEA","GO","Biological Process","GO:0003222","ventricular trabecula myocardium morphogenesis",NA,NA,0.00388755923085296,0.0208043321263222,0.0144341912112053,NA,NA,0.660302183718585,1.85268936522298,14,FALSE,"association-level pathway result; not causal or cell-intrinsic evidence","raw_cel_rma_tier_specific_enrichment"
"adjacent_vs_healthy_u1","adjacent_vs_healthy_u1","ranked","full_rank_covariate_adjusted","ranked_GSEA","GO","Biological Process","GO:1902230","negative regulation of intrinsic apoptotic signaling pathway in response to DNA damage",NA,NA,0.00391908684014968,0.0209549098260944,0.0145386630730011,NA,NA,0.51220688134216,1.76566876346705,29,FALSE,"association-level pathway result; not causal or cell-intrinsic evidence","raw_cel_rma_tier_specific_enrichment"
"adjacent_vs_healthy_u1","adjacent_vs_healthy_u1","ranked","full_rank_covariate_adjusted","ranked_GSEA","GO","Biological Process","GO:0031644","regulation of nervous system process",NA,NA,0.0039375297700275,0.0210353254179256,0.0145944559733358,NA,NA,0.327018990297177,1.48569973212865,118,FALSE,"association-level pathway result; not causal or cell-intrinsic evidence","raw_cel_rma_tier_specific_enrichment"
"adjacent_vs_healthy_u1","adjacent_vs_healthy_u1","ranked","full_rank_covariate_adjusted","ranked_GSEA","GO","Biological Process","GO:0051148","negative regulation of muscle cell differentiation",NA,NA,0.00396917441281873,0.0211677886502438,0.0146863598908528,NA,NA,0.411922740048971,1.67079821137798,58,FALSE,"association-level pathway result; not causal or cell-intrinsic evidence","raw_cel_rma_tier_specific_enrichment"
"adjacent_vs_healthy_u1","adjacent_vs_healthy_u1","ranked","full_rank_covariate_adjusted","ranked_GSEA","GO","Biological Process","GO:1902808","positive regulation of cell cycle G1/S phase transition",NA,NA,0.00396917441281873,0.0211677886502438,0.0146863598908528,NA,NA,0.411666161822992,1.66975750544125,58,FALSE,"association-level pathway result; not causal or cell-intrinsic evidence","raw_cel_rma_tier_specific_enrichment"
"adjacent_vs_healthy_u1","adjacent_vs_healthy_u1","ranked","full_rank_covariate_adjusted","ranked_GSEA","GO","Biological Process","GO:0006953","acute-phase response",NA,NA,0.00397678572084508,0.0211900970177098,0.0147018375923075,NA,NA,0.445630957968409,1.67912723689029,44,FALSE,"association-level pathway result; not causal or cell-intrinsic evidence","raw_cel_rma_tier_specific_enrichment"
"adjacent_vs_healthy_u1","adjacent_vs_healthy_u1","ranked","full_rank_covariate_adjusted","ranked_GSEA","GO","Biological Process","GO:0050819","negative regulation of coagulation",NA,NA,0.00400471316153096,0.0213205271760748,0.014792330948889,NA,NA,0.429816211642125,1.70351221716561,52,FALSE,"association-level pathway result; not causal or cell-intrinsic evidence","raw_cel_rma_tier_specific_enrichment"
"adjacent_vs_healthy_u1","adjacent_vs_healthy_u1","ranked","full_rank_covariate_adjusted","ranked_GSEA","GO","Biological Process","GO:0060441","epithelial tube branching involved in lung morphogenesis",NA,NA,0.00401076035306422,0.0213343457334681,0.0148019183607063,NA,NA,0.511506022297952,1.76325277694476,29,FALSE,"association-level pathway result; not causal or cell-intrinsic evidence","raw_cel_rma_tier_specific_enrichment"
"adjacent_vs_healthy_u1","adjacent_vs_healthy_u1","ranked","full_rank_covariate_adjusted","ranked_GSEA","GO","Biological Process","GO:0140374","antiviral innate immune response",NA,NA,0.00402780148528718,0.0214065700606707,0.0148520281043218,NA,NA,0.41067021727214,1.65561714245617,57,FALSE,"association-level pathway result; not causal or cell-intrinsic evidence","raw_cel_rma_tier_specific_enrichment"
"adjacent_vs_healthy_u1","adjacent_vs_healthy_u1","ranked","full_rank_covariate_adjusted","ranked_GSEA","GO","Biological Process","GO:0021987","cerebral cortex development",NA,NA,0.00407461509695971,0.0216367662494055,0.0150117398309042,NA,NA,0.320095268886043,1.46599627696774,125,FALSE,"association-level pathway result; not causal or cell-intrinsic evidence","raw_cel_rma_tier_specific_enrichment"
"adjacent_vs_healthy_u1","adjacent_vs_healthy_u1","ranked","full_rank_covariate_adjusted","ranked_GSEA","GO","Biological Process","GO:0052547","regulation of peptidase activity",NA,NA,0.00408054238194962,0.0216496415989962,0.0150206728385478,NA,NA,0.368085383545762,1.5503813651586,75,FALSE,"association-level pathway result; not causal or cell-intrinsic evidence","raw_cel_rma_tier_specific_enrichment"
"adjacent_vs_healthy_u1","adjacent_vs_healthy_u1","ranked","full_rank_covariate_adjusted","ranked_GSEA","GO","Biological Process","GO:2000846","regulation of corticosteroid hormone secretion",NA,NA,0.004097309108666,0.0216859694273783,0.0150458773400896,NA,NA,0.610151130839512,1.84835127335904,18,FALSE,"association-level pathway result; not causal or cell-intrinsic evidence","raw_cel_rma_tier_specific_enrichment"
"adjacent_vs_healthy_u1","adjacent_vs_healthy_u1","ranked","full_rank_covariate_adjusted","ranked_GSEA","GO","Biological Process","GO:0070198","protein localization to chromosome, telomeric region",NA,NA,0.0040972538010523,0.0216859694273783,0.0150458773400896,NA,NA,0.517613248746573,1.77577677498563,28,FALSE,"association-level pathway result; not causal or cell-intrinsic evidence","raw_cel_rma_tier_specific_enrichment"
"adjacent_vs_healthy_u1","adjacent_vs_healthy_u1","ranked","full_rank_covariate_adjusted","ranked_GSEA","GO","Biological Process","GO:0039702","viral budding via host ESCRT complex",NA,NA,0.00409791494761008,0.0216859694273783,0.0150458773400896,NA,NA,-0.599759670207586,-1.75827614897058,19,FALSE,"association-level pathway result; not causal or cell-intrinsic evidence","raw_cel_rma_tier_specific_enrichment"
"adjacent_vs_healthy_u1","adjacent_vs_healthy_u1","ranked","full_rank_covariate_adjusted","ranked_GSEA","GO","Biological Process","GO:0090148","membrane fission",NA,NA,0.00411178793267735,0.0217407709254737,0.0150838990029513,NA,NA,-0.478542101924948,-1.70992644212811,43,FALSE,"association-level pathway result; not causal or cell-intrinsic evidence","raw_cel_rma_tier_specific_enrichment"
"adjacent_vs_healthy_u1","adjacent_vs_healthy_u1","ranked","full_rank_covariate_adjusted","ranked_GSEA","GO","Biological Process","GO:0046631","alpha-beta T cell activation",NA,NA,0.00411658550495802,0.0217475341932868,0.0150885914054872,NA,NA,0.29645856003682,1.43541663477777,187,FALSE,"association-level pathway result; not causal or cell-intrinsic evidence","raw_cel_rma_tier_specific_enrichment"
"adjacent_vs_healthy_u1","adjacent_vs_healthy_u1","ranked","full_rank_covariate_adjusted","ranked_GSEA","GO","Biological Process","GO:0046824","positive regulation of nucleocytoplasmic transport",NA,NA,0.00413509950063037,0.0218266866040959,0.0151435079019894,NA,NA,0.396878947383953,1.64415237657863,63,FALSE,"association-level pathway result; not causal or cell-intrinsic evidence","raw_cel_rma_tier_specific_enrichment"
"adjacent_vs_healthy_u1","adjacent_vs_healthy_u1","ranked","full_rank_covariate_adjusted","ranked_GSEA","GO","Biological Process","GO:0098927","vesicle-mediated transport between endosomal compartments",NA,NA,0.00414442117023828,0.0218385910087322,0.0151517672612292,NA,NA,-0.447788766523745,-1.62209647450336,47,FALSE,"association-level pathway result; not causal or cell-intrinsic evidence","raw_cel_rma_tier_specific_enrichment"
"adjacent_vs_healthy_u1","adjacent_vs_healthy_u1","ranked","full_rank_covariate_adjusted","ranked_GSEA","GO","Biological Process","GO:0046148","pigment biosynthetic process",NA,NA,0.00414442117023828,0.0218385910087322,0.0151517672612292,NA,NA,-0.423503715008626,-1.58803601466707,55,FALSE,"association-level pathway result; not causal or cell-intrinsic evidence","raw_cel_rma_tier_specific_enrichment"
"adjacent_vs_healthy_u1","adjacent_vs_healthy_u1","ranked","full_rank_covariate_adjusted","ranked_GSEA","GO","Biological Process","GO:0072210","metanephric nephron development",NA,NA,0.00415547851013355,0.0218782050009672,0.0151792517262477,NA,NA,0.451694197387022,1.68906918636675,41,FALSE,"association-level pathway result; not causal or cell-intrinsic evidence","raw_cel_rma_tier_specific_enrichment"
"adjacent_vs_healthy_u1","adjacent_vs_healthy_u1","ranked","full_rank_covariate_adjusted","ranked_GSEA","GO","Biological Process","GO:0002065","columnar/cuboidal epithelial cell differentiation",NA,NA,0.00417354619692284,0.0219546289729192,0.0152322752127782,NA,NA,0.335182576830503,1.50421188233291,112,FALSE,"association-level pathway result; not causal or cell-intrinsic evidence","raw_cel_rma_tier_specific_enrichment"
"adjacent_vs_healthy_u1","adjacent_vs_healthy_u1","ranked","full_rank_covariate_adjusted","ranked_GSEA","GO","Biological Process","GO:0044319","wound healing, spreading of cells",NA,NA,0.00421784762991207,0.022149971283336,0.0153678050746875,NA,NA,0.47243979145588,1.7610813413733,40,FALSE,"association-level pathway result; not causal or cell-intrinsic evidence","raw_cel_rma_tier_specific_enrichment"
"adjacent_vs_healthy_u1","adjacent_vs_healthy_u1","ranked","full_rank_covariate_adjusted","ranked_GSEA","GO","Biological Process","GO:0090505","epiboly involved in wound healing",NA,NA,0.00421784762991207,0.022149971283336,0.0153678050746875,NA,NA,0.47243979145588,1.7610813413733,40,FALSE,"association-level pathway result; not causal or cell-intrinsic evidence","raw_cel_rma_tier_specific_enrichment"
"adjacent_vs_healthy_u1","adjacent_vs_healthy_u1","ranked","full_rank_covariate_adjusted","ranked_GSEA","GO","Biological Process","GO:0051917","regulation of fibrinolysis",NA,NA,0.00427443065400644,0.0224280610122358,0.0155607456745798,NA,NA,0.625074373860341,1.86659710579871,17,FALSE,"association-level pathway result; not causal or cell-intrinsic evidence","raw_cel_rma_tier_specific_enrichment"
"adjacent_vs_healthy_u1","adjacent_vs_healthy_u1","ranked","full_rank_covariate_adjusted","ranked_GSEA","GO","Biological Process","GO:0050686","negative regulation of mRNA processing",NA,NA,0.0042964687560736,0.022473660596069,0.0155923829849343,NA,NA,0.600247264394694,1.83690823691942,19,FALSE,"association-level pathway result; not causal or cell-intrinsic evidence","raw_cel_rma_tier_specific_enrichment"
"adjacent_vs_healthy_u1","adjacent_vs_healthy_u1","ranked","full_rank_covariate_adjusted","ranked_GSEA","GO","Biological Process","GO:0030511","positive regulation of transforming growth factor beta receptor signaling pathway",NA,NA,0.00430253485735394,0.022473660596069,0.0155923829849343,NA,NA,0.508939569136253,1.78443123827516,31,FALSE,"association-level pathway result; not causal or cell-intrinsic evidence","raw_cel_rma_tier_specific_enrichment"
"adjacent_vs_healthy_u1","adjacent_vs_healthy_u1","ranked","full_rank_covariate_adjusted","ranked_GSEA","GO","Biological Process","GO:1903846","positive regulation of cellular response to transforming growth factor beta stimulus",NA,NA,0.00430253485735394,0.022473660596069,0.0155923829849343,NA,NA,0.508939569136253,1.78443123827516,31,FALSE,"association-level pathway result; not causal or cell-intrinsic evidence","raw_cel_rma_tier_specific_enrichment"
"adjacent_vs_healthy_u1","adjacent_vs_healthy_u1","ranked","full_rank_covariate_adjusted","ranked_GSEA","GO","Biological Process","GO:0003198","epithelial to mesenchymal transition involved in endocardial cushion formation",NA,NA,0.00430098565867009,0.022473660596069,0.0155923829849343,NA,NA,0.610294232315674,1.7659696593266,15,FALSE,"association-level pathway result; not causal or cell-intrinsic evidence","raw_cel_rma_tier_specific_enrichment"
"adjacent_vs_healthy_u1","adjacent_vs_healthy_u1","ranked","full_rank_covariate_adjusted","ranked_GSEA","GO","Biological Process","GO:0071229","cellular response to acid chemical",NA,NA,0.00430783590445869,0.022473660596069,0.0155923829849343,NA,NA,0.363846904756192,1.59836122702435,91,FALSE,"association-level pathway result; not causal or cell-intrinsic evidence","raw_cel_rma_tier_specific_enrichment"
"adjacent_vs_healthy_u1","adjacent_vs_healthy_u1","ranked","full_rank_covariate_adjusted","ranked_GSEA","GO","Biological Process","GO:0000045","autophagosome assembly",NA,NA,0.00429923107126207,0.022473660596069,0.0155923829849343,NA,NA,-0.368347037344421,-1.55627758736959,111,FALSE,"association-level pathway result; not causal or cell-intrinsic evidence","raw_cel_rma_tier_specific_enrichment"
"adjacent_vs_healthy_u1","adjacent_vs_healthy_u1","ranked","full_rank_covariate_adjusted","ranked_GSEA","GO","Biological Process","GO:0050806","positive regulation of synaptic transmission",NA,NA,0.00430857269152916,0.022473660596069,0.0155923829849343,NA,NA,0.305182753685525,1.43727752022692,154,FALSE,"association-level pathway result; not causal or cell-intrinsic evidence","raw_cel_rma_tier_specific_enrichment"
"adjacent_vs_healthy_u1","adjacent_vs_healthy_u1","ranked","full_rank_covariate_adjusted","ranked_GSEA","GO","Biological Process","GO:0071384","cellular response to corticosteroid stimulus",NA,NA,0.00432855229211449,0.0225588378731532,0.0156514795758183,NA,NA,0.395914023670324,1.64015498234183,63,FALSE,"association-level pathway result; not causal or cell-intrinsic evidence","raw_cel_rma_tier_specific_enrichment"
"adjacent_vs_healthy_u1","adjacent_vs_healthy_u1","ranked","full_rank_covariate_adjusted","ranked_GSEA","GO","Biological Process","GO:0051347","positive regulation of transferase activity",NA,NA,0.00434380888714924,0.0226192777855682,0.0156934132099907,NA,NA,0.267438240918816,1.35478244682111,249,FALSE,"association-level pathway result; not causal or cell-intrinsic evidence","raw_cel_rma_tier_specific_enrichment"
"adjacent_vs_healthy_u1","adjacent_vs_healthy_u1","ranked","full_rank_covariate_adjusted","ranked_GSEA","GO","Biological Process","GO:0060512","prostate gland morphogenesis",NA,NA,0.00436301910567014,0.0227001861045009,0.0157495479678364,NA,NA,0.515598175717265,1.7688636600412,28,FALSE,"association-level pathway result; not causal or cell-intrinsic evidence","raw_cel_rma_tier_specific_enrichment"
"adjacent_vs_healthy_u1","adjacent_vs_healthy_u1","ranked","full_rank_covariate_adjusted","ranked_GSEA","GO","Biological Process","GO:0060674","placenta blood vessel development",NA,NA,0.00439263948455835,0.0228350754029059,0.0158431351069813,NA,NA,0.508242889374296,1.78198855704991,31,FALSE,"association-level pathway result; not causal or cell-intrinsic evidence","raw_cel_rma_tier_specific_enrichment"
"adjacent_vs_healthy_u1","adjacent_vs_healthy_u1","ranked","full_rank_covariate_adjusted","ranked_GSEA","GO","Biological Process","GO:1903670","regulation of sprouting angiogenesis",NA,NA,0.00439724839144407,0.0228398254685007,0.0158464307357303,NA,NA,0.470158561218642,1.74018154590389,39,FALSE,"association-level pathway result; not causal or cell-intrinsic evidence","raw_cel_rma_tier_specific_enrichment"
"adjacent_vs_healthy_u1","adjacent_vs_healthy_u1","ranked","full_rank_covariate_adjusted","ranked_GSEA","GO","Biological Process","GO:1905710","positive regulation of membrane permeability",NA,NA,0.00441897609022189,0.0229151657329807,0.0158987023384333,NA,NA,-0.479735020316031,-1.69680936544154,42,FALSE,"association-level pathway result; not causal or cell-intrinsic evidence","raw_cel_rma_tier_specific_enrichment"
"adjacent_vs_healthy_u1","adjacent_vs_healthy_u1","ranked","full_rank_covariate_adjusted","ranked_GSEA","GO","Biological Process","GO:0035150","regulation of tube size",NA,NA,0.00441916802357434,0.0229151657329807,0.0158987023384333,NA,NA,0.312777987772745,1.47078424498494,150,FALSE,"association-level pathway result; not causal or cell-intrinsic evidence","raw_cel_rma_tier_specific_enrichment"
"adjacent_vs_healthy_u1","adjacent_vs_healthy_u1","ranked","full_rank_covariate_adjusted","ranked_GSEA","GO","Biological Process","GO:0009262","deoxyribonucleotide metabolic process",NA,NA,0.0044333701491477,0.0229256701992718,0.0159059904106529,NA,NA,-0.485401205374939,-1.70297880045467,41,FALSE,"association-level pathway result; not causal or cell-intrinsic evidence","raw_cel_rma_tier_specific_enrichment"
"adjacent_vs_healthy_u1","adjacent_vs_healthy_u1","ranked","full_rank_covariate_adjusted","ranked_GSEA","GO","Biological Process","GO:0019692","deoxyribose phosphate metabolic process",NA,NA,0.0044333701491477,0.0229256701992718,0.0159059904106529,NA,NA,-0.485401205374939,-1.70297880045467,41,FALSE,"association-level pathway result; not causal or cell-intrinsic evidence","raw_cel_rma_tier_specific_enrichment"
"adjacent_vs_healthy_u1","adjacent_vs_healthy_u1","ranked","full_rank_covariate_adjusted","ranked_GSEA","GO","Biological Process","GO:0051965","positive regulation of synapse assembly",NA,NA,0.00443139141713604,0.0229256701992718,0.0159059904106529,NA,NA,0.392468160220437,1.61833095580572,64,FALSE,"association-level pathway result; not causal or cell-intrinsic evidence","raw_cel_rma_tier_specific_enrichment"
"adjacent_vs_healthy_u1","adjacent_vs_healthy_u1","ranked","full_rank_covariate_adjusted","ranked_GSEA","GO","Biological Process","GO:0031109","microtubule polymerization or depolymerization",NA,NA,0.00443603002076186,0.0229256701992718,0.0159059904106529,NA,NA,0.31824925971171,1.47478076806761,138,FALSE,"association-level pathway result; not causal or cell-intrinsic evidence","raw_cel_rma_tier_specific_enrichment"
"adjacent_vs_healthy_u1","adjacent_vs_healthy_u1","ranked","full_rank_covariate_adjusted","ranked_GSEA","GO","Biological Process","GO:0006626","protein targeting to mitochondrion",NA,NA,0.00445687571157227,0.0230141593761305,0.015967384820776,NA,NA,-0.363674762400783,-1.51404607897764,103,FALSE,"association-level pathway result; not causal or cell-intrinsic evidence","raw_cel_rma_tier_specific_enrichment"
"adjacent_vs_healthy_u1","adjacent_vs_healthy_u1","ranked","full_rank_covariate_adjusted","ranked_GSEA","GO","Biological Process","GO:2000649","regulation of sodium ion transmembrane transporter activity",NA,NA,0.0044691282318019,0.0230493987108798,0.0159918341178185,NA,NA,0.507109037531676,1.74809558375182,29,FALSE,"association-level pathway result; not causal or cell-intrinsic evidence","raw_cel_rma_tier_specific_enrichment"
"adjacent_vs_healthy_u1","adjacent_vs_healthy_u1","ranked","full_rank_covariate_adjusted","ranked_GSEA","GO","Biological Process","GO:0022898","regulation of transmembrane transporter activity",NA,NA,0.00447115823561639,0.0230493987108798,0.0159918341178185,NA,NA,0.304027204359123,1.43183538743831,154,FALSE,"association-level pathway result; not causal or cell-intrinsic evidence","raw_cel_rma_tier_specific_enrichment"
"adjacent_vs_healthy_u1","adjacent_vs_healthy_u1","ranked","full_rank_covariate_adjusted","ranked_GSEA","GO","Biological Process","GO:0061299","retina vasculature morphogenesis in camera-type eye",NA,NA,0.00450317788227613,0.0231951187419573,0.0160929356950815,NA,NA,0.715567854398801,1.85382623302613,10,FALSE,"association-level pathway result; not causal or cell-intrinsic evidence","raw_cel_rma_tier_specific_enrichment"
"adjacent_vs_healthy_u1","adjacent_vs_healthy_u1","ranked","full_rank_covariate_adjusted","ranked_GSEA","GO","Biological Process","GO:0051865","protein autoubiquitination",NA,NA,0.00451438299250566,0.0232334731695899,0.0161195462653649,NA,NA,-0.409606374321843,-1.6358776946216,74,FALSE,"association-level pathway result; not causal or cell-intrinsic evidence","raw_cel_rma_tier_specific_enrichment"
"adjacent_vs_healthy_u1","adjacent_vs_healthy_u1","ranked","full_rank_covariate_adjusted","ranked_GSEA","GO","Biological Process","GO:0034243","regulation of transcription elongation by RNA polymerase II",NA,NA,0.00455773582426446,0.0233981437954972,0.0162337958979309,NA,NA,-0.378658395803042,-1.53664395939117,83,FALSE,"association-level pathway result; not causal or cell-intrinsic evidence","raw_cel_rma_tier_specific_enrichment"
"adjacent_vs_healthy_u1","adjacent_vs_healthy_u1","ranked","full_rank_covariate_adjusted","ranked_GSEA","GO","Biological Process","GO:0035296","regulation of tube diameter",NA,NA,0.00455399795614204,0.0233981437954972,0.0162337958979309,NA,NA,0.315207221815561,1.48483770711535,149,FALSE,"association-level pathway result; not causal or cell-intrinsic evidence","raw_cel_rma_tier_specific_enrichment"
"adjacent_vs_healthy_u1","adjacent_vs_healthy_u1","ranked","full_rank_covariate_adjusted","ranked_GSEA","GO","Biological Process","GO:0097746","blood vessel diameter maintenance",NA,NA,0.00455399795614204,0.0233981437954972,0.0162337958979309,NA,NA,0.315207221815561,1.48483770711535,149,FALSE,"association-level pathway result; not causal or cell-intrinsic evidence","raw_cel_rma_tier_specific_enrichment"
"adjacent_vs_healthy_u1","adjacent_vs_healthy_u1","ranked","full_rank_covariate_adjusted","ranked_GSEA","GO","Biological Process","GO:0016558","protein import into peroxisome matrix",NA,NA,0.00456555167878807,0.0234188173664639,0.0162481393661346,NA,NA,-0.633602702223099,-1.73630031561206,15,FALSE,"association-level pathway result; not causal or cell-intrinsic evidence","raw_cel_rma_tier_specific_enrichment"
"adjacent_vs_healthy_u1","adjacent_vs_healthy_u1","ranked","full_rank_covariate_adjusted","ranked_GSEA","GO","Biological Process","GO:0070129","regulation of mitochondrial translation",NA,NA,0.00457493995222972,0.0234261342807878,0.0162532158924939,NA,NA,-0.533575180821819,-1.68837223016248,26,FALSE,"association-level pathway result; not causal or cell-intrinsic evidence","raw_cel_rma_tier_specific_enrichment"
"adjacent_vs_healthy_u1","adjacent_vs_healthy_u1","ranked","full_rank_covariate_adjusted","ranked_GSEA","GO","Biological Process","GO:0014003","oligodendrocyte development",NA,NA,0.00458213822123807,0.0234261342807878,0.0162532158924939,NA,NA,0.434027220506361,1.68691356495893,48,FALSE,"association-level pathway result; not causal or cell-intrinsic evidence","raw_cel_rma_tier_specific_enrichment"
"adjacent_vs_healthy_u1","adjacent_vs_healthy_u1","ranked","full_rank_covariate_adjusted","ranked_GSEA","GO","Biological Process","GO:0099084","postsynaptic specialization organization",NA,NA,0.00458187521838107,0.0234261342807878,0.0162532158924939,NA,NA,0.409940146615247,1.63550987219891,55,FALSE,"association-level pathway result; not causal or cell-intrinsic evidence","raw_cel_rma_tier_specific_enrichment"
"adjacent_vs_healthy_u1","adjacent_vs_healthy_u1","ranked","full_rank_covariate_adjusted","ranked_GSEA","GO","Biological Process","GO:0050773","regulation of dendrite development",NA,NA,0.00458105117582117,0.0234261342807878,0.0162532158924939,NA,NA,0.34277841321374,1.5204108059242,99,FALSE,"association-level pathway result; not causal or cell-intrinsic evidence","raw_cel_rma_tier_specific_enrichment"
"adjacent_vs_healthy_u1","adjacent_vs_healthy_u1","ranked","full_rank_covariate_adjusted","ranked_GSEA","GO","Biological Process","GO:0060338","regulation of type I interferon-mediated signaling pathway",NA,NA,0.00460664029032819,0.0235319368880318,0.0163266224817721,NA,NA,0.469844696278719,1.76375468444314,42,FALSE,"association-level pathway result; not causal or cell-intrinsic evidence","raw_cel_rma_tier_specific_enrichment"
"adjacent_vs_healthy_u1","adjacent_vs_healthy_u1","ranked","full_rank_covariate_adjusted","ranked_GSEA","GO","Biological Process","GO:0035767","endothelial cell chemotaxis",NA,NA,0.00465247550679782,0.0237464501300721,0.0164754532701937,NA,NA,0.504578882182742,1.73937368557149,29,FALSE,"association-level pathway result; not causal or cell-intrinsic evidence","raw_cel_rma_tier_specific_enrichment"
"adjacent_vs_healthy_u1","adjacent_vs_healthy_u1","ranked","full_rank_covariate_adjusted","ranked_GSEA","GO","Biological Process","GO:0046755","viral budding",NA,NA,0.00466804440828806,0.0237688083922076,0.0164909655889192,NA,NA,-0.564638895709662,-1.71186907734351,22,FALSE,"association-level pathway result; not causal or cell-intrinsic evidence","raw_cel_rma_tier_specific_enrichment"
"adjacent_vs_healthy_u1","adjacent_vs_healthy_u1","ranked","full_rank_covariate_adjusted","ranked_GSEA","GO","Biological Process","GO:0031111","negative regulation of microtubule polymerization or depolymerization",NA,NA,0.00466839239413365,0.0237688083922076,0.0164909655889192,NA,NA,0.440386228192923,1.6593652152922,44,FALSE,"association-level pathway result; not causal or cell-intrinsic evidence","raw_cel_rma_tier_specific_enrichment"
"adjacent_vs_healthy_u1","adjacent_vs_healthy_u1","ranked","full_rank_covariate_adjusted","ranked_GSEA","GO","Biological Process","GO:0034765","regulation of monoatomic ion transmembrane transport",NA,NA,0.00466609148200225,0.0237688083922076,0.0164909655889192,NA,NA,0.25666373364364,1.32595055301791,314,FALSE,"association-level pathway result; not causal or cell-intrinsic evidence","raw_cel_rma_tier_specific_enrichment"
"adjacent_vs_healthy_u1","adjacent_vs_healthy_u1","ranked","full_rank_covariate_adjusted","ranked_GSEA","GO","Biological Process","GO:0051123","RNA polymerase II preinitiation complex assembly",NA,NA,0.00471729753784554,0.0239980379270973,0.0166500066442995,NA,NA,-0.441339966494422,-1.64225183009736,53,FALSE,"association-level pathway result; not causal or cell-intrinsic evidence","raw_cel_rma_tier_specific_enrichment"
"adjacent_vs_healthy_u1","adjacent_vs_healthy_u1","ranked","full_rank_covariate_adjusted","ranked_GSEA","GO","Biological Process","GO:0036215","response to stem cell factor",NA,NA,0.00474322575918534,0.0240310478832169,0.0166729091828482,NA,NA,0.424179094231088,1.66726560895361,51,FALSE,"association-level pathway result; not causal or cell-intrinsic evidence","raw_cel_rma_tier_specific_enrichment"
"adjacent_vs_healthy_u1","adjacent_vs_healthy_u1","ranked","full_rank_covariate_adjusted","ranked_GSEA","GO","Biological Process","GO:0036216","cellular response to stem cell factor stimulus",NA,NA,0.00474322575918534,0.0240310478832169,0.0166729091828482,NA,NA,0.424179094231088,1.66726560895361,51,FALSE,"association-level pathway result; not causal or cell-intrinsic evidence","raw_cel_rma_tier_specific_enrichment"
"adjacent_vs_healthy_u1","adjacent_vs_healthy_u1","ranked","full_rank_covariate_adjusted","ranked_GSEA","GO","Biological Process","GO:0038109","Kit signaling pathway",NA,NA,0.00474322575918534,0.0240310478832169,0.0166729091828482,NA,NA,0.424179094231088,1.66726560895361,51,FALSE,"association-level pathway result; not causal or cell-intrinsic evidence","raw_cel_rma_tier_specific_enrichment"
"adjacent_vs_healthy_u1","adjacent_vs_healthy_u1","ranked","full_rank_covariate_adjusted","ranked_GSEA","GO","Biological Process","GO:0048013","ephrin receptor signaling pathway",NA,NA,0.00473604267761283,0.0240310478832169,0.0166729091828482,NA,NA,0.357578727078392,1.52729058972505,83,FALSE,"association-level pathway result; not causal or cell-intrinsic evidence","raw_cel_rma_tier_specific_enrichment"
"adjacent_vs_healthy_u1","adjacent_vs_healthy_u1","ranked","full_rank_covariate_adjusted","ranked_GSEA","GO","Biological Process","GO:0045621","positive regulation of lymphocyte differentiation",NA,NA,0.00473604267761283,0.0240310478832169,0.0166729091828482,NA,NA,0.314826446931615,1.45654868358556,135,FALSE,"association-level pathway result; not causal or cell-intrinsic evidence","raw_cel_rma_tier_specific_enrichment"
"adjacent_vs_healthy_u1","adjacent_vs_healthy_u1","ranked","full_rank_covariate_adjusted","ranked_GSEA","GO","Biological Process","GO:2001212","regulation of vasculogenesis",NA,NA,0.0047629766062536,0.0241113500436147,0.0167286233836607,NA,NA,0.618683868445783,1.84751377842163,17,FALSE,"association-level pathway result; not causal or cell-intrinsic evidence","raw_cel_rma_tier_specific_enrichment"
"adjacent_vs_healthy_u1","adjacent_vs_healthy_u1","ranked","full_rank_covariate_adjusted","ranked_GSEA","GO","Biological Process","GO:0042428","serotonin metabolic process",NA,NA,0.00479241068939557,0.0242404995672292,0.0168182282268908,NA,NA,-0.700039942000919,-1.7843565760368,11,FALSE,"association-level pathway result; not causal or cell-intrinsic evidence","raw_cel_rma_tier_specific_enrichment"
"adjacent_vs_healthy_u1","adjacent_vs_healthy_u1","ranked","full_rank_covariate_adjusted","ranked_GSEA","GO","Biological Process","GO:0010657","muscle cell apoptotic process",NA,NA,0.0048211965935829,0.0243462550203725,0.016891602100324,NA,NA,0.364800567794215,1.55162186376979,79,FALSE,"association-level pathway result; not causal or cell-intrinsic evidence","raw_cel_rma_tier_specific_enrichment"
"adjacent_vs_healthy_u1","adjacent_vs_healthy_u1","ranked","full_rank_covariate_adjusted","ranked_GSEA","GO","Biological Process","GO:0048469","cell maturation",NA,NA,0.00482057751482171,0.0243462550203725,0.016891602100324,NA,NA,0.285867276848982,1.40136575851551,201,FALSE,"association-level pathway result; not causal or cell-intrinsic evidence","raw_cel_rma_tier_specific_enrichment"
"adjacent_vs_healthy_u1","adjacent_vs_healthy_u1","ranked","full_rank_covariate_adjusted","ranked_GSEA","GO","Biological Process","GO:0003156","regulation of animal organ formation",NA,NA,0.00483672605711681,0.0243649582388256,0.0169045785241658,NA,NA,0.503547461517955,1.73581819399934,29,FALSE,"association-level pathway result; not causal or cell-intrinsic evidence","raw_cel_rma_tier_specific_enrichment"
"adjacent_vs_healthy_u1","adjacent_vs_healthy_u1","ranked","full_rank_covariate_adjusted","ranked_GSEA","GO","Biological Process","GO:0010837","regulation of keratinocyte proliferation",NA,NA,0.00483196508713772,0.0243649582388256,0.0169045785241658,NA,NA,0.437254528633978,1.66170057270968,46,FALSE,"association-level pathway result; not causal or cell-intrinsic evidence","raw_cel_rma_tier_specific_enrichment"
"adjacent_vs_healthy_u1","adjacent_vs_healthy_u1","ranked","full_rank_covariate_adjusted","ranked_GSEA","GO","Biological Process","GO:0006809","nitric oxide biosynthetic process",NA,NA,0.00483444163916967,0.0243649582388256,0.0169045785241658,NA,NA,0.377869792278067,1.58476184625195,70,FALSE,"association-level pathway result; not causal or cell-intrinsic evidence","raw_cel_rma_tier_specific_enrichment"
"adjacent_vs_healthy_u1","adjacent_vs_healthy_u1","ranked","full_rank_covariate_adjusted","ranked_GSEA","GO","Biological Process","GO:2000737","negative regulation of stem cell differentiation",NA,NA,0.00488029130098891,0.0245464214114925,0.0170304789431825,NA,NA,0.509185043697811,1.71976485186001,27,FALSE,"association-level pathway result; not causal or cell-intrinsic evidence","raw_cel_rma_tier_specific_enrichment"
"adjacent_vs_healthy_u1","adjacent_vs_healthy_u1","ranked","full_rank_covariate_adjusted","ranked_GSEA","GO","Biological Process","GO:0046683","response to organophosphorus",NA,NA,0.00488069113650287,0.0245464214114925,0.0170304789431825,NA,NA,0.326681373501336,1.49539207948776,127,FALSE,"association-level pathway result; not causal or cell-intrinsic evidence","raw_cel_rma_tier_specific_enrichment"
"adjacent_vs_healthy_u1","adjacent_vs_healthy_u1","ranked","full_rank_covariate_adjusted","ranked_GSEA","GO","Biological Process","GO:0097646","calcitonin family receptor signaling pathway",NA,NA,0.00490676505114989,0.0246374612357088,0.0170936430102909,NA,NA,0.681027289061637,1.82138432125482,11,FALSE,"association-level pathway result; not causal or cell-intrinsic evidence","raw_cel_rma_tier_specific_enrichment"
"adjacent_vs_healthy_u1","adjacent_vs_healthy_u1","ranked","full_rank_covariate_adjusted","ranked_GSEA","GO","Biological Process","GO:0001569","branching involved in blood vessel morphogenesis",NA,NA,0.0049031606762188,0.0246374612357088,0.0170936430102909,NA,NA,0.478455444161225,1.70491228731955,34,FALSE,"association-level pathway result; not causal or cell-intrinsic evidence","raw_cel_rma_tier_specific_enrichment"
"adjacent_vs_healthy_u1","adjacent_vs_healthy_u1","ranked","full_rank_covariate_adjusted","ranked_GSEA","GO","Biological Process","GO:1902410","mitotic cytokinetic process",NA,NA,0.00492392618479313,0.0247035614839337,0.0171395038250574,NA,NA,-0.492779164099723,-1.66829905434792,34,FALSE,"association-level pathway result; not causal or cell-intrinsic evidence","raw_cel_rma_tier_specific_enrichment"
"adjacent_vs_healthy_u1","adjacent_vs_healthy_u1","ranked","full_rank_covariate_adjusted","ranked_GSEA","GO","Biological Process","GO:0031122","cytoplasmic microtubule organization",NA,NA,0.00493210855423581,0.0247245441798309,0.017154061766301,NA,NA,0.388778483561096,1.60311668224179,64,FALSE,"association-level pathway result; not causal or cell-intrinsic evidence","raw_cel_rma_tier_specific_enrichment"
"adjacent_vs_healthy_u1","adjacent_vs_healthy_u1","ranked","full_rank_covariate_adjusted","ranked_GSEA","GO","Biological Process","GO:0001843","neural tube closure",NA,NA,0.00496295455575791,0.0248590130544082,0.0172473572124522,NA,NA,0.357886795411607,1.54576910173833,85,FALSE,"association-level pathway result; not causal or cell-intrinsic evidence","raw_cel_rma_tier_specific_enrichment"
"adjacent_vs_healthy_u1","adjacent_vs_healthy_u1","ranked","full_rank_covariate_adjusted","ranked_GSEA","GO","Biological Process","GO:1904707","positive regulation of vascular associated smooth muscle cell proliferation",NA,NA,0.00504172587328626,0.0252331235812003,0.0175069177138446,NA,NA,0.471777951022198,1.72920440382826,37,FALSE,"association-level pathway result; not causal or cell-intrinsic evidence","raw_cel_rma_tier_specific_enrichment"
"adjacent_vs_healthy_u1","adjacent_vs_healthy_u1","ranked","full_rank_covariate_adjusted","ranked_GSEA","GO","Biological Process","GO:0032048","cardiolipin metabolic process",NA,NA,0.00505025273151774,0.0252553496225818,0.0175223382968858,NA,NA,-0.619168250638138,-1.72894376679867,16,FALSE,"association-level pathway result; not causal or cell-intrinsic evidence","raw_cel_rma_tier_specific_enrichment"
"adjacent_vs_healthy_u1","adjacent_vs_healthy_u1","ranked","full_rank_covariate_adjusted","ranked_GSEA","GO","Biological Process","GO:0010592","positive regulation of lamellipodium assembly",NA,NA,0.00508759734457061,0.0254215353167267,0.017637639094397,NA,NA,-0.50991355541551,-1.63565110797292,28,FALSE,"association-level pathway result; not causal or cell-intrinsic evidence","raw_cel_rma_tier_specific_enrichment"
"adjacent_vs_healthy_u1","adjacent_vs_healthy_u1","ranked","full_rank_covariate_adjusted","ranked_GSEA","GO","Biological Process","GO:0034695","response to prostaglandin E",NA,NA,0.00511310227377619,0.0255283401891847,0.0177117410622942,NA,NA,0.501768594157135,1.72968611993364,29,FALSE,"association-level pathway result; not causal or cell-intrinsic evidence","raw_cel_rma_tier_specific_enrichment"
"adjacent_vs_healthy_u1","adjacent_vs_healthy_u1","ranked","full_rank_covariate_adjusted","ranked_GSEA","GO","Biological Process","GO:0072376","protein activation cascade",NA,NA,0.00512585315226441,0.0255713465166637,0.0177415791532434,NA,NA,0.59476209378259,1.82012222942559,19,FALSE,"association-level pathway result; not causal or cell-intrinsic evidence","raw_cel_rma_tier_specific_enrichment"
"adjacent_vs_healthy_u1","adjacent_vs_healthy_u1","ranked","full_rank_covariate_adjusted","ranked_GSEA","GO","Biological Process","GO:0060347","heart trabecula formation",NA,NA,0.00513405335559213,0.025591599831383,0.0177556310447218,NA,NA,0.607011244641063,1.75646988640017,15,FALSE,"association-level pathway result; not causal or cell-intrinsic evidence","raw_cel_rma_tier_specific_enrichment"
"adjacent_vs_healthy_u1","adjacent_vs_healthy_u1","ranked","full_rank_covariate_adjusted","ranked_GSEA","GO","Biological Process","GO:1902305","regulation of sodium ion transmembrane transport",NA,NA,0.00518296060611172,0.0258145684982889,0.0179103282660835,NA,NA,0.435621334413842,1.65549393654418,46,FALSE,"association-level pathway result; not causal or cell-intrinsic evidence","raw_cel_rma_tier_specific_enrichment"
"adjacent_vs_healthy_u1","adjacent_vs_healthy_u1","ranked","full_rank_covariate_adjusted","ranked_GSEA","GO","Biological Process","GO:0140694","membraneless organelle assembly",NA,NA,0.00523183826828541,0.0260370308665637,0.018064674213912,NA,NA,0.246916546923216,1.31178596610186,401,FALSE,"association-level pathway result; not causal or cell-intrinsic evidence","raw_cel_rma_tier_specific_enrichment"
"adjacent_vs_healthy_u1","adjacent_vs_healthy_u1","ranked","full_rank_covariate_adjusted","ranked_GSEA","GO","Biological Process","GO:0000423","mitophagy",NA,NA,0.00524469082175155,0.0260430476072387,0.0180688486706955,NA,NA,-0.373753986428131,-1.5270111476852,91,FALSE,"association-level pathway result; not causal or cell-intrinsic evidence","raw_cel_rma_tier_specific_enrichment"
"adjacent_vs_healthy_u1","adjacent_vs_healthy_u1","ranked","full_rank_covariate_adjusted","ranked_GSEA","GO","Biological Process","GO:0061333","renal tubule morphogenesis",NA,NA,0.00523991621716789,0.0260430476072387,0.0180688486706955,NA,NA,0.357885354296215,1.52680490535646,81,FALSE,"association-level pathway result; not causal or cell-intrinsic evidence","raw_cel_rma_tier_specific_enrichment"
"adjacent_vs_healthy_u1","adjacent_vs_healthy_u1","ranked","full_rank_covariate_adjusted","ranked_GSEA","GO","Biological Process","GO:1903432","regulation of TORC1 signaling",NA,NA,0.00524568747306457,0.0260430476072387,0.0180688486706955,NA,NA,-0.366203392233056,-1.51320593932611,98,FALSE,"association-level pathway result; not causal or cell-intrinsic evidence","raw_cel_rma_tier_specific_enrichment"
"adjacent_vs_healthy_u1","adjacent_vs_healthy_u1","ranked","full_rank_covariate_adjusted","ranked_GSEA","GO","Biological Process","GO:0071295","cellular response to vitamin",NA,NA,0.00528420851662296,0.0262132366302139,0.0181869270057632,NA,NA,0.485024532421279,1.68666871159787,30,FALSE,"association-level pathway result; not causal or cell-intrinsic evidence","raw_cel_rma_tier_specific_enrichment"
"adjacent_vs_healthy_u1","adjacent_vs_healthy_u1","ranked","full_rank_covariate_adjusted","ranked_GSEA","GO","Biological Process","GO:1905037","autophagosome organization",NA,NA,0.00531948581962226,0.0263670744595711,0.0182936607682785,NA,NA,-0.350539398656057,-1.49411167324996,118,FALSE,"association-level pathway result; not causal or cell-intrinsic evidence","raw_cel_rma_tier_specific_enrichment"
"adjacent_vs_healthy_u1","adjacent_vs_healthy_u1","ranked","full_rank_covariate_adjusted","ranked_GSEA","GO","Biological Process","GO:0048678","response to axon injury",NA,NA,0.00532702431496153,0.0263832830855587,0.0183049064264113,NA,NA,0.360520085828846,1.53341550667693,79,FALSE,"association-level pathway result; not causal or cell-intrinsic evidence","raw_cel_rma_tier_specific_enrichment"
"adjacent_vs_healthy_u1","adjacent_vs_healthy_u1","ranked","full_rank_covariate_adjusted","ranked_GSEA","GO","Biological Process","GO:0002604","regulation of dendritic cell antigen processing and presentation",NA,NA,0.00533342994991921,0.0263938595039637,0.0183122444195111,NA,NA,0.675777680250364,1.80734442104062,11,FALSE,"association-level pathway result; not causal or cell-intrinsic evidence","raw_cel_rma_tier_specific_enrichment"
"adjacent_vs_healthy_u1","adjacent_vs_healthy_u1","ranked","full_rank_covariate_adjusted","ranked_GSEA","GO","Biological Process","GO:0097048","dendritic cell apoptotic process",NA,NA,0.00534574734010378,0.026412521430201,0.0183251921945246,NA,NA,0.671019901862215,1.85089346244201,12,FALSE,"association-level pathway result; not causal or cell-intrinsic evidence","raw_cel_rma_tier_specific_enrichment"
"adjacent_vs_healthy_u1","adjacent_vs_healthy_u1","ranked","full_rank_covariate_adjusted","ranked_GSEA","GO","Biological Process","GO:2000668","regulation of dendritic cell apoptotic process",NA,NA,0.00534574734010378,0.026412521430201,0.0183251921945246,NA,NA,0.671019901862215,1.85089346244201,12,FALSE,"association-level pathway result; not causal or cell-intrinsic evidence","raw_cel_rma_tier_specific_enrichment"
"adjacent_vs_healthy_u1","adjacent_vs_healthy_u1","ranked","full_rank_covariate_adjusted","ranked_GSEA","GO","Biological Process","GO:0010762","regulation of fibroblast migration",NA,NA,0.00535059304572626,0.0264153479358099,0.0183271532438951,NA,NA,0.480347157310058,1.74327843258443,36,FALSE,"association-level pathway result; not causal or cell-intrinsic evidence","raw_cel_rma_tier_specific_enrichment"
"adjacent_vs_healthy_u1","adjacent_vs_healthy_u1","ranked","full_rank_covariate_adjusted","ranked_GSEA","GO","Biological Process","GO:0060688","regulation of morphogenesis of a branching structure",NA,NA,0.00535513045459864,0.0264166491140257,0.0183280560104464,NA,NA,0.417104064100025,1.65219078138915,53,FALSE,"association-level pathway result; not causal or cell-intrinsic evidence","raw_cel_rma_tier_specific_enrichment"
"adjacent_vs_healthy_u1","adjacent_vs_healthy_u1","ranked","full_rank_covariate_adjusted","ranked_GSEA","GO","Biological Process","GO:0002295","T-helper cell lineage commitment",NA,NA,0.00538947889567134,0.0265581921487088,0.0184262595583817,NA,NA,0.499070097340183,1.72038391859358,29,FALSE,"association-level pathway result; not causal or cell-intrinsic evidence","raw_cel_rma_tier_specific_enrichment"
"adjacent_vs_healthy_u1","adjacent_vs_healthy_u1","ranked","full_rank_covariate_adjusted","ranked_GSEA","GO","Biological Process","GO:0001841","neural tube formation",NA,NA,0.00540101076378044,0.0265581921487088,0.0184262595583817,NA,NA,0.336991519778276,1.49474275049002,99,FALSE,"association-level pathway result; not causal or cell-intrinsic evidence","raw_cel_rma_tier_specific_enrichment"
"adjacent_vs_healthy_u1","adjacent_vs_healthy_u1","ranked","full_rank_covariate_adjusted","ranked_GSEA","GO","Biological Process","GO:0072080","nephron tubule development",NA,NA,0.00540101076378044,0.0265581921487088,0.0184262595583817,NA,NA,0.336529397795992,1.49269298531101,99,FALSE,"association-level pathway result; not causal or cell-intrinsic evidence","raw_cel_rma_tier_specific_enrichment"
"adjacent_vs_healthy_u1","adjacent_vs_healthy_u1","ranked","full_rank_covariate_adjusted","ranked_GSEA","GO","Biological Process","GO:0006720","isoprenoid metabolic process",NA,NA,0.0053997758342822,0.0265581921487088,0.0184262595583817,NA,NA,-0.353005577941657,-1.48872865329633,110,FALSE,"association-level pathway result; not causal or cell-intrinsic evidence","raw_cel_rma_tier_specific_enrichment"
"adjacent_vs_healthy_u1","adjacent_vs_healthy_u1","ranked","full_rank_covariate_adjusted","ranked_GSEA","GO","Biological Process","GO:0002244","hematopoietic progenitor cell differentiation",NA,NA,0.00541605536200824,0.0266110001530786,0.0184628981213468,NA,NA,0.323351606882853,1.49436040671813,133,FALSE,"association-level pathway result; not causal or cell-intrinsic evidence","raw_cel_rma_tier_specific_enrichment"
"adjacent_vs_healthy_u1","adjacent_vs_healthy_u1","ranked","full_rank_covariate_adjusted","ranked_GSEA","GO","Biological Process","GO:0043030","regulation of macrophage activation",NA,NA,0.0054258943053681,0.0266381673562194,0.0184817469169931,NA,NA,0.405409276865092,1.61743337428279,55,FALSE,"association-level pathway result; not causal or cell-intrinsic evidence","raw_cel_rma_tier_specific_enrichment"
"adjacent_vs_healthy_u1","adjacent_vs_healthy_u1","ranked","full_rank_covariate_adjusted","ranked_GSEA","GO","Biological Process","GO:0071496","cellular response to external stimulus",NA,NA,0.00543118400827083,0.0266429748850175,0.0184850824141148,NA,NA,0.364809055367342,1.53722033715216,74,FALSE,"association-level pathway result; not causal or cell-intrinsic evidence","raw_cel_rma_tier_specific_enrichment"
"adjacent_vs_healthy_u1","adjacent_vs_healthy_u1","ranked","full_rank_covariate_adjusted","ranked_GSEA","GO","Biological Process","GO:0034103","regulation of tissue remodeling",NA,NA,0.00545839743306198,0.0267552375366821,0.0185629710274173,NA,NA,0.374439475885799,1.58408107405299,72,FALSE,"association-level pathway result; not causal or cell-intrinsic evidence","raw_cel_rma_tier_specific_enrichment"
"adjacent_vs_healthy_u1","adjacent_vs_healthy_u1","ranked","full_rank_covariate_adjusted","ranked_GSEA","GO","Biological Process","GO:0061036","positive regulation of cartilage development",NA,NA,0.00547833625737236,0.0268316928738657,0.0186160162753649,NA,NA,0.499398677772641,1.75097920266489,31,FALSE,"association-level pathway result; not causal or cell-intrinsic evidence","raw_cel_rma_tier_specific_enrichment"
"adjacent_vs_healthy_u1","adjacent_vs_healthy_u1","ranked","full_rank_covariate_adjusted","ranked_GSEA","GO","Biological Process","GO:0030307","positive regulation of cell growth",NA,NA,0.00550086809921389,0.0269207171189557,0.0186777819195711,NA,NA,0.299632745347229,1.41113940421161,154,FALSE,"association-level pathway result; not causal or cell-intrinsic evidence","raw_cel_rma_tier_specific_enrichment"
"adjacent_vs_healthy_u1","adjacent_vs_healthy_u1","ranked","full_rank_covariate_adjusted","ranked_GSEA","GO","Biological Process","GO:0042733","embryonic digit morphogenesis",NA,NA,0.00556014629816985,0.0271892913520473,0.0188641206018854,NA,NA,0.403507738412192,1.65955770367454,60,FALSE,"association-level pathway result; not causal or cell-intrinsic evidence","raw_cel_rma_tier_specific_enrichment"
"adjacent_vs_healthy_u1","adjacent_vs_healthy_u1","ranked","full_rank_covariate_adjusted","ranked_GSEA","GO","Biological Process","GO:0046676","negative regulation of insulin secretion",NA,NA,0.00561287698461108,0.0274254487287598,0.0190279682424011,NA,NA,0.463557026628145,1.74015133872429,42,FALSE,"association-level pathway result; not causal or cell-intrinsic evidence","raw_cel_rma_tier_specific_enrichment"
"adjacent_vs_healthy_u1","adjacent_vs_healthy_u1","ranked","full_rank_covariate_adjusted","ranked_GSEA","GO","Biological Process","GO:1904407","positive regulation of nitric oxide metabolic process",NA,NA,0.00562144136565491,0.0274455995901366,0.0190419490510336,NA,NA,0.455352463892006,1.67159659873027,38,FALSE,"association-level pathway result; not causal or cell-intrinsic evidence","raw_cel_rma_tier_specific_enrichment"
"adjacent_vs_healthy_u1","adjacent_vs_healthy_u1","ranked","full_rank_covariate_adjusted","ranked_GSEA","GO","Biological Process","GO:0018904","ether metabolic process",NA,NA,0.00566674599933063,0.0276449542398284,0.0191802627020089,NA,NA,-0.529535142368227,-1.66327052378043,25,FALSE,"association-level pathway result; not causal or cell-intrinsic evidence","raw_cel_rma_tier_specific_enrichment"
"adjacent_vs_healthy_u1","adjacent_vs_healthy_u1","ranked","full_rank_covariate_adjusted","ranked_GSEA","GO","Biological Process","GO:0071480","cellular response to gamma radiation",NA,NA,0.00568724471318166,0.0277230753723784,0.0192344636904384,NA,NA,0.51405079302909,1.71599523868776,26,FALSE,"association-level pathway result; not causal or cell-intrinsic evidence","raw_cel_rma_tier_specific_enrichment"
"adjacent_vs_healthy_u1","adjacent_vs_healthy_u1","ranked","full_rank_covariate_adjusted","ranked_GSEA","GO","Biological Process","GO:0090279","regulation of calcium ion import",NA,NA,0.00570921188257119,0.0278082258835087,0.0192935417109162,NA,NA,0.433297784124578,1.63265612049189,44,FALSE,"association-level pathway result; not causal or cell-intrinsic evidence","raw_cel_rma_tier_specific_enrichment"
"adjacent_vs_healthy_u1","adjacent_vs_healthy_u1","ranked","full_rank_covariate_adjusted","ranked_GSEA","GO","Biological Process","GO:0046068","cGMP metabolic process",NA,NA,0.00574225412949388,0.0279471439168517,0.0193899240145529,NA,NA,0.609050278300915,1.81874595136801,17,FALSE,"association-level pathway result; not causal or cell-intrinsic evidence","raw_cel_rma_tier_specific_enrichment"
"adjacent_vs_healthy_u1","adjacent_vs_healthy_u1","ranked","full_rank_covariate_adjusted","ranked_GSEA","GO","Biological Process","GO:0000288","nuclear-transcribed mRNA catabolic process, deadenylation-dependent decay",NA,NA,0.0057535378990515,0.0279800297041993,0.0194127404039387,NA,NA,0.400941334549535,1.62625657557343,58,FALSE,"association-level pathway result; not causal or cell-intrinsic evidence","raw_cel_rma_tier_specific_enrichment"
"adjacent_vs_healthy_u1","adjacent_vs_healthy_u1","ranked","full_rank_covariate_adjusted","ranked_GSEA","GO","Biological Process","GO:0046885","regulation of hormone biosynthetic process",NA,NA,0.00576407635304017,0.0280092420897337,0.0194330081614413,NA,NA,0.524748743198993,1.73751020598191,24,FALSE,"association-level pathway result; not causal or cell-intrinsic evidence","raw_cel_rma_tier_specific_enrichment"
"adjacent_vs_healthy_u1","adjacent_vs_healthy_u1","ranked","full_rank_covariate_adjusted","ranked_GSEA","GO","Biological Process","GO:0035821","modulation of process of another organism",NA,NA,0.00587276318302293,0.0285149640489118,0.0197838815955972,NA,NA,0.318456748615297,1.4284321990218,114,FALSE,"association-level pathway result; not causal or cell-intrinsic evidence","raw_cel_rma_tier_specific_enrichment"
"adjacent_vs_healthy_u1","adjacent_vs_healthy_u1","ranked","full_rank_covariate_adjusted","ranked_GSEA","GO","Biological Process","GO:0044342","type B pancreatic cell proliferation",NA,NA,0.00588368896026959,0.0285455898457036,0.0198051299877207,NA,NA,0.500249281960217,1.68958445054793,27,FALSE,"association-level pathway result; not causal or cell-intrinsic evidence","raw_cel_rma_tier_specific_enrichment"
"adjacent_vs_healthy_u1","adjacent_vs_healthy_u1","ranked","full_rank_covariate_adjusted","ranked_GSEA","GO","Biological Process","GO:0032386","regulation of intracellular transport",NA,NA,0.00589998471209061,0.0286022003964173,0.0198444067839481,NA,NA,0.263190432006172,1.33436436183163,259,FALSE,"association-level pathway result; not causal or cell-intrinsic evidence","raw_cel_rma_tier_specific_enrichment"
"adjacent_vs_healthy_u1","adjacent_vs_healthy_u1","ranked","full_rank_covariate_adjusted","ranked_GSEA","GO","Biological Process","GO:0030728","ovulation",NA,NA,0.00592030500844629,0.0286114287430758,0.0198508094754367,NA,NA,0.607799606140366,1.81501119414102,17,FALSE,"association-level pathway result; not causal or cell-intrinsic evidence","raw_cel_rma_tier_specific_enrichment"
"adjacent_vs_healthy_u1","adjacent_vs_healthy_u1","ranked","full_rank_covariate_adjusted","ranked_GSEA","GO","Biological Process","GO:0035278","miRNA-mediated gene silencing by inhibition of translation",NA,NA,0.00592030500844629,0.0286114287430758,0.0198508094754367,NA,NA,0.606644371247172,1.81156143168341,17,FALSE,"association-level pathway result; not causal or cell-intrinsic evidence","raw_cel_rma_tier_specific_enrichment"
"adjacent_vs_healthy_u1","adjacent_vs_healthy_u1","ranked","full_rank_covariate_adjusted","ranked_GSEA","GO","Biological Process","GO:0060766","negative regulation of androgen receptor signaling pathway",NA,NA,0.0059238897685354,0.0286114287430758,0.0198508094754367,NA,NA,0.601429780133514,1.74031915704207,15,FALSE,"association-level pathway result; not causal or cell-intrinsic evidence","raw_cel_rma_tier_specific_enrichment"
"adjacent_vs_healthy_u1","adjacent_vs_healthy_u1","ranked","full_rank_covariate_adjusted","ranked_GSEA","GO","Biological Process","GO:0042157","lipoprotein metabolic process",NA,NA,0.00592503297057709,0.0286114287430758,0.0198508094754367,NA,NA,-0.368761650253169,-1.52361868150628,97,FALSE,"association-level pathway result; not causal or cell-intrinsic evidence","raw_cel_rma_tier_specific_enrichment"
"adjacent_vs_healthy_u1","adjacent_vs_healthy_u1","ranked","full_rank_covariate_adjusted","ranked_GSEA","GO","Biological Process","GO:0045861","negative regulation of proteolysis",NA,NA,0.00592353635175224,0.0286114287430758,0.0198508094754367,NA,NA,0.310405782503145,1.43915522300588,142,FALSE,"association-level pathway result; not causal or cell-intrinsic evidence","raw_cel_rma_tier_specific_enrichment"
"adjacent_vs_healthy_u1","adjacent_vs_healthy_u1","ranked","full_rank_covariate_adjusted","ranked_GSEA","GO","Biological Process","GO:0050866","negative regulation of cell activation",NA,NA,0.00593744493248484,0.0286489829255962,0.0198768648300614,NA,NA,0.286112018877524,1.41324227627758,212,FALSE,"association-level pathway result; not causal or cell-intrinsic evidence","raw_cel_rma_tier_specific_enrichment"
"adjacent_vs_healthy_u1","adjacent_vs_healthy_u1","ranked","full_rank_covariate_adjusted","ranked_GSEA","GO","Biological Process","GO:0043589","skin morphogenesis",NA,NA,0.00594445891365128,0.028660452843431,0.0198848227393179,NA,NA,0.66679679667146,1.83924475013544,12,FALSE,"association-level pathway result; not causal or cell-intrinsic evidence","raw_cel_rma_tier_specific_enrichment"
"adjacent_vs_healthy_u1","adjacent_vs_healthy_u1","ranked","full_rank_covariate_adjusted","ranked_GSEA","GO","Biological Process","GO:0061723","glycophagy",NA,NA,0.00602064827387827,0.0290051652227916,0.0201239866003036,NA,NA,-0.658022975410759,-1.71651755453179,12,FALSE,"association-level pathway result; not causal or cell-intrinsic evidence","raw_cel_rma_tier_specific_enrichment"
"adjacent_vs_healthy_u1","adjacent_vs_healthy_u1","ranked","full_rank_covariate_adjusted","ranked_GSEA","GO","Biological Process","GO:0002043","blood vessel endothelial cell proliferation involved in sprouting angiogenesis",NA,NA,0.00603638942037661,0.0290399927504851,0.0201481501827291,NA,NA,0.523939348266983,1.7348301958375,24,FALSE,"association-level pathway result; not causal or cell-intrinsic evidence","raw_cel_rma_tier_specific_enrichment"
"adjacent_vs_healthy_u1","adjacent_vs_healthy_u1","ranked","full_rank_covariate_adjusted","ranked_GSEA","GO","Biological Process","GO:0071385","cellular response to glucocorticoid stimulus",NA,NA,0.00603727401462116,0.0290399927504851,0.0201481501827291,NA,NA,0.419709714039884,1.66339024428699,54,FALSE,"association-level pathway result; not causal or cell-intrinsic evidence","raw_cel_rma_tier_specific_enrichment"
"adjacent_vs_healthy_u1","adjacent_vs_healthy_u1","ranked","full_rank_covariate_adjusted","ranked_GSEA","GO","Biological Process","GO:0044857","plasma membrane raft organization",NA,NA,0.00607205892383749,0.0291846004729701,0.0202484800325071,NA,NA,0.657035454848852,1.84384521751228,13,FALSE,"association-level pathway result; not causal or cell-intrinsic evidence","raw_cel_rma_tier_specific_enrichment"
"adjacent_vs_healthy_u1","adjacent_vs_healthy_u1","ranked","full_rank_covariate_adjusted","ranked_GSEA","GO","Biological Process","GO:0071474","cellular hyperosmotic response",NA,NA,0.00609615565226152,0.0292776519709623,0.0203130398129583,NA,NA,0.56755320556748,1.7546871413297,20,FALSE,"association-level pathway result; not causal or cell-intrinsic evidence","raw_cel_rma_tier_specific_enrichment"
"adjacent_vs_healthy_u1","adjacent_vs_healthy_u1","ranked","full_rank_covariate_adjusted","ranked_GSEA","GO","Biological Process","GO:0051650","establishment of vesicle localization",NA,NA,0.00615764167889584,0.0295499869699186,0.0205019877409461,NA,NA,-0.308889945151082,-1.43024827232493,196,FALSE,"association-level pathway result; not causal or cell-intrinsic evidence","raw_cel_rma_tier_specific_enrichment"
"adjacent_vs_healthy_u1","adjacent_vs_healthy_u1","ranked","full_rank_covariate_adjusted","ranked_GSEA","GO","Biological Process","GO:0060872","semicircular canal development",NA,NA,0.00618656652631065,0.0296657623732553,0.0205823135259398,NA,NA,0.700002434211394,1.81350079904513,10,FALSE,"association-level pathway result; not causal or cell-intrinsic evidence","raw_cel_rma_tier_specific_enrichment"
"adjacent_vs_healthy_u1","adjacent_vs_healthy_u1","ranked","full_rank_covariate_adjusted","ranked_GSEA","GO","Biological Process","GO:0046785","microtubule polymerization",NA,NA,0.00620733807137105,0.0297422919528252,0.0206354102837745,NA,NA,0.33349245756628,1.46912757354052,97,FALSE,"association-level pathway result; not causal or cell-intrinsic evidence","raw_cel_rma_tier_specific_enrichment"
"adjacent_vs_healthy_u1","adjacent_vs_healthy_u1","ranked","full_rank_covariate_adjusted","ranked_GSEA","GO","Biological Process","GO:0008299","isoprenoid biosynthetic process",NA,NA,0.00621373469171571,0.029749879263745,0.0206406744131842,NA,NA,-0.503737890345749,-1.64824367394661,30,FALSE,"association-level pathway result; not causal or cell-intrinsic evidence","raw_cel_rma_tier_specific_enrichment"
"adjacent_vs_healthy_u1","adjacent_vs_healthy_u1","ranked","full_rank_covariate_adjusted","ranked_GSEA","GO","Biological Process","GO:0009411","response to UV",NA,NA,0.00624371906645498,0.0298702999611132,0.0207242231356832,NA,NA,0.307108831504966,1.44560785415249,151,FALSE,"association-level pathway result; not causal or cell-intrinsic evidence","raw_cel_rma_tier_specific_enrichment"
"adjacent_vs_healthy_u1","adjacent_vs_healthy_u1","ranked","full_rank_covariate_adjusted","ranked_GSEA","GO","Biological Process","GO:0000082","G1/S transition of mitotic cell cycle",NA,NA,0.00625046772303312,0.0298794593937105,0.020730578014114,NA,NA,0.278801166606602,1.37551588773598,209,FALSE,"association-level pathway result; not causal or cell-intrinsic evidence","raw_cel_rma_tier_specific_enrichment"
"adjacent_vs_healthy_u1","adjacent_vs_healthy_u1","ranked","full_rank_covariate_adjusted","ranked_GSEA","GO","Biological Process","GO:0090481","pyrimidine nucleotide-sugar transmembrane transport",NA,NA,0.006280998148625,0.0300022021303332,0.0208157377836966,NA,NA,-0.657158730018745,-1.71426308555084,12,FALSE,"association-level pathway result; not causal or cell-intrinsic evidence","raw_cel_rma_tier_specific_enrichment"
"adjacent_vs_healthy_u1","adjacent_vs_healthy_u1","ranked","full_rank_covariate_adjusted","ranked_GSEA","GO","Biological Process","GO:0043129","surfactant homeostasis",NA,NA,0.00632647404280655,0.0301954532573985,0.0209498167679632,NA,NA,0.584065595521305,1.78738824307055,19,FALSE,"association-level pathway result; not causal or cell-intrinsic evidence","raw_cel_rma_tier_specific_enrichment"
"adjacent_vs_healthy_u1","adjacent_vs_healthy_u1","ranked","full_rank_covariate_adjusted","ranked_GSEA","GO","Biological Process","GO:0030212","hyaluronan metabolic process",NA,NA,0.00633122592162893,0.0301954532573985,0.0209498167679632,NA,NA,0.46682618054788,1.66347295442278,34,FALSE,"association-level pathway result; not causal or cell-intrinsic evidence","raw_cel_rma_tier_specific_enrichment"
"adjacent_vs_healthy_u1","adjacent_vs_healthy_u1","ranked","full_rank_covariate_adjusted","ranked_GSEA","GO","Biological Process","GO:0048714","positive regulation of oligodendrocyte differentiation",NA,NA,0.00633978007293351,0.0302129380345428,0.0209619478286987,NA,NA,0.49770772674366,1.68100038590464,27,FALSE,"association-level pathway result; not causal or cell-intrinsic evidence","raw_cel_rma_tier_specific_enrichment"
"adjacent_vs_healthy_u1","adjacent_vs_healthy_u1","ranked","full_rank_covariate_adjusted","ranked_GSEA","GO","Biological Process","GO:0060026","convergent extension",NA,NA,0.00636268866963854,0.0302987508991031,0.0210214853946212,NA,NA,0.598843776801884,1.73283620344238,15,FALSE,"association-level pathway result; not causal or cell-intrinsic evidence","raw_cel_rma_tier_specific_enrichment"
"adjacent_vs_healthy_u1","adjacent_vs_healthy_u1","ranked","full_rank_covariate_adjusted","ranked_GSEA","GO","Biological Process","GO:0002455","humoral immune response mediated by circulating immunoglobulin",NA,NA,0.00638710619751191,0.0303682333898624,0.0210696928329259,NA,NA,0.4308993266715,1.63322714477855,45,FALSE,"association-level pathway result; not causal or cell-intrinsic evidence","raw_cel_rma_tier_specific_enrichment"
"adjacent_vs_healthy_u1","adjacent_vs_healthy_u1","ranked","full_rank_covariate_adjusted","ranked_GSEA","GO","Biological Process","GO:1901800","positive regulation of proteasomal protein catabolic process",NA,NA,0.00638358840246523,0.0303682333898624,0.0210696928329259,NA,NA,0.332425962190431,1.48723253911172,109,FALSE,"association-level pathway result; not causal or cell-intrinsic evidence","raw_cel_rma_tier_specific_enrichment"
"adjacent_vs_healthy_u1","adjacent_vs_healthy_u1","ranked","full_rank_covariate_adjusted","ranked_GSEA","GO","Biological Process","GO:0009394","2'-deoxyribonucleotide metabolic process",NA,NA,0.00639595881787761,0.0303731151450807,0.0210730798288573,NA,NA,-0.460288277442964,-1.60506931478152,40,FALSE,"association-level pathway result; not causal or cell-intrinsic evidence","raw_cel_rma_tier_specific_enrichment"
"adjacent_vs_healthy_u1","adjacent_vs_healthy_u1","ranked","full_rank_covariate_adjusted","ranked_GSEA","GO","Biological Process","GO:0072676","lymphocyte migration",NA,NA,0.00639796083463761,0.0303731151450807,0.0210730798288573,NA,NA,0.334888915313213,1.49092393336307,104,FALSE,"association-level pathway result; not causal or cell-intrinsic evidence","raw_cel_rma_tier_specific_enrichment"
"adjacent_vs_healthy_u1","adjacent_vs_healthy_u1","ranked","full_rank_covariate_adjusted","ranked_GSEA","GO","Biological Process","GO:0043903","regulation of biological process involved in symbiotic interaction",NA,NA,0.00640635376556926,0.030389618284715,0.0210845298226192,NA,NA,0.457848841691592,1.69462000874778,39,FALSE,"association-level pathway result; not causal or cell-intrinsic evidence","raw_cel_rma_tier_specific_enrichment"
"adjacent_vs_healthy_u1","adjacent_vs_healthy_u1","ranked","full_rank_covariate_adjusted","ranked_GSEA","GO","Biological Process","GO:0051386","regulation of neurotrophin TRK receptor signaling pathway",NA,NA,0.00644276175245288,0.0305198396457144,0.0211748783141274,NA,NA,0.668232848635178,1.78716602550328,11,FALSE,"association-level pathway result; not causal or cell-intrinsic evidence","raw_cel_rma_tier_specific_enrichment"
"adjacent_vs_healthy_u1","adjacent_vs_healthy_u1","ranked","full_rank_covariate_adjusted","ranked_GSEA","GO","Biological Process","GO:1990778","protein localization to cell periphery",NA,NA,0.0064436807535443,0.0305198396457144,0.0211748783141274,NA,NA,0.249932402690829,1.3087142963235,353,FALSE,"association-level pathway result; not causal or cell-intrinsic evidence","raw_cel_rma_tier_specific_enrichment"
"adjacent_vs_healthy_u1","adjacent_vs_healthy_u1","ranked","full_rank_covariate_adjusted","ranked_GSEA","GO","Biological Process","GO:0014020","primary neural tube formation",NA,NA,0.00645615599424177,0.0305555131702974,0.0211996288551148,NA,NA,0.352613476001337,1.54901333720148,91,FALSE,"association-level pathway result; not causal or cell-intrinsic evidence","raw_cel_rma_tier_specific_enrichment"
"adjacent_vs_healthy_u1","adjacent_vs_healthy_u1","ranked","full_rank_covariate_adjusted","ranked_GSEA","GO","Biological Process","GO:0140888","interferon-mediated signaling pathway",NA,NA,0.00646566647560038,0.0305771113126901,0.0212146137974437,NA,NA,0.332075730782484,1.47623341188726,103,FALSE,"association-level pathway result; not causal or cell-intrinsic evidence","raw_cel_rma_tier_specific_enrichment"
"adjacent_vs_healthy_u1","adjacent_vs_healthy_u1","ranked","full_rank_covariate_adjusted","ranked_GSEA","GO","Biological Process","GO:0048193","Golgi vesicle transport",NA,NA,0.0065551794010585,0.0309767307935341,0.0214918725896607,NA,NA,-0.284229969995461,-1.37066215112355,288,FALSE,"association-level pathway result; not causal or cell-intrinsic evidence","raw_cel_rma_tier_specific_enrichment"
"adjacent_vs_healthy_u1","adjacent_vs_healthy_u1","ranked","full_rank_covariate_adjusted","ranked_GSEA","GO","Biological Process","GO:0048025","negative regulation of mRNA splicing, via spliceosome",NA,NA,0.0065971857950552,0.0311514174172927,0.0216130713916247,NA,NA,0.590539627293917,1.7889414882766,18,FALSE,"association-level pathway result; not causal or cell-intrinsic evidence","raw_cel_rma_tier_specific_enrichment"
"adjacent_vs_healthy_u1","adjacent_vs_healthy_u1","ranked","full_rank_covariate_adjusted","ranked_GSEA","GO","Biological Process","GO:0048259","regulation of receptor-mediated endocytosis",NA,NA,0.00663549366074848,0.0313083865015926,0.0217219776407307,NA,NA,0.324244217635382,1.47002541182202,117,FALSE,"association-level pathway result; not causal or cell-intrinsic evidence","raw_cel_rma_tier_specific_enrichment"
"adjacent_vs_healthy_u1","adjacent_vs_healthy_u1","ranked","full_rank_covariate_adjusted","ranked_GSEA","GO","Biological Process","GO:0001660","fever generation",NA,NA,0.006691584869261,0.0314813227677642,0.0218419620323523,NA,NA,0.697555753449932,1.8071621674932,10,FALSE,"association-level pathway result; not causal or cell-intrinsic evidence","raw_cel_rma_tier_specific_enrichment"
"adjacent_vs_healthy_u1","adjacent_vs_healthy_u1","ranked","full_rank_covariate_adjusted","ranked_GSEA","GO","Biological Process","GO:0016264","gap junction assembly",NA,NA,0.00668818002844394,0.0314813227677642,0.0218419620323523,NA,NA,0.590253679669886,1.78807525755395,18,FALSE,"association-level pathway result; not causal or cell-intrinsic evidence","raw_cel_rma_tier_specific_enrichment"
"adjacent_vs_healthy_u1","adjacent_vs_healthy_u1","ranked","full_rank_covariate_adjusted","ranked_GSEA","GO","Biological Process","GO:0014850","response to muscle activity",NA,NA,0.00667924034474494,0.0314813227677642,0.0218419620323523,NA,NA,0.48853832003921,1.7245630126903,32,FALSE,"association-level pathway result; not causal or cell-intrinsic evidence","raw_cel_rma_tier_specific_enrichment"
"adjacent_vs_healthy_u1","adjacent_vs_healthy_u1","ranked","full_rank_covariate_adjusted","ranked_GSEA","GO","Biological Process","GO:0010634","positive regulation of epithelial cell migration",NA,NA,0.00669251870520015,0.0314813227677642,0.0218419620323523,NA,NA,0.428569248453871,1.6286938589896,46,FALSE,"association-level pathway result; not causal or cell-intrinsic evidence","raw_cel_rma_tier_specific_enrichment"
"adjacent_vs_healthy_u1","adjacent_vs_healthy_u1","ranked","full_rank_covariate_adjusted","ranked_GSEA","GO","Biological Process","GO:0006081","aldehyde metabolic process",NA,NA,0.00674077197458756,0.0316841913117306,0.0219827136477644,NA,NA,-0.400836336174501,-1.59654974744459,73,FALSE,"association-level pathway result; not causal or cell-intrinsic evidence","raw_cel_rma_tier_specific_enrichment"
"adjacent_vs_healthy_u1","adjacent_vs_healthy_u1","ranked","full_rank_covariate_adjusted","ranked_GSEA","GO","Biological Process","GO:0001991","regulation of systemic arterial blood pressure by circulatory renin-angiotensin",NA,NA,0.00677917428093035,0.0318404834577739,0.022091150232371,NA,NA,0.590058030589187,1.78748257123549,18,FALSE,"association-level pathway result; not causal or cell-intrinsic evidence","raw_cel_rma_tier_specific_enrichment"
"adjacent_vs_healthy_u1","adjacent_vs_healthy_u1","ranked","full_rank_covariate_adjusted","ranked_GSEA","GO","Biological Process","GO:0052548","regulation of endopeptidase activity",NA,NA,0.00680138362242742,0.0319205407518784,0.0221466945432357,NA,NA,0.406277955237581,1.62998802665821,56,FALSE,"association-level pathway result; not causal or cell-intrinsic evidence","raw_cel_rma_tier_specific_enrichment"
"adjacent_vs_healthy_u1","adjacent_vs_healthy_u1","ranked","full_rank_covariate_adjusted","ranked_GSEA","GO","Biological Process","GO:0044849","estrous cycle",NA,NA,0.0068198990257672,0.0319831531701571,0.0221901354771788,NA,NA,0.639503423728765,1.79433177926747,14,FALSE,"association-level pathway result; not causal or cell-intrinsic evidence","raw_cel_rma_tier_specific_enrichment"
"adjacent_vs_healthy_u1","adjacent_vs_healthy_u1","ranked","full_rank_covariate_adjusted","ranked_GSEA","GO","Biological Process","GO:0140467","integrated stress response signaling",NA,NA,0.00683804876324913,0.0320439570929817,0.0222323216643206,NA,NA,0.411490577222437,1.61531783545638,50,FALSE,"association-level pathway result; not causal or cell-intrinsic evidence","raw_cel_rma_tier_specific_enrichment"
"adjacent_vs_healthy_u1","adjacent_vs_healthy_u1","ranked","full_rank_covariate_adjusted","ranked_GSEA","GO","Biological Process","GO:0008637","apoptotic mitochondrial changes",NA,NA,0.00684539947037295,0.0320541016108903,0.0222393600018337,NA,NA,-0.364996441665319,-1.50806190617382,97,FALSE,"association-level pathway result; not causal or cell-intrinsic evidence","raw_cel_rma_tier_specific_enrichment"
"adjacent_vs_healthy_u1","adjacent_vs_healthy_u1","ranked","full_rank_covariate_adjusted","ranked_GSEA","GO","Biological Process","GO:0030204","chondroitin sulfate metabolic process",NA,NA,0.00687396280701183,0.032163485321832,0.0223152511859167,NA,NA,0.561871525076683,1.75128539758317,21,FALSE,"association-level pathway result; not causal or cell-intrinsic evidence","raw_cel_rma_tier_specific_enrichment"
"adjacent_vs_healthy_u1","adjacent_vs_healthy_u1","ranked","full_rank_covariate_adjusted","ranked_GSEA","GO","Biological Process","GO:0001738","morphogenesis of a polarized epithelium",NA,NA,0.00690067214372923,0.0322640351894027,0.0223850133876526,NA,NA,0.405817621740312,1.62814116768114,56,FALSE,"association-level pathway result; not causal or cell-intrinsic evidence","raw_cel_rma_tier_specific_enrichment"
"adjacent_vs_healthy_u1","adjacent_vs_healthy_u1","ranked","full_rank_covariate_adjusted","ranked_GSEA","GO","Biological Process","GO:0043392","negative regulation of DNA binding",NA,NA,0.00695561840936455,0.0324963547908407,0.0225461983528275,NA,NA,0.489257070358141,1.68655665885071,29,FALSE,"association-level pathway result; not causal or cell-intrinsic evidence","raw_cel_rma_tier_specific_enrichment"
"adjacent_vs_healthy_u1","adjacent_vs_healthy_u1","ranked","full_rank_covariate_adjusted","ranked_GSEA","GO","Biological Process","GO:0098734","macromolecule depalmitoylation",NA,NA,0.00696217724886556,0.0325024301927779,0.0225504135092052,NA,NA,-0.638307817431694,-1.69791061380769,13,FALSE,"association-level pathway result; not causal or cell-intrinsic evidence","raw_cel_rma_tier_specific_enrichment"
"adjacent_vs_healthy_u1","adjacent_vs_healthy_u1","ranked","full_rank_covariate_adjusted","ranked_GSEA","GO","Biological Process","GO:0050886","endocrine process",NA,NA,0.0069769033527299,0.0325465959420555,0.0225810560151115,NA,NA,0.34598746946952,1.51153696099485,93,FALSE,"association-level pathway result; not causal or cell-intrinsic evidence","raw_cel_rma_tier_specific_enrichment"
"adjacent_vs_healthy_u1","adjacent_vs_healthy_u1","ranked","full_rank_covariate_adjusted","ranked_GSEA","GO","Biological Process","GO:0140112","extracellular vesicle biogenesis",NA,NA,0.00700944877780976,0.0326737578398508,0.0226692818296396,NA,NA,-0.555250320145164,-1.70165346191889,23,FALSE,"association-level pathway result; not causal or cell-intrinsic evidence","raw_cel_rma_tier_specific_enrichment"
"adjacent_vs_healthy_u1","adjacent_vs_healthy_u1","ranked","full_rank_covariate_adjusted","ranked_GSEA","GO","Biological Process","GO:1903596","regulation of gap junction assembly",NA,NA,0.00702826405203735,0.032736774759339,0.0227130034093525,NA,NA,0.694513552837088,1.79928071884015,10,FALSE,"association-level pathway result; not causal or cell-intrinsic evidence","raw_cel_rma_tier_specific_enrichment"
"adjacent_vs_healthy_u1","adjacent_vs_healthy_u1","ranked","full_rank_covariate_adjusted","ranked_GSEA","GO","Biological Process","GO:0019751","polyol metabolic process",NA,NA,0.00708644437729872,0.0329829161868098,0.0228837780541495,NA,NA,-0.34963387590992,-1.45862987906033,104,FALSE,"association-level pathway result; not causal or cell-intrinsic evidence","raw_cel_rma_tier_specific_enrichment"
"adjacent_vs_healthy_u1","adjacent_vs_healthy_u1","ranked","full_rank_covariate_adjusted","ranked_GSEA","GO","Biological Process","GO:0042552","myelination",NA,NA,0.0071347420447063,0.0331827242876822,0.023022406312727,NA,NA,0.294961771751209,1.38944160417784,156,FALSE,"association-level pathway result; not causal or cell-intrinsic evidence","raw_cel_rma_tier_specific_enrichment"
"adjacent_vs_healthy_u1","adjacent_vs_healthy_u1","ranked","full_rank_covariate_adjusted","ranked_GSEA","GO","Biological Process","GO:0051152","positive regulation of smooth muscle cell differentiation",NA,NA,0.00715252784663077,0.0332404320451314,0.0230624443586654,NA,NA,0.594678053985677,1.72078211590059,15,FALSE,"association-level pathway result; not causal or cell-intrinsic evidence","raw_cel_rma_tier_specific_enrichment"
"adjacent_vs_healthy_u1","adjacent_vs_healthy_u1","ranked","full_rank_covariate_adjusted","ranked_GSEA","GO","Biological Process","GO:0046697","decidualization",NA,NA,0.0071961946712219,0.0334182413695136,0.0231858097121737,NA,NA,0.510487775621398,1.69938973642943,25,FALSE,"association-level pathway result; not causal or cell-intrinsic evidence","raw_cel_rma_tier_specific_enrichment"
"adjacent_vs_healthy_u1","adjacent_vs_healthy_u1","ranked","full_rank_covariate_adjusted","ranked_GSEA","GO","Biological Process","GO:0006995","cellular response to nitrogen starvation",NA,NA,0.00721850529446231,0.0334715538072555,0.0232227982545422,NA,NA,-0.68786524689928,-1.69847648530709,10,FALSE,"association-level pathway result; not causal or cell-intrinsic evidence","raw_cel_rma_tier_specific_enrichment"
"adjacent_vs_healthy_u1","adjacent_vs_healthy_u1","ranked","full_rank_covariate_adjusted","ranked_GSEA","GO","Biological Process","GO:0043562","cellular response to nitrogen levels",NA,NA,0.00721850529446231,0.0334715538072555,0.0232227982545422,NA,NA,-0.68786524689928,-1.69847648530709,10,FALSE,"association-level pathway result; not causal or cell-intrinsic evidence","raw_cel_rma_tier_specific_enrichment"
"adjacent_vs_healthy_u1","adjacent_vs_healthy_u1","ranked","full_rank_covariate_adjusted","ranked_GSEA","GO","Biological Process","GO:0009084","glutamine family amino acid biosynthetic process",NA,NA,0.00725115390807906,0.0335977378604473,0.0233103456336417,NA,NA,-0.616901680716423,-1.6905334828455,15,FALSE,"association-level pathway result; not causal or cell-intrinsic evidence","raw_cel_rma_tier_specific_enrichment"
"adjacent_vs_healthy_u1","adjacent_vs_healthy_u1","ranked","full_rank_covariate_adjusted","ranked_GSEA","GO","Biological Process","GO:0006740","NADPH regeneration",NA,NA,0.00725756449263927,0.033602251782025,0.0233134774240192,NA,NA,-0.553492421345265,-1.69626609973282,23,FALSE,"association-level pathway result; not causal or cell-intrinsic evidence","raw_cel_rma_tier_specific_enrichment"
"adjacent_vs_healthy_u1","adjacent_vs_healthy_u1","ranked","full_rank_covariate_adjusted","ranked_GSEA","GO","Biological Process","GO:1902108","regulation of mitochondrial membrane permeability involved in apoptotic process",NA,NA,0.00733454112137979,0.0339332325383596,0.0235431141888601,NA,NA,-0.472933378110878,-1.65923674690533,41,FALSE,"association-level pathway result; not causal or cell-intrinsic evidence","raw_cel_rma_tier_specific_enrichment"
"adjacent_vs_healthy_u1","adjacent_vs_healthy_u1","ranked","full_rank_covariate_adjusted","ranked_GSEA","GO","Biological Process","GO:0042474","middle ear morphogenesis",NA,NA,0.00734157234134759,0.0339403579969106,0.0235480578818644,NA,NA,0.557030728647332,1.73619722222451,21,FALSE,"association-level pathway result; not causal or cell-intrinsic evidence","raw_cel_rma_tier_specific_enrichment"
"adjacent_vs_healthy_u1","adjacent_vs_healthy_u1","ranked","full_rank_covariate_adjusted","ranked_GSEA","GO","Biological Process","GO:2000849","regulation of glucocorticoid secretion",NA,NA,0.00738142942313424,0.0340736484424143,0.0236405357256781,NA,NA,0.660665121152407,1.76692639574683,11,FALSE,"association-level pathway result; not causal or cell-intrinsic evidence","raw_cel_rma_tier_specific_enrichment"
"adjacent_vs_healthy_u1","adjacent_vs_healthy_u1","ranked","full_rank_covariate_adjusted","ranked_GSEA","GO","Biological Process","GO:0045913","positive regulation of carbohydrate metabolic process",NA,NA,0.00737652367743809,0.0340736484424143,0.0236405357256781,NA,NA,0.350964498281482,1.49727925758766,81,FALSE,"association-level pathway result; not causal or cell-intrinsic evidence","raw_cel_rma_tier_specific_enrichment"
"adjacent_vs_healthy_u1","adjacent_vs_healthy_u1","ranked","full_rank_covariate_adjusted","ranked_GSEA","GO","Biological Process","GO:0021543","pallium development",NA,NA,0.00739541871710814,0.0341127485749593,0.0236676636712479,NA,NA,0.285011522994306,1.37800637946845,189,FALSE,"association-level pathway result; not causal or cell-intrinsic evidence","raw_cel_rma_tier_specific_enrichment"
"adjacent_vs_healthy_u1","adjacent_vs_healthy_u1","ranked","full_rank_covariate_adjusted","ranked_GSEA","GO","Biological Process","GO:0045116","protein neddylation",NA,NA,0.00743116351901225,0.0342520668985941,0.0237643236990902,NA,NA,-0.517104150661034,-1.65205382147052,27,FALSE,"association-level pathway result; not causal or cell-intrinsic evidence","raw_cel_rma_tier_specific_enrichment"
"adjacent_vs_healthy_u1","adjacent_vs_healthy_u1","ranked","full_rank_covariate_adjusted","ranked_GSEA","GO","Biological Process","GO:0150172","regulation of phosphatidylcholine metabolic process",NA,NA,0.00744911329910778,0.0343092170654137,0.0238039748847479,NA,NA,0.692469766291911,1.79398586792019,10,FALSE,"association-level pathway result; not causal or cell-intrinsic evidence","raw_cel_rma_tier_specific_enrichment"
"adjacent_vs_healthy_u1","adjacent_vs_healthy_u1","ranked","full_rank_covariate_adjusted","ranked_GSEA","GO","Biological Process","GO:0060606","tube closure",NA,NA,0.00745848505163185,0.0343268027581061,0.0238161759613968,NA,NA,0.353764290536205,1.53483499888688,86,FALSE,"association-level pathway result; not causal or cell-intrinsic evidence","raw_cel_rma_tier_specific_enrichment"
"adjacent_vs_healthy_u1","adjacent_vs_healthy_u1","ranked","full_rank_covariate_adjusted","ranked_GSEA","GO","Biological Process","GO:0035456","response to interferon-beta",NA,NA,0.00747041922821306,0.034356146763084,0.0238365350373904,NA,NA,0.488926849003066,1.71426313751395,31,FALSE,"association-level pathway result; not causal or cell-intrinsic evidence","raw_cel_rma_tier_specific_enrichment"
"adjacent_vs_healthy_u1","adjacent_vs_healthy_u1","ranked","full_rank_covariate_adjusted","ranked_GSEA","GO","Biological Process","GO:0007595","lactation",NA,NA,0.0076221382608035,0.0350278338959304,0.0243025562704077,NA,NA,0.450744680847922,1.66832562506743,39,FALSE,"association-level pathway result; not causal or cell-intrinsic evidence","raw_cel_rma_tier_specific_enrichment"
"adjacent_vs_healthy_u1","adjacent_vs_healthy_u1","ranked","full_rank_covariate_adjusted","ranked_GSEA","GO","Biological Process","GO:0061082","myeloid leukocyte cytokine production",NA,NA,0.00763358499535251,0.0350543750789553,0.024320970728917,NA,NA,0.420499104101817,1.63433445933384,48,FALSE,"association-level pathway result; not causal or cell-intrinsic evidence","raw_cel_rma_tier_specific_enrichment"
"adjacent_vs_healthy_u1","adjacent_vs_healthy_u1","ranked","full_rank_covariate_adjusted","ranked_GSEA","GO","Biological Process","GO:0009408","response to heat",NA,NA,0.00766785710303292,0.0351856160013708,0.0244120265992702,NA,NA,0.329345624796179,1.45085961506891,97,FALSE,"association-level pathway result; not causal or cell-intrinsic evidence","raw_cel_rma_tier_specific_enrichment"
"adjacent_vs_healthy_u1","adjacent_vs_healthy_u1","ranked","full_rank_covariate_adjusted","ranked_GSEA","GO","Biological Process","GO:0032570","response to progesterone",NA,NA,0.00772365814486627,0.0353367364866161,0.0245168750494255,NA,NA,0.451923710345003,1.69648091687531,42,FALSE,"association-level pathway result; not causal or cell-intrinsic evidence","raw_cel_rma_tier_specific_enrichment"
"adjacent_vs_healthy_u1","adjacent_vs_healthy_u1","ranked","full_rank_covariate_adjusted","ranked_GSEA","GO","Biological Process","GO:0043369","CD4-positive or CD8-positive, alpha-beta T cell lineage commitment",NA,NA,0.007719608059535,0.0353367364866161,0.0245168750494255,NA,NA,0.468292844046152,1.69523548644899,35,FALSE,"association-level pathway result; not causal or cell-intrinsic evidence","raw_cel_rma_tier_specific_enrichment"
"adjacent_vs_healthy_u1","adjacent_vs_healthy_u1","ranked","full_rank_covariate_adjusted","ranked_GSEA","GO","Biological Process","GO:0065002","intracellular protein transmembrane transport",NA,NA,0.00771980281236927,0.0353367364866161,0.0245168750494255,NA,NA,-0.500921751075015,-1.64127969550101,31,FALSE,"association-level pathway result; not causal or cell-intrinsic evidence","raw_cel_rma_tier_specific_enrichment"
"adjacent_vs_healthy_u1","adjacent_vs_healthy_u1","ranked","full_rank_covariate_adjusted","ranked_GSEA","GO","Biological Process","GO:0090278","negative regulation of peptide hormone secretion",NA,NA,0.00771566655444232,0.0353367364866161,0.0245168750494255,NA,NA,0.418390675609482,1.60946954522709,47,FALSE,"association-level pathway result; not causal or cell-intrinsic evidence","raw_cel_rma_tier_specific_enrichment"
"adjacent_vs_healthy_u1","adjacent_vs_healthy_u1","ranked","full_rank_covariate_adjusted","ranked_GSEA","GO","Biological Process","GO:0009123","nucleoside monophosphate metabolic process",NA,NA,0.00777779025003607,0.0355580780587818,0.0246704433810705,NA,NA,-0.398183917100263,-1.58598503905636,73,FALSE,"association-level pathway result; not causal or cell-intrinsic evidence","raw_cel_rma_tier_specific_enrichment"
"adjacent_vs_healthy_u1","adjacent_vs_healthy_u1","ranked","full_rank_covariate_adjusted","ranked_GSEA","GO","Biological Process","GO:0070570","regulation of neuron projection regeneration",NA,NA,0.00778475349939042,0.0355636078194621,0.024674279967726,NA,NA,0.486592789092476,1.67737240463774,29,FALSE,"association-level pathway result; not causal or cell-intrinsic evidence","raw_cel_rma_tier_specific_enrichment"
"adjacent_vs_healthy_u1","adjacent_vs_healthy_u1","ranked","full_rank_covariate_adjusted","ranked_GSEA","GO","Biological Process","GO:0016322","neuron remodeling",NA,NA,0.00785460805532459,0.0358562277621575,0.0248773017316275,NA,NA,0.591080370817374,1.71037172861086,15,FALSE,"association-level pathway result; not causal or cell-intrinsic evidence","raw_cel_rma_tier_specific_enrichment"
"adjacent_vs_healthy_u1","adjacent_vs_healthy_u1","ranked","full_rank_covariate_adjusted","ranked_GSEA","GO","Biological Process","GO:0019065","receptor-mediated endocytosis of virus by host cell",NA,NA,0.00786996279993922,0.0358998081671028,0.02490753812154,NA,NA,0.69093580583525,1.7900118267199,10,FALSE,"association-level pathway result; not causal or cell-intrinsic evidence","raw_cel_rma_tier_specific_enrichment"
"adjacent_vs_healthy_u1","adjacent_vs_healthy_u1","ranked","full_rank_covariate_adjusted","ranked_GSEA","GO","Biological Process","GO:0006958","complement activation, classical pathway",NA,NA,0.00787687969086738,0.0359048623667045,0.0249110447605913,NA,NA,0.481330264083001,1.69911823960785,32,FALSE,"association-level pathway result; not causal or cell-intrinsic evidence","raw_cel_rma_tier_specific_enrichment"
"adjacent_vs_healthy_u1","adjacent_vs_healthy_u1","ranked","full_rank_covariate_adjusted","ranked_GSEA","GO","Biological Process","GO:0019377","glycolipid catabolic process",NA,NA,0.00789100631868698,0.035937505807031,0.024933693007918,NA,NA,-0.541456725856816,-1.64158550315414,22,FALSE,"association-level pathway result; not causal or cell-intrinsic evidence","raw_cel_rma_tier_specific_enrichment"
"adjacent_vs_healthy_u1","adjacent_vs_healthy_u1","ranked","full_rank_covariate_adjusted","ranked_GSEA","GO","Biological Process","GO:0034605","cellular response to heat",NA,NA,0.00790148364208949,0.035937505807031,0.024933693007918,NA,NA,0.384487877733645,1.59719984535239,62,FALSE,"association-level pathway result; not causal or cell-intrinsic evidence","raw_cel_rma_tier_specific_enrichment"
"adjacent_vs_healthy_u1","adjacent_vs_healthy_u1","ranked","full_rank_covariate_adjusted","ranked_GSEA","GO","Biological Process","GO:0048814","regulation of dendrite morphogenesis",NA,NA,0.00790148364208949,0.035937505807031,0.024933693007918,NA,NA,0.384440543247311,1.59700321331629,62,FALSE,"association-level pathway result; not causal or cell-intrinsic evidence","raw_cel_rma_tier_specific_enrichment"
"adjacent_vs_healthy_u1","adjacent_vs_healthy_u1","ranked","full_rank_covariate_adjusted","ranked_GSEA","GO","Biological Process","GO:0019184","nonribosomal peptide biosynthetic process",NA,NA,0.00797989350533501,0.0362624629972632,0.0251591505804461,NA,NA,-0.603668727530639,-1.68566344059098,16,FALSE,"association-level pathway result; not causal or cell-intrinsic evidence","raw_cel_rma_tier_specific_enrichment"
"adjacent_vs_healthy_u1","adjacent_vs_healthy_u1","ranked","full_rank_covariate_adjusted","ranked_GSEA","GO","Biological Process","GO:0006109","regulation of carbohydrate metabolic process",NA,NA,0.00798466463990862,0.0362624629972632,0.0251591505804461,NA,NA,0.286178324677135,1.36835795544785,173,FALSE,"association-level pathway result; not causal or cell-intrinsic evidence","raw_cel_rma_tier_specific_enrichment"
"adjacent_vs_healthy_u1","adjacent_vs_healthy_u1","ranked","full_rank_covariate_adjusted","ranked_GSEA","GO","Biological Process","GO:2000328","regulation of T-helper 17 cell lineage commitment",NA,NA,0.00803012821706093,0.0364421604329322,0.0252838259187775,NA,NA,0.588602896562486,1.70320281870769,15,FALSE,"association-level pathway result; not causal or cell-intrinsic evidence","raw_cel_rma_tier_specific_enrichment"
"adjacent_vs_healthy_u1","adjacent_vs_healthy_u1","ranked","full_rank_covariate_adjusted","ranked_GSEA","GO","Biological Process","GO:0034308","primary alcohol metabolic process",NA,NA,0.00808591294990538,0.0366683990780375,0.0254407918738962,NA,NA,-0.370245031444532,-1.52829836849034,94,FALSE,"association-level pathway result; not causal or cell-intrinsic evidence","raw_cel_rma_tier_specific_enrichment"
"adjacent_vs_healthy_u1","adjacent_vs_healthy_u1","ranked","full_rank_covariate_adjusted","ranked_GSEA","GO","Biological Process","GO:0014743","regulation of muscle hypertrophy",NA,NA,0.00809538267773936,0.0366844283952397,0.0254519131263391,NA,NA,0.393846748010083,1.58779331950923,57,FALSE,"association-level pathway result; not causal or cell-intrinsic evidence","raw_cel_rma_tier_specific_enrichment"
"adjacent_vs_healthy_u1","adjacent_vs_healthy_u1","ranked","full_rank_covariate_adjusted","ranked_GSEA","GO","Biological Process","GO:0009161","ribonucleoside monophosphate metabolic process",NA,NA,0.00810395564761823,0.0366963735222918,0.0254602007390759,NA,NA,-0.400359276454408,-1.50631596421481,57,FALSE,"association-level pathway result; not causal or cell-intrinsic evidence","raw_cel_rma_tier_specific_enrichment"
"adjacent_vs_healthy_u1","adjacent_vs_healthy_u1","ranked","full_rank_covariate_adjusted","ranked_GSEA","GO","Biological Process","GO:0099560","synaptic membrane adhesion",NA,NA,0.00812174212611625,0.0367499912749081,0.0254974011110408,NA,NA,0.468517569671051,1.67418831079372,33,FALSE,"association-level pathway result; not causal or cell-intrinsic evidence","raw_cel_rma_tier_specific_enrichment"
"adjacent_vs_healthy_u1","adjacent_vs_healthy_u1","ranked","full_rank_covariate_adjusted","ranked_GSEA","GO","Biological Process","GO:0046185","aldehyde catabolic process",NA,NA,0.00813335299582222,0.0367756070718194,0.0255151735301888,NA,NA,-0.634799498047475,-1.68857841928271,13,FALSE,"association-level pathway result; not causal or cell-intrinsic evidence","raw_cel_rma_tier_specific_enrichment"
"adjacent_vs_healthy_u1","adjacent_vs_healthy_u1","ranked","full_rank_covariate_adjusted","ranked_GSEA","GO","Biological Process","GO:0042398","modified amino acid biosynthetic process",NA,NA,0.0081683457751315,0.0369068313129297,0.0256062178269358,NA,NA,-0.459508683176199,-1.58603272776621,39,FALSE,"association-level pathway result; not causal or cell-intrinsic evidence","raw_cel_rma_tier_specific_enrichment"
"adjacent_vs_healthy_u1","adjacent_vs_healthy_u1","ranked","full_rank_covariate_adjusted","ranked_GSEA","GO","Biological Process","GO:2000766","negative regulation of cytoplasmic translation",NA,NA,0.00820664255707913,0.0369717621321473,0.0256512672836737,NA,NA,0.689240024472929,1.78561855506073,10,FALSE,"association-level pathway result; not causal or cell-intrinsic evidence","raw_cel_rma_tier_specific_enrichment"
"adjacent_vs_healthy_u1","adjacent_vs_healthy_u1","ranked","full_rank_covariate_adjusted","ranked_GSEA","GO","Biological Process","GO:0072498","embryonic skeletal joint development",NA,NA,0.00820564841699824,0.0369717621321473,0.0256512672836737,NA,NA,0.587495905246599,1.69999958824363,15,FALSE,"association-level pathway result; not causal or cell-intrinsic evidence","raw_cel_rma_tier_specific_enrichment"
"adjacent_vs_healthy_u1","adjacent_vs_healthy_u1","ranked","full_rank_covariate_adjusted","ranked_GSEA","GO","Biological Process","GO:0072176","nephric duct development",NA,NA,0.00820564841699824,0.0369717621321473,0.0256512672836737,NA,NA,0.586650829139665,1.69755424518508,15,FALSE,"association-level pathway result; not causal or cell-intrinsic evidence","raw_cel_rma_tier_specific_enrichment"
"adjacent_vs_healthy_u1","adjacent_vs_healthy_u1","ranked","full_rank_covariate_adjusted","ranked_GSEA","GO","Biological Process","GO:1903541","regulation of exosomal secretion",NA,NA,0.00819308477884465,0.0369717621321473,0.0256512672836737,NA,NA,-0.576040713140926,-1.64201758708451,17,FALSE,"association-level pathway result; not causal or cell-intrinsic evidence","raw_cel_rma_tier_specific_enrichment"
"adjacent_vs_healthy_u1","adjacent_vs_healthy_u1","ranked","full_rank_covariate_adjusted","ranked_GSEA","GO","Biological Process","GO:0010632","regulation of epithelial cell migration",NA,NA,0.00823558346183057,0.0370751211781316,0.0257229785130508,NA,NA,0.369101033830083,1.52955484025877,65,FALSE,"association-level pathway result; not causal or cell-intrinsic evidence","raw_cel_rma_tier_specific_enrichment"
"adjacent_vs_healthy_u1","adjacent_vs_healthy_u1","ranked","full_rank_covariate_adjusted","ranked_GSEA","GO","Biological Process","GO:0045721","negative regulation of gluconeogenesis",NA,NA,0.00826440007630849,0.037177770648954,0.025794197434215,NA,NA,0.592637042053128,1.72961025934927,16,FALSE,"association-level pathway result; not causal or cell-intrinsic evidence","raw_cel_rma_tier_specific_enrichment"
"adjacent_vs_healthy_u1","adjacent_vs_healthy_u1","ranked","full_rank_covariate_adjusted","ranked_GSEA","GO","Biological Process","GO:0007272","ensheathment of neurons",NA,NA,0.0083219005969183,0.0373820258645,0.0259359111320725,NA,NA,0.292489848532125,1.37600228590386,158,FALSE,"association-level pathway result; not causal or cell-intrinsic evidence","raw_cel_rma_tier_specific_enrichment"
"adjacent_vs_healthy_u1","adjacent_vs_healthy_u1","ranked","full_rank_covariate_adjusted","ranked_GSEA","GO","Biological Process","GO:0008366","axon ensheathment",NA,NA,0.0083219005969183,0.0373820258645,0.0259359111320725,NA,NA,0.292489848532125,1.37600228590386,158,FALSE,"association-level pathway result; not causal or cell-intrinsic evidence","raw_cel_rma_tier_specific_enrichment"
"adjacent_vs_healthy_u1","adjacent_vs_healthy_u1","ranked","full_rank_covariate_adjusted","ranked_GSEA","GO","Biological Process","GO:0007422","peripheral nervous system development",NA,NA,0.0083380296996635,0.0374272778312419,0.0259673072632566,NA,NA,0.337361979059458,1.46881837319926,87,FALSE,"association-level pathway result; not causal or cell-intrinsic evidence","raw_cel_rma_tier_specific_enrichment"
"adjacent_vs_healthy_u1","adjacent_vs_healthy_u1","ranked","full_rank_covariate_adjusted","ranked_GSEA","GO","Biological Process","GO:0060272","embryonic skeletal joint morphogenesis",NA,NA,0.00840543204375996,0.0375367464609217,0.0260432573645544,NA,NA,0.655353041434788,1.75271941921839,11,FALSE,"association-level pathway result; not causal or cell-intrinsic evidence","raw_cel_rma_tier_specific_enrichment"
"adjacent_vs_healthy_u1","adjacent_vs_healthy_u1","ranked","full_rank_covariate_adjusted","ranked_GSEA","GO","Biological Process","GO:0033962","P-body assembly",NA,NA,0.00840871986997448,0.0375367464609217,0.0260432573645544,NA,NA,0.537887306035987,1.71212277024711,22,FALSE,"association-level pathway result; not causal or cell-intrinsic evidence","raw_cel_rma_tier_specific_enrichment"
"adjacent_vs_healthy_u1","adjacent_vs_healthy_u1","ranked","full_rank_covariate_adjusted","ranked_GSEA","GO","Biological Process","GO:0060413","atrial septum morphogenesis",NA,NA,0.00838116865273659,0.0375367464609217,0.0260432573645544,NA,NA,0.58540974419427,1.6939629965018,15,FALSE,"association-level pathway result; not causal or cell-intrinsic evidence","raw_cel_rma_tier_specific_enrichment"
"adjacent_vs_healthy_u1","adjacent_vs_healthy_u1","ranked","full_rank_covariate_adjusted","ranked_GSEA","GO","Biological Process","GO:0021846","cell proliferation in forebrain",NA,NA,0.00841707338534824,0.0375367464609217,0.0260432573645544,NA,NA,0.500749907373997,1.67159445813458,26,FALSE,"association-level pathway result; not causal or cell-intrinsic evidence","raw_cel_rma_tier_specific_enrichment"
"adjacent_vs_healthy_u1","adjacent_vs_healthy_u1","ranked","full_rank_covariate_adjusted","ranked_GSEA","GO","Biological Process","GO:0002011","morphogenesis of an epithelial sheet",NA,NA,0.00840824244000068,0.0375367464609217,0.0260432573645544,NA,NA,0.377640795622594,1.56445439020794,63,FALSE,"association-level pathway result; not causal or cell-intrinsic evidence","raw_cel_rma_tier_specific_enrichment"
"adjacent_vs_healthy_u1","adjacent_vs_healthy_u1","ranked","full_rank_covariate_adjusted","ranked_GSEA","GO","Biological Process","GO:0034109","homotypic cell-cell adhesion",NA,NA,0.00837827852211426,0.0375367464609217,0.0260432573645544,NA,NA,0.339112734034391,1.49180992621613,101,FALSE,"association-level pathway result; not causal or cell-intrinsic evidence","raw_cel_rma_tier_specific_enrichment"
"adjacent_vs_healthy_u1","adjacent_vs_healthy_u1","ranked","full_rank_covariate_adjusted","ranked_GSEA","GO","Biological Process","GO:0046889","positive regulation of lipid biosynthetic process",NA,NA,0.00839396006686577,0.0375367464609217,0.0260432573645544,NA,NA,0.339830221376045,1.48863932567093,92,FALSE,"association-level pathway result; not causal or cell-intrinsic evidence","raw_cel_rma_tier_specific_enrichment"
"adjacent_vs_healthy_u1","adjacent_vs_healthy_u1","ranked","full_rank_covariate_adjusted","ranked_GSEA","GO","Biological Process","GO:0016241","regulation of macroautophagy",NA,NA,0.00841117868595252,0.0375367464609217,0.0260432573645544,NA,NA,-0.309710037351912,-1.41610900322196,184,FALSE,"association-level pathway result; not causal or cell-intrinsic evidence","raw_cel_rma_tier_specific_enrichment"
"adjacent_vs_healthy_u1","adjacent_vs_healthy_u1","ranked","full_rank_covariate_adjusted","ranked_GSEA","GO","Biological Process","GO:0051651","maintenance of location in cell",NA,NA,0.00838639493112053,0.0375367464609217,0.0260432573645544,NA,NA,0.276386065542336,1.35844104518283,203,FALSE,"association-level pathway result; not causal or cell-intrinsic evidence","raw_cel_rma_tier_specific_enrichment"
"adjacent_vs_healthy_u1","adjacent_vs_healthy_u1","ranked","full_rank_covariate_adjusted","ranked_GSEA","GO","Biological Process","GO:0014074","response to purine-containing compound",NA,NA,0.00848500675064796,0.0378124201339258,0.0262345216879595,NA,NA,0.305103901315127,1.41457375438128,142,FALSE,"association-level pathway result; not causal or cell-intrinsic evidence","raw_cel_rma_tier_specific_enrichment"
"adjacent_vs_healthy_u1","adjacent_vs_healthy_u1","ranked","full_rank_covariate_adjusted","ranked_GSEA","GO","Biological Process","GO:0106027","neuron projection organization",NA,NA,0.00849570379916603,0.0378328135321652,0.0262486707703643,NA,NA,0.337990055291302,1.48234963802633,90,FALSE,"association-level pathway result; not causal or cell-intrinsic evidence","raw_cel_rma_tier_specific_enrichment"
"adjacent_vs_healthy_u1","adjacent_vs_healthy_u1","ranked","full_rank_covariate_adjusted","ranked_GSEA","GO","Biological Process","GO:0045429","positive regulation of nitric oxide biosynthetic process",NA,NA,0.0085284461867467,0.03795127853152,0.0263308626158964,NA,NA,0.456594745049292,1.67355350582488,37,FALSE,"association-level pathway result; not causal or cell-intrinsic evidence","raw_cel_rma_tier_specific_enrichment"
"adjacent_vs_healthy_u1","adjacent_vs_healthy_u1","ranked","full_rank_covariate_adjusted","ranked_GSEA","GO","Biological Process","GO:1901201","regulation of extracellular matrix assembly",NA,NA,0.00854301463300931,0.0379887578752738,0.026356866046861,NA,NA,0.57113203513636,1.74780828158958,19,FALSE,"association-level pathway result; not causal or cell-intrinsic evidence","raw_cel_rma_tier_specific_enrichment"
"adjacent_vs_healthy_u1","adjacent_vs_healthy_u1","ranked","full_rank_covariate_adjusted","ranked_GSEA","GO","Biological Process","GO:0022404","molting cycle process",NA,NA,0.00859010050804566,0.0381158731085644,0.0264450594852292,NA,NA,0.327396446276768,1.45218332179509,99,FALSE,"association-level pathway result; not causal or cell-intrinsic evidence","raw_cel_rma_tier_specific_enrichment"
"adjacent_vs_healthy_u1","adjacent_vs_healthy_u1","ranked","full_rank_covariate_adjusted","ranked_GSEA","GO","Biological Process","GO:0022405","hair cycle process",NA,NA,0.00859010050804566,0.0381158731085644,0.0264450594852292,NA,NA,0.327396446276768,1.45218332179509,99,FALSE,"association-level pathway result; not causal or cell-intrinsic evidence","raw_cel_rma_tier_specific_enrichment"
"adjacent_vs_healthy_u1","adjacent_vs_healthy_u1","ranked","full_rank_covariate_adjusted","ranked_GSEA","GO","Biological Process","GO:0007346","regulation of mitotic cell cycle",NA,NA,0.00858683883951231,0.0381158731085644,0.0264450594852292,NA,NA,0.22711408827799,1.22906811718043,476,FALSE,"association-level pathway result; not causal or cell-intrinsic evidence","raw_cel_rma_tier_specific_enrichment"
"adjacent_vs_healthy_u1","adjacent_vs_healthy_u1","ranked","full_rank_covariate_adjusted","ranked_GSEA","GO","Biological Process","GO:0055119","relaxation of cardiac muscle",NA,NA,0.00859906240758106,0.038128267389712,0.0264536587242205,NA,NA,0.58343859696835,1.76743009907969,18,FALSE,"association-level pathway result; not causal or cell-intrinsic evidence","raw_cel_rma_tier_specific_enrichment"
"adjacent_vs_healthy_u1","adjacent_vs_healthy_u1","ranked","full_rank_covariate_adjusted","ranked_GSEA","GO","Biological Process","GO:0043393","regulation of protein binding",NA,NA,0.00868011779641801,0.0384600774907955,0.0266838708942516,NA,NA,0.334001718241757,1.4801650170928,102,FALSE,"association-level pathway result; not causal or cell-intrinsic evidence","raw_cel_rma_tier_specific_enrichment"
"adjacent_vs_healthy_u1","adjacent_vs_healthy_u1","ranked","full_rank_covariate_adjusted","ranked_GSEA","GO","Biological Process","GO:0007034","vacuolar transport",NA,NA,0.00874736263904538,0.0387302639483807,0.0268713281492014,NA,NA,-0.313033962729453,-1.40337671124186,164,FALSE,"association-level pathway result; not causal or cell-intrinsic evidence","raw_cel_rma_tier_specific_enrichment"
"adjacent_vs_healthy_u1","adjacent_vs_healthy_u1","ranked","full_rank_covariate_adjusted","ranked_GSEA","GO","Biological Process","GO:0072088","nephron epithelium morphogenesis",NA,NA,0.00877148375548112,0.0388092634879233,0.0269261385825491,NA,NA,0.360468310489044,1.5264404059224,78,FALSE,"association-level pathway result; not causal or cell-intrinsic evidence","raw_cel_rma_tier_specific_enrichment"
"adjacent_vs_healthy_u1","adjacent_vs_healthy_u1","ranked","full_rank_covariate_adjusted","ranked_GSEA","GO","Biological Process","GO:0000244","spliceosomal tri-snRNP complex assembly",NA,NA,0.00881996938468651,0.0389679991184756,0.0270362704738067,NA,NA,0.582726982928622,1.68620006061369,15,FALSE,"association-level pathway result; not causal or cell-intrinsic evidence","raw_cel_rma_tier_specific_enrichment"
"adjacent_vs_healthy_u1","adjacent_vs_healthy_u1","ranked","full_rank_covariate_adjusted","ranked_GSEA","GO","Biological Process","GO:0007613","memory",NA,NA,0.00881541100494351,0.0389679991184756,0.0270362704738067,NA,NA,0.305518619779851,1.39923704808345,125,FALSE,"association-level pathway result; not causal or cell-intrinsic evidence","raw_cel_rma_tier_specific_enrichment"
"adjacent_vs_healthy_u1","adjacent_vs_healthy_u1","ranked","full_rank_covariate_adjusted","ranked_GSEA","GO","Biological Process","GO:0009226","nucleotide-sugar biosynthetic process",NA,NA,0.00882819536646515,0.0389764825429436,0.0270421563330669,NA,NA,-0.488362496967583,-1.5665217187775,28,FALSE,"association-level pathway result; not causal or cell-intrinsic evidence","raw_cel_rma_tier_specific_enrichment"
"adjacent_vs_healthy_u1","adjacent_vs_healthy_u1","ranked","full_rank_covariate_adjusted","ranked_GSEA","GO","Biological Process","GO:0031547","brain-derived neurotrophic factor receptor signaling pathway",NA,NA,0.00887828796800105,0.0391696630479761,0.0271761863192729,NA,NA,0.405797602754734,1.60825387404097,54,FALSE,"association-level pathway result; not causal or cell-intrinsic evidence","raw_cel_rma_tier_specific_enrichment"
"adjacent_vs_healthy_u1","adjacent_vs_healthy_u1","ranked","full_rank_covariate_adjusted","ranked_GSEA","GO","Biological Process","GO:0071260","cellular response to mechanical stimulus",NA,NA,0.00889467875204687,0.0392139867092737,0.0272069383856438,NA,NA,0.365725910532578,1.53623204300652,73,FALSE,"association-level pathway result; not causal or cell-intrinsic evidence","raw_cel_rma_tier_specific_enrichment"
"adjacent_vs_healthy_u1","adjacent_vs_healthy_u1","ranked","full_rank_covariate_adjusted","ranked_GSEA","GO","Biological Process","GO:0034110","regulation of homotypic cell-cell adhesion",NA,NA,0.00890539033049743,0.0392332271082,0.0272202875090569,NA,NA,0.455154647118922,1.66827512501512,37,FALSE,"association-level pathway result; not causal or cell-intrinsic evidence","raw_cel_rma_tier_specific_enrichment"
"adjacent_vs_healthy_u1","adjacent_vs_healthy_u1","ranked","full_rank_covariate_adjusted","ranked_GSEA","GO","Biological Process","GO:0009078","pyruvate family amino acid metabolic process",NA,NA,0.00891413895714412,0.0392437983576266,0.0272276219158833,NA,NA,-0.63155211304745,-1.67994031505135,13,FALSE,"association-level pathway result; not causal or cell-intrinsic evidence","raw_cel_rma_tier_specific_enrichment"
"adjacent_vs_healthy_u1","adjacent_vs_healthy_u1","ranked","full_rank_covariate_adjusted","ranked_GSEA","GO","Biological Process","GO:0048846","axon extension involved in axon guidance",NA,NA,0.00893792753741291,0.0392646269429632,0.0272420729341415,NA,NA,0.55494085377129,1.71569391337925,20,FALSE,"association-level pathway result; not causal or cell-intrinsic evidence","raw_cel_rma_tier_specific_enrichment"
"adjacent_vs_healthy_u1","adjacent_vs_healthy_u1","ranked","full_rank_covariate_adjusted","ranked_GSEA","GO","Biological Process","GO:1902284","neuron projection extension involved in neuron projection guidance",NA,NA,0.00893792753741291,0.0392646269429632,0.0272420729341415,NA,NA,0.55494085377129,1.71569391337925,20,FALSE,"association-level pathway result; not causal or cell-intrinsic evidence","raw_cel_rma_tier_specific_enrichment"
"adjacent_vs_healthy_u1","adjacent_vs_healthy_u1","ranked","full_rank_covariate_adjusted","ranked_GSEA","GO","Biological Process","GO:0038179","neurotrophin signaling pathway",NA,NA,0.00893144740266374,0.0392646269429632,0.0272420729341415,NA,NA,0.444602292742303,1.64559101740343,39,FALSE,"association-level pathway result; not causal or cell-intrinsic evidence","raw_cel_rma_tier_specific_enrichment"
"adjacent_vs_healthy_u1","adjacent_vs_healthy_u1","ranked","full_rank_covariate_adjusted","ranked_GSEA","GO","Biological Process","GO:0046753","non-lytic viral release",NA,NA,0.0089611379323136,0.0393107122495602,0.0272740472423485,NA,NA,-0.640984292501024,-1.67207047682541,12,FALSE,"association-level pathway result; not causal or cell-intrinsic evidence","raw_cel_rma_tier_specific_enrichment"
"adjacent_vs_healthy_u1","adjacent_vs_healthy_u1","ranked","full_rank_covariate_adjusted","ranked_GSEA","GO","Biological Process","GO:1902221","erythrose 4-phosphate/phosphoenolpyruvate family amino acid metabolic process",NA,NA,0.00895521758445152,0.0393107122495602,0.0272740472423485,NA,NA,-0.487953797001114,-1.56521073077594,28,FALSE,"association-level pathway result; not causal or cell-intrinsic evidence","raw_cel_rma_tier_specific_enrichment"
"adjacent_vs_healthy_u1","adjacent_vs_healthy_u1","ranked","full_rank_covariate_adjusted","ranked_GSEA","GO","Biological Process","GO:0046514","ceramide catabolic process",NA,NA,0.00900939498554962,0.0394943761742427,0.0274014745585137,NA,NA,-0.53695494936403,-1.62793704211175,22,FALSE,"association-level pathway result; not causal or cell-intrinsic evidence","raw_cel_rma_tier_specific_enrichment"
"adjacent_vs_healthy_u1","adjacent_vs_healthy_u1","ranked","full_rank_covariate_adjusted","ranked_GSEA","GO","Biological Process","GO:0010092","specification of animal organ identity",NA,NA,0.00909386245945961,0.0398364024535222,0.0276387747844667,NA,NA,0.453967476852044,1.66392379819044,37,FALSE,"association-level pathway result; not causal or cell-intrinsic evidence","raw_cel_rma_tier_specific_enrichment"
"adjacent_vs_healthy_u1","adjacent_vs_healthy_u1","ranked","full_rank_covariate_adjusted","ranked_GSEA","GO","Biological Process","GO:0010660","regulation of muscle cell apoptotic process",NA,NA,0.00910273906831568,0.0398470468705802,0.0276461599555077,NA,NA,0.364918233348221,1.53283939420784,73,FALSE,"association-level pathway result; not causal or cell-intrinsic evidence","raw_cel_rma_tier_specific_enrichment"
"adjacent_vs_healthy_u1","adjacent_vs_healthy_u1","ranked","full_rank_covariate_adjusted","ranked_GSEA","GO","Biological Process","GO:0071826","protein-RNA complex organization",NA,NA,0.00914233536847059,0.0399920558474994,0.0277467681984201,NA,NA,0.282032412264532,1.36099852614433,186,FALSE,"association-level pathway result; not causal or cell-intrinsic evidence","raw_cel_rma_tier_specific_enrichment"
"adjacent_vs_healthy_u1","adjacent_vs_healthy_u1","ranked","full_rank_covariate_adjusted","ranked_GSEA","GO","Biological Process","GO:0043085","positive regulation of catalytic activity",NA,NA,0.0091841695852056,0.0401466422957255,0.0278540213579451,NA,NA,0.226956219754192,1.22821378370082,476,FALSE,"association-level pathway result; not causal or cell-intrinsic evidence","raw_cel_rma_tier_specific_enrichment"
"adjacent_vs_healthy_u1","adjacent_vs_healthy_u1","ranked","full_rank_covariate_adjusted","ranked_GSEA","GO","Biological Process","GO:0061548","ganglion development",NA,NA,0.0092151354133735,0.0402535349753086,0.0279281842470401,NA,NA,0.589057854525602,1.75904457515187,17,FALSE,"association-level pathway result; not causal or cell-intrinsic evidence","raw_cel_rma_tier_specific_enrichment"
"adjacent_vs_healthy_u1","adjacent_vs_healthy_u1","ranked","full_rank_covariate_adjusted","ranked_GSEA","GO","Biological Process","GO:0043373","CD4-positive, alpha-beta T cell lineage commitment",NA,NA,0.00925877383168584,0.0404155939644422,0.0280406219077372,NA,NA,0.47640153824726,1.68171960796043,32,FALSE,"association-level pathway result; not causal or cell-intrinsic evidence","raw_cel_rma_tier_specific_enrichment"
"adjacent_vs_healthy_u1","adjacent_vs_healthy_u1","ranked","full_rank_covariate_adjusted","ranked_GSEA","GO","Biological Process","GO:0036005","response to macrophage colony-stimulating factor",NA,NA,0.00928307919017019,0.040493092783657,0.02809439113082,NA,NA,0.374351233707105,1.55082670580466,63,FALSE,"association-level pathway result; not causal or cell-intrinsic evidence","raw_cel_rma_tier_specific_enrichment"
"adjacent_vs_healthy_u1","adjacent_vs_healthy_u1","ranked","full_rank_covariate_adjusted","ranked_GSEA","GO","Biological Process","GO:0002792","negative regulation of peptide secretion",NA,NA,0.00930802765926993,0.0405732855867048,0.0281500294587378,NA,NA,0.41589064978377,1.61642299264395,48,FALSE,"association-level pathway result; not causal or cell-intrinsic evidence","raw_cel_rma_tier_specific_enrichment"
"adjacent_vs_healthy_u1","adjacent_vs_healthy_u1","ranked","full_rank_covariate_adjusted","ranked_GSEA","GO","Biological Process","GO:0002551","mast cell chemotaxis",NA,NA,0.00934746538130834,0.040716478873761,0.0282493779633175,NA,NA,0.652566282160797,1.74526632632434,11,FALSE,"association-level pathway result; not causal or cell-intrinsic evidence","raw_cel_rma_tier_specific_enrichment"
"adjacent_vs_healthy_u1","adjacent_vs_healthy_u1","ranked","full_rank_covariate_adjusted","ranked_GSEA","GO","Biological Process","GO:0007157","heterophilic cell-cell adhesion via plasma membrane cell adhesion molecules",NA,NA,0.00935780320824998,0.0407328039649247,0.0282607044258046,NA,NA,0.421578652577415,1.59789922246388,45,FALSE,"association-level pathway result; not causal or cell-intrinsic evidence","raw_cel_rma_tier_specific_enrichment"
"adjacent_vs_healthy_u1","adjacent_vs_healthy_u1","ranked","full_rank_covariate_adjusted","ranked_GSEA","GO","Biological Process","GO:0170035","L-amino acid catabolic process",NA,NA,0.00939093459235489,0.0408195265227465,0.0283208731432777,NA,NA,-0.395262785675116,-1.57435003689168,73,FALSE,"association-level pathway result; not causal or cell-intrinsic evidence","raw_cel_rma_tier_specific_enrichment"
"adjacent_vs_healthy_u1","adjacent_vs_healthy_u1","ranked","full_rank_covariate_adjusted","ranked_GSEA","GO","Biological Process","GO:0070527","platelet aggregation",NA,NA,0.00938992804347586,0.0408195265227465,0.0283208731432777,NA,NA,0.36182233630249,1.52347312721433,76,FALSE,"association-level pathway result; not causal or cell-intrinsic evidence","raw_cel_rma_tier_specific_enrichment"
"adjacent_vs_healthy_u1","adjacent_vs_healthy_u1","ranked","full_rank_covariate_adjusted","ranked_GSEA","GO","Biological Process","GO:1900181","negative regulation of protein localization to nucleus",NA,NA,0.00940049054106696,0.0408323485835101,0.0283297691787601,NA,NA,0.432444256445197,1.58750068471283,38,FALSE,"association-level pathway result; not causal or cell-intrinsic evidence","raw_cel_rma_tier_specific_enrichment"
"adjacent_vs_healthy_u1","adjacent_vs_healthy_u1","ranked","full_rank_covariate_adjusted","ranked_GSEA","GO","Biological Process","GO:0072576","liver morphogenesis",NA,NA,0.00941890990654392,0.0408549348297179,0.0283454396744302,NA,NA,0.495683199948874,1.65468086528493,26,FALSE,"association-level pathway result; not causal or cell-intrinsic evidence","raw_cel_rma_tier_specific_enrichment"
"adjacent_vs_healthy_u1","adjacent_vs_healthy_u1","ranked","full_rank_covariate_adjusted","ranked_GSEA","GO","Biological Process","GO:0000209","protein polyubiquitination",NA,NA,0.00941462215547646,0.0408549348297179,0.0283454396744302,NA,NA,-0.285944276379787,-1.35520035981113,255,FALSE,"association-level pathway result; not causal or cell-intrinsic evidence","raw_cel_rma_tier_specific_enrichment"
"adjacent_vs_healthy_u1","adjacent_vs_healthy_u1","ranked","full_rank_covariate_adjusted","ranked_GSEA","GO","Biological Process","GO:0001886","endothelial cell morphogenesis",NA,NA,0.00943441854764609,0.040864850065172,0.0283523189341719,NA,NA,0.640207581346036,1.79662098653648,13,FALSE,"association-level pathway result; not causal or cell-intrinsic evidence","raw_cel_rma_tier_specific_enrichment"
"adjacent_vs_healthy_u1","adjacent_vs_healthy_u1","ranked","full_rank_covariate_adjusted","ranked_GSEA","GO","Biological Process","GO:0038202","TORC1 signaling",NA,NA,0.0094331473703358,0.040864850065172,0.0283523189341719,NA,NA,-0.347394595327247,-1.46615833788183,112,FALSE,"association-level pathway result; not causal or cell-intrinsic evidence","raw_cel_rma_tier_specific_enrichment"
"adjacent_vs_healthy_u1","adjacent_vs_healthy_u1","ranked","full_rank_covariate_adjusted","ranked_GSEA","GO","Biological Process","GO:0043547","positive regulation of GTPase activity",NA,NA,0.0094477408405842,0.0408938978540973,0.0283724724933953,NA,NA,0.33351921337639,1.48764865829019,111,FALSE,"association-level pathway result; not causal or cell-intrinsic evidence","raw_cel_rma_tier_specific_enrichment"
"adjacent_vs_healthy_u1","adjacent_vs_healthy_u1","ranked","full_rank_covariate_adjusted","ranked_GSEA","GO","Biological Process","GO:0001865","NK T cell differentiation",NA,NA,0.00951897373950267,0.0411733916612078,0.0285663872525755,NA,NA,0.64947796823972,1.73700673578324,11,FALSE,"association-level pathway result; not causal or cell-intrinsic evidence","raw_cel_rma_tier_specific_enrichment"
"adjacent_vs_healthy_u1","adjacent_vs_healthy_u1","ranked","full_rank_covariate_adjusted","ranked_GSEA","GO","Biological Process","GO:0001974","blood vessel remodeling",NA,NA,0.00955585012451237,0.0413039927409867,0.02865699919563,NA,NA,0.421202771610538,1.59647453005823,45,FALSE,"association-level pathway result; not causal or cell-intrinsic evidence","raw_cel_rma_tier_specific_enrichment"
"adjacent_vs_healthy_u1","adjacent_vs_healthy_u1","ranked","full_rank_covariate_adjusted","ranked_GSEA","GO","Biological Process","GO:0051261","protein depolymerization",NA,NA,0.00967257997757893,0.0417793269332043,0.028986789384425,NA,NA,0.30809557485916,1.3997276201676,118,FALSE,"association-level pathway result; not causal or cell-intrinsic evidence","raw_cel_rma_tier_specific_enrichment"
"adjacent_vs_healthy_u1","adjacent_vs_healthy_u1","ranked","full_rank_covariate_adjusted","ranked_GSEA","GO","Biological Process","GO:0035855","megakaryocyte development",NA,NA,0.00969709885291121,0.0418559832470979,0.0290399740714204,NA,NA,0.530600072714618,1.68892713435534,22,FALSE,"association-level pathway result; not causal or cell-intrinsic evidence","raw_cel_rma_tier_specific_enrichment"
"adjacent_vs_healthy_u1","adjacent_vs_healthy_u1","ranked","full_rank_covariate_adjusted","ranked_GSEA","GO","Biological Process","GO:0010332","response to gamma radiation",NA,NA,0.00973294535071379,0.0419725426407001,0.0291208437943464,NA,NA,0.403203617834747,1.58482003135995,51,FALSE,"association-level pathway result; not causal or cell-intrinsic evidence","raw_cel_rma_tier_specific_enrichment"
"adjacent_vs_healthy_u1","adjacent_vs_healthy_u1","ranked","full_rank_covariate_adjusted","ranked_GSEA","GO","Biological Process","GO:0030168","platelet activation",NA,NA,0.00973768421724056,0.0419725426407001,0.0291208437943464,NA,NA,0.309298656212998,1.43191477716972,139,FALSE,"association-level pathway result; not causal or cell-intrinsic evidence","raw_cel_rma_tier_specific_enrichment"
"adjacent_vs_healthy_u1","adjacent_vs_healthy_u1","ranked","full_rank_covariate_adjusted","ranked_GSEA","GO","Biological Process","GO:1901550","regulation of endothelial cell development",NA,NA,0.00975192301799957,0.0419753733804006,0.0291228077813592,NA,NA,0.58522372175148,1.74759508779691,17,FALSE,"association-level pathway result; not causal or cell-intrinsic evidence","raw_cel_rma_tier_specific_enrichment"
"adjacent_vs_healthy_u1","adjacent_vs_healthy_u1","ranked","full_rank_covariate_adjusted","ranked_GSEA","GO","Biological Process","GO:1903140","regulation of establishment of endothelial barrier",NA,NA,0.00975192301799957,0.0419753733804006,0.0291228077813592,NA,NA,0.58522372175148,1.74759508779691,17,FALSE,"association-level pathway result; not causal or cell-intrinsic evidence","raw_cel_rma_tier_specific_enrichment"
"adjacent_vs_healthy_u1","adjacent_vs_healthy_u1","ranked","full_rank_covariate_adjusted","ranked_GSEA","GO","Biological Process","GO:0036006","cellular response to macrophage colony-stimulating factor stimulus",NA,NA,0.00981478295461514,0.0421578689662795,0.0292494244958868,NA,NA,0.382513473638392,1.56014186983513,59,FALSE,"association-level pathway result; not causal or cell-intrinsic evidence","raw_cel_rma_tier_specific_enrichment"
"adjacent_vs_healthy_u1","adjacent_vs_healthy_u1","ranked","full_rank_covariate_adjusted","ranked_GSEA","GO","Biological Process","GO:0002292","T cell differentiation involved in immune response",NA,NA,0.00980958535969761,0.0421578689662795,0.0292494244958868,NA,NA,0.337428343080349,1.47251443248477,94,FALSE,"association-level pathway result; not causal or cell-intrinsic evidence","raw_cel_rma_tier_specific_enrichment"
"adjacent_vs_healthy_u1","adjacent_vs_healthy_u1","ranked","full_rank_covariate_adjusted","ranked_GSEA","GO","Biological Process","GO:0045834","positive regulation of lipid metabolic process",NA,NA,0.00980958535969761,0.0421578689662795,0.0292494244958868,NA,NA,0.303794277653798,1.38971534115617,126,FALSE,"association-level pathway result; not causal or cell-intrinsic evidence","raw_cel_rma_tier_specific_enrichment"
"adjacent_vs_healthy_u1","adjacent_vs_healthy_u1","ranked","full_rank_covariate_adjusted","ranked_GSEA","GO","Biological Process","GO:0045582","positive regulation of T cell differentiation",NA,NA,0.00982459214293012,0.042170697246841,0.0292583248467086,NA,NA,0.311235505627602,1.415882765462,120,FALSE,"association-level pathway result; not causal or cell-intrinsic evidence","raw_cel_rma_tier_specific_enrichment"
"adjacent_vs_healthy_u1","adjacent_vs_healthy_u1","ranked","full_rank_covariate_adjusted","ranked_GSEA","GO","Biological Process","GO:0097503","sialylation",NA,NA,0.009896678853599,0.0424506398293515,0.0294525509694016,NA,NA,0.680931768127606,1.76409430202311,10,FALSE,"association-level pathway result; not causal or cell-intrinsic evidence","raw_cel_rma_tier_specific_enrichment"
"adjacent_vs_healthy_u1","adjacent_vs_healthy_u1","ranked","full_rank_covariate_adjusted","ranked_GSEA","GO","Biological Process","GO:0009064","glutamine family amino acid metabolic process",NA,NA,0.00996806553675438,0.0427271935386122,0.0296444258681198,NA,NA,-0.39025912178346,-1.50942162904525,65,FALSE,"association-level pathway result; not causal or cell-intrinsic evidence","raw_cel_rma_tier_specific_enrichment"
"adjacent_vs_healthy_u1","adjacent_vs_healthy_u1","ranked","full_rank_covariate_adjusted","ranked_GSEA","GO","Biological Process","GO:1904356","regulation of telomere maintenance via telomere lengthening",NA,NA,0.0100241649909803,0.0429378820576916,0.029790603036987,NA,NA,0.407529788789385,1.61518331616508,52,FALSE,"association-level pathway result; not causal or cell-intrinsic evidence","raw_cel_rma_tier_specific_enrichment"
"adjacent_vs_healthy_u1","adjacent_vs_healthy_u1","ranked","full_rank_covariate_adjusted","ranked_GSEA","GO","Biological Process","GO:0071364","cellular response to epidermal growth factor stimulus",NA,NA,0.0101241731547234,0.043336228718383,0.0300669787376753,NA,NA,0.444110807978096,1.66715198487316,42,FALSE,"association-level pathway result; not causal or cell-intrinsic evidence","raw_cel_rma_tier_specific_enrichment"
"adjacent_vs_healthy_u1","adjacent_vs_healthy_u1","ranked","full_rank_covariate_adjusted","ranked_GSEA","GO","Biological Process","GO:1904377","positive regulation of protein localization to cell periphery",NA,NA,0.0101614415236541,0.0434656540191737,0.0301567749170401,NA,NA,0.349390649947445,1.47163885623789,75,FALSE,"association-level pathway result; not causal or cell-intrinsic evidence","raw_cel_rma_tier_specific_enrichment"
"adjacent_vs_healthy_u1","adjacent_vs_healthy_u1","ranked","full_rank_covariate_adjusted","ranked_GSEA","GO","Biological Process","GO:0048145","regulation of fibroblast proliferation",NA,NA,0.0101898254385246,0.0434967617648625,0.0301783576886809,NA,NA,0.35319151447819,1.51574308470823,84,FALSE,"association-level pathway result; not causal or cell-intrinsic evidence","raw_cel_rma_tier_specific_enrichment"
"adjacent_vs_healthy_u1","adjacent_vs_healthy_u1","ranked","full_rank_covariate_adjusted","ranked_GSEA","GO","Biological Process","GO:0051851","host-mediated perturbation of symbiont process",NA,NA,0.0101898254385246,0.0434967617648625,0.0301783576886809,NA,NA,0.324495540235615,1.44253588594223,103,FALSE,"association-level pathway result; not causal or cell-intrinsic evidence","raw_cel_rma_tier_specific_enrichment"
"adjacent_vs_healthy_u1","adjacent_vs_healthy_u1","ranked","full_rank_covariate_adjusted","ranked_GSEA","GO","Biological Process","GO:0046165","alcohol biosynthetic process",NA,NA,0.0101865834352605,0.0434967617648625,0.0301783576886809,NA,NA,-0.318686813386578,-1.39333078990593,141,FALSE,"association-level pathway result; not causal or cell-intrinsic evidence","raw_cel_rma_tier_specific_enrichment"
"adjacent_vs_healthy_u1","adjacent_vs_healthy_u1","ranked","full_rank_covariate_adjusted","ranked_GSEA","GO","Biological Process","GO:0034314","Arp2/3 complex-mediated actin nucleation",NA,NA,0.0102107944053442,0.0435261518754706,0.0301987487530833,NA,NA,-0.454946855373487,-1.6091343184981,42,FALSE,"association-level pathway result; not causal or cell-intrinsic evidence","raw_cel_rma_tier_specific_enrichment"
"adjacent_vs_healthy_u1","adjacent_vs_healthy_u1","ranked","full_rank_covariate_adjusted","ranked_GSEA","GO","Biological Process","GO:0002695","negative regulation of leukocyte activation",NA,NA,0.0102106225906773,0.0435261518754706,0.0301987487530833,NA,NA,0.287981366813747,1.39870049151349,190,FALSE,"association-level pathway result; not causal or cell-intrinsic evidence","raw_cel_rma_tier_specific_enrichment"
"adjacent_vs_healthy_u1","adjacent_vs_healthy_u1","ranked","full_rank_covariate_adjusted","ranked_GSEA","GO","Biological Process","GO:0045022","early endosome to late endosome transport",NA,NA,0.010244054321974,0.0436378358126265,0.03027623585021,NA,NA,-0.463817741839692,-1.62725550097806,41,FALSE,"association-level pathway result; not causal or cell-intrinsic evidence","raw_cel_rma_tier_specific_enrichment"
"adjacent_vs_healthy_u1","adjacent_vs_healthy_u1","ranked","full_rank_covariate_adjusted","ranked_GSEA","GO","Biological Process","GO:0031334","positive regulation of protein-containing complex assembly",NA,NA,0.0102746390332521,0.0437379778681345,0.030345715109083,NA,NA,0.280940286127291,1.36836375465182,197,FALSE,"association-level pathway result; not causal or cell-intrinsic evidence","raw_cel_rma_tier_specific_enrichment"
"adjacent_vs_healthy_u1","adjacent_vs_healthy_u1","ranked","full_rank_covariate_adjusted","ranked_GSEA","GO","Biological Process","GO:0060100","positive regulation of phagocytosis, engulfment",NA,NA,0.0102999382728635,0.0437552704223843,0.0303577128042292,NA,NA,0.635269223164889,1.78276242221172,13,FALSE,"association-level pathway result; not causal or cell-intrinsic evidence","raw_cel_rma_tier_specific_enrichment"
"adjacent_vs_healthy_u1","adjacent_vs_healthy_u1","ranked","full_rank_covariate_adjusted","ranked_GSEA","GO","Biological Process","GO:1905155","positive regulation of membrane invagination",NA,NA,0.0102999382728635,0.0437552704223843,0.0303577128042292,NA,NA,0.635269223164889,1.78276242221172,13,FALSE,"association-level pathway result; not causal or cell-intrinsic evidence","raw_cel_rma_tier_specific_enrichment"
"adjacent_vs_healthy_u1","adjacent_vs_healthy_u1","ranked","full_rank_covariate_adjusted","ranked_GSEA","GO","Biological Process","GO:0021535","cell migration in hindbrain",NA,NA,0.0102887114538945,0.0437552704223843,0.0303577128042292,NA,NA,0.582197079837543,1.7385569296623,17,FALSE,"association-level pathway result; not causal or cell-intrinsic evidence","raw_cel_rma_tier_specific_enrichment"
"adjacent_vs_healthy_u1","adjacent_vs_healthy_u1","ranked","full_rank_covariate_adjusted","ranked_GSEA","GO","Biological Process","GO:0031114","regulation of microtubule depolymerization",NA,NA,0.0103226462480606,0.0438216184472958,0.0304037455281947,NA,NA,0.449021542114276,1.64579549840223,37,FALSE,"association-level pathway result; not causal or cell-intrinsic evidence","raw_cel_rma_tier_specific_enrichment"
"adjacent_vs_healthy_u1","adjacent_vs_healthy_u1","ranked","full_rank_covariate_adjusted","ranked_GSEA","GO","Biological Process","GO:0007611","learning or memory",NA,NA,0.0103446893561465,0.0438850548458073,0.0304477581453893,NA,NA,0.254028284285273,1.29822531138128,273,FALSE,"association-level pathway result; not causal or cell-intrinsic evidence","raw_cel_rma_tier_specific_enrichment"
"adjacent_vs_healthy_u1","adjacent_vs_healthy_u1","ranked","full_rank_covariate_adjusted","ranked_GSEA","GO","Biological Process","GO:0097345","mitochondrial outer membrane permeabilization",NA,NA,0.0103557823576536,0.0439019826835783,0.0304595027976904,NA,NA,-0.486475871460433,-1.59394749472478,31,FALSE,"association-level pathway result; not causal or cell-intrinsic evidence","raw_cel_rma_tier_specific_enrichment"
"adjacent_vs_healthy_u1","adjacent_vs_healthy_u1","ranked","full_rank_covariate_adjusted","ranked_GSEA","GO","Biological Process","GO:0022605","mammalian oogenesis stage",NA,NA,0.0103765167016756,0.0439597325106625,0.0304995700318359,NA,NA,0.643212430995496,1.72024976952923,11,FALSE,"association-level pathway result; not causal or cell-intrinsic evidence","raw_cel_rma_tier_specific_enrichment"
"adjacent_vs_healthy_u1","adjacent_vs_healthy_u1","ranked","full_rank_covariate_adjusted","ranked_GSEA","GO","Biological Process","GO:1904814","regulation of protein localization to chromosome, telomeric region",NA,NA,0.0104004809434808,0.0439708431680266,0.0305072786836639,NA,NA,0.649960120826774,1.79280366371803,12,FALSE,"association-level pathway result; not causal or cell-intrinsic evidence","raw_cel_rma_tier_specific_enrichment"
"adjacent_vs_healthy_u1","adjacent_vs_healthy_u1","ranked","full_rank_covariate_adjusted","ranked_GSEA","GO","Biological Process","GO:0042311","vasodilation",NA,NA,0.0103934330790511,0.0439708431680266,0.0305072786836639,NA,NA,0.412192717262062,1.60205040899379,48,FALSE,"association-level pathway result; not causal or cell-intrinsic evidence","raw_cel_rma_tier_specific_enrichment"
"adjacent_vs_healthy_u1","adjacent_vs_healthy_u1","ranked","full_rank_covariate_adjusted","ranked_GSEA","GO","Biological Process","GO:0051489","regulation of filopodium assembly",NA,NA,0.0103934330790511,0.0439708431680266,0.0305072786836639,NA,NA,0.411576155287158,1.599654046024,48,FALSE,"association-level pathway result; not causal or cell-intrinsic evidence","raw_cel_rma_tier_specific_enrichment"
"adjacent_vs_healthy_u1","adjacent_vs_healthy_u1","ranked","full_rank_covariate_adjusted","ranked_GSEA","GO","Biological Process","GO:0014911","positive regulation of smooth muscle cell migration",NA,NA,0.0104324106134954,0.0440707160314061,0.0305765711751545,NA,NA,0.437145406811701,1.61799110461505,39,FALSE,"association-level pathway result; not causal or cell-intrinsic evidence","raw_cel_rma_tier_specific_enrichment"
"adjacent_vs_healthy_u1","adjacent_vs_healthy_u1","ranked","full_rank_covariate_adjusted","ranked_GSEA","GO","Biological Process","GO:0045663","positive regulation of myoblast differentiation",NA,NA,0.0104454940925433,0.0440707160314061,0.0305765711751545,NA,NA,0.426126939926813,1.58753531169522,43,FALSE,"association-level pathway result; not causal or cell-intrinsic evidence","raw_cel_rma_tier_specific_enrichment"
"adjacent_vs_healthy_u1","adjacent_vs_healthy_u1","ranked","full_rank_covariate_adjusted","ranked_GSEA","GO","Biological Process","GO:0097061","dendritic spine organization",NA,NA,0.0104454940925433,0.0440707160314061,0.0305765711751545,NA,NA,0.339949068703171,1.45250868334682,80,FALSE,"association-level pathway result; not causal or cell-intrinsic evidence","raw_cel_rma_tier_specific_enrichment"
"adjacent_vs_healthy_u1","adjacent_vs_healthy_u1","ranked","full_rank_covariate_adjusted","ranked_GSEA","GO","Biological Process","GO:0051961","negative regulation of nervous system development",NA,NA,0.0104826365143443,0.0441972553173003,0.0306643650171887,NA,NA,0.296010029317672,1.37264012753752,141,FALSE,"association-level pathway result; not causal or cell-intrinsic evidence","raw_cel_rma_tier_specific_enrichment"
"adjacent_vs_healthy_u1","adjacent_vs_healthy_u1","ranked","full_rank_covariate_adjusted","ranked_GSEA","GO","Biological Process","GO:0061337","cardiac conduction",NA,NA,0.010502729676612,0.0442517874104558,0.0307021997650179,NA,NA,0.335216620439164,1.46586534914774,89,FALSE,"association-level pathway result; not causal or cell-intrinsic evidence","raw_cel_rma_tier_specific_enrichment"
"adjacent_vs_healthy_u1","adjacent_vs_healthy_u1","ranked","full_rank_covariate_adjusted","ranked_GSEA","GO","Biological Process","GO:0009235","cobalamin metabolic process",NA,NA,0.0105296679690654,0.0443350665645729,0.0307599794249049,NA,NA,-0.667467377374199,-1.64811007721352,10,FALSE,"association-level pathway result; not causal or cell-intrinsic evidence","raw_cel_rma_tier_specific_enrichment"
"adjacent_vs_healthy_u1","adjacent_vs_healthy_u1","ranked","full_rank_covariate_adjusted","ranked_GSEA","GO","Biological Process","GO:0060795","cell fate commitment involved in formation of primary germ layer",NA,NA,0.0105405244779094,0.0443505662341444,0.0307707332041152,NA,NA,0.460534919165231,1.64566331828303,33,FALSE,"association-level pathway result; not causal or cell-intrinsic evidence","raw_cel_rma_tier_specific_enrichment"
"adjacent_vs_healthy_u1","adjacent_vs_healthy_u1","ranked","full_rank_covariate_adjusted","ranked_GSEA","GO","Biological Process","GO:1900153","positive regulation of nuclear-transcribed mRNA catabolic process, deadenylation-dependent decay",NA,NA,0.0105723858377251,0.0443679099302989,0.0307827663818728,NA,NA,0.648416253653507,1.78854517056463,12,FALSE,"association-level pathway result; not causal or cell-intrinsic evidence","raw_cel_rma_tier_specific_enrichment"
"adjacent_vs_healthy_u1","adjacent_vs_healthy_u1","ranked","full_rank_covariate_adjusted","ranked_GSEA","GO","Biological Process","GO:1904181","positive regulation of membrane depolarization",NA,NA,0.0105733588945689,0.0443679099302989,0.0307827663818728,NA,NA,0.677438560146977,1.75504442568769,10,FALSE,"association-level pathway result; not causal or cell-intrinsic evidence","raw_cel_rma_tier_specific_enrichment"
"adjacent_vs_healthy_u1","adjacent_vs_healthy_u1","ranked","full_rank_covariate_adjusted","ranked_GSEA","GO","Biological Process","GO:2000179","positive regulation of neural precursor cell proliferation",NA,NA,0.0105619752370898,0.0443679099302989,0.0307827663818728,NA,NA,0.397748367255871,1.57552093650937,53,FALSE,"association-level pathway result; not causal or cell-intrinsic evidence","raw_cel_rma_tier_specific_enrichment"
"adjacent_vs_healthy_u1","adjacent_vs_healthy_u1","ranked","full_rank_covariate_adjusted","ranked_GSEA","GO","Biological Process","GO:0071230","cellular response to amino acid stimulus",NA,NA,0.0105591625607236,0.0443679099302989,0.0307827663818728,NA,NA,0.340429363730811,1.45404221313805,83,FALSE,"association-level pathway result; not causal or cell-intrinsic evidence","raw_cel_rma_tier_specific_enrichment"
"adjacent_vs_healthy_u1","adjacent_vs_healthy_u1","ranked","full_rank_covariate_adjusted","ranked_GSEA","GO","Biological Process","GO:0062125","regulation of mitochondrial gene expression",NA,NA,0.0106250490266808,0.0444941924349009,0.0308703820672496,NA,NA,-0.475143489777651,-1.60859365091827,34,FALSE,"association-level pathway result; not causal or cell-intrinsic evidence","raw_cel_rma_tier_specific_enrichment"
"adjacent_vs_healthy_u1","adjacent_vs_healthy_u1","ranked","full_rank_covariate_adjusted","ranked_GSEA","GO","Biological Process","GO:0009743","response to carbohydrate",NA,NA,0.0106229282369897,0.0444941924349009,0.0308703820672496,NA,NA,0.266396512804432,1.32424685861014,222,FALSE,"association-level pathway result; not causal or cell-intrinsic evidence","raw_cel_rma_tier_specific_enrichment"
"adjacent_vs_healthy_u1","adjacent_vs_healthy_u1","ranked","full_rank_covariate_adjusted","ranked_GSEA","GO","Biological Process","GO:0051056","regulation of small GTPase mediated signal transduction",NA,NA,0.0106238608953429,0.0444941924349009,0.0308703820672496,NA,NA,0.252464898419236,1.29094968806229,293,FALSE,"association-level pathway result; not causal or cell-intrinsic evidence","raw_cel_rma_tier_specific_enrichment"
"adjacent_vs_healthy_u1","adjacent_vs_healthy_u1","ranked","full_rank_covariate_adjusted","ranked_GSEA","GO","Biological Process","GO:0010821","regulation of mitochondrion organization",NA,NA,0.0106908858600863,0.0447093136002663,0.0310196346371282,NA,NA,-0.343990778380187,-1.45179272982493,112,FALSE,"association-level pathway result; not causal or cell-intrinsic evidence","raw_cel_rma_tier_specific_enrichment"
"adjacent_vs_healthy_u1","adjacent_vs_healthy_u1","ranked","full_rank_covariate_adjusted","ranked_GSEA","GO","Biological Process","GO:0032409","regulation of transporter activity",NA,NA,0.0106853570134587,0.0447093136002663,0.0310196346371282,NA,NA,0.291477533092103,1.38548395404153,165,FALSE,"association-level pathway result; not causal or cell-intrinsic evidence","raw_cel_rma_tier_specific_enrichment"
"adjacent_vs_healthy_u1","adjacent_vs_healthy_u1","ranked","full_rank_covariate_adjusted","ranked_GSEA","GO","Biological Process","GO:0034728","nucleosome organization",NA,NA,0.0107095779818165,0.0447269604767621,0.0310318781635281,NA,NA,0.315837150975113,1.41739466254889,112,FALSE,"association-level pathway result; not causal or cell-intrinsic evidence","raw_cel_rma_tier_specific_enrichment"
"adjacent_vs_healthy_u1","adjacent_vs_healthy_u1","ranked","full_rank_covariate_adjusted","ranked_GSEA","GO","Biological Process","GO:0097191","extrinsic apoptotic signaling pathway",NA,NA,0.0107054652119898,0.0447269604767621,0.0310318781635281,NA,NA,0.273234838923864,1.36392125426345,226,FALSE,"association-level pathway result; not causal or cell-intrinsic evidence","raw_cel_rma_tier_specific_enrichment"
"adjacent_vs_healthy_u1","adjacent_vs_healthy_u1","ranked","full_rank_covariate_adjusted","ranked_GSEA","GO","Biological Process","GO:0015911","long-chain fatty acid import across plasma membrane",NA,NA,0.0107425290565761,0.0448040297562059,0.031085349368912,NA,NA,0.676486326085525,1.75257746679309,10,FALSE,"association-level pathway result; not causal or cell-intrinsic evidence","raw_cel_rma_tier_specific_enrichment"
"adjacent_vs_healthy_u1","adjacent_vs_healthy_u1","ranked","full_rank_covariate_adjusted","ranked_GSEA","GO","Biological Process","GO:0015780","nucleotide-sugar transmembrane transport",NA,NA,0.0107359771644906,0.0448040297562059,0.031085349368912,NA,NA,-0.625308236600217,-1.6633314880849,13,FALSE,"association-level pathway result; not causal or cell-intrinsic evidence","raw_cel_rma_tier_specific_enrichment"
"adjacent_vs_healthy_u1","adjacent_vs_healthy_u1","ranked","full_rank_covariate_adjusted","ranked_GSEA","GO","Biological Process","GO:0042407","cristae formation",NA,NA,0.0107670899840077,0.0448761855638244,0.0311354115731606,NA,NA,-0.554613340971024,-1.63956586496722,20,FALSE,"association-level pathway result; not causal or cell-intrinsic evidence","raw_cel_rma_tier_specific_enrichment"
"adjacent_vs_healthy_u1","adjacent_vs_healthy_u1","ranked","full_rank_covariate_adjusted","ranked_GSEA","GO","Biological Process","GO:1905809","negative regulation of synapse organization",NA,NA,0.0108023742861739,0.0449929079938281,0.0312163944118829,NA,NA,0.622522180963987,1.74668546118112,14,FALSE,"association-level pathway result; not causal or cell-intrinsic evidence","raw_cel_rma_tier_specific_enrichment"
"adjacent_vs_healthy_u1","adjacent_vs_healthy_u1","ranked","full_rank_covariate_adjusted","ranked_GSEA","GO","Biological Process","GO:0071692","protein localization to extracellular region",NA,NA,0.0108744131151691,0.0452624562052929,0.0314034088472081,NA,NA,0.246614928741032,1.29394953115208,356,FALSE,"association-level pathway result; not causal or cell-intrinsic evidence","raw_cel_rma_tier_specific_enrichment"
"adjacent_vs_healthy_u1","adjacent_vs_healthy_u1","ranked","full_rank_covariate_adjusted","ranked_GSEA","GO","Biological Process","GO:1990845","adaptive thermogenesis",NA,NA,0.0109091321000448,0.0453764101684904,0.0314824709042873,NA,NA,0.290694261175515,1.38176081743964,165,FALSE,"association-level pathway result; not causal or cell-intrinsic evidence","raw_cel_rma_tier_specific_enrichment"
"adjacent_vs_healthy_u1","adjacent_vs_healthy_u1","ranked","full_rank_covariate_adjusted","ranked_GSEA","GO","Biological Process","GO:0035137","hindlimb morphogenesis",NA,NA,0.0109465574547829,0.0455014604088858,0.0315692316361346,NA,NA,0.456491227944437,1.65251324828661,35,FALSE,"association-level pathway result; not causal or cell-intrinsic evidence","raw_cel_rma_tier_specific_enrichment"
"adjacent_vs_healthy_u1","adjacent_vs_healthy_u1","ranked","full_rank_covariate_adjusted","ranked_GSEA","GO","Biological Process","GO:0032967","positive regulation of collagen biosynthetic process",NA,NA,0.0109628055874537,0.045538374553798,0.0315948429281879,NA,NA,0.491564899425506,1.63639637375414,25,FALSE,"association-level pathway result; not causal or cell-intrinsic evidence","raw_cel_rma_tier_specific_enrichment"
"adjacent_vs_healthy_u1","adjacent_vs_healthy_u1","ranked","full_rank_covariate_adjusted","ranked_GSEA","GO","Biological Process","GO:0034311","diol metabolic process",NA,NA,0.0109833980663664,0.0455626734551752,0.0316117016759992,NA,NA,-0.484189605723567,-1.58645650132235,31,FALSE,"association-level pathway result; not causal or cell-intrinsic evidence","raw_cel_rma_tier_specific_enrichment"
"adjacent_vs_healthy_u1","adjacent_vs_healthy_u1","ranked","full_rank_covariate_adjusted","ranked_GSEA","GO","Biological Process","GO:1901880","negative regulation of protein depolymerization",NA,NA,0.0109773338138293,0.0455626734551752,0.0316117016759992,NA,NA,0.35976134938296,1.51117789809463,73,FALSE,"association-level pathway result; not causal or cell-intrinsic evidence","raw_cel_rma_tier_specific_enrichment"
"adjacent_vs_healthy_u1","adjacent_vs_healthy_u1","ranked","full_rank_covariate_adjusted","ranked_GSEA","GO","Biological Process","GO:0170040","proteinogenic amino acid catabolic process",NA,NA,0.0110040825164239,0.0455940646333743,0.031633481095099,NA,NA,-0.391706900969445,-1.56018678292383,73,FALSE,"association-level pathway result; not causal or cell-intrinsic evidence","raw_cel_rma_tier_specific_enrichment"
"adjacent_vs_healthy_u1","adjacent_vs_healthy_u1","ranked","full_rank_covariate_adjusted","ranked_GSEA","GO","Biological Process","GO:0002274","myeloid leukocyte activation",NA,NA,0.0110057182386336,0.0455940646333743,0.031633481095099,NA,NA,0.261158659798861,1.31339801524031,235,FALSE,"association-level pathway result; not causal or cell-intrinsic evidence","raw_cel_rma_tier_specific_enrichment"
"adjacent_vs_healthy_u1","adjacent_vs_healthy_u1","ranked","full_rank_covariate_adjusted","ranked_GSEA","GO","Biological Process","GO:0042953","lipoprotein transport",NA,NA,0.0111405109810374,0.0460822221197883,0.0319721681751407,NA,NA,-0.554052419484321,-1.63790765075817,20,FALSE,"association-level pathway result; not causal or cell-intrinsic evidence","raw_cel_rma_tier_specific_enrichment"
"adjacent_vs_healthy_u1","adjacent_vs_healthy_u1","ranked","full_rank_covariate_adjusted","ranked_GSEA","GO","Biological Process","GO:0090316","positive regulation of intracellular protein transport",NA,NA,0.0111450548777138,0.0460822221197883,0.0319721681751407,NA,NA,0.3347494010255,1.46638259714966,92,FALSE,"association-level pathway result; not causal or cell-intrinsic evidence","raw_cel_rma_tier_specific_enrichment"
"adjacent_vs_healthy_u1","adjacent_vs_healthy_u1","ranked","full_rank_covariate_adjusted","ranked_GSEA","GO","Biological Process","GO:0007548","sex differentiation",NA,NA,0.0111459184709729,0.0460822221197883,0.0319721681751407,NA,NA,0.257837458384687,1.31661002104113,280,FALSE,"association-level pathway result; not causal or cell-intrinsic evidence","raw_cel_rma_tier_specific_enrichment"
"adjacent_vs_healthy_u1","adjacent_vs_healthy_u1","ranked","full_rank_covariate_adjusted","ranked_GSEA","GO","Biological Process","GO:0010712","regulation of collagen metabolic process",NA,NA,0.0111842764074023,0.0462099013864662,0.0320607529438199,NA,NA,0.435428165111074,1.61163513757801,39,FALSE,"association-level pathway result; not causal or cell-intrinsic evidence","raw_cel_rma_tier_specific_enrichment"
"adjacent_vs_healthy_u1","adjacent_vs_healthy_u1","ranked","full_rank_covariate_adjusted","ranked_GSEA","GO","Biological Process","GO:0002468","dendritic cell antigen processing and presentation",NA,NA,0.0112007411964301,0.0462314894668514,0.0320757309050575,NA,NA,0.575070106694353,1.66404384415457,15,FALSE,"association-level pathway result; not causal or cell-intrinsic evidence","raw_cel_rma_tier_specific_enrichment"
"adjacent_vs_healthy_u1","adjacent_vs_healthy_u1","ranked","full_rank_covariate_adjusted","ranked_GSEA","GO","Biological Process","GO:0034113","heterotypic cell-cell adhesion",NA,NA,0.0112044606408904,0.0462314894668514,0.0320757309050575,NA,NA,0.377074576660625,1.56640427541876,62,FALSE,"association-level pathway result; not causal or cell-intrinsic evidence","raw_cel_rma_tier_specific_enrichment"
"adjacent_vs_healthy_u1","adjacent_vs_healthy_u1","ranked","full_rank_covariate_adjusted","ranked_GSEA","GO","Biological Process","GO:0003044","regulation of systemic arterial blood pressure mediated by a chemical signal",NA,NA,0.0112752527256994,0.0464925531004321,0.0322568586808744,NA,NA,0.412814022371472,1.55547377564221,44,FALSE,"association-level pathway result; not causal or cell-intrinsic evidence","raw_cel_rma_tier_specific_enrichment"
"adjacent_vs_healthy_u1","adjacent_vs_healthy_u1","ranked","full_rank_covariate_adjusted","ranked_GSEA","GO","Biological Process","GO:0048246","macrophage chemotaxis",NA,NA,0.0113272978448371,0.0466498249187701,0.0323659749689744,NA,NA,0.445160680760518,1.65939487523797,40,FALSE,"association-level pathway result; not causal or cell-intrinsic evidence","raw_cel_rma_tier_specific_enrichment"
"adjacent_vs_healthy_u1","adjacent_vs_healthy_u1","ranked","full_rank_covariate_adjusted","ranked_GSEA","GO","Biological Process","GO:0051496","positive regulation of stress fiber assembly",NA,NA,0.0113360357592611,0.0466498249187701,0.0323659749689744,NA,NA,0.39064935205708,1.53350501983955,50,FALSE,"association-level pathway result; not causal or cell-intrinsic evidence","raw_cel_rma_tier_specific_enrichment"
"adjacent_vs_healthy_u1","adjacent_vs_healthy_u1","ranked","full_rank_covariate_adjusted","ranked_GSEA","GO","Biological Process","GO:0051258","protein polymerization",NA,NA,0.0113290605807199,0.0466498249187701,0.0323659749689744,NA,NA,0.25578631446289,1.30351242603301,271,FALSE,"association-level pathway result; not causal or cell-intrinsic evidence","raw_cel_rma_tier_specific_enrichment"
"adjacent_vs_healthy_u1","adjacent_vs_healthy_u1","ranked","full_rank_covariate_adjusted","ranked_GSEA","GO","Biological Process","GO:2001028","positive regulation of endothelial cell chemotaxis",NA,NA,0.0113771272047464,0.0466945705528136,0.0323970198029892,NA,NA,0.574774062718818,1.66318720050477,15,FALSE,"association-level pathway result; not causal or cell-intrinsic evidence","raw_cel_rma_tier_specific_enrichment"
"adjacent_vs_healthy_u1","adjacent_vs_healthy_u1","ranked","full_rank_covariate_adjusted","ranked_GSEA","GO","Biological Process","GO:0006570","tyrosine metabolic process",NA,NA,0.0113686443117071,0.0466945705528136,0.0323970198029892,NA,NA,-0.564503621935188,-1.6091308375346,17,FALSE,"association-level pathway result; not causal or cell-intrinsic evidence","raw_cel_rma_tier_specific_enrichment"
"adjacent_vs_healthy_u1","adjacent_vs_healthy_u1","ranked","full_rank_covariate_adjusted","ranked_GSEA","GO","Biological Process","GO:0008608","attachment of spindle microtubules to kinetochore",NA,NA,0.011365621236952,0.0466945705528136,0.0323970198029892,NA,NA,-0.421029758459946,-1.56667635802033,53,FALSE,"association-level pathway result; not causal or cell-intrinsic evidence","raw_cel_rma_tier_specific_enrichment"
"adjacent_vs_healthy_u1","adjacent_vs_healthy_u1","ranked","full_rank_covariate_adjusted","ranked_GSEA","GO","Biological Process","GO:0070227","lymphocyte apoptotic process",NA,NA,0.0113754043021947,0.0466945705528136,0.0323970198029892,NA,NA,-0.364858148317932,-1.4745333926968,81,FALSE,"association-level pathway result; not causal or cell-intrinsic evidence","raw_cel_rma_tier_specific_enrichment"
"adjacent_vs_healthy_u1","adjacent_vs_healthy_u1","ranked","full_rank_covariate_adjusted","ranked_GSEA","GO","Biological Process","GO:0042659","regulation of cell fate specification",NA,NA,0.0114026419451233,0.0467682348127453,0.0324481285820084,NA,NA,0.500745153782266,1.65803125127778,24,FALSE,"association-level pathway result; not causal or cell-intrinsic evidence","raw_cel_rma_tier_specific_enrichment"
"adjacent_vs_healthy_u1","adjacent_vs_healthy_u1","ranked","full_rank_covariate_adjusted","ranked_GSEA","GO","Biological Process","GO:0003215","cardiac right ventricle morphogenesis",NA,NA,0.011416067500586,0.0467922501466326,0.0324647905887109,NA,NA,0.556460786350343,1.70291055470346,19,FALSE,"association-level pathway result; not causal or cell-intrinsic evidence","raw_cel_rma_tier_specific_enrichment"
"adjacent_vs_healthy_u1","adjacent_vs_healthy_u1","ranked","full_rank_covariate_adjusted","ranked_GSEA","GO","Biological Process","GO:2000774","positive regulation of cellular senescence",NA,NA,0.0114466696895524,0.0468865906899425,0.0325302447178239,NA,NA,-0.624899765672912,-1.63011240896379,12,FALSE,"association-level pathway result; not causal or cell-intrinsic evidence","raw_cel_rma_tier_specific_enrichment"
"adjacent_vs_healthy_u1","adjacent_vs_healthy_u1","ranked","full_rank_covariate_adjusted","ranked_GSEA","GO","Biological Process","GO:0016137","glycoside metabolic process",NA,NA,0.0114564582376594,0.0468956081900481,0.0325365011224986,NA,NA,-0.564006566224798,-1.65346111537079,19,FALSE,"association-level pathway result; not causal or cell-intrinsic evidence","raw_cel_rma_tier_specific_enrichment"
"adjacent_vs_healthy_u1","adjacent_vs_healthy_u1","ranked","full_rank_covariate_adjusted","ranked_GSEA","GO","Biological Process","GO:0000272","polysaccharide catabolic process",NA,NA,0.0114956669563819,0.0469938607522463,0.0326046694376913,NA,NA,-0.478841469355859,-1.5359810924365,28,FALSE,"association-level pathway result; not causal or cell-intrinsic evidence","raw_cel_rma_tier_specific_enrichment"
"adjacent_vs_healthy_u1","adjacent_vs_healthy_u1","ranked","full_rank_covariate_adjusted","ranked_GSEA","GO","Biological Process","GO:0072078","nephron tubule morphogenesis",NA,NA,0.0114923512053479,0.0469938607522463,0.0326046694376913,NA,NA,0.356056331885786,1.49919504402572,76,FALSE,"association-level pathway result; not causal or cell-intrinsic evidence","raw_cel_rma_tier_specific_enrichment"
"adjacent_vs_healthy_u1","adjacent_vs_healthy_u1","ranked","full_rank_covariate_adjusted","ranked_GSEA","GO","Biological Process","GO:1904896","ESCRT complex disassembly",NA,NA,0.0115892438671803,0.0472825850449117,0.0328049883723414,NA,NA,-0.662896437265139,-1.6368235144369,10,FALSE,"association-level pathway result; not causal or cell-intrinsic evidence","raw_cel_rma_tier_specific_enrichment"
"adjacent_vs_healthy_u1","adjacent_vs_healthy_u1","ranked","full_rank_covariate_adjusted","ranked_GSEA","GO","Biological Process","GO:1904903","ESCRT III complex disassembly",NA,NA,0.0115892438671803,0.0472825850449117,0.0328049883723414,NA,NA,-0.662896437265139,-1.6368235144369,10,FALSE,"association-level pathway result; not causal or cell-intrinsic evidence","raw_cel_rma_tier_specific_enrichment"
"adjacent_vs_healthy_u1","adjacent_vs_healthy_u1","ranked","full_rank_covariate_adjusted","ranked_GSEA","GO","Biological Process","GO:0032886","regulation of microtubule-based process",NA,NA,0.0115815599152972,0.0472825850449117,0.0328049883723414,NA,NA,0.256388652765826,1.30068792721253,253,FALSE,"association-level pathway result; not causal or cell-intrinsic evidence","raw_cel_rma_tier_specific_enrichment"
"adjacent_vs_healthy_u1","adjacent_vs_healthy_u1","ranked","full_rank_covariate_adjusted","ranked_GSEA","GO","Biological Process","GO:0060561","apoptotic process involved in morphogenesis",NA,NA,0.0116135449260283,0.0473504757175334,0.0328520913960833,NA,NA,0.489976016128967,1.63562924549544,26,FALSE,"association-level pathway result; not causal or cell-intrinsic evidence","raw_cel_rma_tier_specific_enrichment"
"adjacent_vs_healthy_u1","adjacent_vs_healthy_u1","ranked","full_rank_covariate_adjusted","ranked_GSEA","GO","Biological Process","GO:0032412","regulation of monoatomic ion transmembrane transporter activity",NA,NA,0.0116240686976728,0.0473621414768067,0.0328601851815003,NA,NA,0.298792925055422,1.40331010212684,147,FALSE,"association-level pathway result; not causal or cell-intrinsic evidence","raw_cel_rma_tier_specific_enrichment"
"adjacent_vs_healthy_u1","adjacent_vs_healthy_u1","ranked","full_rank_covariate_adjusted","ranked_GSEA","GO","Biological Process","GO:0016482","cytosolic transport",NA,NA,0.011641370264921,0.0474013897282456,0.0328874158929951,NA,NA,-0.328723549301938,-1.42301900668646,131,FALSE,"association-level pathway result; not causal or cell-intrinsic evidence","raw_cel_rma_tier_specific_enrichment"
"adjacent_vs_healthy_u1","adjacent_vs_healthy_u1","ranked","full_rank_covariate_adjusted","ranked_GSEA","GO","Biological Process","GO:0019372","lipoxygenase pathway",NA,NA,0.0117289182511627,0.0477264277224729,0.0331129295279004,NA,NA,-0.664064753092769,-1.69265814420312,11,FALSE,"association-level pathway result; not causal or cell-intrinsic evidence","raw_cel_rma_tier_specific_enrichment"
"adjacent_vs_healthy_u1","adjacent_vs_healthy_u1","ranked","full_rank_covariate_adjusted","ranked_GSEA","GO","Biological Process","GO:0002363","alpha-beta T cell lineage commitment",NA,NA,0.0117682341072879,0.0478549046165436,0.0332020676960462,NA,NA,0.444413376272419,1.58360790979044,34,FALSE,"association-level pathway result; not causal or cell-intrinsic evidence","raw_cel_rma_tier_specific_enrichment"
"adjacent_vs_healthy_u1","adjacent_vs_healthy_u1","ranked","full_rank_covariate_adjusted","ranked_GSEA","GO","Biological Process","GO:0072189","ureter development",NA,NA,0.0117964316471817,0.0479380302506445,0.0332597408426716,NA,NA,0.566319873396082,1.71557177593023,18,FALSE,"association-level pathway result; not causal or cell-intrinsic evidence","raw_cel_rma_tier_specific_enrichment"
"adjacent_vs_healthy_u1","adjacent_vs_healthy_u1","ranked","full_rank_covariate_adjusted","ranked_GSEA","GO","Biological Process","GO:0032964","collagen biosynthetic process",NA,NA,0.0118329855858249,0.0480549828554426,0.0333408833782769,NA,NA,0.414371567179068,1.57473833981135,46,FALSE,"association-level pathway result; not causal or cell-intrinsic evidence","raw_cel_rma_tier_specific_enrichment"
"adjacent_vs_healthy_u1","adjacent_vs_healthy_u1","ranked","full_rank_covariate_adjusted","ranked_GSEA","GO","Biological Process","GO:0043502","regulation of muscle adaptation",NA,NA,0.0118562436698618,0.0481178214861563,0.0333844812599904,NA,NA,0.354602960219122,1.50160297254372,78,FALSE,"association-level pathway result; not causal or cell-intrinsic evidence","raw_cel_rma_tier_specific_enrichment"
"adjacent_vs_healthy_u1","adjacent_vs_healthy_u1","ranked","full_rank_covariate_adjusted","ranked_GSEA","GO","Biological Process","GO:1902229","regulation of intrinsic apoptotic signaling pathway in response to DNA damage",NA,NA,0.0118761627761143,0.0481670355112615,0.0334186262949922,NA,NA,0.452085122221535,1.64070970602702,36,FALSE,"association-level pathway result; not causal or cell-intrinsic evidence","raw_cel_rma_tier_specific_enrichment"
"adjacent_vs_healthy_u1","adjacent_vs_healthy_u1","ranked","full_rank_covariate_adjusted","ranked_GSEA","GO","Biological Process","GO:0010866","regulation of triglyceride biosynthetic process",NA,NA,0.0118840289118885,0.0481673329209069,0.0334188326398853,NA,NA,0.545672607726206,1.68703955639834,20,FALSE,"association-level pathway result; not causal or cell-intrinsic evidence","raw_cel_rma_tier_specific_enrichment"
"adjacent_vs_healthy_u1","adjacent_vs_healthy_u1","ranked","full_rank_covariate_adjusted","ranked_GSEA","GO","Biological Process","GO:0050772","positive regulation of axonogenesis",NA,NA,0.0119959743679988,0.0485891989309309,0.0337115262297214,NA,NA,0.353183068579602,1.49415499872011,72,FALSE,"association-level pathway result; not causal or cell-intrinsic evidence","raw_cel_rma_tier_specific_enrichment"
"adjacent_vs_healthy_u1","adjacent_vs_healthy_u1","ranked","full_rank_covariate_adjusted","ranked_GSEA","GO","Biological Process","GO:2000345","regulation of hepatocyte proliferation",NA,NA,0.0120780108209695,0.0488124144835202,0.0338663947420978,NA,NA,0.572123470669162,1.70847511779322,17,FALSE,"association-level pathway result; not causal or cell-intrinsic evidence","raw_cel_rma_tier_specific_enrichment"
"adjacent_vs_healthy_u1","adjacent_vs_healthy_u1","ranked","full_rank_covariate_adjusted","ranked_GSEA","GO","Biological Process","GO:0060099","regulation of phagocytosis, engulfment",NA,NA,0.0120826717618162,0.0488124144835202,0.0338663947420978,NA,NA,0.573748316960173,1.66021906514967,15,FALSE,"association-level pathway result; not causal or cell-intrinsic evidence","raw_cel_rma_tier_specific_enrichment"
"adjacent_vs_healthy_u1","adjacent_vs_healthy_u1","ranked","full_rank_covariate_adjusted","ranked_GSEA","GO","Biological Process","GO:1905153","regulation of membrane invagination",NA,NA,0.0120826717618162,0.0488124144835202,0.0338663947420978,NA,NA,0.573748316960173,1.66021906514967,15,FALSE,"association-level pathway result; not causal or cell-intrinsic evidence","raw_cel_rma_tier_specific_enrichment"
"adjacent_vs_healthy_u1","adjacent_vs_healthy_u1","ranked","full_rank_covariate_adjusted","ranked_GSEA","GO","Biological Process","GO:0032878","regulation of establishment or maintenance of cell polarity",NA,NA,0.0120682737599734,0.0488124144835202,0.0338663947420978,NA,NA,0.488473388936532,1.62610488109571,25,FALSE,"association-level pathway result; not causal or cell-intrinsic evidence","raw_cel_rma_tier_specific_enrichment"
"adjacent_vs_healthy_u1","adjacent_vs_healthy_u1","ranked","full_rank_covariate_adjusted","ranked_GSEA","GO","Biological Process","GO:0006487","protein N-linked glycosylation",NA,NA,0.0120955311749096,0.0488324481986391,0.0338802942738368,NA,NA,-0.382761735685961,-1.49214280346217,68,FALSE,"association-level pathway result; not causal or cell-intrinsic evidence","raw_cel_rma_tier_specific_enrichment"
"adjacent_vs_healthy_u1","adjacent_vs_healthy_u1","ranked","full_rank_covariate_adjusted","ranked_GSEA","GO","Biological Process","GO:0045646","regulation of erythrocyte differentiation",NA,NA,0.0121822494456018,0.0491504463598334,0.0341009236233213,NA,NA,0.422191643040334,1.57874707960875,41,FALSE,"association-level pathway result; not causal or cell-intrinsic evidence","raw_cel_rma_tier_specific_enrichment"
"adjacent_vs_healthy_u1","adjacent_vs_healthy_u1","ranked","full_rank_covariate_adjusted","ranked_GSEA","GO","Biological Process","GO:2000319","regulation of T-helper 17 cell differentiation",NA,NA,0.0121921614279056,0.0491583495015556,0.0341064068783518,NA,NA,0.474128913809429,1.60136329869095,27,FALSE,"association-level pathway result; not causal or cell-intrinsic evidence","raw_cel_rma_tier_specific_enrichment"
"adjacent_vs_healthy_u1","adjacent_vs_healthy_u1","ranked","full_rank_covariate_adjusted","ranked_GSEA","GO","Biological Process","GO:0000245","spliceosomal complex assembly",NA,NA,0.0122010288080752,0.0491620332872965,0.0341089627146767,NA,NA,0.353894352997637,1.48794544719438,71,FALSE,"association-level pathway result; not causal or cell-intrinsic evidence","raw_cel_rma_tier_specific_enrichment"
"adjacent_vs_healthy_u1","adjacent_vs_healthy_u1","ranked","full_rank_covariate_adjusted","ranked_GSEA","GO","Biological Process","GO:0051341","regulation of oxidoreductase activity",NA,NA,0.0122493694092487,0.0492973658486139,0.034202857392732,NA,NA,-0.403935916190309,-1.51991625783215,56,FALSE,"association-level pathway result; not causal or cell-intrinsic evidence","raw_cel_rma_tier_specific_enrichment"
"adjacent_vs_healthy_u1","adjacent_vs_healthy_u1","ranked","full_rank_covariate_adjusted","ranked_GSEA","GO","Biological Process","GO:0006959","humoral immune response",NA,NA,0.0122505668894145,0.0492973658486139,0.034202857392732,NA,NA,0.261724960959052,1.33073999876955,268,FALSE,"association-level pathway result; not causal or cell-intrinsic evidence","raw_cel_rma_tier_specific_enrichment"
"adjacent_vs_healthy_u1","adjacent_vs_healthy_u1","ranked","full_rank_covariate_adjusted","ranked_GSEA","GO","Biological Process","GO:0090330","regulation of platelet aggregation",NA,NA,0.0122829219348131,0.0493954069480025,0.0342708789935477,NA,NA,0.45523874817554,1.58308889866161,30,FALSE,"association-level pathway result; not causal or cell-intrinsic evidence","raw_cel_rma_tier_specific_enrichment"
"adjacent_vs_healthy_u1","adjacent_vs_healthy_u1","ranked","full_rank_covariate_adjusted","ranked_GSEA","GO","Biological Process","GO:0072538","T-helper 17 type immune response",NA,NA,0.0124060744362942,0.0498258259199053,0.034569506688186,NA,NA,0.399519783407634,1.58343685882406,52,FALSE,"association-level pathway result; not causal or cell-intrinsic evidence","raw_cel_rma_tier_specific_enrichment"
"adjacent_vs_healthy_u1","adjacent_vs_healthy_u1","ranked","full_rank_covariate_adjusted","ranked_GSEA","GO","Biological Process","GO:0140353","lipid export from cell",NA,NA,0.0124060744362942,0.0498258259199053,0.034569506688186,NA,NA,0.399484682732973,1.58329774255414,52,FALSE,"association-level pathway result; not causal or cell-intrinsic evidence","raw_cel_rma_tier_specific_enrichment"
"adjacent_vs_healthy_u1","adjacent_vs_healthy_u1","ranked","full_rank_covariate_adjusted","ranked_GSEA","GO","Biological Process","GO:0031649","heat generation",NA,NA,0.0124358713575687,0.0498806754452512,0.0346075616726902,NA,NA,0.570301088968037,1.70303312152649,17,FALSE,"association-level pathway result; not causal or cell-intrinsic evidence","raw_cel_rma_tier_specific_enrichment"
"adjacent_vs_healthy_u1","adjacent_vs_healthy_u1","ranked","full_rank_covariate_adjusted","ranked_GSEA","GO","Biological Process","GO:0052372","modulation by symbiont of entry into host",NA,NA,0.0124358713575687,0.0498806754452512,0.0346075616726902,NA,NA,0.47863712141877,1.64206129947337,28,FALSE,"association-level pathway result; not causal or cell-intrinsic evidence","raw_cel_rma_tier_specific_enrichment"
"adjacent_vs_healthy_u1","adjacent_vs_healthy_u1","ranked","full_rank_covariate_adjusted","ranked_GSEA","GO","Biological Process","GO:0071493","cellular response to UV-B",NA,NA,0.0124633431786241,0.0499584462951202,0.0346615196325445,NA,NA,0.640307089509375,1.76617743026573,12,FALSE,"association-level pathway result; not causal or cell-intrinsic evidence","raw_cel_rma_tier_specific_enrichment"
"adjacent_vs_healthy_u1","adjacent_vs_healthy_u1","ranked","full_rank_covariate_adjusted","ranked_GSEA","GO","Biological Process","GO:0014009","glial cell proliferation",NA,NA,0.012472594942655,0.0499631298383347,0.0346647691076007,NA,NA,0.388772910391009,1.55975774923806,56,FALSE,"association-level pathway result; not causal or cell-intrinsic evidence","raw_cel_rma_tier_specific_enrichment"
